group,names,scores,logfoldchanges,pvals,pvals_adj,pct_nz_group,pct_nz_reference
Epidermis 1,gna14,21.214922,3.744957,6.954342102446559e-100,4.035283352498488e-96,0.9915730337078652,0.3801369863013699
Epidermis 1,pcdh1,21.007,4.110737,5.659964197781577e-98,1.1817600961810949e-94,0.9747191011235955,0.2568493150684932
Epidermis 1,muc4,20.815948,3.5264912,3.103427521820744e-96,5.669768118146386e-93,0.9803370786516854,0.4623287671232877
Epidermis 1,arhgef25,20.72464,4.4868455,2.0767331876683214e-95,3.570881635807806e-92,0.9606741573033708,0.22602739726027396
Epidermis 1,tjp3,20.490149,5.0418243,2.635850141041295e-93,3.852426773638905e-90,0.9466292134831461,0.13013698630136986
Epidermis 1,mgat4g,20.272106,4.0819726,2.267431623875862e-91,2.5492036075967433e-88,0.9550561797752809,0.22602739726027396
Epidermis 1,LOC100485898,20.26578,4.1300144,2.578438033517733e-91,2.791493413250254e-88,0.9550561797752809,0.21575342465753425
Epidermis 1,b4galt3l2,20.244692,2.916537,3.9564571745851275e-91,3.9879724024240646e-88,0.9775280898876404,0.4520547945205479
Epidermis 1,golm1,20.11901,5.0645876,5.030038359142173e-90,4.743001654067254e-87,0.9325842696629213,0.11643835616438356
Epidermis 1,grhl3,20.071566,4.0753293,1.3081887840021915e-89,1.1246960689755311e-86,0.9466292134831461,0.2910958904109589
Epidermis 1,ikzf2,19.989115,5.7338753,6.850155665127757e-89,5.5621361179819296e-86,0.9213483146067416,0.08904109589041095
Epidermis 1,LOC100489670,19.938293,5.789143,1.894177341669721e-88,1.419710201906349e-85,0.9185393258426966,0.07876712328767123
Epidermis 1,tmem45b,19.931334,5.3218966,2.1767976095060228e-88,1.5907492730867636e-85,0.9241573033707865,0.0958904109589041
Epidermis 1,galnt6.3,19.815775,6.1439795,2.176278497981079e-87,1.5146380184401173e-84,0.9101123595505618,0.05821917808219178
Epidermis 1,msln,19.765589,4.2108293,5.890799544102116e-87,3.9134991244011126e-84,0.9353932584269663,0.3082191780821918
Epidermis 1,akap9,19.7542,2.0282588,7.381480841308481e-87,4.794845921606405e-84,0.9634831460674157,0.6917808219178082
Epidermis 1,osbpl2,19.645811,3.2801135,6.278467991671889e-86,3.904806337543851e-83,0.9382022471910112,0.3938356164383562
Epidermis 1,elovl7,19.624725,4.8676906,9.509108041350422e-86,5.672668105239065e-83,0.9157303370786517,0.1267123287671233
Epidermis 1,scel,19.576223,5.104777,2.466418615671668e-85,1.4136447559744807e-82,0.9101123595505618,0.1267123287671233
Epidermis 1,gfpt1,19.549232,2.4637566,4.187789336025084e-85,2.2669124089138748e-82,0.9719101123595506,0.589041095890411
Epidermis 1,casd1,19.465727,4.904974,2.1443479827374907e-84,1.0996743137438525e-81,0.9101123595505618,0.1267123287671233
Epidermis 1,flnb,19.446115,3.9765162,3.1436758359117984e-84,1.5843584199920307e-81,0.9241573033707865,0.2773972602739726
Epidermis 1,mfsd6,19.43051,3.8717315,4.261064827987713e-84,2.1111048472357433e-81,0.9353932584269663,0.2363013698630137
Epidermis 1,evpl,19.378424,3.104428,1.1738630966002786e-83,5.625113471593892e-81,0.9438202247191011,0.4349315068493151
Epidermis 1,pkp3,19.342575,3.178795,2.354166014215667e-83,1.0922956628815582e-80,0.9410112359550562,0.4178082191780822
Epidermis 1,anxa11,19.274675,3.572273,8.764979725672752e-83,4.003267536892816e-80,0.9382022471910112,0.2842465753424658
Epidermis 1,LOC100486856,19.264553,6.059247,1.065822896301601e-82,4.793087551044939e-80,0.8932584269662921,0.04794520547945205
Epidermis 1,lmo7,19.218582,2.788844,2.5874329552249196e-82,1.1122537163849943e-79,0.9606741573033708,0.4657534246575342
Epidermis 1,LOC101734097,19.140558,3.8676443,1.1601835609787317e-81,4.914974734923087e-79,0.9269662921348315,0.22602739726027396
Epidermis 1,fam3b,19.117363,4.0227933,1.8103155442253533e-81,7.453145587781873e-79,0.9241573033707865,0.18493150684931506
Epidermis 1,ppl,19.085732,2.8420823,3.317957776074851e-81,1.3285921061978626e-78,0.9382022471910112,0.4691780821917808
Epidermis 1,gnb3,19.071182,2.7311077,4.382873751552604e-81,1.7312943598869482e-78,0.952247191011236,0.5102739726027398
Epidermis 1,gng12,19.05115,3.2382276,6.427603422316011e-81,2.4921726766496505e-78,0.9297752808988764,0.363013698630137
Epidermis 1,abo.3,19.050728,4.0961556,6.479597804569582e-81,2.4921726766496505e-78,0.9269662921348315,0.1780821917808219
Epidermis 1,acly,19.035334,5.3461776,8.693766275824748e-81,3.3003569092030286e-78,0.8848314606741573,0.07876712328767123
Epidermis 1,rbbp8nl,19.033014,6.2082224,9.08731300781225e-81,3.4055288016841005e-78,0.8764044943820225,0.04452054794520548
Epidermis 1,upk3b,18.963848,4.400016,3.393865547575473e-80,1.240076047764733e-77,0.898876404494382,0.1643835616438356
Epidermis 1,LOC101732788,18.945501,5.3671646,4.8098906567198755e-80,1.7357767134145516e-77,0.8848314606741573,0.11986301369863013
Epidermis 1,b3galt2l.12,18.911972,5.405282,9.089275171879338e-80,3.2401049091366456e-77,0.8820224719101124,0.07191780821917808
Epidermis 1,baiap2l1,18.910286,3.270905,9.384756426806464e-80,3.305130302553973e-77,0.9353932584269663,0.3356164383561644
Epidermis 1,capn9,18.881607,6.2927337,1.6159511818959393e-79,5.623317737857167e-77,0.8707865168539326,0.05821917808219178
Epidermis 1,slc45a3,18.876966,3.5948856,1.7642985677107415e-79,6.067318992088551e-77,0.9157303370786517,0.3150684931506849
Epidermis 1,znf185,18.872961,1.9045789,1.9032988792937554e-79,6.469224365190205e-77,0.9578651685393258,0.6952054794520548
Epidermis 1,pih1d1,18.84112,3.9500976,3.4754070142219415e-79,1.1676968095715123e-76,0.9157303370786517,0.3664383561643836
Epidermis 1,elapor1,18.806114,4.683617,6.729368855882965e-79,2.23529751166267e-76,0.8876404494382022,0.13356164383561644
Epidermis 1,LOC101730864,18.770687,5.4916162,1.3117773758658308e-78,4.167887442818924e-76,0.8764044943820225,0.07876712328767123
Epidermis 1,rab27a,18.770687,5.2867074,1.3117773758658308e-78,4.167887442818924e-76,0.8764044943820225,0.08561643835616438
Epidermis 1,hexdl,18.769423,5.6578727,1.3433932071963088e-78,4.2224437461887425e-76,0.8707865168539326,0.07191780821917808
Epidermis 1,sytl5,18.743696,7.314064,2.1795191203148167e-78,6.777608872970469e-76,0.8595505617977528,0.023972602739726026
Epidermis 1,dsc3,18.742008,3.9507241,2.2497356541045656e-78,6.922318200540059e-76,0.898876404494382,0.2054794520547945
Epidermis 1,myo5c,18.68465,4.038243,6.600937447329815e-78,1.9891959022979156e-75,0.898876404494382,0.18493150684931506
Epidermis 1,otogl2,18.645006,3.1871886,1.3863728084538642e-77,4.135210567746419e-75,0.9382022471910112,0.5308219178082192
Epidermis 1,cers2,18.62434,3.6353524,2.039878344639744e-77,5.962768389216435e-75,0.9073033707865169,0.2328767123287671
Epidermis 1,armh4,18.622232,6.326601,2.1218202334604055e-77,6.140883885572387e-75,0.8595505617977528,0.05136986301369863
Epidermis 1,lpcat4,18.602833,4.1199207,3.0477403579923813e-77,8.734166510242676e-75,0.8876404494382022,0.1815068493150685
Epidermis 1,elapor2,18.582167,3.3691704,4.48048223685995e-77,1.2715434588898367e-74,0.9157303370786517,0.3082191780821918
Epidermis 1,calcrl,18.504143,3.296581,1.9119521616707654e-76,5.373872465172898e-74,0.9157303370786517,0.3047945205479452
Epidermis 1,tm9sf2,18.492334,2.309957,2.3802453416799856e-76,6.626376341204539e-74,0.949438202247191,0.5513698630136986
Epidermis 1,slc22a4,18.463234,5.02071,4.08157411245469e-76,1.1255518196336135e-73,0.8651685393258427,0.11643835616438356
Epidermis 1,upk1a,18.429071,3.891558,7.678867824741913e-76,2.0405544125911897e-73,0.8904494382022472,0.2328767123287671
Epidermis 1,elovl3,18.419373,5.1281524,9.186304903670116e-76,2.3975435592784033e-73,0.8595505617977528,0.08561643835616438
Epidermis 1,dop1b,18.395544,5.5906873,1.4262397018603898e-75,3.6570537478141274e-73,0.8567415730337079,0.05821917808219178
Epidermis 1,LOC101733293,18.39491,4.8909626,1.4429834138479755e-75,3.6678128843643627e-73,0.8651685393258427,0.1267123287671233
Epidermis 1,LOC100497338,18.385843,4.68161,1.7056713192979728e-75,4.2981446839999177e-73,0.8679775280898876,0.1404109589041096
Epidermis 1,dmxl1,18.378674,3.714841,1.946711892071218e-75,4.8636184031738265e-73,0.8960674157303371,0.24315068493150685
Epidermis 1,gal3st4,18.35105,5.9499464,3.23799971858576e-75,7.95377897260339e-73,0.848314606741573,0.0547945205479452
Epidermis 1,clint1,18.314358,2.5312605,6.357330677497539e-75,1.548592775282755e-72,0.9382022471910112,0.4691780821917808
Epidermis 1,galnt7,18.20386,2.9346077,4.809669628194445e-74,1.1619128338987753e-71,0.9101123595505618,0.410958904109589
Epidermis 1,cldn4,18.18467,3.3881066,6.8265220610469286e-74,1.6223257428167703e-71,0.8904494382022472,0.2705479452054795
Epidermis 1,ankdd1b,18.142706,5.2676144,1.4663031031400757e-73,3.456573065152222e-71,0.848314606741573,0.08904109589041095
Epidermis 1,cyp4f22,18.094206,6.4763103,3.540140229316497e-73,8.278547123452042e-71,0.8342696629213483,0.03424657534246575
Epidermis 1,sgsm3,18.09041,4.8452473,3.792586488210633e-73,8.798499653721033e-71,0.8539325842696629,0.0958904109589041
Epidermis 1,gmds,18.068268,3.6764276,5.666507806258989e-73,1.2940444506621602e-70,0.8792134831460674,0.3253424657534247
Epidermis 1,gclc,18.06363,4.9627485,6.163470973834241e-73,1.3966234111329356e-70,0.851123595505618,0.11986301369863013
Epidermis 1,camk2g,18.043596,2.1348464,8.858793556921099e-73,1.9919338035566206e-70,0.9438202247191011,0.6541095890410958
Epidermis 1,degs3,18.024195,5.7577906,1.2582963806291575e-72,2.786459204709917e-70,0.8370786516853933,0.04794520547945205
Epidermis 1,krt7,17.958824,1.0607538,4.093861895301113e-72,8.997569703875703e-70,0.9831460674157303,0.9178082191780822
Epidermis 1,cast,17.955029,2.520382,4.383547537912568e-72,9.562349110501664e-70,0.9157303370786517,0.565068493150685
Epidermis 1,LOC100486361,17.922554,4.3399467,7.863336230886612e-72,1.702616158259604e-69,0.8595505617977528,0.13356164383561644
Epidermis 1,znf750,17.909903,4.2698674,9.87095119905577e-72,2.106115142332841e-69,0.8651685393258427,0.1404109589041096
Epidermis 1,macf1,17.893875,1.6411152,1.3162717887496646e-71,2.788111641807351e-69,0.9353932584269663,0.7602739726027398
Epidermis 1,fam3d,17.86857,5.822016,2.072365595704128e-71,4.358080484030746e-69,0.8342696629213483,0.0410958904109589
Epidermis 1,grk6,17.859924,2.488948,2.4196493693613077e-71,5.052055051128599e-69,0.9185393258426966,0.4828767123287671
Epidermis 1,map7,17.842422,3.6138256,3.3102943546843735e-71,6.862639310764463e-69,0.8651685393258427,0.2568493150684932
Epidermis 1,LOC100497570,17.824076,5.901705,4.596191729681199e-71,9.395194437084695e-69,0.8286516853932584,0.07191780821917808
Epidermis 1,XB5992703,17.797295,5.4075904,7.416513222157296e-71,1.5055006805338883e-68,0.8370786516853933,0.05821917808219178
Epidermis 1,fa2h,17.79582,6.2635255,7.614552399737168e-71,1.5350412496325323e-68,0.8230337078651685,0.03767123287671233
Epidermis 1,erbb3,17.735298,6.114151,2.239035253522525e-70,4.45232921739571e-68,0.8230337078651685,0.03424657534246575
Epidermis 1,ttc39a,17.733822,6.738078,2.29861330039407e-70,4.526395790534077e-68,0.8174157303370787,0.023972602739726026
Epidermis 1,upk2,17.733612,4.3711033,2.307252481234229e-70,4.526395790534077e-68,0.848314606741573,0.14726027397260275
Epidermis 1,eps8l2,17.719904,5.8341684,2.94409786058993e-70,5.73726163752695e-68,0.8230337078651685,0.05136986301369863
Epidermis 1,fucolectin-e,17.714634,4.640048,3.233291499140973e-70,6.259095616648331e-68,0.8398876404494382,0.15753424657534246
Epidermis 1,wdr7,17.701347,1.7316594,4.093896833403332e-70,7.872940680079789e-68,0.9578651685393258,0.6883561643835616
Epidermis 1,syt16,17.695232,7.2350955,4.5634162577839445e-70,8.718511152371404e-68,0.8117977528089888,0.02054794520547945
Epidermis 1,pdxdc1,17.688484,3.220562,5.144017095554446e-70,9.763945696113766e-68,0.8820224719101124,0.2979452054794521
Epidermis 1,XB5897453,17.642937,4.126448,1.1531078282612795e-69,2.1606727517888114e-67,0.8539325842696629,0.2328767123287671
Epidermis 1,tspan13,17.63176,6.51953,1.405243449851881e-69,2.6163484893388747e-67,0.8117977528089888,0.030821917808219176
Epidermis 1,nipal3,17.594856,4.097553,2.6973605077607843e-69,4.99028765837693e-67,0.8455056179775281,0.1643835616438356
Epidermis 1,rab25,17.587477,4.559933,3.0725979229822404e-69,5.648749049477602e-67,0.8398876404494382,0.10616438356164383
Epidermis 1,magi1,17.585579,2.004942,3.1772226769910636e-69,5.804587254445361e-67,0.9438202247191011,0.6472602739726028
Epidermis 1,itprid1,17.572294,4.297763,4.016034543230532e-69,7.29147240578706e-67,0.8455056179775281,0.13356164383561644
Epidermis 1,arfgef2,17.531595,2.469302,8.223023559934728e-69,1.4837481585213089e-66,0.9241573033707865,0.4452054794520548
Epidermis 1,LOC100489839,17.522738,2.9070456,9.60873537172205e-69,1.7126399003098002e-66,0.8876404494382022,0.4417808219178082
Epidermis 1,cd9,17.517677,2.9324129,1.0502661917436528e-68,1.8606261242944675e-66,0.8820224719101124,0.386986301369863
Epidermis 1,cert1,17.509031,2.7936714,1.2225652219527223e-68,2.1528195182469895e-66,0.9129213483146067,0.3527397260273973
Epidermis 1,plcb4,17.480143,1.1755168,2.0299368224736094e-68,3.553118757947669e-66,0.9887640449438202,0.9075342465753424
Epidermis 1,epas1,17.43881,1.983333,4.186971195101144e-68,7.24197366887583e-66,0.9269662921348315,0.6198630136986302
Epidermis 1,XB5767169,17.435015,4.654058,4.474432594460555e-68,7.693655245216264e-66,0.8258426966292135,0.1506849315068493
Epidermis 1,atp2a3,17.393684,2.8200066,9.211874454938341e-68,1.5655366406529224e-65,0.8904494382022472,0.4726027397260274
Epidermis 1,angpt4.2,17.298368,4.477933,4.8389612332656624e-67,8.08272433197649e-65,0.8258426966292135,0.1404109589041096
Epidermis 1,smap1,17.227726,1.6462154,1.6449115783850944e-66,2.6861681758533348e-64,0.9410112359550562,0.708904109589041
Epidermis 1,krt8,17.226671,1.2738022,1.6751642522008776e-66,2.7203736808935476e-64,0.9775280898876404,0.8664383561643836
Epidermis 1,rbbp8,17.193354,2.7285492,2.977957206939862e-66,4.809318625196636e-64,0.8876404494382022,0.410958904109589
Epidermis 1,stard10,17.166363,5.1697083,4.742258465434539e-66,7.574915694159399e-64,0.8146067415730337,0.05821917808219178
Epidermis 1,upk1b,17.162144,4.519641,5.099524305973277e-66,8.10131494499483e-64,0.8146067415730337,0.11643835616438356
Epidermis 1,fam83e,17.158772,6.1795096,5.404551744891333e-66,8.539483894860462e-64,0.7949438202247191,0.0410958904109589
Epidermis 1,capn13,17.100147,1.1602082,1.4802824329602163e-65,2.326351386981725e-63,0.9719101123595506,0.8458904109589042
Epidermis 1,XB5856846,17.084543,4.658693,1.9345205269014237e-65,3.0239555894040383e-63,0.8117977528089888,0.1095890410958904
Epidermis 1,chsy1,17.055021,1.7097379,3.2075782725309237e-65,4.960884681711716e-63,0.949438202247191,0.7705479452054794
Epidermis 1,atp13al,17.035198,4.5398912,4.502087498136409e-65,6.890079563247402e-63,0.8258426966292135,0.20205479452054795
Epidermis 1,ezr,17.019173,5.535025,5.920140440143371e-65,9.013105479470358e-63,0.7921348314606742,0.0547945205479452
Epidermis 1,magi3,16.987753,2.327547,1.0119321840885285e-64,1.5247314264480295e-62,0.8792134831460674,0.5171232876712328
Epidermis 1,parm1,16.93651,4.6624103,2.4206583194693382e-64,3.5917900170765596e-62,0.8089887640449438,0.10273972602739725
Epidermis 1,anxa9,16.913736,4.450846,3.5638243714777255e-64,5.261320717306332e-62,0.8061797752808989,0.1095890410958904
Epidermis 1,gcc2,16.90256,2.1330073,4.307945347194109e-64,6.3279171077302016e-62,0.9073033707865169,0.5308219178082192
Epidermis 1,krt12.3,16.889063,1.2897431,5.415572039036798e-64,7.915129313654233e-62,0.9466292134831461,0.8116438356164384
Epidermis 1,atp10b,16.872404,1.6811495,7.181259113207408e-64,1.044355149941123e-61,0.9662921348314607,0.6952054794520548
Epidermis 1,vsig8,16.864813,4.662694,8.165996340798447e-64,1.1816843516726702e-61,0.8033707865168539,0.08904109589041095
Epidermis 1,eps8l1,16.831917,3.1886003,1.4241579464908795e-63,2.0307102894573124e-61,0.8623595505617978,0.2945205479452055
Epidermis 1,LOC733712,16.814625,4.52023,1.9069460807914935e-63,2.7059194605638906e-61,0.8033707865168539,0.13356164383561644
Epidermis 1,cpt1al,16.79143,3.3156447,2.8197217878135956e-63,3.981801332346822e-61,0.851123595505618,0.2328767123287671
Epidermis 1,capns2,16.789742,2.3971674,2.901023198108126e-63,4.076913899225896e-61,0.898876404494382,0.4349315068493151
Epidermis 1,strn,16.780464,2.4705238,3.391769761946715e-63,4.72118199578402e-61,0.8932584269662921,0.4315068493150685
Epidermis 1,LOC105947373,16.760641,5.2331595,4.734864671256696e-63,6.559470578459928e-61,0.7865168539325843,0.0684931506849315
Epidermis 1,LOC100493464,16.750942,4.416869,5.573717033439025e-63,7.685156726625289e-61,0.797752808988764,0.1267123287671233
Epidermis 1,rtbdn,16.749254,2.7347248,5.734034455001233e-63,7.869087378128688e-61,0.8932584269662921,0.3493150684931507
Epidermis 1,galnt4,16.74588,4.5510798,6.068583981397572e-63,8.289288708422076e-61,0.8033707865168539,0.08904109589041095
Epidermis 1,sytl2,16.737446,1.6048331,6.99251622682126e-63,9.506894968661036e-61,0.9382022471910112,0.7842465753424658
Epidermis 1,atp10d,16.730486,3.181869,7.85933587179226e-63,1.0635937355016645e-60,0.8623595505617978,0.25
Epidermis 1,LOC100494266,16.72374,7.858048,8.801977422029556e-63,1.1856709770661104e-60,0.7668539325842697,0.010273972602739725
Epidermis 1,b4galnt1,16.709188,4.4272876,1.1235402127383598e-62,1.4996440163723741e-60,0.8033707865168539,0.11986301369863013
Epidermis 1,dsg2,16.69991,1.0708665,1.3126239384281333e-62,1.7361678888775004e-60,0.9719101123595506,0.8835616438356164
Epidermis 1,slc18a1,16.579712,5.3559566,9.769546023492421e-62,1.2692159991675865e-59,0.7752808988764045,0.07534246575342465
Epidermis 1,golga4,16.578869,2.1413188,9.907628723135001e-62,1.2814597133007045e-59,0.898876404494382,0.5273972602739726
Epidermis 1,slc18a2,16.574652,5.965988,1.0627761678831246e-61,1.3685467032331107e-59,0.7696629213483146,0.0410958904109589
Epidermis 1,pc,16.55947,2.6981814,1.3679731529164186e-61,1.7538255803903436e-59,0.8707865168539326,0.4931506849315068
Epidermis 1,gch1,16.509281,4.8360305,3.1461166345909546e-61,3.963971351108974e-59,0.7865168539325843,0.11301369863013698
Epidermis 1,slc44a4,16.497894,3.9797366,3.7991712507999535e-61,4.76624784687268e-59,0.8174157303370787,0.136986301369863
Epidermis 1,b3gnt7,16.49747,4.1504245,3.825794569254508e-61,4.779136797174296e-59,0.8033707865168539,0.1232876712328767
Epidermis 1,crybg1,16.474909,1.392604,5.5572886898158346e-61,6.91255768902156e-59,0.9410112359550562,0.7705479452054794
Epidermis 1,rab27b,16.469215,5.633067,6.105796298230563e-61,7.56264964379566e-59,0.7696629213483146,0.05136986301369863
Epidermis 1,mast4,16.446018,2.8471968,8.956592868729333e-61,1.1000427148984333e-58,0.8539325842696629,0.3664383561643836
Epidermis 1,fcgbp,16.420713,4.895847,1.3595811472845243e-60,1.6559131881780806e-58,0.7837078651685393,0.1232876712328767
Epidermis 1,LOC394967,16.411858,4.3598514,1.5731910884715473e-60,1.9081306517473775e-58,0.797752808988764,0.1780821917808219
Epidermis 1,tbc1d30,16.387817,5.655282,2.3368556365796877e-60,2.8110546136979777e-58,0.7640449438202247,0.04452054794520548
Epidermis 1,camsap3,16.383179,3.7575164,2.52212851204727e-60,3.0214892842481046e-58,0.8174157303370787,0.15753424657534246
Epidermis 1,psd3,16.365465,1.6253159,3.3744131471432235e-60,4.0096532806562425e-58,0.9382022471910112,0.6746575342465754
Epidermis 1,kcnj2,16.35703,4.8197246,3.875750341082743e-60,4.586723004865978e-58,0.7780898876404494,0.0958904109589041
Epidermis 1,nedd4,16.324556,4.3085294,6.601990475769223e-60,7.750312594265468e-58,0.7921348314606742,0.1095890410958904
Epidermis 1,gcnt4,16.30389,5.009337,9.26062646006193e-60,1.0784755858727899e-57,0.7668539325842697,0.07534246575342465
Epidermis 1,LOC100496743,16.30178,3.090042,9.585757839218571e-60,1.1119098706277702e-57,0.8595505617977528,0.2534246575342466
Epidermis 1,man1a1,16.295033,1.8083264,1.0704564441230693e-59,1.2367791430103336e-57,0.9325842696629213,0.678082191780822
Epidermis 1,sptlc3,16.26551,1.9196632,1.7341473111308246e-59,1.9878768647711816e-57,0.9550561797752809,0.6095890410958904
Epidermis 1,KIAA1671,16.244635,1.1448188,2.437905123882462e-59,2.783687682664385e-57,0.9803370786516854,0.8253424657534246
Epidermis 1,LOC100493503,16.240627,4.92709,2.6024715688025006e-59,2.9600329349286344e-57,0.7724719101123596,0.07534246575342465
Epidermis 1,naaladl2,16.23641,5.546738,2.7876663895247245e-59,3.1583827996975664e-57,0.7612359550561798,0.0547945205479452
Epidermis 1,meis1,16.197609,2.1252367,5.242565980604405e-59,5.871473033679975e-57,0.9044943820224719,0.5308219178082192
Epidermis 1,atp13a2,16.191706,2.979667,5.7707010619544215e-59,6.438296287862202e-57,0.8426966292134831,0.2808219178082192
Epidermis 1,prkcz,16.184114,2.801758,6.528313343860395e-59,7.25586035567997e-57,0.848314606741573,0.3424657534246575
Epidermis 1,slc6a16,16.177366,3.4587328,7.284503930570353e-59,8.065656605852349e-57,0.8061797752808989,0.2534246575342466
Epidermis 1,rhoc,16.146156,3.3696668,1.2086179479899654e-58,1.3231876868050442e-56,0.8146067415730337,0.19863013698630136
Epidermis 1,golph3l,16.145313,4.1596966,1.225254025014515e-58,1.3363955375074362e-56,0.7837078651685393,0.11643835616438356
Epidermis 1,pank1,16.121695,4.296579,1.7961389026379538e-58,1.9517820172122688e-56,0.7865168539325843,0.09931506849315068
Epidermis 1,tmem63c,16.102083,5.5866766,2.4665520512200166e-58,2.660508598125915e-56,0.75,0.05136986301369863
Epidermis 1,lrba,16.087112,2.9775298,3.141539548322104e-58,3.376115534448655e-56,0.851123595505618,0.3287671232876712
Epidermis 1,adipor2,16.059698,3.3109097,4.889228752456204e-58,5.215950571644063e-56,0.8089887640449438,0.2089041095890411
Epidermis 1,map3k10,16.048944,5.000112,5.814508566282254e-58,6.1805054509453295e-56,0.7556179775280899,0.06506849315068493
Epidermis 1,XB990656,15.935283,6.023898,3.605642647299702e-57,3.7641621508292e-55,0.7387640449438202,0.03424657534246575
Epidermis 1,rabgap1l,15.864851,2.612306,1.1097994957160794e-56,1.1463091540380465e-54,0.8595505617977528,0.3321917808219178
Epidermis 1,grhl1,15.804331,1.822421,2.904588234702058e-56,2.968671982118037e-54,0.9353932584269663,0.6198630136986302
Epidermis 1,itsn2,15.802855,2.9836285,2.973418232129921e-56,3.017916261923254e-54,0.8342696629213483,0.2671232876712329
Epidermis 1,dnase1l3,15.8020115,5.7620125,3.013476578696997e-56,3.0479907914149456e-54,0.7359550561797753,0.05136986301369863
Epidermis 1,LOC595077,15.799691,5.5700736,3.1264302154265316e-56,3.151333849211481e-54,0.7387640449438202,0.04452054794520548
Epidermis 1,b3gnt3.2,15.792944,2.5583072,3.4795689802175935e-56,3.495233019269432e-54,0.8735955056179775,0.3458904109589041
Epidermis 1,slc35d2,15.6894045,4.232127,1.787239028815173e-55,1.7769654439216437e-53,0.7640449438202247,0.0958904109589041
Epidermis 1,abcg2,15.688139,3.6374898,1.8232161584581475e-55,1.8065908992505122e-53,0.7752808988764045,0.1952054794520548
Epidermis 1,ophn1,15.681813,7.112385,2.0142129369354983e-55,1.9891033229581604e-53,0.7219101123595506,0.02054794520547945
Epidermis 1,LOC100489305,15.620871,7.629448,5.24839214703639e-55,5.130961566890325e-53,0.7162921348314607,0.010273972602739725
Epidermis 1,syt8,15.586077,2.0620096,9.052516452047596e-55,8.791166392352268e-53,0.8960674157303371,0.4931506849315068
Epidermis 1,gbf1,15.528297,1.4159958,2.2322840041786362e-54,2.160658732653832e-52,0.9213483146067416,0.7123287671232876
Epidermis 1,rassf7,15.519441,3.4270623,2.5627506648444628e-54,2.4723354681210723e-52,0.797752808988764,0.1815068493150685
Epidermis 1,ccdc149,15.495823,5.3668985,3.7019075620762737e-54,3.536289540753319e-52,0.7275280898876404,0.04794520547945205
Epidermis 1,dcbld1,15.472205,3.7530365,5.34445616825744e-54,5.088723070173721e-52,0.7808988764044944,0.136986301369863
Epidermis 1,gramd4,15.453015,2.7869434,7.199489538417332e-54,6.832736321346657e-52,0.8117977528089888,0.3116438356164384
Epidermis 1,fam174b,15.440996,1.9636614,8.675054066089607e-54,8.206488848086255e-52,0.9073033707865169,0.5205479452054794
Epidermis 1,hagh,15.425602,4.632243,1.1012349140758863e-53,1.0383934765597495e-51,0.7331460674157303,0.07876712328767123
Epidermis 1,trpv5,15.411052,4.4685383,1.3794831288344144e-53,1.2965810719922433e-51,0.7528089887640449,0.07876712328767123
Epidermis 1,ndrg2,15.393338,4.074591,1.8142536802842781e-53,1.6997579912945428e-51,0.7584269662921348,0.11986301369863013
Epidermis 1,slc33a1,15.374149,3.078157,2.440291055377352e-53,2.2645126298328692e-51,0.8061797752808989,0.2226027397260274
Epidermis 1,LOC100487159,15.36698,3.0609503,2.7258551209793665e-53,2.5215022481439196e-51,0.8230337078651685,0.2226027397260274
Epidermis 1,b4galnt3,15.34315,2.9474983,3.9361863692189905e-53,3.6296108441211455e-51,0.8117977528089888,0.2534246575342466
Epidermis 1,stk24,15.338933,3.6435058,4.200423336669744e-53,3.8610872501318643e-51,0.7724719101123596,0.14383561643835616
Epidermis 1,grk3,15.337246,1.5860759,4.3109985076861045e-53,3.950307127842399e-51,0.9213483146067416,0.6506849315068494
Epidermis 1,LOC108645188,15.329233,6.1601605,4.877125269166871e-53,4.441222702274667e-51,0.7134831460674157,0.0410958904109589
Epidermis 1,LOC100497727,15.311941,8.525531,6.363591887121683e-53,5.776837094796706e-51,0.702247191011236,0.003424657534246575
Epidermis 1,spire1,15.286847,3.9112525,9.35715689812148e-53,8.468082145169937e-51,0.7556179775280899,0.1267123287671233
Epidermis 1,trpm4,15.275882,3.133508,1.1072002190027938e-52,9.958329108206358e-51,0.800561797752809,0.22945205479452055
Epidermis 1,ag1,15.268923,3.54419,1.2319081037343929e-52,1.1045983368177926e-50,0.7696629213483146,0.1678082191780822
Epidermis 1,gad1.2,15.249101,5.511676,1.669155951778938e-52,1.4875334642210408e-50,0.7134831460674157,0.0410958904109589
Epidermis 1,tmem184b,15.206926,3.268471,3.181335003582768e-52,2.8179879845372083e-50,0.7808988764044944,0.20205479452054795
Epidermis 1,lgalsl,15.204396,3.0762217,3.306676369181263e-52,2.9201648624633685e-50,0.7921348314606742,0.25
Epidermis 1,shroom1,15.189213,3.2314315,4.168955557023921e-52,3.670564454438742e-50,0.7808988764044944,0.20205479452054795
Epidermis 1,tmem131,15.185206,2.230833,4.431668333949893e-52,3.890153065155835e-50,0.8679775280898876,0.4280821917808219
Epidermis 1,nxpe2,15.167493,5.5675287,5.8052206342654944e-52,5.080610908988462e-50,0.7106741573033708,0.04452054794520548
Epidermis 1,hivep2,15.122998,2.946453,1.1422069332123713e-51,9.966522646188307e-50,0.7893258426966292,0.273972602739726
Epidermis 1,LOC100497279,15.073233,6.0302424,2.4293043404014328e-51,2.1071511921149637e-49,0.702247191011236,0.0410958904109589
Epidermis 1,galnt1,15.064797,1.3533367,2.76009764741521e-51,2.3869945068518936e-49,0.949438202247191,0.7191780821917808
Epidermis 1,adgrf1,15.011658,3.002276,6.158924161656398e-51,5.295044475569946e-49,0.7921348314606742,0.25
Epidermis 1,lgals3,15.00027,2.861078,7.312094424750716e-51,6.268030267738656e-49,0.7865168539325843,0.2876712328767123
Epidermis 1,rassf3,14.93743,2.5604799,1.8809045758399782e-50,1.6029364914396035e-48,0.8230337078651685,0.3356164383561644
Epidermis 1,cep170b,14.92541,1.2593583,2.252460596915647e-50,1.9084543683606167e-48,0.9241573033707865,0.7568493150684932
Epidermis 1,dennd1b,14.895888,2.742913,3.504970461476632e-50,2.952558834565517e-48,0.800561797752809,0.3047945205479452
Epidermis 1,gfod1,14.894201,5.6644526,3.5945618457773347e-50,3.0193286584458984e-48,0.699438202247191,0.030821917808219176
Epidermis 1,gnb5,14.890616,5.588962,3.7925845374849404e-50,3.1674582461492085e-48,0.6966292134831461,0.03424657534246575
Epidermis 1,sptlc2,14.889351,2.4796295,3.8650373920299125e-50,3.218772307875395e-48,0.8089887640449438,0.3527397260273973
Epidermis 1,prkcb,14.88176,1.6219614,4.329619616027074e-50,3.595429289661574e-48,0.8904494382022472,0.6575342465753424
Epidermis 1,slain2,14.876909,2.2780397,4.655125468698195e-50,3.854786758513228e-48,0.8398876404494382,0.4006849315068493
Epidermis 1,atp1b2,14.849707,4.384223,6.987372141176743e-50,5.737299861200488e-48,0.7191011235955056,0.0958904109589041
Epidermis 1,zbtb7b,14.825667,2.1062927,9.998168601730612e-50,8.186455641377802e-48,0.8679775280898876,0.4383561643835616
Epidermis 1,avpr2,14.789397,2.7266378,1.7148352639912114e-49,1.3923986000479752e-47,0.8117977528089888,0.3287671232876712
Epidermis 1,csgalnact1,14.737733,3.8351421,3.689643017351619e-49,2.9467747278744586e-47,0.7331460674157303,0.14726027397260275
Epidermis 1,gramd2a,14.705891,4.8547835,5.908803631443718e-49,4.680765283217651e-47,0.699438202247191,0.06164383561643835
Epidermis 1,ica1,14.7016735,3.4469492,6.2886118410680584e-49,4.968173316925957e-47,0.75,0.1506849315068493
Epidermis 1,pfkp,14.6696205,1.6903268,1.0090745265266524e-48,7.907843829732059e-47,0.949438202247191,0.6232876712328768
Epidermis 1,vgll1,14.665825,6.527573,1.0671212722298679e-48,8.340380189452211e-47,0.6797752808988764,0.017123287671232876
Epidermis 1,spata13,14.630399,4.7696147,1.7973185990383857e-48,1.400997865826428e-46,0.702247191011236,0.05821917808219178
Epidermis 1,sec24d,14.595393,3.2970724,3.004747984834705e-48,2.3297556590106966e-46,0.7471910112359551,0.1917808219178082
Epidermis 1,hdac7,14.572197,2.051141,4.220934111464846e-48,3.2640773812758973e-46,0.8904494382022472,0.4657534246575342
Epidermis 1,cyb561,14.561232,2.9366832,4.9556701784599444e-48,3.822142347930413e-46,0.7752808988764045,0.2328767123287671
Epidermis 1,tmprss11f,14.532553,8.053711,7.535859481403515e-48,5.796860750023846e-46,0.6657303370786517,0.00684931506849315
Epidermis 1,nipal1,14.525805,5.744363,8.315948699191554e-48,6.363442314818543e-46,0.6797752808988764,0.030821917808219176
Epidermis 1,rhpn2,14.484896,5.2951045,1.5095174733518222e-47,1.1520810773772092e-45,0.6825842696629213,0.0410958904109589
Epidermis 1,mgat5,14.479835,2.826124,1.624875098022905e-47,1.2368938539142586e-45,0.7696629213483146,0.2808219178082192
Epidermis 1,ugcg,14.474773,2.5223944,1.7490037846342094e-47,1.3279254448998072e-45,0.8117977528089888,0.3287671232876712
Epidermis 1,znf534,14.470978,2.7198758,1.8482535876518362e-47,1.3996450937992442e-45,0.7921348314606742,0.2671232876712329
Epidermis 1,ugt8,14.441456,3.0631046,2.8378444214593533e-47,2.1270007765045732e-45,0.7584269662921348,0.22945205479452055
Epidermis 1,rab1a,14.424586,1.6113265,3.624389563487344e-47,2.7095788064014974e-45,0.9044943820224719,0.5958904109589042
Epidermis 1,ralgps1,14.400757,3.5256414,5.117974882146609e-47,3.806705439695357e-45,0.7331460674157303,0.14726027397260275
Epidermis 1,nedd4l,14.395063,2.236645,5.557377027091947e-47,4.112599693137334e-45,0.8342696629213483,0.3972602739726027
Epidermis 1,scamp2,14.377983,4.0823936,7.113788042550079e-47,5.2510893502975084e-45,0.7106741573033708,0.09246575342465753
Epidermis 1,dhfr,14.368493,5.5825734,8.158667605218359e-47,6.007204351842263e-45,0.6741573033707865,0.03424657534246575
Epidermis 1,ap3b1,14.33876,1.0419874,1.2527312933578583e-46,9.154647109035889e-45,0.9129213483146067,0.797945205479452
Epidermis 1,slc41a2,14.318095,2.559973,1.6868455628900253e-46,1.2296304899959683e-44,0.800561797752809,0.3047945205479452
Epidermis 1,plekha8,14.315775,3.6458278,1.7440855901026518e-46,1.268193181201259e-44,0.7162921348314607,0.136986301369863
Epidermis 1,nr1i3,14.312401,5.26091,1.8308113654151343e-46,1.3279515390186052e-44,0.6741573033707865,0.0410958904109589
Epidermis 1,XB22041731,14.303544,5.0764627,2.079429399597441e-46,1.5045495242483364e-44,0.6797752808988764,0.04452054794520548
Epidermis 1,gale,14.282457,5.1619987,2.8149829184119788e-46,2.0317226095827299e-44,0.6741573033707865,0.04452054794520548
Epidermis 1,vill,14.281613,2.263092,2.849266221113011e-46,2.0514015002304045e-44,0.8258426966292135,0.4006849315068493
Epidermis 1,myzap,14.196842,6.6664677,9.583403602989117e-46,6.832499285828656e-44,0.6573033707865169,0.0136986301369863
Epidermis 1,anks1b,14.190095,4.5130053,1.0551630962741304e-45,7.486279725045899e-44,0.6910112359550562,0.07534246575342465
Epidermis 1,pof1b,14.189251,4.2996902,1.0679309834357015e-45,7.558520720776994e-44,0.6910112359550562,0.08561643835616438
Epidermis 1,chmp5,14.160572,1.4185249,1.6068020958475487e-45,1.126341296492079e-43,0.9157303370786517,0.6541095890410958
Epidermis 1,LOC100493336,14.160572,5.2209983,1.6068020958475487e-45,1.126341296492079e-43,0.6685393258426966,0.04794520547945205
Epidermis 1,cluh,14.146866,2.5231974,1.9526876829176346e-45,1.362267629101799e-43,0.7949438202247191,0.3047945205479452
Epidermis 1,sgms2,14.137376,3.0806758,2.234617465490292e-45,1.5552405508034935e-43,0.7471910112359551,0.19863013698630136
Epidermis 1,sh3d21,14.0467005,3.0543425,8.070738884308042e-45,5.52495944560207e-43,0.75,0.19863013698630136
Epidermis 1,sgms1,14.0467005,1.757855,8.070738884308042e-45,5.52495944560207e-43,0.8735955056179775,0.547945205479452
Epidermis 1,LOC100496053,14.026457,5.215875,1.0738413465955553e-44,7.333985140732402e-43,0.6601123595505618,0.04794520547945205
Epidermis 1,rab15,14.02477,5.038967,1.0996834684361648e-44,7.492971437262828e-43,0.6713483146067416,0.0410958904109589
Epidermis 1,nectin4,13.992506,2.796252,1.7319919879843933e-44,1.177392041878414e-42,0.7668539325842697,0.22945205479452055
Epidermis 1,LOC100485319,13.99103,5.885489,1.768320235234818e-44,1.1992985799570526e-42,0.651685393258427,0.0273972602739726
Epidermis 1,ftcd,13.977745,3.6270423,2.131345649310974e-44,1.442161219328914e-42,0.7162921348314607,0.1267123287671233
Epidermis 1,tmed10l,13.957291,5.356718,2.8402868315027387e-44,1.9042299167811138e-42,0.6573033707865169,0.03424657534246575
Epidermis 1,klf5,13.953073,2.885101,3.0133721628634356e-44,2.011047527229705e-42,0.7696629213483146,0.2328767123287671
Epidermis 1,mboat2,13.916381,5.6097403,5.037747830110247e-44,3.339192898456976e-42,0.6544943820224719,0.03424657534246575
Epidermis 1,mpc1,13.871254,5.32931,9.460823145667227e-44,6.242648337945795e-42,0.6573033707865169,0.030821917808219176
Epidermis 1,slc39a11,13.868301,2.2322621,9.858330505959997e-44,6.490289617561186e-42,0.797752808988764,0.3801369863013699
Epidermis 1,slc37a1,13.842575,3.9498627,1.4106102444799515e-43,9.245190147173422e-42,0.6853932584269663,0.09931506849315068
Epidermis 1,arhgap27,13.822753,2.5638082,1.8582464602747357e-43,1.209763970607813e-41,0.7865168539325843,0.273972602739726
Epidermis 1,ap1s3,13.810101,5.6673846,2.2152177702339247e-43,1.4389562364823967e-41,0.6460674157303371,0.030821917808219176
Epidermis 1,fhip1a,13.775939,2.0739052,3.5572658969552186e-43,2.3004964476526103e-41,0.8370786516853933,0.4315068493150685
Epidermis 1,upk3a,13.74958,3.6750112,5.12260358398948e-43,3.3054928336334763e-41,0.699438202247191,0.11986301369863013
Epidermis 1,misp3,13.73756,5.710411,6.0479727607614974e-43,3.89401523722069e-41,0.6404494382022472,0.0273972602739726
Epidermis 1,slc25a1,13.733554,1.6459078,6.3919835304261295e-43,4.1064630896238724e-41,0.8735955056179775,0.5582191780821918
Epidermis 1,zfhx3,13.709725,1.4558212,8.879382552071526e-43,5.667101121825388e-41,0.8595505617977528,0.6301369863013698
Epidermis 1,cpeb2,13.679359,1.3243402,1.3487612965730276e-42,8.552199882890709e-41,0.9213483146067416,0.6917808219178082
Epidermis 1,mboat1,13.622423,4.060244,2.946266030279686e-42,1.8600929229180453e-40,0.6741573033707865,0.09931506849315068
Epidermis 1,ncoa2,13.586997,1.5888207,4.783084726162768e-42,2.9938832897315605e-40,0.8848314606741573,0.5821917808219178
Epidermis 1,flvcr2,13.58531,2.254663,4.8945787106944254e-42,3.0571245788954857e-40,0.8089887640449438,0.3493150684931507
Epidermis 1,syne2,13.573922,2.1468604,5.717840656523383e-42,3.5637142906361408e-40,0.8426966292134831,0.3972602739726027
Epidermis 1,arhgef37,13.564222,7.2046804,6.526827233582914e-42,4.05926993329494e-40,0.6235955056179775,0.010273972602739725
Epidermis 1,mansc1,13.458364,2.0774715,2.749370029304447e-41,1.684839315023025e-39,0.8230337078651685,0.3972602739726027
Epidermis 1,hkdc1,13.406489,4.7550316,5.540015676570939e-41,3.3807974580760986e-39,0.6432584269662921,0.0547945205479452
Epidermis 1,astl2d,13.406489,4.6646514,5.540015676570939e-41,3.3807974580760986e-39,0.6432584269662921,0.0684931506849315
Epidermis 1,cndp2,13.36579,3.574099,9.58118632516337e-41,5.8105323126732465e-39,0.6825842696629213,0.1267123287671233
Epidermis 1,cab39l,13.364736,2.9823835,9.717917447488276e-41,5.881251447360866e-39,0.7134831460674157,0.2054794520547945
Epidermis 1,mtus1,13.348288,2.983893,1.2120266678937883e-40,7.319989985372588e-39,0.7078651685393258,0.25
Epidermis 1,LOC101731739,13.227246,2.777929,6.108443774412884e-40,3.636576781463605e-38,0.7303370786516854,0.3013698630136986
Epidermis 1,LOC549052,13.171998,5.417315,1.2718717633868502e-39,7.480499701320123e-38,0.6179775280898876,0.030821917808219176
Epidermis 1,sgk2,13.093131,4.7513194,3.6043768183254055e-39,2.0780974117646932e-37,0.6292134831460674,0.05136986301369863
Epidermis 1,ccdc186,13.08807,1.8575472,3.8527306216624236e-39,2.216912771689258e-37,0.8202247191011236,0.4417808219178082
Epidermis 1,XB5993457,13.0754175,5.2341733,4.5505762441340676e-39,2.6081940037702532e-37,0.6179775280898876,0.030821917808219176
Epidermis 1,nampt,13.065296,3.6702812,5.198221987716747e-39,2.9619732343654623e-37,0.6573033707865169,0.11986301369863013
Epidermis 1,b3gnt5,13.009203,2.1243443,1.0846686471840631e-38,6.132678767086529e-37,0.7780898876404494,0.3767123287671233
Epidermis 1,itpk1,13.007094,2.9072773,1.1150123962283119e-38,6.292070917789533e-37,0.702247191011236,0.21232876712328766
Epidermis 1,fam83f,13.004564,2.9371016,1.152540755709545e-38,6.491313840105146e-37,0.7050561797752809,0.1917808219178082
Epidermis 1,c2h3orf52,13.000135,2.9666867,1.2212615421549448e-38,6.865133872832921e-37,0.699438202247191,0.17465753424657535
Epidermis 1,efna5,12.922323,1.2854646,3.368142626159482e-38,1.8717524164499582e-36,0.8707865168539326,0.7157534246575342
Epidermis 1,pnliprp2,12.840926,6.8075256,9.671020354969451e-38,5.274134253658807e-36,0.5926966292134831,0.0136986301369863
Epidermis 1,MGC75872,12.831648,5.462667,1.0902026972644422e-37,5.934397587288065e-36,0.6039325842696629,0.0273972602739726
Epidermis 1,nbas,12.825533,2.5501783,1.1797301967155011e-37,6.397902296881412e-36,0.7219101123595506,0.2568493150684932
Epidermis 1,iffo2,12.8128805,2.9153264,1.3888205900780727e-37,7.517891605291138e-36,0.6938202247191011,0.1815068493150685
Epidermis 1,mtmr12,12.7955885,3.7507188,1.735326060794739e-37,9.358914406474357e-36,0.648876404494382,0.09246575342465753
Epidermis 1,frk,12.77176,5.862873,2.357626708026191e-37,1.2645098404094236e-35,0.5955056179775281,0.02054794520547945
Epidermis 1,pard3b,12.75489,1.4804931,2.9278757552462458e-37,1.5674860110183703e-35,0.8230337078651685,0.6164383561643836
Epidermis 1,XB5717875,12.751306,6.0293097,3.0656904796744737e-37,1.6382668813777795e-35,0.5926966292134831,0.017123287671232876
Epidermis 1,ptprz1,12.734646,4.200833,3.795627495892238e-37,2.0209469459458292e-35,0.6235955056179775,0.0821917808219178
Epidermis 1,osbpl8,12.710607,1.6723076,5.163233745282965e-37,2.73913766984331e-35,0.8174157303370787,0.5068493150684932
Epidermis 1,tbc1d14,12.708287,2.728132,5.3186756067538535e-37,2.816489251105469e-35,0.7106741573033708,0.2089041095890411
Epidermis 1,slc39a5,12.619087,4.1372128,1.6573033845724873e-36,8.681834271404727e-35,0.6207865168539326,0.07534246575342465
Epidermis 1,LOC100492897,12.613394,6.1851687,1.7815240606984504e-36,9.315872954968945e-35,0.5870786516853933,0.017123287671232876
Epidermis 1,LOC100489903,12.608333,5.4166193,1.899686244589951e-36,9.91602296707301e-35,0.5926966292134831,0.030821917808219176
Epidermis 1,patj,12.595259,2.8113883,2.2422309939019932e-36,1.1683182563769905e-34,0.6938202247191011,0.20205479452054795
Epidermis 1,tpd52,12.5486555,2.4316878,4.0431497874533226e-36,2.0992062422211024e-34,0.7303370786516854,0.2876712328767123
Epidermis 1,larp6,12.541275,2.9696977,4.437956902612431e-36,2.3001049329834037e-34,0.6882022471910112,0.17465753424657535
Epidermis 1,sidt1,12.539377,5.6441846,4.545525679881892e-36,2.351686038028807e-34,0.5870786516853933,0.0273972602739726
Epidermis 1,camkk1,12.53769,5.2127023,4.6433153007963644e-36,2.398034444480186e-34,0.5926966292134831,0.03424657534246575
Epidermis 1,spag1,12.526725,2.7050028,5.3319322150721445e-36,2.7439737777953143e-34,0.7050561797752809,0.22602739726027396
Epidermis 1,XB5901519,12.524195,6.7224197,5.504735152984922e-36,2.8279246618084755e-34,0.5786516853932584,0.010273972602739725
Epidermis 1,atp6v0a1,12.514283,2.2360225,6.236813199386403e-36,3.1983909935309467e-34,0.7219101123595506,0.3664383561643836
Epidermis 1,frrs1,12.486659,5.450533,8.828366929937581e-36,4.503699716038489e-34,0.5870786516853933,0.0273972602739726
Epidermis 1,slc30a8,12.478646,5.2606826,9.763294347544954e-36,4.971966151099069e-34,0.5898876404494382,0.04452054794520548
Epidermis 1,ero1a,12.46768,4.7272177,1.1204007149109007e-35,5.685839114159815e-34,0.601123595505618,0.04452054794520548
Epidermis 1,rab3d,12.460511,2.2950172,1.2258300853046918e-35,6.210093452953457e-34,0.7471910112359551,0.3047945205479452
Epidermis 1,arhgef16,12.441532,1.5686259,1.5549237321417437e-35,7.863663601078774e-34,0.8258426966292135,0.541095890410959
Epidermis 1,arfip2,12.439845,2.204404,1.588114854717325e-35,8.017648586915739e-34,0.7331460674157303,0.3287671232876712
Epidermis 1,LOC733482,12.401466,4.09691,2.565852270713995e-35,1.2909195821900305e-33,0.6123595505617978,0.0684931506849315
Epidermis 1,cant1,12.37574,2.3338442,3.53621595529044e-35,1.7699850785803915e-33,0.7387640449438202,0.2671232876712329
Epidermis 1,b3gnt2,12.363088,2.7053869,4.139479173260917e-35,2.0683951404032454e-33,0.6966292134831461,0.2089041095890411
Epidermis 1,cd164,12.354231,2.7240045,4.6215690039793324e-35,2.3014153927652446e-33,0.6966292134831461,0.20205479452054795
Epidermis 1,LOC108647843,12.343898,5.998406,5.254898764821417e-35,2.6123460169131778e-33,0.5758426966292135,0.017123287671232876
Epidermis 1,vtcn1,12.331456,5.5295706,6.132827672098154e-35,3.043610962361649e-33,0.5786516853932584,0.0273972602739726
Epidermis 1,pard6b,12.307838,2.8790517,8.219519927163471e-35,4.051682748582048e-33,0.6685393258426966,0.1815068493150685
Epidermis 1,eml3,12.280004,5.7947,1.159938196261838e-34,5.698513178979796e-33,0.5730337078651685,0.023972602739726026
Epidermis 1,fbp1,12.271779,3.7483642,1.2840071325093617e-34,6.297451760131066e-33,0.6207865168539326,0.09246575342465753
Epidermis 1,appl2,12.267773,3.0331755,1.3491410418641394e-34,6.605819396102288e-33,0.6601123595505618,0.15753424657534246
Epidermis 1,mbnl2,12.258494,2.3165355,1.5128535346803803e-34,7.395020346528796e-33,0.7275280898876404,0.3013698630136986
Epidermis 1,vwf,12.250481,3.828613,1.67002839662796e-34,8.136100010305315e-33,0.6207865168539326,0.0821917808219178
Epidermis 1,ahnak3,12.224333,6.286566,2.3046692985451622e-34,1.1190662502620204e-32,0.5674157303370787,0.02054794520547945
Epidermis 1,LOC100496393,12.205354,3.7600503,2.910402803177031e-34,1.4038611277172903e-32,0.6179775280898876,0.1095890410958904
Epidermis 1,sgpp2,12.172879,5.523149,4.335151524057828e-34,2.0773903967169568e-32,0.5730337078651685,0.0273972602739726
Epidermis 1,galnt10,12.167818,2.6671867,4.612456823975586e-34,2.206656717211626e-32,0.6797752808988764,0.2191780821917808
Epidermis 1,krt12.5,12.148629,4.57275,5.833565013569107e-34,2.777213988788902e-32,0.5870786516853933,0.06506849315068493
Epidermis 1,chst4,12.116365,4.1783543,8.651139707582589e-34,4.1052185842913417e-32,0.5955056179775281,0.06506849315068493
Epidermis 1,LOC100491113,12.083891,1.0939054,1.2849245836517056e-33,6.087460373536954e-32,0.8820224719101124,0.7157534246575342
Epidermis 1,il17re,12.020629,6.5876727,2.7685660272191925e-33,1.2969223323981445e-31,0.5561797752808989,0.017123287671232876
Epidermis 1,plcd3,12.020207,3.6848087,2.7827334390661256e-33,1.3014732985174707e-31,0.6151685393258427,0.0958904109589041
Epidermis 1,slco4c1,12.012615,3.2528098,3.050418810294474e-33,1.4243896524555552e-31,0.6320224719101124,0.136986301369863
Epidermis 1,inpp5a,12.012194,1.7214183,3.066018237168231e-33,1.429390416119052e-31,0.7696629213483146,0.523972602739726
Epidermis 1,tab2,11.974869,1.4758009,4.811956114307617e-33,2.232671256782952e-31,0.851123595505618,0.5445205479452054
Epidermis 1,acy3,11.968332,2.96773,5.2064676199550536e-33,2.411889936591223e-31,0.651685393258427,0.16095890410958905
Epidermis 1,erbb4,11.887778,5.788127,1.3700215549596322e-32,6.296713847959907e-31,0.5561797752808989,0.023972602739726026
Epidermis 1,ocln,11.880609,1.4664648,1.492761225117062e-32,6.839326547240884e-31,0.8595505617977528,0.5445205479452054
Epidermis 1,tmem164,11.850243,4.3229876,2.1456755962188474e-32,9.754314673883847e-31,0.5814606741573034,0.0547945205479452
Epidermis 1,angpt4,11.844338,6.238662,2.3022750630254653e-32,1.044996931169214e-30,0.550561797752809,0.017123287671232876
Epidermis 1,galnt5,11.818612,2.7449963,3.128098566911861e-32,1.4176348714635754e-30,0.6601123595505618,0.2054794520547945
Epidermis 1,cgn,11.805749,1.9676596,3.645314381421202e-32,1.6469271202986577e-30,0.7724719101123596,0.3595890410958904
Epidermis 1,sp7,11.718447,1.8711423,1.025341951883753e-31,4.554980333664739e-30,0.8174157303370787,0.4486301369863014
Epidermis 1,LOC100488176,11.717814,5.113252,1.0330261692524202e-31,4.582152951960166e-30,0.5561797752808989,0.03767123287671233
Epidermis 1,sort1,11.698414,6.2985106,1.2985753297277611e-31,5.7252874001918826e-30,0.5421348314606742,0.0136986301369863
Epidermis 1,LOC100497498,11.651812,1.494205,2.246331605591843e-31,9.859237111569845e-30,0.8398876404494382,0.5513698630136986
Epidermis 1,c2h1orf116,11.648227,4.658698,2.3428435250921224e-31,1.0267415154717817e-29,0.5617977528089888,0.0410958904109589
Epidermis 1,pde4b,11.645696,3.867476,2.4134372168118153e-31,1.0560955581530864e-29,0.5898876404494382,0.07534246575342465
Epidermis 1,nadk,11.635785,5.4385896,2.710852654565111e-31,1.1827005066506382e-29,0.547752808988764,0.023972602739726026
Epidermis 1,ralgapa2,11.603521,1.2624626,3.954651221720231e-31,1.7100356488476932e-29,0.8707865168539326,0.6335616438356164
Epidermis 1,sytl1,11.549959,2.4405365,7.3855406404202585e-31,3.165494698828806e-29,0.6853932584269663,0.3047945205479452
Epidermis 1,rab11fip1,11.540681,4.717978,8.227141254284217e-31,3.515900087777513e-29,0.5561797752808989,0.03767123287671233
Epidermis 1,krt18,11.479949,1.3666434,1.6637801727621203e-30,7.048399743479643e-29,0.8539325842696629,0.6198630136986302
Epidermis 1,gopc,11.471515,1.7594512,1.8342094375397622e-30,7.759157173476815e-29,0.7724719101123596,0.4178082191780822
Epidermis 1,snap23,11.470671,1.5342133,1.852177202966437e-30,7.823842748542184e-29,0.8033707865168539,0.4863013698630137
Epidermis 1,galnt12,11.409517,5.265575,3.7480213409101784e-30,1.571856697505673e-28,0.5393258426966292,0.030821917808219176
Epidermis 1,inf2,11.396022,2.930953,4.376654893999505e-30,1.8276285600928504e-28,0.6179775280898876,0.1917808219178082
Epidermis 1,spint2,11.328542,1.9611802,9.476888658881292e-30,3.907178171900692e-28,0.7359550561797753,0.3321917808219178
Epidermis 1,ehd4,11.313359,2.2400095,1.1269069388756732e-29,4.639523483137296e-28,0.7078651685393258,0.2602739726027397
Epidermis 1,chpf,11.307034,1.1361344,1.21115950192285e-29,4.979381631604335e-28,0.8623595505617978,0.6643835616438356
Epidermis 1,stard9,11.305768,1.4720558,1.2287454654386897e-29,5.04458689610089e-28,0.8426966292134831,0.5445205479452054
Epidermis 1,dipk1c,11.297754,3.039,1.3461587890542584e-29,5.503436022775529e-28,0.6292134831460674,0.13356164383561644
Epidermis 1,osgin2,11.297754,6.719156,1.3461587890542584e-29,5.503436022775529e-28,0.5224719101123596,0.010273972602739725
Epidermis 1,scn3b,11.297754,6.825858,1.3461587890542584e-29,5.503436022775529e-28,0.5224719101123596,0.00684931506849315
Epidermis 1,bpgm,11.285314,5.415006,1.5508828985812196e-29,6.3139078006166615e-28,0.5308988764044944,0.023972602739726026
Epidermis 1,micall2,11.267389,3.1046379,1.901246812436859e-29,7.708092312668769e-28,0.6067415730337079,0.13013698630136986
Epidermis 1,usp43,11.236602,4.295101,2.695612609297646e-29,1.0898402791477109e-27,0.550561797752809,0.04794520547945205
Epidermis 1,agpat4,11.23639,5.202717,2.702057313700037e-29,1.0909369797895825e-27,0.5308988764044944,0.030821917808219176
Epidermis 1,itfg1,11.233649,1.5101596,2.787242910381127e-29,1.123777896735872e-27,0.7808988764044944,0.4931506849315068
Epidermis 1,acp3,11.220997,6.0628066,3.2162473694821106e-29,1.2949604250321153e-27,0.5224719101123596,0.0136986301369863
Epidermis 1,frmd4b,11.192107,3.0903327,4.4571393215592244e-29,1.7871967010767856e-27,0.6039325842696629,0.1267123287671233
Epidermis 1,ralbp1,11.167013,2.517486,5.913609586598038e-29,2.3614852708449075e-27,0.6601123595505618,0.19863013698630136
Epidermis 1,plpp2,11.166592,2.47063,5.941746733103016e-29,2.3694842940700447e-27,0.6601123595505618,0.2054794520547945
Epidermis 1,ranbp9,11.145082,1.3715042,7.567428360380912e-29,3.005482315248566e-27,0.8089887640449438,0.5582191780821918
Epidermis 1,smoc1,11.131165,3.8958807,8.847190306946686e-29,3.508985344129696e-27,0.5589887640449438,0.08904109589041095
Epidermis 1,flrt2,11.085405,3.50578,1.4768035205583684e-28,5.833573474248874e-27,0.5702247191011236,0.10616438356164383
Epidermis 1,kif16b,11.06495,3.2052574,1.855654748351949e-28,7.26139811901952e-27,0.5814606741573034,0.13013698630136986
Epidermis 1,ap1g1,11.053985,1.0940106,2.0969526984699464e-28,8.194655658953878e-27,0.8876404494382022,0.6746575342465754
Epidermis 1,clcn3,11.048502,1.1392747,2.2290249667244643e-28,8.699149372806785e-27,0.8651685393258427,0.6472602739726028
Epidermis 1,LOC105945774,11.030789,3.9405968,2.7147307308676847e-28,1.058057253253244e-26,0.547752808988764,0.0684931506849315
Epidermis 1,clic1,11.030367,1.8965542,2.72749201724175e-28,1.0602037121807659e-26,0.7191011235955056,0.3527397260273973
Epidermis 1,aadacl4,11.019402,6.1760836,3.0809988798840107e-28,1.1960249436638713e-26,0.5112359550561798,0.0136986301369863
Epidermis 1,ahnak2,10.942644,5.386666,7.20671390066938e-28,2.7681925628182215e-26,0.5168539325842697,0.0273972602739726
Epidermis 1,mpc2,10.937583,4.8745375,7.620452554412295e-28,2.9232736039110995e-26,0.5224719101123596,0.030821917808219176
Epidermis 1,ugt3a2,10.851968,4.260143,1.9517645027791386e-27,7.409354309186624e-26,0.5337078651685393,0.04794520547945205
Epidermis 1,kif13b,10.849859,2.5895152,1.9973208320025503e-27,7.572462417674e-26,0.6179775280898876,0.18835616438356165
Epidermis 1,pip5k1b,10.846274,3.309822,2.0771991856630877e-27,7.8651048440567e-26,0.5702247191011236,0.11301369863013698
Epidermis 1,elovl1,10.811902,1.253119,3.0233454427622984e-27,1.1359307279869505e-25,0.8398876404494382,0.5958904109589042
Epidermis 1,sh2d4a,10.809372,3.132293,3.1079095276796484e-27,1.1662041515225134e-25,0.5758426966292135,0.13013698630136986
Epidermis 1,wasl,10.789128,1.5442864,3.874483707715638e-27,1.4445795058703546e-25,0.7780898876404494,0.4657534246575342
Epidermis 1,sipa1l3,10.732614,1.7422376,7.15433108803504e-27,2.647193063725978e-25,0.7584269662921348,0.3938356164383562
Epidermis 1,slc13a3,10.718274,5.3854923,8.354739112953653e-27,3.079664300261642e-25,0.5056179775280899,0.02054794520547945
Epidermis 1,crybg2,10.715744,1.4147435,8.586406393329798e-27,3.1610736181791354e-25,0.7780898876404494,0.547945205479452
Epidermis 1,slc35d1,10.706255,1.6086197,9.513305146281283e-27,3.493510335815932e-25,0.7275280898876404,0.4417808219178082
Epidermis 1,traf4,10.704779,2.2154706,9.666144274996419e-27,3.54074014163434e-25,0.6629213483146067,0.2671232876712329
Epidermis 1,rhof,10.698452,2.9617867,1.0349221858608843e-26,3.7814763018624387e-25,0.5926966292134831,0.13013698630136986
Epidermis 1,adap1,10.672726,6.095605,1.3656040101854818e-26,4.971104710053776e-25,0.49719101123595505,0.0136986301369863
Epidermis 1,cracr2a,10.6512165,3.3402586,1.7210067922747057e-26,6.249285657761729e-25,0.5561797752808989,0.1095890410958904
Epidermis 1,acer3,10.6122055,2.6975946,2.6150323936412674e-26,9.472120433522663e-25,0.598314606741573,0.1678082191780822
Epidermis 1,nipal4,10.583527,1.8020949,3.553277185963028e-26,1.2759931870133324e-24,0.7050561797752809,0.3527397260273973
Epidermis 1,b4galt1l,10.557167,5.804839,4.70651121478582e-26,1.685980751463288e-24,0.4943820224719101,0.0136986301369863
Epidermis 1,cnfn,10.534182,5.35632,6.010352714286731e-26,2.1399344724886167e-24,0.49719101123595505,0.023972602739726026
Epidermis 1,LOC101734002,10.515625,2.519708,7.319377377260366e-26,2.5965135936249728e-24,0.6207865168539326,0.25
Epidermis 1,dgkk,10.501286,5.6700225,8.521147650016146e-26,3.0118702171417406e-24,0.49157303370786515,0.017123287671232876
Epidermis 1,XB5727854,10.480831,2.2165425,1.0580985068530272e-25,3.721934711651124e-24,0.651685393258427,0.25
Epidermis 1,hpgd,10.47577,5.64253,1.1162538377331185e-25,3.921780760910671e-24,0.49157303370786515,0.02054794520547945
Epidermis 1,slc22a5,10.467124,5.0272694,1.2230205737053279e-25,4.291730418965239e-24,0.49719101123595505,0.030821917808219176
Epidermis 1,trpv6,10.4597435,6.816216,1.3221283430048107e-25,4.622862870140386e-24,0.48314606741573035,0.00684931506849315
Epidermis 1,stx3,10.455948,1.54507,1.376156533407373e-25,4.80602528411361e-24,0.7584269662921348,0.4554794520547945
Epidermis 1,cgnl1,10.341022,2.6862895,4.5960979628149925e-25,1.5824327391171385e-23,0.5870786516853933,0.16095890410958905
Epidermis 1,micu2,10.306649,2.725703,6.575377887841703e-25,2.240150012115394e-23,0.5870786516853933,0.1506849315068493
Epidermis 1,itpka,10.296528,3.927144,7.305071334677196e-25,2.4829597695808038e-23,0.5140449438202247,0.06164383561643835
Epidermis 1,anks6,10.27291,2.4502337,9.334585613788503e-25,3.158093426813099e-23,0.6095505617977528,0.1917808219178082
Epidermis 1,ccdc68,10.261734,6.5572248,1.0480807856550504e-24,3.5376962408178726e-23,0.4747191011235955,0.010273972602739725
Epidermis 1,sema3f,10.257094,1.0946201,1.099659162983396e-24,3.7075129173203743e-23,0.851123595505618,0.6541095890410958
Epidermis 1,nr3c2,10.250979,2.239948,1.1715089686336127e-24,3.945204914991836e-23,0.6292134831460674,0.2465753424657534
Epidermis 1,sel1l,10.2457075,2.481374,1.237168454726915e-24,4.161527169174045e-23,0.598314606741573,0.1815068493150685
Epidermis 1,fam3a,10.226939,1.6307273,1.5019103703503175e-24,5.046246211001165e-23,0.7471910112359551,0.4041095890410959
Epidermis 1,foxo1,10.210491,3.1629193,1.779614500670181e-24,5.965586177647943e-23,0.547752808988764,0.10273972602739725
Epidermis 1,gnptab,10.20543,2.40537,1.8748817094705727e-24,6.277739662031422e-23,0.6067415730337079,0.2054794520547945
Epidermis 1,slc6a7l,10.2029,2.4616544,1.9243927278343964e-24,6.43614689099854e-23,0.5955056179775281,0.18835616438356165
Epidermis 1,ap3d1,10.192988,1.3458987,2.131096883458912e-24,7.111197831094458e-23,0.7949438202247191,0.5171232876712328
Epidermis 1,shank2,10.18603,2.1896157,2.2892269530697485e-24,7.612786469303961e-23,0.6460674157303371,0.2842465753424658
Epidermis 1,XB990108,10.181391,8.635065,2.4010491179850086e-24,7.966522902136185e-23,0.46629213483146065,0.003424657534246575
Epidermis 1,LOC100487889,10.178861,8.107785,2.4643063779906335e-24,8.167136024381429e-23,0.46629213483146065,0.003424657534246575
Epidermis 1,XB5842389,10.108429,4.591152,5.069080136645856e-24,1.6611466532992713e-22,0.4887640449438202,0.0410958904109589
Epidermis 1,znf238.2,10.07026,3.2592065,7.477978300254713e-24,2.4368872206772077e-22,0.5308988764044944,0.09246575342465753
Epidermis 1,man2a1,10.064145,1.2307152,7.957562630806881e-24,2.587402817142558e-22,0.8286516853932584,0.5753424657534246
Epidermis 1,tef,10.0611925,1.9207982,8.19986671667354e-24,2.660269744673521e-22,0.6573033707865169,0.3116438356164384
Epidermis 1,tmem150a,10.0611925,2.7268424,8.19986671667354e-24,2.660269744673521e-22,0.5674157303370787,0.14726027397260275
Epidermis 1,abcb1l,10.033358,3.7387214,1.0875415951916739e-23,3.5126992672981016e-22,0.5084269662921348,0.07534246575342465
Epidermis 1,errfi1,10.00974,5.4130306,1.3811532724942274e-23,4.446309615449203e-22,0.47191011235955055,0.02054794520547945
Epidermis 1,abo,9.992237,5.058791,1.6481901610840724e-23,5.300137139565294e-22,0.4747191011235955,0.023972602739726026
Epidermis 1,b4galt6,9.946478,1.9207218,2.6126706976305815e-23,8.31022602420452e-22,0.6713483146067416,0.2876712328767123
Epidermis 1,styk1,9.921173,3.7332969,3.367749364007252e-23,1.0619491009632791e-21,0.5028089887640449,0.06164383561643835
Epidermis 1,fam83g,9.860441,2.450274,6.177720523749544e-23,1.9272246385242573e-21,0.5786516853932584,0.1952054794520548
Epidermis 1,slc2a12,9.854326,7.786688,6.565566054494148e-23,2.043855818305841e-21,0.45224719101123595,0.003424657534246575
Epidermis 1,LOC116411534,9.851584,5.408339,6.747161787850698e-23,2.0981519810708912e-21,0.46348314606741575,0.02054794520547945
Epidermis 1,cat1,9.836823,3.7903473,7.81389554819267e-23,2.422141895749946e-21,0.4943820224719101,0.05821917808219178
Epidermis 1,map7d2,9.816158,1.9893925,9.593017635762852e-23,2.9642018870082866e-21,0.6320224719101124,0.2945205479452055
Epidermis 1,astl2c,9.814471,4.9972515,9.754827526206799e-23,3.0110175651378133e-21,0.4691011235955056,0.03424657534246575
Epidermis 1,tmem63a,9.783895,3.6771266,1.3203037612556324e-22,4.053970508956238e-21,0.49719101123595505,0.06506849315068493
Epidermis 1,lrig3,9.770187,1.7417539,1.5117191896211876e-22,4.6222869907758304e-21,0.6853932584269663,0.3493150684931507
Epidermis 1,mcu,9.753739,1.238827,1.7779568003726437e-22,5.424995326899034e-21,0.7584269662921348,0.5513698630136986
Epidermis 1,slc38a10,9.7297,1.2240001,2.2525655956474536e-22,6.844568079664315e-21,0.7640449438202247,0.541095890410959
Epidermis 1,nbeal1,9.68879,2.4744942,3.364899607135296e-22,1.0182130477864579e-20,0.5674157303370787,0.17465753424657535
Epidermis 1,tmbim6,9.668968,1.5836331,4.084749000795078e-22,1.2347600624843942e-20,0.7134831460674157,0.3767123287671233
Epidermis 1,XB5786944,9.663275,1.7912217,4.318344819230902e-22,1.3040241468072157e-20,0.7050561797752809,0.3253424657534247
Epidermis 1,slc1a5,9.610346,1.3934816,7.23059379558209e-22,2.1744597452537045e-20,0.7106741573033708,0.4589041095890411
Epidermis 1,slc2a9,9.595584,3.7147546,8.344289003835237e-22,2.5016606345754646e-20,0.4887640449438202,0.0684931506849315
Epidermis 1,XB5774338,9.577027,5.7051654,9.987805202115917e-22,2.9882654438387965e-20,0.449438202247191,0.0136986301369863
Epidermis 1,slc9a1,9.569225,1.7289733,1.0770980953025219e-21,3.21600147331849e-20,0.6713483146067416,0.3321917808219178
Epidermis 1,slc19a3.2,9.567538,7.1930327,1.0948144178339633e-21,3.2655632905821e-20,0.4410112359550562,0.003424657534246575
Epidermis 1,KIAA0319L,9.557627,1.1024746,1.2048740435813824e-21,3.5828762124035996e-20,0.7696629213483146,0.6027397260273972
Epidermis 1,c3h5orf15,9.551301,2.8092523,1.2807769174126905e-21,3.804714438301865e-20,0.5280898876404494,0.11986301369863013
Epidermis 1,cog1,9.536962,2.338762,1.4707831730547316e-21,4.3647170488896303e-20,0.5730337078651685,0.1780821917808219
Epidermis 1,gadd45a,9.520303,2.5042424,1.7267556149784643e-21,5.108784755206021e-20,0.5646067415730337,0.1678082191780822
Epidermis 1,epb41l5,9.5032215,1.1748548,2.0349482209052423e-21,6.008441560129408e-20,0.797752808988764,0.5547945205479452
Epidermis 1,rbm47,9.487195,5.4414873,2.3733359026773917e-21,6.99344574306077e-20,0.44662921348314605,0.0136986301369863
Epidermis 1,rxra,9.473489,1.4420352,2.7065011344638173e-21,7.959128235564571e-20,0.75,0.4554794520547945
Epidermis 1,pygm,9.398207,2.0657172,5.5500827667037534e-21,1.6142733269006707e-19,0.6067415730337079,0.2363013698630137
Epidermis 1,abca3,9.380072,2.7543771,6.5927854306934154e-21,1.9156432497475072e-19,0.5224719101123596,0.13013698630136986
Epidermis 1,abo.4,9.371215,1.769439,7.170227110229127e-21,2.0813595696038493e-19,0.6460674157303371,0.3150684931506849
Epidermis 1,XB5872520,9.340849,4.661479,9.556445267564023e-21,2.7657866496649893e-19,0.449438202247191,0.030821917808219176
Epidermis 1,adcy9,9.339584,2.6004097,9.671331223968128e-21,2.796267883361151e-19,0.5393258426966292,0.16095890410958905
Epidermis 1,tmem30b,9.326088,3.2579942,1.098505380035587e-20,3.1729654904960714e-19,0.49157303370786515,0.07534246575342465
Epidermis 1,slc26a11,9.260717,4.456395,2.0306324048393076e-20,5.807966323469452e-19,0.449438202247191,0.03424657534246575
Epidermis 1,stk10,9.246799,1.4287782,2.313146166486285e-20,6.603083553960996e-19,0.7584269662921348,0.4520547945205479
Epidermis 1,vps53,9.20357,2.2450821,3.462484580389234e-20,9.835946236089184e-19,0.5702247191011236,0.1952054794520548
Epidermis 1,tamalin,9.164137,3.5653706,4.9944829145889627e-20,1.4037858661187499e-18,0.47191011235955055,0.0684931506849315
Epidermis 1,atp9a,9.1523285,3.4799805,5.571938524783539e-20,1.5600894158807243e-18,0.47191011235955055,0.0684931506849315
Epidermis 1,tcaf2,9.150641,3.955414,5.659647679853008e-20,1.5831307304285482e-18,0.4550561797752809,0.05136986301369863
Epidermis 1,msantd3,9.149376,1.1606493,5.726323839532256e-20,1.6002502117912749e-18,0.7584269662921348,0.5547945205479452
Epidermis 1,capn5,9.138621,2.431464,6.325334090442809e-20,1.7642732900547113e-18,0.5421348314606742,0.1678082191780822
Epidermis 1,LOC116412462,9.131241,6.7892113,6.771844536541221e-20,1.8852170252155852e-18,0.42134831460674155,0.00684931506849315
Epidermis 1,plch1,9.1285,1.6907448,6.945508379280573e-20,1.9298874090755743e-18,0.6601123595505618,0.3664383561643836
Epidermis 1,rps6ka6,9.12133,1.626159,7.420793125727196e-20,2.059992439298496e-18,0.6713483146067416,0.3458904109589041
Epidermis 1,rffl,9.1124735,1.8100209,8.05248576286666e-20,2.2268894165974957e-18,0.6376404494382022,0.2842465753424658
Epidermis 1,LOC116406441,9.092651,2.386583,9.665286422545942e-20,2.6678563495509013e-18,0.547752808988764,0.1815068493150685
Epidermis 1,nipal2,9.083162,2.83101,1.05465516407072e-19,2.9056197079124616e-18,0.5084269662921348,0.11643835616438356
Epidermis 1,wipf3,9.074306,6.7901177,1.1440499094642798e-19,3.1459758140687073e-18,0.41853932584269665,0.00684931506849315
Epidermis 1,tram1,9.049422,1.0193647,1.4372682076200345e-19,3.9411620053415786e-18,0.7921348314606742,0.5958904109589042
Epidermis 1,dock5,9.039722,2.0522342,1.5707071431950588e-19,4.2990019197317194e-18,0.5674157303370787,0.2328767123287671
Epidermis 1,chmp4c,8.955794,4.47533,3.372980264534521e-19,9.163158560651355e-18,0.43258426966292135,0.0273972602739726
Epidermis 1,arhgef18,8.935972,1.7721478,4.0361307445904585e-19,1.0934211102421102e-17,0.6179775280898876,0.2876712328767123
Epidermis 1,krt12.4,8.93302,2.8557463,4.145344067699408e-19,1.1219680781751981e-17,0.4943820224719101,0.11643835616438356
Epidermis 1,LOC100487454,8.9296465,2.8059542,4.2737374571263582e-19,1.1545805878859574e-17,0.5056179775280899,0.11986301369863013
Epidermis 1,dock6,8.907715,3.5182781,5.209498360793612e-19,1.404786407604779e-17,0.45786516853932585,0.0684931506849315
Epidermis 1,syngr2,8.898647,1.5414243,5.653121818489459e-19,1.521605928879055e-17,0.6376404494382022,0.3527397260273973
Epidermis 1,c1galt1c1,8.856684,3.4662883,8.242985096013765e-19,2.2105568563447554e-17,0.45786516853932585,0.06164383561643835
Epidermis 1,ddr1,8.828427,1.9230505,1.061582278427388e-18,2.8313058011597605e-17,0.601123595505618,0.2465753424657534
Epidermis 1,slc35a3.2,8.8170395,2.3474958,1.175255863308467e-18,3.1287708688861387e-17,0.5280898876404494,0.1678082191780822
Epidermis 1,dnajc3,8.812822,2.8984046,1.2203399043662117e-18,3.242886885866248e-17,0.4859550561797753,0.11643835616438356
Epidermis 1,hsp90b1,8.800591,1.4154142,1.3609681821569039e-18,3.613302537023475e-17,0.6966292134831461,0.4143835616438356
Epidermis 1,hyou1,8.799326,1.5278583,1.3763990353301261e-18,3.650954646255437e-17,0.6348314606741573,0.3664383561643836
Epidermis 1,tat,8.767274,6.7550526,1.8304466245941396e-18,4.820341016532549e-17,0.4044943820224719,0.00684931506849315
Epidermis 1,LOC100487973,8.748295,3.2583861,2.166005021922569e-18,5.688633674377234e-17,0.45786516853932585,0.07534246575342465
Epidermis 1,XB5957062,8.743656,29.511034,2.2568642045998273e-18,5.91662758427422e-17,0.398876404494382,0.0
Epidermis 1,lrrfip1,8.736064,2.846509,2.413726212013918e-18,6.316529176667756e-17,0.4887640449438202,0.1095890410958904
Epidermis 1,clcn5,8.720881,2.8875465,2.7604443266207654e-18,7.204513224236749e-17,0.4803370786516854,0.10273972602739725
Epidermis 1,enc1,8.700638,2.351566,3.3002472458393785e-18,8.582698153303459e-17,0.5224719101123596,0.1643835616438356
Epidermis 1,slc19a3,8.698529,8.199134,3.3621440259929315e-18,8.735896179893277e-17,0.398876404494382,0.003424657534246575
Epidermis 1,kalrn,8.698107,3.1571565,3.374660218794452e-18,8.760629916126166e-17,0.46348314606741575,0.0821917808219178
Epidermis 1,mgat1,8.696209,3.0875864,3.4315547341449162e-18,8.892533371789898e-17,0.46348314606741575,0.08561643835616438
Epidermis 1,eif1,8.685033,1.5955938,3.7863268109408755e-18,9.794523806248915e-17,0.6376404494382022,0.3424657534246575
Epidermis 1,mcf2l,8.683767,4.512368,3.828703701938422e-18,9.895387967406012e-17,0.42134831460674155,0.030821917808219176
Epidermis 1,tet3,8.68208,1.3635297,3.8859353592878064e-18,1.0034432551885324e-16,0.7528089887640449,0.4417808219178082
Epidermis 1,tp53i13,8.666476,1.3460823,4.457003544969063e-18,1.1478649394096097e-16,0.702247191011236,0.4246575342465753
Epidermis 1,tnk2,8.665632,1.8495885,4.490128632662443e-18,1.15537808152602e-16,0.5786516853932584,0.2602739726027397
Epidermis 1,LOC116409729,8.646865,1.8023491,5.293360495703917e-18,1.3608638579588497e-16,0.6207865168539326,0.3595890410958904
Epidermis 1,casp3.2,8.6428585,1.4342303,5.4823924139389584e-18,1.406986941631692e-16,0.6713483146067416,0.410958904109589
Epidermis 1,creb3l4,8.641171,5.684171,5.563964239472227e-18,1.4266687603860762e-16,0.4044943820224719,0.0136986301369863
Epidermis 1,abhd17a,8.627254,3.3647199,6.284272472317197e-18,1.6085426325595795e-16,0.449438202247191,0.06506849315068493
Epidermis 1,sh3tc2,8.620084,6.704582,6.6905064616524e-18,1.7110253226645782e-16,0.398876404494382,0.00684931506849315
Epidermis 1,hspa5,8.603214,1.5645058,7.751422583794202e-18,1.9771538703916955e-16,0.6432584269662921,0.3424657534246575
Epidermis 1,ttc39c,8.582971,3.9724212,9.245432090894883e-18,2.3520733285374093e-16,0.42696629213483145,0.04794520547945205
Epidermis 1,pick1,8.560407,1.4975404,1.1247002332659532e-17,2.858792392921485e-16,0.6432584269662921,0.3595890410958904
Epidermis 1,sema4g,8.512116,5.031441,1.707865299663011e-17,4.2999664577475863e-16,0.4044943820224719,0.02054794520547945
Epidermis 1,rab11fip3,8.503893,2.9904482,1.8333707208993207e-17,4.611984470103962e-16,0.46348314606741575,0.09246575342465753
Epidermis 1,tmprss4,8.491873,5.404932,2.0333336945926326e-17,5.101834955076158e-16,0.398876404494382,0.017123287671232876
Epidermis 1,rasef2,8.482173,1.3977339,2.2102718081556655e-17,5.541033895728839e-16,0.6797752808988764,0.4075342465753425
Epidermis 1,gcm1,8.463615,6.808403,2.5921271057468204e-17,6.481648197441001e-16,0.3904494382022472,0.00684931506849315
Epidermis 1,cd38,8.449698,7.812416,2.9205683413789527e-17,7.290446898962269e-16,0.38764044943820225,0.003424657534246575
Epidermis 1,liph,8.445903,1.6733487,3.017055204124097e-17,7.518460415324082e-16,0.601123595505618,0.3013698630136986
Epidermis 1,epn3,8.433672,5.4790854,3.3498530685548324e-17,8.305305771579839e-16,0.3960674157303371,0.0136986301369863
Epidermis 1,slc37a4,8.428822,4.0330157,3.491630715622696e-17,8.649479444776867e-16,0.41853932584269665,0.03767123287671233
Epidermis 1,ptger4,8.421441,3.3523946,3.718811272036494e-17,9.196664322580268e-16,0.43820224719101125,0.07191780821917808
Epidermis 1,ggt1,8.419122,3.2176087,3.7931773596135024e-17,9.372643059920734e-16,0.44662921348314605,0.07191780821917808
Epidermis 1,atp6v0c,8.393606,2.4451115,4.714547973368317e-17,1.161002121394518e-15,0.49157303370786515,0.14383561643835616
Epidermis 1,npdc1,8.3872795,3.092433,4.9752052262626054e-17,1.2231305632370246e-15,0.44662921348314605,0.0821917808219178
Epidermis 1,rhov,8.372097,2.8458993,5.660193464143737e-17,1.3868660113192422e-15,0.46348314606741575,0.0958904109589041
Epidermis 1,pfkfb2,8.364506,1.079345,6.036766321077511e-17,1.4754240495937854e-15,0.7556179775280899,0.541095890410959
Epidermis 1,LOC116411451,8.34869,3.8594537,6.90243474496355e-17,1.6771826270160394e-15,0.41853932584269665,0.04452054794520548
Epidermis 1,LOC116408821,8.331609,1.6395482,7.975091821315338e-17,1.933000904053637e-15,0.6657303370786517,0.363013698630137
Epidermis 1,lmx1b,8.315161,2.037266,9.162784100390709e-17,2.21536263059157e-15,0.5842696629213483,0.3082191780821918
Epidermis 1,ptafr,8.2997675,5.450178,1.0431561914434332e-16,2.5158827254193893e-15,0.3904494382022472,0.017123287671232876
Epidermis 1,ccdc125,8.272986,1.0967585,1.30644765872223e-16,3.1353671192208137e-15,0.7387640449438202,0.5136986301369864
Epidermis 1,fnbp1,8.254851,4.208219,1.5209168428001165e-16,3.6233023823871395e-15,0.4044943820224719,0.03767123287671233
Epidermis 1,ggt6,8.2434635,4.051519,1.6729530959144537e-16,3.969325645022353e-15,0.40730337078651685,0.0410958904109589
Epidermis 1,stoml3,8.23524,5.797248,1.7919815825308934e-16,4.248289832843516e-15,0.3848314606741573,0.010273972602739725
Epidermis 1,gak,8.226594,1.5981956,1.9261177559540686e-16,4.555206158923412e-15,0.6179775280898876,0.3116438356164384
Epidermis 1,rnf225,8.219003,7.2799873,2.0520249692088432e-16,4.84122210451523e-15,0.3792134831460674,0.00684931506849315
Epidermis 1,slc35b1,8.218581,2.8231494,2.0592528899937738e-16,4.85435655059742e-15,0.4550561797752809,0.09931506849315068
Epidermis 1,hid1,8.214574,4.9828587,2.1291820384723792e-16,5.003064322072839e-15,0.3904494382022472,0.017123287671232876
Epidermis 1,LOC100493548,8.212888,2.36742,2.1593215007038074e-16,5.069809380487791e-15,0.49719101123595505,0.14726027397260275
Epidermis 1,far1,8.205085,1.6162876,2.3042777931260843e-16,5.4014710642236224e-15,0.6123595505617978,0.2979452054794521
Epidermis 1,dgka,8.141401,1.1927195,3.907291937604434e-16,9.071807039564354e-15,0.6797752808988764,0.4794520547945205
Epidermis 1,lrrc31,8.138449,5.955026,4.0037360274948986e-16,9.288349826960586e-15,0.3792134831460674,0.00684931506849315
Epidermis 1,endod1,8.132966,1.8209572,4.189111176507291e-16,9.695321361875266e-15,0.5617977528089888,0.23972602739726026
Epidermis 1,LOC105945488,8.125796,5.412318,4.444337697979755e-16,1.0261645754316447e-14,0.38202247191011235,0.0136986301369863
Epidermis 1,wwc1,8.122422,1.5362635,4.569688216805896e-16,1.0534428727559395e-14,0.6235955056179775,0.3287671232876712
Epidermis 1,XB5947713,8.112722,3.917747,4.949804332709752e-16,1.137482157621374e-14,0.4044943820224719,0.03767123287671233
Epidermis 1,sun1,8.111457,2.0846786,5.001627433842925e-16,1.1484883858496664e-14,0.5112359550561798,0.1917808219178082
Epidermis 1,amot,8.087628,3.600492,6.083762592486311e-16,1.391505980758743e-14,0.41292134831460675,0.05136986301369863
Epidermis 1,dennd3,8.07097,1.0475569,6.974213202641924e-16,1.5914381430634355e-14,0.7808988764044944,0.5582191780821918
Epidermis 1,ap1b1,8.058528,1.8560828,7.721864887612508e-16,1.76066952051327e-14,0.547752808988764,0.2226027397260274
Epidermis 1,dym,8.05663,2.1855328,7.842650482843902e-16,1.7854245814954055e-14,0.5056179775280899,0.17465753424657535
Epidermis 1,XB5993342,8.048617,4.3007536,8.373488589272387e-16,1.9018294091143836e-14,0.39325842696629215,0.030821917808219176
Epidermis 1,rapgef3,8.041025,4.708368,8.908972445859404e-16,2.0156205384281443e-14,0.38764044943820225,0.0273972602739726
Epidermis 1,LOC116408023,8.041025,4.0544877,8.908972445859404e-16,2.0156205384281443e-14,0.3960674157303371,0.03424657534246575
Epidermis 1,tet2,8.017829,1.5797577,1.076301420148121e-15,2.4294491746988202e-14,0.601123595505618,0.3150684931506849
Epidermis 1,st6gal2,8.009395,2.1674628,1.152746038228401e-15,2.5999937842171597e-14,0.5112359550561798,0.1780821917808219
Epidermis 1,atp6v0a2,8.001803,2.2029362,1.2261041137201018e-15,2.7590646149462888e-14,0.5,0.15753424657534246
Epidermis 1,pmm1,7.9625807,3.8087356,1.68487827731043e-15,3.7768924021519315e-14,0.398876404494382,0.0410958904109589
Epidermis 1,atp2c1,7.961315,1.2997267,1.7021996972917494e-15,3.812796885175105e-14,0.648876404494382,0.3972602739726027
Epidermis 1,bspry,7.958785,6.6444817,1.737370364264406e-15,3.8885967165247205e-14,0.36797752808988765,0.00684931506849315
Epidermis 1,srgap3,7.9562545,1.4621311,1.7732565331898515e-15,3.9598213691117306e-14,0.6292134831460674,0.3698630136986301
Epidermis 1,amd1,7.9469757,1.6783518,1.911195167630444e-15,4.2580903921498105e-14,0.5786516853932584,0.273972602739726
Epidermis 1,slc66a2,7.8946795,1.6014389,2.910626169028528e-15,6.435742325784637e-14,0.5842696629213483,0.2979452054794521
Epidermis 1,LOC100488554,7.8860335,1.7545493,3.1194285904202145e-15,6.892215958168805e-14,0.5758426966292135,0.2705479452054795
Epidermis 1,LOC100498095,7.8837137,5.4041924,3.1779141621716817e-15,7.016133600788552e-14,0.3707865168539326,0.010273972602739725
Epidermis 1,eipr1,7.858831,2.9198864,3.877354224856172e-15,8.521724913291036e-14,0.4297752808988764,0.08904109589041095
Epidermis 1,mpzl2,7.8398523,4.2061024,4.510769131791325e-15,9.891544823060181e-14,0.3848314606741573,0.03424657534246575
Epidermis 1,pik3r6,7.830574,6.441822,4.85648337243679e-15,1.0617790984270741e-13,0.36235955056179775,0.00684931506849315
Epidermis 1,copb2,7.819608,1.0351965,5.2987920313516665e-15,1.1576157688224257e-13,0.6910112359550562,0.5068493150684932
Epidermis 1,cdhr4,7.803582,4.3980722,6.0174270877490905e-15,1.3126523224029378e-13,0.38202247191011235,0.03767123287671233
Epidermis 1,rtn3,7.800419,1.2087398,6.170200740745603e-15,1.34497492805917e-13,0.6882022471910112,0.4417808219178082
Epidermis 1,ttc22,7.7772226,5.884995,7.413396049384746e-15,1.6075740350116135e-13,0.36235955056179775,0.010273972602739725
Epidermis 1,LOC100495090,7.769842,2.1451557,7.85839266193344e-15,1.7015457474146398e-13,0.48314606741573035,0.1678082191780822
Epidermis 1,slc35f2,7.7696314,3.8101475,7.871485728249875e-15,1.7031191659694457e-13,0.3904494382022472,0.04452054794520548
Epidermis 1,nt5c2,7.750442,2.7785714,9.157330756855605e-15,1.9754829177390863e-13,0.43258426966292135,0.0958904109589041
Epidermis 1,atp6v1c1,7.741796,2.2763927,9.802210524254102e-15,2.1130414147084931e-13,0.4747191011235955,0.1404109589041096
Epidermis 1,prkca,7.728511,3.271601,1.0881172483364907e-14,2.3404529276029405e-13,0.4044943820224719,0.06164383561643835
Epidermis 1,tmem184a,7.717124,3.8718534,1.1898397612791007e-14,2.5554890567192796e-13,0.3848314606741573,0.03424657534246575
Epidermis 1,ghr,7.703628,3.9626608,1.3225649445614882e-14,2.8363826775111413e-13,0.38764044943820225,0.04794520547945205
Epidermis 1,LOC100488748,7.6905537,6.2513294,1.464994503708112e-14,3.137234750028705e-13,0.35674157303370785,0.00684931506849315
Epidermis 1,mfsd6l,7.656814,5.9820137,1.906022181417727e-14,4.0638172417958846e-13,0.35674157303370785,0.00684931506849315
Epidermis 1,triqk,7.6544943,2.5377007,1.9407412672387216e-14,4.134825654712469e-13,0.44662921348314605,0.11986301369863013
Epidermis 1,ankib1,7.641631,1.2830843,2.1448678339208e-14,4.5465287638389344e-13,0.6769662921348315,0.4383561643835616
Epidermis 1,pm20d1,7.6365705,6.2823787,2.230845517129876e-14,4.725351109508942e-13,0.3539325842696629,0.00684931506849315
Epidermis 1,agr2,7.630666,3.2578015,2.3354439284689023e-14,4.939751191973552e-13,0.4044943820224719,0.0684931506849315
Epidermis 1,kank1,7.599035,1.9324635,2.983475855244125e-14,6.301299329815102e-13,0.5168539325842697,0.1917808219178082
Epidermis 1,rgs12,7.5906,2.180024,3.184279029476439e-14,6.706027399900995e-13,0.4803370786516854,0.1780821917808219
Epidermis 1,ano10l,7.580056,7.399662,3.454053710795203e-14,7.258479081254823e-13,0.34831460674157305,0.003424657534246575
Epidermis 1,ces2.2,7.57373,29.186127,3.626578314834224e-14,7.604627741816298e-13,0.3455056179775281,0.0
Epidermis 1,rnd1,7.564873,1.5990149,3.882428678099068e-14,8.11783066448597e-13,0.5617977528089888,0.2773972602739726
Epidermis 1,tlcd4,7.541466,1.6004008,4.647160347355707e-14,9.68219131244153e-13,0.5702247191011236,0.2705479452054795
Epidermis 1,mfsd1,7.5146856,1.0461007,5.704794459487707e-14,1.1843526054352638e-12,0.7191011235955056,0.5068493150684932
Epidermis 1,wwtr1,7.507094,1.0201175,6.045433286614592e-14,1.2524029794545085e-12,0.7696629213483146,0.5445205479452054
Epidermis 1,tmem181,7.467239,2.7773712,8.189501186093927e-14,1.681090654288705e-12,0.41292134831460675,0.09246575342465753
Epidermis 1,ergic1,7.467028,1.6836498,8.202630688900431e-14,1.68260419415613e-12,0.5337078651685393,0.2636986301369863
Epidermis 1,atp12a,7.4628105,8.22661,8.46960851573845e-14,1.734934313409605e-12,0.34269662921348315,0.003424657534246575
Epidermis 1,peak1,7.455008,2.4644718,8.98622178876214e-14,1.8394695315637684e-12,0.4353932584269663,0.11301369863013698
Epidermis 1,sned1,7.428438,3.2605374,1.0988741479691633e-13,2.2430998756485063e-12,0.3904494382022472,0.06506849315068493
Epidermis 1,znf608,7.4261184,1.2798741,1.1183075436200485e-13,2.2811757018532894e-12,0.6825842696629213,0.410958904109589
Epidermis 1,uba5,7.424432,1.8522843,1.1326526748629089e-13,2.307217445220745e-12,0.5168539325842697,0.2089041095890411
Epidermis 1,ganab,7.410514,3.0710373,1.2581089417622163e-13,2.5574257633276317e-12,0.398876404494382,0.06164383561643835
Epidermis 1,bicdl2,7.3995485,6.4298115,1.3664828424728256e-13,2.7719403170245085e-12,0.34269662921348315,0.00684931506849315
Epidermis 1,XB5899797,7.38542,4.169969,1.519728869358096e-13,3.0763985166347993e-12,0.36235955056179775,0.030821917808219176
Epidermis 1,scaper,7.3790936,1.7325618,1.5937052422425166e-13,3.219460811056738e-12,0.5308988764044944,0.2636986301369863
Epidermis 1,abcd1,7.3731894,5.577538,1.6659361103299303e-13,3.3630509973103722e-12,0.3455056179775281,0.010273972602739725
Epidermis 1,ufl1,7.372135,1.509518,1.6791687220055683e-13,3.3874244936469818e-12,0.5674157303370787,0.2910958904109589
Epidermis 1,epha7,7.3586392,3.68832,1.8579461791537968e-13,3.735187397719714e-12,0.37359550561797755,0.04794520547945205
Epidermis 1,dyrk3,7.344089,1.4597893,2.071655351455435e-13,4.1505522671962864e-12,0.5926966292134831,0.3047945205479452
Epidermis 1,sptssb,7.3396606,5.0528717,2.1413638118915026e-13,4.287274355164419e-12,0.34831460674157305,0.0136986301369863
Epidermis 1,pck2,7.3312254,2.7083,2.2805749330875676e-13,4.556629246007018e-12,0.41292134831460675,0.0958904109589041
Epidermis 1,arid4b,7.3276405,3.1662161,2.342397247707736e-13,4.676954504627379e-12,0.3904494382022472,0.07191780821917808
Epidermis 1,tbc1d9,7.321947,4.8431673,2.443984986224406e-13,4.876459053401065e-12,0.351123595505618,0.02054794520547945
Epidermis 1,XB5919979,7.3181515,5.5987253,2.514101653342616e-13,5.012940343032606e-12,0.34269662921348315,0.010273972602739725
Epidermis 1,stpg1,7.3141446,2.447621,2.590257387519333e-13,5.161268827169572e-12,0.4353932584269663,0.13356164383561644
Epidermis 1,nucb1,7.299173,1.4284813,2.895423274390171e-13,5.757559029503339e-12,0.5814606741573034,0.3150684931506849
Epidermis 1,slc2a11.3,7.2801943,1.997533,3.3334006054582893e-13,6.6015334077338245e-12,0.4887640449438202,0.17465753424657535
Epidermis 1,slc25a13,7.2763987,3.4164827,3.4284999495872453e-13,6.7806821398095236e-12,0.37640449438202245,0.0547945205479452
Epidermis 1,gchfr,7.2561545,3.2048283,3.9824989851160146e-13,7.828677056753614e-12,0.38202247191011235,0.0547945205479452
Epidermis 1,LOC105948358,7.2548895,6.124416,4.0199031109825684e-13,7.896894343893244e-12,0.33707865168539325,0.00684931506849315
Epidermis 1,vmp1,7.2445564,1.3924356,4.338563475927902e-13,8.48865789590686e-12,0.5758426966292135,0.3321917808219178
Epidermis 1,LOC100493583,7.233802,5.058087,4.696563359947757e-13,9.176821094561022e-12,0.34269662921348315,0.0136986301369863
Epidermis 1,rcn1,7.2245235,1.6653221,5.028616095160642e-13,9.805969117921329e-12,0.5168539325842697,0.23972602739726026
Epidermis 1,usp54,7.212293,2.599614,5.501746165982404e-13,1.0678721260148184e-11,0.4157303370786517,0.10616438356164383
Epidermis 1,scfd1,7.1865664,1.4661713,6.644100342781417e-13,1.283633160078279e-11,0.5617977528089888,0.2945205479452055
Epidermis 1,sfmbt2,7.1798186,3.9088788,6.980406898371316e-13,1.3468268913946661e-11,0.3595505617977528,0.03767123287671233
Epidermis 1,kdelr1,7.172649,1.193403,7.356043520739566e-13,1.4183674680391704e-11,0.6264044943820225,0.3972602739726027
Epidermis 1,mroh1,7.168853,1.9261814,7.562871154698913e-13,1.4572860034476197e-11,0.47752808988764045,0.18493150684931506
Epidermis 1,plcxd2,7.158731,4.503784,8.142724558496234e-13,1.5669518207334e-11,0.3455056179775281,0.02054794520547945
Epidermis 1,slc9a7,7.1249914,1.7244893,1.0408724536800399e-12,1.9951306684276228e-11,0.5056179775280899,0.2226027397260274
Epidermis 1,nans,7.122461,4.662381,1.0601688013586902e-12,2.0307859916458633e-11,0.34269662921348315,0.02054794520547945
Epidermis 1,eef2k,7.118876,3.2566586,1.0881075108845737e-12,2.0802139078264862e-11,0.37359550561797755,0.05821917808219178
Epidermis 1,LOC100038305,7.114026,3.7336879,1.127059832735685e-12,2.1518671437424432e-11,0.3595505617977528,0.04452054794520548
Epidermis 1,ryr1,7.08598,1.8161472,1.3806401120149492e-12,2.6206163061239597e-11,0.49157303370786515,0.2226027397260274
Epidermis 1,rint1,7.074382,1.9732963,1.5011656393904747e-12,2.847538793317519e-11,0.47191011235955055,0.1643835616438356
Epidermis 1,synj2,7.0583553,2.66028,1.6848479257690789e-12,3.185626760553425e-11,0.40168539325842695,0.08904109589041095
Epidermis 1,lonrf2,7.0393767,2.0574684,1.931016542821076e-12,3.63695519092802e-11,0.4550561797752809,0.17465753424657535
Epidermis 1,vamp8,7.00395,2.4764123,2.4884499468273366e-12,4.671797071015406e-11,0.41292134831460675,0.0958904109589041
Epidermis 1,cxadr,6.998678,1.3797206,2.5838867919710247e-12,4.844746299942593e-11,0.5646067415730337,0.3253424657534247
Epidermis 1,ppp1r1a,6.985393,4.709058,2.8405945519407623e-12,5.3124388578234435e-11,0.33707865168539325,0.023972602739726026
Epidermis 1,mon2,6.9832845,1.1980277,2.8835787533398025e-12,5.3859354976917426e-11,0.6123595505617978,0.386986301369863
Epidermis 1,oca2,6.9782233,5.112551,2.9893601671527518e-12,5.5728308065077856e-11,0.33146067415730335,0.017123287671232876
Epidermis 1,axl,6.969156,2.8552763,3.1884830747752172e-12,5.932689290818229e-11,0.3848314606741573,0.07876712328767123
Epidermis 1,entpd6,6.957347,2.7151413,3.4674030997488846e-12,6.443462174746322e-11,0.3904494382022472,0.09246575342465753
Epidermis 1,srpk3,6.9499664,1.2830601,3.653732783738735e-12,6.785404256764101e-11,0.6264044943820225,0.4041095890410959
Epidermis 1,txndc11,6.947225,1.8057688,3.725412342464359e-12,6.914128773496868e-11,0.4859550561797753,0.1952054794520548
Epidermis 1,ift46,6.937525,2.380881,3.990291606487527e-12,7.377622640685445e-11,0.4241573033707865,0.13356164383561644
Epidermis 1,tnik,6.918546,1.6130496,4.563018634753005e-12,8.431200866780347e-11,0.5308988764044944,0.24315068493150685
Epidermis 1,naalad2,6.895772,1.8411303,5.35730953165624e-12,9.867644292365694e-11,0.4803370786516854,0.1952054794520548
Epidermis 1,selenow2,6.8803782,2.3405585,5.969388768086838e-12,1.0960502706026781e-10,0.4157303370786517,0.10616438356164383
Epidermis 1,tll2l,6.871732,2.5581,6.342688218865534e-12,1.1609462700416934e-10,0.41292134831460675,0.1404109589041096
Epidermis 1,stim2,6.833986,1.2469596,8.258709133284058e-12,1.5050519119390667e-10,0.6067415730337079,0.3664383561643836
Epidermis 1,copg1,6.8251295,1.4872153,8.784615132428e-12,1.5988984118057462e-10,0.5337078651685393,0.2705479452054795
Epidermis 1,tbc1d23,6.822177,1.0895914,8.967103232070168e-12,1.6310976638247857e-10,0.6432584269662921,0.4315068493150685
Epidermis 1,flii,6.8088923,1.6904216,9.835323780131308e-12,1.7834761130087982e-10,0.4803370786516854,0.21575342465753425
Epidermis 1,LOC101734060,6.7829547,4.6530704,1.1774262605572522e-11,2.127153709663105e-10,0.3258426966292135,0.02054794520547945
Epidermis 1,cyp2k1.4,6.781689,2.0792453,1.1877863829334542e-11,2.1432212197239384e-10,0.43820224719101125,0.1506849315068493
Epidermis 1,bok,6.7749414,4.685648,1.2445666438184648e-11,2.2442891773878805e-10,0.3258426966292135,0.02054794520547945
Epidermis 1,bcat1,6.766928,4.3209963,1.3154527395773969e-11,2.3677339304548577e-10,0.32865168539325845,0.02054794520547945
Epidermis 1,btnl10.2,6.764609,6.9210997,1.3367002871471904e-11,2.404497605759971e-10,0.31179775280898875,0.003424657534246575
Epidermis 1,XB5721655,6.7627106,6.0226817,1.354334350448591e-11,2.4347200121748315e-10,0.3146067415730337,0.00684931506849315
Epidermis 1,hhla2,6.758704,6.876277,1.3923133568190277e-11,2.499920868131265e-10,0.31179775280898875,0.003424657534246575
Epidermis 1,per2,6.7481604,1.906492,1.497312571454847e-11,2.681859300012049e-10,0.45786516853932585,0.1815068493150685
Epidermis 1,tbcd,6.74078,2.9038954,1.5753865791490938e-11,2.819970918255184e-10,0.36797752808988765,0.0684931506849315
Epidermis 1,mtss1,6.727706,1.2446889,1.723589767560205e-11,3.0758395906930616e-10,0.6067415730337079,0.363013698630137
Epidermis 1,snx31,6.7234883,6.271393,1.7742471341932393e-11,3.1604520401951604e-10,0.31179775280898875,0.00684931506849315
Epidermis 1,fam169a,6.715475,3.3554475,1.874543998440549e-11,3.3330167651104437e-10,0.34831460674157305,0.04794520547945205
Epidermis 1,sppl2a,6.7083054,1.2593385,1.968974749086419e-11,3.492421170542786e-10,0.6067415730337079,0.3424657534246575
Epidermis 1,krt222,6.699027,6.0427117,2.098118267737076e-11,3.710229587672261e-10,0.31179775280898875,0.00684931506849315
Epidermis 1,mgat2l,6.6770964,3.3014174,2.437230348824534e-11,4.2994979074526227e-10,0.34831460674157305,0.05136986301369863
Epidermis 1,kcnma1,6.646941,2.7037227,2.9924637053166064e-11,5.244167060558137e-10,0.3792134831460674,0.09246575342465753
Epidermis 1,micu1,6.635765,1.1449106,3.228238737390693e-11,5.650577636686667e-10,0.5870786516853933,0.3972602739726027
Epidermis 1,XB5892783,6.632391,5.9465194,3.302922389903879e-11,5.774385429382793e-10,0.3089887640449438,0.00684931506849315
Epidermis 1,pdcd6,6.6309147,1.1315228,3.3361257522883383e-11,5.828947511365237e-10,0.6264044943820225,0.4075342465753425
Epidermis 1,hycc2,6.6250105,1.4077803,3.4722366320617305e-11,6.045083322918192e-10,0.5252808988764045,0.2910958904109589
Epidermis 1,muc16,6.615943,3.8180907,3.691909345253992e-11,6.419881146408058e-10,0.34269662921348315,0.0547945205479452
Epidermis 1,aftph,6.605821,1.0295537,3.953204585870572e-11,6.857930163179982e-10,0.6769662921348315,0.4589041095890411
Epidermis 1,tsc22d2,6.593801,1.4166623,4.287057971031412e-11,7.393214840779894e-10,0.5365168539325843,0.2979452054794521
Epidermis 1,XB5896658,6.5935903,7.2061625,4.293154599375064e-11,7.399363331033755e-10,0.30337078651685395,0.003424657534246575
Epidermis 1,atp2b1,6.587686,1.2426727,4.4673466792903175e-11,7.685992394487068e-10,0.5926966292134831,0.3561643835616438
Epidermis 1,ptprh,6.5864205,4.8854356,4.5055634618571844e-11,7.74718385609102e-10,0.3146067415730337,0.017123287671232876
Epidermis 1,slc3a2,6.5851555,2.805849,4.5441000510525957e-11,7.808852944874687e-10,0.3651685393258427,0.07876712328767123
Epidermis 1,fxyd3,6.572503,1.0466937,4.947640830922447e-11,8.477402645292734e-10,0.6741573033707865,0.4554794520547945
Epidermis 1,MGC147226,6.550572,5.257349,5.731707144677903e-11,9.75792262935817e-10,0.3089887640449438,0.010273972602739725
Epidermis 1,vapa,6.5429807,1.6717572,6.030462904881651e-11,1.0254593436451166e-09,0.47191011235955055,0.19863013698630136
Epidermis 1,copz1,6.5337024,1.9847841,6.416345201314919e-11,1.0872822410413704e-09,0.42696629213483145,0.1506849315068493
Epidermis 1,atosa,6.5282197,4.223914,6.655610066738674e-11,1.1265207751061852e-09,0.3202247191011236,0.0273972602739726
Epidermis 1,LOC101734574,6.5161996,6.8777957,7.211093911066551e-11,1.2191294743457857e-09,0.300561797752809,0.003424657534246575
Epidermis 1,mapk13,6.5138803,2.0082092,7.323394526271339e-11,1.2366848376512853e-09,0.42696629213483145,0.15753424657534246
Epidermis 1,gan,6.494058,1.4402152,8.355453821969963e-11,1.4069024808179954e-09,0.5308988764044944,0.2671232876712329
Epidermis 1,lrrk2,6.4896297,1.3279121,8.604760847111982e-11,1.448047002429075e-09,0.5646067415730337,0.3047945205479452
Epidermis 1,sms,6.4746575,4.9308553,9.502713247447634e-11,1.5954842672954728e-09,0.3089887640449438,0.017123287671232876
Epidermis 1,socs5,6.4645357,2.9018939,1.0161027272615437e-10,1.7040561572336308e-09,0.35674157303370785,0.07534246575342465
Epidermis 1,use1,6.4611616,1.6031467,1.0390216607516296e-10,1.7404952530332885e-09,0.47752808988764045,0.22602739726027396
Epidermis 1,fam219b,6.437544,2.1956992,1.2142216874529624e-10,2.025851264037531e-09,0.398876404494382,0.11986301369863013
Epidermis 1,csrnp2,6.4333267,1.2056723,1.2484109410395244e-10,2.08051882654084e-09,0.5758426966292135,0.3493150684931507
Epidermis 1,fmn1,6.427,1.1234392,1.3014658007762873e-10,2.165233171456554e-09,0.6460674157303371,0.4143835616438356
Epidermis 1,prdm2,6.422572,1.0460706,1.3399089089060746e-10,2.2241270480541434e-09,0.6544943820224719,0.4349315068493151
Epidermis 1,zdhhc13,6.4185653,1.9431344,1.3756455817567897e-10,2.28085626774434e-09,0.42696629213483145,0.1506849315068493
Epidermis 1,hacl1,6.406335,1.9583871,1.4905956483259028e-10,2.4658518051055158e-09,0.4157303370786517,0.1541095890410959
Epidermis 1,ncmap,6.4038043,28.86918,1.5155244144358467e-10,2.504256311948798e-09,0.29213483146067415,0.0
Epidermis 1,mid1ip1,6.4016953,4.300814,1.5366092088093572e-10,2.536229462603406e-09,0.31179775280898875,0.02054794520547945
Epidermis 1,LOC101732803,6.40043,4.101181,1.549397393869029e-10,2.555893635450654e-09,0.3146067415730337,0.023972602739726026
Epidermis 1,plekhg3,6.3949475,1.3869305,1.6060250477524925e-10,2.646320077274696e-09,0.5393258426966292,0.2910958904109589
Epidermis 1,MGC89056,6.3915734,1.3925195,1.6418727647876992e-10,2.702341373170565e-09,0.5224719101123596,0.273972602739726
Epidermis 1,tlcd4.2,6.387145,2.9657984,1.690111423065753e-10,2.780171469197244e-09,0.3455056179775281,0.06506849315068493
Epidermis 1,mxi1,6.375969,2.0926054,1.8180980498380843e-10,2.9873425573252974e-09,0.40730337078651685,0.136986301369863
Epidermis 1,tmt1a,6.3751254,4.9205203,1.8281328300402793e-10,3.0021433008374947e-09,0.30337078651685395,0.0136986301369863
Epidermis 1,ern2,6.372595,4.0546584,1.8585629470609562e-10,3.0486898712423576e-09,0.3146067415730337,0.0273972602739726
Epidermis 1,grb7,6.348977,3.9175396,2.1675127231373855e-10,3.551489036436598e-09,0.31741573033707865,0.03424657534246575
Epidermis 1,tm9sf1,6.319033,3.0294554,2.632049228744797e-10,4.290988901586122e-09,0.33707865168539325,0.05821917808219178
Epidermis 1,atp12al,6.3087,3.9093251,2.813884155419171e-10,4.577220241906388e-09,0.31741573033707865,0.03767123287671233
Epidermis 1,ovol2,6.3017416,1.0133219,2.943198079881417e-10,4.77693631721342e-09,0.6432584269662921,0.4452054794520548
Epidermis 1,LOC101732938,6.2817087,7.004388,3.3487231850843035e-10,5.40510918957478e-09,0.2893258426966292,0.003424657534246575
Epidermis 1,pdia4,6.2633624,1.3030024,3.7676337253263417e-10,6.0611833475516945e-09,0.5393258426966292,0.3082191780821918
Epidermis 1,gclm,6.260832,1.991546,3.8292883447624363e-10,6.1569817164879414e-09,0.4101123595505618,0.14383561643835616
Epidermis 1,reps2,6.2599883,1.6605386,3.8500579256929615e-10,6.186973239468442e-09,0.46629213483146065,0.22945205479452055
Epidermis 1,arl1,6.2363706,1.5303744,4.478391323860642e-10,7.149527951270913e-09,0.47191011235955055,0.22945205479452055
Epidermis 1,gpr160,6.219501,3.9585176,4.987389829970234e-10,7.936112799121389e-09,0.3089887640449438,0.0273972602739726
Epidermis 1,tmem65,6.216127,4.7737594,5.095761257048331e-10,8.099738842021737e-09,0.29775280898876405,0.017123287671232876
Epidermis 1,scamp1,6.208957,1.7977933,5.33373594740415e-10,8.468790628928338e-09,0.43258426966292135,0.1678082191780822
Epidermis 1,hcfc2,6.200944,2.2785628,5.612549451488054e-10,8.89698660609801e-09,0.37640449438202245,0.11643835616438356
Epidermis 1,otx1,6.197992,4.243516,5.718814077543e-10,9.05071219819488e-09,0.30337078651685395,0.023972602739726026
Epidermis 1,tmc5,6.1946177,4.642989,5.842664248160371e-10,9.236718152405399e-09,0.29775280898876405,0.017123287671232876
Epidermis 1,LOC100495331,6.177959,3.072763,6.493566773463866e-10,1.0210513736155046e-08,0.3342696629213483,0.06506849315068493
Epidermis 1,LOC100495391,6.175639,3.7571511,6.589633524186077e-10,1.0355998792767913e-08,0.3089887640449438,0.0273972602739726
Epidermis 1,ildr1,6.1735306,2.7420917,6.678169207949628e-10,1.0489498340546778e-08,0.34269662921348315,0.06506849315068493
Epidermis 1,prtg,6.167626,1.1250099,6.93228832113942e-10,1.0882799136156089e-08,0.6151685393258427,0.3972602739726027
Epidermis 1,psph,6.157504,28.731443,7.390035723166849e-10,1.1582741781441831e-08,0.2808988764044944,0.0
Epidermis 1,slc35c1,6.1537085,2.6480024,7.569183770194865e-10,1.1857170996064635e-08,0.34831460674157305,0.0821917808219178
Epidermis 1,nt5c3a,6.146328,4.2741942,7.929734650772702e-10,1.2395405004103576e-08,0.300561797752809,0.023972602739726026
Epidermis 1,LOC100498522,6.1418996,3.7435048,8.15404913040569e-10,1.2732425754855165e-08,0.3089887640449438,0.030821917808219176
Epidermis 1,sh3bgrl2,6.1351514,5.7241254,8.507809801490142e-10,1.326356204305911e-08,0.28651685393258425,0.00684931506849315
Epidermis 1,irak2,6.1267166,3.6660824,8.971109660467794e-10,1.3941228414945988e-08,0.3089887640449438,0.030821917808219176
Epidermis 1,gnpnat1,6.103099,1.6023203,1.0403155485627631e-09,1.6140904352461852e-08,0.449438202247191,0.20205479452054795
Epidermis 1,tgoln2,6.101201,1.2551504,1.0527452812059857e-09,1.630778872015483e-08,0.5308988764044944,0.3047945205479452
Epidermis 1,glb1l2,6.0900245,5.9725757,1.1289337647068247e-09,1.7441787989505914e-08,0.28370786516853935,0.00684931506849315
Epidermis 1,LOC116409572,6.0841203,6.6600356,1.1713278753822047e-09,1.806811879962914e-08,0.2808988764044944,0.003424657534246575
Epidermis 1,zfhx2,6.0600805,1.6677119,1.3605342267074531e-09,2.094248340225675e-08,0.43820224719101125,0.2089041095890411
Epidermis 1,igf2r,6.05755,1.671254,1.3821035515988168e-09,2.126329942988685e-08,0.43258426966292135,0.1952054794520548
Epidermis 1,ift52,6.0554414,3.7917578,1.4003322843622483e-09,2.1532410838607513e-08,0.30337078651685395,0.030821917808219176
Epidermis 1,tmco4,6.037728,1.8688743,1.562992937506305e-09,2.400832714463836e-08,0.4044943820224719,0.1404109589041096
Epidermis 1,serp1,6.0351973,1.1735626,1.5876842742442652e-09,2.4374789401488505e-08,0.5224719101123596,0.3219178082191781
Epidermis 1,prss8,6.02128,4.117176,1.7304331136291153e-09,2.6510634352459473e-08,0.2949438202247191,0.02054794520547945
Epidermis 1,selenom,6.018749,1.887446,1.7576981626390036e-09,2.6914235197538354e-08,0.40730337078651685,0.1643835616438356
Epidermis 1,stxbp5,6.014743,3.8579051,1.8017260573206646e-09,2.7545112124236584e-08,0.300561797752809,0.030821917808219176
Epidermis 1,ugdh,6.012845,1.0249177,1.8229546541999598e-09,2.7840536832246093e-08,0.5955056179775281,0.410958904109589
Epidermis 1,cep135,6.004621,1.120066,1.9177957369631145e-09,2.922788695889927e-08,0.5814606741573034,0.3664383561643836
Epidermis 1,LOC100495624,5.9904923,3.4865773,2.092067939693601e-09,3.1817501532353614e-08,0.3089887640449438,0.04452054794520548
Epidermis 1,rflna,5.972779,28.80324,2.3324588680652868e-09,3.5381476477642134e-08,0.27247191011235955,0.0
Epidermis 1,wdr20,5.967718,1.1260439,2.4059478038825832e-09,3.647731341042105e-08,0.5561797752808989,0.3458904109589041
Epidermis 1,thtpa,5.922169,3.6324308,3.1772227827115926e-09,4.7798970232343064e-08,0.300561797752809,0.03424657534246575
Epidermis 1,slc17a5,5.918795,2.0995562,3.2430824846068176e-09,4.873961136634544e-08,0.37640449438202245,0.13013698630136986
Epidermis 1,usp32,5.9107823,1.0324321,3.4048712400662135e-09,5.109229528664039e-08,0.6151685393258427,0.4178082191780822
Epidermis 1,LOC116411481,5.9101496,6.939749,3.4179735298135206e-09,5.1262588122103136e-08,0.27247191011235955,0.003424657534246575
Epidermis 1,myo1e,5.8757772,2.5147188,4.208641976841366e-09,6.263890714106416e-08,0.3455056179775281,0.08904109589041095
Epidermis 1,tnk2l,5.8584857,1.173252,4.671073196774953e-09,6.923942221852366e-08,0.5308988764044944,0.3356164383561644
Epidermis 1,ackr3,5.8557444,4.373063,4.748787544710431e-09,7.032006520741166e-08,0.28370786516853935,0.017123287671232876
Epidermis 1,dennd11,5.853846,2.0906239,4.80332529905796e-09,7.105566893560891e-08,0.3707865168539326,0.11643835616438356
Epidermis 1,mocos,5.8333917,1.4536976,5.431190092376157e-09,8.010046296177974e-08,0.4691011235955056,0.25
Epidermis 1,rhbdl2,5.8264327,1.774552,5.662466465066064e-09,8.338516737548923e-08,0.4044943820224719,0.1643835616438356
Epidermis 1,LOC100489443,5.8205285,2.444688,5.866190604893123e-09,8.629824739387562e-08,0.34269662921348315,0.09246575342465753
Epidermis 1,tep1,5.804502,1.1926563,6.455761784381825e-09,9.463810066161742e-08,0.5337078651685393,0.3184931506849315
Epidermis 1,fam241a,5.781306,3.965842,7.412299003054334e-09,1.0806429534078865e-07,0.28651685393258425,0.0273972602739726
Epidermis 1,XB13580952,5.7726603,6.5441046,7.802977201115557e-09,1.1347702814219345e-07,0.26685393258426965,0.003424657534246575
Epidermis 1,kit,5.7703404,3.5704637,7.91115458326146e-09,1.1499301821149464e-07,0.30337078651685395,0.05136986301369863
Epidermis 1,c-answer,5.7680206,1.2429171,8.020789644713986e-09,1.1647079091139321e-07,0.5028089887640449,0.2910958904109589
Epidermis 1,spast,5.762538,2.5272493,8.285832229654185e-09,1.200808933589596e-07,0.3342696629213483,0.07876712328767123
Epidermis 1,dnaja4,5.758953,2.0719063,8.463712804368266e-09,1.2241602621696624e-07,0.3707865168539326,0.1232876712328767
Epidermis 1,nek6,5.7340703,2.6183898,9.804871628299188e-09,1.4111580628597417e-07,0.3342696629213483,0.08904109589041095
Epidermis 1,cpeb3,5.7275333,1.233303,1.019015431566564e-08,1.4658877992186136e-07,0.5028089887640449,0.2979452054794521
Epidermis 1,f11r,5.7153025,1.0307499,1.095090620429213e-08,1.5714577283144983e-07,0.5758426966292135,0.3664383561643836
Epidermis 1,tbc1d16,5.713826,2.5197954,1.1046371911621275e-08,1.5836022430044215e-07,0.33146067415730335,0.08561643835616438
Epidermis 1,cep43,5.703915,1.7730417,1.1708627195232326e-08,1.6777200075678238e-07,0.41292134831460675,0.1815068493150685
Epidermis 1,dennd4c,5.6902084,1.0622165,1.2688432162558483e-08,1.815445719744234e-07,0.5533707865168539,0.363013698630137
Epidermis 1,mindy4b,5.669332,7.155263,1.4335528804835126e-08,2.0461027465533964e-07,0.2612359550561798,0.003424657534246575
Epidermis 1,aadac,5.6649036,28.76843,1.4710711295848198e-08,2.095559463396387e-07,0.25842696629213485,0.0
Epidermis 1,galnt6,5.664693,6.7603736,1.4728813026420828e-08,2.0971160914530308e-07,0.2612359550561798,0.003424657534246575
Epidermis 1,fzd3,5.644027,1.1889329,1.661177631993882e-08,2.3583236212148213e-07,0.5308988764044944,0.3321917808219178
Epidermis 1,trappc12,5.640021,2.4213202,1.7002976633722647e-08,2.4126893688366346e-07,0.33146067415730335,0.08561643835616438
Epidermis 1,arid1b,5.6250486,1.7075217,1.85455708449904e-08,2.6226685117073753e-07,0.40730337078651685,0.18835616438356165
Epidermis 1,iqsec2,5.611342,1.0045834,2.0076369433987732e-08,2.8322990102552866e-07,0.5898876404494382,0.3972602739726027
Epidermis 1,polk,5.590887,3.3632197,2.259123797996021e-08,3.1794149128176065e-07,0.2893258426966292,0.03767123287671233
Epidermis 1,rph3al,5.5531406,1.1458958,2.8058188477577408e-08,3.920501469350216e-07,0.5224719101123596,0.3219178082191781
Epidermis 1,faah.2,5.55293,5.36157,2.809207022489979e-08,3.923360271113453e-07,0.2612359550561798,0.010273972602739725
Epidermis 1,sytl4,5.545971,1.4499174,2.9232709819402548e-08,4.070992571371872e-07,0.4438202247191011,0.2328767123287671
Epidermis 1,atp7b,5.5419645,4.691087,2.990969312381161e-08,4.1573477874566677e-07,0.26685393258426965,0.017123287671232876
Epidermis 1,slc12a8,5.5396447,1.7902586,3.030855724253878e-08,4.210786296371915e-07,0.3848314606741573,0.14383561643835616
Epidermis 1,XB5899551,5.521299,4.059898,3.365027581645318e-08,4.65955098242891e-07,0.27247191011235955,0.023972602739726026
Epidermis 1,atp6v0d1,5.5069594,1.8432748,3.650841590670664e-08,5.036231738409352e-07,0.3792134831460674,0.14726027397260275
Epidermis 1,vsig10,5.4985247,3.731961,3.8298214675775126e-08,5.270692623293703e-07,0.27808988764044945,0.030821917808219176
Epidermis 1,lrat,5.498314,3.1463594,3.834403238873922e-08,5.274514874142288e-07,0.29213483146067415,0.04794520547945205
Epidermis 1,susd6,5.492831,1.286449,3.955412553986518e-08,5.433301896878754e-07,0.4747191011235955,0.2534246575342466
Epidermis 1,slmap,5.478492,1.2919872,4.2896692123050155e-08,5.878636696900512e-07,0.47191011235955055,0.2602739726027397
Epidermis 1,scin,5.475961,4.3273716,4.3514320726812116e-08,5.954902196467439e-07,0.26685393258426965,0.02054794520547945
Epidermis 1,neurl1b,5.460778,3.344563,4.7405188467901444e-08,6.466173887565222e-07,0.2893258426966292,0.04794520547945205
Epidermis 1,lifr,5.4565606,1.3718826,4.8544517150725665e-08,6.615406903649706e-07,0.4550561797752809,0.2328767123287671
Epidermis 1,rpn1,5.4447517,1.1405231,5.187765230687492e-08,7.059756306248886e-07,0.4943820224719101,0.3116438356164384
Epidermis 1,cstb,5.433365,3.6390657,5.5301219291298376e-08,7.511663295092672e-07,0.2752808988764045,0.03424657534246575
Epidermis 1,kctd5,5.429358,1.8725297,5.6557099532229245e-08,7.675118739213525e-07,0.36797752808988765,0.13356164383561644
Epidermis 1,XB5967085,5.412699,1.3580475,6.208176409139981e-08,8.385915185562421e-07,0.4606741573033708,0.2328767123287671
Epidermis 1,zzef1,5.4057403,1.5646232,6.454126329395901e-08,8.714113936931714e-07,0.40730337078651685,0.18835616438356165
Epidermis 1,ttc39al,5.3987813,3.379689,6.709504476708219e-08,9.054733396059923e-07,0.27808988764044945,0.03424657534246575
Epidermis 1,kdelr3,5.398149,1.0828562,6.73320013842171e-08,9.082518377766727e-07,0.5196629213483146,0.3253424657534247
Epidermis 1,cmtm4,5.377272,2.4263704,7.562273112603099e-08,1.0172701580971063e-06,0.3258426966292135,0.10273972602739725
Epidermis 1,acbd3,5.376007,1.0535517,7.615577894252086e-08,1.0239694453858452e-06,0.5365168539325843,0.3356164383561644
Epidermis 1,LOC116412007,5.3553414,6.01845,8.53949617441949e-08,1.1450367553874133e-06,0.25,0.00684931506849315
Epidermis 1,ap1ar,5.3435326,2.0316043,9.115241736837137e-08,1.2199983113987472e-06,0.34269662921348315,0.1095890410958904
Epidermis 1,casz1,5.3422675,1.9019661,9.179112601211747e-08,1.2274228748674317e-06,0.37640449438202245,0.16095890410958905
Epidermis 1,zfyve27,5.3372064,1.5607672,9.438956306933243e-08,1.2615918235389374e-06,0.4044943820224719,0.1815068493150685
Epidermis 1,grin1,5.3319345,3.8025026,9.717194793723098e-08,1.297593974487528e-06,0.26685393258426965,0.023972602739726026
Epidermis 1,lpin2,5.323289,1.9026977,1.019077745092797e-07,1.3595920386493632e-06,0.37640449438202245,0.1643835616438356
Epidermis 1,clta,5.3169627,1.1348857,1.0551376451099078e-07,1.4051356949525154e-06,0.5056179775280899,0.3013698630136986
Epidermis 1,rhobtb1,5.309793,1.9929556,1.0974989174833352e-07,1.4602180635846778e-06,0.3455056179775281,0.11643835616438356
Epidermis 1,sult6b1.5,5.2954535,28.621395,1.1872141756382686e-07,1.5767132016393561e-06,0.24157303370786518,0.0
Epidermis 1,LOC100487727,5.2520137,1.1670836,1.5044539040072084e-07,1.9791490579673584e-06,0.47191011235955055,0.3013698630136986
Epidermis 1,dmpk,5.237252,5.301489,1.6298472309707657e-07,2.13929341753509e-06,0.24719101123595505,0.010273972602739725
Epidermis 1,LOC101732592,5.230926,6.8097687,1.6866283034600097e-07,2.211836336403748e-06,0.24157303370786518,0.003424657534246575
Epidermis 1,itln2,5.220804,3.9741051,1.7814773485910492e-07,2.3320360222420493e-06,0.25842696629213485,0.023972602739726026
Epidermis 1,LOC116411777,5.220804,1.9885337,1.7814773485910492e-07,2.3320360222420493e-06,0.3455056179775281,0.1232876712328767
Epidermis 1,map3k2,5.2199607,1.1819397,1.7896101489876298e-07,2.3416335839327397e-06,0.48314606741573035,0.2671232876712329
Epidermis 1,gmppb,5.213213,1.9043944,1.8559774000390977e-07,2.425215707668434e-06,0.3455056179775281,0.1232876712328767
Epidermis 1,ttc13,5.201404,1.8618251,1.977887052652947e-07,2.579902562967349e-06,0.351123595505618,0.1232876712328767
Epidermis 1,arcn1,5.2003493,1.0377973,1.9891406377558084e-07,2.593424174051741e-06,0.5196629213483146,0.3253424657534247
Epidermis 1,XB5992952,5.187697,1.6276191,2.1291046870388435e-07,2.772198623912358e-06,0.3792134831460674,0.1678082191780822
Epidermis 1,rab11fip2,5.1803164,1.8796108,2.2150963424031264e-07,2.879034290119422e-06,0.3455056179775281,0.1232876712328767
Epidermis 1,spryd7,5.179895,1.5271128,2.220110206369271e-07,2.884268508550229e-06,0.3960674157303371,0.1780821917808219
Epidermis 1,sh3bp1,5.174834,5.805312,2.2811385017479373e-07,2.9596076140521064e-06,0.24157303370786518,0.00684931506849315
Epidermis 1,cep70,5.156277,1.9389694,2.51908142937401e-07,3.263974701331192e-06,0.34269662921348315,0.11986301369863013
Epidermis 1,mcf2l.2,5.141305,1.8885108,2.728367232158761e-07,3.5242113373059098e-06,0.3455056179775281,0.1267123287671233
Epidermis 1,pkdcc.2,5.1402507,1.723048,2.743722335644975e-07,3.540916008531491e-06,0.37640449438202245,0.1643835616438356
Epidermis 1,laptm4a,5.139407,1.5355946,2.7560664787495304e-07,3.55527710681057e-06,0.39325842696629215,0.17465753424657535
Epidermis 1,fam177b,5.116633,3.96163,3.110382949338116e-07,3.989451688990894e-06,0.25280898876404495,0.02054794520547945
Epidermis 1,LOC100494493,5.116211,4.077816,3.117342171691496e-07,3.9966240798558825e-06,0.25280898876404495,0.023972602739726026
Epidermis 1,tmf1,5.1153674,1.0053413,3.1313057449631463e-07,4.012766253003847e-06,0.5280898876404494,0.3424657534246575
Epidermis 1,ppp1r14c,5.1098847,2.718277,3.2235520016699137e-07,4.125553789877988e-06,0.28651685393258425,0.06164383561643835
Epidermis 1,cntrob,5.109674,3.0474606,3.22715182314505e-07,4.128353389162055e-06,0.27808988764044945,0.05136986301369863
Epidermis 1,pcsk7,5.1086197,1.6020356,3.245209224221557e-07,4.149637394279105e-06,0.38202247191011235,0.16095890410958905
Epidermis 1,prr18,5.108409,2.6033394,3.248832391397176e-07,4.152453853648048e-06,0.2893258426966292,0.05821917808219178
Epidermis 1,grhl2,5.1056676,1.0807899,3.296290404155497e-07,4.209430528784156e-06,0.5337078651685393,0.3082191780821918
Epidermis 1,clcn2,5.1052456,2.30667,3.303650782392188e-07,4.216987599131268e-06,0.3089887640449438,0.07876712328767123
Epidermis 1,rell2,5.104402,1.9907277,3.318419166326922e-07,4.233989989127118e-06,0.33146067415730335,0.09931506849315068
Epidermis 1,rell1,5.0906954,1.1346116,3.5675275874711775e-07,4.539939003455376e-06,0.4803370786516854,0.2910958904109589
Epidermis 1,pcyt2,5.074669,1.7839452,3.88171104088974e-07,4.914088152284452e-06,0.351123595505618,0.13356164383561644
Epidermis 1,gns,5.066234,2.8725743,4.057629472971426e-07,5.127910381514386e-06,0.27808988764044945,0.05136986301369863
Epidermis 1,shf,5.059275,1.1404749,4.2085301761771603e-07,5.314019247509053e-06,0.48314606741573035,0.3013698630136986
Epidermis 1,chmp3,5.0571666,1.3241469,4.2553168093096876e-07,5.36845773210753e-06,0.42696629213483145,0.21575342465753425
Epidermis 1,cdkl5,5.053371,1.2297219,4.340800282335036e-07,5.464510467396014e-06,0.46629213483146065,0.2773972602739726
Epidermis 1,LOC101730595,5.0327053,1.7664673,4.83606540520394e-07,6.067082740751775e-06,0.3539325842696629,0.14726027397260275
Epidermis 1,lrfn4,5.0268006,5.3666115,4.987301095275527e-07,6.2514493274442085e-06,0.23595505617977527,0.00684931506849315
Epidermis 1,sec14l3,5.0238485,4.5531983,5.064619302974e-07,6.334783348105818e-06,0.24157303370786518,0.0136986301369863
Epidermis 1,tmem87a,5.011196,1.1592927,5.409275669864172e-07,6.7514319857301294e-06,0.46629213483146065,0.2773972602739726
Epidermis 1,dedd2,5.009509,1.1878641,5.456904339463048e-07,6.807971436058232e-06,0.45786516853932585,0.273972602739726
Epidermis 1,vps4b,5.000231,1.1727109,5.726176240681579e-07,7.137819091316129e-06,0.4606741573033708,0.2534246575342466
Epidermis 1,atp7a,5.00002,3.799094,5.732442508375117e-07,7.14258426949331e-06,0.25,0.023972602739726026
Epidermis 1,rundc1,4.9989653,1.9572915,5.763873137683707e-07,7.175629288229661e-06,0.3258426966292135,0.10616438356164383
Epidermis 1,orai2,4.9953804,2.8793435,5.871984756449834e-07,7.297788538086102e-06,0.27247191011235955,0.05136986301369863
Epidermis 1,paqr5,4.994748,2.5907815,5.891265101679448e-07,7.315529744570602e-06,0.29213483146067415,0.07191780821917808
Epidermis 1,chst6,4.988422,1.4734257,6.087455302311706e-07,7.549529314462176e-06,0.38764044943820225,0.1952054794520548
Epidermis 1,plaat1,4.9875784,28.434519,6.114085080114339e-07,7.579339311994158e-06,0.22752808988764045,0.0
Epidermis 1,LOC108648384,4.986313,4.4869776,6.154240389711373e-07,7.625883884343075e-06,0.24157303370786518,0.017123287671232876
Epidermis 1,slc35a2,4.9842043,1.5125943,6.221731414189184e-07,7.699721886882474e-06,0.38202247191011235,0.17123287671232876
Epidermis 1,emx1l,4.974926,2.011827,6.527261382213626e-07,8.070997354631409e-06,0.3258426966292135,0.10273972602739725
Epidermis 1,atp8b4,4.9736605,1.2086245,6.570028583535051e-07,8.120444208258481e-06,0.44662921348314605,0.2671232876712329
Epidermis 1,LOC100486003,4.973239,1.8835884,6.584344231715788e-07,8.13469848847355e-06,0.33146067415730335,0.1232876712328767
Epidermis 1,ccdc85c,4.9654365,1.1873046,6.854669627408959e-07,8.436583068580685e-06,0.45786516853932585,0.2979452054794521
Epidermis 1,LOC100485511,4.9572124,5.715082,7.151174818836819e-07,8.775650341285434e-06,0.2303370786516854,0.003424657534246575
Epidermis 1,ttc29,4.9559474,3.727982,7.197873974148299e-07,8.829251117848466e-06,0.2556179775280899,0.03424657534246575
Epidermis 1,sec23a,4.953417,2.143508,7.292155292975979e-07,8.933654290401544e-06,0.31179775280898875,0.0958904109589041
Epidermis 1,mal,4.952995,3.2966561,7.307984077289348e-07,8.949295457195012e-06,0.2556179775280899,0.0273972602739726
Epidermis 1,bak1,4.941608,1.5953193,7.748092957851345e-07,9.46445905770801e-06,0.37640449438202245,0.17465753424657535
Epidermis 1,ganc,4.9335947,3.9074807,8.072988148890207e-07,9.8284679958438e-06,0.2443820224719101,0.02054794520547945
Epidermis 1,cntln,4.931486,1.804623,8.160644104155823e-07,9.93104861817564e-06,0.3707865168539326,0.1780821917808219
Epidermis 1,marveld3,4.9125075,1.2342229,8.99190179853092e-07,1.0901795166854306e-05,0.44662921348314605,0.2328767123287671
Epidermis 1,gtpbp1,4.9125075,1.6820898,8.99190179853092e-07,1.0901795166854306e-05,0.34831460674157305,0.13356164383561644
Epidermis 1,pparg,4.9040723,2.8851936,9.386986547024462e-07,1.1352544632026152e-05,0.26685393258426965,0.04794520547945205
Epidermis 1,ufsp2,4.902807,1.5392604,9.44767219778473e-07,1.1421211993939018e-05,0.3707865168539326,0.16095890410958905
Epidermis 1,cptp,4.8992224,4.8174663,9.62167302562912e-07,1.1626751724355718e-05,0.23314606741573032,0.010273972602739725
Epidermis 1,cep55,4.8988004,1.211965,9.642345393473676e-07,1.1642106493045395e-05,0.4353932584269663,0.25
Epidermis 1,lman1,4.896059,1.1409905,9.777761716815172e-07,1.1795862680322919e-05,0.4606741573033708,0.2602739726027397
Epidermis 1,bmp5,4.8939505,1.5237575,9.883172005485521e-07,1.1918110597869111e-05,0.40168539325842695,0.2054794520547945
Epidermis 1,slc24a3,4.8922634,2.3568184,9.968287015319172e-07,1.2015793721434834e-05,0.2949438202247191,0.0821917808219178
Epidermis 1,cfap97,4.8855157,2.1856952,1.0315857028061632e-06,1.2424508314267392e-05,0.300561797752809,0.0821917808219178
Epidermis 1,LOC100486641,4.864428,28.373339,1.1478816951791636e-06,1.378542721108551e-05,0.22191011235955055,0.0
Epidermis 1,igsf9,4.854939,1.8827775,1.2042387417421742e-06,1.4438516267377152e-05,0.32303370786516855,0.10616438356164383
Epidermis 1,rfx1,4.8538847,1.3722224,1.210662507118555e-06,1.4509584151530332e-05,0.40168539325842695,0.1917808219178082
Epidermis 1,cltb,4.8389125,1.8123022,1.3055149655225814e-06,1.5620756429468104e-05,0.32865168539325845,0.11986301369863013
Epidermis 1,mxd1,4.8365927,4.066869,1.3208355402362806e-06,1.5797603795681962e-05,0.23876404494382023,0.02054794520547945
Epidermis 1,LOC116412278,4.8243623,3.8625436,1.4045195085096458e-06,1.6784754600672713e-05,0.24157303370786518,0.023972602739726026
Epidermis 1,cyth3,4.799479,4.8194804,1.590787720877315e-06,1.887188144032662e-05,0.2303370786516854,0.0136986301369863
Epidermis 1,zc3h12a,4.7990575,2.3102148,1.5941408072027863e-06,1.8896321952694505e-05,0.28651685393258425,0.0684931506849315
Epidermis 1,tbc1d13,4.7973704,1.8729649,1.6076212190449417e-06,1.9017553967585065e-05,0.3202247191011236,0.10273972602739725
Epidermis 1,cmpk1,4.7939963,1.4212837,1.6349115168873567e-06,1.9332564138403852e-05,0.38764044943820225,0.1917808219178082
Epidermis 1,pacsin1,4.7752285,2.017754,1.7950310738350575e-06,2.1183105902007497e-05,0.3061797752808989,0.09246575342465753
Epidermis 1,LOC101732343,4.766372,3.9156313,1.8757275208148637e-06,2.210862546812068e-05,0.23876404494382023,0.023972602739726026
Epidermis 1,fam72a,4.7640524,2.0893667,1.8974315574254516e-06,2.2346422987551722e-05,0.300561797752809,0.08904109589041095
Epidermis 1,mpp1,4.761522,2.2094412,1.9213838362575918e-06,2.2592104150299946e-05,0.29213483146067415,0.0821917808219178
Epidermis 1,atp6v1b2,4.756461,1.672999,1.9701627916533593e-06,2.3147037203705527e-05,0.3455056179775281,0.14383561643835616
Epidermis 1,irx1,4.754352,2.124729,1.990836545772846e-06,2.3380531566687853e-05,0.29775280898876405,0.08904109589041095
Epidermis 1,ppargc1b,4.753298,3.1424932,2.001251414392738e-06,2.3483974345288695e-05,0.2556179775280899,0.04452054794520548
Epidermis 1,slc38a4,4.752665,3.6600425,2.0075254366776892e-06,2.3548144478140266e-05,0.24157303370786518,0.0273972602739726
Epidermis 1,rabep1,4.7509785,1.2306588,2.0243486716905083e-06,2.3726437859737467e-05,0.42134831460674155,0.2363013698630137
Epidermis 1,cldn8.3,4.7446523,5.851286,2.0886500308734767e-06,2.446046837037764e-05,0.22191011235955055,0.00684931506849315
Epidermis 1,ostc,4.740856,1.1547782,2.128167697713491e-06,2.4903310637255026e-05,0.43258426966292135,0.2568493150684932
Epidermis 1,il17rc,4.7391696,6.5664597,2.145960696859554e-06,2.5091430851960647e-05,0.21910112359550563,0.003424657534246575
Epidermis 1,btn1a1l,4.7391696,2.642854,2.145960696859554e-06,2.5091430851960647e-05,0.2696629213483146,0.06164383561643835
Epidermis 1,ago3,4.711334,3.2189987,2.4610040870781205e-06,2.86261880100997e-05,0.25,0.0410958904109589
Epidermis 1,syt13,4.7100687,3.71979,2.4763312825517967e-06,2.8793015004085746e-05,0.23595505617977527,0.023972602739726026
Epidermis 1,chst10,4.702899,3.9323843,2.5649312967545774e-06,2.979948598387641e-05,0.23314606741573032,0.02054794520547945
Epidermis 1,rhobtb2,4.6991034,3.6336997,2.6130610168664313e-06,3.0310470866675657e-05,0.23876404494382023,0.0273972602739726
Epidermis 1,zw10,4.6991034,1.7515839,2.6130610168664313e-06,3.0310470866675657e-05,0.3258426966292135,0.11986301369863013
Epidermis 1,esyt3,4.698049,1.671258,2.6265834704076214e-06,3.0443164719859314e-05,0.3342696629213483,0.1267123287671233
Epidermis 1,gdpd2,4.6805468,5.7582335,2.8611111249134244e-06,3.304351611708586e-05,0.21910112359550563,0.00684931506849315
Epidermis 1,ankrd22,4.679703,28.216545,2.8729067985094475e-06,3.316664242781582e-05,0.21348314606741572,0.0
Epidermis 1,LOC101734375,4.6550307,4.1585217,3.2393215057246215e-06,3.717652412007711e-05,0.22752808988764045,0.017123287671232876
Epidermis 1,higd1a,4.6520786,3.0602465,3.2860568560366934e-06,3.769808789592173e-05,0.25,0.04452054794520548
Epidermis 1,snx33,4.6506023,1.2173017,3.309666360222171e-06,3.793915975515854e-05,0.4101123595505618,0.22602739726027396
Epidermis 1,unc50,4.645963,1.2536093,3.384931405875013e-06,3.877152426533405e-05,0.398876404494382,0.2191780821917808
Epidermis 1,mbtps2,4.63078,1.2768255,3.6429001159978103e-06,4.164474512738834e-05,0.4044943820224719,0.2089041095890411
Epidermis 1,or51ao2,4.617285,6.625815,3.88794013323262e-06,4.435924201191363e-05,0.21348314606741572,0.003424657534246575
Epidermis 1,ip6k2,4.6151757,1.1648532,3.92762700156584e-06,4.4777092387976245e-05,0.42696629213483145,0.2465753424657534
Epidermis 1,zfp36,4.593456,2.1479394,4.3596530603596616e-06,4.9547829940658344e-05,0.28370786516853935,0.07876712328767123
Epidermis 1,LOC116407945,4.579749,4.114676,4.655341129293343e-06,5.276474468800842e-05,0.2247191011235955,0.017123287671232876
Epidermis 1,dapk1,4.576797,1.9907355,4.7214957643308815e-06,5.345237904227575e-05,0.30337078651685395,0.1095890410958904
Epidermis 1,tnfrsf11a,4.558662,3.477361,5.148061329257088e-06,5.8056705522960625e-05,0.23314606741573032,0.0273972602739726
Epidermis 1,cc2d1a,4.5525465,2.5634747,5.300046724185617e-06,5.972462058391279e-05,0.2612359550561798,0.05821917808219178
Epidermis 1,LOC100485083,4.5508595,4.4641304,5.342723984091431e-06,6.0182337101725095e-05,0.22191011235955055,0.017123287671232876
Epidermis 1,irf9,4.5502267,3.2412336,5.358812623093921e-06,6.034031270633991e-05,0.23876404494382023,0.03424657534246575
Epidermis 1,sema3a,4.538207,1.7326158,5.673455400172048e-06,6.380945548381267e-05,0.32303370786516855,0.1404109589041096
Epidermis 1,aak1,4.51712,1.1520166,6.268648459497112e-06,7.034121424935128e-05,0.41853932584269665,0.24315068493150685
Epidermis 1,cipc,4.5004606,3.784027,6.7806353377343425e-06,7.588237042776132e-05,0.2247191011235955,0.02054794520547945
Epidermis 1,tgds,4.493291,2.9129148,7.013085922025009e-06,7.824408953691337e-05,0.24157303370786518,0.03767123287671233
Epidermis 1,selenot,4.4871755,1.2805449,7.21735745441302e-06,8.043102392296873e-05,0.3848314606741573,0.20205479452054795
Epidermis 1,ehbp1l1,4.486543,5.5542707,7.23881081515815e-06,8.063935935132922e-05,0.21067415730337077,0.00684931506849315
Epidermis 1,cyp2k1.5,4.48338,1.5378634,7.346995575233543e-06,8.18133438703435e-05,0.3398876404494382,0.1404109589041096
Epidermis 1,tbc1d8b,4.4553337,1.5375441,8.376278543316424e-06,9.285058706851817e-05,0.33707865168539325,0.14726027397260275
Epidermis 1,syt7,4.4407835,3.358211,8.963194415862151e-06,9.913096328795555e-05,0.23876404494382023,0.04452054794520548
Epidermis 1,proser2,4.433403,28.173182,9.27572879127988e-06,0.00010239381733304464,0.20224719101123595,0.0
Epidermis 1,zdhhc20,4.431716,1.2597246,9.34861316483754e-06,0.00010312049487598724,0.38764044943820225,0.2054794520547945
Epidermis 1,apip,4.4308724,1.8092633,9.385260212704544e-06,0.00010348568135706017,0.30337078651685395,0.11643835616438356
Epidermis 1,slc9a2,4.4306617,6.436608,9.394443396500053e-06,0.00010350884844443763,0.2050561797752809,0.003424657534246575
Epidermis 1,tmed4,4.4154787,1.6490674,1.0078671812402698e-05,0.00011067229742612443,0.31741573033707865,0.13356164383561644
Epidermis 1,galnt3,4.4123154,2.1465666,1.0227090317411184e-05,0.00011225988624417811,0.2752808988764045,0.0821917808219178
Epidermis 1,deaf1,4.405989,1.0195466,1.0530212933062578e-05,0.00011537056006235091,0.44662921348314605,0.2671232876712329
Epidermis 1,mcfd2,4.4002957,1.8005854,1.0810342277148146e-05,0.00011830666982527797,0.300561797752809,0.09931506849315068
Epidermis 1,serinc2,4.3962893,3.1495354,1.1011720502463527e-05,0.00012046541991299076,0.2303370786516854,0.030821917808219176
Epidermis 1,trim14,4.3893304,3.9879792,1.137002300733898e-05,0.00012401385915206185,0.21629213483146068,0.017123287671232876
Epidermis 1,slc25a16,4.3863783,3.1283946,1.1525368791390613e-05,0.00012556766870709617,0.23314606741573032,0.03767123287671233
Epidermis 1,dagla,4.3844805,1.4594789,1.1626301561557276e-05,0.00012657296869492764,0.34831460674157305,0.15753424657534246
Epidermis 1,stard15,4.371828,28.371958,1.2321064853576928e-05,0.00013383762420472213,0.199438202247191,0.0
Epidermis 1,glipr2,4.3456798,4.317056,1.3884513411046227e-05,0.00015026220344994162,0.21067415730337077,0.0136986301369863
Epidermis 1,rtn1,4.3423057,3.962453,1.4099523174997507e-05,0.00015241980840545566,0.21629213483146068,0.02054794520547945
Epidermis 1,dnajc13,4.3389316,1.072947,1.4317706196041988e-05,0.00015460689686608916,0.42696629213483145,0.2568493150684932
Epidermis 1,morn1,4.3357687,2.4488974,1.452517413871305e-05,0.00015678927815683942,0.26685393258426965,0.07876712328767123
Epidermis 1,cysrt1,4.331762,3.058984,1.4792084371881377e-05,0.0001595525528688061,0.2303370786516854,0.03424657534246575
Epidermis 1,nfe2l2,4.3254356,2.6279056,1.5223065841910586e-05,0.0001640801761153718,0.24157303370786518,0.04452054794520548
Epidermis 1,LOC108645367,4.3237486,1.8749334,1.534000066305075e-05,0.0001652796016887713,0.2893258426966292,0.0958904109589041
Epidermis 1,sec23ip,4.322273,1.4976763,1.5443020660630058e-05,0.00016632827447711024,0.32865168539325845,0.1404109589041096
Epidermis 1,bahd1,4.3191094,1.0877982,1.5666003302868265e-05,0.00016866775047740047,0.42696629213483145,0.2602739726027397
Epidermis 1,ovol1,4.3159466,3.0338204,1.589205318693165e-05,0.00017091265883267074,0.22752808988764045,0.030821917808219176
Epidermis 1,b4galt4,4.314049,3.5680797,1.6029171971169637e-05,0.00017219725317503112,0.21910112359550563,0.023972602739726026
Epidermis 1,stxbp2,4.291907,1.6912189,1.7714527108950374e-05,0.00018946701131420724,0.3061797752808989,0.11301369863013698
Epidermis 1,ankk1,4.2486777,28.209837,2.1503594848964957e-05,0.000228322405023645,0.19382022471910113,0.0
Epidermis 1,hbp1,4.246147,2.87158,2.1747767733506312e-05,0.00023074736791946392,0.2303370786516854,0.03767123287671233
Epidermis 1,mvb12a,4.2353926,1.838783,2.2815256511884478e-05,0.00024154754186848793,0.28370786516853935,0.09246575342465753
Epidermis 1,atg2a,4.235182,1.4504241,2.2836677959866997e-05,0.00024168679704738313,0.33146067415730335,0.1541095890410959
Epidermis 1,sema6c,4.2347603,1.9111041,2.2879578291285378e-05,0.00024205318604146324,0.2808988764044944,0.08904109589041095
Epidermis 1,LOC101733305,4.2322297,4.795742,2.3138595271566077e-05,0.0002446163755454423,0.20224719101123595,0.010273972602739725
Epidermis 1,inpp5a.2,4.218734,2.5611956,2.4567816731536667e-05,0.0002585103854857985,0.23876404494382023,0.04794520547945205
Epidermis 1,gorasp1,4.218734,2.6058035,2.4567816731536667e-05,0.0002585103854857985,0.23595505617977527,0.04452054794520548
Epidermis 1,armc9,4.213251,4.401113,2.5172100290279684e-05,0.000264392980088094,0.2050561797752809,0.0136986301369863
Epidermis 1,atp6v0b,4.211564,1.7875279,2.5360860372490565e-05,0.0002662799244067068,0.29213483146067415,0.10616438356164383
Epidermis 1,mfsd11,4.205238,1.4282987,2.6080771598543157e-05,0.0002732498331888943,0.33146067415730335,0.1506849315068493
Epidermis 1,ube2h,4.196803,1.0411359,2.7070929700808855e-05,0.00028342061106172763,0.42696629213483145,0.2465753424657534
Epidermis 1,slc35b4,4.188368,1.4415716,2.8096766746484633e-05,0.0002936348190083991,0.3342696629213483,0.15753424657534246
Epidermis 1,tmem200a,4.186681,3.076514,2.8306321446307218e-05,0.00029571911443781497,0.2247191011235955,0.03767123287671233
Epidermis 1,acaca,4.157159,1.3756355,3.2223012297059644e-05,0.0003336559944935708,0.3595505617977528,0.1952054794520548
Epidermis 1,tspan3,4.1563153,1.5098102,3.2342150680427455e-05,0.00033465253328834513,0.3146067415730337,0.13356164383561644
Epidermis 1,fam20b,4.1527305,1.5388441,3.285317346889141e-05,0.0003394595665143743,0.31179775280898875,0.13356164383561644
Epidermis 1,yipf6,4.146615,1.3070191,3.374266615175688e-05,0.00034791247770088376,0.351123595505618,0.1780821917808219
Epidermis 1,xrcc4,4.1461935,1.5123671,3.380484628201386e-05,0.00034843069875512944,0.3202247191011236,0.14726027397260275
Epidermis 1,lypd6,4.1377583,1.4966443,3.507154256400625e-05,0.0003608504965464508,0.32865168539325845,0.15753424657534246
Epidermis 1,LOC100494653,4.113297,3.8945696,3.9004795625597524e-05,0.0003994916541457047,0.20224719101123595,0.0136986301369863
Epidermis 1,lpcat2,4.1052837,2.4503832,4.038187018457875e-05,0.00041287248945974866,0.24157303370786518,0.06164383561643835
Epidermis 1,slc17a9,4.099801,1.0964822,4.1350527464025333e-05,0.0004221855635001483,0.38764044943820225,0.22945205479452055
Epidermis 1,rab3b,4.0926313,3.5778956,4.2650531079326525e-05,0.00043485095011503095,0.20786516853932585,0.023972602739726026
Epidermis 1,ppargc1a,4.0913663,2.1712804,4.28839314465067e-05,0.0004369258278538994,0.25280898876404495,0.0684931506849315
Epidermis 1,reep4,4.078292,1.6827276,4.536775289699749e-05,0.0004615888565722706,0.2893258426966292,0.11643835616438356
Epidermis 1,sypl1,4.071122,2.1032193,4.678716281069085e-05,0.00047569932386758406,0.2556179775280899,0.07534246575342465
Epidermis 1,edem1,4.068592,2.2178476,4.729810900957184e-05,0.000480559966791378,0.2443820224719101,0.06164383561643835
Epidermis 1,cmah,4.062898,6.8684387,4.8467149113048354e-05,0.0004917539867141675,0.18820224719101122,0.003424657534246575
Epidermis 1,picalml,4.052987,1.3669664,5.056775924735628e-05,0.0005116463034127627,0.33146067415730335,0.16095890410958905
Epidermis 1,cdr2,4.0475044,1.1871154,5.176657793862268e-05,0.0005234136422427809,0.3707865168539326,0.20205479452054795
Epidermis 1,gstt1,4.0458174,4.414957,5.214083113016126e-05,0.0005270154338747386,0.19662921348314608,0.0136986301369863
Epidermis 1,scnn1a,4.041811,4.723074,5.303998518408378e-05,0.0005357331744699215,0.19382022471910113,0.010273972602739725
Epidermis 1,a4gnt,4.028948,4.911092,5.602708464002461e-05,0.0005649284964168883,0.19101123595505617,0.00684931506849315
Epidermis 1,dnajb9,4.028526,1.2318356,5.6127670246352397e-05,0.0005655525435957004,0.3539325842696629,0.18835616438356165
Epidermis 1,ccdc18,4.006173,2.339033,6.171036666834996e-05,0.0006188184315892067,0.24719101123595505,0.07191780821917808
Epidermis 1,sstr5,3.9994254,5.1708927,6.34964581640353e-05,0.0006358564469314546,0.19101123595505617,0.010273972602739725
Epidermis 1,znf850,3.98846,1.9851953,6.65036185471914e-05,0.0006639232492325654,0.2556179775280899,0.07534246575342465
Epidermis 1,dnah14,3.9859295,2.7064736,6.721646901426364e-05,0.0006701243539413167,0.2303370786516854,0.0547945205479452
Epidermis 1,slc29a2,3.9812903,1.2942581,6.854217961904279e-05,0.000682642743592586,0.34269662921348315,0.1643835616438356
Epidermis 1,atp6v0e1,3.978338,1.2803209,6.93986539107377e-05,0.0006897626835990389,0.34269662921348315,0.1780821917808219
Epidermis 1,slc27a2,3.9699032,3.746653,7.190186115083817e-05,0.0007117383350152898,0.199438202247191,0.02054794520547945
Epidermis 1,chid1,3.9694815,2.6075325,7.202923685566907e-05,0.0007127578275315039,0.2247191011235955,0.04794520547945205
Epidermis 1,c1galt1,3.963577,1.109391,7.383505888210634e-05,0.0007296391501632355,0.37640449438202245,0.21575342465753425
Epidermis 1,hes4,3.9424896,1.3246855,8.06401564082554e-05,0.0007923335838553658,0.33146067415730335,0.16095890410958905
Epidermis 1,rab40b,3.9220347,2.906496,8.780428730396626e-05,0.0008589715937691558,0.21067415730337077,0.030821917808219176
Epidermis 1,aktip,3.9209805,1.4972119,8.818940515036256e-05,0.0008624504857645527,0.29775280898876405,0.11986301369863013
Epidermis 1,tdh,3.9161303,2.5382984,8.998159210631324e-05,0.0008785076549297403,0.22191011235955055,0.04452054794520548
Epidermis 1,ppt1,3.9108586,2.691995,9.196861921792844e-05,0.0008964103729107256,0.21629213483146068,0.0410958904109589
Epidermis 1,lekr1,3.906641,2.1246064,9.358800507244481e-05,0.0009115864632697881,0.2612359550561798,0.0958904109589041
Epidermis 1,rps6ka4,3.9028454,1.4679154,9.506844187586391e-05,0.0009244662756065795,0.30337078651685395,0.13013698630136986
Epidermis 1,LOC105945146,3.90158,4.110607,9.556681560000434e-05,0.0009283860374887759,0.19101123595505617,0.0136986301369863
Epidermis 1,slc4a1,3.8876624,3.0243502,0.00010121423245846961,0.0009796666321170613,0.2050561797752809,0.0273972602739726
Epidermis 1,slc35e1,3.8842885,1.044453,0.00010262998235605021,0.0009923840602876954,0.3848314606741573,0.2191780821917808
Epidermis 1,il17rd,3.8769078,1.2389822,0.00010579236392650007,0.0010212736426471346,0.351123595505618,0.1815068493150685
Epidermis 1,mctp2,3.8754318,5.437153,0.0001064357770079631,0.0010268066659141152,0.18258426966292135,0.00684931506849315
Epidermis 1,LOC100498107,3.8497052,4.5862126,0.00011826004109411736,0.0011348848526664952,0.1853932584269663,0.010273972602739725
Epidermis 1,macc1,3.8425355,1.5300416,0.00012176975894718313,0.001167799154785141,0.29213483146067415,0.1232876712328767
Epidermis 1,sft2d1,3.8180742,2.2366955,0.00013449744805857166,0.0012848022562745452,0.2303370786516854,0.05821917808219178
Epidermis 1,LOC108647613,3.8136458,6.210661,0.00013693161884016343,0.00130677380029932,0.17696629213483145,0.003424657534246575
Epidermis 1,cldn23,3.8111155,5.9839025,0.000138341145286355,0.0013185034293659741,0.17696629213483145,0.003424657534246575
Epidermis 1,vps13a,3.8056328,1.221137,0.0001414421421357246,0.001346302590937599,0.3398876404494382,0.18835616438356165
Epidermis 1,gmppa,3.8028913,3.164059,0.00014301707941638127,0.00136040750029946,0.199438202247191,0.0273972602739726
Epidermis 1,dnaaf9,3.7988849,4.760658,0.00014534864423790142,0.0013812373926261692,0.18258426966292135,0.010273972602739725
Epidermis 1,ap1m2,3.7862325,1.6633902,0.00015294865986899332,0.0014496894541603579,0.27247191011235955,0.10616438356164383
Epidermis 1,hes5.10,3.7858107,3.915049,0.00015320832423844507,0.0014516799111228486,0.18820224719101122,0.017123287671232876
Epidermis 1,selenos,3.7805388,1.2956514,0.00015648933834515728,0.0014784550255873602,0.3202247191011236,0.16095890410958905
Epidermis 1,sh3yl1,3.7799063,4.306752,0.00015688747429854172,0.0014812589668025428,0.18258426966292135,0.010273972602739725
Epidermis 1,ap3s1,3.7767432,1.8259163,0.0001588924942666846,0.0014997050371034736,0.25842696629213485,0.0958904109589041
Epidermis 1,ncr3lg1l,3.7746344,3.4025288,0.00016024254437978322,0.0015114713826284102,0.19662921348314608,0.0273972602739726
Epidermis 1,slc22a15.2,3.7708385,1.5148796,0.0001626998763626957,0.0015326716358227386,0.28651685393258425,0.11986301369863013
Epidermis 1,vps9d1,3.7640905,1.7101352,0.00016715623857137992,0.0015706023817679223,0.26685393258426965,0.10273972602739725
Epidermis 1,cracr2b,3.7611384,3.5100002,0.0001691417861492815,0.0015882375685607607,0.19101123595505617,0.02054794520547945
Epidermis 1,idh1,3.7548122,2.0115993,0.00017347147944847126,0.001628370204161292,0.24157303370786518,0.07534246575342465
Epidermis 1,LOC116412006,3.7505949,5.4531126,0.00017641562001373227,0.0016549438346025057,0.17696629213483145,0.00684931506849315
Epidermis 1,LOC100492415,3.7316163,4.203142,0.00019025525280402377,0.001775654947226826,0.18258426966292135,0.0136986301369863
Epidermis 1,htatip2,3.7214942,1.431974,0.00019804739619587043,0.0018442572278437365,0.29213483146067415,0.13356164383561644
Epidermis 1,LOC100493774,3.7092636,2.142614,0.00020786296100703175,0.0019295148342955049,0.2303370786516854,0.06506849315068493
Epidermis 1,kif3b,3.7012503,1.2419609,0.00021453965083623197,0.001984559662529714,0.3342696629213483,0.18493150684931506
Epidermis 1,arl4c,3.6974547,2.044427,0.00021777210477819076,0.0020119141576394736,0.23314606741573032,0.0684931506849315
Epidermis 1,ptpn21,3.6959786,1.3836491,0.00021904147542547685,0.00202300201205754,0.300561797752809,0.1404109589041096
Epidermis 1,LOC100493959,3.6945024,27.943436,0.00022031779028416126,0.0020335046819691563,0.16853932584269662,0.0
Epidermis 1,b4galt3l1,3.693448,6.5527225,0.00022123371480078626,0.0020413139890599064,0.17134831460674158,0.003424657534246575
Epidermis 1,LOC101733192,3.6932373,2.212433,0.00022141732814650312,0.0020423634960714523,0.2303370786516854,0.0684931506849315
Epidermis 1,bckdha,3.685224,1.9811876,0.00022850158833536948,0.002103063579543824,0.23876404494382023,0.07534246575342465
Epidermis 1,LOC100497007,3.6831152,3.0852633,0.00023040091839296952,0.002117877121240532,0.2050561797752809,0.0410958904109589
Epidermis 1,LOC100493841,3.682061,1.1062807,0.00023135613012403524,0.0021259890096371184,0.35674157303370785,0.20205479452054795
Epidermis 1,spry4,3.6780543,1.4272344,0.00023501993480244953,0.0021582996274616406,0.2949438202247191,0.13013698630136986
Epidermis 1,ccdc162p,3.673626,4.3336377,0.00023913271424366454,0.0021946902260774124,0.18258426966292135,0.017123287671232876
Epidermis 1,secisbp2l,3.67215,1.3427997,0.00024051858028556906,0.0022067164533356777,0.3061797752808989,0.15753424657534246
Epidermis 1,hal,3.6679323,4.253501,0.0002445198325172595,0.0022413167840426504,0.1797752808988764,0.0136986301369863
Epidermis 1,sp8,3.665402,1.0014066,0.00024695046805112077,0.0022628868751104424,0.38764044943820225,0.2226027397260274
Epidermis 1,LOC100490339,3.6590757,3.0489683,0.00025312657617352724,0.00231657575082291,0.19382022471910113,0.0273972602739726
Epidermis 1,c2cd3,3.654858,2.6223447,0.00025732414081216506,0.002350575612525124,0.21067415730337077,0.04794520547945205
Epidermis 1,sgpl1,3.654858,1.1937337,0.00025732414081216506,0.002350575612525124,0.33146067415730335,0.18493150684931506
Epidermis 1,arfgap3,3.653593,1.4653573,0.0002585960825293539,0.002360718953284055,0.28370786516853935,0.1232876712328767
Epidermis 1,trpm2l,3.6430492,2.135767,0.0002694271991445287,0.0024534661863531834,0.25280898876404495,0.10273972602739725
Epidermis 1,baiap2,3.6346145,2.6278656,0.0002783967345613621,0.002530415095759694,0.2050561797752809,0.0410958904109589
Epidermis 1,cblc,3.6329274,27.895233,0.0002802238972346482,0.00254464887855421,0.16573033707865167,0.0
Epidermis 1,siae,3.62871,6.0770664,0.00028484108581643786,0.002584168150062165,0.16853932584269662,0.003424657534246575
Epidermis 1,tmem248,3.626812,1.9316593,0.00028694199088916806,0.0026016133175190046,0.23876404494382023,0.07876712328767123
Epidermis 1,qpctl,3.621962,2.3678167,0.00029237711431586176,0.002649248427950079,0.21067415730337077,0.04794520547945205
Epidermis 1,gramd1c,3.6055138,3.895147,0.0003115358860292389,0.00281412406814607,0.1797752808988764,0.017123287671232876
Epidermis 1,c4bpa,3.60214,4.2016854,0.00031560846780144606,0.0028465137680666673,0.17696629213483145,0.0136986301369863
Epidermis 1,ikzf4,3.5958138,1.0566267,0.0003233792215233542,0.002915699575678336,0.35674157303370785,0.21232876712328766
Epidermis 1,zfpl1,3.580209,1.909665,0.0003433194570586833,0.0030812315165128557,0.23595505617977527,0.07876712328767123
Epidermis 1,LOC100486607,3.5738828,2.4927452,0.0003517263755005629,0.003153777203146305,0.20786516853932585,0.04794520547945205
Epidermis 1,derl1,3.573672,1.783272,0.0003520098946338338,0.00315535149648623,0.2443820224719101,0.08561643835616438
Epidermis 1,LOC116409846,3.5713522,27.826677,0.0003551427445517356,0.0031805078327180707,0.16292134831460675,0.0
Epidermis 1,intu,3.5711415,2.0494363,0.00035542883836769756,0.003182095061049362,0.23314606741573032,0.07876712328767123
Epidermis 1,dpagt1,3.5643935,1.2782351,0.0003646984587215549,0.0032590952757229506,0.31179775280898875,0.16095890410958905
Epidermis 1,rnf128,3.5599651,1.5799372,0.00037090397022080665,0.003310501970541801,0.2640449438202247,0.10616438356164383
Epidermis 1,kndc1,3.5443606,1.7439533,0.00039356664265172397,0.003501018420983732,0.25842696629213485,0.10616438356164383
Epidermis 1,hexb,3.5388777,1.9545531,0.00040183176446423883,0.003566943306120305,0.23595505617977527,0.0821917808219178
Epidermis 1,bckdhb,3.5378234,1.9188943,0.0004034396861962985,0.0035790426304109263,0.23314606741573032,0.07876712328767123
Epidermis 1,lrrc47,3.5361364,1.4464202,0.00040602486830427706,0.0035997916061274865,0.27247191011235955,0.11986301369863013
Epidermis 1,tchp,3.5177906,1.779926,0.0004351557703276385,0.003840591280932126,0.2612359550561798,0.11643835616438356
Epidermis 1,btd,3.516947,2.2822688,0.0004365409362998053,0.003850491282130238,0.21067415730337077,0.0547945205479452
Epidermis 1,rab3gap2,3.5045054,2.1356974,0.00045745617173240707,0.004022834342933211,0.21629213483146068,0.05821917808219178
Epidermis 1,slc27a6,3.4945943,2.441276,0.0004747826428402332,0.004167679108967825,0.20224719101123595,0.04452054794520548
Epidermis 1,cyp2d6,3.4945943,5.681475,0.0004747826428402332,0.004167679108967825,0.16292134831460675,0.003424657534246575
Epidermis 1,LOC108648885,3.4859486,2.883566,0.0004903952072614304,0.004291839013011638,0.18820224719101122,0.030821917808219176
Epidermis 1,zfyve28a,3.483629,1.6814852,0.0004946646699808488,0.004327908700452018,0.24157303370786518,0.0821917808219178
Epidermis 1,cyld,3.458535,2.6035936,0.0005431215748558275,0.004723590227494999,0.19382022471910113,0.03767123287671233
Epidermis 1,LOC100493256,3.4482024,27.767921,0.0005643312629822336,0.00490076267030115,0.15730337078651685,0.0
Epidermis 1,slc38a2,3.4444065,1.98088,0.0005723144522681653,0.0049641910250002195,0.2247191011235955,0.07191780821917808
Epidermis 1,LOC105947571,3.4422977,3.7044015,0.00057679487197665,0.005000086270091773,0.17134831460674158,0.0136986301369863
Epidermis 1,stambpl1,3.4349172,2.4062765,0.0005927348214451062,0.00513161249558141,0.199438202247191,0.04452054794520548
Epidermis 1,hnrnpll,3.4347064,1.354696,0.0005931962171177717,0.00513161249558141,0.2808988764044944,0.13356164383561644
Epidermis 1,trim2,3.4330194,5.0467777,0.0005968994360995333,0.005160593734583099,0.16292134831460675,0.00684931506849315
Epidermis 1,cep128,3.4323869,1.4812304,0.0005982936824496012,0.005169589899995357,0.31741573033707865,0.1815068493150685
Epidermis 1,c4h11orf24,3.4304888,1.2226982,0.0006024946301343682,0.005202812565275544,0.29775280898876405,0.1506849315068493
Epidermis 1,gas8,3.4296453,4.3636317,0.0006043705161310728,0.005217470335802537,0.16853932584269662,0.0136986301369863
Epidermis 1,syvn1,3.4176257,2.005978,0.000631699354030816,0.005448570025870399,0.22191011235955055,0.07191780821917808
Epidermis 1,rasgef1a,3.4039187,1.9102134,0.0006642648598851156,0.005702533368370577,0.22191011235955055,0.0684931506849315
Epidermis 1,LOC105947509,3.3807228,5.921201,0.0007229544530267336,0.006188193738338053,0.15730337078651685,0.003424657534246575
Epidermis 1,pcmt1,3.3727095,1.3657099,0.0007443241664498205,0.00635807706297332,0.2696629213483146,0.11643835616438356
Epidermis 1,cdhr3,3.372077,2.7792745,0.0007460359930893782,0.006370837894827816,0.18820224719101122,0.03767123287671233
Epidermis 1,maff,3.3710227,1.0897672,0.0007488971646525132,0.006391536648162807,0.3258426966292135,0.1780821917808219
Epidermis 1,borcs5,3.3701792,4.8443556,0.0007511934353472923,0.006409263078994951,0.1601123595505618,0.00684931506849315
Epidermis 1,s1pr1,3.363853,4.8408194,0.0007686250063423898,0.006544619155372676,0.1601123595505618,0.00684931506849315
Epidermis 1,vwa3b,3.3604789,4.1336007,0.0007780746831740394,0.006623151154298295,0.16853932584269662,0.017123287671232876
Epidermis 1,dnal1,3.3495135,3.3474443,0.0008095361034094825,0.0068709494305350125,0.17415730337078653,0.023972602739726026
Epidermis 1,pi4k2b,3.346983,1.2402351,0.000816962144525017,0.006927943268526479,0.2893258426966292,0.14383561643835616
Epidermis 1,ccdc57,3.3393915,3.090509,0.0008396211971216272,0.007109781927306571,0.1797752808988764,0.030821917808219176
Epidermis 1,iqce,3.3377047,3.1447098,0.0008447350740922282,0.0071468743707062,0.18258426966292135,0.03424657534246575
Epidermis 1,ip6k1,3.337283,1.7340013,0.000846018049387028,0.007155657870842655,0.2303370786516854,0.0821917808219178
Epidermis 1,stard3,3.3280044,1.0459509,0.0008747048136030705,0.007368442768424021,0.3258426966292135,0.18493150684931506
Epidermis 1,cyp27a1.3,3.3250523,27.742113,0.0008840198736748645,0.007438337630221636,0.15168539325842698,0.0
Epidermis 1,slc35a5,3.3229434,1.4189764,0.0008907296991312614,0.00749048326677385,0.2612359550561798,0.11643835616438356
Epidermis 1,sowaha,3.318726,1.4172881,0.0009042911982154284,0.00759796953579626,0.2640449438202247,0.1232876712328767
Epidermis 1,LOC548809,3.3092368,4.5328474,0.000935507190751044,0.007851223282470217,0.1601123595505618,0.010273972602739725
Epidermis 1,agtpbp1,3.3058627,4.672868,0.0009468447119904315,0.00794409235826415,0.1601123595505618,0.010273972602739725
Epidermis 1,sel1l3,3.3050191,3.8211455,0.0009496989115153416,0.007961184078722384,0.16573033707865167,0.017123287671232876
Epidermis 1,calhm4,3.3048084,1.8806369,0.0009504137055976225,0.007964891923258057,0.21629213483146068,0.0684931506849315
Epidermis 1,flrt3,3.2934213,1.7739128,0.000989760916735214,0.008263839290798925,0.22752808988764045,0.0821917808219178
Epidermis 1,nucb2,3.2892036,1.2684703,0.001004712803730937,0.008374325624710298,0.2808988764044944,0.136986301369863
Epidermis 1,gusb,3.2805579,4.122824,0.0010360200118728034,0.008622978635265921,0.1601123595505618,0.010273972602739725
Epidermis 1,enkd1,3.2577837,2.9330282,0.0011228601277715612,0.009287584718418366,0.17696629213483145,0.030821917808219176
Epidermis 1,rabac1,3.2567291,1.1853061,0.0011270390172228978,0.009316877124559537,0.2893258426966292,0.1506849315068493
Epidermis 1,nos2,3.246818,3.0826035,0.0011670293409381804,0.009639286426946581,0.17134831460674158,0.023972602739726026
Epidermis 1,rnasek,3.2299483,1.9510664,0.0012381261859311628,0.010177634010391963,0.2050561797752809,0.05821917808219178
Epidermis 1,adipor1,3.223622,1.1016853,0.0012658033741763846,0.010393454615323004,0.2949438202247191,0.14726027397260275
Epidermis 1,edem3,3.220248,1.0046598,0.0012807970285958386,0.010510661971612845,0.31741573033707865,0.1815068493150685
Epidermis 1,fkbp1b,3.218772,1.4341158,0.0012874081632452538,0.010558986537548264,0.25280898876404495,0.11301369863013698
Epidermis 1,crocc2,3.2143435,2.5647368,0.0013074310256414082,0.010714190162748528,0.2050561797752809,0.06506849315068493
Epidermis 1,card14,3.1947324,5.1287513,0.0013996054579466528,0.011415141501461666,0.15168539325842698,0.00684931506849315
Epidermis 1,syap1,3.1932564,2.6268713,0.0014067802785488594,0.011467259989476215,0.17696629213483145,0.030821917808219176
Epidermis 1,creld2,3.1909366,2.988218,0.0014181235422649745,0.011550061093326127,0.17134831460674158,0.0273972602739726
Epidermis 1,pkn3,3.190515,1.3284115,0.0014201949912866912,0.011563710247994782,0.26685393258426965,0.13013698630136986
Epidermis 1,trpa1,3.1892498,3.2114842,0.001426426087078721,0.011611211626677274,0.16573033707865167,0.02054794520547945
Epidermis 1,hebp1,3.1890388,2.6502388,0.0014274670500152079,0.011616450261412734,0.17696629213483145,0.030821917808219176
Epidermis 1,inpp1,3.1833453,3.2018788,0.0014558391457795018,0.011840744037362442,0.16292134831460675,0.017123287671232876
Epidermis 1,n4bp3,3.180393,2.5833519,0.0014707543602425156,0.01195540064078114,0.18820224719101122,0.04794520547945205
Epidermis 1,LOC100489507,3.1746995,1.0504799,0.0014999178005850248,0.012175533804193518,0.31179775280898875,0.17465753424657535
Epidermis 1,pdhx,3.1711147,1.1355277,0.001518552315246421,0.01230970680171052,0.29775280898876405,0.1678082191780822
Epidermis 1,dnaaf1,3.1694276,3.6790447,0.0015273950832645484,0.012374524855572621,0.16292134831460675,0.02054794520547945
Epidermis 1,LOC100488374,3.162258,2.2027752,0.0015655085023014456,0.012658749386106102,0.19101123595505617,0.04794520547945205
Epidermis 1,pla2g7,3.1550882,2.154166,0.0016044959116989742,0.012970414821590906,0.199438202247191,0.06164383561643835
Epidermis 1,tom1l2,3.152136,2.1119976,0.0016208077758011871,0.013095033746391515,0.199438202247191,0.06164383561643835
Epidermis 1,dnai1,3.1483402,3.2316113,0.001642004438617742,0.013229722090748406,0.16853932584269662,0.0273972602739726
Epidermis 1,cc2d2a,3.1449664,1.2166731,0.0016610597577905338,0.013375878176301679,0.300561797752809,0.18493150684931506
Epidermis 1,irx2,3.139062,1.4383364,0.0016948968627072472,0.013618342549146659,0.23595505617977527,0.09246575342465753
Epidermis 1,memo1,3.1310487,1.6258959,0.0017418331394724602,0.01394945876710123,0.2247191011235955,0.08904109589041095
Epidermis 1,kcnn3,3.1293616,1.2535756,0.0017518655129087014,0.014022119607840703,0.2752808988764045,0.1404109589041096
Epidermis 1,ttc12,3.1230354,4.6357174,0.001789961923670062,0.014319205525670384,0.15168539325842698,0.010273972602739725
Epidermis 1,gjb3l,3.1205049,4.709191,0.001805412574309612,0.014434905623535086,0.14887640449438203,0.00684931506849315
Epidermis 1,poc5,3.1196616,4.2316217,0.0018105899676633607,0.014472342177951241,0.1544943820224719,0.0136986301369863
Epidermis 1,LOC100487093,3.1116483,3.784756,0.0018604601632713968,0.01484660415850019,0.1601123595505618,0.02054794520547945
Epidermis 1,cep162,3.0947783,1.5163314,0.0019695999137651506,0.01567902371439791,0.2556179775280899,0.13013698630136986
Epidermis 1,afap1l1,3.093935,1.1830955,0.0019752081696943584,0.015719387423995587,0.28651685393258425,0.16095890410958905
Epidermis 1,trpv4l.3,3.0909827,1.4038842,0.0019949526992128477,0.015859250027383944,0.25280898876404495,0.1267123287671233
Epidermis 1,lrrc45,3.0901392,3.1314363,0.002000627173357313,0.01589571429856146,0.16853932584269662,0.030821917808219176
Epidermis 1,capn15,3.0899284,1.2956003,0.0020020481045873607,0.015902681561193788,0.2612359550561798,0.1267123287671233
Epidermis 1,cep89,3.0842347,1.682875,0.0020407651111831976,0.016183832057785147,0.23314606741573032,0.10273972602739725
Epidermis 1,cry2,3.077065,3.5140982,0.0020904968623229624,0.016551276755840335,0.1544943820224719,0.0136986301369863
Epidermis 1,mall,3.0734801,5.8815103,0.0021157773733540995,0.016733303138667124,0.14325842696629212,0.003424657534246575
Epidermis 1,MGC89226,3.0534472,1.4911519,0.002262285207439959,0.01779571014496164,0.23314606741573032,0.0958904109589041
Epidermis 1,fpgs,3.0148573,1.8048612,0.0025710012501177983,0.019998120687119043,0.2050561797752809,0.07191780821917808
Epidermis 1,pex1,3.0089529,1.4031149,0.0026214973779417473,0.020358392628750055,0.23876404494382023,0.10616438356164383
Epidermis 1,gltp,3.0028377,2.1015248,0.002674751325780485,0.020727904560946277,0.18820224719101122,0.0547945205479452
Epidermis 1,camk1d,3.0009398,1.4849973,0.002691478335263326,0.020840954494856234,0.23314606741573032,0.09931506849315068
Epidermis 1,tarbp2,2.9712067,1.339196,0.0029663218144369936,0.022854125713707898,0.23876404494382023,0.10273972602739725
Epidermis 1,ccdc34,2.947167,2.5935893,0.003206999518595174,0.024495375732442,0.17415730337078653,0.04452054794520548
Epidermis 1,LOC100489463,2.9448473,5.544646,0.003231139863614636,0.024660430640553375,0.13764044943820225,0.003424657534246575
Epidermis 1,tob1,2.9319842,2.6432667,0.0033680397143329467,0.025658370833897933,0.16292134831460675,0.030821917808219176
Epidermis 1,nod1,2.9315624,1.5443109,0.003372616362026071,0.02568654217779679,0.22191011235955055,0.0958904109589041
Epidermis 1,vdr,2.930719,2.809083,0.003381786649487589,0.025736268042481573,0.1601123595505618,0.0273972602739726
Epidermis 1,mdm1,2.9267123,3.606779,0.0034256563242196034,0.026049781481077845,0.1544943820224719,0.023972602739726026
Epidermis 1,spag6,2.9193318,3.6819525,0.003507827379364146,0.02662614960430884,0.15168539325842698,0.02054794520547945
Epidermis 1,nme7,2.915747,1.1972369,0.003548382674073007,0.026920003619472638,0.300561797752809,0.18835616438356165
Epidermis 1,cdkn1a,2.9132164,2.8289437,0.00357726626972236,0.027096934524554108,0.16573033707865167,0.03767123287671233
Epidermis 1,cpm,2.9132164,1.842754,0.00357726626972236,0.027096934524554108,0.2050561797752809,0.07876712328767123
Epidermis 1,ccp110,2.908999,3.2715821,0.003625881198924621,0.027436741735895834,0.1601123595505618,0.030821917808219176
Epidermis 1,fut1,2.8965573,1.3066645,0.0037728163847273364,0.028519057600714968,0.23876404494382023,0.1095890410958904
Epidermis 1,fn3k,2.894027,27.351221,0.003803355766412288,0.028727620777260356,0.13202247191011235,0.0
Epidermis 1,akr1c8,2.894027,27.486887,0.003803355766412288,0.028727620777260356,0.13202247191011235,0.0
Epidermis 1,LOC100328980,2.8917072,1.1067339,0.003831547354264755,0.028918141159956893,0.28370786516853935,0.1678082191780822
Epidermis 1,plk2,2.8902311,2.3058622,0.003849586172073549,0.029046787144006686,0.17134831460674158,0.0410958904109589
Epidermis 1,LOC116407966,2.885381,1.4416012,0.003909401144196,0.029482895987098363,0.22191011235955055,0.09246575342465753
Epidermis 1,ufm1,2.8851702,1.1421498,0.003912020841925695,0.02948743714036359,0.2612359550561798,0.136986301369863
Epidermis 1,ankrd37,2.882429,2.860338,0.003946222307009742,0.02972224278696258,0.1601123595505618,0.030821917808219176
Epidermis 1,LOC100496400,2.880531,5.4589367,0.003970059071138221,0.029878680923903538,0.1348314606741573,0.003424657534246575
Epidermis 1,efcab10,2.880531,2.163518,0.003970059071138221,0.029878680923903538,0.17696629213483145,0.04794520547945205
Epidermis 1,prss27.3,2.8758917,1.1099399,0.004028878092639725,0.03029795099715766,0.2696629213483146,0.14383561643835616
Epidermis 1,LOC100491292,2.8746266,4.6960015,0.00404505636361962,0.0304039708318244,0.13764044943820225,0.00684931506849315
Epidermis 1,yipf2,2.8716743,1.215429,0.004083035235001002,0.030681543175916266,0.24719101123595505,0.11643835616438356
Epidermis 1,slc26a6,2.8712525,2.011633,0.004088487127546382,0.0307146150669001,0.18258426966292135,0.0547945205479452
Epidermis 1,dlx6,2.850587,1.3775406,0.004363861375892897,0.03258238362164119,0.2247191011235955,0.0958904109589041
Epidermis 1,serpini1,2.8497434,3.4546695,0.004375450190608192,0.03266056805967008,0.14606741573033707,0.017123287671232876
Epidermis 1,LOC116411565,2.8476348,3.2251115,0.004404544374924076,0.032844193016174916,0.15168539325842698,0.023972602739726026
Epidermis 1,ift81,2.8436282,1.9200883,0.004460306857009376,0.03322610339888916,0.2050561797752809,0.08561643835616438
Epidermis 1,abca12,2.8328736,3.0532112,0.0046131622503522525,0.03429484886572906,0.15168539325842698,0.023972602739726026
Epidermis 1,LOC101730684,2.8324518,27.474485,0.004619252109035698,0.03433139038881833,0.12921348314606743,0.0
Epidermis 1,ssh1,2.8219082,4.816983,0.00477388419809277,0.03541761649605324,0.1348314606741573,0.00684931506849315
Epidermis 1,aox1,2.8179016,5.4078426,0.004833862241755515,0.035826223932240234,0.13202247191011235,0.003424657534246575
Epidermis 1,map9,2.8069363,3.5324397,0.005001515024222361,0.03697503431285883,0.14887640449438203,0.023972602739726026
Epidermis 1,frmpd2,2.8058817,4.1565657,0.005017909414841736,0.0370774798041554,0.1404494382022472,0.0136986301369863
Epidermis 1,tmem43,2.7902772,1.2110721,0.005266293601042947,0.03868786837197446,0.25,0.13013698630136986
Epidermis 1,rps6kc1,2.787325,1.7675601,0.005314515865728191,0.03900291570954074,0.18820224719101122,0.06164383561643835
Epidermis 1,dusp1,2.7793117,1.1279881,0.00544742163985679,0.039888171832328116,0.24719101123595505,0.1232876712328767
Epidermis 1,cfap61,2.7776248,2.8732429,0.005475781254664994,0.04008579059732343,0.16292134831460675,0.0410958904109589
Epidermis 1,cep290,2.77404,1.0848515,0.005536488378666401,0.04047951270555217,0.2949438202247191,0.1952054794520548
Epidermis 1,slc41a3,2.770877,27.356932,0.005590557162246046,0.04085439410240354,0.12640449438202248,0.0
Epidermis 1,itgb6,2.7683463,2.464891,0.00563415471438187,0.04115241790507158,0.15730337078651685,0.030821917808219176
Epidermis 1,cog2,2.7540069,1.2969242,0.005887051882532095,0.04286037698089556,0.22752808988764045,0.10273972602739725
Epidermis 1,sapcd1,2.7514765,5.1113887,0.005932728279307697,0.043139199087672456,0.12921348314606743,0.003424657534246575
Epidermis 1,pik3ca,2.7500002,1.1303518,0.005959520098238753,0.04331246444346519,0.25,0.1267123287671233
Epidermis 1,nexn,2.7447286,1.8025779,0.006056097470261048,0.043970637146845674,0.199438202247191,0.0821917808219178
Epidermis 1,naga,2.7434633,4.1359205,0.006079484825236802,0.04409663050285285,0.13202247191011235,0.00684931506849315
Epidermis 1,dnai4,2.7329197,3.3126757,0.006277565352327205,0.04537574500837699,0.14606741573033707,0.023972602739726026
Epidermis 1,fam221a,2.7310216,1.6865988,0.00631383061727473,0.04560404812788674,0.18820224719101122,0.06506849315068493
Epidermis 1,bbox1,2.7280695,1.1385343,0.0063706181455574626,0.04593476542002718,0.25,0.13356164383561644
Epidermis 1,chmp2b,2.7223759,1.0355124,0.006481436545733211,0.046641770474723655,0.2556179775280899,0.13013698630136986
Epidermis 1,gpt2,2.7194238,3.3761578,0.0065395779746018285,0.04702543758317,0.1404494382022472,0.017123287671232876
Epidermis 1,krt18.3,2.7192128,2.5032117,0.0065437488286326125,0.047043856864180986,0.1544943820224719,0.030821917808219176
Epidermis 1,slc4a4,2.7181585,3.3053606,0.0065646390069342055,0.04718243491804617,0.1404494382022472,0.017123287671232876
Epidermis 1,tbpl1,2.712254,1.8246232,0.006682736210218576,0.047984048676221865,0.18258426966292135,0.06164383561643835
Epidermis 1,LOC105947542,2.710567,3.0886765,0.006716827282279564,0.048205150574101144,0.14325842696629212,0.02054794520547945
Epidermis 1,tmed9,2.7033973,1.1309054,0.006863464930295744,0.04916097607877355,0.2443820224719101,0.13013698630136986
Epidermis 1,gmpr2,2.7010777,5.5750213,0.006911518652852203,0.04948092131803153,0.12640449438202248,0.003424657534246575
Epidermis 1,fth1,2.6993906,1.4335169,0.006946656421654068,0.04970813068821789,0.21067415730337077,0.09246575342465753
Epidermis 1,LOC116410220,-2.6985471,-1.3394518,0.006964285407869185,0.049822081927906055,0.09269662921348315,0.21575342465753425
Epidermis 1,ppih,-2.700867,-1.10589,0.006915902124881224,0.04950017997365403,0.12921348314606743,0.25
Epidermis 1,LOC101730430,-2.7025537,-27.32207,0.006880904169426628,0.049273814251962214,0.0,0.1232876712328767
Epidermis 1,letm1,-2.7071931,-1.4974132,0.006785478779309151,0.048638138842075976,0.06741573033707865,0.1952054794520548
Epidermis 1,vac14,-2.707404,-2.4918022,0.0067811696571743515,0.04861917347286326,0.03089887640449438,0.1541095890410959
Epidermis 1,ncaph,-2.7082474,-1.177209,0.006763957751112699,0.048507666590474806,0.12078651685393259,0.24315068493150685
Epidermis 1,kat5,-2.7093017,-1.0196874,0.006742498088272263,0.04836563475295375,0.15168539325842698,0.2705479452054795
Epidermis 1,rps15a,-2.7097235,-1.1656024,0.006733931371559376,0.04831604023614436,0.1151685393258427,0.23972602739726026
Epidermis 1,wdr12,-2.7109888,-1.4825007,0.006708289890409506,0.04815570279630655,0.08146067415730338,0.2054794520547945
Epidermis 1,lypd6b,-2.7194238,-1.0704169,0.0065395779746018285,0.04702543758317,0.12921348314606743,0.2534246575342466
Epidermis 1,trmt61a,-2.7202673,-4.386025,0.0065229184577062565,0.04692872986394575,0.0056179775280898875,0.13013698630136986
Epidermis 1,LOC101731710,-2.7242737,-1.6949625,0.006444305883141531,0.046408845841367355,0.06460674157303371,0.18835616438356165
Epidermis 1,spryd4,-2.7274368,-1.4282821,0.006382846536200719,0.046000243367772004,0.08426966292134831,0.2089041095890411
Epidermis 1,nop16,-2.7278585,-2.845984,0.006374691931333041,0.04595280390747131,0.02247191011235955,0.14726027397260275
Epidermis 1,c1h12orf43,-2.728702,-2.4500196,0.00635841084086193,0.04585805755964349,0.033707865168539325,0.15753424657534246
Epidermis 1,ube3d,-2.7312326,-1.479988,0.006309791852471051,0.04558614079080111,0.08146067415730338,0.2054794520547945
Epidermis 1,tfip11,-2.7320762,-1.3598663,0.006293660036004678,0.04548083473731835,0.09550561797752809,0.2191780821917808
Epidermis 1,tmem132e,-2.7329197,-2.8656738,0.006277565352327205,0.04537574500837699,0.028089887640449437,0.1506849315068493
Epidermis 1,LOC101734591,-2.7335522,-1.3668659,0.006265518663412347,0.04531107769673585,0.09269662921348315,0.21575342465753425
Epidermis 1,nacc1,-2.733974,-1.4808716,0.006257499102917129,0.045264280197320116,0.08707865168539326,0.2089041095890411
Epidermis 1,MGC147490,-2.7350283,-1.249225,0.006237490613429139,0.045141888616278075,0.11235955056179775,0.2328767123287671
Epidermis 1,rps17,-2.7352393,-1.189666,0.00623349583403805,0.045124149758485936,0.10955056179775281,0.2363013698630137
Epidermis 1,eif3l,-2.7362936,-1.3281856,0.006213556466295564,0.044990950970098,0.09550561797752809,0.2191780821917808
Epidermis 1,synpo,-2.737137,-5.004269,0.006197646338184393,0.04488686821394152,0.0056179775280898875,0.13013698630136986
Epidermis 1,adamts9,-2.7432525,-1.2209378,0.0060833906174130176,0.04411401417454724,0.10393258426966293,0.22945205479452055
Epidermis 1,mre11,-2.7434633,-2.8584054,0.006079484825236802,0.04409663050285285,0.02247191011235955,0.14726027397260275
Epidermis 1,LOC100487921,-2.745572,-2.2178607,0.006040550958329589,0.043868657158492474,0.03932584269662921,0.1643835616438356
Epidermis 1,ctdsp1,-2.7493677,-1.3765273,0.005971035644397129,0.043385369853684436,0.08426966292134831,0.21232876712328766
Epidermis 1,nr1d1,-2.7510548,-3.0061002,0.005940371986943702,0.04318403719232811,0.02247191011235955,0.14726027397260275
Epidermis 1,me3,-2.7531633,-1.9866271,0.005902242007719823,0.042949573345197445,0.0449438202247191,0.17123287671232876
Epidermis 1,taf1c,-2.7531633,-2.3983264,0.005902242007719823,0.042949573345197445,0.042134831460674156,0.1643835616438356
Epidermis 1,ddx47,-2.7544286,-1.6938435,0.005879470041448271,0.04281584174927116,0.06179775280898876,0.18835616438356165
Epidermis 1,plch2,-2.7550614,-1.321393,0.005868113781728647,0.04274379116713434,0.13764044943820225,0.25
Epidermis 1,rpl34,-2.7550614,-1.6235186,0.005868113781728647,0.04274379116713434,0.0702247191011236,0.1952054794520548
Epidermis 1,wdr25,-2.7628636,-1.6424375,0.00572966998406277,0.04179784958925352,0.06460674157303371,0.1917808219178082
Epidermis 1,nip7,-2.7637072,-2.269862,0.005714880916236723,0.041700370459939004,0.03932584269662921,0.1643835616438356
Epidermis 1,polrmt,-2.765816,-2.5657175,0.00567805875026854,0.0414523814508241,0.028089887640449437,0.1541095890410959
Epidermis 1,qtrt1,-2.767081,-1.0988528,0.005656068305107203,0.041302156539242726,0.12921348314606743,0.2534246575342466
Epidermis 1,nrep,-2.7721422,-2.028409,0.0055688727352682255,0.0407061062577208,0.05056179775280899,0.17465753424657535
Epidermis 1,brip1,-2.7742507,-2.3741648,0.005532900627807463,0.040463402114445816,0.033707865168539325,0.16095890410958905
Epidermis 1,myh6,-2.7750943,-1.6850176,0.005518570596465759,0.04036870297930195,0.06460674157303371,0.1917808219178082
Epidermis 1,spag7,-2.780577,-1.0746893,0.0054262390147859435,0.03976294626252392,0.12921348314606743,0.2602739726027397
Epidermis 1,fut8,-2.7818422,-1.4175382,0.00540513078133749,0.03961819906451258,0.08707865168539326,0.21232876712328766
Epidermis 1,crtap,-2.7831075,-3.2679899,0.005384096711926307,0.0394739229963175,0.016853932584269662,0.14383561643835616
Epidermis 1,sh2b2,-2.789012,-3.27307,0.0052869116792995585,0.038819822983573324,0.016853932584269662,0.14383561643835616
Epidermis 1,dusp11,-2.7900662,-1.5921929,0.005269724895468256,0.03870334884910366,0.07584269662921349,0.20205479452054795
Epidermis 1,smndc1,-2.7928076,-1.0134004,0.005225275204647319,0.038425162140137296,0.14606741573033707,0.273972602739726
Epidermis 1,brca1,-2.7949164,-1.042942,0.005191313940785184,0.038194638259021314,0.15730337078651685,0.2808219178082192
Epidermis 1,tfpi2,-2.7966034,-4.499806,0.005164288669259026,0.038024514380632396,0.0056179775280898875,0.13356164383561644
Epidermis 1,plxna3,-2.7968142,-1.5505834,0.005160919464831586,0.038009281148020185,0.08707865168539326,0.2089041095890411
Epidermis 1,usp37,-2.7970252,-1.1098682,0.0051575522468867915,0.0379940548711562,0.13202247191011235,0.2602739726027397
Epidermis 1,cwc25,-2.7970252,-1.0057604,0.0051575522468867915,0.0379940548711562,0.14606741573033707,0.273972602739726
Epidermis 1,LOC116410814,-2.7980795,-2.059605,0.005140745918662102,0.03789890137412658,0.047752808988764044,0.17465753424657535
Epidermis 1,mbd3,-2.7991338,-1.4221964,0.005123989099446798,0.037784895400083084,0.09269662921348315,0.2191780821917808
Epidermis 1,snx27,-2.802086,-1.3252327,0.00507733231124374,0.037450290383539184,0.09550561797752809,0.2226027397260274
Epidermis 1,fbn1,-2.8029296,-2.3826556,0.0050640725204054845,0.0373713465902481,0.033707865168539325,0.16095890410958905
Epidermis 1,stx4,-2.8033514,-1.6801131,0.005057454371201459,0.03733193149610854,0.06179775280898876,0.1917808219178082
Epidermis 1,otud4,-2.8037732,-1.5684801,0.005050844042041796,0.03729255422907899,0.07303370786516854,0.20205479452054795
Epidermis 1,rpl36,-2.8037732,-1.4423532,0.005050844042041796,0.03729255422907899,0.08146067415730338,0.21232876712328766
Epidermis 1,glrx3,-2.804195,-2.1769285,0.005044241524860686,0.03726262926793093,0.033707865168539325,0.1643835616438356
Epidermis 1,sart3,-2.8058817,-1.687259,0.005017909414841736,0.0370774798041554,0.06741573033707865,0.1952054794520548
Epidermis 1,wdr24,-2.8100994,-1.9411086,0.004952622041268144,0.03664138063485425,0.05056179775280899,0.1780821917808219
Epidermis 1,prpf39.2,-2.8128407,-1.0903813,0.004910598221585988,0.036358079183176295,0.14887640449438203,0.2705479452054795
Epidermis 1,tsnare1l,-2.8134732,-1.6314123,0.004900946337484225,0.03629581008132794,0.0702247191011236,0.19863013698630136
Epidermis 1,mylip,-2.8160038,-2.344351,0.0048625101717681895,0.03602028252178306,0.03651685393258427,0.1643835616438356
Epidermis 1,eif3k,-2.8195887,-1.3549141,0.0048085257135641445,0.03564748037869478,0.10393258426966293,0.22945205479452055
Epidermis 1,edrf1,-2.8214865,-1.2942071,0.004780165806650717,0.03545522118604595,0.11235955056179775,0.2363013698630137
Epidermis 1,vbp1,-2.8284452,-1.1854037,0.004677469892236967,0.034737581915645015,0.12078651685393259,0.25
Epidermis 1,setdb1,-2.828867,-1.0927712,0.004671310573462856,0.03470947620053196,0.13202247191011235,0.2636986301369863
Epidermis 1,ythdf2,-2.835826,-1.1106421,0.004570736417645096,0.03399674204177705,0.13764044943820225,0.2671232876712329
Epidermis 1,rps23,-2.8362477,-1.8936546,0.004564704518851481,0.033960518653740814,0.05898876404494382,0.18493150684931506
Epidermis 1,fau,-2.8383563,-1.4861401,0.004534653037687089,0.033745530281219786,0.08146067415730338,0.21232876712328766
Epidermis 1,snrpg,-2.838778,-1.850799,0.004528664291255084,0.03370954568313659,0.06179775280898876,0.18835616438356165
Epidermis 1,LOC100486608,-2.8429956,-2.480032,0.004469169703769522,0.033283643212964814,0.025280898876404494,0.15753424657534246
Epidermis 1,LOC116407600,-2.8476348,-1.8482414,0.004404544374924076,0.032844193016174916,0.06460674157303371,0.1917808219178082
Epidermis 1,tmem169,-2.8480566,-3.946597,0.004398711548906359,0.032817441880061714,0.011235955056179775,0.1404109589041096
Epidermis 1,cdk2,-2.8484783,-2.366955,0.004392885724833147,0.032782344299871764,0.03932584269662921,0.1678082191780822
Epidermis 1,exd2,-2.856913,-1.7363538,0.004277828347736052,0.032005426268920535,0.05898876404494382,0.1917808219178082
Epidermis 1,nadk2,-2.862185,-1.5876266,0.004207312297514405,0.03151010652540189,0.08146067415730338,0.2089041095890411
Epidermis 1,fam193b,-2.8695655,-1.0280858,0.004110360827310261,0.03083931143303548,0.15168539325842698,0.2842465753424658
Epidermis 1,ccnd2,-2.8695655,-1.6665658,0.004110360827310261,0.03083931143303548,0.07303370786516854,0.20205479452054795
Epidermis 1,igsf8,-2.8931835,-2.7817774,0.0038135853708476117,0.028797446131554258,0.025280898876404494,0.15753424657534246
Epidermis 1,cct7,-2.8950813,-1.5833077,0.0037906038278209425,0.028646106641942594,0.07584269662921349,0.2089041095890411
Epidermis 1,syngap1,-2.9066794,-2.5371733,0.0036528747914698336,0.027633846539713954,0.042134831460674156,0.17123287671232876
Epidermis 1,trps1,-2.9100533,-1.1247755,0.0036136714597320534,0.02735143201435206,0.11235955056179775,0.25
Epidermis 1,ceacam8l,-2.9134274,-3.124722,0.0035748511599791935,0.02709268194382987,0.016853932584269662,0.1506849315068493
Epidermis 1,sgcd,-2.913638,-1.847596,0.0035724375335377512,0.02708141118849637,0.07584269662921349,0.20205479452054795
Epidermis 1,nat10,-2.9142706,-2.298295,0.0035652055459881055,0.027040613210892142,0.03932584269662921,0.17123287671232876
Epidermis 1,LOC100485124,-2.9193318,-1.267557,0.003507827379364146,0.02662614960430884,0.11235955056179775,0.24315068493150685
Epidermis 1,pold1,-2.9216514,-1.7506235,0.0034818109473274635,0.026442404728846215,0.0702247191011236,0.20205479452054795
Epidermis 1,nagpa,-2.9231274,-1.3820051,0.003465346592587893,0.026324206405388954,0.0898876404494382,0.22602739726027396
Epidermis 1,bloc1s4,-2.9235492,-1.0406295,0.003460655523374767,0.02630908234168214,0.15168539325842698,0.2842465753424658
Epidermis 1,mphosph9,-2.9290318,-1.5335543,0.0034001953661893917,0.025869627992993784,0.08426966292134831,0.21575342465753425
Epidermis 1,mycl,-2.9332495,-1.8894951,0.0033543436812255487,0.025560693468692393,0.05898876404494382,0.1917808219178082
Epidermis 1,btg5.3,-2.9334602,-1.066698,0.00335206594614396,0.025549997306840704,0.13764044943820225,0.2705479452054795
Epidermis 1,evi2a,-2.9340928,-1.6948822,0.0033452411890943718,0.025504628377260714,0.07303370786516854,0.2054794520547945
Epidermis 1,xrcc5,-2.9349363,-1.1759981,0.0033361611967644028,0.025442037031729783,0.1348314606741573,0.2671232876712329
Epidermis 1,frs3,-2.9416842,-1.8401774,0.0032643253692038964,0.024907203045470918,0.06179775280898876,0.1952054794520548
Epidermis 1,rpf1,-2.945269,-1.4567676,0.003226738431992395,0.0246332700719691,0.08707865168539326,0.2226027397260274
Epidermis 1,unc93b1,-2.9480104,-1.2312475,0.0031982620405721636,0.024441411165481024,0.13202247191011235,0.2602739726027397
Epidermis 1,fjx1,-2.948854,-6.1736045,0.003189546262417024,0.02438117855562553,0.0028089887640449437,0.136986301369863
Epidermis 1,khk,-2.9547584,-2.1342192,0.003129139415304703,0.023938203153303264,0.042134831460674156,0.1780821917808219
Epidermis 1,lpar5,-2.9547584,-4.786349,0.003129139415304703,0.023938203153303264,0.0056179775280898875,0.1404109589041096
Epidermis 1,msrb3,-2.9551802,-2.5330982,0.003124864808511892,0.023918021266721948,0.033707865168539325,0.1678082191780822
Epidermis 1,ncstn,-2.955602,-1.0217768,0.0031205955260050237,0.023904121546292675,0.16853932584269662,0.2979452054794521
Epidermis 1,lbhd1,-2.960452,-3.3007703,0.0030718795651861063,0.0235556431190858,0.019662921348314606,0.1541095890410959
Epidermis 1,tbl3,-2.9610846,-2.5362737,0.003065576698483985,0.023525826325383397,0.028089887640449437,0.1643835616438356
Epidermis 1,snrpa1,-2.9619281,-1.139196,0.0030571912217674376,0.023486138397761883,0.1404494382022472,0.273972602739726
Epidermis 1,rbbp4,-2.9644587,-1.906713,0.0030321601497362,0.02331222339214594,0.056179775280898875,0.1917808219178082
Epidermis 1,sf3b4,-2.9676218,-1.2180414,0.0030011342287700224,0.023085830168730666,0.12078651685393259,0.2568493150684932
Epidermis 1,utp4,-2.968676,-2.322716,0.0029908567905985086,0.023024949919932845,0.03932584269662921,0.17465753424657535
Epidermis 1,bccip,-2.9695196,-1.7586861,0.0029826579699098912,0.02296788069505691,0.06179775280898876,0.19863013698630136
Epidermis 1,zrsr2,-2.9726827,-1.0258439,0.00295209469249312,0.022756508427285438,0.13764044943820225,0.2842465753424658
Epidermis 1,rpl35a,-2.9728935,-1.150759,0.0029500673372231333,0.022746879011967664,0.12640449438202248,0.2671232876712329
Epidermis 1,mipep,-2.973737,-1.1789154,0.0029419706146758223,0.02269043351915276,0.12359550561797752,0.2636986301369863
Epidermis 1,eif2s1,-2.9743698,-1.8463802,0.0029359113864686317,0.022649676890436676,0.05898876404494382,0.1952054794520548
Epidermis 1,fbxl19,-2.9766893,-1.4472605,0.002913791524948071,0.022490900466268036,0.09550561797752809,0.22945205479452055
Epidermis 1,trip13,-2.983648,-1.6145427,0.002848341461401475,0.02199151327475608,0.08146067415730338,0.21575342465753425
Epidermis 1,psmd2,-2.9857569,-1.1389278,0.002828774767013621,0.02185198605036341,0.13202247191011235,0.2705479452054795
Epidermis 1,rab8b,-2.9868112,-2.4976447,0.002819037515747995,0.02178252329443025,0.03651685393258427,0.17123287671232876
Epidermis 1,usp16,-2.9910288,-1.6102962,0.002780393819330069,0.021500976648898745,0.07584269662921349,0.21232876712328766
Epidermis 1,fermt2,-2.994192,-1.2937384,0.0027517292381133004,0.02128494240785655,0.1151685393258427,0.25
Epidermis 1,LOC116410869,-2.9960897,-1.7216674,0.0027346603300388646,0.021164113345873987,0.0702247191011236,0.2054794520547945
Epidermis 1,rps13,-3.0011506,-2.1070588,0.002689615069563358,0.020832045071119902,0.0449438202247191,0.1815068493150685
Epidermis 1,ubr7,-3.0019941,-1.6256824,0.0026821737883215443,0.02077991571863956,0.07584269662921349,0.21232876712328766
Epidermis 1,LOC100490380,-3.0028377,-2.0872777,0.002674751325780485,0.020727904560946277,0.047752808988764044,0.18493150684931506
Epidermis 1,spout1,-3.0030484,-2.087263,0.0026728986456055776,0.020724535891166216,0.05337078651685393,0.18835616438356165
Epidermis 1,ppp6r2,-3.0036812,-1.0405155,0.002667347639616015,0.020686982980529515,0.16292134831460675,0.2979452054794521
Epidermis 1,hmmr,-3.003892,-1.2928351,0.002665499646931538,0.020678136990301427,0.1151685393258427,0.25
Epidermis 1,LOC100492280,-3.0066333,-1.0255032,0.0026415819928356813,0.020503474039452945,0.16853932584269662,0.3047945205479452
Epidermis 1,nup93,-3.0100074,-1.4839225,0.0026124142395518046,0.020298639190945985,0.0898876404494382,0.22945205479452055
Epidermis 1,rps18,-3.0108507,-1.5685738,0.002605168455079863,0.02024772111418226,0.08146067415730338,0.2191780821917808
Epidermis 1,pus7l,-3.0142248,-2.4212158,0.0025763686856324457,0.02002921091747926,0.03089887640449438,0.17123287671232876
Epidermis 1,nde1,-3.0146465,-1.0042148,0.002572789258061061,0.020006704656127396,0.17134831460674158,0.3082191780821918
Epidermis 1,tango6,-3.0150683,-2.472742,0.0025692143785452292,0.01998954098995358,0.033707865168539325,0.17123287671232876
Epidermis 1,snrnp40,-3.015279,-1.50355,0.0025674286427005257,0.019980965563040222,0.08707865168539326,0.2226027397260274
Epidermis 1,irak1,-3.0184422,-1.2156729,0.0025407784562014556,0.019789367187110246,0.11235955056179775,0.2534246575342466
Epidermis 1,sostdc1,-3.018864,-3.3896332,0.0025372442783068443,0.019767107542427335,0.016853932584269662,0.1541095890410959
Epidermis 1,dis3,-3.0213945,-1.5153966,0.00251613346641782,0.01960786386479853,0.08426966292134831,0.2226027397260274
Epidermis 1,rpl24,-3.0218163,-1.4366332,0.002512630659579576,0.019585788482712155,0.0898876404494382,0.22945205479452055
Epidermis 1,slc29a1,-3.022027,-6.045635,0.002510880929456407,0.019577370085073414,0.0028089887640449437,0.1404109589041096
Epidermis 1,ssb,-3.0232923,-1.7659593,0.0025004059350183703,0.0195008980486985,0.06460674157303371,0.20205479452054795
Epidermis 1,megf8,-3.0249794,-1.3810118,0.0024865014625212807,0.019397631238580078,0.09831460674157304,0.2363013698630137
Epidermis 1,col9a3,-3.027088,-3.9088225,0.0024692203618487956,0.019267960597224278,0.008426966292134831,0.14726027397260275
Epidermis 1,LOC100493542,-3.0275097,-1.2471424,0.0024657773568594176,0.019251372307253642,0.1151685393258427,0.2568493150684932
Epidermis 1,dtymk,-3.0279315,-1.2229114,0.002462338745240417,0.019234800604522345,0.12640449438202248,0.2636986301369863
Epidermis 1,mrpl3,-3.0342577,-1.4827183,0.00241128339009039,0.018846049405275987,0.09269662921348315,0.22945205479452055
Epidermis 1,pwp2,-3.0348904,-2.983737,0.0024062315156465853,0.01881159492748471,0.02247191011235955,0.16095890410958905
Epidermis 1,snrpd3,-3.0361557,-1.7477199,0.002396156820054876,0.018747874734214156,0.07303370786516854,0.2089041095890411
Epidermis 1,arl5c,-3.0393188,-2.1732936,0.0023711387869498383,0.018572014437655607,0.05337078651685393,0.18835616438356165
Epidermis 1,ncald,-3.0395296,-1.3730785,0.002369479451441776,0.018563991917741773,0.0898876404494382,0.2328767123287671
Epidermis 1,whr1,-3.040373,-1.3630167,0.002362852735538273,0.01851703708110436,0.10674157303370786,0.24315068493150685
Epidermis 1,mex3c,-3.040373,-1.1518756,0.002362852735538273,0.01851703708110436,0.13764044943820225,0.273972602739726
Epidermis 1,cemip,-3.0445905,-1.9149258,0.002329972971656311,0.01828387649247936,0.056179775280898875,0.1952054794520548
Epidermis 1,cdyl,-3.0450122,-1.0262383,0.0023267081465875735,0.018263159461036883,0.1797752808988764,0.3082191780821918
Epidermis 1,dda1,-3.0479646,-1.8112049,0.0023039714248746014,0.01808954840733534,0.06179775280898876,0.20205479452054795
Epidermis 1,st3gal5,-3.048597,-2.8311274,0.0022991258242848187,0.018056353296525936,0.03089887640449438,0.1678082191780822
Epidermis 1,cux2,-3.0494406,-1.7520993,0.0022926795437629302,0.018010565908017792,0.0702247191011236,0.2089041095890411
Epidermis 1,ccdc148,-3.0532362,-1.1413261,0.0022638756602250073,0.0178034300306799,0.1151685393258427,0.2636986301369863
Epidermis 1,bend2,-3.055556,-3.4650047,0.002246436888770967,0.017685320952239198,0.019662921348314606,0.15753424657534246
Epidermis 1,exosc5,-3.057032,-1.0868357,0.002235403664396331,0.017607945166793086,0.14325842696629212,0.2842465753424658
Epidermis 1,rab10l,-3.057032,-2.2519493,0.002235403664396331,0.017607945166793086,0.042134831460674156,0.1815068493150685
Epidermis 1,dedd,-3.0580864,-1.0716352,0.002227553215114197,0.01755556970369455,0.14606741573033707,0.2910958904109589
Epidermis 1,dll1,-3.0580864,-1.4050231,0.002227553215114197,0.01755556970369455,0.10674157303370786,0.24315068493150685
Epidermis 1,ercc4,-3.0610387,-1.2915503,0.0022057061711924695,0.017402158458873704,0.1151685393258427,0.2534246575342466
Epidermis 1,usp44,-3.0631473,-1.5093033,0.002190221562624471,0.017284656181715957,0.08426966292134831,0.22602739726027396
Epidermis 1,nup43,-3.0694735,-1.5084653,0.002144363634039399,0.01694105226665018,0.09550561797752809,0.2328767123287671
Epidermis 1,shkbp1,-3.0698953,-1.4841009,0.0021413379638647633,0.016921722092925355,0.09269662921348315,0.2328767123287671
Epidermis 1,slc38a9,-3.0762215,-2.5885994,0.002096420166183218,0.01658918729769942,0.03089887640449438,0.17123287671232876
Epidermis 1,cskmt,-3.0766432,-2.0104985,0.0020934565927860065,0.016570221950643855,0.056179775280898875,0.1952054794520548
Epidermis 1,ddx18,-3.080439,-1.4307773,0.0020669568302806606,0.016369334897299918,0.10674157303370786,0.24315068493150685
Epidermis 1,raver1,-3.0880303,-1.3938155,0.002014878227646426,0.01600024598542045,0.09831460674157304,0.23972602739726026
Epidermis 1,pou6f1,-3.0935133,-1.2787905,0.0019780177911656897,0.01573318042273858,0.12078651685393259,0.2602739726027397
Epidermis 1,trap1,-3.0977306,-2.282608,0.001950085933243902,0.015532142211076976,0.0449438202247191,0.18493150684931506
Epidermis 1,rfx5,-3.0994177,-1.3173867,0.0019390149397843118,0.01545238432520044,0.1151685393258427,0.2534246575342466
Epidermis 1,filip1l,-3.1011045,-1.6613244,0.0019280016819045414,0.015368807516703477,0.07865168539325842,0.2191780821917808
Epidermis 1,tomm7,-3.1095395,-2.7781088,0.0018737920170364343,0.014948912240718343,0.03089887640449438,0.17123287671232876
Epidermis 1,insyn2a,-3.1122808,-2.8849103,0.001856477632995753,0.014818868839459,0.025280898876404494,0.1678082191780822
Epidermis 1,adam9,-3.1181853,-1.4640251,0.0018196832510292919,0.014537076007334579,0.09269662921348315,0.2363013698630137
Epidermis 1,tbrg4,-3.1183963,-1.959279,0.0018183816461596722,0.014530648960878452,0.06179775280898876,0.20205479452054795
Epidermis 1,ppat,-3.1272528,-2.1605916,0.0017644806851598053,0.01411922663780626,0.0449438202247191,0.18835616438356165
Epidermis 1,ctnnbl1,-3.1310487,-1.5217351,0.0017418331394724602,0.01394945876710123,0.08426966292134831,0.22945205479452055
Epidermis 1,LOC108644458,-3.1310487,-1.7313563,0.0017418331394724602,0.01394945876710123,0.07303370786516854,0.21575342465753425
Epidermis 1,pelp1,-3.132103,-1.850408,0.0017355897607193227,0.01391470770586575,0.0702247191011236,0.2089041095890411
Epidermis 1,airim,-3.133579,-1.9650421,0.0017268835979907294,0.01385250671044649,0.06179775280898876,0.20205479452054795
Epidermis 1,tasp1,-3.1363204,-1.0949271,0.001710821477196497,0.01373496912934106,0.14325842696629212,0.2910958904109589
Epidermis 1,c9,-3.1394835,-1.1433495,0.0016924590591703354,0.013602494022163342,0.15730337078651685,0.2945205479452055
Epidermis 1,tulp1,-3.1399052,-2.4569798,0.0016900244813133766,0.013590400443816042,0.03932584269662921,0.1815068493150685
Epidermis 1,mipol1,-3.1399052,-1.084617,0.0016900244813133766,0.013590400443816042,0.1601123595505618,0.3013698630136986
Epidermis 1,smad10,-3.1445446,-3.667699,0.0016634559255526917,0.013391484483566711,0.014044943820224719,0.15753424657534246
Epidermis 1,LOC101730936,-3.147075,-3.615902,0.001649126485158968,0.013283443452103003,0.014044943820224719,0.15753424657534246
Epidermis 1,jpt2,-3.148762,-1.4110359,0.0016396367200175424,0.013214287555233743,0.10393258426966293,0.2465753424657534
Epidermis 1,tomm22,-3.1496055,-1.6968973,0.0016349107056585898,0.01318710674313086,0.08426966292134831,0.2226027397260274
Epidermis 1,fbxo42,-3.1498163,-1.0113096,0.0016337311624275248,0.01318486902510187,0.17696629213483145,0.3184931506849315
Epidermis 1,tmem39b,-3.153823,-2.175901,0.0016114681184558775,0.01302317516466236,0.047752808988764044,0.1917808219178082
Epidermis 1,pfkfb1,-3.1635232,-1.2570423,0.0015587196046621737,0.012614322470620155,0.11797752808988764,0.2671232876712329
Epidermis 1,e2f3,-3.16521,-1.2208642,0.0015497099094613613,0.012544882404725852,0.1348314606741573,0.2773972602739726
Epidermis 1,gata6,-3.1662645,-2.1616724,0.0015441032297241375,0.012502958866500349,0.05337078651685393,0.1952054794520548
Epidermis 1,cmtr1,-3.1717472,-1.1457903,0.001515248452835853,0.012286332184422974,0.14325842696629212,0.2910958904109589
Epidermis 1,hoxd1,-3.173856,-2.4058537,0.0015042833408257955,0.012204192710429872,0.03651685393258427,0.1815068493150685
Epidermis 1,pigz,-3.1816583,-1.3384336,0.0014643449660156906,0.011906611321725913,0.11235955056179775,0.2568493150684932
Epidermis 1,stard7,-3.1839778,-2.2097375,0.0014526612199490657,0.011818185393913482,0.05337078651685393,0.1952054794520548
Epidermis 1,wars1,-3.1915693,-2.061099,0.0014150215910771538,0.01152800895450844,0.05898876404494382,0.20205479452054795
Epidermis 1,prr14l,-3.1915693,-1.2116128,0.0014150215910771538,0.01152800895450844,0.12640449438202248,0.2773972602739726
Epidermis 1,LOC105945411,-3.1945214,-1.5069643,0.001400628362319132,0.011420297812817448,0.08707865168539326,0.2363013698630137
Epidermis 1,fbln7,-3.1981063,-3.8598502,0.00138333239193359,0.011285567722191117,0.011235955056179775,0.15753424657534246
Epidermis 1,rexo4,-3.1993716,-2.7415917,0.0013772751097744082,0.0112392877537174,0.033707865168539325,0.1780821917808219
Epidermis 1,kcnab2,-3.2048542,-2.096548,0.0013513085097630044,0.011033547220358207,0.05337078651685393,0.19863013698630136
Epidermis 1,znf362,-3.2059088,-1.7154384,0.001346367005748332,0.011002419330452751,0.06460674157303371,0.21575342465753425
Epidermis 1,litaf,-3.2061195,-1.6319884,0.0013453807075848112,0.010997433854421593,0.09269662921348315,0.2328767123287671
Epidermis 1,ddx51,-3.2099154,-2.8391721,0.0013277409353514855,0.01086235524244592,0.028089887640449437,0.17465753424657535
Epidermis 1,map2k5,-3.2099154,-1.5546503,0.0013277409353514855,0.01086235524244592,0.08426966292134831,0.2328767123287671
Epidermis 1,LOC101731157,-3.2124457,-2.4546943,0.0013160999085672046,0.01077616706647842,0.033707865168539325,0.1815068493150685
Epidermis 1,slc66a3,-3.2139218,-1.5986414,0.0013093528775767911,0.010726932164923536,0.08146067415730338,0.22945205479452055
Epidermis 1,dhx29,-3.2158198,-1.0536666,0.001300725026102616,0.010665215494531716,0.17696629213483145,0.3219178082191781
Epidermis 1,nol11,-3.2238328,-2.201875,0.0012648716726460674,0.010388722636447653,0.05056179775280899,0.1952054794520548
Epidermis 1,rad51ap1,-3.2276287,-2.2709556,0.001248208941917275,0.010254748617533407,0.0449438202247191,0.1917808219178082
Epidermis 1,eri2,-3.2280505,-1.1728874,0.0012463700927074805,0.01024252015179431,0.1404494382022472,0.2876712328767123
Epidermis 1,dcp1a,-3.2305808,-1.6461687,0.001235389426455105,0.010160852089113444,0.07865168539325842,0.22602739726027396
Epidermis 1,LOC101734291,-3.2324789,-1.3931422,0.0012272126317061426,0.010096440314495428,0.09831460674157304,0.25
Epidermis 1,ints3,-3.2343767,-1.0880828,0.0012190858463447228,0.010035229055055644,0.16292134831460675,0.3082191780821918
Epidermis 1,rpl27a,-3.2394376,-1.011645,0.0011976568085016528,0.009864386071939086,0.19662921348314608,0.3356164383561644
Epidermis 1,adgrl1,-3.240281,-2.9246113,0.0011941193194677285,0.009838021935558392,0.028089887640449437,0.17465753424657535
Epidermis 1,fhip1b,-3.24239,-1.5990915,0.0011853177867077113,0.009768261692487484,0.08426966292134831,0.2328767123287671
Epidermis 1,sap30,-3.2426007,-1.1482393,0.001184440938110764,0.009763788229530664,0.1544943820224719,0.2979452054794521
Epidermis 1,mmgt1,-3.2432332,-1.1919585,0.0011818139870277897,0.009744881425898256,0.14606741573033707,0.2910958904109589
Epidermis 1,mrps31,-3.2444985,-1.7764115,0.0011765762277197974,0.009709909574386617,0.07303370786516854,0.2191780821917808
Epidermis 1,adamtsl5,-3.2457638,-1.2629654,0.0011713599257114717,0.009669591072711672,0.1348314606741573,0.2808219178082192
Epidermis 1,XB5970036,-3.2525117,-3.018029,0.0011438987641319083,0.009450905815245849,0.02247191011235955,0.17123287671232876
Epidermis 1,cpsf7,-3.2527225,-1.0534036,0.0011430502702945895,0.009446565578450987,0.17134831460674158,0.3184931506849315
Epidermis 1,rap1gds1,-3.267273,-2.703982,0.0010858896302879497,0.00898433053579028,0.028089887640449437,0.1780821917808219
Epidermis 1,rcc2,-3.2706468,-1.479458,0.0010730181918255995,0.008885380953329773,0.10112359550561797,0.25
Epidermis 1,LOC100491833,-3.271701,-1.0579228,0.0010690249022673587,0.00885984318632752,0.18258426966292135,0.3253424657534247
Epidermis 1,slc39a6,-3.2731774,-2.343994,0.0010634573896400221,0.008818701547962408,0.042134831460674156,0.1917808219178082
Epidermis 1,c6h18orf21,-3.2742317,-2.5122175,0.001059497031356024,0.00879334404417034,0.042134831460674156,0.18835616438356165
Epidermis 1,kdsr,-3.2748642,-1.5487833,0.0010571273704191287,0.00877616874885588,0.0898876404494382,0.23972602739726026
Epidermis 1,znf674,-3.2761295,-1.4014391,0.001052402752097278,0.008746882242409874,0.10955056179775281,0.2602739726027397
Epidermis 1,rasgrp1,-3.2773948,-3.1956234,0.0010476976772176463,0.00871025335686832,0.02247191011235955,0.17123287671232876
Epidermis 1,nufip1,-3.27866,-1.9894062,0.001043012072439416,0.008676233890004716,0.06741573033707865,0.21232876712328766
Epidermis 1,LOC100491930,-3.2824557,-2.0260541,0.0010290713489204072,0.008567583195754036,0.056179775280898875,0.2054794520547945
Epidermis 1,polr1b,-3.2925777,-2.8557472,0.0009927347113304554,0.008279209228787601,0.033707865168539325,0.1815068493150685
Epidermis 1,mettl25,-3.2925777,-1.2760699,0.0009927347113304554,0.008279209228787601,0.1404494382022472,0.2808219178082192
Epidermis 1,meaf6,-3.2929995,-1.2647998,0.0009912467815225078,0.008271520031597038,0.12359550561797752,0.2773972602739726
Epidermis 1,cherp,-3.2940538,-1.0396426,0.000987535985776897,0.008249975535937261,0.17134831460674158,0.3253424657534247
Epidermis 1,dusp7,-3.2959516,-1.1216186,0.0009808889479340137,0.008199132066645454,0.1601123595505618,0.3082191780821918
Epidermis 1,gpm6b,-3.298904,-1.0696301,0.0009706314113866841,0.008122681587816823,0.16853932584269662,0.3184931506849315
Epidermis 1,ebna1bp2,-3.3001692,-2.5708125,0.0009662658084930754,0.008093099096865642,0.033707865168539325,0.18493150684931506
Epidermis 1,dstyk,-3.3024888,-1.0084887,0.0009583093985351043,0.00802875953814263,0.18820224719101122,0.3321917808219178
Epidermis 1,map1s,-3.305441,-1.3034328,0.0009482708170222017,0.007951492900853695,0.12640449438202248,0.2773972602739726
Epidermis 1,bub3,-3.310291,-1.072055,0.0009319900910773908,0.007823952427421945,0.17696629213483145,0.3219178082191781
Epidermis 1,col5a2,-3.317039,-2.5572412,0.0009097691833357786,0.0076417997120942945,0.0449438202247191,0.1917808219178082
Epidermis 1,mtfr2,-3.3216782,-2.200308,0.0008947782226102832,0.007522364746943109,0.0449438202247191,0.19863013698630136
Epidermis 1,LOC105945805,-3.3292696,-2.1666143,0.0008707405717700256,0.007337162771233675,0.05056179775280899,0.20205479452054795
Epidermis 1,LOC100489249,-3.330535,-2.514085,0.0008667929934967973,0.007306005188265537,0.042134831460674156,0.1917808219178082
Epidermis 1,chic2,-3.3309567,-1.188908,0.0008654808260606391,0.00729704932984671,0.14325842696629212,0.2945205479452055
Epidermis 1,metap2,-3.3326435,-1.2688652,0.0008602505534517989,0.007259233235551252,0.1348314606741573,0.2842465753424658
Epidermis 1,hoxa6,-3.3343306,-3.1212764,0.0008550496035918776,0.007223686405374039,0.02247191011235955,0.17465753424657535
Epidermis 1,ppp1r9a,-3.3381264,-2.7036421,0.0008434539035280903,0.007140168275131656,0.028089887640449437,0.1815068493150685
Epidermis 1,prcc,-3.3398132,-1.2470725,0.0008383472223951497,0.0071010511903310996,0.12921348314606743,0.2842465753424658
Epidermis 1,vars1,-3.3450851,-1.252514,0.0008225730985820909,0.006969459201348725,0.14325842696629212,0.2910958904109589
Epidermis 1,LOC100495928,-3.3450851,-1.6159254,0.0008225730985820909,0.006969459201348725,0.09269662921348315,0.24315068493150685
Epidermis 1,smarca1,-3.3490918,-2.2557774,0.0008107694113424701,0.0068794196409148745,0.0449438202247191,0.19863013698630136
Epidermis 1,nlrc4,-3.3495135,-1.1798507,0.0008095361034094825,0.0068709494305350125,0.1404494382022472,0.2979452054794521
Epidermis 1,eif5a,-3.3509896,-1.1091604,0.0008052332213201186,0.0068403871817519285,0.16573033707865167,0.3184931506849315
Epidermis 1,bclaf3,-3.3549962,-1.0632491,0.0007936607187100589,0.006751890706814241,0.1601123595505618,0.3219178082191781
Epidermis 1,prr14,-3.3646965,-1.4005997,0.0007662792932114266,0.006526547208584851,0.1151685393258427,0.2671232876712329
Epidermis 1,ncaph2,-3.3659616,-1.0287853,0.0007627731830137135,0.006498578523076029,0.199438202247191,0.3424657534246575
Epidermis 1,c4h1orf52,-3.3676486,-1.8599356,0.000758121537049224,0.006460831093144568,0.06179775280898876,0.2191780821917808
Epidermis 1,noc4l,-3.3680704,-3.0897334,0.0007569627483748522,0.0064528370072164795,0.025280898876404494,0.1780821917808219
Epidermis 1,rbl1,-3.368914,-1.0222635,0.000754650103475526,0.006434999175814791,0.1853932584269663,0.339041095890411
Epidermis 1,srsf5a,-3.3693357,-1.447489,0.0007534962429944283,0.006427034922372376,0.10674157303370786,0.2602739726027397
Epidermis 1,smad3,-3.3716552,-1.8693436,0.0007471792413221544,0.0063787372672569785,0.0702247191011236,0.2226027397260274
Epidermis 1,snx18,-3.3739748,-1.4592483,0.0007409114516833047,0.006330775400220602,0.10674157303370786,0.2602739726027397
Epidermis 1,LOC100486773,-3.3754508,-1.8766404,0.000736948320872877,0.006298753323811423,0.0702247191011236,0.2226027397260274
Epidermis 1,LOC116407676,-3.3781922,-27.663363,0.0007296404114206566,0.006239941154545703,0.0,0.1541095890410959
Epidermis 1,smad9,-3.3794575,-1.9923831,0.0007262902852356437,0.006213108378028417,0.06179775280898876,0.21575342465753425
Epidermis 1,npm3,-3.3821988,-1.134743,0.00071908064052064,0.0061568383723078,0.1601123595505618,0.3116438356164384
Epidermis 1,pak1ip1,-3.3851511,-2.2468178,0.0007113908033430286,0.006094567576940231,0.047752808988764044,0.20205479452054795
Epidermis 1,arpc2,-3.388736,-1.3250071,0.0007021558789693684,0.006017214452698214,0.12359550561797752,0.2773972602739726
Epidermis 1,btbd18,-3.3965383,-1.6203864,0.0006824401253242757,0.00585340589887145,0.08707865168539326,0.24315068493150685
Epidermis 1,gar1,-3.406871,-1.8380142,0.0006571215910628177,0.005644525779711203,0.07865168539325842,0.22945205479452055
Epidermis 1,mrto4,-3.4070818,-1.7618219,0.0006566141007842408,0.005641824450330435,0.08707865168539326,0.2363013698630137
Epidermis 1,LOC101731425,-3.40898,-1.9868069,0.0006520630612903762,0.005606016277817349,0.06460674157303371,0.2191780821917808
Epidermis 1,msi1,-3.4094017,-1.3111882,0.0006510557109723394,0.005599002497038085,0.13202247191011235,0.2876712328767123
Epidermis 1,kif11,-3.4127755,-1.1919705,0.0006430488565847544,0.005536660125722815,0.1601123595505618,0.3082191780821918
Epidermis 1,tgs1,-3.4222648,-1.4588866,0.0006210179306698723,0.005358020995103611,0.10955056179775281,0.2636986301369863
Epidermis 1,rpl37a,-3.4315434,-1.3370062,0.0006001573931279367,0.005184160980650922,0.1151685393258427,0.2773972602739726
Epidermis 1,hspa9,-3.4325976,-2.6286862,0.0005978285972133596,0.005167098676860944,0.03651685393258427,0.1917808219178082
Epidermis 1,trmt6,-3.4342847,-1.9442241,0.0005941200115983909,0.0051380834494179186,0.056179775280898875,0.21575342465753425
Epidermis 1,psmc3,-3.4347064,-1.0937694,0.0005931962171177717,0.00513161249558141,0.16853932584269662,0.3253424657534247
Epidermis 1,traf3,-3.4347064,-1.0600336,0.0005931962171177717,0.00513161249558141,0.18820224719101122,0.3424657534246575
Epidermis 1,pabir3,-3.438502,-1.4276526,0.0005849420294348358,0.005066204581454722,0.10674157303370786,0.2671232876712329
Epidermis 1,tjap1,-3.4389238,-1.8384256,0.0005840315276555107,0.00505981789712455,0.06741573033707865,0.22602739726027396
Epidermis 1,trank1,-3.4414544,-1.2191846,0.0005785961672383172,0.00501421422014327,0.15168539325842698,0.3047945205479452
Epidermis 1,LOC116406487,-3.446937,-1.9978557,0.0005669807305310115,0.004919386682740278,0.06460674157303371,0.2191780821917808
Epidermis 1,actr3,-3.446937,-1.0928327,0.0005669807305310115,0.004919386682740278,0.1797752808988764,0.3287671232876712
Epidermis 1,wdr5,-3.4492567,-1.6233832,0.0005621321859546075,0.004883116174632729,0.09831460674157304,0.25
Epidermis 1,ldlrad3,-3.451998,-1.4135731,0.0005564518800621835,0.004835209544024282,0.12078651685393259,0.273972602739726
Epidermis 1,c7h1orf174,-3.463385,-1.0363654,0.0005334242576443033,0.004643396210601736,0.19382022471910113,0.3493150684931507
Epidermis 1,pno1,-3.4659157,-2.6678784,0.0005284290691771366,0.004601283920499517,0.033707865168539325,0.1917808219178082
Epidermis 1,dlst,-3.4709766,-1.1296363,0.0005185691979691148,0.004519468165126773,0.16853932584269662,0.3253424657534247
Epidermis 1,cenpp,-3.4726636,-1.4365525,0.0005153208640803527,0.004492497518023499,0.10674157303370786,0.2671232876712329
Epidermis 1,LOC100486832,-3.4794116,-3.3919013,0.0005025162560646682,0.00438217562083124,0.019662921348314606,0.1780821917808219
Epidermis 1,mrpl22,-3.4800441,-1.5690074,0.0005013311571147876,0.004373145644172592,0.10393258426966293,0.2568493150684932
Epidermis 1,dnajc21,-3.480677,-2.4455266,0.0005001486643454008,0.004365436132421741,0.0449438202247191,0.20205479452054795
Epidermis 1,xrcc1,-3.4810984,-2.7399855,0.0004993617811130429,0.004359869839819401,0.03932584269662921,0.1952054794520548
Epidermis 1,dcaf4,-3.4813094,-2.1252313,0.0004989687724973918,0.00435774012216052,0.05898876404494382,0.21575342465753425
Epidermis 1,vamp3,-3.4829965,-1.0206015,0.0004958350699585988,0.004335553374202753,0.21067415730337077,0.3595890410958904
Epidermis 1,mcm10,-3.4861596,-1.3637258,0.0004900087831021246,0.004289741461173466,0.12078651685393259,0.2808219178082192
Epidermis 1,LOC116408792,-3.487003,-1.7223077,0.0004884659242586769,0.004277515707610959,0.08146067415730338,0.23972602739726026
Epidermis 1,ppip5k1,-3.4899552,-1.4534875,0.00048310152211002253,0.004235615054828455,0.10955056179775281,0.2671232876712329
Epidermis 1,dcaf13,-3.490377,-2.049532,0.00048233967975759286,0.0042302043741356725,0.056179775280898875,0.21575342465753425
Epidermis 1,LOC116411060,-3.4926965,-1.3060317,0.00047816953788978384,0.004194890084650742,0.13202247191011235,0.2910958904109589
Epidermis 1,rpl23,-3.498812,-1.673463,0.0004673361672069456,0.004106012474789969,0.0898876404494382,0.2465753424657534
Epidermis 1,c3h15orf39,-3.498812,-1.6892055,0.0004673361672069456,0.004106012474789969,0.0898876404494382,0.2465753424657534
Epidermis 1,chfr,-3.5064034,-2.8017027,0.0004542063903645315,0.003996660745558585,0.033707865168539325,0.1917808219178082
Epidermis 1,myc,-3.5114644,-1.8766533,0.000445645327207962,0.003922510858059601,0.07303370786516854,0.2328767123287671
Epidermis 1,tuft1,-3.513573,-1.1324043,0.0004421228649418389,0.003895025155248611,0.16573033707865167,0.3287671232876712
Epidermis 1,dlgap4,-3.513573,-1.1719242,0.0004421228649418389,0.003895025155248611,0.13764044943820225,0.3082191780821918
Epidermis 1,hspa14,-3.5148382,-2.1350791,0.0004400218799313719,0.003880024003702543,0.056179775280898875,0.21575342465753425
Epidermis 1,eif2d,-3.516947,-2.0119126,0.0004365409362998053,0.003850491282130238,0.06179775280898876,0.2226027397260274
Epidermis 1,aida,-3.5243275,-1.0247281,0.0004245590360511481,0.0037493308709399126,0.2050561797752809,0.3595890410958904
Epidermis 1,taf5l,-3.5258036,-3.4914134,0.00042219980894080074,0.0037307504882553044,0.016853932584269662,0.1780821917808219
Epidermis 1,rpl29,-3.5277016,-1.1555135,0.0004191845038591328,0.003705225954734294,0.16573033707865167,0.3253424657534247
Epidermis 1,ppia,-3.528756,-1.4510083,0.00041751803624768175,0.0036927291127249575,0.1151685393258427,0.273972602739726
Epidermis 1,nup107,-3.5317082,-1.205234,0.00041288478361242503,0.0036539615833408408,0.15168539325842698,0.3116438356164384
Epidermis 1,dhrsx,-3.5331843,-1.2602719,0.00041058620751123574,0.0036369228581093734,0.12078651685393259,0.2910958904109589
Epidermis 1,rpl12,-3.5338168,-2.0765498,0.00040960476703926976,0.0036293291740906015,0.05898876404494382,0.2191780821917808
Epidermis 1,rps11,-3.537191,-1.2122675,0.0004044073222411462,0.003586538360567641,0.15730337078651685,0.3150684931506849
Epidermis 1,pcgf6,-3.545204,-2.1160388,0.0003923092746173989,0.003490895709692903,0.05898876404494382,0.2191780821917808
Epidermis 1,crcp,-3.5473127,-3.6369052,0.0003891822573006986,0.0034641250192316447,0.016853932584269662,0.1780821917808219
Epidermis 1,polr3gl,-3.5487888,-2.1605978,0.00038700722052205616,0.0034458142135486516,0.05337078651685393,0.21575342465753425
Epidermis 1,usf2,-3.5487888,-1.230248,0.00038700722052205616,0.0034458142135486516,0.1544943820224719,0.3116438356164384
Epidermis 1,ate1,-3.5527954,-1.3954426,0.00038116067549200095,0.003396862105276427,0.1151685393258427,0.2808219178082192
Epidermis 1,sap30bp,-3.556802,-1.1501873,0.00037539676413263543,0.003347535940317592,0.1601123595505618,0.3253424657534247
Epidermis 1,tbp,-3.5572238,-2.178305,0.00037479479949653583,0.0033431879109195113,0.05337078651685393,0.21575342465753425
Epidermis 1,LOC116406714,-3.5601761,-3.4592004,0.00037060624510615347,0.0033088549635607732,0.019662921348314606,0.1815068493150685
Epidermis 1,gucd1,-3.566713,-1.5649114,0.00036148682625839146,0.003231382696745884,0.10112359550561797,0.2636986301369863
Epidermis 1,arpc5,-3.5675566,-1.9709805,0.0003603255311915628,0.003222972950508131,0.06179775280898876,0.22602739726027396
Epidermis 1,dhx36,-3.570509,-1.6370847,0.00035628841357388067,0.0031888140285297323,0.09269662921348315,0.2534246575342466
Epidermis 1,ldlrap1,-3.5730393,-1.2584844,0.0003528617350581801,0.003161048537384512,0.14325842696629212,0.3082191780821918
Epidermis 1,rps16,-3.5743046,-1.9651871,0.0003511599778556697,0.0031496647169987975,0.06179775280898876,0.22602739726027396
Epidermis 1,ddx24,-3.5776784,-1.860508,0.0003466594116266144,0.003110252075278565,0.07303370786516854,0.2363013698630137
Epidermis 1,LOC101734376,-3.58042,-1.9663037,0.00034304249066160726,0.0030796913527424575,0.06460674157303371,0.22945205479452055
Epidermis 1,cbll1,-3.5829504,-1.0104985,0.00033973515708620437,0.0030509365212862795,0.21067415730337077,0.3664383561643836
Epidermis 1,rab41,-3.585481,-1.0830066,0.0003364576742002564,0.0030224321679617992,0.17696629213483145,0.3458904109589041
Epidermis 1,uba2,-3.5856917,-1.0606948,0.0003361858902464727,0.0030209190770964164,0.19662921348314608,0.3595890410958904
Epidermis 1,cdt1,-3.5899093,-1.002917,0.00033079316061319377,0.0029752045778105437,0.21348314606741572,0.3767123287671233
Epidermis 1,ier5l,-3.592018,-1.6130024,0.0003281272536398464,0.0029521353496910893,0.09831460674157304,0.2602739726027397
Epidermis 1,ciart,-3.5924397,-2.4026158,0.0003275964907719105,0.0029482675559586564,0.0449438202247191,0.2089041095890411
Epidermis 1,nol7,-3.5932832,-2.3445456,0.00032653737456360914,0.0029396408980193593,0.05056179775280899,0.21232876712328766
Epidermis 1,dennd5b,-3.593705,-1.7209707,0.00032600901897982643,0.002936693261571435,0.08146067415730338,0.2465753424657534
Epidermis 1,cavin2,-3.603405,-28.050287,0.00031407544388434977,0.002833561512402293,0.0,0.1643835616438356
Epidermis 1,cyp26a1,-3.603616,-1.2846117,0.00031382061866129973,0.0028321366175018377,0.12640449438202248,0.2979452054794521
Epidermis 1,rpl22,-3.6078334,-2.3020322,0.00030876458387297834,0.002791678797151571,0.05337078651685393,0.21575342465753425
Epidermis 1,h3-5,-3.6084661,-1.1802819,0.00030801279002009446,0.002786605343570839,0.17415730337078653,0.3321917808219178
Epidermis 1,arel1,-3.6112075,-1.3274763,0.00030477477923844656,0.0027581645733495454,0.13764044943820225,0.2979452054794521
Epidermis 1,ppp5c,-3.616901,-1.4159694,0.00029815126585833613,0.002699058424374427,0.12640449438202248,0.2876712328767123
Epidermis 1,zbtb47,-3.6190097,-3.064519,0.0002957325094686696,0.002678821501170958,0.028089887640449437,0.1917808219178082
Epidermis 1,rtn2,-3.6259685,-2.9159648,0.00028788037877415485,0.002609312047115448,0.03089887640449438,0.1952054794520548
Epidermis 1,chst13,-3.6344035,-2.15693,0.000278624517789353,0.0025316982528755293,0.05898876404494382,0.2226027397260274
Epidermis 1,bzw1,-3.6379883,-1.0323559,0.0002747758532496029,0.002499058172476398,0.21910112359550563,0.3767123287671233
Epidermis 1,tspan6,-3.640308,-1.1938254,0.00027231215122342563,0.0024774218775013863,0.16573033707865167,0.3321917808219178
Epidermis 1,cenph,-3.6409407,-1.2808669,0.0002716438346491687,0.002472111124106429,0.1348314606741573,0.3047945205479452
Epidermis 1,astn2,-3.6432602,-2.6668427,0.0002692064705711469,0.0024522201125787456,0.03651685393258427,0.20205479452054795
Epidermis 1,gpsm2,-3.6523278,-1.1088417,0.0002598739176287828,0.0023716436110543084,0.17415730337078653,0.3458904109589041
Epidermis 1,abi2,-3.6565452,-1.6456808,0.0002556373425448406,0.002337358511081713,0.09269662921348315,0.2602739726027397
Epidermis 1,gtf2f1,-3.656967,-1.1011262,0.00025521726608097536,0.0023342477799790334,0.1853932584269663,0.3527397260273973
Epidermis 1,alkbh1,-3.6599193,-1.5819428,0.00025229480615268353,0.0023104102376720215,0.09831460674157304,0.2671232876712329
Epidermis 1,rufy3,-3.670252,-1.4788895,0.0002423114815123705,0.0022217713036662805,0.1151685393258427,0.2842465753424658
Epidermis 1,tuba1c,-3.6759455,-1.1196752,0.00023697005281251378,0.0021755250043224215,0.1797752808988764,0.3458904109589041
Epidermis 1,sapcd2,-3.6848023,-2.6190093,0.00022888027473589364,0.002105885839095029,0.03932584269662921,0.2054794520547945
Epidermis 1,sla,-3.6864893,-1.0733404,0.0002273690544054344,0.0020932991588425995,0.2050561797752809,0.3698630136986301
Epidermis 1,tfdp2,-3.6898632,-1.4285039,0.00022437466752050808,0.002067684711945767,0.11797752808988764,0.2876712328767123
Epidermis 1,LOC116406439,-3.6974547,-2.44152,0.00021777210477819076,0.0020119141576394736,0.042134831460674156,0.21232876712328766
Epidermis 1,hnrnpr,-3.69872,-2.973765,0.0002166895732613784,0.002003813007277239,0.03089887640449438,0.19863013698630136
Epidermis 1,aen,-3.701672,-2.6708052,0.0002141832836614886,0.001981890333874319,0.03651685393258427,0.2054794520547945
Epidermis 1,prex2,-3.7020938,-2.2809818,0.00021382747240191648,0.001979224460348455,0.05056179775280899,0.2191780821917808
Epidermis 1,dph1,-3.7025156,-2.4747806,0.00021347221625350564,0.0019765620377910115,0.05056179775280899,0.21575342465753425
Epidermis 1,LOC100486247,-3.70357,-2.0083969,0.00021258649922702082,0.0019696088617765597,0.0702247191011236,0.2363013698630137
Epidermis 1,tasor2,-3.7061005,-1.0113274,0.00021047483841707718,0.0019519003812720759,0.22752808988764045,0.386986301369863
Epidermis 1,nup35,-3.709896,-1.535966,0.0002073442519838884,0.001925311254682669,0.1151685393258427,0.2773972602739726
Epidermis 1,zyx,-3.7109506,-1.589852,0.00020648243777177997,0.0019185276981903688,0.09550561797752809,0.2671232876712329
Epidermis 1,polg,-3.7160115,-3.0479548,0.00020239236194964077,0.0018823198002386095,0.03089887640449438,0.19863013698630136
Epidermis 1,coro2a,-3.718542,-1.103123,0.00020037598249539676,0.001864753372914022,0.19662921348314608,0.363013698630137
Epidermis 1,ninl,-3.7210724,-1.1620581,0.00019837848756920306,0.0018467520923998008,0.17415730337078653,0.3424657534246575
Epidermis 1,ints10,-3.7223377,-1.1298538,0.00019738677044277942,0.001838691104784221,0.1853932584269663,0.3527397260273973
Epidermis 1,rbm6,-3.723603,-1.9399039,0.00019639971297761883,0.0018306632685104515,0.0702247191011236,0.23972602739726026
Epidermis 1,cdca8,-3.733303,-1.1719785,0.0001889849156924852,0.0017643622071565107,0.16292134831460675,0.339041095890411
Epidermis 1,spin1,-3.7337248,-1.5818983,0.00018866857940483218,0.0017619716436366292,0.10674157303370786,0.273972602739726
Epidermis 1,prkaa1,-3.7366772,-1.1964457,0.00018646812142205534,0.0017425350566777813,0.15730337078651685,0.3356164383561644
Epidermis 1,elmo3,-3.737099,-1.0158222,0.00018615574673877625,0.0017401722522933062,0.17696629213483145,0.3698630136986301
Epidermis 1,clcn6,-3.7377315,-1.7580204,0.00018568810689333786,0.0017363560628916054,0.08707865168539326,0.2568493150684932
Epidermis 1,map1lc3b,-3.7387857,-2.5219216,0.00018491116030647966,0.00173075188181835,0.042134831460674156,0.21232876712328766
Epidermis 1,fanci,-3.743847,-1.7216561,0.00018122416997047634,0.0016967853018600239,0.0898876404494382,0.2602739726027397
Epidermis 1,thoc1,-3.743847,-1.1385978,0.00018122416997047634,0.0016967853018600239,0.1797752808988764,0.3493150684931507
Epidermis 1,lhfpl2,-3.7645123,-1.8274214,0.00016687438539700268,0.0015684582506558795,0.08146067415730338,0.2534246575342466
Epidermis 1,seh1l,-3.766621,-1.0587692,0.00016547181337807267,0.0015562762473791641,0.20786516853932585,0.3801369863013699
Epidermis 1,nup205,-3.7683082,-1.1798483,0.0001643577489706972,0.0015462958996338748,0.17696629213483145,0.3424657534246575
Epidermis 1,csnk2a2,-3.770417,-1.0563151,0.0001629750913411835,0.0015347696182326463,0.21067415730337077,0.3835616438356164
Epidermis 1,cdx1,-3.7723148,-1.1689532,0.00016174006373125842,0.001524612642027867,0.17696629213483145,0.3527397260273973
Epidermis 1,rarb,-3.7737908,-2.3233993,0.00016078558083463333,0.0015161042946377958,0.05056179775280899,0.2226027397260274
Epidermis 1,cnbp,-3.780117,-1.2305676,0.00015675465650986632,0.0014804831549078844,0.1544943820224719,0.3356164383561644
Epidermis 1,hbegf,-3.7809606,-2.2288065,0.00015622444287470395,0.0014764295795895476,0.05337078651685393,0.22602739726027396
Epidermis 1,skp2,-3.7826476,-1.8734266,0.00015516907542060667,0.0014678793668672341,0.07865168539325842,0.25
Epidermis 1,pcdh10,-3.7839127,-3.8874109,0.00015438195751168676,0.001461379209852369,0.016853932584269662,0.18835616438356165
Epidermis 1,ccnf,-3.7855997,-1.2063577,0.00015333831198160934,0.0014524407639450495,0.16292134831460675,0.3356164383561644
Epidermis 1,dars1,-3.7887628,-2.7286572,0.00015139935265293063,0.0014354701516048703,0.03651685393258427,0.2089041095890411
Epidermis 1,wdr46,-3.7938237,-2.0860946,0.00014834495539569,0.001407880321808901,0.06460674157303371,0.2363013698630137
Epidermis 1,LOC108644510,-3.7948782,-2.4493525,0.00014771596825878584,0.0014023661799845953,0.047752808988764044,0.2191780821917808
Epidermis 1,psmb2,-3.8024697,-1.7678528,0.00014326083836356412,0.0013622828777505995,0.09550561797752809,0.2636986301369863
Epidermis 1,hirip3,-3.8062654,-1.4148891,0.00014108102206784076,0.0013433027218452943,0.12640449438202248,0.3013698630136986
Epidermis 1,znf384,-3.8121698,-1.0868652,0.00013775218966602333,0.0013133184136097612,0.20786516853932585,0.3732876712328767
Epidermis 1,nle1,-3.8125916,-3.1957576,0.0001375172694163945,0.0013115064607865017,0.025280898876404494,0.19863013698630136
Epidermis 1,rcor2,-3.813435,-1.4416405,0.00013704856066074796,0.0013074629493062414,0.13202247191011235,0.3013698630136986
Epidermis 1,nup54,-3.8193395,-1.7377768,0.00013380949453413433,0.0012790664927165732,0.09831460674157304,0.2671232876712329
Epidermis 1,ddx20,-3.8206048,-2.9008512,0.00013312485744473225,0.001272938406269862,0.03089887640449438,0.2054794520547945
Epidermis 1,wdr74,-3.8239787,-3.084931,0.00013131525912604277,0.001256045922615627,0.028089887640449437,0.20205479452054795
Epidermis 1,naa10,-3.825244,-1.6477087,0.00013064265531245015,0.0012500214263300262,0.09831460674157304,0.273972602739726
Epidermis 1,dsn1,-3.8279853,-1.4146788,0.00012919646807714615,0.0012365887224502485,0.13764044943820225,0.3047945205479452
Epidermis 1,tada2a,-3.8400052,-2.6917334,0.0001230317594568445,0.00117912831497804,0.03651685393258427,0.21232876712328766
Epidermis 1,smad4,-3.840427,-1.4645073,0.00012282057330876463,0.001177490383203837,0.13202247191011235,0.3013698630136986
Epidermis 1,LOC105945696,-3.8556097,-1.2833067,0.00011544153651337884,0.0011085648994160896,0.15168539325842698,0.3287671232876712
Epidermis 1,cdc16,-3.857086,-1.4874016,0.00011474687526829144,0.0011022562967359273,0.12640449438202248,0.2979452054794521
Epidermis 1,mertk,-3.8572967,-1.338648,0.00011464796038000584,0.0011016681557751316,0.15168539325842698,0.3219178082191781
Epidermis 1,kif7,-3.8610923,-1.300784,0.00011288118608592655,0.0010854045889729339,0.14887640449438203,0.3219178082191781
Epidermis 1,naxd,-3.8678403,-1.0934602,0.00010980349780557895,0.0010578991576647588,0.20224719101123595,0.3767123287671233
Epidermis 1,rpl15,-3.8688948,-1.8636088,0.00010932982028657616,0.0010536828146379517,0.08146067415730338,0.2568493150684932
Epidermis 1,ctbp1,-3.8729014,-3.373751,0.00010754736959217649,0.001037188109715906,0.02247191011235955,0.19863013698630136
Epidermis 1,anapc10,-3.8775406,-1.5643717,0.0001055177405594026,0.001018959059891608,0.12078651685393259,0.2876712328767123
Epidermis 1,pank4,-3.883234,-1.4998682,0.0001030762235278354,0.0009960400297329443,0.13202247191011235,0.2979452054794521
Epidermis 1,fgd6,-3.8844993,-1.0270503,0.00010254095320421423,0.0009918512915659781,0.21629213483146068,0.3938356164383562
Epidermis 1,sfrpx,-3.886819,-3.4479685,0.00010156643151149813,0.0009827502017585575,0.02247191011235955,0.19863013698630136
Epidermis 1,cmklr2,-3.8880842,-1.5279925,0.00010103856554485478,0.0009786144166473328,0.10674157303370786,0.2876712328767123
Epidermis 1,usp1,-3.89188,-1.4059328,9.947046251461876e-05,0.000964385104399609,0.1404494382022472,0.3150684931506849
Epidermis 1,eef1b2,-3.8923018,-1.9180075,9.929765405887677e-05,0.0009630291061031941,0.07865168539325842,0.2534246575342466
Epidermis 1,cog6,-3.9020019,-2.211112,9.540041755651514e-05,0.0009273859679396389,0.06460674157303371,0.23972602739726026
Epidermis 1,ankrd10,-3.9045324,-1.8082943,9.440776038955927e-05,0.0009186528774790968,0.09550561797752809,0.2671232876712329
Epidermis 1,rrp9,-3.9057975,-1.8846958,9.391509724302319e-05,0.0009144677573320489,0.07865168539325842,0.2568493150684932
Epidermis 1,znf518b,-3.9108586,-1.9953843,9.196861921792844e-05,0.0008964103729107256,0.07303370786516854,0.25
Epidermis 1,rpl14,-3.912124,-1.3547715,9.148798775116431e-05,0.0008926186148045007,0.15168539325842698,0.3219178082191781
Epidermis 1,xmc,-3.915287,-1.4457325,9.029676762114428e-05,0.0008812904221481364,0.12078651685393259,0.3047945205479452
Epidermis 1,col4a6,-3.9180284,-2.4892385,8.927624254940113e-05,0.0008719124109460556,0.056179775280898875,0.22945205479452055
Epidermis 1,stbd1,-3.9239328,-1.6334783,8.711507603265456e-05,0.0008525144919687063,0.10393258426966293,0.2808219178082192
Epidermis 1,ippk,-3.9294155,-1.0635829,8.515262012466821e-05,0.0008341475331314264,0.2247191011235955,0.3972602739726027
Epidermis 1,dpp9,-3.9298372,-1.3676044,8.500340517562481e-05,0.0008329649804521249,0.1404494382022472,0.3184931506849315
Epidermis 1,LOC100485064,-3.9321568,-3.05245,8.418712968098708e-05,0.0008257966401694407,0.03089887640449438,0.2089041095890411
Epidermis 1,eif2ak1,-3.9327893,-2.3614044,8.396579803398645e-05,0.000823902061876958,0.05056179775280899,0.22945205479452055
Epidermis 1,gpam,-3.9441767,-3.1753798,8.007464672170937e-05,0.0007873064239227335,0.025280898876404494,0.2054794520547945
Epidermis 1,ddx42,-3.9462852,-1.2754261,7.937303071818798e-05,0.0007806706126929181,0.16292134831460675,0.3356164383561644
Epidermis 1,znf143,-3.9492376,-1.2649287,7.840052636542268e-05,0.0007716248438342325,0.17134831460674158,0.3424657534246575
Epidermis 1,lyst,-3.953455,-1.3665086,7.703075861694312e-05,0.0007583988228803854,0.14887640449438203,0.3219178082191781
Epidermis 1,scly,-3.9542985,-2.748713,7.67595343151977e-05,0.0007559831359728922,0.03932584269662921,0.2191780821917808
Epidermis 1,rpl36a,-3.956829,-1.6256196,7.595126900434214e-05,0.0007492850301268731,0.10955056179775281,0.2876712328767123
Epidermis 1,casp8ap2,-3.9614682,-1.5552319,7.449030920718587e-05,0.0007356169690659629,0.12359550561797752,0.2979452054794521
Epidermis 1,c5,-3.9639986,-1.712382,7.370466464346354e-05,0.0007285969063892738,0.09550561797752809,0.2773972602739726
Epidermis 1,gli2,-3.971801,-1.5922116,7.133130260167644e-05,0.0007065690634868193,0.10955056179775281,0.2910958904109589
Epidermis 1,LOC101731131,-3.9720118,-3.5110505,7.126817224552947e-05,0.0007061830314946006,0.02247191011235955,0.20205479452054795
Epidermis 1,irs4,-3.9736989,-1.6345005,7.07650287100791e-05,0.0007016731866432572,0.11235955056179775,0.2876712328767123
Epidermis 1,ncapd3,-3.9749641,-1.1964298,7.038987824986853e-05,0.0006981902039775728,0.18820224719101122,0.363013698630137
Epidermis 1,gls2,-3.9749641,-2.2070856,7.038987824986853e-05,0.0006981902039775728,0.056179775280898875,0.23972602739726026
Epidermis 1,unc5c,-3.9749641,-3.9507926,7.038987824986853e-05,0.0006981902039775728,0.019662921348314606,0.19863013698630136
Epidermis 1,ddx49,-3.9758077,-2.3828585,7.014082404667033e-05,0.0006964288137595858,0.05337078651685393,0.2328767123287671
Epidermis 1,numbl,-3.9770727,-1.8119506,6.976880533933473e-05,0.0006929704209561989,0.08707865168539326,0.2671232876712329
Epidermis 1,pkdcc,-3.9787598,-2.816974,6.927568353290613e-05,0.0006887746616838024,0.033707865168539325,0.21575342465753425
Epidermis 1,cwc27,-3.9791815,-1.3779433,6.915291932995155e-05,0.0006880221187657638,0.14325842696629212,0.3219178082191781
Epidermis 1,melk,-3.9812903,-1.2185981,6.854217961904279e-05,0.000682642743592586,0.17696629213483145,0.3561643835616438
Epidermis 1,abcb7,-3.9863513,-1.0902109,6.709716061247087e-05,0.0006691631190252938,0.21629213483146068,0.3904109589041096
Epidermis 1,lsm4,-3.986773,-1.0739117,6.697805262714903e-05,0.0006682032274212263,0.20224719101123595,0.3938356164383562
Epidermis 1,tdp1,-3.9878273,-1.2084539,6.668115741648036e-05,0.0006654683893619451,0.17134831460674158,0.3527397260273973
Epidermis 1,msx1,-3.991834,-1.0823842,6.556427489945084e-05,0.000655216861396871,0.22191011235955055,0.3972602739726027
Epidermis 1,snrpe,-3.9922557,-2.3356624,6.544774378301039e-05,0.0006542759912863121,0.056179775280898875,0.2363013698630137
Epidermis 1,ilkap,-3.9947863,-1.4333538,6.475266313760211e-05,0.0006477703956794139,0.1348314606741573,0.3116438356164384
Epidermis 1,col6a5,-4.003643,-7.131152,6.237450348933976e-05,0.0006250494040099042,0.0028089887640449437,0.18493150684931506
Epidermis 1,cry4,-4.005119,-1.32137,6.198627260769201e-05,0.0006213719940313597,0.1544943820224719,0.339041095890411
Epidermis 1,dchs1,-4.0076494,-3.5425298,6.132605109975771e-05,0.0006151756347621886,0.019662921348314606,0.20205479452054795
Epidermis 1,fam89a,-4.009758,-3.720354,6.078095795575438e-05,0.0006099169866133389,0.019662921348314606,0.20205479452054795
Epidermis 1,abhd17c,-4.0108128,-1.4512794,6.051013476009386e-05,0.0006074078808970823,0.12359550561797752,0.3082191780821918
Epidermis 1,LOC100496939,-4.012078,-2.2913857,6.018665509876584e-05,0.0006043682979017603,0.05898876404494382,0.23972602739726026
Epidermis 1,prps1,-4.012078,-2.4052,6.018665509876584e-05,0.0006043682979017603,0.047752808988764044,0.2328767123287671
Epidermis 1,ptdss2,-4.0209346,-2.28858,5.796772535377818e-05,0.000582887712355105,0.056179775280898875,0.23972602739726026
Epidermis 1,sema3fl,-4.0211453,-3.2263553,5.7915850145848464e-05,0.0005825664885111137,0.025280898876404494,0.2089041095890411
Epidermis 1,rplp0,-4.023465,-2.1581748,5.734811713818172e-05,0.0005772530344580544,0.06460674157303371,0.2465753424657534
Epidermis 1,bsn,-4.0238867,-1.6984966,5.724546092730546e-05,0.0005764182116314385,0.10674157303370786,0.2842465753424658
Epidermis 1,mtmr10,-4.0531983,-1.4734809,5.052218048515865e-05,0.0005113621391141525,0.12640449438202248,0.3116438356164384
Epidermis 1,rpl26l1,-4.054674,-1.2486308,5.0204217723389254e-05,0.0005083198781684763,0.17696629213483145,0.3561643835616438
Epidermis 1,eif2s3,-4.05847,-1.5821227,4.939528605941218e-05,0.0005003027050598328,0.11235955056179775,0.2979452054794521
Epidermis 1,cfdp1,-4.0620546,-1.1213993,4.864265260604341e-05,0.0004931922921703971,0.2050561797752809,0.3938356164383562
Epidermis 1,adar,-4.062266,-1.0130432,4.859872033707417e-05,0.0004929178328150642,0.25,0.4246575342465753
Epidermis 1,ece1,-4.06332,-1.0038697,4.837962264711593e-05,0.000491036371388141,0.2612359550561798,0.4212328767123288
Epidermis 1,snrpd1,-4.0694356,-1.0851574,4.712720862133033e-05,0.00047899006787555874,0.2247191011235955,0.4006849315068493
Epidermis 1,nexmif,-4.077027,-2.0319245,4.561523276949812e-05,0.0004639453267519831,0.07584269662921349,0.2602739726027397
Epidermis 1,sdad1,-4.0789247,-1.8815002,4.524449098861907e-05,0.000460495026493149,0.08707865168539326,0.2705479452054795
Epidermis 1,phlda2,-4.0793467,-4.5577273,4.516249290628901e-05,0.0004598205608302801,0.008426966292134831,0.1952054794520548
Epidermis 1,resf1,-4.0858836,-1.4210428,4.390940686415201e-05,0.0004472180738836333,0.12359550561797752,0.3184931506849315
Epidermis 1,snrk,-4.0989575,-1.4385887,4.150149443587052e-05,0.0004235789748096827,0.1404494382022472,0.3253424657534247
Epidermis 1,gphn,-4.100434,-1.3207672,4.123764434279221e-05,0.00042118014737392,0.16573033707865167,0.3458904109589041
Epidermis 1,tgif1,-4.1023316,-1.4106629,4.0900746777970996e-05,0.0004178852600723069,0.14606741573033707,0.3287671232876712
Epidermis 1,hltf,-4.105073,-1.9535621,4.041872466102758e-05,0.00041310480439388014,0.07584269662921349,0.2636986301369863
Epidermis 1,dnm1,-4.108447,-5.1705055,3.983286544877821e-05,0.00040740185092135616,0.008426966292134831,0.1952054794520548
Epidermis 1,uba52,-4.109923,-2.142816,3.957909430894293e-05,0.00040494802441186936,0.06741573033707865,0.2534246575342466
Epidermis 1,pwp1,-4.109923,-3.3052068,3.957909430894293e-05,0.00040494802441186936,0.025280898876404494,0.21232876712328766
Epidermis 1,smyd3,-4.1124535,-1.7690738,3.9147624210677365e-05,0.00040081408171709635,0.09269662921348315,0.2808219178082192
Epidermis 1,znf532,-4.12131,-2.0161715,3.767237020092603e-05,0.00038611537634756967,0.07865168539325842,0.2636986301369863
Epidermis 1,kcnn2,-4.123419,-3.0130818,3.732898080075796e-05,0.0003827300728821311,0.03089887640449438,0.2191780821917808
Epidermis 1,ice2,-4.1240516,-1.5217938,3.72265448011972e-05,0.00038181373020484055,0.12078651685393259,0.3116438356164384
Epidermis 1,eef1g,-4.125106,-1.462214,3.705641092960523e-05,0.0003802021579091929,0.1404494382022472,0.3219178082191781
Epidermis 1,riox1,-4.128058,-2.3847044,3.658395459067755e-05,0.00037548650865171896,0.05056179775280899,0.23972602739726026
Epidermis 1,cyp4v2.2,-4.131854,-3.8484643,3.598491067598432e-05,0.00036972756554295175,0.016853932584269662,0.2054794520547945
Epidermis 1,prkar1a,-4.136493,-1.4925783,3.5265391237756095e-05,0.0003627173297926982,0.11797752808988764,0.3150684931506849
Epidermis 1,stxbp3,-4.1428194,-1.4011161,3.43062201625691e-05,0.0003532247698386958,0.1544943820224719,0.3356164383561644
Epidermis 1,vdac2,-4.143452,-1.7814916,3.4211677792407386e-05,0.0003524996663905042,0.09831460674157304,0.2842465753424658
Epidermis 1,btf3l4,-4.14788,-1.6163946,3.355677692762629e-05,0.00034624007990520435,0.11235955056179775,0.3013698630136986
Epidermis 1,apc,-4.1491456,-1.133624,3.33718607069252e-05,0.00034445369361727775,0.21067415730337077,0.3972602739726027
Epidermis 1,enox1,-4.1508327,-1.3105481,3.3126811016283795e-05,0.00034204514758636226,0.17415730337078653,0.3595890410958904
Epidermis 1,rplp2,-4.1605325,-1.9786735,3.175061534421413e-05,0.0003291142684846536,0.07865168539325842,0.2671232876712329
Epidermis 1,fbxl13,-4.161165,-1.0043961,3.166277663078976e-05,0.0003283201928679019,0.13202247191011235,0.3595890410958904
Epidermis 1,dync1i2,-4.161376,-1.2122154,3.163354840478194e-05,0.0003281335178921863,0.19662921348314608,0.3732876712328767
Epidermis 1,gmfb,-4.163485,-1.437793,3.1342672700250375e-05,0.00032546275868597466,0.13764044943820225,0.3287671232876712
Epidermis 1,ltv1,-4.1639066,-2.8176157,3.128480334633444e-05,0.0003249772873549048,0.03651685393258427,0.22602739726027396
Epidermis 1,bach2,-4.170655,-1.55487,3.0372589028342815e-05,0.000315838189216467,0.12921348314606743,0.3150684931506849
Epidermis 1,c2cd5,-4.173607,-1.7962286,2.998149506319471e-05,0.0003119932652873779,0.09269662921348315,0.2808219178082192
Epidermis 1,hoxb1,-4.174661,-3.858216,2.9842982198006768e-05,0.0003106624688853048,0.019662921348314606,0.2089041095890411
Epidermis 1,gcna,-4.174872,-1.3192093,2.9815352706749056e-05,0.00031048542036728953,0.16853932584269662,0.3527397260273973
Epidermis 1,mn1,-4.178246,-1.4529189,2.9376573799275406e-05,0.0003062434481906631,0.14606741573033707,0.3287671232876712
Epidermis 1,lars2,-4.184783,-2.2621026,2.8543846372425894e-05,0.0002978811757630779,0.05898876404494382,0.25
Epidermis 1,ccdc137,-4.1858377,-1.903331,2.8411655164247737e-05,0.0002966075328950448,0.0898876404494382,0.2773972602739726
Epidermis 1,LOC116408868,-4.1860485,-1.6129541,2.838528685551998e-05,0.00029643812792915484,0.1151685393258427,0.3047945205479452
Epidermis 1,larp7,-4.195116,-1.4849683,2.727320461451673e-05,0.0002852318583495308,0.12921348314606743,0.3253424657534247
Epidermis 1,ccny,-4.201864,-1.0519283,2.647262925243908e-05,0.0002772559748040296,0.23595505617977527,0.4280821917808219
Epidermis 1,sae1,-4.2111425,-1.1173116,2.5408260335484247e-05,0.00026658609399373296,0.2303370786516854,0.4075342465753425
Epidermis 1,LOC116411050,-4.2155704,-6.267575,2.491473624701881e-05,0.0002619721781426643,0.0028089887640449437,0.1952054794520548
Epidermis 1,ngdn,-4.2191553,-2.1253371,2.4521909512403618e-05,0.00025821323377416076,0.07303370786516854,0.2636986301369863
Epidermis 1,blmh,-4.2208424,-1.2191294,2.4339095421156174e-05,0.00025638057594804187,0.19662921348314608,0.3835616438356164
Epidermis 1,chst12,-4.2254815,-2.8103886,2.3843018761823118e-05,0.0002514268692016059,0.042134831460674156,0.2328767123287671
Epidermis 1,ppme1,-4.2278013,-1.1201394,2.359860273506642e-05,0.0002490291539887099,0.21629213483146068,0.4075342465753425
Epidermis 1,gtse1,-4.228434,-1.2429403,2.3532358713293055e-05,0.0002484197824298553,0.1853932584269663,0.3698630136986301
Epidermis 1,galnt16,-4.2288556,-3.0125852,2.3488294373851283e-05,0.00024804419539091287,0.033707865168539325,0.22602739726027396
Epidermis 1,pmepa1,-4.2318077,-2.990601,2.3182035146350886e-05,0.0002448984710383024,0.033707865168539325,0.22602739726027396
Epidermis 1,asb7,-4.233284,-1.6411861,2.3030334221605122e-05,0.0002435599492155352,0.10955056179775281,0.3047945205479452
Epidermis 1,wdr59,-4.2364473,-1.2730069,2.2708435804254677e-05,0.00024050372717180016,0.17415730337078653,0.3664383561643836
Epidermis 1,rnf168,-4.236658,-2.14933,2.2687128856512796e-05,0.00024045230732586131,0.07584269662921349,0.2636986301369863
Epidermis 1,bnip3,-4.2427735,-3.0892162,2.207743935959953e-05,0.00023416024307708775,0.03651685393258427,0.22602739726027396
Epidermis 1,ubtd2,-4.2490997,-2.1872187,2.146315393988011e-05,0.00022797581861069605,0.06741573033707865,0.2602739726027397
Epidermis 1,LOC105945443,-4.2507863,-1.5274969,2.130211314982071e-05,0.00022634753525351114,0.13202247191011235,0.3219178082191781
Epidermis 1,afg1l,-4.2528954,-1.1407722,2.1102429417144617e-05,0.00022438891025556722,0.21348314606741572,0.3972602739726027
Epidermis 1,axin2,-4.2562695,-1.9123403,2.078663740925238e-05,0.00022111142580416896,0.08707865168539326,0.2808219178082192
Epidermis 1,LOC101734604,-4.2577453,-1.4448614,2.0649897838619025e-05,0.00021973686338575636,0.14887640449438203,0.339041095890411
Epidermis 1,rps14,-4.2638607,-1.6713654,2.00924753774736e-05,0.00021396107386481997,0.10955056179775281,0.3013698630136986
Epidermis 1,qsox2,-4.264282,-1.3942201,2.0054565328567943e-05,0.00021363520376070319,0.14887640449438203,0.3424657534246575
Epidermis 1,babam2,-4.2659693,-1.4405544,1.9903605156758962e-05,0.00021218172222364014,0.1348314606741573,0.3356164383561644
Epidermis 1,tbx2,-4.268922,-1.4045348,1.9642025218080455e-05,0.0002095459996896751,0.11797752808988764,0.3287671232876712
Epidermis 1,zfhx4,-4.276091,-1.1146549,1.902032149922749e-05,0.00020306173036666134,0.2247191011235955,0.4212328767123288
Epidermis 1,rpl10,-4.2811522,-1.5023679,1.8592805385849467e-05,0.00019857007461957098,0.13764044943820225,0.3287671232876712
Epidermis 1,cct2,-4.288322,-1.4492598,1.800279891525062e-05,0.00019233911370310339,0.13202247191011235,0.3356164383561644
Epidermis 1,atmin,-4.288744,-1.323617,1.7968654049339697e-05,0.00019204450695292454,0.16853932584269662,0.3595890410958904
Epidermis 1,pias1,-4.296335,-1.4495237,1.736449634324201e-05,0.00018585924299132451,0.1404494382022472,0.339041095890411
Epidermis 1,wdr36,-4.2971787,-2.4839344,1.7298575358762976e-05,0.00018522148582857163,0.05056179775280899,0.2465753424657534
Epidermis 1,ripply3,-4.2976003,-3.3794496,1.7265704357927718e-05,0.0001849372678954141,0.02247191011235955,0.2191780821917808
Epidermis 1,LOC100487200,-4.3039265,-2.0125039,1.6779725506646062e-05,0.00017999565368248478,0.08146067415730338,0.273972602739726
Epidermis 1,phf20,-4.3041377,-1.4573741,1.6763752886255444e-05,0.00017989033062339678,0.14325842696629212,0.339041095890411
Epidermis 1,wbp1l,-4.3132052,-1.6565177,1.609047497105349e-05,0.00017279231222588705,0.10955056179775281,0.3082191780821918
Epidermis 1,rab11b,-4.3144703,-1.3811628,1.5998604019789367e-05,0.00017193205665531729,0.15730337078651685,0.3527397260273973
Epidermis 1,arid3c,-4.3273335,-2.1522977,1.5092530085978991e-05,0.00016273321539773218,0.08146067415730338,0.2705479452054795
Epidermis 1,mrps6,-4.333871,-1.506662,1.4651027676936151e-05,0.00015808940200240701,0.14606741573033707,0.3321917808219178
Epidermis 1,suv39h2,-4.3408294,-1.331191,1.4194585187931276e-05,0.00015339072814359302,0.1601123595505618,0.3664383561643836
Epidermis 1,cisd1,-4.3439927,-1.9749984,1.3991624382972692e-05,0.00015130934973683858,0.08426966292134831,0.2808219178082192
Epidermis 1,taf2,-4.355591,-1.1896352,1.3270860098332747e-05,0.00014372749593714876,0.2050561797752809,0.4006849315068493
Epidermis 1,rps3a,-4.3558016,-1.9046389,1.3258089085494404e-05,0.0001436424025419151,0.08426966292134831,0.2842465753424658
Epidermis 1,ipo5,-4.3604407,-1.600866,1.2980075261322102e-05,0.00014073463648505428,0.12359550561797752,0.3219178082191781
Epidermis 1,tut1,-4.361706,-1.1033022,1.2905224042291097e-05,0.00013997499220044936,0.2247191011235955,0.4280821917808219
Epidermis 1,LOC101734072,-4.3705626,-4.3429255,1.2392680152376065e-05,0.00013456553994580414,0.014044943820224719,0.21232876712328766
Epidermis 1,gne,-4.3752017,-1.1445093,1.213201642527296e-05,0.00013183307514020592,0.22752808988764045,0.410958904109589
Epidermis 1,kpna6,-4.376256,-1.3723584,1.2073508718329151e-05,0.00013124608900910354,0.1601123595505618,0.3595890410958904
Epidermis 1,dhx37,-4.376467,-1.9943197,1.2061839535813234e-05,0.00013116801766047495,0.08146067415730338,0.2808219178082192
Epidermis 1,LOC105945436,-4.3811064,-1.8950741,1.1807824287160057e-05,0.00012845348408558826,0.08707865168539326,0.2876712328767123
Epidermis 1,eif3i,-4.3823714,-1.5242311,1.1739438521592474e-05,0.00012775708392578913,0.13764044943820225,0.3356164383561644
Epidermis 1,rpl4,-4.387854,-1.5142635,1.144744435767698e-05,0.00012476519240091566,0.14606741573033707,0.339041095890411
Epidermis 1,bcl2l14,-4.388276,-3.3525398,1.1425272771868884e-05,0.00012456999194125303,0.028089887640449437,0.22602739726027396
Epidermis 1,phax,-4.39165,-2.0174217,1.1249369916292151e-05,0.00012278951905270196,0.08146067415730338,0.2808219178082192
Epidermis 1,smg5,-4.3952346,-1.3288547,1.1065307098556425e-05,0.00012096110388852014,0.17696629213483145,0.3732876712328767
Epidermis 1,ano6,-4.395446,-1.5865979,1.1054569901787259e-05,0.00012088893857057364,0.12359550561797752,0.3219178082191781
Epidermis 1,ppp1r8,-4.4009285,-1.2650777,1.0778868925765654e-05,0.00011800641107455276,0.19382022471910113,0.3904109589041096
Epidermis 1,psmb7,-4.403037,-1.3123524,1.067458842985161e-05,0.00011690854042450074,0.1797752808988764,0.3732876712328767
Epidermis 1,prmt3,-4.4089417,-1.6239278,1.0387703236042562e-05,0.00011385187600028501,0.11797752808988764,0.3184931506849315
Epidermis 1,slx4ip,-4.410207,-2.2599094,1.032719313391877e-05,0.00011327361444562085,0.06741573033707865,0.2671232876712329
Epidermis 1,tsc2,-4.4121046,-1.7372541,1.0237058745563114e-05,0.0001123271261980313,0.10393258426966293,0.3047945205479452
Epidermis 1,ccdc43,-4.4156895,-2.2153676,1.0068850737901162e-05,0.00011060600372776733,0.06460674157303371,0.2671232876712329
Epidermis 1,nol6,-4.418431,-2.797135,9.942005637461407e-06,0.00010929475998068236,0.042134831460674156,0.24315068493150685
Epidermis 1,evc,-4.4306617,-1.6732862,9.394443396500053e-06,0.00010350884844443763,0.10393258426966293,0.3116438356164384
Epidermis 1,cnnm3,-4.4327703,-1.3433754,9.302996582500366e-06,0.00010265605628654898,0.17696629213483145,0.3732876712328767
Epidermis 1,rps4x,-4.435301,-1.8479114,9.194382824474993e-06,0.00010153419128909275,0.10393258426966293,0.2979452054794521
Epidermis 1,dipk2a,-4.436355,-1.6851009,9.149485600987418e-06,0.00010107657354590447,0.1151685393258427,0.3150684931506849
Epidermis 1,ddx19b,-4.4388857,-1.2683166,9.042585333182542e-06,9.997118452127795e-05,0.19101123595505617,0.386986301369863
Epidermis 1,tcf12,-4.445212,-1.2799357,8.780530911660747e-06,9.718428590638216e-05,0.18258426966292135,0.3904109589041096
Epidermis 1,gart,-4.449851,-2.918731,8.592986930393687e-06,9.518059907629325e-05,0.03651685393258427,0.23972602739726026
Epidermis 1,LOC101732008,-4.453436,-3.2737756,8.450695018582424e-06,9.363997956337485e-05,0.025280898876404494,0.22945205479452055
Epidermis 1,cwf19l2,-4.4572315,-1.3928106,8.302488651262877e-06,9.210248416131505e-05,0.16573033707865167,0.3664383561643836
Epidermis 1,topbp1,-4.4576535,-1.1285607,8.286175484074973e-06,9.199133899544076e-05,0.22752808988764045,0.4280821917808219
Epidermis 1,cdc5l,-4.4641905,-1.0776353,8.037205886547477e-06,8.932911226983622e-05,0.2640449438202247,0.4520547945205479
Epidermis 1,cdk8,-4.466299,-1.4513627,7.958430149032549e-06,8.848720870535201e-05,0.14606741573033707,0.3458904109589041
Epidermis 1,kif18a,-4.47136,-1.0191424,7.772368721761578e-06,8.645133565670194e-05,0.2808988764044944,0.4828767123287671
Epidermis 1,LOC101735185,-4.4935017,-1.7227535,7.0061416549976535e-06,7.819645922765804e-05,0.10393258426966293,0.3116438356164384
Epidermis 1,mkln1,-4.493713,-1.084957,6.999203964964277e-06,7.81488659663372e-05,0.25842696629213485,0.4452054794520548
Epidermis 1,pdss2,-4.4981413,-1.2880647,6.8550213182521025e-06,7.659752605268625e-05,0.17696629213483145,0.386986301369863
Epidermis 1,trabd2a,-4.498563,-1.9815413,6.841438789728736e-06,7.650424531850065e-05,0.09269662921348315,0.2910958904109589
Epidermis 1,slc2a2,-4.501515,-1.2225511,6.7470793600223285e-06,7.553576283907034e-05,0.199438202247191,0.4143835616438356
Epidermis 1,bcl7a,-4.5057325,-1.042037,6.614437187212616e-06,7.410755592924951e-05,0.26685393258426965,0.4691780821917808
Epidermis 1,tmem209,-4.5063653,-1.4215474,6.594757309246264e-06,7.39153952862644e-05,0.1544943820224719,0.363013698630137
Epidermis 1,rras2,-4.506787,-2.9989536,6.581668524334075e-06,7.382530799493836e-05,0.033707865168539325,0.23972602739726026
Epidermis 1,cbx1,-4.5175414,-1.8993447,6.256179631774245e-06,7.022825914608024e-05,0.09269662921348315,0.2979452054794521
Epidermis 1,ccnq,-4.532935,-1.7298837,5.816967299402413e-06,6.53983735110892e-05,0.10955056179775281,0.3150684931506849
Epidermis 1,rbm17,-4.546642,-2.0455892,5.450861370766513e-06,6.132953376785063e-05,0.08707865168539326,0.2910958904109589
Epidermis 1,bcl2l13,-4.5540223,-3.454286,5.26297204315591e-06,5.9329709137481836e-05,0.025280898876404494,0.2328767123287671
Epidermis 1,wdr70,-4.572158,-1.1497875,4.827275751731516e-06,5.458649806532454e-05,0.2303370786516854,0.4349315068493151
Epidermis 1,rpl35,-4.5742664,-1.7409261,4.7789155681958804e-06,5.408148702049314e-05,0.10112359550561797,0.3184931506849315
Epidermis 1,irf6.2,-4.5772185,-1.4148786,4.711990274363597e-06,5.336543499028373e-05,0.16853932584269662,0.3698630136986301
Epidermis 1,chtf18,-4.581436,-1.5044422,4.6179380961183004e-06,5.236111267945463e-05,0.15168539325842698,0.3561643835616438
Epidermis 1,LOC116407934,-4.583334,-1.9683408,4.57620378919415e-06,5.190803762589607e-05,0.08707865168539326,0.2979452054794521
Epidermis 1,plp2,-4.5921907,-2.214166,4.3861749453698795e-06,4.981052052374008e-05,0.06460674157303371,0.2773972602739726
Epidermis 1,sin3b,-4.592823,-1.316667,4.372894737957854e-06,4.96790074175072e-05,0.1853932584269663,0.3938356164383562
Epidermis 1,gars1,-4.602734,-2.7236574,4.169801062222707e-06,4.744548651219617e-05,0.047752808988764044,0.2568493150684932
Epidermis 1,ccar1,-4.6035776,-1.2855953,4.1529402134398555e-06,4.727203869901106e-05,0.199438202247191,0.4006849315068493
Epidermis 1,ncbp3,-4.6075845,-1.1188693,4.0737394423811904e-06,4.638857718747354e-05,0.24719101123595505,0.4520547945205479
Epidermis 1,pdcl3,-4.6088495,-1.8044971,4.049030852584197e-06,4.6125183496449206e-05,0.10674157303370786,0.3150684931506849
Epidermis 1,znf839,-4.616863,-1.9199122,3.895846629381019e-06,4.443210800758352e-05,0.0898876404494382,0.3013698630136986
Epidermis 1,gnai1,-4.6189713,-1.1949633,3.856467679039077e-06,4.40173396040575e-05,0.21910112359550563,0.4315068493150685
Epidermis 1,LOC100490559,-4.6227674,-1.2869459,3.786545070854563e-06,4.325302812276269e-05,0.18820224719101122,0.3972602739726027
Epidermis 1,tulp4,-4.638372,-1.0366606,3.511645111932448e-06,4.015997584776893e-05,0.28651685393258425,0.5068493150684932
Epidermis 1,fgd1,-4.6392155,-1.8093302,3.497344335811173e-06,4.001208308418646e-05,0.10393258426966293,0.3150684931506849
Epidermis 1,ttf1,-4.649759,-1.316607,3.3232304558027817e-06,3.807971362350886e-05,0.19382022471910113,0.3904109589041096
Epidermis 1,ppp1r13l,-4.65714,-1.7075001,3.2063301359943848e-06,3.681234729192924e-05,0.12640449438202248,0.3321917808219178
Epidermis 1,ranbp3l,-4.6575613,-2.1575105,3.19977064803406e-06,3.675147183209572e-05,0.0702247191011236,0.2842465753424658
Epidermis 1,prrt4,-4.6579833,-1.9278257,3.1932240323067798e-06,3.66906964183803e-05,0.09831460674157304,0.3047945205479452
Epidermis 1,crkl,-4.658194,-2.3340788,3.189955543998197e-06,3.666755426921404e-05,0.05898876404494382,0.273972602739726
Epidermis 1,xpo5,-4.659459,-2.1355398,3.1704118985654207e-06,3.6471590006676826e-05,0.07584269662921349,0.2876712328767123
Epidermis 1,fgf6l,-4.6624117,-3.007475,3.125255691517559e-06,3.596627918061014e-05,0.03932584269662921,0.25
Epidermis 1,znf346,-4.6742206,-1.5442295,2.9507237449731355e-06,3.398447824637893e-05,0.1404494382022472,0.3527397260273973
Epidermis 1,cse1l,-4.675064,-2.1226115,2.9386216624019944e-06,3.385843508619341e-05,0.07865168539325842,0.2910958904109589
Epidermis 1,ttc33,-4.675064,-2.404376,2.9386216624019944e-06,3.385843508619341e-05,0.05898876404494382,0.273972602739726
Epidermis 1,lyn,-4.6788597,-1.0314984,2.8847491251823047e-06,3.3263945435188935e-05,0.30337078651685395,0.4897260273972603
Epidermis 1,slx9,-4.6877165,-1.6641378,2.7627068916244326e-06,3.1919638398843396e-05,0.11235955056179775,0.3356164383561644
Epidermis 1,adcy5,-4.689403,-1.7535183,2.740029471153887e-06,3.168267463263421e-05,0.12078651685393259,0.3287671232876712
Epidermis 1,lrig1,-4.692988,-1.2926946,2.692431593785875e-06,3.116929422493264e-05,0.199438202247191,0.4075342465753425
Epidermis 1,ddx55,-4.694464,-2.1283853,2.673063996064501e-06,3.095734297502433e-05,0.07303370786516854,0.2910958904109589
Epidermis 1,arpc4,-4.6978383,-1.1300579,2.629296008857753e-06,3.046252542010344e-05,0.24719101123595505,0.4589041095890411
Epidermis 1,mak16,-4.7054296,-2.5835845,2.5333187849700085e-06,2.944391308288601e-05,0.05337078651685393,0.2671232876712329
Epidermis 1,rbbp5,-4.719769,-1.1860855,2.3611259137757403e-06,2.7508199117408795e-05,0.2247191011235955,0.4349315068493151
Epidermis 1,LOC100496642,-4.720191,-2.9435704,2.3562355620615975e-06,2.7462169742672472e-05,0.03651685393258427,0.2534246575342466
Epidermis 1,znf281,-4.7206125,-1.3134278,2.351354936011863e-06,2.741621704609604e-05,0.19382022471910113,0.4041095890410959
Epidermis 1,mphosph8,-4.7269387,-1.1276278,2.279300140570225e-06,2.659729437485359e-05,0.25280898876404495,0.4691780821917808
Epidermis 1,rab9a,-4.728626,-2.3855956,2.260446543059629e-06,2.638782464064537e-05,0.06179775280898876,0.2773972602739726
Epidermis 1,adamtsl4,-4.7290473,-2.1087704,2.255756594396706e-06,2.6343596089017225e-05,0.09269662921348315,0.3013698630136986
Epidermis 1,notum,-4.7374825,-2.0441236,2.163896519731279e-06,2.5291027256403446e-05,0.09550561797752809,0.3047945205479452
Epidermis 1,ipo7,-4.7514,-1.00553,2.020130211802784e-06,2.368649266795314e-05,0.3089887640449438,0.5034246575342466
Epidermis 1,nup50,-4.7535086,-1.66335,1.9991642624933256e-06,2.346890383812948e-05,0.12359550561797752,0.3424657534246575
Epidermis 1,msh2,-4.7570934,-3.176876,1.9640009884449332e-06,2.308392154935016e-05,0.03651685393258427,0.25
Epidermis 1,ccdc28a,-4.763631,-1.3081658,1.9014035826346352e-06,2.2375172352654194e-05,0.19382022471910113,0.4041095890410959
Epidermis 1,znhit6,-4.7638416,-2.7539182,1.899416572488173e-06,2.2360791715828347e-05,0.047752808988764044,0.2636986301369863
Epidermis 1,rpl7,-4.7676373,-1.9281013,1.863989700273735e-06,2.1979137930093404e-05,0.09269662921348315,0.3116438356164384
Epidermis 1,fbxw4,-4.779868,-1.2016261,1.754103666474149e-06,2.0708483148104138e-05,0.22191011235955055,0.4417808219178082
Epidermis 1,tyw1,-4.785351,-1.790892,1.7068906297573928e-06,2.0159240403409434e-05,0.1151685393258427,0.3321917808219178
Epidermis 1,fam13a,-4.792942,-1.0586895,1.6435306717346118e-06,1.9418773268178834e-05,0.27247191011235955,0.4965753424657534
Epidermis 1,rbm19,-4.7973704,-2.5889688,1.6076212190449417e-06,1.9017553967585065e-05,0.05898876404494382,0.273972602739726
Epidermis 1,zcchc2,-4.797581,-1.165476,1.605930194427509e-06,1.901293864451621e-05,0.2443820224719101,0.4554794520547945
Epidermis 1,vezf1,-4.798214,-1.020886,1.6008673734494258e-06,1.896067836033232e-05,0.3089887640449438,0.523972602739726
Epidermis 1,nsmce2,-4.7984247,-2.4903572,1.599183178573296e-06,1.8948408387870296e-05,0.05898876404494382,0.2773972602739726
Epidermis 1,atn1,-4.7990575,-1.399078,1.5941408072027863e-06,1.8896321952694505e-05,0.17415730337078653,0.3938356164383562
Epidermis 1,psip1,-4.8096013,-1.2779655,1.5123178845553607e-06,1.796284603146597e-05,0.21348314606741572,0.4280821917808219
Epidermis 1,sarnp,-4.811077,-1.1679918,1.5011900148785512e-06,1.7837920863786556e-05,0.2443820224719101,0.4623287671232877
Epidermis 1,abcf2,-4.811288,-1.4510614,1.4996067599984802e-06,1.7826354290978274e-05,0.15730337078651685,0.3835616438356164
Epidermis 1,cerkl2,-4.8178253,-1.1850505,1.4513145176686802e-06,1.728743873919038e-05,0.23876404494382023,0.4486301369863014
Epidermis 1,LOC116407772,-4.8201447,-1.5111339,1.4345407841240157e-06,1.7094603204536934e-05,0.16292134831460675,0.3767123287671233
Epidermis 1,pitrm1,-4.8205667,-2.109033,1.4315111100078105e-06,1.7072419933348964e-05,0.08146067415730338,0.3013698630136986
Epidermis 1,numa1,-4.8218317,-1.2295703,1.4224589593292248e-06,1.6978316798755644e-05,0.2247191011235955,0.4349315068493151
Epidermis 1,shq1,-4.851565,-2.7186108,1.224911036952595e-06,1.4674333820148074e-05,0.05337078651685393,0.2705479452054795
Epidermis 1,srrm4,-4.859789,-1.9029121,1.1751093943165345e-06,1.4095044195841863e-05,0.11235955056179775,0.3287671232876712
Epidermis 1,ascc3,-4.8621087,-1.0507832,1.1614187758427102e-06,1.3936548537216035e-05,0.2949438202247191,0.5034246575342466
Epidermis 1,LOC108648775,-4.86485,-1.2779164,1.1454367743966211e-06,1.3761719010434703e-05,0.2050561797752809,0.4246575342465753
Epidermis 1,naf1,-4.8669586,-2.630006,1.1332871418086362e-06,1.3621347221302731e-05,0.05337078651685393,0.273972602739726
Epidermis 1,tsr1,-4.8692784,-2.1211157,1.1200657831610588e-06,1.3467973224015183e-05,0.09269662921348315,0.3047945205479452
Epidermis 1,ppp1r21,-4.8703327,-1.1701655,1.1141052595779869e-06,1.340181516161487e-05,0.24719101123595505,0.4623287671232877
Epidermis 1,gemin5,-4.882985,-1.9848473,1.0449179309505628e-06,1.2579899522082332e-05,0.09550561797752809,0.3184931506849315
Epidermis 1,mfap2,-4.8985896,-2.453716,9.652697604993832e-07,1.1649793711460558e-05,0.06741573033707865,0.2876712328767123
Epidermis 1,armh3,-4.8990116,-1.3834072,9.632003870544248e-07,1.1634425832226401e-05,0.1853932584269663,0.4041095890410959
Epidermis 1,top3b,-4.90829,-1.1868405,9.187399630127747e-07,1.1120367643406385e-05,0.25,0.4520547945205479
Epidermis 1,prpf6,-4.90829,-1.4628047,9.187399630127747e-07,1.1120367643406385e-05,0.17134831460674158,0.3904109589041096
Epidermis 1,rtf1,-4.909344,-1.1091259,9.138144985943787e-07,1.1074507300336768e-05,0.27247191011235955,0.4897260273972603
Epidermis 1,cish,-4.9125075,-4.3611693,8.99190179853092e-07,1.0901795166854306e-05,0.011235955056179775,0.2363013698630137
Epidermis 1,tcof1,-4.915881,-1.1919495,8.838393615131169e-07,1.0733489146817582e-05,0.25280898876404495,0.4589041095890411
Epidermis 1,atxn10,-4.92516,-2.1989806,8.42914662233224e-07,1.0253532455988087e-05,0.07303370786516854,0.3013698630136986
Epidermis 1,plag1,-4.934016,-1.4559942,8.055566112916278e-07,9.81134387694399e-06,0.17415730337078653,0.3938356164383562
Epidermis 1,sf3a3,-4.934438,-1.2941167,8.038180292865135e-07,9.794249609868309e-06,0.21348314606741572,0.4315068493150685
Epidermis 1,xpo6,-4.934649,-1.8887752,8.029500941243553e-07,9.787754045600095e-06,0.10955056179775281,0.3253424657534247
Epidermis 1,rbm28,-4.936547,-2.2177727,7.951791909335166e-07,9.701119753830395e-06,0.07865168539325842,0.3013698630136986
Epidermis 1,mamld1,-4.939499,-3.0375583,7.832349151206473e-07,9.559390314777304e-06,0.03932584269662921,0.2636986301369863
Epidermis 1,ptp4a3,-4.941186,-1.7319683,7.76487404220094e-07,9.480995535821876e-06,0.12359550561797752,0.3458904109589041
Epidermis 1,tub,-4.9424515,-3.9553552,7.714635530883342e-07,9.427529732577382e-06,0.016853932584269662,0.24315068493150685
Epidermis 1,nrarp,-4.943295,-2.093469,7.681317295124144e-07,9.390739684390375e-06,0.0898876404494382,0.3116438356164384
Epidermis 1,cdc40,-4.9504647,-1.1538984,7.403654199927877e-07,9.055071795736057e-06,0.2556179775280899,0.4726027397260274
Epidermis 1,mindy3,-4.9504647,-1.2254686,7.403654199927877e-07,9.055071795736057e-06,0.23595505617977527,0.4417808219178082
Epidermis 1,rbm12b.3,-4.9513083,-1.1947311,7.371630873698603e-07,9.023456535556275e-06,0.25,0.4520547945205479
Epidermis 1,prpf3,-4.9542603,-1.1988113,7.260596757831316e-07,8.902454019637885e-06,0.24157303370786518,0.4657534246575342
Epidermis 1,xkr8,-4.958056,-1.0518248,7.120204370044351e-07,8.741314319225805e-06,0.300561797752809,0.5136986301369864
Epidermis 1,rpl32,-4.9582667,-1.7061362,7.112481973520436e-07,8.735502544872936e-06,0.13202247191011235,0.3527397260273973
Epidermis 1,tbc1d5,-4.958478,-1.5014195,7.104767647057714e-07,8.729695800384365e-06,0.15730337078651685,0.386986301369863
Epidermis 1,efs,-4.9588995,-1.4339767,7.089363171960645e-07,8.718097386604191e-06,0.1797752808988764,0.3972602739726027
Epidermis 1,mgmt,-4.9612193,-2.9005783,7.005212107882364e-07,8.618238852083729e-06,0.047752808988764044,0.2705479452054795
Epidermis 1,LOC100497957,-4.96628,-4.6009955,6.824937512537328e-07,8.403527735003311e-06,0.008426966292134831,0.2363013698630137
Epidermis 1,dcun1d5,-4.9673343,-1.7642953,6.787947090603727e-07,8.361503641189953e-06,0.12359550561797752,0.3458904109589041
Epidermis 1,pcdh18,-4.9683886,-2.531205,6.751149895626965e-07,8.323191168244278e-06,0.05898876404494382,0.2842465753424658
Epidermis 1,araf,-4.9690213,-1.6404771,6.729163924421788e-07,8.299586104420813e-06,0.1404494382022472,0.363013698630137
Epidermis 1,lman2l,-4.9694433,-1.5508195,6.714544958940326e-07,8.28505123236744e-06,0.14606741573033707,0.3767123287671233
Epidermis 1,LOC105947324,-4.9711304,-3.982,6.656374552989144e-07,8.216743435744327e-06,0.02247191011235955,0.2465753424657534
Epidermis 1,rab13,-4.971552,-2.1231115,6.641908008922961e-07,8.202349514525858e-06,0.08146067415730338,0.3082191780821918
Epidermis 1,thra,-4.985048,-4.21738,6.194649835338798e-07,7.672703785457135e-06,0.016853932584269662,0.24315068493150685
Epidermis 1,pik3r2,-4.990109,-1.0639675,6.034530740296347e-07,7.490249174930044e-06,0.3089887640449438,0.523972602739726
Epidermis 1,LOC100492869,-4.9953804,-2.9117074,5.871984756449834e-07,7.297788538086102e-06,0.042134831460674156,0.2705479452054795
Epidermis 1,hells,-4.9972787,-2.2849116,5.814507983215804e-07,7.232505653505581e-06,0.07303370786516854,0.3013698630136986
Epidermis 1,txn2,-4.9977,-2.24093,5.801809219135419e-07,7.219782259878562e-06,0.07865168539325842,0.3047945205479452
Epidermis 1,LOC100488469,-5.0057135,-2.936689,5.565551773424743e-07,6.940556479905234e-06,0.0449438202247191,0.2705479452054795
Epidermis 1,rrn3,-5.011196,-2.689973,5.409275669864172e-07,6.7514319857301294e-06,0.056179775280898875,0.2808219178082192
Epidermis 1,rsrc1,-5.0126724,-1.1240977,5.367929596994261e-07,6.705553420929027e-06,0.27808988764044945,0.5034246575342466
Epidermis 1,inppl1a,-5.0162573,-1.6124623,5.268782401254968e-07,6.584513825185291e-06,0.14887640449438203,0.3698630136986301
Epidermis 1,supt20h,-5.0238485,-1.3562663,5.064619302974e-07,6.334783348105818e-06,0.20224719101123595,0.4212328767123288
Epidermis 1,XB5835757,-5.0251136,-1.7779027,5.031342421805095e-07,6.298551191939389e-06,0.12359550561797752,0.3493150684931507
Epidermis 1,ddx56,-5.0255356,-2.6950243,5.02029705886311e-07,6.287416595014036e-06,0.056179775280898875,0.2808219178082192
Epidermis 1,ube2e3,-5.0305963,-1.6414616,4.889563267813483e-07,6.131566876081335e-06,0.1348314606741573,0.3698630136986301
Epidermis 1,rpl19,-5.039875,-1.8295006,4.6583628456456627e-07,5.849166853138675e-06,0.11235955056179775,0.3458904109589041
Epidermis 1,pdcd1,-5.04831,-6.877954,4.4573587717750067e-07,5.601593046335134e-06,0.0028089887640449437,0.2328767123287671
Epidermis 1,utp14a,-5.04831,-1.7405353,4.4573587717750067e-07,5.601593046335134e-06,0.13202247191011235,0.3561643835616438
Epidermis 1,paox,-5.048732,-2.3440201,4.447531377175556e-07,5.594052912487894e-06,0.07584269662921349,0.3013698630136986
Epidermis 1,capzb,-5.0504184,-1.4080663,4.4084304027634676e-07,5.547259109047737e-06,0.1853932584269663,0.4075342465753425
Epidermis 1,ddhd1,-5.053371,-2.330315,4.340800282335036e-07,5.464510467396014e-06,0.0702247191011236,0.3013698630136986
Epidermis 1,slc13a5,-5.0537925,-2.2920327,4.331220923384413e-07,5.457151672907318e-06,0.08426966292134831,0.3082191780821918
Epidermis 1,tcp1,-5.06518,-1.5066378,4.0801528344090665e-07,5.154146391642672e-06,0.16292134831460675,0.3938356164383562
Epidermis 1,xnf7,-5.0719275,-1.3153104,3.93806126760549e-07,4.9811107275368276e-06,0.20786516853932585,0.4383561643835616
Epidermis 1,ppp1r18,-5.0742474,-1.2737778,3.890329375115083e-07,4.922866578527662e-06,0.22191011235955055,0.4554794520547945
Epidermis 1,hoxa3,-5.0753016,-1.4241327,3.8688180754449287e-07,4.8998882653089565e-06,0.199438202247191,0.4246575342465753
Epidermis 1,pinx1,-5.076778,-1.4172182,3.8388949953911605e-07,4.864097945829173e-06,0.19382022471910113,0.4143835616438356
Epidermis 1,paxip1,-5.078043,-1.4006646,3.8134245120990995e-07,4.833920724768811e-06,0.2050561797752809,0.4212328767123288
Epidermis 1,syn1,-5.0782537,-4.657705,3.809195317820591e-07,4.830654591549401e-06,0.011235955056179775,0.24315068493150685
Epidermis 1,dync1li1,-5.0795193,-1.8442391,3.7839150455634537e-07,4.800677981634779e-06,0.11235955056179775,0.339041095890411
Epidermis 1,LOC100496010,-5.0801516,-2.876013,3.7713357033956764e-07,4.7867960897072955e-06,0.047752808988764044,0.2773972602739726
Epidermis 1,rps12,-5.0841584,-1.713254,3.692598723758944e-07,4.690932346553572e-06,0.1348314606741573,0.363013698630137
Epidermis 1,polr3b,-5.086689,-1.0717653,3.643690083945656e-07,4.6328275269167235e-06,0.3089887640449438,0.5308219178082192
Epidermis 1,uri1,-5.0938587,-1.4834833,3.5084869770727985e-07,4.468696419469062e-06,0.17696629213483145,0.3972602739726027
Epidermis 1,aqr,-5.100185,-1.4553573,3.393222231048596e-07,4.3237697923182876e-06,0.17696629213483145,0.4041095890410959
Epidermis 1,LOC101732841,-5.100185,-1.3468697,3.393222231048596e-07,4.3237697923182876e-06,0.20786516853932585,0.4417808219178082
Epidermis 1,st3gal4,-5.100817,-2.1345923,3.3818989077966663e-07,4.313101525907694e-06,0.08707865168539326,0.3184931506849315
Epidermis 1,polr2e,-5.1056676,-2.2687795,3.296290404155497e-07,4.209430528784156e-06,0.07303370786516854,0.3082191780821918
Epidermis 1,naa25,-5.1170545,-2.1715238,3.1034387282643234e-07,3.982292250478246e-06,0.08146067415730338,0.3150684931506849
Epidermis 1,rela,-5.119585,-1.2046655,3.062086691171914e-07,3.930955470779368e-06,0.25280898876404495,0.476027397260274
Epidermis 1,ctps2,-5.121272,-2.7827606,3.0348147754437317e-07,3.8976568849295135e-06,0.042134831460674156,0.2808219178082192
Epidermis 1,smarcb1,-5.1254897,-2.024269,2.967657123551263e-07,3.816435784361063e-06,0.10112359550561797,0.3321917808219178
Epidermis 1,mars1,-5.133081,-1.502846,2.850372532032228e-07,3.668834851776048e-06,0.16292134831460675,0.4006849315068493
Epidermis 1,tnfaip8l2,-5.1368766,-2.1622074,2.793421577830383e-07,3.5971148079982345e-06,0.10112359550561797,0.3219178082191781
Epidermis 1,zbtb2,-5.1372986,-1.1807814,2.7871619527132224e-07,3.5906360088038874e-06,0.26685393258426965,0.4794520547945205
Epidermis 1,rps3,-5.1419377,-1.4596734,2.7191940435596694e-07,3.5139151674311533e-06,0.1797752808988764,0.4143835616438356
Epidermis 1,pabpc4,-5.14257,-1.3407106,2.7100506458902055e-07,3.503648404688925e-06,0.22752808988764045,0.4417808219178082
Epidermis 1,utp11,-5.1440463,-2.4074006,2.6888313824851567e-07,3.477753546080691e-06,0.06741573033707865,0.3013698630136986
Epidermis 1,fbl,-5.1491075,-1.7229384,2.617291037918121e-07,3.388221183763711e-06,0.1348314606741573,0.3664383561643836
Epidermis 1,pcnx4,-5.164712,-1.0450228,2.4080946744752533e-07,3.1229376854297307e-06,0.3202247191011236,0.5856164383561644
Epidermis 1,stk38l,-5.177786,-1.0145576,2.2453444678325395e-07,2.914461107425087e-06,0.3342696629213483,0.5547945205479452
Epidermis 1,ppan,-5.1786294,-2.3606586,2.2352176823466022e-07,2.9026054230419157e-06,0.07303370786516854,0.3082191780821918
Epidermis 1,ythdf3,-5.1803164,-1.2527628,2.2150963424031264e-07,2.879034290119422e-06,0.23595505617977527,0.4657534246575342
Epidermis 1,tcf20,-5.184534,-1.0312539,2.16555574760597e-07,2.817149980341349e-06,0.33146067415730335,0.547945205479452
Epidermis 1,fam133b,-5.196343,-1.018752,2.032471344148825e-07,2.647556589162848e-06,0.3398876404494382,0.5616438356164384
Epidermis 1,LOC116408026,-5.1988735,-1.7350045,2.0049996781125622e-07,2.6129356036963133e-06,0.1348314606741573,0.3698630136986301
Epidermis 1,actl6a,-5.2119474,-1.2496779,1.8686833709329592e-07,2.4396374995864823e-06,0.24157303370786518,0.4691780821917808
Epidermis 1,tram2,-5.212791,-2.0566292,1.8602034160740795e-07,2.4296517450965783e-06,0.10112359550561797,0.3321917808219178
Epidermis 1,XB5732857,-5.217852,-3.1233494,1.8100994924837023e-07,2.3673833675521747e-06,0.03651685393258427,0.273972602739726
Epidermis 1,ptch1,-5.229661,-2.0195868,1.6982118166697684e-07,2.2260282337701344e-06,0.09831460674157304,0.3356164383561644
Epidermis 1,cers5,-5.231348,-1.0876455,1.6827841366486709e-07,2.2077855968751033e-06,0.29775280898876405,0.5273972602739726
Epidermis 1,nufip2,-5.2435784,-1.1248198,1.5749165947831344e-07,2.069051100319362e-06,0.29775280898876405,0.5342465753424658
Epidermis 1,atad5,-5.251381,-1.2234265,1.509631070362174e-07,1.985066388563055e-06,0.27247191011235955,0.4965753424657534
Epidermis 1,fto,-5.2545443,-1.4542464,1.4839164178594789e-07,1.953890126596866e-06,0.19101123595505617,0.4280821917808219
Epidermis 1,nutf2,-5.2545443,-1.6953173,1.4839164178594789e-07,1.953890126596866e-06,0.14606741573033707,0.3801369863013699
Epidermis 1,p3h1,-5.257918,-1.5463201,1.4569544795043432e-07,1.922719475864174e-06,0.17696629213483145,0.4041095890410959
Epidermis 1,foxh1,-5.2638226,-3.3191984,1.4109070224275533e-07,1.8627923745519337e-06,0.03651685393258427,0.273972602739726
Epidermis 1,grsf1,-5.274788,-1.8112575,1.329097274330537e-07,1.7571615751223848e-06,0.11797752808988764,0.363013698630137
Epidermis 1,tbc1d4,-5.2754207,-1.7369288,1.324520210461188e-07,1.751902727239411e-06,0.13764044943820225,0.3732876712328767
Epidermis 1,rnmt,-5.276264,-1.5673903,1.3184411719934812e-07,1.744651602469056e-06,0.16573033707865167,0.4006849315068493
Epidermis 1,kcnk6,-5.282801,-1.4371655,1.2722351441053788e-07,1.6857980733156995e-06,0.19662921348314608,0.4212328767123288
Epidermis 1,trim28,-5.2853317,-1.0375867,1.2547728744668784e-07,1.6634134192082233e-06,0.3455056179775281,0.5684931506849316
Epidermis 1,LOC100495777,-5.2861753,-2.5954733,1.2490038194976927e-07,1.656516817047961e-06,0.06179775280898876,0.3013698630136986
Epidermis 1,ankle2,-5.2950315,-1.1010543,1.1899574640759307e-07,1.5796388116441204e-06,0.3061797752808989,0.5342465753424658
Epidermis 1,cdc73,-5.297562,-1.0633231,1.1735892684473236e-07,1.5593267229992598e-06,0.3258426966292135,0.5513698630136986
Epidermis 1,sugp1,-5.297984,-1.0744194,1.170882502221828e-07,1.5564377636401207e-06,0.33146067415730335,0.5547945205479452
Epidermis 1,hlcs,-5.313378,-3.0428884,1.0761165669093738e-07,1.4324209183664804e-06,0.042134831460674156,0.2842465753424658
Epidermis 1,hira,-5.32118,-1.4314443,1.0309631091901231e-07,1.3735680330326568e-06,0.19382022471910113,0.4383561643835616
Epidermis 1,c7h10orf143,-5.321391,-1.0613399,1.0297685615022783e-07,1.372602135032973e-06,0.32865168539325845,0.5445205479452054
Epidermis 1,tpt1,-5.322867,-1.1925315,1.021444158161434e-07,1.3621274720445655e-06,0.27808988764044945,0.5
Epidermis 1,med15,-5.3329887,-2.1704218,9.660919413535043e-08,1.2906688088530294e-06,0.0898876404494382,0.3287671232876712
Epidermis 1,med26,-5.342689,-1.2535917,9.157774321246029e-08,1.2251299825370376e-06,0.24157303370786518,0.4897260273972603
Epidermis 1,LOC100489354,-5.3464847,-1.3483976,8.967878526799534e-08,1.201375147648383e-06,0.2247191011235955,0.4486301369863014
Epidermis 1,dcbld2,-5.353233,-1.2672065,8.639657976173687e-08,1.157936003216566e-06,0.24719101123595505,0.4863013698630137
Epidermis 1,kmt5c,-5.35977,-1.0146161,8.332802943656964e-08,1.1178346160901179e-06,0.35674157303370785,0.5856164383561644
Epidermis 1,lmf1,-5.3633547,-1.7476357,8.169035849380341e-08,1.096872241218359e-06,0.14325842696629212,0.3767123287671233
Epidermis 1,axin1,-5.369681,-1.2607313,7.88760714056623e-08,1.0595709757623687e-06,0.24719101123595505,0.4897260273972603
Epidermis 1,ccdc71,-5.371368,-1.55054,7.814159647130627e-08,1.050187129403565e-06,0.16853932584269662,0.4075342465753425
Epidermis 1,lyar,-5.379381,-2.488448,7.474233819345754e-08,1.0058900956413248e-06,0.06741573033707865,0.3116438356164384
Epidermis 1,srgap1,-5.386129,-1.2147757,7.199128208407333e-08,9.693123752185848e-07,0.25,0.5068493150684932
Epidermis 1,ska2,-5.3892922,-1.3101561,7.0735735343719e-08,9.528462119042628e-07,0.22752808988764045,0.476027397260274
Epidermis 1,abcf1,-5.394142,-2.5663762,6.885166112471902e-08,9.278943782096182e-07,0.06460674157303371,0.3082191780821918
Epidermis 1,rdh7.2,-5.4143863,-5.446433,6.14993390681461e-08,8.314926828404157e-07,0.0056179775280898875,0.2534246575342466
Epidermis 1,kgd4,-5.4219775,-1.3162396,5.894329197187638e-08,7.984111990870799e-07,0.23595505617977527,0.4726027397260274
Epidermis 1,jade3,-5.422399,-1.6288764,5.880434934158704e-08,7.968984402428978e-07,0.15730337078651685,0.4006849315068493
Epidermis 1,rbm22,-5.4232426,-1.1241494,5.8527415526768184e-08,7.935133966896849e-07,0.3146067415730337,0.5308219178082192
Epidermis 1,rpl13,-5.431045,-1.6473207,5.602497501746135e-08,7.606437736811021e-07,0.1544943820224719,0.4006849315068493
Epidermis 1,carm1,-5.4403234,-1.6633757,5.318390116510209e-08,7.230784255614415e-07,0.14887640449438203,0.3938356164383562
Epidermis 1,hs3st3b1,-5.4436975,-1.5181105,5.2185814221405884e-08,7.098387787370476e-07,0.19382022471910113,0.4417808219178082
Epidermis 1,brd7,-5.446861,-1.0534196,5.126661077105454e-08,6.979852349551445e-07,0.35674157303370785,0.5684931506849316
Epidermis 1,itgb4,-5.463309,-1.9580965,4.673407910073139e-08,6.383569468193828e-07,0.08426966292134831,0.3493150684931507
Epidermis 1,utp25,-5.4658394,-3.09639,4.6072183842759454e-08,6.296101009386169e-07,0.0449438202247191,0.2910958904109589
Epidermis 1,gtpbp4,-5.4768047,-1.9493618,4.330749267186438e-08,5.929373856165188e-07,0.12359550561797752,0.363013698630137
Epidermis 1,crppa,-5.486083,-2.34139,4.109437431048915e-08,5.636929401548139e-07,0.0898876404494382,0.3287671232876712
Epidermis 1,rpsa,-5.4886136,-1.7459574,4.051008512353497e-08,5.559391071577703e-07,0.14887640449438203,0.3835616438356164
Epidermis 1,tmem265,-5.492409,-3.8089404,3.964872830722288e-08,5.443738737193199e-07,0.025280898876404494,0.273972602739726
Epidermis 1,ripor1,-5.4951506,-1.4345496,3.903771007872749e-08,5.367409705133035e-07,0.21629213483146068,0.4486301369863014
Epidermis 1,stx6,-5.5000005,-1.6499293,3.7978974004313036e-08,5.231684208859917e-07,0.16292134831460675,0.4041095890410959
Epidermis 1,mex3a,-5.5016875,-2.4744458,3.761728712313911e-08,5.184304195645824e-07,0.07584269662921349,0.3219178082191781
Epidermis 1,mtpn,-5.5063267,-1.7313466,3.6639787555381945e-08,5.051969952978159e-07,0.1404494382022472,0.3938356164383562
Epidermis 1,uvssa,-5.5084357,-1.3791312,3.6203656152688966e-08,4.996548975445e-07,0.21910112359550563,0.4623287671232877
Epidermis 1,ap2a1,-5.520666,-1.313603,3.377166060758282e-08,4.6741449394898365e-07,0.24719101123595505,0.4828767123287671
Epidermis 1,fzd10,-5.5215096,-1.4414687,3.3609908344129725e-08,4.6561669706505027e-07,0.20224719101123595,0.4417808219178082
Epidermis 1,pomgnt1,-5.5219316,-1.4539008,3.352931426890461e-08,4.647204293003085e-07,0.21348314606741572,0.4486301369863014
Epidermis 1,ss18,-5.5286794,-1.2334098,3.226502081573318e-08,4.474093090439737e-07,0.26685393258426965,0.5136986301369864
Epidermis 1,nup188,-5.53121,-1.940503,3.1802936451191366e-08,4.4142052963189685e-07,0.11797752808988764,0.3664383561643836
Epidermis 1,rtcb,-5.532897,-2.4718602,3.14984536557695e-08,4.3740204219087796e-07,0.07303370786516854,0.3219178082191781
Epidermis 1,ssh3,-5.5421753,-1.1436929,2.987368632859165e-08,4.154318387588309e-07,0.3146067415730337,0.5616438356164384
Epidermis 1,styx,-5.5425973,-2.1243806,2.980179886004095e-08,4.146294062245869e-07,0.10393258426966293,0.3493150684931507
Epidermis 1,psmd1,-5.546393,-1.0474411,2.9162319383484964e-08,4.063125633453999e-07,0.3539325842696629,0.5821917808219178
Epidermis 1,dpysl4,-5.546393,-3.3528779,2.9162319383484964e-08,4.063125633453999e-07,0.03651685393258427,0.2876712328767123
Epidermis 1,adgrl3,-5.547658,-1.668472,2.8952133367521785e-08,4.037689935429529e-07,0.18258426966292135,0.4178082191780822
Epidermis 1,tardbp,-5.556304,-1.0374665,2.7554695527398027e-08,3.853833995030487e-07,0.36797752808988765,0.5993150684931506
Epidermis 1,pabpn1,-5.564106,-1.1681106,2.634994125759125e-08,3.6870997266665863e-07,0.29213483146067415,0.5342465753424658
Epidermis 1,znf484,-5.5765476,-3.2237027,2.4533858711684763e-08,3.4379157430549247e-07,0.03651685393258427,0.2910958904109589
Epidermis 1,cacna2d3,-5.5771804,-2.4183645,2.444483669868771e-08,3.427084036159906e-07,0.07865168539325842,0.3287671232876712
Epidermis 1,gramd1a,-5.581398,-2.5724974,2.38593178326428e-08,3.348207967191463e-07,0.07865168539325842,0.3253424657534247
Epidermis 1,anos1,-5.582663,-3.5034096,2.368633251599595e-08,3.325529230427846e-07,0.03932584269662921,0.2876712328767123
Epidermis 1,sparc,-5.5868807,-2.2703495,2.3118461788213587e-08,3.247360675306446e-07,0.0898876404494382,0.339041095890411
Epidermis 1,b4galt1,-5.5868807,-2.5192058,2.3118461788213587e-08,3.247360675306446e-07,0.07865168539325842,0.3253424657534247
Epidermis 1,cdc7,-5.5894113,-1.7063439,2.2784106121652273e-08,3.2050154284986413e-07,0.15168539325842698,0.4041095890410959
Epidermis 1,nsd2,-5.593207,-1.5264392,2.229135726173257e-08,3.138721888813607e-07,0.19101123595505617,0.4383561643835616
Epidermis 1,f2rl1,-5.6003766,-2.6832707,2.1388680408091472e-08,3.014525154334242e-07,0.06179775280898876,0.3150684931506849
Epidermis 1,znf692,-5.6052265,-1.0803046,2.0798275264825536e-08,2.932727372243682e-07,0.35674157303370785,0.5856164383561644
Epidermis 1,ncbp1,-5.618301,-1.2218269,1.928446760848956e-08,2.723209046684823e-07,0.28370786516853935,0.523972602739726
Epidermis 1,actr2,-5.6210423,-1.0599833,1.8980906461756272e-08,2.6816378771561024e-07,0.3651685393258427,0.6027397260273972
Epidermis 1,eif3d,-5.6235723,-1.2650279,1.870481768196741e-08,2.6439096985570087e-07,0.2640449438202247,0.5136986301369864
Epidermis 1,LOC108648251,-5.6303205,-1.4128901,1.7987507839160656e-08,2.5449798724419416e-07,0.21348314606741572,0.4623287671232877
Epidermis 1,pdlim7,-5.6315856,-1.1197453,1.7856018943772137e-08,2.528824078223853e-07,0.3455056179775281,0.6095890410958904
Epidermis 1,dus4l,-5.637912,-3.9213226,1.7212450226033025e-08,2.440044289801995e-07,0.025280898876404494,0.2808219178082192
Epidermis 1,dus2,-5.638334,-1.7051014,1.7170356009081575e-08,2.4352580131075376e-07,0.1601123595505618,0.4041095890410959
Epidermis 1,smc2,-5.648877,-1.4091511,1.6149903299041043e-08,2.2960983625207623e-07,0.21629213483146068,0.4794520547945205
Epidermis 1,ctdspl,-5.659421,-1.1259184,1.5188453563055178e-08,2.1615077220139527e-07,0.3146067415730337,0.5582191780821918
Epidermis 1,LOC101731863,-5.666169,-1.4619682,1.4602553869729944e-08,2.0811665147053923e-07,0.20224719101123595,0.4589041095890411
Epidermis 1,bmp4,-5.6672235,-1.171321,1.4513013100683762e-08,2.0694140777857902e-07,0.31741573033707865,0.5308219178082192
Epidermis 1,ncapd2,-5.6678557,-1.463757,1.4459544888236118e-08,2.062796274416935e-07,0.20786516853932585,0.4589041095890411
Epidermis 1,pwwp2b,-5.6708083,-1.476911,1.421254622927428e-08,2.029540492564321e-07,0.20786516853932585,0.4452054794520548
Epidermis 1,eif4h,-5.6724954,-1.0538167,1.4073249529402755e-08,2.0106312658551903e-07,0.3595505617977528,0.5787671232876712
Epidermis 1,cers3,-5.682195,-3.351813,1.3297665317008991e-08,1.9007533246038623e-07,0.03651685393258427,0.2945205479452055
Epidermis 1,eftud2,-5.6935825,-1.6614158,1.2440105864150747e-08,1.7807871425807565e-07,0.16292134831460675,0.4212328767123288
Epidermis 1,rpf2,-5.7150917,-3.1855736,1.0964494907262615e-08,1.5726356753395167e-07,0.042134831460674156,0.3013698630136986
Epidermis 1,LOC100497061,-5.718466,-1.8313322,1.0749029074164195e-08,1.5440042696161847e-07,0.1404494382022472,0.3938356164383562
Epidermis 1,lsg1,-5.7188873,-2.66714,1.0722386923718323e-08,1.5409345730934627e-07,0.06741573033707865,0.3219178082191781
Epidermis 1,riok1,-5.7188873,-2.3191476,1.0722386923718323e-08,1.5409345730934627e-07,0.08426966292134831,0.3458904109589041
Epidermis 1,cttnbp2nl,-5.734914,-2.8437293,9.756201102680103e-09,1.4048448986819805e-07,0.056179775280898875,0.3150684931506849
Epidermis 1,bysl,-5.7357574,-3.3762643,9.707765445545959e-09,1.3985593481456575e-07,0.03932584269662921,0.2979452054794521
Epidermis 1,mpdz,-5.7387094,-2.8652937,9.540074411368288e-09,1.3750784769166984e-07,0.05898876404494382,0.3150684931506849
Epidermis 1,ppp2r1b,-5.742505,-1.0207676,9.328604600086914e-09,1.3452611794037523e-07,0.398876404494382,0.6095890410958904
Epidermis 1,pa2g4,-5.7486205,-1.8030776,8.9974527547773e-09,1.298787859135285e-07,0.14325842696629212,0.4006849315068493
Epidermis 1,fosl2,-5.7492533,-1.0237577,8.963855207920786e-09,1.2945773299542118e-07,0.39325842696629215,0.6164383561643836
Epidermis 1,gal3st4.6,-5.7503076,-4.414529,8.908130140970925e-09,1.287165359123683e-07,0.014044943820224719,0.2773972602739726
Epidermis 1,lmnb1,-5.7621164,-1.0494537,8.306569178453018e-09,1.2026217120126803e-07,0.3904494382022472,0.6541095890410958
Epidermis 1,arl10b,-5.762327,-1.4911902,8.296194404575339e-09,1.201714859465519e-07,0.21910112359550563,0.4520547945205479
Epidermis 1,LOC100486098,-5.7751904,-2.0884438,7.686605896185465e-09,1.1184030709377666e-07,0.10955056179775281,0.3664383561643836
Epidermis 1,ttc31,-5.776245,-1.7366186,7.638617502288076e-09,1.1119742440706311e-07,0.15168539325842698,0.410958904109589
Epidermis 1,nmd3,-5.789319,-2.4439063,7.067234880538886e-09,1.0329117139651609e-07,0.07865168539325842,0.339041095890411
Epidermis 1,pola1,-5.7901626,-1.6285586,7.031834470237646e-09,1.0282518929440551e-07,0.18820224719101122,0.4452054794520548
Epidermis 1,nsun2,-5.8032365,-1.9797007,6.5046868307582566e-09,9.525976991477686e-08,0.11797752808988764,0.3801369863013699
Epidermis 1,plcg1,-5.807454,-2.2148268,6.3429911492353085e-09,9.307830034302073e-08,0.09550561797752809,0.3595890410958904
Epidermis 1,timm23,-5.819263,-1.1093094,5.910764395598231e-09,8.691023845459351e-08,0.3539325842696629,0.5856164383561644
Epidermis 1,card11,-5.829807,-2.57964,5.549160510628734e-09,8.179904734553128e-08,0.07303370786516854,0.3356164383561644
Epidermis 1,jazf1,-5.834446,-2.5617228,5.3969597446163345e-09,7.963580529776884e-08,0.0702247191011236,0.3356164383561644
Epidermis 1,p2ry11,-5.846255,-5.102872,5.027635530381887e-09,7.43362742481502e-08,0.011235955056179775,0.2773972602739726
Epidermis 1,ranbp1,-5.864812,-1.6210649,4.49642598957136e-09,6.66844384074888e-08,0.17415730337078653,0.4452054794520548
Epidermis 1,kmt2b,-5.8656554,-1.0330489,4.473625300062104e-09,6.641368265419774e-08,0.40168539325842695,0.6506849315068494
Epidermis 1,parvb,-5.866077,-2.800854,4.462267188221526e-09,6.627872570066231e-08,0.05056179775280899,0.3219178082191781
Epidermis 1,tril,-5.87409,-2.156457,4.251719445376463e-09,6.321567197751749e-08,0.10674157303370786,0.3664383561643836
Epidermis 1,prpf38b,-5.8745117,-1.0691768,4.2409100207554455e-09,6.308704367262211e-08,0.37640449438202245,0.613013698630137
Epidermis 1,col24a1,-5.8821034,-1.8197885,4.050852548426685e-09,6.032117719972512e-08,0.15168539325842698,0.4041095890410959
Epidermis 1,stx19,-5.8899055,-1.633663,3.864161331667655e-09,5.759984695868293e-08,0.17134831460674158,0.4417808219178082
Epidermis 1,jag1,-5.8934903,-1.8769984,3.781218177149234e-09,5.639223904910677e-08,0.1348314606741573,0.4006849315068493
Epidermis 1,arhgap19,-5.896443,-1.5257443,3.7142155990967703e-09,5.5421253791320925e-08,0.2050561797752809,0.4589041095890411
Epidermis 1,akap1,-5.8983407,-1.6554856,3.671754316564605e-09,5.481565394662919e-08,0.17134831460674158,0.4417808219178082
Epidermis 1,fat3,-5.898973,-2.527083,3.65770584720767e-09,5.466175849679315e-08,0.07865168539325842,0.3424657534246575
Epidermis 1,ehmt2,-5.9002385,-1.4085609,3.6297657047094187e-09,5.429973455187361e-08,0.24157303370786518,0.476027397260274
Epidermis 1,csnk2a1,-5.9061427,-1.0465583,3.5021018352979663e-09,5.2416763311620516e-08,0.3848314606741573,0.6301369863013698
Epidermis 1,rabgap1,-5.9084625,-1.1946728,3.453153399059808e-09,5.17371230178971e-08,0.31179775280898875,0.565068493150685
Epidermis 1,cep85l,-5.912891,-1.3318995,3.36154912466123e-09,5.0468126586015615e-08,0.26685393258426965,0.5205479452054794
Epidermis 1,cpsf3,-5.9133124,-1.7544466,3.3529493275927094e-09,5.036488273117291e-08,0.15730337078651685,0.4143835616438356
Epidermis 1,nom1,-5.920482,-2.6890516,3.2099881870264276e-09,4.82670600282765e-08,0.06179775280898876,0.3321917808219178
Epidermis 1,clstn1,-5.9341893,-1.4929332,2.9530135237852557e-09,4.447168382986441e-08,0.22191011235955055,0.4691780821917808
Epidermis 1,hacd3,-5.952535,-2.894287,2.6402053006176612e-09,3.986355430906759e-08,0.06179775280898876,0.3253424657534247
Epidermis 1,bop1,-5.9550657,-2.1703842,2.599676046582008e-09,3.927190207629906e-08,0.10112359550561797,0.3698630136986301
Epidermis 1,hsp90ab1,-5.956753,-1.1155497,2.572993848140672e-09,3.8888926150465346e-08,0.3539325842696629,0.5958904109589042
Epidermis 1,rpusd1,-5.959705,-1.7622365,2.526940393265309e-09,3.823239887967818e-08,0.15730337078651685,0.4246575342465753
Epidermis 1,maz,-5.964344,-1.244194,2.456188211273351e-09,3.718116913709546e-08,0.29213483146067415,0.5547945205479452
Epidermis 1,ppid,-5.9822683,-1.9233731,2.200515073031956e-09,3.3414678493401094e-08,0.13764044943820225,0.4006849315068493
Epidermis 1,gdpd5,-5.9835334,-3.1429543,2.1834814740734192e-09,3.319050804401462e-08,0.05337078651685393,0.3184931506849315
Epidermis 1,eif3m,-5.9934444,-2.3723614,2.0544227715074607e-09,3.1261234791220503e-08,0.08707865168539326,0.3561643835616438
Epidermis 1,vwa2,-5.9934444,-5.0494995,2.0544227715074607e-09,3.1261234791220503e-08,0.011235955056179775,0.2842465753424658
Epidermis 1,parg,-6.0069404,-1.4288082,1.890569529199711e-09,2.8827980129387974e-08,0.24157303370786518,0.5068493150684932
Epidermis 1,ptpn1,-6.0101037,-1.2402289,1.8540490200137841e-09,2.8285859553247872e-08,0.31179775280898875,0.5787671232876712
Epidermis 1,LOC100486894,-6.0103145,-2.0548775,1.8516389121461604e-09,2.826384179683781e-08,0.11797752808988764,0.386986301369863
Epidermis 1,serpinh1,-6.014532,-5.3104677,1.8040728426328751e-09,2.756657253685393e-08,0.011235955056179775,0.2842465753424658
Epidermis 1,ddx43,-6.015797,-2.3768666,1.7900366773504436e-09,2.7380723242088342e-08,0.0898876404494382,0.3595890410958904
Epidermis 1,kri1,-6.032878,-3.1979315,1.6106516622887434e-09,2.4688494357819746e-08,0.047752808988764044,0.3184931506849315
Epidermis 1,eif3c,-6.0337214,-1.4954486,1.6022626676127108e-09,2.4572791205134913e-08,0.21629213483146068,0.4828767123287671
Epidermis 1,cyth1,-6.0349865,-1.16557,1.5897589595995003e-09,2.439382894910918e-08,0.3398876404494382,0.5924657534246576
Epidermis 1,safb,-6.037728,-1.24512,1.562992937506305e-09,2.400832714463836e-08,0.300561797752809,0.5616438356164384
Epidermis 1,ubl5,-6.062189,-1.875239,1.3428107357236587e-09,2.068055880713291e-08,0.1348314606741573,0.4143835616438356
Epidermis 1,rpl18a,-6.0801134,-1.5987527,1.2009750844081682e-09,1.8515665976970022e-08,0.19382022471910113,0.4623287671232877
Epidermis 1,aimp1,-6.0881267,-1.6919578,1.1423946264113993e-09,1.7640431761559223e-08,0.17134831460674158,0.4417808219178082
Epidermis 1,rpe,-6.092133,-2.1867144,1.1141585972773042e-09,1.7222617639879895e-08,0.11235955056179775,0.3801369863013699
Epidermis 1,hdac1,-6.094242,-1.6171399,1.0995720277529284e-09,1.7006132245103627e-08,0.19662921348314608,0.4520547945205479
Epidermis 1,tma16,-6.099725,-2.0952024,1.0625128505224845e-09,1.6441669207846873e-08,0.11797752808988764,0.386986301369863
Epidermis 1,zfta,-6.10099,-3.2359114,1.054135268766897e-09,1.632067163205782e-08,0.05056179775280899,0.3219178082191781
Epidermis 1,mylk,-6.102677,-1.3274938,1.0430652843322005e-09,1.617498213597589e-08,0.2893258426966292,0.5547945205479452
Epidermis 1,map3k13,-6.1033096,-4.2452784,1.0389433325153329e-09,1.61281744836727e-08,0.019662921348314606,0.2979452054794521
Epidermis 1,phf10,-6.121023,-1.0262142,9.297651568959451e-10,1.4441001754104872e-08,0.4353932584269663,0.6952054794520548
Epidermis 1,greb1,-6.129247,-1.5846783,8.829595677848407e-10,1.3728612301020574e-08,0.23876404494382023,0.4794520547945205
Epidermis 1,sp1,-6.1317773,-1.0089005,8.69025963446462e-10,1.3519158029538869e-08,0.4353932584269663,0.6712328767123288
Epidermis 1,atg16l2,-6.132832,-2.3660698,8.632837967405057e-10,1.343698011848867e-08,0.09269662921348315,0.3664383561643836
Epidermis 1,mb21d2,-6.1336756,-2.265227,8.587167221252985e-10,1.337301465340682e-08,0.09831460674157304,0.3732876712328767
Epidermis 1,dek,-6.13473,-1.2703872,8.530410070874466e-10,1.3291706651478227e-08,0.300561797752809,0.5684931506849316
Epidermis 1,ahctf1,-6.13726,-1.2539573,8.395681554140169e-10,1.3102731847788109e-08,0.30337078651685395,0.5547945205479452
Epidermis 1,kansl1,-6.144008,-1.2394217,8.04647139332244e-10,1.2571160090764736e-08,0.3146067415730337,0.5684931506849316
Epidermis 1,farp2,-6.1515994,-1.1749773,7.670533677127756e-10,1.2009500263316627e-08,0.33707865168539325,0.5924657534246576
Epidermis 1,atp13a3,-6.159402,-1.9962003,7.302019515160367e-10,1.1450929852341882e-08,0.13202247191011235,0.4075342465753425
Epidermis 1,rasa2,-6.1785913,-1.665549,6.467604776137341e-10,1.017516443548281e-08,0.1797752808988764,0.4657534246575342
Epidermis 1,LOC116407555,-6.179857,-1.9409219,6.415984235637832e-10,1.0099388001719412e-08,0.1348314606741573,0.4143835616438356
Epidermis 1,ankrd50,-6.181122,-1.9358077,6.364765742507803e-10,1.0024163115261079e-08,0.1404494382022472,0.4143835616438356
Epidermis 1,rpl9,-6.181544,-2.0733285,6.347781727514718e-10,1.0002803648354865e-08,0.12359550561797752,0.3972602739726027
Epidermis 1,ccnyl1,-6.1830196,-1.3862967,6.288685175911982e-10,9.915024615808152e-09,0.2556179775280899,0.5171232876712328
Epidermis 1,znf217,-6.185761,-1.0129789,6.180355291848638e-10,9.74948545796155e-09,0.45224719101123595,0.684931506849315
Epidermis 1,rps6ka1,-6.189135,-1.6727508,6.049523564473316e-10,9.553410227613155e-09,0.1797752808988764,0.4589041095890411
Epidermis 1,eif4g3,-6.193774,-1.7238921,5.874033421821823e-10,9.281290321798579e-09,0.17134831460674158,0.4520547945205479
Epidermis 1,srsf10,-6.1946177,-1.0927635,5.842664248160371e-10,9.236718152405399e-09,0.38202247191011235,0.6301369863013698
Epidermis 1,znf44,-6.1984134,-1.6937877,5.703514090105074e-10,9.03138788558296e-09,0.1853932584269663,0.4589041095890411
Epidermis 1,snx7,-6.1988354,-6.5671897,5.688254047069532e-10,9.012105910563115e-09,0.0056179775280898875,0.2876712328767123
Epidermis 1,eif3g,-6.202631,-1.85008,5.552694480135344e-10,8.806880756854923e-09,0.15168539325842698,0.4246575342465753
Epidermis 1,ago2,-6.2087464,-1.1492361,5.340896896934307e-10,8.475556850938476e-09,0.37359550561797755,0.6541095890410958
Epidermis 1,znf507,-6.2116985,-1.3415744,5.241491916309513e-10,8.32685055465453e-09,0.27808988764044945,0.5513698630136986
Epidermis 1,tpm4,-6.216127,-1.0896856,5.095761257048331e-10,8.099738842021737e-09,0.4044943820224719,0.6643835616438356
Epidermis 1,LOC116410851,-6.2201333,-4.6361794,4.967322107841929e-10,7.90848543215291e-09,0.014044943820224719,0.2979452054794521
Epidermis 1,bud23,-6.222031,-3.0253003,4.907590602244067e-10,7.817644735378546e-09,0.056179775280898875,0.3356164383561644
Epidermis 1,LOC105946762,-6.225405,-2.1059895,4.803127464310062e-10,7.655409973241408e-09,0.11235955056179775,0.3972602739726027
Epidermis 1,dnmt3a,-6.240588,-2.144825,4.359285795178271e-10,6.963184867697051e-09,0.1151685393258427,0.3972602739726027
Epidermis 1,bcl2,-6.241221,-2.1746821,4.3416887515663126e-10,6.938868447076811e-09,0.1151685393258427,0.3938356164383562
Epidermis 1,ppm1g,-6.244384,-1.3975043,4.2547383506280943e-10,6.8073484798691755e-09,0.25842696629213485,0.5273972602739726
Epidermis 1,rprd1a,-6.247336,-1.479431,4.1751195795108777e-10,6.69829420574547e-09,0.23595505617977527,0.5034246575342466
Epidermis 1,st3gal2,-6.2566147,-2.2619843,3.934241524283426e-10,6.315311037689666e-09,0.10393258426966293,0.3835616438356164
Epidermis 1,ptges3,-6.257036,-1.4621404,3.923621114233573e-10,6.301723559898988e-09,0.23595505617977527,0.5171232876712328
Epidermis 1,rack1,-6.265893,-1.8038511,3.706948586102399e-10,5.966839984601279e-09,0.16573033707865167,0.4383561643835616
Epidermis 1,gpbp1l1,-6.2680016,-1.2146324,3.6571074830315835e-10,5.889857236170591e-09,0.33146067415730335,0.5856164383561644
Epidermis 1,nradd,-6.2726407,-1.2379345,3.5497489056949305e-10,5.72010530663553e-09,0.32865168539325845,0.6095890410958904
Epidermis 1,fndc3b,-6.2747498,-4.459171,3.501972676929484e-10,5.6462307401724074e-09,0.02247191011235955,0.3047945205479452
Epidermis 1,lrfn1.2,-6.276015,-4.986114,3.4736088971678593e-10,5.603590600061462e-09,0.011235955056179775,0.2979452054794521
Epidermis 1,cyp2k1.7,-6.2821302,-1.2358338,3.339648811165501e-10,5.393440574540262e-09,0.3398876404494382,0.5993150684931506
Epidermis 1,xpo4,-6.2848716,-1.3596364,3.2812478758630996e-10,5.3020539889084724e-09,0.27808988764044945,0.547945205479452
Epidermis 1,usp4,-6.285293,-1.109385,3.272352077796481e-10,5.290604180645406e-09,0.3848314606741573,0.6301369863013698
Epidermis 1,slc16a10,-6.2882457,-3.1308014,3.210737492704029e-10,5.193860965646457e-09,0.05337078651685393,0.3356164383561644
Epidermis 1,tspan9,-6.2954154,-1.3975586,3.0657799985389884e-10,4.970372442445544e-09,0.2696629213483146,0.5342465753424658
Epidermis 1,tprn,-6.2966805,-2.1452942,3.040871353314737e-10,4.932725334558439e-09,0.1151685393258427,0.3972602739726027
Epidermis 1,LOC100493567,-6.305115,-1.9316124,2.8797917098217487e-10,4.676621748322196e-09,0.1348314606741573,0.4246575342465753
Epidermis 1,ssrp1,-6.3078566,-1.1633912,2.829258017471991e-10,4.597111790368192e-09,0.36235955056179775,0.6198630136986302
Epidermis 1,zbtb44,-6.3084893,-1.1216396,2.8177199551058845e-10,4.5809105677252565e-09,0.38202247191011235,0.6404109589041096
Epidermis 1,klf8,-6.310809,-1.1784385,2.775805544029751e-10,4.517793533270247e-09,0.36797752808988765,0.6267123287671232
Epidermis 1,rpl6,-6.3165026,-1.9127235,2.675489378449541e-10,4.356948747713568e-09,0.1404494382022472,0.4280821917808219
Epidermis 1,khdc4,-6.3177676,-1.067257,2.6536824944040606e-10,4.32384576331801e-09,0.39325842696629215,0.6301369863013698
Epidermis 1,ppp4r1,-6.3283114,-1.1563601,2.478583671229731e-10,4.047568675626607e-09,0.37640449438202245,0.6404109589041096
Epidermis 1,atox1,-6.3318963,-1.3719305,2.4216612859863106e-10,3.9568239827091025e-09,0.27247191011235955,0.5445205479452054
Epidermis 1,tmem266,-6.3422294,-1.7341278,2.2646410610224605e-10,3.7044053080440707e-09,0.18258426966292135,0.4520547945205479
Epidermis 1,pabir2,-6.344338,-1.5397488,2.2338405353881608e-10,3.658117237531167e-09,0.21348314606741572,0.5068493150684932
Epidermis 1,atxn7l3,-6.374282,-1.6990225,1.838221716391352e-10,3.0170162263804383e-09,0.18820224719101122,0.4657534246575342
Epidermis 1,abce1,-6.3763905,-1.6101898,1.8131008610279668e-10,2.980807157970107e-09,0.2050561797752809,0.4726027397260274
Epidermis 1,ucma,-6.392839,-6.980248,1.628339175850521e-10,2.6815764760161453e-09,0.0028089887640449437,0.2945205479452055
Epidermis 1,rps25,-6.4000087,-1.9372586,1.5536831883477566e-10,2.5615179514153e-09,0.15168539325842698,0.4280821917808219
Epidermis 1,eif3b,-6.402539,-1.797604,1.5281411145254885e-10,2.523677566027941e-09,0.16853932584269662,0.4486301369863014
Epidermis 1,LOC100497165,-6.4061236,-1.9408153,1.4926576472234527e-10,2.4678662718319426e-09,0.14887640449438203,0.4280821917808219
Epidermis 1,cdc14b,-6.422361,-1.3231345,1.341766953157503e-10,2.225947208158171e-09,0.2949438202247191,0.547945205479452
Epidermis 1,heatr1,-6.423837,-2.1890428,1.328813336814842e-10,2.206962650479241e-09,0.12078651685393259,0.4006849315068493
Epidermis 1,eed,-6.425735,-2.0335977,1.3123381616674594e-10,2.1808389314213474e-09,0.12640449438202248,0.4178082191780822
Epidermis 1,bard1,-6.427,-2.2560804,1.3014658007762873e-10,2.165233171456554e-09,0.10393258426966293,0.3972602739726027
Epidermis 1,rcor1,-6.4299526,-1.2836573,1.2764381820929172e-10,2.126015071268266e-09,0.3146067415730337,0.6027397260273972
Epidermis 1,LOC108645586,-6.442605,-1.2022102,1.174401259716696e-10,1.960532451329454e-09,0.3651685393258427,0.6232876712328768
Epidermis 1,phkg2,-6.447244,-2.9468253,1.1390223764003023e-10,1.902557890546128e-09,0.05898876404494382,0.3493150684931507
Epidermis 1,eloa,-6.4533596,-1.2779105,1.0939745447371253e-10,1.8283573423219502e-09,0.31741573033707865,0.5993150684931506
Epidermis 1,hdgf,-6.4582095,-1.0045683,1.0594897092951829e-10,1.77173590917663e-09,0.48314606741573035,0.7431506849315068
Epidermis 1,p2ry4,-6.4598966,-4.2359824,1.0477459069553844e-10,1.7531002064231734e-09,0.02247191011235955,0.3150684931506849
Epidermis 1,LOC116406820,-6.4693856,-2.2002342,9.840203901878055e-11,1.651199771847287e-09,0.10955056179775281,0.4075342465753425
Epidermis 1,hmbox1,-6.4792967,-1.1459543,9.215102131336008e-11,1.5480841977073728e-09,0.38202247191011235,0.6404109589041096
Epidermis 1,dicer1,-6.480562,-1.111077,9.1381513178565e-11,1.536039684716868e-09,0.398876404494382,0.6541095890410958
Epidermis 1,eml4,-6.4814057,-1.3213278,9.087200183445091e-11,1.5283541344205032e-09,0.300561797752809,0.5958904109589042
Epidermis 1,u2af2,-6.4961667,-1.0210899,8.239232344757827e-11,1.38893310651451e-09,0.45224719101123595,0.6917808219178082
Epidermis 1,c4h1orf21,-6.5083976,-3.2578483,7.595674745380004e-11,1.281923605555444e-09,0.047752808988764044,0.3424657534246575
Epidermis 1,tmtc2,-6.5151453,-3.4561079,7.261929305944691e-11,1.2270141938847935e-09,0.042134831460674156,0.3356164383561644
Epidermis 1,smarca5,-6.53075,-1.554834,6.544115087065565e-11,1.1082910087486299e-09,0.21910112359550563,0.5171232876712328
Epidermis 1,mybbp1a,-6.536233,-2.6188993,6.308772674494849e-11,1.0702944518175214e-09,0.0898876404494382,0.3732876712328767
Epidermis 1,cdk11b,-6.5396066,-1.0065677,6.168082664151867e-11,1.0476422100861315e-09,0.4691011235955056,0.7123287671232876
Epidermis 1,mthfd1l,-6.542137,-1.695051,6.064583612488152e-11,1.0306618812595416e-09,0.199438202247191,0.4794520547945205
Epidermis 1,zhx3,-6.552048,-1.8796564,5.6753206895079856e-11,9.667558221154307e-10,0.1601123595505618,0.4486301369863014
Epidermis 1,acvr1b,-6.5528917,-1.6071807,5.6433438551207395e-11,9.618692957961185e-10,0.21629213483146068,0.4965753424657534
Epidermis 1,foxn2,-6.554368,-1.3986291,5.587807946364984e-11,9.52959242008138e-10,0.2752808988764045,0.5616438356164384
Epidermis 1,pum3,-6.5581636,-2.1658936,5.447444582474084e-11,9.295636461780499e-10,0.12359550561797752,0.4143835616438356
Epidermis 1,asap1,-6.558585,-1.8457757,5.432063206866631e-11,9.274803714948509e-10,0.16573033707865167,0.4520547945205479
Epidermis 1,ddx21,-6.5613265,-1.4248523,5.333114779744755e-11,9.11117931775096e-10,0.26685393258426965,0.5445205479452054
Epidermis 1,smarca4,-6.562381,-1.0612454,5.29552905063915e-11,9.052257875978537e-10,0.4550561797752809,0.7157534246575342
Epidermis 1,exoc2,-6.5695505,-1.195959,5.046730313013599e-11,8.63200548740202e-10,0.3707865168539326,0.6267123287671232
Epidermis 1,LOC100495222,-6.5699725,-1.8200084,5.0324567187264805e-11,8.612631284841555e-10,0.16853932584269662,0.4589041095890411
Epidermis 1,mical3,-6.572081,-1.4072595,4.9616790482264367e-11,8.496475703497772e-10,0.27247191011235955,0.5616438356164384
Epidermis 1,arb2a,-6.573768,-1.134219,4.9057589135991854e-11,8.410571190816292e-10,0.398876404494382,0.636986301369863
Epidermis 1,wdr1,-6.5798836,-1.4186603,4.708169738793e-11,8.081298275669887e-10,0.27247191011235955,0.5513698630136986
Epidermis 1,bms1,-6.582203,-1.8675954,4.635277174268432e-11,7.960857055290278e-10,0.16292134831460675,0.4554794520547945
Epidermis 1,nepro,-6.588951,-2.4872558,4.429447110018494e-11,7.62527493951417e-10,0.08707865168539326,0.3835616438356164
Epidermis 1,ccnb3,-6.589162,-2.6649878,4.423161174369459e-11,7.618940735886485e-10,0.08146067415730338,0.3732876712328767
Epidermis 1,adgra3,-6.59844,-1.6809871,4.155055131076965e-11,7.178275209013639e-10,0.19382022471910113,0.4897260273972603
Epidermis 1,pum2,-6.5997057,-1.0540508,4.119750026432128e-11,7.121491012574662e-10,0.45786516853932585,0.7157534246575342
Epidermis 1,sav1,-6.602025,-2.1369612,4.0557847662296773e-11,7.019221107262267e-10,0.12359550561797752,0.4178082191780822
Epidermis 1,prpf19,-6.6028686,-1.399313,4.032766454079998e-11,6.987658341387814e-10,0.27808988764044945,0.5616438356164384
Epidermis 1,ephb4,-6.60308,-1.4166433,4.027031878777459e-11,6.981860548549461e-10,0.26685393258426965,0.5856164383561644
Epidermis 1,znf229,-6.6066647,-2.2172275,3.9307561301067123e-11,6.823036368120505e-10,0.11797752808988764,0.4075342465753425
Epidermis 1,caprin1,-6.61763,-1.176017,3.650035426052341e-11,6.350844377317618e-10,0.37640449438202245,0.636986301369863
Epidermis 1,cth,-6.6269083,-3.309079,3.4279044989137433e-11,5.971458665539192e-10,0.05056179775280899,0.3458904109589041
Epidermis 1,lrrc75b,-6.62733,-2.4762766,3.418128397617615e-11,5.961534080594302e-10,0.09550561797752809,0.3904109589041096
Epidermis 1,pias4,-6.632391,-1.9203821,3.302922389903879e-11,5.774385429382793e-10,0.1601123595505618,0.4520547945205479
Epidermis 1,rpl11,-6.6450434,-1.8532119,3.031277335012986e-11,5.30900346193916e-10,0.1601123595505618,0.4589041095890411
Epidermis 1,adcy7,-6.655587,-2.0716577,2.82171435914069e-11,4.950872294840427e-10,0.1348314606741573,0.4315068493150685
Epidermis 1,usp36,-6.6583285,-1.3963306,2.7695934015466032e-11,4.862341424661187e-10,0.2893258426966292,0.5582191780821918
Epidermis 1,smtn,-6.6612806,-1.5066614,2.7145169495385755e-11,4.768512316824645e-10,0.25,0.5376712328767124
Epidermis 1,nop14,-6.6617026,-2.328744,2.7067369190587754e-11,4.757704562898801e-10,0.10393258426966293,0.4006849315068493
Epidermis 1,rnf149,-6.662335,-1.1006204,2.695107781605194e-11,4.740114053195032e-10,0.4550561797752809,0.7328767123287672
Epidermis 1,bub1,-6.6650763,-2.4273524,2.645277464797592e-11,4.655274266917424e-10,0.09831460674157304,0.3938356164383562
Epidermis 1,immp2l,-6.6661305,-2.6021647,2.626353067375073e-11,4.624754609183178e-10,0.10393258426966293,0.3904109589041096
Epidermis 1,pik3c2a,-6.670348,-1.5769185,2.5519718791230433e-11,4.4964852319858756e-10,0.2247191011235955,0.5136986301369864
Epidermis 1,dnajc2,-6.674566,-1.8863496,2.4796540193459965e-11,4.3716988322981194e-10,0.16853932584269662,0.4554794520547945
Epidermis 1,ksr2,-6.687218,-2.9708755,2.2745279310341636e-11,4.014898910148529e-10,0.06179775280898876,0.363013698630137
Epidermis 1,nsd3,-6.6998706,-1.2899704,2.0860432778373237e-11,3.6911096279941165e-10,0.32303370786516855,0.6027397260273972
Epidermis 1,hras,-6.7045097,-2.717507,2.0208371651395553e-11,3.580066131769354e-10,0.07303370786516854,0.3767123287671233
Epidermis 1,dab2,-6.7112575,-3.8607535,1.929540425905375e-11,3.4266340333924674e-10,0.033707865168539325,0.3356164383561644
Epidermis 1,pias2,-6.7152643,-2.005928,1.8772569915622347e-11,3.335811496678157e-10,0.14325842696629212,0.4417808219178082
Epidermis 1,parva,-6.720114,-2.1188715,1.8158201199549097e-11,3.23056834609872e-10,0.13202247191011235,0.4315068493150685
Epidermis 1,nrip1,-6.72391,-1.5582286,1.7691164985402007e-11,3.1532344127334516e-10,0.25,0.5273972602739726
Epidermis 1,sufu,-6.72391,-2.1602504,1.7691164985402007e-11,3.1532344127334516e-10,0.12359550561797752,0.4246575342465753
Epidermis 1,zfp36l1,-6.7361407,-2.7063894,1.626487673769999e-11,2.904328722783802e-10,0.07865168539325842,0.3801369863013699
Epidermis 1,srek1,-6.739093,-1.4229283,1.5937842234176457e-11,2.849413249830043e-10,0.2696629213483146,0.571917808219178
Epidermis 1,mta1,-6.7397256,-1.3857783,1.586860581693813e-11,2.8387712156359764e-10,0.2949438202247191,0.5856164383561644
Epidermis 1,pdcd11,-6.749004,-1.6124979,1.4886348246419232e-11,2.6679512298656075e-10,0.22752808988764045,0.5034246575342466
Epidermis 1,cfb,-6.755963,-1.2491561,1.4188979745590634e-11,2.5460900364847133e-10,0.3707865168539326,0.684931506849315
Epidermis 1,rbm27,-6.7732544,-1.474957,1.2591720664511296e-11,2.2692267986703433e-10,0.2612359550561798,0.547945205479452
Epidermis 1,LOC105945412,-6.7884374,-2.6306143,1.1335459610916657e-11,2.049145453844804e-10,0.08426966292134831,0.386986301369863
Epidermis 1,unc45a,-6.8076267,-2.5217829,9.922183706431964e-12,1.7969972238086292e-10,0.09831460674157304,0.3938356164383562
Epidermis 1,gnl3l,-6.808681,-2.5500858,9.849748523578236e-12,1.7849844953051172e-10,0.0898876404494382,0.3938356164383562
Epidermis 1,inpp5f,-6.810368,-1.5292022,9.734928450687502e-12,1.7663668127997912e-10,0.24719101123595505,0.541095890410959
Epidermis 1,LOC101734399,-6.8118443,-1.1215943,9.635537327191348e-12,1.7494185814355918e-10,0.5084269662921348,0.8047945205479452
Epidermis 1,ctps1,-6.8135314,-3.0288644,9.523164505864023e-12,1.7300908742753965e-10,0.05898876404494382,0.3664383561643836
Epidermis 1,ccnt2,-6.81564,-1.1764085,9.384502777802685e-12,1.705960203345462e-10,0.40168539325842695,0.6952054794520548
Epidermis 1,mrps28,-6.8263946,-2.9266744,8.707524474619611e-12,1.585854504159538e-10,0.06179775280898876,0.3732876712328767
Epidermis 1,itga6,-6.837782,-2.5812588,8.042882010545957e-12,1.4666343359343036e-10,0.10112359550561797,0.3972602739726027
Epidermis 1,LOC108647837,-6.839047,-2.0456111,7.97217535085027e-12,1.4546483001292402e-10,0.13764044943820225,0.4452054794520548
Epidermis 1,marcksl1,-6.8432646,-1.9902941,7.74085739750964e-12,1.413322939329196e-10,0.15168539325842698,0.4486301369863014
Epidermis 1,npm1,-6.867726,-1.6141368,6.523347691873415e-12,1.1932664354264819e-10,0.23314606741573032,0.5136986301369864
Epidermis 1,rrp15,-6.87363,-2.667187,6.258833130495378e-12,1.1463154839443007e-10,0.08146067415730338,0.3904109589041096
Epidermis 1,kif13a,-6.8748956,-2.796779,6.2035343716271145e-12,1.1368997693857817e-10,0.07303370786516854,0.3835616438356164
Epidermis 1,pwwp3a,-6.877637,-1.2237352,6.0853579555467814e-12,1.1159416461642908e-10,0.3904494382022472,0.6815068493150684
Epidermis 1,meis2,-6.8799562,-1.9505562,5.987088141187782e-12,1.098610002856623e-10,0.1797752808988764,0.4657534246575342
Epidermis 1,nckap5l,-6.8898673,-2.6403012,5.5844396495596335e-12,1.0266588389702997e-10,0.08146067415730338,0.3938356164383562
Epidermis 1,dock7,-6.8913436,-1.2137492,5.526787658252508e-12,1.0166993709149091e-10,0.38202247191011235,0.6575342465753424
Epidermis 1,rtkn2,-6.8983026,-1.2929534,5.262763112714753e-12,9.699610879430325e-11,0.3398876404494382,0.6061643835616438
Epidermis 1,ddx54,-6.9153833,-1.9344596,4.666005560540392e-12,8.605174040388404e-11,0.15730337078651685,0.4726027397260274
Epidermis 1,LOC101734953,-6.917492,-3.239127,4.597097548345163e-12,8.483444345686707e-11,0.05337078651685393,0.363013698630137
Epidermis 1,utp3,-6.9183354,-2.3716118,4.5698145456012786e-12,8.438423814432784e-11,0.10393258426966293,0.4178082191780822
Epidermis 1,rpl10a,-6.943218,-1.5736904,3.832661072674277e-12,7.099652459780848e-11,0.23876404494382023,0.541095890410959
Epidermis 1,lingo1,-6.946171,-1.6962084,3.753346974694218e-12,6.96155364322885e-11,0.2247191011235955,0.5171232876712328
Epidermis 1,stk4,-6.9681015,-3.805793,3.2124645066171917e-12,5.973508269270173e-11,0.03089887640449438,0.3493150684931507
Epidermis 1,st3gal6,-6.9799104,-1.5407413,2.953683664550627e-12,5.5098358135596284e-11,0.2247191011235955,0.5582191780821918
Epidermis 1,smarcd2,-6.980754,-1.2288219,2.9360023243091896e-12,5.4803501878596375e-11,0.38202247191011235,0.6404109589041096
Epidermis 1,fzd4,-6.983495,-1.7633834,2.879251790026338e-12,5.3812921402979465e-11,0.2050561797752809,0.4965753424657534
Epidermis 1,noc3l,-6.99425,-1.823347,2.6668203798888712e-12,4.990641902978976e-11,0.19101123595505617,0.4863013698630137
Epidermis 1,papss1,-6.9963584,-1.8438348,2.6270076641523833e-12,4.9192864209377526e-11,0.18258426966292135,0.4863013698630137
Epidermis 1,ptmap12,-6.9980454,-1.4462534,2.595577700575409e-12,4.8635469080461404e-11,0.28651685393258425,0.5924657534246576
Epidermis 1,twf2,-7.022085,-1.5980431,2.1858134020927644e-12,4.1089074955995884e-11,0.24157303370786518,0.5445205479452054
Epidermis 1,svip,-7.0233502,-2.4962618,2.166101685095003e-12,4.074473510747235e-11,0.09831460674157304,0.410958904109589
Epidermis 1,cep250,-7.029887,-1.3528101,2.0670026674005894e-12,3.890570184854258e-11,0.3342696629213483,0.6267123287671232
Epidermis 1,LOC116407528,-7.0461245,-2.3402567,1.839694512357203e-12,3.4671895738693364e-11,0.10955056179775281,0.4246575342465753
Epidermis 1,hoxb3,-7.050342,-1.645134,1.7847840493804006e-12,3.3658724224153865e-11,0.23876404494382023,0.5273972602739726
Epidermis 1,pcnx2,-7.050342,-3.128261,1.7847840493804006e-12,3.3658724224153865e-11,0.05898876404494382,0.3767123287671233
Epidermis 1,mms19,-7.051607,-2.2440631,1.7686267355190582e-12,3.339711117955917e-11,0.12078651685393259,0.4383561643835616
Epidermis 1,efna1,-7.053716,-2.9229467,1.7420161817807425e-12,3.291588559123005e-11,0.07303370786516854,0.386986301369863
Epidermis 1,sin3a,-7.0714293,-1.1547709,1.533457363525548e-12,2.9031406860890733e-11,0.4297752808988764,0.6917808219178082
Epidermis 1,rbm34,-7.0718513,-2.745736,1.528802877386532e-12,2.896204595520785e-11,0.07584269662921349,0.3972602739726027
Epidermis 1,sptbn4,-7.0735383,-1.6258305,1.5103231435066806e-12,2.8630516088095837e-11,0.23595505617977527,0.5376712328767124
Epidermis 1,exosc10,-7.0882993,-2.200803,1.3577004948543566e-12,2.5787487436704158e-11,0.12921348314606743,0.4417808219178082
Epidermis 1,myof,-7.0929384,-2.382105,1.3129375520262363e-12,2.4953496478074716e-11,0.12640449438202248,0.4315068493150685
Epidermis 1,tgif2,-7.0929384,-3.0738547,1.3129375520262363e-12,2.4953496478074716e-11,0.06179775280898876,0.3801369863013699
Epidermis 1,LOC116407738,-7.093782,-2.1090934,1.3049558781322805e-12,2.4834091975055138e-11,0.13764044943820225,0.4520547945205479
Epidermis 1,trim33,-7.097789,-1.0149609,1.267688451629007e-12,2.4140587055092836e-11,0.5140449438202247,0.7568493150684932
Epidermis 1,XB5812047,-7.1077,-1.5292668,1.1799293896980738e-12,2.2498705799259227e-11,0.2640449438202247,0.5753424657534246
Epidermis 1,tax1bp3,-7.110019,-1.8355972,1.1602672055283549e-12,2.2138231517493042e-11,0.18258426966292135,0.4965753424657534
Epidermis 1,smurf2,-7.1146584,-1.6302663,1.1219025331581717e-12,2.1434204540357203e-11,0.23314606741573032,0.5308219178082192
Epidermis 1,ryk,-7.121196,-1.2637855,1.0699481877543163e-12,2.0481765210377486e-11,0.36797752808988765,0.636986301369863
Epidermis 1,polr1a,-7.1271,-2.9181774,1.0250558019469262e-12,1.9661027655321915e-11,0.06460674157303371,0.3904109589041096
Epidermis 1,pcid2,-7.132161,-1.770358,9.8805188505343e-13,1.896371940380618e-11,0.20224719101123595,0.5068493150684932
Epidermis 1,cdca7,-7.139331,-2.9929392,9.378644116682187e-13,1.801229606929941e-11,0.06179775280898876,0.386986301369863
Epidermis 1,uhrf2,-7.1414394,-2.709913,9.235855912246763e-13,1.774972414009764e-11,0.07865168539325842,0.4041095890410959
Epidermis 1,LOC116410424,-7.16569,-1.7659532,7.73957919385461e-13,1.4903533558337555e-11,0.2050561797752809,0.5034246575342466
Epidermis 1,ctdp1,-7.1848793,-1.6294469,6.726654838003612e-13,1.2987242243704333e-11,0.23595505617977527,0.5513698630136986
Epidermis 1,smchd1,-7.1865664,-1.192077,6.644100342781417e-13,1.283633160078279e-11,0.42696629213483145,0.6986301369863014
Epidermis 1,hmga2,-7.186988,-1.6960995,6.623617621066517e-13,1.2813697331660844e-11,0.22191011235955055,0.541095890410959
Epidermis 1,gpkow,-7.1878314,-1.3022004,6.582837966542074e-13,1.2743240834436512e-11,0.3539325842696629,0.6575342465753424
Epidermis 1,ints6l,-7.1899405,-1.4212556,6.481964049798341e-13,1.2556281718996376e-11,0.30337078651685395,0.5993150684931506
Epidermis 1,extl3,-7.203858,-1.1762512,5.853233016129466e-13,1.1345878931994723e-11,0.42696629213483145,0.7157534246575342
Epidermis 1,pbrm1,-7.20681,-1.0037715,5.727774677121685e-13,1.1110058499465426e-11,0.547752808988764,0.8013698630136986
Epidermis 1,racgap1,-7.2139797,-1.4540424,5.433977713848879e-13,1.0554192860698777e-11,0.29775280898876405,0.5924657534246576
Epidermis 1,ets2,-7.2181973,-1.2630157,5.26812168278765e-13,1.0238860698774323e-11,0.3792134831460674,0.6232876712328768
Epidermis 1,rhbdf2,-7.220728,-1.6739317,5.17100456004485e-13,1.0056795362253561e-11,0.22752808988764045,0.541095890410959
Epidermis 1,rps27a,-7.222204,-2.002221,5.115166960663246e-13,9.954823264124323e-12,0.1601123595505618,0.476027397260274
Epidermis 1,rpl13a,-7.222415,-1.8162467,5.107238640724864e-13,9.946015503466256e-12,0.19101123595505617,0.5102739726027398
Epidermis 1,dtx4,-7.234224,-2.4856606,4.681992931680602e-13,9.154470594378307e-12,0.10112359550561797,0.4280821917808219
Epidermis 1,s1pr5,-7.2468762,-3.5979393,4.2649357478079504e-13,8.350190009656678e-12,0.042134831460674156,0.3698630136986301
Epidermis 1,srfbp1,-7.247298,-3.1757681,4.2516813426602903e-13,8.335405588685644e-12,0.05898876404494382,0.3835616438356164
Epidermis 1,scube2,-7.2502503,-2.4166546,4.160026365468058e-13,8.161189979127302e-12,0.09831460674157304,0.4315068493150685
Epidermis 1,mtrex,-7.2565765,-1.2950794,3.9701070567516233e-13,7.809569271595337e-12,0.37640449438202245,0.6678082191780822
Epidermis 1,tlk2,-7.2580523,-1.5068569,3.927032764024541e-13,7.730040048835108e-12,0.27247191011235955,0.5856164383561644
Epidermis 1,gnaz,-7.2591066,-2.065383,3.8965467268743543e-13,7.675199283912685e-12,0.14887640449438203,0.4794520547945205
Epidermis 1,pds5a,-7.265855,-1.0169702,3.706866797666953e-13,7.316368896867165e-12,0.5421348314606742,0.7945205479452054
Epidermis 1,caskin2,-7.268174,-2.2586377,3.643782358990031e-13,7.196716360516053e-12,0.12640449438202248,0.4486301369863014
Epidermis 1,rsl1d1,-7.2700725,-2.7484925,3.5929530483714145e-13,7.101123093775849e-12,0.07865168539325842,0.4075342465753425
Epidermis 1,stag1,-7.282303,-1.2453398,3.2816920992680667e-13,6.5035350341494814e-12,0.4157303370786517,0.7226027397260274
Epidermis 1,rps7,-7.285677,-2.0938015,3.200592603843801e-13,6.347118209155912e-12,0.14887640449438203,0.4726027397260274
Epidermis 1,lmnb3,-7.290316,-2.985946,3.0922866109112085e-13,6.1364989764796696e-12,0.06741573033707865,0.3938356164383562
Epidermis 1,dact4,-7.2913704,-6.0684996,3.0681782146385186e-13,6.092793301093651e-12,0.008426966292134831,0.339041095890411
Epidermis 1,cad,-7.298962,-2.6568599,2.8999641768176806e-13,5.762668446808812e-12,0.09269662921348315,0.4143835616438356
Epidermis 1,bc014685,-7.3029685,-1.5335925,2.814871139343526e-13,5.601191169104874e-12,0.2696629213483146,0.5684931506849316
Epidermis 1,cebpz,-7.3128796,-1.5799004,2.614773989676154e-13,5.206570741977088e-12,0.2612359550561798,0.565068493150685
Epidermis 1,rac1,-7.3514695,-1.2923818,1.960396759096946e-13,3.9303400319041724e-12,0.36797752808988765,0.6643835616438356
Epidermis 1,u2af1,-7.352102,-1.390139,1.951138144790357e-13,3.9144625333127606e-12,0.3455056179775281,0.660958904109589
Epidermis 1,lmo4.2,-7.355265,-2.9641192,1.9054856122887907e-13,3.8254979349459924e-12,0.07303370786516854,0.4006849315068493
Epidermis 1,LOC105948167,-7.356952,-2.069317,1.8815683936567787e-13,3.780077368727237e-12,0.1544943820224719,0.4794520547945205
Epidermis 1,epb41l3,-7.361802,-2.8283348,1.8144372508417185e-13,3.6502281678839825e-12,0.08707865168539326,0.4075342465753425
Epidermis 1,XB5730291,-7.367074,-3.2284722,1.7441366127127965e-13,3.5136359287531192e-12,0.06741573033707865,0.3904109589041096
Epidermis 1,LOC105948246,-7.381835,-1.3547664,1.5612242261882246e-13,3.156026649772337e-12,0.3539325842696629,0.6438356164383562
Epidermis 1,elavl1,-7.3845763,-1.4458683,1.5293938970221054e-13,3.0938209691247865e-12,0.3061797752808989,0.6267123287671232
Epidermis 1,nol10,-7.385631,-2.6911066,1.5173220051610232e-13,3.0736548532821807e-12,0.0898876404494382,0.4178082191780822
Epidermis 1,colca2,-7.4043984,-5.786495,1.3174613785392537e-13,2.6743551080611755e-12,0.008426966292134831,0.3458904109589041
Epidermis 1,sipa1l1,-7.4079833,-1.0883795,1.282342915635257e-13,2.6048760088210006e-12,0.5449438202247191,0.8424657534246576
Epidermis 1,klf17,-7.4248533,-1.449794,1.129049528697547e-13,2.301481643888284e-12,0.3202247191011236,0.613013698630137
Epidermis 1,asxl1,-7.43371,-1.1430426,1.0559332320450812e-13,2.1569520828728e-12,0.4606741573033708,0.7431506849315068
Epidermis 1,nop53,-7.4379277,-2.3519459,1.022771720814919e-13,2.090674137842021e-12,0.12359550561797752,0.4486301369863014
Epidermis 1,kremen2,-7.4429884,-5.0859976,9.843269721273838e-14,2.013496271676386e-12,0.011235955056179775,0.3527397260273973
Epidermis 1,LOC108645355,-7.473776,-1.1772336,7.792576363487896e-14,1.601862163720919e-12,0.46629213483146065,0.726027397260274
Epidermis 1,oaf,-7.4746194,-1.4333998,7.74275803370161e-14,1.5927414502683443e-12,0.32303370786516855,0.6438356164383562
Epidermis 1,MGC145244,-7.481789,-2.0103252,7.331750704767282e-14,1.5092563721905098e-12,0.17134831460674158,0.4931506849315068
Epidermis 1,dnttip2,-7.4828434,-1.2562146,7.273146041146953e-14,1.499304174391866e-12,0.4241573033707865,0.708904109589041
Epidermis 1,rfc1,-7.4843197,-2.5079086,7.191872441985309e-14,1.4835964950717894e-12,0.10112359550561797,0.4417808219178082
Epidermis 1,septin9,-7.495707,-4.445345,6.594204434025614e-14,1.3612654647669682e-12,0.02247191011235955,0.363013698630137
Epidermis 1,cdk4,-7.4984484,-2.2673826,6.457778208185461e-14,1.334044627586355e-12,0.12640449438202248,0.4623287671232877
Epidermis 1,ccdc88a,-7.5030875,-3.0089965,6.233197262386087e-14,1.2894733841246123e-12,0.0702247191011236,0.4075342465753425
Epidermis 1,septin2,-7.5045633,-1.885345,6.163363342065227e-14,1.2759297015007696e-12,0.19382022471910113,0.5136986301369864
Epidermis 1,emx1,-7.5094137,-7.0912356,5.939281176884578e-14,1.2321584675763882e-12,0.0028089887640449437,0.3458904109589041
Epidermis 1,septin11,-7.516372,-1.4835211,5.631699202070646e-14,1.1700085243477404e-12,0.3146067415730337,0.6061643835616438
Epidermis 1,sgcg,-7.52059,-2.9140053,5.452965521581446e-14,1.1336816156568082e-12,0.07865168539325842,0.4143835616438356
Epidermis 1,irf6,-7.529236,-1.704323,5.103818912689709e-14,1.0618486166322623e-12,0.23314606741573032,0.5582191780821918
Epidermis 1,cenpc,-7.5323987,-1.6304715,4.9816539737938205e-14,1.0371704224214187e-12,0.2696629213483146,0.5993150684931506
Epidermis 1,lats2,-7.5463166,-1.3375293,4.4774143546663335e-14,9.348521357232256e-13,0.3595505617977528,0.6541095890410958
Epidermis 1,mtr,-7.5661387,-2.195001,3.84482032688589e-14,8.0449493897782e-13,0.14325842696629212,0.4726027397260274
Epidermis 1,epn2,-7.572465,-1.8634248,3.662086534716736e-14,7.668083918073418e-13,0.199438202247191,0.5273972602739726
Epidermis 1,hp1bp3,-7.5779476,-1.7608693,3.510645510168141e-14,7.366811120439693e-13,0.22191011235955055,0.547945205479452
Epidermis 1,suz12,-7.5796347,-1.7503042,3.465299828089793e-14,7.276880695035398e-13,0.22752808988764045,0.547945205479452
Epidermis 1,myl6,-7.580267,-1.3027705,3.448444119783674e-14,7.251904321251552e-13,0.3792134831460674,0.660958904109589
Epidermis 1,atrnl1,-7.588491,-2.179372,3.2365216176960473e-14,6.811142073928952e-13,0.14887640449438203,0.4794520547945205
Epidermis 1,MGC69416,-7.593552,-1.4923699,3.1125301710887277e-14,6.56912414664943e-13,0.3146067415730337,0.613013698630137
Epidermis 1,nprl3,-7.633618,-1.7729934,2.2825554359950842e-14,4.831381459056648e-13,0.24719101123595505,0.5582191780821918
Epidermis 1,ptgfrn,-7.641842,-2.5645328,2.1413570711954724e-14,4.542380881575824e-13,0.10393258426966293,0.4417808219178082
Epidermis 1,rpl21,-7.644583,-2.14103,2.096228327270272e-14,4.4531141158748055e-13,0.14606741573033707,0.4863013698630137
Epidermis 1,lpar4,-7.6464815,-3.9470224,2.0655347538156103e-14,4.391101555547935e-13,0.03089887640449438,0.3801369863013699
Epidermis 1,prpf39,-7.6542835,-1.1388576,1.9439282254459152e-14,4.1355870420676525e-13,0.47752808988764045,0.7431506849315068
Epidermis 1,tlcd3a,-7.6542835,-6.009304,1.9439282254459152e-14,4.1355870420676525e-13,0.008426966292134831,0.3561643835616438
Epidermis 1,fam168a,-7.6589227,-2.160662,1.874990031364562e-14,4.003494054552046e-13,0.14606741573033707,0.4863013698630137
Epidermis 1,ccnj,-7.6694665,-1.6353581,1.7271319067817862e-14,3.690481927422397e-13,0.25,0.589041095890411
Epidermis 1,znf703,-7.673684,-1.7640146,1.6712553708251507e-14,3.573699030328455e-13,0.2303370786516854,0.5513698630136986
Epidermis 1,adora2a,-7.6861253,-3.7717686,1.5165773481469257e-14,3.2453200925097206e-13,0.03651685393258427,0.386986301369863
Epidermis 1,tox3,-7.7027845,-2.4416397,1.3313276571993555e-14,2.8530820196183547e-13,0.12078651685393259,0.4589041095890411
Epidermis 1,kpna2,-7.715226,-3.093143,1.2076800267071014e-14,2.5919012379350427e-13,0.06460674157303371,0.4143835616438356
Epidermis 1,krt19,-7.7192326,-2.5132017,1.1703212992877386e-14,2.515416316138227e-13,0.12359550561797752,0.4589041095890411
Epidermis 1,rps24,-7.730198,-2.7633252,1.0737939096435936e-14,2.3113453440936585e-13,0.0898876404494382,0.4315068493150685
Epidermis 1,kif1c,-7.7377896,-1.5490943,1.011601495264586e-14,2.1790805680235159e-13,0.28651685393258425,0.6027397260273972
Epidermis 1,msantd4,-7.7643595,-1.8070685,8.205880772500616e-15,1.7728462739169659e-13,0.21910112359550563,0.5616438356164384
Epidermis 1,rpl3,-7.766468,-1.6683257,8.070477535927515e-15,1.7448826098572275e-13,0.2556179775280899,0.589041095890411
Epidermis 1,capza1,-7.771529,-1.1478513,7.754416892600728e-15,1.6802769472765892e-13,0.45224719101123595,0.7054794520547946
Epidermis 1,nfx1,-7.7930384,-1.5534734,6.5416762737934855e-15,1.4217080978383447e-13,0.2949438202247191,0.6232876712328768
Epidermis 1,ddx52,-7.796834,-2.9240618,6.347962764268093e-15,1.3816626921989622e-13,0.08426966292134831,0.4280821917808219
Epidermis 1,anxa1.2,-7.8088536,-4.8635283,5.771037513074172e-15,1.2598446418571405e-13,0.019662921348314606,0.3732876712328767
Epidermis 1,map4,-7.831839,-2.7290204,4.80784784481721e-15,1.0519326373641605e-13,0.08707865168539326,0.4452054794520548
Epidermis 1,spata1,-7.8358455,-1.2781492,4.6569769818646754e-15,1.0196860985534557e-13,0.4297752808988764,0.7226027397260274
Epidermis 1,eif5b,-7.836689,-1.808045,4.6258136950609255e-15,1.0136218899574656e-13,0.23314606741573032,0.5582191780821918
Epidermis 1,trim24,-7.845335,-2.0758,4.3179942602840805e-15,9.475922689366664e-14,0.16573033707865167,0.5136986301369864
Epidermis 1,ankrd13c,-7.859885,-1.6055037,3.844856364465745e-15,8.456658870556674e-14,0.2893258426966292,0.5856164383561644
Epidermis 1,pds5b,-7.860518,-1.446828,3.825486525704996e-15,8.420391312717073e-14,0.34831460674157305,0.6643835616438356
Epidermis 1,patz1,-7.8761225,-1.6450953,3.376972542093546e-15,7.43875541657396e-14,0.26685393258426965,0.5958904109589042
Epidermis 1,cdc42bpa,-7.877599,-2.2739015,3.337328618762285e-15,7.356972311843164e-14,0.14325842696629212,0.4897260273972603
Epidermis 1,mtss2,-7.881605,-4.8299,3.232018995794992e-15,7.130199793666673e-14,0.019662921348314606,0.3767123287671233
Epidermis 1,LOC100487199,-7.8991075,-2.1195166,2.809071532120718e-15,6.215894773309667e-14,0.17134831460674158,0.5034246575342466
Epidermis 1,ccdc9,-7.9054337,-1.36537,2.670019803617861e-15,5.912677945420734e-14,0.3792134831460674,0.6883561643835616
Epidermis 1,dhx15,-7.9248343,-1.4963408,2.284508893026722e-15,5.0666524622203425e-14,0.31741573033707865,0.6404109589041096
Epidermis 1,aspm,-7.9258885,-1.3895489,2.26520606018004e-15,5.0276566700928437e-14,0.37359550561797755,0.6575342465753424
Epidermis 1,nrf1,-7.9404387,-2.1026773,2.0146714048675106e-15,4.4818005963228465e-14,0.18820224719101122,0.5171232876712328
Epidermis 1,rps10,-7.9433913,-1.9037883,1.967274308260833e-15,4.3796949965554004e-14,0.2050561797752809,0.5513698630136986
Epidermis 1,anp32b,-7.952037,-1.7983325,1.8346958443843224e-15,4.090769963935784e-14,0.2247191011235955,0.571917808219178
Epidermis 1,tnfaip8,-7.954778,-1.4277569,1.7945262380686755e-15,4.004259272136294e-14,0.37359550561797755,0.7363013698630136
Epidermis 1,snrpc,-7.9579415,-1.7972102,1.7492522188608882e-15,3.9092042514925553e-14,0.23595505617977527,0.571917808219178
Epidermis 1,slc12a6,-7.973124,-2.4003506,1.547124994450384e-15,3.47342632202605e-14,0.14325842696629212,0.4794520547945205
Epidermis 1,snx19,-7.9861984,-1.147868,1.3916365857467228e-15,3.1267432004582976e-14,0.4887640449438202,0.7431506849315068
Epidermis 1,foxk2,-7.9992723,-1.1003422,1.2515641203478885e-15,2.814190061683779e-14,0.5393258426966292,0.8253424657534246
Epidermis 1,plscr1,-8.0043335,-1.2437373,1.2011544472839485e-15,2.7050035168379895e-14,0.47191011235955055,0.791095890410959
Epidermis 1,ptpru,-8.004755,-3.8463705,1.1970450757769612e-15,2.6978276491932424e-14,0.0449438202247191,0.4006849315068493
Epidermis 1,rev3l,-8.031325,-1.2847764,9.642530015711682e-16,2.179897872306792e-14,0.4241573033707865,0.7191780821917808
Epidermis 1,chn1,-8.043978,-2.009059,8.696834362646731e-16,1.970675699647493e-14,0.17134831460674158,0.541095890410959
Epidermis 1,vwa5a.2,-8.048195,-1.6380811,8.40238740362777e-16,1.906911383504995e-14,0.2808988764044944,0.5958904109589042
Epidermis 1,trrap,-8.054311,-1.1156658,7.992807500156429e-16,1.8181926539850007e-14,0.5365168539325843,0.8047945205479452
Epidermis 1,rims2,-8.057473,-2.586035,7.788739899892511e-16,1.7745335620713793e-14,0.11235955056179775,0.4691780821917808
Epidermis 1,top2a,-8.0840435,-1.4469675,6.265388319293382e-16,1.4308091090723814e-14,0.3539325842696629,0.6575342465753424
Epidermis 1,myl9,-8.103444,-3.6824946,5.342481536641302e-16,1.223872083052993e-14,0.0449438202247191,0.410958904109589
Epidermis 1,chd8,-8.10471,-1.1445009,5.287179616948781e-16,1.212153312808077e-14,0.5056179775280899,0.7808219178082192
Epidermis 1,nuak1,-8.107661,-29.537111,5.1603260886269445e-16,1.1839991514651037e-14,0.0,0.3698630136986301
Epidermis 1,ctif,-8.113144,-1.5677679,4.932647834017785e-16,1.1344313834474736e-14,0.31741573033707865,0.6095890410958904
Epidermis 1,dlc1,-8.11694,-2.9189777,4.780853002000741e-16,1.1012538542276095e-14,0.08707865168539326,0.4452054794520548
Epidermis 1,nop2,-8.124953,-2.0903947,4.475353938202662e-16,1.0325104259479244e-14,0.17696629213483145,0.5342465753424658
Epidermis 1,mmp11,-8.127273,-7.6343894,4.390568208451446e-16,1.0145509826185313e-14,0.0028089887640449437,0.3732876712328767
Epidermis 1,cstf3,-8.132123,-1.5082455,4.2183713924316117e-16,9.75531757691206e-15,0.33146067415730335,0.660958904109589
Epidermis 1,rb1,-8.135497,-1.5489113,4.102525396754673e-16,9.502450069139131e-15,0.32303370786516855,0.6712328767123288
Epidermis 1,tnpo2,-8.145197,-1.9609913,3.7866503812987926e-16,8.79869453861248e-15,0.19662921348314608,0.5513698630136986
Epidermis 1,rcl1,-8.15321,-3.4796956,3.5438900147901234e-16,8.241165395571208e-15,0.056179775280898875,0.4212328767123288
Epidermis 1,max,-8.156584,-1.3908489,3.4463249900035155e-16,8.020662880795603e-15,0.38764044943820225,0.7328767123287672
Epidermis 1,coro7,-8.167972,-3.2519317,3.1361852942913156e-16,7.316347353346325e-15,0.05898876404494382,0.4315068493150685
Epidermis 1,parp1,-8.168815,-1.7963588,3.114338660387711e-16,7.271184774903608e-15,0.23876404494382023,0.5958904109589042
Epidermis 1,vwa8,-8.170502,-1.5750015,3.0710944180054965e-16,7.175952112927153e-15,0.3089887640449438,0.6541095890410958
Epidermis 1,tent4b,-8.182311,-1.1463978,2.784520115040461e-16,6.511544598619818e-15,0.5308988764044944,0.821917808219178
Epidermis 1,taf3,-8.1958065,-1.1187583,2.489183233644756e-16,5.825565660742183e-15,0.547752808988764,0.8287671232876712
Epidermis 1,ehd1,-8.215207,-1.7588781,2.1179869815383281e-16,4.980762466399587e-15,0.25280898876404495,0.5993150684931506
Epidermis 1,med27,-8.215418,-1.1606289,2.1142682063323124e-16,4.976020445998375e-15,0.5028089887640449,0.7636986301369864
Epidermis 1,lrpprc,-8.217316,-1.8194476,2.0810875756389194e-16,4.901875175141116e-15,0.24157303370786518,0.5821917808219178
Epidermis 1,fip1l1,-8.223642,-1.6119174,1.9741499511851753e-16,4.66125825711582e-15,0.300561797752809,0.6575342465753424
Epidermis 1,chka,-8.225328,-2.9012485,1.946560248665799e-16,4.5998304469482596e-15,0.09269662921348315,0.4520547945205479
Epidermis 1,emx2,-8.231866,-2.8412418,1.843194739016008e-16,4.3626255397714114e-15,0.09831460674157304,0.4623287671232877
Epidermis 1,mrtfb,-8.245151,-2.900599,1.6495183544679557e-16,3.9169026010928356e-15,0.0898876404494382,0.4554794520547945
Epidermis 1,thada,-8.248525,-1.9458082,1.6036155894120605e-16,3.814099861196415e-15,0.21348314606741572,0.565068493150685
Epidermis 1,nap1l1,-8.250001,-1.9543374,1.583931332052211e-16,3.7703498996106e-15,0.21067415730337077,0.5513698630136986
Epidermis 1,dcps,-8.258647,-3.146359,1.4733311099457411e-16,3.5128011154016276e-15,0.06741573033707865,0.4417808219178082
Epidermis 1,kcnk5,-8.263075,-2.339327,1.4196673552578061e-16,3.3959326073274085e-15,0.14887640449438203,0.5034246575342466
Epidermis 1,luc7l3,-8.263708,-1.1910235,1.4121601242481274e-16,3.380741408017773e-15,0.5337078651685393,0.8527397260273972
Epidermis 1,ddx27,-8.267504,-3.070692,1.3679317542716694e-16,3.277542058124194e-15,0.07865168539325842,0.4452054794520548
Epidermis 1,depdc1,-8.271932,-1.6148317,1.3180560059680196e-16,3.160631264187956e-15,0.3061797752808989,0.6061643835616438
Epidermis 1,ezh2,-8.282475,-1.1553787,1.2064072428031615e-16,2.8976573635480044e-15,0.5252808988764045,0.8116438356164384
Epidermis 1,cecr2,-8.283952,-2.631462,1.1915397770425775e-16,2.8643009229220053e-15,0.10674157303370786,0.476027397260274
Epidermis 1,s100a10,-8.287115,-1.135068,1.160286603039503e-16,2.791468122917507e-15,0.5084269662921348,0.7636986301369864
Epidermis 1,c9h7orf50,-8.289434,-2.782376,1.1378826897548772e-16,2.7398228092442187e-15,0.10393258426966293,0.4657534246575342
Epidermis 1,tns1,-8.310944,-2.7512062,9.494414896438294e-17,2.291752616331856e-15,0.11797752808988764,0.4726027397260274
Epidermis 1,mib1,-8.332664,-1.4018812,7.904363090995894e-17,1.917447614214946e-15,0.3792134831460674,0.6815068493150684
Epidermis 1,ran,-8.340255,-1.636746,7.413057750778671e-17,1.7997598929652105e-15,0.2949438202247191,0.6541095890410958
Epidermis 1,cfl1,-8.348901,-1.8327744,6.890124066165135e-17,1.675584164543037e-15,0.22752808988764045,0.5958904109589042
Epidermis 1,zmym3,-8.349744,-1.3966309,6.841097522206414e-17,1.6650468082565836e-15,0.39325842696629215,0.702054794520548
Epidermis 1,ncoa7,-8.350377,-2.422909,6.804553546352102e-17,1.6575325392784856e-15,0.13202247191011235,0.5034246575342466
Epidermis 1,septin10,-8.354383,-1.2873476,6.577538491696895e-17,1.604908411108447e-15,0.449438202247191,0.7568493150684932
Epidermis 1,xrn2,-8.361553,-1.2250582,6.189792900722169e-17,1.5115608711863804e-15,0.5028089887640449,0.821917808219178
Epidermis 1,pes1,-8.37041,-2.9821239,5.741821035997992e-17,1.4056881968447008e-15,0.07865168539325842,0.4589041095890411
Epidermis 1,cbx3,-8.376103,-1.8664829,5.470886979389601e-17,1.3427329747652177e-15,0.22752808988764045,0.5924657534246576
Epidermis 1,ubap2l,-8.393184,-1.3878603,4.731497943468153e-17,1.1641954241205186e-15,0.38764044943820225,0.6917808219178082
Epidermis 1,tasor,-8.39951,-1.1893064,4.483443544820498e-17,1.105021401843575e-15,0.5140449438202247,0.8082191780821918
Epidermis 1,ptk2,-8.411741,-2.7390518,4.039692387766538e-17,9.964915458801996e-16,0.09831460674157304,0.4794520547945205
Epidermis 1,ipmk,-8.427556,-2.0218766,3.5295794611396297e-17,8.736082745857114e-16,0.21067415730337077,0.5582191780821918
Epidermis 1,gon4l,-8.435148,-2.1717353,3.3078417243642517e-17,8.208108781399952e-16,0.16573033707865167,0.5445205479452054
Epidermis 1,utp6,-8.436202,-2.2405128,3.278152268267784e-17,8.141348254353068e-16,0.14606741573033707,0.5342465753424658
Epidermis 1,top2b,-8.438733,-1.109126,3.2079658886279674e-17,7.973813851231643e-16,0.598314606741573,0.8835616438356164
Epidermis 1,ola1,-8.438733,-1.7328104,3.2079658886279674e-17,7.973813851231643e-16,0.27247191011235955,0.6164383561643836
Epidermis 1,tbl1xr1,-8.44527,-1.3179151,3.0334392614447486e-17,7.55285034508445e-16,0.4241573033707865,0.7294520547945206
Epidermis 1,gnb4,-8.447167,-2.0395467,2.984548552834858e-17,7.443800234463801e-16,0.19382022471910113,0.5616438356164384
Epidermis 1,mettl24,-8.450963,-5.4806457,2.889087573126442e-17,7.218027252141798e-16,0.014044943820224719,0.3972602739726027
Epidermis 1,etf1,-8.492294,-1.4139899,2.0259663114488836e-17,5.08771660223044e-16,0.38202247191011235,0.6952054794520548
Epidermis 1,LOC100488102,-8.517178,-1.4947681,1.6348857190986e-17,4.119771073704412e-16,0.28651685393258425,0.6712328767123288
Epidermis 1,LOC100492862,-8.524769,-2.053225,1.531149115152871e-17,3.8616928201064345e-16,0.19662921348314608,0.565068493150685
Epidermis 1,cfp,-8.524769,-3.339896,1.531149115152871e-17,3.8616928201064345e-16,0.06741573033707865,0.4452054794520548
Epidermis 1,rtn4,-8.533626,-1.233824,1.41831063561667e-17,3.58638738665319e-16,0.4803370786516854,0.773972602739726
Epidermis 1,nup58,-8.535734,-2.1543555,1.3926778152966173e-17,3.524620365275794e-16,0.1797752808988764,0.547945205479452
Epidermis 1,ptpra,-8.542482,-1.8233805,1.3136860802278848e-17,3.3275873319879807e-16,0.24719101123595505,0.6061643835616438
Epidermis 1,nop58,-8.543326,-1.6990145,1.3041283708355458e-17,3.3062425332084853e-16,0.2893258426966292,0.636986301369863
Epidermis 1,efnb2,-8.549652,-1.2076867,1.2345998061301872e-17,3.13268983793329e-16,0.5196629213483146,0.7876712328767124
Epidermis 1,epha2,-8.550496,-1.3832223,1.2256101700615489e-17,3.1125813102579616e-16,0.43258426966292135,0.7671232876712328
Epidermis 1,snai1,-8.594779,-3.643181,8.342512285896024e-18,2.1242158242946575e-16,0.05337078651685393,0.4383561643835616
Epidermis 1,LOC100498497,-8.596888,-1.7454154,8.190696903049168e-18,2.0873780398694874e-16,0.2752808988764045,0.6335616438356164
Epidermis 1,snrnp200,-8.604901,-1.3460109,7.638263992122008e-18,1.949992093918938e-16,0.43258426966292135,0.7568493150684932
Epidermis 1,mllt3,-8.607431,-2.1960945,7.4715765675879e-18,1.9091053727898766e-16,0.18820224719101122,0.5616438356164384
Epidermis 1,nol8,-8.634634,-2.2436259,5.891527011341651e-18,1.5093358989353882e-16,0.1601123595505618,0.5445205479452054
Epidermis 1,mphosph10,-8.644335,-2.2876718,5.411986205034893e-18,1.3901385655481103e-16,0.1601123595505618,0.5376712328767124
Epidermis 1,slk,-8.674489,-1.8024421,4.154106510688184e-18,1.0707997126448529e-16,0.25842696629213485,0.6506849315068494
Epidermis 1,aatf,-8.68925,-2.3771698,3.648387275359285e-18,9.446059206911185e-17,0.15168539325842698,0.5308219178082192
Epidermis 1,map7d1,-8.697685,-1.5516411,3.3872224103072783e-18,8.785439066166109e-17,0.34269662921348315,0.708904109589041
Epidermis 1,tnpo1,-8.714133,-1.2412757,2.9299105016123296e-18,7.626377014481746e-17,0.5196629213483146,0.8287671232876712
Epidermis 1,notch3,-8.71582,-1.0216273,2.8866049049510574e-18,7.520351869574364e-17,0.6657303370786517,0.9178082191780822
Epidermis 1,nolc1,-8.72046,-1.4863467,2.7707463831511962e-18,7.224949823897647e-17,0.3707865168539326,0.6815068493150684
Epidermis 1,dzip1,-8.732058,-2.9044802,2.5008057273450446e-18,6.532712441110188e-17,0.09269662921348315,0.4828767123287671
Epidermis 1,cnot2,-8.732268,-1.4527231,2.496146234047073e-18,6.526373038231664e-17,0.3848314606741573,0.7328767123287672
Epidermis 1,arid2,-8.737751,-1.1098062,2.3779631808337896e-18,6.228516284852375e-17,0.5758426966292135,0.8493150684931506
Epidermis 1,sf1,-8.754199,-1.0994489,2.055573703477523e-18,5.40345997539132e-17,0.6067415730337079,0.8664383561643836
Epidermis 1,sumo2,-8.757362,-2.2919793,1.998720377569048e-18,5.2587394560504804e-17,0.1601123595505618,0.5445205479452054
Epidermis 1,esf1,-8.779504,-2.389567,1.6419682533650546e-18,4.3318027088550463e-17,0.15168539325842698,0.5342465753424658
Epidermis 1,XB5726464,-8.782456,-2.7332256,1.599425044522794e-18,4.2233779111513816e-17,0.11235955056179775,0.5
Epidermis 1,gpr4l,-8.792156,-2.2949843,1.4671603484936772e-18,3.877627861376011e-17,0.16292134831460675,0.5445205479452054
Epidermis 1,p3h2,-8.793,-5.8420506,1.4561831254978338e-18,3.852098546735491e-17,0.011235955056179775,0.410958904109589
Epidermis 1,cpsf6,-8.798904,-1.1379889,1.3815809493573835e-18,3.6613774007856465e-17,0.5561797752808989,0.8321917808219178
Epidermis 1,fnip2,-8.816196,-3.0342278,1.1841390801019978e-18,3.1495513603695626e-17,0.08146067415730338,0.4794520547945205
Epidermis 1,cdx2,-8.8178835,-2.0518944,1.1664384669772081e-18,3.1081278785971535e-17,0.21348314606741572,0.5993150684931506
Epidermis 1,rassf1,-8.82927,-2.283746,1.0536077229334632e-18,2.8126034108737954e-17,0.17134831460674158,0.5547945205479452
Epidermis 1,cyrib,-8.845718,-2.1809986,9.094126390605756e-19,2.43211718685999e-17,0.18820224719101122,0.5616438356164384
Epidermis 1,smo,-8.854364,-2.4134262,8.416209407112566e-19,2.2549424122759618e-17,0.13764044943820225,0.5376712328767124
Epidermis 1,abcb5,-8.863221,-1.6175271,7.773528982973115e-19,2.0865750753102582e-17,0.35674157303370785,0.7636986301369864
Epidermis 1,nfyc,-8.87018,-1.3145715,7.302789646582991e-19,1.9620206264638548e-17,0.4606741573033708,0.75
Epidermis 1,wtip,-8.892532,-1.6558373,5.973174195122062e-19,1.6062728141454737e-17,0.3258426966292135,0.6815068493150684
Epidermis 1,tenm3,-8.900545,-1.099108,5.557284289961763e-19,1.4971887288467493e-17,0.6292134831460674,0.8424657534246576
Epidermis 1,eif3a,-8.926694,-1.1343597,4.389299140847103e-19,1.1847054772493228e-17,0.5561797752808989,0.821917808219178
Epidermis 1,rps6,-8.931334,-1.8419074,4.20905714438537e-19,1.138158643732921e-17,0.25280898876404495,0.613013698630137
Epidermis 1,wnt2b,-8.938502,-3.9729807,3.9447852992683638e-19,1.0696662252589382e-17,0.042134831460674156,0.4452054794520548
Epidermis 1,sbno1,-8.943142,-1.3585949,3.782591987959589e-19,1.0266383138351603e-17,0.449438202247191,0.7773972602739726
Epidermis 1,zc3h15,-8.957271,-1.0496309,3.328144387193108e-19,9.049766379724812e-18,0.6544943820224719,0.9075342465753424
Epidermis 1,klb,-8.974984,-4.5043783,2.8339325910317847e-19,7.720287378233932e-18,0.03089887640449438,0.4349315068493151
Epidermis 1,git1,-9.0085125,-2.539801,2.0886967393384986e-19,5.706046204448939e-18,0.13202247191011235,0.5273972602739726
Epidermis 1,pde4a,-9.029179,-1.8501612,1.7296555166887686e-19,4.729612760367577e-18,0.2949438202247191,0.6917808219178082
Epidermis 1,limd2,-9.047524,-3.106213,1.4624628302933832e-19,4.006490252324825e-18,0.08146067415730338,0.4897260273972603
Epidermis 1,taf15,-9.053218,-1.3344584,1.3881587791248338e-19,3.810072232168828e-18,0.45224719101123595,0.7602739726027398
Epidermis 1,eif4a2,-9.057435,-1.3043176,1.3355359517316028e-19,3.669083778671662e-18,0.4747191011235955,0.773972602739726
Epidermis 1,pmm2,-9.076836,-2.0630054,1.117771005406253e-19,3.0766068040518063e-18,0.21629213483146068,0.6095890410958904
Epidermis 1,arhgap12,-9.091597,-2.3371794,9.759493458717348e-20,2.691318427280819e-18,0.16573033707865167,0.5616438356164384
Epidermis 1,myo1c,-9.100664,-2.3827817,8.978085929250856e-20,2.4805144593377292e-18,0.1601123595505618,0.5513698630136986
Epidermis 1,limk2,-9.117324,-1.4955714,7.700249738791157e-20,2.1335165887640218e-18,0.3960674157303371,0.7465753424657534
Epidermis 1,plekha1,-9.119432,-2.1920226,7.551894956145597e-20,2.094396977828197e-18,0.19101123595505617,0.5787671232876712
Epidermis 1,grk4,-9.148111,-2.9635446,5.793776337966095e-20,1.6175537357696937e-18,0.09550561797752809,0.5034246575342466
Epidermis 1,specc1l,-9.158443,-1.9280881,5.26510945744513e-20,1.4755936198521438e-18,0.2443820224719101,0.6198630136986302
Epidermis 1,slc25a25,-9.161185,-1.2146814,5.133045245359627e-20,1.4399620495883613e-18,0.5393258426966292,0.8321917808219178
Epidermis 1,cadm1,-9.161185,-1.2603432,5.133045245359627e-20,1.4399620495883613e-18,0.5393258426966292,0.8116438356164384
Epidermis 1,klhdc4,-9.165402,-3.4455776,4.9362369987582054e-20,1.388750180083745e-18,0.06741573033707865,0.476027397260274
Epidermis 1,hunk,-9.166457,-1.4315615,4.888212046228877e-20,1.3765638374115251e-18,0.4410112359550562,0.7568493150684932
Epidermis 1,kcnj15,-9.1687765,-2.5472512,4.784176917108349e-20,1.3498675237837271e-18,0.14325842696629212,0.547945205479452
Epidermis 1,marcks,-9.186912,-1.6763128,4.042814574641245e-20,1.1440030283769433e-18,0.33146067415730335,0.6917808219178082
Epidermis 1,mcc,-9.186912,-2.262559,4.042814574641245e-20,1.1440030283769433e-18,0.19382022471910113,0.5684931506849316
Epidermis 1,kidins220,-9.199564,-2.3791814,3.594047743354213e-20,1.0189874838602035e-18,0.15168539325842698,0.565068493150685
Epidermis 1,itsn1,-9.1999855,-1.637413,3.5799694880981446e-20,1.015981437928125e-18,0.33707865168539325,0.6986301369863014
Epidermis 1,ppp4r1l,-9.215169,-2.850382,3.107891447607422e-20,8.845839815483208e-19,0.10674157303370786,0.5136986301369864
Epidermis 1,gab3,-9.219386,-2.0993168,2.98805762823749e-20,8.513051903607219e-19,0.24157303370786518,0.6027397260273972
Epidermis 1,usp10,-9.243215,-1.719525,2.3919996725664156e-20,6.821516334515989e-19,0.31179775280898875,0.6952054794520548
Epidermis 1,pdzrn3,-9.2565,-3.325608,2.1124335560311663e-20,6.036025931216718e-19,0.08146067415730338,0.4863013698630137
Epidermis 1,LOC116411581,-9.26873,-1.2434053,1.883744280693987e-20,5.393117440643089e-19,0.5449438202247191,0.815068493150685
Epidermis 1,amotl1,-9.278431,-4.161076,1.719929110705475e-20,4.928945866179582e-19,0.03932584269662921,0.4554794520547945
Epidermis 1,prr11,-9.284335,-2.3073604,1.6271977704190507e-20,4.672359334687551e-19,0.1797752808988764,0.5684931506849316
Epidermis 1,set,-9.284757,-1.4741758,1.6207665574380914e-20,4.658468755208736e-19,0.4101123595505618,0.7636986301369864
Epidermis 1,tmem123,-9.297832,-3.163592,1.433396989042021e-20,4.1239790734928454e-19,0.07865168539325842,0.4965753424657534
Epidermis 1,rpl5,-9.299096,-1.8399171,1.4164436527668767e-20,4.0792181688698097e-19,0.2752808988764045,0.6506849315068494
Epidermis 1,LOC116410398,-9.305001,-1.5355159,1.339913240024965e-20,3.862623660667629e-19,0.39325842696629215,0.7363013698630136
Epidermis 1,paxbp1,-9.34591,-1.507947,9.110243338679273e-21,2.6392618734681247e-19,0.4101123595505618,0.7636986301369864
Epidermis 1,mfsd14bl,-9.367841,-1.4079031,7.403125008902409e-21,2.1468328088812135e-19,0.449438202247191,0.7534246575342466
Epidermis 1,ube2e1,-9.417818,-1.1345782,4.605587659226796e-21,1.3408957456858413e-19,0.6320224719101124,0.8732876712328768
Epidermis 1,pde10a,-9.424145,-3.0729117,4.3362680392824155e-21,1.2637432807204814e-19,0.09831460674157304,0.5102739726027398
Epidermis 1,hnrnph1,-9.429838,-1.3130844,4.1072333341326545e-21,1.1981889979045073e-19,0.48314606741573035,0.7945205479452054
Epidermis 1,ube2e2,-9.43511,-2.0783734,3.905853023877422e-21,1.1405793180915178e-19,0.2443820224719101,0.613013698630137
Epidermis 1,lmna,-9.445865,-2.8976765,3.524833172203107e-21,1.0313753599266168e-19,0.11235955056179775,0.5171232876712328
Epidermis 1,rrp12,-9.447129,-2.2146373,3.482498256052881e-21,1.020009083393605e-19,0.19101123595505617,0.6027397260273972
Epidermis 1,LOC100495147,-9.456408,-1.5552442,3.187036610072235e-21,9.344058891576881e-20,0.4101123595505618,0.773972602739726
Epidermis 1,cic,-9.465264,-1.6738908,2.928187354595283e-21,8.60239643840952e-20,0.3398876404494382,0.6986301369863014
Epidermis 1,wdr43,-9.480448,-1.990394,2.5319490548232514e-21,7.453313476489271e-20,0.23595505617977527,0.636986301369863
Epidermis 1,lpar1,-9.506174,-4.6101046,1.978039605734313e-21,5.846317059172872e-20,0.028089887640449437,0.4589041095890411
Epidermis 1,plod3,-9.530003,-3.4006793,1.5727906668893468e-21,4.6579781138644886e-20,0.0702247191011236,0.4965753424657534
Epidermis 1,copg2,-9.53169,-2.3746226,1.5474366910883918e-21,4.5875377197976454e-20,0.17134831460674158,0.5856164383561644
Epidermis 1,numb,-9.5673275,-1.3570191,1.097049132509473e-21,3.2688932917823045e-20,0.48314606741573035,0.8013698630136986
Epidermis 1,sri,-9.604441,-1.9190494,7.657224023086634e-22,2.298031985819768e-20,0.2696629213483146,0.6541095890410958
Epidermis 1,mcph1,-9.606972,-2.3354564,7.471415321698819e-22,2.244572880458152e-20,0.19382022471910113,0.589041095890411
Epidermis 1,pnkd,-9.651677,-2.0309494,4.835847641799552e-22,1.4557843709314387e-20,0.2696629213483146,0.6335616438356164
Epidermis 1,zmym2,-9.663064,-1.8117322,4.327245814019273e-22,1.3053634921527075e-20,0.300561797752809,0.684931506849315
Epidermis 1,src,-9.711565,-2.5558224,2.6917261981278874e-22,8.153559429790288e-21,0.1544943820224719,0.5684931506849316
Epidermis 1,myo1e.2,-9.720422,-1.5461116,2.4675802700375027e-22,7.482348430857493e-21,0.398876404494382,0.7328767123287672
Epidermis 1,pbx1,-9.723373,-2.076977,2.397050940590285e-22,7.276032818732567e-21,0.2303370786516854,0.6438356164383562
Epidermis 1,eif3e,-9.738557,-2.4772305,2.0646611873559448e-22,6.2866782466251694e-21,0.15168539325842698,0.5821917808219178
Epidermis 1,actb,-9.745727,-1.4398551,1.9239815150413449e-22,5.864432081978473e-21,0.4438202247191011,0.75
Epidermis 1,naca,-9.763018,-1.9102238,1.622536357680839e-22,4.955941512159728e-21,0.2752808988764045,0.6678082191780822
Epidermis 1,dmd,-9.776303,-2.1921678,1.4231428046700306e-22,4.3560091438020595e-21,0.22191011235955055,0.6267123287671232
Epidermis 1,lbr,-9.776936,-2.280808,1.4142782945790847e-22,4.333413923358619e-21,0.1853932584269663,0.6198630136986302
Epidermis 1,ripk4,-9.781575,-2.2233512,1.3509206681015878e-22,4.143626657846539e-21,0.20224719101123595,0.6267123287671232
Epidermis 1,apln,-9.788112,-4.7932734,1.2663861163879217e-22,3.892506053431687e-21,0.025280898876404494,0.4691780821917808
Epidermis 1,LOC105945811,-9.800132,-1.3267062,1.1243905202046597e-22,3.459690452221306e-21,0.5589887640449438,0.8424657534246576
Epidermis 1,imp3,-9.808355,-2.6724033,1.0364362932107839e-22,3.192420367423016e-21,0.13202247191011235,0.571917808219178
Epidermis 1,phf21a,-9.809621,-1.9059916,1.0235234337799394e-22,3.1559718874284186e-21,0.2893258426966292,0.6746575342465754
Epidermis 1,lrp5,-9.820586,-1.710587,9.18079933902393e-23,2.839830110888979e-21,0.3455056179775281,0.702054794520548
Epidermis 1,kpnb1,-9.830287,-1.7573469,8.338122010891029e-23,2.5819030137749543e-21,0.32865168539325845,0.7431506849315068
Epidermis 1,lrp1,-9.84568,-2.5834806,7.155351287801702e-23,2.220361714370823e-21,0.15168539325842698,0.571917808219178
Epidermis 1,usp7,-9.854326,-1.2903665,6.565566054494148e-23,2.043855818305841e-21,0.5589887640449438,0.8801369863013698
Epidermis 1,hnrnpul1,-9.86487,-2.1339517,5.911111790792665e-23,1.8460225294515e-21,0.22191011235955055,0.6472602739726028
Epidermis 1,znf423,-9.874781,-1.8218985,5.354991127110586e-23,1.6741363169686584e-21,0.33707865168539325,0.6986301369863014
Epidermis 1,bptf,-9.874991,-1.1777571,5.343739872150869e-23,1.6724074968184375e-21,0.6151685393258427,0.9006849315068494
Epidermis 1,ddx46,-9.8853245,-1.0067906,4.820177119245673e-23,1.5101671744123288e-21,0.699438202247191,0.9315068493150684
Epidermis 1,tfap4,-9.89376,-3.042926,4.430696109106525e-23,1.391124360529461e-21,0.10112359550561797,0.5342465753424658
Epidermis 1,frmd8,-9.897977,-1.1564547,4.2478089126190353e-23,1.3351365841372797e-21,0.6095505617977528,0.8561643835616438
Epidermis 1,arhgef11,-9.904936,-1.90337,3.962248495805468e-23,1.2467221289654428e-21,0.2893258426966292,0.6746575342465754
Epidermis 1,wnt3a,-9.90599,-2.7198544,3.920672892660771e-23,1.234969712557834e-21,0.1404494382022472,0.5753424657534246
Epidermis 1,tmsb15a,-9.923703,-5.5711265,3.283421581247689e-23,1.0364762013115678e-21,0.016853932584269662,0.4657534246575342
Epidermis 1,impdh1,-9.924125,-2.1337419,3.2695716690443115e-23,1.0332199941387487e-21,0.2303370786516854,0.6438356164383562
Epidermis 1,tbx3,-9.928343,-2.2358208,3.134215002782012e-23,9.925919690825678e-22,0.22191011235955055,0.6438356164383562
Epidermis 1,srf,-9.928343,-1.7801701,3.134215002782012e-23,9.925919690825678e-22,0.3202247191011236,0.6917808219178082
Epidermis 1,ugdhl,-9.931084,-4.587552,3.049224023524907e-23,9.6777271912765e-22,0.042134831460674156,0.4828767123287671
Epidermis 1,LOC116412216,-9.935934,-1.4270339,2.904408957261505e-23,9.228128068446853e-22,0.48314606741573035,0.8013698630136986
Epidermis 1,ranbp2,-9.94943,-1.0582428,2.5363176226287757e-23,8.076154730616748e-22,0.6601123595505618,0.8972602739726028
Epidermis 1,ptgs2,-9.950695,-3.3457975,2.504275172404088e-23,7.982820890353751e-22,0.06179775280898876,0.5273972602739726
Epidermis 1,zzz3,-9.968198,-1.7084627,2.1000487897773974e-23,6.70158582685405e-22,0.351123595505618,0.7294520547945206
Epidermis 1,u2surp,-9.968409,-1.0949773,2.0955955370360942e-23,6.694683403617712e-22,0.6573033707865169,0.9041095890410958
Epidermis 1,gas6,-9.974313,-1.9584006,1.974630968575481e-23,6.315146372257099e-22,0.2808988764044944,0.6575342465753424
Epidermis 1,gnaq,-9.980218,-2.7182758,1.8605846169154027e-23,5.96345931327348e-22,0.12921348314606743,0.5753424657534246
Epidermis 1,pls3,-9.98802,-1.0100315,1.7198291686293026e-23,5.518367335697381e-22,0.6825842696629213,0.8938356164383562
Epidermis 1,abracl,-9.988231,-1.9917744,1.7161750840582578e-23,5.512693833198565e-22,0.2696629213483146,0.6917808219178082
Epidermis 1,cd99,-10.014379,-1.9145502,1.3178692227544851e-23,4.247258572253182e-22,0.29775280898876405,0.6952054794520548
Epidermis 1,ppm1f,-10.02914,-4.142709,1.1350068340307227e-23,3.6619629984053043e-22,0.0449438202247191,0.4931506849315068
Epidermis 1,XB5748694,-10.043901,-1.6269344,9.773067474853056e-24,3.1636382653092986e-22,0.40730337078651685,0.7808219178082192
Epidermis 1,utp18,-10.054867,-1.6638293,8.743968473792258e-24,2.8336468121665355e-22,0.3707865168539326,0.7534246575342466
Epidermis 1,clmn,-10.068362,-2.2512593,7.62366754982888e-24,2.481597173151982e-22,0.21348314606741572,0.6335616438356164
Epidermis 1,eif4a1,-10.073423,-1.1331466,7.241266125386234e-24,2.362382255704967e-22,0.6123595505617978,0.863013698630137
Epidermis 1,pxdn,-10.091137,-2.319552,6.046508693560692e-24,1.9748100069438278e-22,0.21910112359550563,0.6095890410958904
Epidermis 1,sf3b3,-10.093879,-1.2087803,5.879944685671193e-24,1.9225577528730945e-22,0.6207865168539326,0.9143835616438356
Epidermis 1,nxn,-10.110959,-2.1493342,4.939832141363558e-24,1.6206086792839303e-22,0.23595505617977527,0.6541095890410958
Epidermis 1,sub1,-10.142801,-2.2395627,3.567220108322492e-24,1.1729292574395362e-22,0.21067415730337077,0.6404109589041096
Epidermis 1,LOC100490096,-10.151446,-4.864103,3.2648710129641385e-24,1.0759351136409777e-22,0.028089887640449437,0.4863013698630137
Epidermis 1,bambi,-10.164099,-2.0673633,2.867605770334911e-24,9.46083343935212e-23,0.26685393258426965,0.6986301369863014
Epidermis 1,pard6g,-10.16663,-2.9486618,2.7940994690534778e-24,9.228736901683866e-23,0.11235955056179775,0.5616438356164384
Epidermis 1,axin2l,-10.171691,-1.3109957,2.6526407116384864e-24,8.781352281076398e-23,0.6039325842696629,0.9178082191780822
Epidermis 1,brf1,-10.185608,-1.7649741,2.299175696149697e-24,7.637182360699068e-23,0.3539325842696629,0.8184931506849316
Epidermis 1,fkbp9,-10.188982,-3.7895331,2.220769792125196e-24,7.393544623418177e-23,0.05898876404494382,0.5136986301369864
Epidermis 1,map3k5,-10.192145,-1.7569269,2.1496723095077008e-24,7.165002426364835e-23,0.36235955056179775,0.7226027397260274
Epidermis 1,LOC116410428,-10.196996,-2.2454689,2.0450123657620006e-24,6.831743595838747e-23,0.21348314606741572,0.6404109589041096
Epidermis 1,tox,-10.267427,-2.2178059,9.880458382837636e-25,3.338909583684705e-23,0.24157303370786518,0.6541095890410958
Epidermis 1,p2rx1,-10.287882,-4.6823244,7.991497285128262e-25,2.7068303260901996e-23,0.03651685393258427,0.4965753424657534
Epidermis 1,srcap,-10.291045,-1.2501504,7.733253448078538e-25,2.6223982777353104e-23,0.6067415730337079,0.9041095890410958
Epidermis 1,acvr1,-10.291888,-1.0839596,7.665796274515809e-25,2.602542286880042e-23,0.6573033707865169,0.8835616438356164
Epidermis 1,dhcr7,-10.296949,-3.6070397,7.273124452192867e-25,2.4749790554371327e-23,0.0702247191011236,0.5273972602739726
Epidermis 1,cnn2,-10.317615,-1.63389,5.866222937176218e-25,2.0032191901471732e-23,0.398876404494382,0.7465753424657534
Epidermis 1,rapgef5,-10.327105,-1.3476015,5.31406014597065e-25,1.8189144277150828e-23,0.5814606741573034,0.8938356164383562
Epidermis 1,srsf1,-10.333641,-1.6321036,4.96396228099629e-25,1.70307020464557e-23,0.40168539325842695,0.7876712328767124
Epidermis 1,dnajc11,-10.335328,-2.3151987,4.8773878853384165e-25,1.675334022048499e-23,0.21348314606741572,0.6267123287671232
Epidermis 1,klf13,-10.337226,-1.8109002,4.7817790632495855e-25,1.6444256917393957e-23,0.3455056179775281,0.7568493150684932
Epidermis 1,XB5900382,-10.353042,-2.6544485,4.053974103876773e-25,1.3974259083776173e-23,0.16573033707865167,0.5958904109589042
Epidermis 1,LOC100486074,-10.355361,-2.0813336,3.95689626174867e-25,1.3655730180304056e-23,0.2612359550561798,0.6883561643835616
Epidermis 1,ttyh3,-10.384673,-1.0019795,2.9116615214522115e-25,1.0060375642265909e-23,0.7303370786516854,0.9383561643835616
Epidermis 1,emilin1,-10.39142,-6.2186155,2.7128176023252606e-25,9.384422643025999e-24,0.011235955056179775,0.4828767123287671
Epidermis 1,LOC101733825,-10.407868,-2.0542111,2.282746893906599e-25,7.906039627462537e-24,0.28370786516853935,0.678082191780822
Epidermis 1,fchsd2,-10.42495,-2.3637269,1.9076050760675198e-25,6.62247078129806e-24,0.21067415730337077,0.6404109589041096
Epidermis 1,c2h21orf91,-10.428956,-4.1067944,1.8288630696666868e-25,6.3566583102766854e-24,0.0449438202247191,0.5171232876712328
Epidermis 1,lnx1,-10.43697,-3.8383641,1.6809155679083745e-25,5.8493860673249635e-24,0.0702247191011236,0.5273972602739726
Epidermis 1,nup210,-10.439921,-3.1851501,1.6294525517731414e-25,5.677059301654434e-24,0.09269662921348315,0.5616438356164384
Epidermis 1,tll1,-10.454472,-1.8854079,1.397753474199196e-25,4.8756243203241886e-24,0.3455056179775281,0.75
Epidermis 1,dab2ip,-10.459954,-1.482444,1.319189202593777e-25,4.618110129463317e-24,0.5365168539325843,0.8801369863013698
Epidermis 1,fam107b,-10.463962,-3.9367414,1.264559965719474e-25,4.432176541720137e-24,0.06179775280898876,0.5205479452054794
Epidermis 1,cadm4,-10.482729,-2.0738301,1.0370732555848802e-25,3.652372088433932e-24,0.31179775280898875,0.6952054794520548
Epidermis 1,flot2,-10.4831505,-2.1244783,1.0324575084521722e-25,3.6405024643625384e-24,0.25,0.6815068493150684
Epidermis 1,uspl1,-10.4995985,-1.9409081,8.674806454224848e-26,3.0624790756454897e-24,0.2949438202247191,0.7226027397260274
Epidermis 1,cdh26,-10.502551,-2.47922,8.407676807516153e-26,2.9753607840254803e-24,0.18258426966292135,0.6335616438356164
Epidermis 1,rrp1b,-10.505292,-2.9689817,8.166935662610755e-26,2.893669046712424e-24,0.11797752808988764,0.5753424657534246
Epidermis 1,ipo11,-10.531862,-2.9417129,6.160342239590732e-26,2.1906686618671127e-24,0.12078651685393259,0.5821917808219178
Epidermis 1,bace2,-10.543672,-1.2003703,5.433543379301199e-26,1.9392906779041924e-24,0.6235955056179775,0.8938356164383562
Epidermis 1,dennd2c,-10.549154,-3.79544,5.1256515736151775e-26,1.8316371778526315e-24,0.06741573033707865,0.5342465753424658
Epidermis 1,fkbp10,-10.571085,-3.447759,4.0577324983730356e-26,1.455356793373524e-24,0.08707865168539326,0.547945205479452
Epidermis 1,erbin,-10.588376,-1.476475,3.373926486608444e-26,1.2160696070289943e-24,0.5,0.8561643835616438
Epidermis 1,cbx5,-10.595546,-3.1409166,3.1251138357455066e-26,1.1277802781811964e-24,0.10674157303370786,0.571917808219178
Epidermis 1,scaf4,-10.606934,-1.0057725,2.766814959663173e-26,9.9971283171711e-25,0.7191011235955056,0.9315068493150684
Epidermis 1,h2ac14,-10.611783,-1.0428678,2.6268650167665554e-26,9.503204369443463e-25,0.6938202247191011,0.9143835616438356
Epidermis 1,cd99l2,-10.61832,-3.2821043,2.4492806443699676e-26,8.882744728979965e-25,0.09550561797752809,0.5616438356164384
Epidermis 1,rsf1,-10.67863,-1.5160714,1.2814842650544654e-26,4.670706552594399e-25,0.47752808988764045,0.8458904109589042
Epidermis 1,npr2,-10.684535,-5.7167892,1.2025046326035784e-26,4.388316219180425e-25,0.016853932584269662,0.5
Epidermis 1,epb41l1,-10.701615,-2.5077407,1.0001903029117839e-26,3.6591442733935365e-25,0.19382022471910113,0.6335616438356164
Epidermis 1,pak2,-10.705622,-1.3953639,9.578511996950368e-27,3.5130424615163885e-25,0.5337078651685393,0.8664383561643836
Epidermis 1,pde3b,-10.713635,-2.4545047,8.784319469494121e-27,3.229867200160788e-25,0.19382022471910113,0.6438356164383562
Epidermis 1,wnt6,-10.726288,-4.8193936,7.661244114456168e-27,2.8275988220917707e-25,0.033707865168539325,0.5136986301369864
Epidermis 1,smad1,-10.7473755,-1.4945376,6.0972131743032515e-27,2.2589054283657585e-25,0.4943820224719101,0.8356164383561644
Epidermis 1,sema5b,-10.771415,-4.3023224,4.697278617385408e-27,1.744677906795335e-25,0.0449438202247191,0.5273972602739726
Epidermis 1,notch2,-10.785543,-1.3669122,4.0285649372892135e-27,1.4982058738155343e-25,0.5814606741573034,0.8664383561643836
Epidermis 1,ppp2r2a,-10.785754,-1.8835584,4.019335466599258e-27,1.4966776436199097e-25,0.33707865168539325,0.7431506849315068
Epidermis 1,pde3a,-10.790393,-4.7946563,3.821509281656224e-27,1.4266479924916103e-25,0.03089887640449438,0.5205479452054794
Epidermis 1,lin28b,-10.802413,-1.4403226,3.352747015531373e-27,1.2548546480281377e-25,0.5365168539325843,0.8664383561643836
Epidermis 1,polr3a,-10.808317,-2.195092,3.1438330034163925e-27,1.178171570805956e-25,0.2443820224719101,0.6952054794520548
Epidermis 1,pawr,-10.814433,-1.6565429,2.941063609252339e-27,1.1064379711976204e-25,0.43258426966292135,0.8013698630136986
Epidermis 1,ccdc86,-10.828773,-2.1412885,2.5150501059956345e-27,9.47389557324206e-26,0.26685393258426965,0.7054794520547946
Epidermis 1,LOC101733854,-10.830037,-1.555387,2.4805393161523628e-27,9.355954161348351e-26,0.4943820224719101,0.8664383561643836
Epidermis 1,znf521,-10.831513,-2.3432481,2.4408698828533517e-27,9.218225781096424e-26,0.2443820224719101,0.6746575342465754
Epidermis 1,artn,-10.841214,-2.6953979,2.1953891444271015e-27,8.301865469695809e-26,0.18820224719101122,0.6198630136986302
Epidermis 1,kdm4b,-10.864409,-1.0986183,1.7032090861610504e-27,6.474187880048591e-26,0.7050561797752809,0.8938356164383562
Epidermis 1,kctd12l,-10.868628,-2.3453102,1.6262929568101373e-27,6.189865809963167e-26,0.22191011235955055,0.6678082191780822
Epidermis 1,vangl2,-10.873477,-1.1241076,1.5420900912561098e-27,5.877032002282575e-26,0.6657303370786517,0.910958904109589
Epidermis 1,capn8.5,-10.917761,-3.8417213,9.480432518305496e-28,3.6177875057779103e-26,0.05898876404494382,0.5547945205479452
Epidermis 1,acss3,-10.9223995,-4.405273,9.0083447746151e-28,3.442129753029726e-26,0.0449438202247191,0.5342465753424658
Epidermis 1,ust,-10.923665,-2.332111,8.883690910314549e-28,3.3989420026100074e-26,0.25280898876404495,0.6643835616438356
Epidermis 1,bmper,-10.9552965,-2.1647797,6.267297303012147e-28,2.4105179929519483e-26,0.31179775280898875,0.7465753424657534
Epidermis 1,ssuh2,-11.017293,-1.4933038,3.15401730831343e-28,1.2211268866133756e-26,0.5280898876404494,0.8972602739726028
Epidermis 1,cblb,-11.01898,-2.1031656,3.095467154034163e-28,1.2000477503922097e-26,0.2752808988764045,0.7123287671232876
Epidermis 1,LOC100486597,-11.030367,-2.2451005,2.72749201724175e-28,1.0602037121807659e-26,0.24719101123595505,0.6986301369863014
Epidermis 1,LOC100488276,-11.065372,-3.4692225,1.846945853131992e-28,7.237007269825906e-27,0.0898876404494382,0.571917808219178
Epidermis 1,phf21b,-11.070011,-1.9350144,1.753783390365364e-28,6.890435790829295e-27,0.32865168539325845,0.726027397260274
Epidermis 1,gnl3,-11.078025,-2.393804,1.6037183848171471e-28,6.309325990119788e-27,0.21348314606741572,0.6643835616438356
Epidermis 1,arhgap22,-11.079712,-4.226656,1.5737874890220001e-28,6.199916723935591e-27,0.0449438202247191,0.547945205479452
Epidermis 1,zmym4,-11.080133,-1.4574536,1.5663917679004902e-28,6.179109010458736e-27,0.5168539325842697,0.863013698630137
Epidermis 1,carmil1,-11.095105,-1.8855956,1.325038535532884e-28,5.241163928573982e-27,0.35674157303370785,0.7705479452054794
Epidermis 1,wdr75,-11.099745,-3.1792145,1.2580295939075666e-28,4.9828540731046176e-27,0.10393258426966293,0.5993150684931506
Epidermis 1,sh3pxd2b,-11.159,-3.0720189,6.47154224651692e-29,2.5737367538494703e-27,0.12359550561797752,0.6095890410958904
Epidermis 1,cenpf,-11.163218,-1.7186241,6.171678167972801e-29,2.457824584850313e-27,0.41853932584269665,0.7808219178082192
Epidermis 1,dkc1,-11.180509,-1.7073641,5.07977639944881e-29,2.034067725099838e-27,0.42134831460674155,0.815068493150685
Epidermis 1,samd11,-11.205813,-2.987004,3.8182812869140846e-29,1.5331343447498024e-27,0.16292134831460675,0.6164383561643836
Epidermis 1,mga,-11.250097,-1.7900451,2.3133676432247526e-29,9.365934844751074e-28,0.40168539325842695,0.815068493150685
Epidermis 1,lrrc8e,-11.269919,-3.2161276,1.8473896032270316e-29,7.500145207212412e-28,0.11235955056179775,0.5993150684931506
Epidermis 1,glis2,-11.270762,-4.4240947,1.8297758046596706e-29,7.438967530738085e-28,0.0449438202247191,0.547945205479452
Epidermis 1,fblim1,-11.286157,-2.73033,1.5360763255932082e-29,6.262349661564166e-28,0.1601123595505618,0.6472602739726028
Epidermis 1,cfh,-11.295224,-1.6345371,1.3855003997391135e-29,5.656363433627657e-28,0.5758426966292135,0.9041095890410958
Epidermis 1,tnfrsf19,-11.331494,-1.7334223,9.16278899730498e-30,3.7830153274042634e-28,0.4606741573033708,0.8664383561643836
Epidermis 1,il11ra,-11.332338,-3.915933,9.074959247015816e-30,3.7520528111671757e-28,0.06460674157303371,0.5684931506849316
Epidermis 1,sh2b3,-11.333181,-3.1632073,8.987965040063428e-30,3.721348528131644e-28,0.11797752808988764,0.6061643835616438
Epidermis 1,rps8,-11.338875,-2.2652044,8.422015131042526e-30,3.496930742833865e-28,0.2443820224719101,0.708904109589041
Epidermis 1,fer,-11.387587,-2.1729147,4.821587860184076e-30,2.0076899535760788e-28,0.27808988764044945,0.7397260273972602
Epidermis 1,ablim1,-11.389484,-2.8878536,4.7177183338500744e-30,1.9672414353319762e-28,0.14325842696629212,0.6404109589041096
Epidermis 1,bicd2,-11.396022,-2.33309,4.376654893999505e-30,1.8276285600928504e-28,0.23314606741573032,0.6917808219178082
Epidermis 1,usp24,-11.403192,-1.991237,4.030673063598978e-30,1.687974273955039e-28,0.33146067415730335,0.7465753424657534
Epidermis 1,prkce,-11.421748,-2.064744,3.256170454892113e-30,1.3675448069964276e-28,0.31179775280898875,0.7328767123287672
Epidermis 1,fignl2,-11.457386,-2.027477,2.1593420567221318e-30,9.095061622484818e-29,0.3455056179775281,0.7636986301369864
Epidermis 1,trim71,-11.467507,-1.0281773,1.9211259709725694e-30,8.103381422438554e-29,0.7668539325842697,0.9691780821917808
Epidermis 1,plekha7,-11.486697,-2.6837244,1.538832944015118e-30,6.528537850000858e-29,0.17415730337078653,0.6575342465753424
Epidermis 1,atxn7,-11.497241,-1.792994,1.3619979052532433e-30,5.786709414019993e-29,0.40168539325842695,0.821917808219178
Epidermis 1,pprc1,-11.511159,-2.7578459,1.1591061265775556e-30,4.9318531566213284e-29,0.16573033707865167,0.6438356164383562
Epidermis 1,gja7,-11.53309,-2.6588862,8.98600787627332e-31,3.829008691419029e-29,0.17415730337078653,0.678082191780822
Epidermis 1,csde1,-11.535198,-1.2695284,8.768502753511909e-31,3.7417825399694396e-29,0.6376404494382022,0.9315068493150684
Epidermis 1,myo9a,-11.5444765,-2.2312093,7.871920786708952e-31,3.3690207396235636e-29,0.2808988764044944,0.708904109589041
Epidermis 1,lims1,-11.558394,-2.5478318,6.694898928550828e-31,2.8736944284944087e-29,0.20224719101123595,0.6746575342465754
Epidermis 1,arhgap17,-11.560292,-1.3048216,6.548565669835225e-31,2.815016516102257e-29,0.6376404494382022,0.9143835616438356
Epidermis 1,kdm1a,-11.571468,-2.3942258,5.74902349568393e-31,2.4749588483407503e-29,0.2303370786516854,0.6986301369863014
Epidermis 1,vcl,-11.582434,-1.2946123,5.058906540238557e-31,2.181075178137364e-29,0.6348314606741573,0.8732876712328768
Epidermis 1,dhx32,-11.59593,-2.4442549,4.3214722139271895e-31,1.8658929731950617e-29,0.2247191011235955,0.6917808219178082
Epidermis 1,adam13,-11.6077385,-2.275105,3.7643975661657276e-31,1.6301793371346725e-29,0.2696629213483146,0.7328767123287672
Epidermis 1,acsf2,-11.61533,-4.6492295,3.4445563199531405e-31,1.4938846556164726e-29,0.03932584269662921,0.5616438356164384
Epidermis 1,XB5729271,-11.623133,-3.2066422,3.143938401288929e-31,1.3655343745628037e-29,0.1151685393258427,0.6267123287671232
Epidermis 1,cbfa2t2,-11.628193,-2.9361637,2.9630232942626424e-31,1.288871040395704e-29,0.14325842696629212,0.6541095890410958
Epidermis 1,LOC100488564,-11.633887,-5.0302954,2.771823233426673e-31,1.2074987322845764e-29,0.03089887640449438,0.5547945205479452
Epidermis 1,efna3,-11.644853,-2.9869015,2.437434567066002e-31,1.0650022396099598e-29,0.14325842696629212,0.6438356164383562
Epidermis 1,srsf6,-11.664675,-1.0141939,1.9314047040503159e-31,8.489758030690946e-30,0.7780898876404494,0.9794520547945206
Epidermis 1,myadm,-11.702632,-6.6981463,1.2356112762195195e-31,5.4559143829566125e-30,0.008426966292134831,0.541095890410959
Epidermis 1,mdn1,-11.707271,-2.129803,1.1698473347691167e-31,5.1733445450281466e-30,0.30337078651685395,0.75
Epidermis 1,ttc3,-11.711066,-1.5709044,1.1186346845919206e-31,4.9543652220161256e-30,0.5028089887640449,0.8561643835616438
Epidermis 1,afg2a,-11.72161,-2.499296,9.877639119679157e-32,4.394722513049338e-30,0.21910112359550563,0.702054794520548
Epidermis 1,map4k4,-11.734473,-1.281275,8.485264349554396e-32,3.7809872286863496e-30,0.6320224719101124,0.9075342465753424
Epidermis 1,LOC100488559,-11.754718,-2.2219682,6.67838168167419e-32,2.980393510488828e-30,0.2949438202247191,0.75
Epidermis 1,capn8,-11.761465,-1.6798651,6.165485010638387e-32,2.7557078340362493e-30,0.5646067415730337,0.9554794520547946
Epidermis 1,pacs2,-11.763996,-1.9905392,5.983402065308418e-32,2.682528002623165e-30,0.3398876404494382,0.75
Epidermis 1,mtf2,-11.774751,-2.0030327,5.267279636534795e-32,2.365097558456968e-30,0.3342696629213483,0.7945205479452054
Epidermis 1,vasp,-11.789933,-1.522445,4.398895058652303e-32,1.9812650456003924e-30,0.5252808988764045,0.8698630136986302
Epidermis 1,kirrel1,-11.79162,-4.255757,4.3116532081877794e-32,1.944968131613225e-30,0.06179775280898876,0.5787671232876712
Epidermis 1,pacsin2,-11.854461,-2.04069,2.0403402969788536e-32,9.289904551555898e-31,0.3146067415730337,0.7705479452054794
Epidermis 1,als2cl,-11.872596,-2.8186874,1.6428992369684722e-32,7.49197934412253e-31,0.16853932584269662,0.6712328767123288
Epidermis 1,grip1,-11.873017,-3.3149848,1.634636008216814e-32,7.465944555654014e-31,0.12078651685393259,0.6301369863013698
Epidermis 1,arhgap21,-11.877657,-2.0127144,1.5464200316232442e-32,7.07408512431597e-31,0.3398876404494382,0.7876712328767124
Epidermis 1,abcc3,-11.887146,-4.890974,1.3804357531895714e-32,6.334618132101155e-31,0.042134831460674156,0.565068493150685
Epidermis 1,cap1,-11.917723,-1.6536628,9.568858180635838e-33,4.404839267372696e-31,0.47752808988764045,0.8458904109589042
Epidermis 1,nedd9,-11.94113,-5.9228163,7.223553006172838e-33,3.3357295090590555e-31,0.019662921348314606,0.5582191780821918
Epidermis 1,creb3l2,-12.005657,-1.5325948,3.318191945953435e-33,1.5444915409580393e-31,0.5196629213483146,0.8458904109589042
Epidermis 1,znf385a,-12.021261,-5.631577,2.7474491261429388e-33,1.289096073937147e-31,0.025280898876404494,0.565068493150685
Epidermis 1,noc2l,-12.021472,-2.9225729,2.7404457704540655e-33,1.2878773362723922e-31,0.15168539325842698,0.6712328767123288
Epidermis 1,ccser2,-12.024846,-1.8944032,2.6307734548114525e-33,1.238327517835645e-31,0.3904494382022472,0.815068493150685
Epidermis 1,ddx10,-12.041717,-2.4882307,2.1444749545450225e-33,1.0110507644565412e-31,0.22191011235955055,0.7328767123287672
Epidermis 1,syncrip,-12.059429,-1.7790599,1.7297695284617185e-33,8.168480304760015e-32,0.42696629213483145,0.839041095890411
Epidermis 1,XB994119,-12.082204,-2.6619778,1.3115658666425009e-33,6.203621658224424e-32,0.19101123595505617,0.7123287671232876
Epidermis 1,hyal4,-12.127963,-7.2543683,7.509385056362279e-34,3.569216822480094e-32,0.008426966292134831,0.5582191780821918
Epidermis 1,coro1c,-12.150527,-1.3954558,5.699713669967276e-34,2.7179172966853743e-32,0.5870786516853933,0.8972602739726028
Epidermis 1,plxna1,-12.164022,-1.4065557,4.831935022089112e-34,2.3078805985406348e-32,0.601123595505618,0.9041095890410958
Epidermis 1,heatr3,-12.174145,-1.8405731,4.26845342384893e-34,2.048787553900297e-32,0.4101123595505618,0.8287671232876712
Epidermis 1,sash1,-12.185742,-2.3462243,3.7026482682331464e-34,1.7801334133013667e-32,0.2893258426966292,0.7773972602739726
Epidermis 1,zcchc7,-12.193335,-2.995966,3.373320099677025e-34,1.624473143882358e-32,0.14325842696629212,0.6815068493150684
Epidermis 1,slc6a9,-12.207885,-1.32149,2.821301384260983e-34,1.3631315828650046e-32,0.6657303370786517,0.9178082191780822
Epidermis 1,necab2,-12.214632,-2.6237216,2.596727192494699e-34,1.2567041815200754e-32,0.25280898876404495,0.7123287671232876
Epidermis 1,map3k4,-12.216741,-1.4942813,2.5302594769709864e-34,1.2265674091432653e-32,0.5589887640449438,0.863013698630137
Epidermis 1,tmc6,-12.2528,-2.4100006,1.6229325724344807e-34,7.91985676541441e-33,0.2556179775280899,0.7431506849315068
Epidermis 1,niban2,-12.283377,-2.2666109,1.112553054116034e-34,5.474922276913433e-33,0.2949438202247191,0.7671232876712328
Epidermis 1,anxa1,-12.312056,-2.7596052,7.801037695642585e-35,3.8518941365089254e-33,0.20786516853932585,0.6917808219178082
Epidermis 1,lpp,-12.3129,-2.518829,7.719917161017615e-35,3.818289315291132e-33,0.2247191011235955,0.726027397260274
Epidermis 1,cotl1,-12.315219,-4.665876,7.501131553242029e-35,3.716365702251148e-33,0.047752808988764044,0.5924657534246576
Epidermis 1,efhd1,-12.362665,-1.746903,4.161258955672891e-35,2.075729701933008e-33,0.46629213483146065,0.8561643835616438
Epidermis 1,mmp14,-12.396827,-3.2583694,2.718777807679013e-35,1.3655084896265503e-33,0.12640449438202248,0.6643835616438356
Epidermis 1,sestd1,-12.436049,-2.9132028,1.6653911522182864e-35,8.39328427077461e-34,0.17134831460674158,0.6917808219178082
Epidermis 1,prss27,-12.511964,-2.6618507,6.421668423463895e-36,3.2874218859242227e-34,0.20786516853932585,0.7191780821917808
Epidermis 1,rara,-12.623305,-1.374655,1.570874119134539e-36,8.24384584854968e-35,0.6348314606741573,0.9417808219178082
Epidermis 1,lef1,-12.65114,-1.880375,1.1026270464916032e-36,5.796922876977707e-35,0.449438202247191,0.863013698630137
Epidermis 1,cdc42bpb,-12.667588,-1.956151,8.942133960098196e-37,4.7096850051825284e-35,0.39325842696629215,0.8493150684931506
Epidermis 1,sdc2,-12.697743,-2.2285373,6.08593745170828e-37,3.2111559142758975e-35,0.31741573033707865,0.8184931506849316
Epidermis 1,kmt2a,-12.702171,-1.1419506,5.751130967099679e-37,3.039987509932924e-35,0.7275280898876404,0.9383561643835616
Epidermis 1,slc44a2,-12.711661,-2.4142153,5.094079201219733e-37,2.7073641660155274e-35,0.26685393258426965,0.7568493150684932
Epidermis 1,kcnq1,-12.735911,-3.400007,3.7345913203510843e-37,1.9920773519193896e-35,0.12359550561797752,0.6712328767123288
Epidermis 1,hyal2,-12.77429,-3.158888,2.282195293849567e-37,1.226302401369792e-35,0.1404494382022472,0.6917808219178082
Epidermis 1,ydjc,-12.783991,-1.0528598,2.0146144876028484e-37,1.0845155817148962e-35,0.800561797752809,0.9794520547945206
Epidermis 1,znrf3,-12.79601,-1.1869103,1.72593023176193e-37,9.325446692168757e-36,0.7724719101123596,0.9897260273972602
Epidermis 1,fubp1,-12.826165,-1.4423274,1.1701396863325392e-37,6.357686463045809e-36,0.598314606741573,0.9246575342465754
Epidermis 1,LOC100498593,-12.848517,-2.1392746,8.767395475083289e-38,4.7992460137108544e-36,0.34831460674157305,0.8287671232876712
Epidermis 1,rab34,-12.848729,-4.279985,8.743531141215047e-38,4.7951624538247104e-36,0.05898876404494382,0.6335616438356164
Epidermis 1,plpp3,-12.852525,-3.0372045,8.324848421139476e-38,4.574128650344511e-36,0.17134831460674158,0.708904109589041
Epidermis 1,pfn1,-12.855899,-3.3662598,7.969451320115442e-38,4.3871004056175985e-36,0.1151685393258427,0.6746575342465754
Epidermis 1,evi5,-12.863701,-2.5978303,7.204312614589326e-38,3.973382302586049e-36,0.23314606741573032,0.7534246575342466
Epidermis 1,pitpnc1l,-12.870449,-1.6130384,6.601752640499168e-38,3.6479363220119313e-36,0.5730337078651685,0.8904109589041096
Epidermis 1,adgre2,-12.876986,-7.3220425,6.065863222258042e-38,3.358167572913349e-36,0.008426966292134831,0.5924657534246576
Epidermis 1,agap1,-12.913256,-1.0058568,3.7893254209334736e-38,2.1018172937249785e-36,0.800561797752809,0.9623287671232876
Epidermis 1,prmt7,-12.932867,-1.7776791,2.936595780794951e-38,1.6350405955888992e-36,0.48314606741573035,0.886986301369863
Epidermis 1,ror2,-12.936241,-2.5389996,2.810471693928347e-38,1.5678033985728913e-36,0.27247191011235955,0.7671232876712328
Epidermis 1,neo1,-12.975464,-1.3254424,1.6857315275269613e-38,9.421724336738164e-37,0.6629213483146067,0.9417808219178082
Epidermis 1,rad9a,-12.986851,-2.3108897,1.4528308143703197e-38,8.135574240394409e-37,0.3146067415730337,0.7876712328767124
Epidermis 1,capn2,-12.992123,-3.9993036,1.3561290027334658e-38,7.60863855641112e-37,0.0702247191011236,0.6541095890410958
Epidermis 1,shb,-13.013632,-1.1710312,1.023593119924677e-38,5.798575676069425e-37,0.7443820224719101,0.9554794520547946
Epidermis 1,fgfr1,-13.054963,-1.9075829,5.953900038296349e-39,3.3793874178532155e-37,0.4297752808988764,0.8595890410958904
Epidermis 1,spint1,-13.055174,-1.2548982,5.937436876988662e-39,3.3765995593629494e-37,0.6741573033707865,0.9246575342465754
Epidermis 1,zmynd8,-13.072887,-1.1461207,4.704545246348827e-39,2.685909415937941e-37,0.7219101123595506,0.9452054794520548
Epidermis 1,arhgap23,-13.074364,-1.8939948,4.614111524759313e-39,2.639434324466526e-37,0.4353932584269663,0.8527397260273972
Epidermis 1,gse1,-13.087648,-1.895863,3.874179007251497e-39,2.22487478508779e-37,0.4438202247191011,0.8458904109589042
Epidermis 1,abcb9,-13.106416,-2.3315237,3.0256181184501816e-39,1.7478625142374952e-37,0.3455056179775281,0.839041095890411
Epidermis 1,g3bp1,-13.107892,-2.176775,2.967311753218522e-39,1.7175740566006062e-37,0.34269662921348315,0.8047945205479452
Epidermis 1,sema4a,-13.1308775,-2.228919,2.1910315679333026e-39,1.2707548365527455e-37,0.3342696629213483,0.791095890410959
Epidermis 1,spag9,-13.132775,-2.7797809,2.1367953260929958e-39,1.241762707296707e-37,0.2050561797752809,0.7465753424657534
Epidermis 1,LOC116411472,-13.138258,-1.3444221,1.9874974555657096e-39,1.1573015562478336e-37,0.6825842696629213,0.9452054794520548
Epidermis 1,rapgef1,-13.144584,-3.3492827,1.8280777756228382e-39,1.0665976339167903e-37,0.12359550561797752,0.684931506849315
Epidermis 1,irs1,-13.147958,-2.428474,1.7483212993069282e-39,1.0221035980008163e-37,0.28651685393258425,0.7842465753424658
Epidermis 1,syn2,-13.153863,-2.6123881,1.6169847839369943e-39,9.472160765383223e-38,0.24719101123595505,0.7602739726027398
Epidermis 1,trpv4l.4,-13.16272,-4.3867774,1.4381518029655935e-39,8.441489026603869e-38,0.06179775280898876,0.6404109589041096
Epidermis 1,rbm25,-13.192242,-1.1091641,9.724995063844435e-40,5.731276828855579e-38,0.7893258426966292,0.9931506849315068
Epidermis 1,ptprg,-13.193718,-1.4318646,9.53638424967079e-40,5.631475717214683e-38,0.6376404494382022,0.934931506849315
Epidermis 1,fndc3a,-13.20616,-1.0453537,8.08455072324559e-40,4.783795590914813e-38,0.7808988764044944,0.9726027397260274
Epidermis 1,plcb3,-13.217546,-1.5122411,6.949412255740152e-40,4.1288266188524465e-38,0.5955056179775281,0.9178082191780822
Epidermis 1,mad1l1,-13.237369,-1.7502995,5.338683997893877e-40,3.191310264671491e-38,0.5056179775280899,0.8664383561643836
Epidermis 1,LOC100485259,-13.240743,-7.2665987,5.1041754419572186e-40,3.057380170980563e-38,0.008426966292134831,0.6095890410958904
Epidermis 1,cnot6l,-13.2512865,-1.7415857,4.435365988808413e-40,2.662221421331801e-38,0.49157303370786515,0.8972602739726028
Epidermis 1,gata3,-13.335635,-2.2760234,1.4362560323968276e-40,8.6563299140189e-39,0.36235955056179775,0.8767123287671232
Epidermis 1,hdac4,-13.376966,-3.4715612,8.244384106984295e-41,5.0102202043920566e-39,0.11235955056179775,0.7054794520547946
Epidermis 1,large2,-13.395102,-5.4987745,6.458744352129313e-41,3.933240753272749e-39,0.028089887640449437,0.6301369863013698
Epidermis 1,sox5,-13.472703,-2.4164343,2.2642209927737959e-41,1.3904505008355215e-39,0.29213483146067415,0.821917808219178
Epidermis 1,frmd6,-13.512347,-2.4574244,1.3223672890231803e-41,8.137709100091913e-40,0.28651685393258425,0.797945205479452
Epidermis 1,pcsk5,-13.519938,-2.7857084,1.1927491180524922e-41,7.355537862825401e-40,0.2247191011235955,0.7705479452054794
Epidermis 1,creb3l1,-13.536809,-3.8062093,9.481952227632418e-42,5.859766291034317e-40,0.09831460674157304,0.6917808219178082
Epidermis 1,mamdc2,-13.54187,-5.628534,8.85071561664648e-42,5.48125568199562e-40,0.028089887640449437,0.6335616438356164
Epidermis 1,acvr2b,-13.546087,-1.1744936,8.356744430944327e-42,5.186326888767168e-40,0.7528089887640449,0.9623287671232876
Epidermis 1,rbms2,-13.611036,-1.2345203,3.443271514714965e-42,2.1645219278845835e-40,0.7359550561797753,0.9691780821917808
Epidermis 1,inka1,-13.617362,-5.450068,3.157675207659423e-42,1.9892673274804437e-40,0.025280898876404494,0.6438356164383562
Epidermis 1,sox13,-13.6974945,-1.5352682,1.0508867726809735e-42,6.677928533095116e-41,0.6573033707865169,0.9691780821917808
Epidermis 1,nop56,-13.700869,-2.3903778,1.0031749572872283e-42,6.388629014479951e-41,0.300561797752809,0.821917808219178
Epidermis 1,atp1b4,-13.711201,-7.022183,8.700558934004878e-43,5.565121185993362e-41,0.008426966292134831,0.6335616438356164
Epidermis 1,smad7,-13.724486,-1.5818139,7.24409709657552e-43,4.643688645394715e-41,0.6404494382022472,0.9657534246575342
Epidermis 1,tjp2,-13.794918,-1.0506026,2.734644379084248e-43,1.772425495454804e-41,0.8146067415730337,0.9828767123287672
Epidermis 1,cmip,-13.824862,-1.605838,1.804586637673666e-43,1.1774525001303335e-41,0.6235955056179775,0.934931506849315
Epidermis 1,enpp2,-13.829501,-5.124318,1.691900055258216e-43,1.1063966558222128e-41,0.03932584269662921,0.6575342465753424
Epidermis 1,mast3,-13.846371,-2.2046423,1.3380338523971423e-43,8.789228660544014e-42,0.4044943820224719,0.9075342465753424
Epidermis 1,dlg5,-13.93325,-1.9516444,3.978281418963327e-44,2.6429350944935685e-42,0.4550561797752809,0.8561643835616438
Epidermis 1,lzts2,-13.936203,-2.866027,3.8171409431330205e-44,2.5416593828865906e-42,0.21910112359550563,0.8184931506849316
Epidermis 1,lsp1,-13.954338,-4.2434735,2.9603728156797683e-44,1.9801981184241487e-42,0.07584269662921349,0.684931506849315
Epidermis 1,tmsb4x,-13.97163,-6.0256977,2.322505560924737e-44,1.5606703460089883e-42,0.025280898876404494,0.6506849315068494
Epidermis 1,nbeal2,-13.972684,-1.5765872,2.288370735362503e-44,1.5412756904465743e-42,0.6095505617977528,0.928082191780822
Epidermis 1,mst1rl,-13.977113,-1.6222471,2.1503717917361126e-44,1.451674777003194e-42,0.6095505617977528,0.958904109589041
Epidermis 1,khdrbs1,-14.047966,-1.9226644,7.927855755000471e-45,5.4526859193980885e-43,0.4606741573033708,0.886986301369863
Epidermis 1,grb10,-14.057455,-2.5909405,6.933491875002716e-45,4.780021249957651e-43,0.27247191011235955,0.8184931506849316
Epidermis 1,srrm1,-14.057666,-1.3006465,6.912866226631135e-45,4.777068384649048e-43,0.702247191011236,0.952054794520548
Epidermis 1,tcf3,-14.124513,-1.188184,2.682479985318429e-45,1.8580941339062323e-43,0.7612359550561798,0.976027397260274
Epidermis 1,pdgfa,-14.136954,-4.777371,2.2480471436556263e-45,1.5608709277006558e-43,0.056179775280898875,0.6815068493150684
Epidermis 1,cmss1,-14.1593075,-3.1482115,1.6359932978854175e-45,1.1440602892461397e-43,0.18258426966292135,0.7671232876712328
Epidermis 1,vasn,-14.18419,-6.4097614,1.1478318932797033e-45,8.104414027164012e-44,0.016853932584269662,0.6575342465753424
Epidermis 1,eif3h,-14.192836,-1.9458812,1.0147073176899908e-45,7.216766326860371e-44,0.4747191011235955,0.9143835616438356
Epidermis 1,fam222a,-14.204223,-2.095358,8.62538912741913e-46,6.164517104733216e-44,0.4297752808988764,0.8801369863013698
Epidermis 1,LOC100498064,-14.217719,-1.9064559,7.113395827498997e-46,5.096364544941744e-44,0.5252808988764045,0.934931506849315
Epidermis 1,pitpnc1,-14.34129,-3.7828274,1.2078769738658874e-46,8.84898541931673e-45,0.10955056179775281,0.7226027397260274
Epidermis 1,disp1,-14.359215,-3.1223037,9.32775851537759e-47,6.850746461381968e-45,0.19101123595505617,0.7773972602739726
Epidermis 1,smad6,-14.3992815,-2.540525,5.228458232645536e-47,3.8790117410777075e-45,0.31179775280898875,0.863013698630137
Epidermis 1,srpk1,-14.401601,-1.7484448,5.055888010436775e-47,3.7701189396193204e-45,0.5646067415730337,0.9075342465753424
Epidermis 1,lrp4,-14.443354,-4.055872,2.760756966141883e-47,2.0745420791077993e-45,0.09269662921348315,0.7157534246575342
Epidermis 1,ncl,-14.470135,-1.2437538,1.8710593281246282e-47,1.4132541400623e-45,0.7584269662921348,0.976027397260274
Epidermis 1,XB5949052,-14.529179,-2.8160944,7.916345808561995e-48,6.073561793440306e-46,0.25280898876404495,0.8184931506849316
Epidermis 1,c3,-14.615005,-3.269826,2.253393610316191e-48,1.7518337399774622e-46,0.17134831460674158,0.7773972602739726
Epidermis 1,erf,-14.6696205,-2.3263366,1.0090745265266524e-48,7.907843829732059e-47,0.3651685393258427,0.8561643835616438
Epidermis 1,sema6a,-14.674682,-2.2346985,9.365396619189234e-49,7.378973276968207e-47,0.4410112359550562,0.8972602739726028
Epidermis 1,pla2g4a,-14.72023,-4.07906,4.780290031351482e-49,3.7970830952835646e-47,0.10393258426966293,0.7328767123287672
Epidermis 1,reep3,-14.725924,-2.8688529,4.394223963352401e-49,3.4999335333175488e-47,0.26685393258426965,0.8047945205479452
Epidermis 1,rsu1,-14.739209,-5.1852255,3.609880953242861e-49,2.8909706888833443e-47,0.03932584269662921,0.702054794520548
Epidermis 1,pdlim1,-14.747222,-2.346398,3.205909985411926e-49,2.574504252296044e-47,0.37640449438202245,0.8527397260273972
Epidermis 1,LOC100486548,-14.762827,-1.6008732,2.5439071451579083e-49,2.048511012675229e-47,0.6264044943820225,0.9657534246575342
Epidermis 1,zfpm1,-14.774214,-2.182753,2.1484903588654845e-49,1.7348762895026788e-47,0.4438202247191011,0.8767123287671232
Epidermis 1,cdkal1,-14.787077,-2.0095453,1.7749555503760927e-49,1.4372223183668577e-47,0.4747191011235955,0.9075342465753424
Epidermis 1,add3,-14.798676,-1.8671525,1.4939595501015477e-49,1.2164326353487e-47,0.5112359550561798,0.9143835616438356
Epidermis 1,ctnna1,-14.824402,-1.4720162,1.0188338241974894e-49,8.318863551708606e-48,0.6685393258426966,0.9657534246575342
Epidermis 1,mob3b,-14.850339,-1.9017495,6.921744904513253e-50,5.699423247995123e-48,0.5196629213483146,0.9006849315068494
Epidermis 1,svil,-14.85287,-2.4458559,6.665315661634412e-50,5.50378085043038e-48,0.36235955056179775,0.8664383561643836
Epidermis 1,LOC116406756,-14.890616,-6.5333257,3.7925845374849404e-50,3.1674582461492085e-48,0.014044943820224719,0.6917808219178082
Epidermis 1,kctd15,-14.946709,-1.574555,1.6363994083839957e-50,1.3986430148091397e-48,0.6404494382022472,0.9554794520547946
Epidermis 1,ahdc1,-15.058261,-1.2198284,3.046991473256166e-51,2.62733356208705e-49,0.7724719101123596,0.9828767123287672
Epidermis 1,mark4,-15.093898,-3.95187,1.7763057515347602e-51,1.5453331375926362e-49,0.09831460674157304,0.7602739726027398
Epidermis 1,cd151,-15.220844,-4.234917,2.571919204673351e-52,2.2850994003588667e-50,0.08146067415730338,0.7534246575342466
Epidermis 1,nhs,-15.259855,-2.808628,1.415614958601829e-52,1.265438558253519e-50,0.300561797752809,0.839041095890411
Epidermis 1,pgap4,-15.285371,-3.086839,9.571608704639738e-53,8.635422655719882e-51,0.2303370786516854,0.8253424657534246
Epidermis 1,yes1,-15.334927,-2.4511209,4.467787166741332e-53,4.081183958469246e-51,0.351123595505618,0.8732876712328768
Epidermis 1,stard13,-15.380897,-2.0731459,2.198807974423565e-53,2.0469221624323322e-51,0.49719101123595505,0.9417808219178082
Epidermis 1,fstl1,-15.390808,-3.5881329,1.8866194565289053e-53,1.7619096911756048e-51,0.14606741573033707,0.7876712328767124
Epidermis 1,pdlim5,-15.512271,-2.8653822,2.86561636741068e-54,2.7463879355993963e-52,0.2696629213483146,0.8595890410958904
Epidermis 1,mdk,-15.516911,-2.2733648,2.6658190562687103e-54,2.5633077905852196e-52,0.41292134831460675,0.9041095890410958
Epidermis 1,yap1,-15.617286,-1.8427104,5.5519069910070386e-55,5.409593108470891e-53,0.547752808988764,0.9383561643835616
Epidermis 1,arhgap42,-15.624455,-4.2032075,4.961406522052524e-55,4.866673625708636e-53,0.09550561797752809,0.7671232876712328
Epidermis 1,frmd4a,-15.664521,-1.8338548,2.6441177203675867e-55,2.602363807544274e-53,0.5561797752808989,0.9417808219178082
Epidermis 1,tln2,-15.695309,-3.592388,1.6284748303852011e-55,1.6246398555286628e-53,0.17415730337078653,0.8047945205479452
Epidermis 1,samd4a,-15.704588,-2.7660143,1.406897214581237e-55,1.408390838336443e-53,0.29775280898876405,0.8527397260273972
Epidermis 1,naglu,-15.803276,-5.5471783,2.953588405382446e-56,3.0082349365064206e-54,0.033707865168539325,0.7431506849315068
Epidermis 1,hgf,-15.815085,-2.8996968,2.4487814004617747e-56,2.5115904953297595e-54,0.3146067415730337,0.8732876712328768
Epidermis 1,trarg1,-15.837016,-6.0345473,1.7282979754508004e-56,1.7788689479014908e-54,0.028089887640449437,0.7397260273972602
Epidermis 1,hpcal1,-15.874973,-3.5172768,9.445113948135266e-57,9.790429993544041e-55,0.1853932584269663,0.8184931506849316
Epidermis 1,tln1,-15.904074,-3.8968174,5.937491652590414e-57,6.1764704091412955e-55,0.12078651685393259,0.7876712328767124
Epidermis 1,tagln2,-15.954262,-1.25557,2.6610195615817347e-57,2.7879664087668703e-55,0.7921348314606742,0.9897260273972602
Epidermis 1,LOC116406446,-16.01668,-2.7340083,9.773064129932238e-58,1.0350595564567001e-55,0.31741573033707865,0.863013698630137
Epidermis 1,ereg,-16.076778,-5.8530445,3.711819206389496e-58,3.974365832306643e-56,0.03089887640449438,0.75
Epidermis 1,stmn1,-16.10609,-3.2755902,2.3118585699069187e-58,2.5028865872944124e-56,0.20224719101123595,0.8561643835616438
Epidermis 1,ndst1,-16.146578,-2.980891,1.2003844876696301e-58,1.319114246581615e-56,0.25842696629213485,0.863013698630137
Epidermis 1,fras1,-16.152061,-3.6841946,1.0982993574144562e-58,1.2114863591163007e-56,0.17415730337078653,0.8082191780821918
Epidermis 1,schip1,-16.228819,-4.046498,3.154714442096304e-59,3.546748379112195e-57,0.11235955056179775,0.8047945205479452
Epidermis 1,pxn,-16.235777,-2.8934085,2.8165557755191807e-59,3.1787931225560297e-57,0.27808988764044945,0.8458904109589042
Epidermis 1,col14a1,-16.283646,-7.01453,1.2895178928132445e-59,1.4840117135757462e-57,0.016853932584269662,0.75
Epidermis 1,actg1,-16.322657,-1.8729452,6.810506765565399e-60,7.963116930569686e-58,0.5646067415730337,0.9417808219178082
Epidermis 1,LOC101731956,-16.35007,-5.71672,4.344727948780334e-60,5.120997688338627e-58,0.042134831460674156,0.7636986301369864
Epidermis 1,chd7,-16.37643,-1.3015717,2.8180417791408513e-60,3.362211397798621e-58,0.7752808988764045,0.9726027397260274
Epidermis 1,nccrp1,-16.40047,-5.7046566,1.8976471972256522e-60,2.292153934797646e-58,0.042134831460674156,0.7671232876712328
Epidermis 1,LOC100488540,-16.425776,-5.0980034,1.2507624673284727e-60,1.5297505306476397e-58,0.056179775280898875,0.7773972602739726
Epidermis 1,arhgef28,-16.464365,-2.243529,6.615373962789685e-61,8.159240350477016e-59,0.5196629213483146,0.9212328767123288
Epidermis 1,mmp3,-16.515184,-5.9990425,2.8528489387477055e-61,3.610027157079402e-59,0.033707865168539325,0.7671232876712328
Epidermis 1,ngfr,-16.534164,-3.3835516,2.0824863942375598e-61,2.646659121302526e-59,0.20786516853932585,0.8493150684931506
Epidermis 1,nectin1,-16.54745,-2.1843557,1.670328184506484e-61,2.1321119284414428e-59,0.5196629213483146,0.9691780821917808
Epidermis 1,septin5,-16.610079,-4.034859,5.891651806858727e-62,7.68834258778069e-60,0.14887640449438203,0.815068493150685
Epidermis 1,pik3cb,-16.664484,-3.1012864,2.3753209019951823e-62,3.1135876809964653e-60,0.27247191011235955,0.8767123287671232
Epidermis 1,ptpn12,-16.69527,-2.3375108,1.4187379915488125e-62,1.868068929322673e-60,0.43820224719101125,0.9246575342465754
Epidermis 1,phldb1,-16.705605,-4.062539,1.1931431649212612e-62,1.5853076297187903e-60,0.13202247191011235,0.8184931506849316
Epidermis 1,lamb1,-16.712563,-3.2750006,1.0617325437029202e-62,1.423646971788076e-60,0.24719101123595505,0.8767123287671232
Epidermis 1,hspg2,-16.78215,-2.987787,3.296766562621145e-63,4.610898726888933e-61,0.27808988764044945,0.8767123287671232
Epidermis 1,gli3,-16.84984,-3.3653913,1.0519691553386635e-63,1.5073583519462977e-61,0.22191011235955055,0.8732876712328768
Epidermis 1,ets1,-16.936932,-3.2521508,2.403369705574559e-64,3.5843316256964248e-62,0.25280898876404495,0.8698630136986302
Epidermis 1,bcar1,-16.954857,-2.6816204,1.7719471266806826e-64,2.656194177436053e-62,0.36235955056179775,0.9143835616438356
Epidermis 1,notch1,-16.993868,-2.696632,9.117400970521152e-65,1.3808847034678953e-62,0.3651685393258427,0.958904109589041
Epidermis 1,wnt5b,-17.053755,-2.9878647,3.2777847428717006e-65,5.042785569414879e-63,0.2893258426966292,0.9041095890410958
Epidermis 1,adam28,-17.05734,-4.019422,3.082735935357385e-65,4.793162453533603e-63,0.12640449438202248,0.8458904109589042
Epidermis 1,arhgef17,-17.167206,-2.982102,4.6738568572477987e-66,7.506676362319254e-64,0.2808988764044944,0.9075342465753424
Epidermis 1,hipk1,-17.237637,-1.0524541,1.385860603151562e-66,2.2758478253215342e-64,0.8848314606741573,0.9863013698630136
Epidermis 1,plxnb1,-17.242277,-2.937392,1.2789943841495317e-66,2.1122194826596023e-64,0.3202247191011236,0.928082191780822
Epidermis 1,cldn1,-17.286982,-6.628029,5.8959683565586366e-67,9.792332444918496e-65,0.02247191011235955,0.797945205479452
Epidermis 1,slc23a2,-17.304274,-3.602637,4.367567244129061e-67,7.337261960525091e-65,0.21348314606741572,0.8664383561643836
Epidermis 1,cald1,-17.324306,-5.406038,3.0839152939244033e-67,5.210747280734349e-65,0.07584269662921349,0.8116438356164384
Epidermis 1,cass4,-17.427845,-4.051553,5.07215743461482e-68,8.670423039252971e-66,0.14606741573033707,0.8458904109589042
Epidermis 1,fat2,-17.452728,-1.2997788,3.281763578308397e-68,5.710073283186474e-66,0.8061797752808989,0.9863013698630136
Epidermis 1,ctbs,-17.529486,-3.294113,8.533714598638515e-69,1.5303620333300764e-66,0.30337078651685395,0.8835616438356164
Epidermis 1,nrg1,-17.665289,-3.440097,7.761477316086718e-70,1.4637144737195541e-67,0.25280898876404495,0.9315068493150684
Epidermis 1,ltbp1,-17.749006,-4.0912943,1.754334733648221e-70,3.5123944246076125e-68,0.1601123595505618,0.8732876712328768
Epidermis 1,fat1,-17.825974,-2.123232,4.442835712587372e-71,9.145671177087426e-69,0.550561797752809,0.9863013698630136
Epidermis 1,syde2,-17.916649,-3.252744,8.743791884788913e-72,1.8793366219431227e-69,0.29213483146067415,0.8938356164383562
Epidermis 1,fermt1,-18.029467,-7.834899,1.14388866222105e-72,2.5524434721666805e-70,0.014044943820224719,0.8253424657534246
Epidermis 1,arhgef1,-18.078178,-1.9862922,4.7346286962908344e-73,1.0897474915061211e-70,0.5814606741573034,0.952054794520548
Epidermis 1,gpc4,-18.191208,-2.6949923,6.059105075021766e-74,1.451751643016076e-71,0.39325842696629215,0.9417808219178082
Epidermis 1,sdc1,-18.366232,-3.709361,2.4483061807755828e-75,6.06495237036026e-73,0.2050561797752809,0.9246575342465754
Epidermis 1,tns3,-18.413467,-3.0839849,1.0244812312797331e-75,2.650142555003352e-73,0.300561797752809,0.9452054794520548
Epidermis 1,raph1,-18.424433,-4.0218363,8.366269575421199e-76,2.2031930266588925e-73,0.1601123595505618,0.9246575342465754
Epidermis 1,cpamd8,-18.437508,-3.813009,6.570129490798709e-76,1.7619399554636426e-73,0.18258426966292135,0.9452054794520548
Epidermis 1,apbb2,-18.458172,-4.922183,4.482514716849969e-76,1.2245643709181443e-73,0.09831460674157304,0.8767123287671232
Epidermis 1,ftsj3,-18.630245,-1.8381543,1.8268459616903268e-77,5.393993364259589e-75,0.6910112359550562,0.9863013698630136
Epidermis 1,kirrel3,-18.727247,-4.5342827,2.9687490316619917e-78,9.039531556719966e-76,0.15730337078651685,0.8972602739726028
Epidermis 1,ralgds,-18.778912,-4.123078,1.1236049970527552e-78,3.649344185427676e-76,0.17696629213483145,0.9143835616438356
Epidermis 1,LOC100379718,-18.779121,-7.3914704,1.1191518275813668e-78,3.649344185427676e-76,0.014044943820224719,0.863013698630137
Epidermis 1,olfm4,-19.10935,-4.276875,2.110821283653352e-81,8.569641242009879e-79,0.16573033707865167,0.9178082191780822
Epidermis 1,septin12,-19.238827,-4.731098,1.7512960080497782e-82,7.640616956910907e-80,0.12078651685393259,0.9041095890410958
Epidermis 1,abtb3,-19.25401,-5.799665,1.3065044957097816e-82,5.786429229407974e-80,0.07865168539325842,0.8904109589041096
Epidermis 1,dock1,-19.35797,-2.8456028,1.746339242102414e-83,8.233426191273495e-81,0.4241573033707865,0.9554794520547946
Epidermis 1,LOC100488209,-19.406471,-2.426175,6.804354329949108e-84,3.3149680236457065e-81,0.5252808988764045,0.9828767123287672
Epidermis 1,bcar3,-19.507269,-4.076157,9.523767805727587e-85,4.9712367273075556e-82,0.2443820224719101,0.9212328767123288
Epidermis 1,agrn,-19.51718,-2.6805246,7.845174256010175e-85,4.169496157771517e-82,0.5,0.958904109589041
Epidermis 1,ptpn14,-19.558088,-4.835511,3.520284460490917e-85,1.9415365106530188e-82,0.10955056179775281,0.9178082191780822
Epidermis 1,ext1,-19.574326,-1.4965125,2.5600191652301555e-85,1.4390753888238976e-82,0.8230337078651685,0.9965753424657534
Epidermis 1,dag1,-19.611229,-4.2440395,1.2400003097076916e-85,7.249289810613106e-83,0.21348314606741572,0.9246575342465754
Epidermis 1,pkp4,-19.625357,-1.7018051,9.391479214109136e-86,5.672668105239065e-83,0.7612359550561798,0.9897260273972602
Epidermis 1,ptprs,-19.720882,-2.6972015,1.4271566688996507e-86,9.068960127957759e-84,0.5,0.9726027397260274
Epidermis 1,pcdh7,-19.798063,-2.618593,3.0936553446251314e-87,2.103038125086912e-84,0.5056179775280899,0.9828767123287672
Epidermis 1,sema6d,-19.828428,-3.7386036,1.6924614407228557e-87,1.2066424481407268e-84,0.24719101123595505,0.9452054794520548
Epidermis 1,itgb1,-19.9423,-3.5380533,1.7483841137115213e-88,1.34492147441846e-85,0.25280898876404495,0.9657534246575342
Epidermis 1,cxcl12,-19.98574,-4.1201034,7.329273676238218e-89,5.790324292705928e-86,0.19101123595505617,0.958904109589041
Epidermis 1,camk2d,-20.008093,-2.569371,4.6822623972726844e-89,3.910491775276509e-86,0.5337078651685393,0.9863013698630136
Epidermis 1,actn1,-20.10151,-1.9047507,7.158306336704996e-90,6.34074098570375e-87,0.6882022471910112,0.9897260273972602
Epidermis 1,itga5,-20.104673,-4.4946985,6.716241639274478e-90,6.135076854926009e-87,0.15730337078651685,0.9486301369863014
Epidermis 1,ptk2b,-20.190498,-1.901856,1.186625242117015e-90,1.1562080817440822e-87,0.699438202247191,0.9897260273972602
Epidermis 1,itga3,-20.247644,-6.5063934,3.726362487278477e-91,3.8901893523441847e-88,0.03932584269662921,0.9315068493150684
Epidermis 1,ptprd,-20.277166,-4.2019053,2.0458025514150195e-91,2.3920341752164975e-88,0.21910112359550563,0.958904109589041
Epidermis 1,ptgs1,-20.328197,-6.3290486,7.241295175623327e-92,8.819595803276894e-89,0.056179775280898875,0.9383561643835616
Epidermis 1,pkp2,-20.337898,-3.9416485,5.942269418910572e-92,7.552107712355433e-89,0.23595505617977527,0.9554794520547946
Epidermis 1,bcam,-20.354136,-5.4085126,4.2670956844162324e-92,5.66961245232595e-89,0.09831460674157304,0.9417808219178082
Epidermis 1,prkg1,-20.438696,-4.0448866,7.573584548717015e-93,1.0542069044930812e-89,0.2640449438202247,0.9691780821917808
Epidermis 1,cdon,-20.631224,-4.2788067,1.4396163871797802e-94,2.2148119270343239e-91,0.18258426966292135,0.9691780821917808
Epidermis 1,shroom4,-20.677616,-4.016452,5.5097710181940554e-95,8.947562035157245e-92,0.2443820224719101,0.976027397260274
Epidermis 1,aplp2,-20.819956,-3.8711686,2.85452789503692e-96,5.562713659988281e-93,0.2640449438202247,0.9828767123287672
Epidermis 1,mapk12l,-21.026611,-2.5700378,3.744631620877012e-98,8.419948223835073e-95,0.5674157303370787,0.9965753424657534
Epidermis 1,lamc1,-21.054024,-4.280492,2.1006282221837055e-98,5.1169552968876576e-95,0.19662921348314608,0.976027397260274
Epidermis 1,lama5,-21.066044,-5.776749,1.6299203790816474e-98,4.331291145539604e-95,0.08707865168539326,0.9691780821917808
Epidermis 1,rras,-21.077642,-4.6156845,1.2758226212134904e-98,3.729357104069154e-95,0.15730337078651685,0.9794520547945206
Epidermis 1,capn8.3,-21.11813,-3.3064327,5.419810752447194e-99,1.760294312275377e-95,0.4044943820224719,0.9863013698630136
Epidermis 1,LOC116408813,-21.146175,-6.812192,2.9923640481901523e-99,1.0933724186580793e-95,0.05337078651685393,0.9691780821917808
Epidermis 1,myo10,-21.198685,-3.9608953,9.820467768932892e-100,4.100887047909677e-96,0.300561797752809,0.9863013698630136
Epidermis 1,hs6st1,-21.206697,-4.703314,8.282884648144411e-100,4.035283352498488e-96,0.1853932584269663,0.9828767123287672
Epidermis 1,flna,-21.305176,-4.3698626,1.0164731027464255e-100,7.428131316595192e-97,0.28370786516853935,0.9828767123287672
Epidermis 1,col18a1,-21.546204,-4.564971,5.747098271762037e-103,5.599780986062536e-99,0.23595505617977527,0.9897260273972602
Epidermis 1,mrtfa,-21.615791,-3.706324,1.2759625629009868e-103,1.864883083807937e-99,0.34831460674157305,0.9965753424657534
Epidermis 1,tp63,-21.742527,-5.8852,8.129854550551062e-105,2.376437783671581e-100,0.13764044943820225,0.9965753424657534
Epidermis 2,tp63,21.742527,5.8852,8.129854550551062e-105,2.376437783671581e-100,0.9965753424657534,0.13764044943820225
Epidermis 2,mrtfa,21.615791,3.706324,1.2759625629009868e-103,1.864883083807937e-99,0.9965753424657534,0.34831460674157305
Epidermis 2,col18a1,21.546204,4.564971,5.747098271762037e-103,5.599780986062536e-99,0.9897260273972602,0.23595505617977527
Epidermis 2,flna,21.305176,4.3698626,1.0164731027464255e-100,7.428131316595192e-97,0.9828767123287672,0.28370786516853935
Epidermis 2,hs6st1,21.206697,4.703314,8.282884648144411e-100,4.035283352498488e-96,0.9828767123287672,0.1853932584269663
Epidermis 2,myo10,21.198685,3.9608953,9.820467768932892e-100,4.100887047909677e-96,0.9863013698630136,0.300561797752809
Epidermis 2,LOC116408813,21.146175,6.812192,2.9923640481901523e-99,1.0933724186580793e-95,0.9691780821917808,0.05337078651685393
Epidermis 2,capn8.3,21.11813,3.3064327,5.419810752447194e-99,1.760294312275377e-95,0.9863013698630136,0.4044943820224719
Epidermis 2,rras,21.077642,4.6156845,1.2758226212134904e-98,3.729357104069154e-95,0.9794520547945206,0.15730337078651685
Epidermis 2,lama5,21.066044,5.776749,1.6299203790816474e-98,4.331291145539604e-95,0.9691780821917808,0.08707865168539326
Epidermis 2,lamc1,21.054024,4.280492,2.1006282221837055e-98,5.1169552968876576e-95,0.976027397260274,0.19662921348314608
Epidermis 2,mapk12l,21.026611,2.5700378,3.744631620877012e-98,8.419948223835073e-95,0.9965753424657534,0.5674157303370787
Epidermis 2,aplp2,20.819956,3.8711686,2.85452789503692e-96,5.562713659988281e-93,0.9828767123287672,0.2640449438202247
Epidermis 2,shroom4,20.677616,4.016452,5.5097710181940554e-95,8.947562035157245e-92,0.976027397260274,0.2443820224719101
Epidermis 2,cdon,20.631224,4.2788067,1.4396163871797802e-94,2.2148119270343239e-91,0.9691780821917808,0.18258426966292135
Epidermis 2,prkg1,20.438696,4.0448866,7.573584548717015e-93,1.0542069044930812e-89,0.9691780821917808,0.2640449438202247
Epidermis 2,bcam,20.354136,5.4085126,4.2670956844162324e-92,5.66961245232595e-89,0.9417808219178082,0.09831460674157304
Epidermis 2,pkp2,20.337898,3.9416485,5.942269418910572e-92,7.552107712355433e-89,0.9554794520547946,0.23595505617977527
Epidermis 2,ptgs1,20.328197,6.3290486,7.241295175623327e-92,8.819595803276894e-89,0.9383561643835616,0.056179775280898875
Epidermis 2,ptprd,20.277166,4.2019053,2.0458025514150195e-91,2.3920341752164975e-88,0.958904109589041,0.21910112359550563
Epidermis 2,itga3,20.247644,6.5063934,3.726362487278477e-91,3.8901893523441847e-88,0.9315068493150684,0.03932584269662921
Epidermis 2,ptk2b,20.190498,1.901856,1.186625242117015e-90,1.1562080817440822e-87,0.9897260273972602,0.699438202247191
Epidermis 2,itga5,20.104673,4.4946985,6.716241639274478e-90,6.135076854926009e-87,0.9486301369863014,0.15730337078651685
Epidermis 2,actn1,20.10151,1.9047507,7.158306336704996e-90,6.34074098570375e-87,0.9897260273972602,0.6882022471910112
Epidermis 2,camk2d,20.008093,2.569371,4.6822623972726844e-89,3.910491775276509e-86,0.9863013698630136,0.5337078651685393
Epidermis 2,cxcl12,19.98574,4.1201034,7.329273676238218e-89,5.790324292705928e-86,0.958904109589041,0.19101123595505617
Epidermis 2,itgb1,19.9423,3.5380533,1.7483841137115213e-88,1.34492147441846e-85,0.9657534246575342,0.25280898876404495
Epidermis 2,sema6d,19.828428,3.7386036,1.6924614407228557e-87,1.2066424481407268e-84,0.9452054794520548,0.24719101123595505
Epidermis 2,pcdh7,19.798063,2.618593,3.0936553446251314e-87,2.103038125086912e-84,0.9828767123287672,0.5056179775280899
Epidermis 2,ptprs,19.720882,2.6972015,1.4271566688996507e-86,9.068960127957759e-84,0.9726027397260274,0.5
Epidermis 2,pkp4,19.625357,1.7018051,9.391479214109136e-86,5.672668105239065e-83,0.9897260273972602,0.7612359550561798
Epidermis 2,dag1,19.611229,4.2440395,1.2400003097076916e-85,7.249289810613106e-83,0.9246575342465754,0.21348314606741572
Epidermis 2,ext1,19.574326,1.4965125,2.5600191652301555e-85,1.4390753888238976e-82,0.9965753424657534,0.8230337078651685
Epidermis 2,ptpn14,19.558088,4.835511,3.520284460490917e-85,1.9415365106530188e-82,0.9178082191780822,0.10955056179775281
Epidermis 2,agrn,19.51718,2.6805246,7.845174256010175e-85,4.169496157771517e-82,0.958904109589041,0.5
Epidermis 2,bcar3,19.507269,4.076157,9.523767805727587e-85,4.9712367273075556e-82,0.9212328767123288,0.2443820224719101
Epidermis 2,LOC100488209,19.406471,2.426175,6.804354329949108e-84,3.3149680236457065e-81,0.9828767123287672,0.5252808988764045
Epidermis 2,dock1,19.35797,2.8456028,1.746339242102414e-83,8.233426191273495e-81,0.9554794520547946,0.4241573033707865
Epidermis 2,abtb3,19.25401,5.799665,1.3065044957097816e-82,5.786429229407974e-80,0.8904109589041096,0.07865168539325842
Epidermis 2,septin12,19.238827,4.731098,1.7512960080497782e-82,7.640616956910907e-80,0.9041095890410958,0.12078651685393259
Epidermis 2,olfm4,19.10935,4.276875,2.110821283653352e-81,8.569641242009879e-79,0.9178082191780822,0.16573033707865167
Epidermis 2,LOC100379718,18.779121,7.3914704,1.1191518275813668e-78,3.649344185427676e-76,0.863013698630137,0.014044943820224719
Epidermis 2,ralgds,18.778912,4.123078,1.1236049970527552e-78,3.649344185427676e-76,0.9143835616438356,0.17696629213483145
Epidermis 2,kirrel3,18.727247,4.5342827,2.9687490316619917e-78,9.039531556719966e-76,0.8972602739726028,0.15730337078651685
Epidermis 2,ftsj3,18.630245,1.8381543,1.8268459616903268e-77,5.393993364259589e-75,0.9863013698630136,0.6910112359550562
Epidermis 2,apbb2,18.458172,4.922183,4.482514716849969e-76,1.2245643709181443e-73,0.8767123287671232,0.09831460674157304
Epidermis 2,cpamd8,18.437508,3.813009,6.570129490798709e-76,1.7619399554636426e-73,0.9452054794520548,0.18258426966292135
Epidermis 2,raph1,18.424433,4.0218363,8.366269575421199e-76,2.2031930266588925e-73,0.9246575342465754,0.1601123595505618
Epidermis 2,tns3,18.413467,3.0839849,1.0244812312797331e-75,2.650142555003352e-73,0.9452054794520548,0.300561797752809
Epidermis 2,sdc1,18.366232,3.709361,2.4483061807755828e-75,6.06495237036026e-73,0.9246575342465754,0.2050561797752809
Epidermis 2,gpc4,18.191208,2.6949923,6.059105075021766e-74,1.451751643016076e-71,0.9417808219178082,0.39325842696629215
Epidermis 2,arhgef1,18.078178,1.9862922,4.7346286962908344e-73,1.0897474915061211e-70,0.952054794520548,0.5814606741573034
Epidermis 2,fermt1,18.029467,7.834899,1.14388866222105e-72,2.5524434721666805e-70,0.8253424657534246,0.014044943820224719
Epidermis 2,syde2,17.916649,3.252744,8.743791884788913e-72,1.8793366219431227e-69,0.8938356164383562,0.29213483146067415
Epidermis 2,fat1,17.825974,2.123232,4.442835712587372e-71,9.145671177087426e-69,0.9863013698630136,0.550561797752809
Epidermis 2,ltbp1,17.749006,4.0912943,1.754334733648221e-70,3.5123944246076125e-68,0.8732876712328768,0.1601123595505618
Epidermis 2,nrg1,17.665289,3.440097,7.761477316086718e-70,1.4637144737195541e-67,0.9315068493150684,0.25280898876404495
Epidermis 2,ctbs,17.529486,3.294113,8.533714598638515e-69,1.5303620333300764e-66,0.8835616438356164,0.30337078651685395
Epidermis 2,fat2,17.452728,1.2997788,3.281763578308397e-68,5.710073283186474e-66,0.9863013698630136,0.8061797752808989
Epidermis 2,cass4,17.427845,4.051553,5.07215743461482e-68,8.670423039252971e-66,0.8458904109589042,0.14606741573033707
Epidermis 2,cald1,17.324306,5.406038,3.0839152939244033e-67,5.210747280734349e-65,0.8116438356164384,0.07584269662921349
Epidermis 2,slc23a2,17.304274,3.602637,4.367567244129061e-67,7.337261960525091e-65,0.8664383561643836,0.21348314606741572
Epidermis 2,cldn1,17.286982,6.628029,5.8959683565586366e-67,9.792332444918496e-65,0.797945205479452,0.02247191011235955
Epidermis 2,plxnb1,17.242277,2.937392,1.2789943841495317e-66,2.1122194826596023e-64,0.928082191780822,0.3202247191011236
Epidermis 2,hipk1,17.237637,1.0524541,1.385860603151562e-66,2.2758478253215342e-64,0.9863013698630136,0.8848314606741573
Epidermis 2,arhgef17,17.167206,2.982102,4.6738568572477987e-66,7.506676362319254e-64,0.9075342465753424,0.2808988764044944
Epidermis 2,adam28,17.05734,4.019422,3.082735935357385e-65,4.793162453533603e-63,0.8458904109589042,0.12640449438202248
Epidermis 2,wnt5b,17.053755,2.9878647,3.2777847428717006e-65,5.042785569414879e-63,0.9041095890410958,0.2893258426966292
Epidermis 2,notch1,16.993868,2.696632,9.117400970521152e-65,1.3808847034678953e-62,0.958904109589041,0.3651685393258427
Epidermis 2,bcar1,16.954857,2.6816204,1.7719471266806826e-64,2.656194177436053e-62,0.9143835616438356,0.36235955056179775
Epidermis 2,ets1,16.936932,3.2521508,2.403369705574559e-64,3.5843316256964248e-62,0.8698630136986302,0.25280898876404495
Epidermis 2,gli3,16.84984,3.3653913,1.0519691553386635e-63,1.5073583519462977e-61,0.8732876712328768,0.22191011235955055
Epidermis 2,hspg2,16.78215,2.987787,3.296766562621145e-63,4.610898726888933e-61,0.8767123287671232,0.27808988764044945
Epidermis 2,lamb1,16.712563,3.2750006,1.0617325437029202e-62,1.423646971788076e-60,0.8767123287671232,0.24719101123595505
Epidermis 2,phldb1,16.705605,4.062539,1.1931431649212612e-62,1.5853076297187903e-60,0.8184931506849316,0.13202247191011235
Epidermis 2,ptpn12,16.69527,2.3375108,1.4187379915488125e-62,1.868068929322673e-60,0.9246575342465754,0.43820224719101125
Epidermis 2,pik3cb,16.664484,3.1012864,2.3753209019951823e-62,3.1135876809964653e-60,0.8767123287671232,0.27247191011235955
Epidermis 2,septin5,16.610079,4.034859,5.891651806858727e-62,7.68834258778069e-60,0.815068493150685,0.14887640449438203
Epidermis 2,nectin1,16.54745,2.1843557,1.670328184506484e-61,2.1321119284414428e-59,0.9691780821917808,0.5196629213483146
Epidermis 2,ngfr,16.534164,3.3835516,2.0824863942375598e-61,2.646659121302526e-59,0.8493150684931506,0.20786516853932585
Epidermis 2,mmp3,16.515184,5.9990425,2.8528489387477055e-61,3.610027157079402e-59,0.7671232876712328,0.033707865168539325
Epidermis 2,arhgef28,16.464365,2.243529,6.615373962789685e-61,8.159240350477016e-59,0.9212328767123288,0.5196629213483146
Epidermis 2,LOC100488540,16.425776,5.0980034,1.2507624673284727e-60,1.5297505306476397e-58,0.7773972602739726,0.056179775280898875
Epidermis 2,nccrp1,16.40047,5.7046566,1.8976471972256522e-60,2.292153934797646e-58,0.7671232876712328,0.042134831460674156
Epidermis 2,chd7,16.37643,1.3015717,2.8180417791408513e-60,3.362211397798621e-58,0.9726027397260274,0.7752808988764045
Epidermis 2,LOC101731956,16.35007,5.71672,4.344727948780334e-60,5.120997688338627e-58,0.7636986301369864,0.042134831460674156
Epidermis 2,actg1,16.322657,1.8729452,6.810506765565399e-60,7.963116930569686e-58,0.9417808219178082,0.5646067415730337
Epidermis 2,col14a1,16.283646,7.01453,1.2895178928132445e-59,1.4840117135757462e-57,0.75,0.016853932584269662
Epidermis 2,pxn,16.235777,2.8934085,2.8165557755191807e-59,3.1787931225560297e-57,0.8458904109589042,0.27808988764044945
Epidermis 2,schip1,16.228819,4.046498,3.154714442096304e-59,3.546748379112195e-57,0.8047945205479452,0.11235955056179775
Epidermis 2,fras1,16.152061,3.6841946,1.0982993574144562e-58,1.2114863591163007e-56,0.8082191780821918,0.17415730337078653
Epidermis 2,ndst1,16.146578,2.980891,1.2003844876696301e-58,1.319114246581615e-56,0.863013698630137,0.25842696629213485
Epidermis 2,stmn1,16.10609,3.2755902,2.3118585699069187e-58,2.5028865872944124e-56,0.8561643835616438,0.20224719101123595
Epidermis 2,ereg,16.076778,5.8530445,3.711819206389496e-58,3.974365832306643e-56,0.75,0.03089887640449438
Epidermis 2,LOC116406446,16.01668,2.7340083,9.773064129932238e-58,1.0350595564567001e-55,0.863013698630137,0.31741573033707865
Epidermis 2,tagln2,15.954262,1.25557,2.6610195615817347e-57,2.7879664087668703e-55,0.9897260273972602,0.7921348314606742
Epidermis 2,tln1,15.904074,3.8968174,5.937491652590414e-57,6.1764704091412955e-55,0.7876712328767124,0.12078651685393259
Epidermis 2,hpcal1,15.874973,3.5172768,9.445113948135266e-57,9.790429993544041e-55,0.8184931506849316,0.1853932584269663
Epidermis 2,trarg1,15.837016,6.0345473,1.7282979754508004e-56,1.7788689479014908e-54,0.7397260273972602,0.028089887640449437
Epidermis 2,hgf,15.815085,2.8996968,2.4487814004617747e-56,2.5115904953297595e-54,0.8732876712328768,0.3146067415730337
Epidermis 2,naglu,15.803276,5.5471783,2.953588405382446e-56,3.0082349365064206e-54,0.7431506849315068,0.033707865168539325
Epidermis 2,samd4a,15.704588,2.7660143,1.406897214581237e-55,1.408390838336443e-53,0.8527397260273972,0.29775280898876405
Epidermis 2,tln2,15.695309,3.592388,1.6284748303852011e-55,1.6246398555286628e-53,0.8047945205479452,0.17415730337078653
Epidermis 2,frmd4a,15.664521,1.8338548,2.6441177203675867e-55,2.602363807544274e-53,0.9417808219178082,0.5561797752808989
Epidermis 2,arhgap42,15.624455,4.2032075,4.961406522052524e-55,4.866673625708636e-53,0.7671232876712328,0.09550561797752809
Epidermis 2,yap1,15.617286,1.8427104,5.5519069910070386e-55,5.409593108470891e-53,0.9383561643835616,0.547752808988764
Epidermis 2,mdk,15.516911,2.2733648,2.6658190562687103e-54,2.5633077905852196e-52,0.9041095890410958,0.41292134831460675
Epidermis 2,pdlim5,15.512271,2.8653822,2.86561636741068e-54,2.7463879355993963e-52,0.8595890410958904,0.2696629213483146
Epidermis 2,fstl1,15.390808,3.5881329,1.8866194565289053e-53,1.7619096911756048e-51,0.7876712328767124,0.14606741573033707
Epidermis 2,stard13,15.380897,2.0731459,2.198807974423565e-53,2.0469221624323322e-51,0.9417808219178082,0.49719101123595505
Epidermis 2,yes1,15.334927,2.4511209,4.467787166741332e-53,4.081183958469246e-51,0.8732876712328768,0.351123595505618
Epidermis 2,pgap4,15.285371,3.086839,9.571608704639738e-53,8.635422655719882e-51,0.8253424657534246,0.2303370786516854
Epidermis 2,nhs,15.259855,2.808628,1.415614958601829e-52,1.265438558253519e-50,0.839041095890411,0.300561797752809
Epidermis 2,cd151,15.220844,4.234917,2.571919204673351e-52,2.2850994003588667e-50,0.7534246575342466,0.08146067415730338
Epidermis 2,mark4,15.093898,3.95187,1.7763057515347602e-51,1.5453331375926362e-49,0.7602739726027398,0.09831460674157304
Epidermis 2,ahdc1,15.058261,1.2198284,3.046991473256166e-51,2.62733356208705e-49,0.9828767123287672,0.7724719101123596
Epidermis 2,kctd15,14.946709,1.574555,1.6363994083839957e-50,1.3986430148091397e-48,0.9554794520547946,0.6404494382022472
Epidermis 2,LOC116406756,14.890616,6.5333257,3.7925845374849404e-50,3.1674582461492085e-48,0.6917808219178082,0.014044943820224719
Epidermis 2,svil,14.85287,2.4458559,6.665315661634412e-50,5.50378085043038e-48,0.8664383561643836,0.36235955056179775
Epidermis 2,mob3b,14.850339,1.9017495,6.921744904513253e-50,5.699423247995123e-48,0.9006849315068494,0.5196629213483146
Epidermis 2,ctnna1,14.824402,1.4720162,1.0188338241974894e-49,8.318863551708606e-48,0.9657534246575342,0.6685393258426966
Epidermis 2,add3,14.798676,1.8671525,1.4939595501015477e-49,1.2164326353487e-47,0.9143835616438356,0.5112359550561798
Epidermis 2,cdkal1,14.787077,2.0095453,1.7749555503760927e-49,1.4372223183668577e-47,0.9075342465753424,0.4747191011235955
Epidermis 2,zfpm1,14.774214,2.182753,2.1484903588654845e-49,1.7348762895026788e-47,0.8767123287671232,0.4438202247191011
Epidermis 2,LOC100486548,14.762827,1.6008732,2.5439071451579083e-49,2.048511012675229e-47,0.9657534246575342,0.6264044943820225
Epidermis 2,pdlim1,14.747222,2.346398,3.205909985411926e-49,2.574504252296044e-47,0.8527397260273972,0.37640449438202245
Epidermis 2,rsu1,14.739209,5.1852255,3.609880953242861e-49,2.8909706888833443e-47,0.702054794520548,0.03932584269662921
Epidermis 2,reep3,14.725924,2.8688529,4.394223963352401e-49,3.4999335333175488e-47,0.8047945205479452,0.26685393258426965
Epidermis 2,pla2g4a,14.72023,4.07906,4.780290031351482e-49,3.7970830952835646e-47,0.7328767123287672,0.10393258426966293
Epidermis 2,sema6a,14.674682,2.2346985,9.365396619189234e-49,7.378973276968207e-47,0.8972602739726028,0.4410112359550562
Epidermis 2,erf,14.6696205,2.3263366,1.0090745265266524e-48,7.907843829732059e-47,0.8561643835616438,0.3651685393258427
Epidermis 2,c3,14.615005,3.269826,2.253393610316191e-48,1.7518337399774622e-46,0.7773972602739726,0.17134831460674158
Epidermis 2,XB5949052,14.529179,2.8160944,7.916345808561995e-48,6.073561793440306e-46,0.8184931506849316,0.25280898876404495
Epidermis 2,ncl,14.470135,1.2437538,1.8710593281246282e-47,1.4132541400623e-45,0.976027397260274,0.7584269662921348
Epidermis 2,lrp4,14.443354,4.055872,2.760756966141883e-47,2.0745420791077993e-45,0.7157534246575342,0.09269662921348315
Epidermis 2,srpk1,14.401601,1.7484448,5.055888010436775e-47,3.7701189396193204e-45,0.9075342465753424,0.5646067415730337
Epidermis 2,smad6,14.3992815,2.540525,5.228458232645536e-47,3.8790117410777075e-45,0.863013698630137,0.31179775280898875
Epidermis 2,disp1,14.359215,3.1223037,9.32775851537759e-47,6.850746461381968e-45,0.7773972602739726,0.19101123595505617
Epidermis 2,pitpnc1,14.34129,3.7828274,1.2078769738658874e-46,8.84898541931673e-45,0.7226027397260274,0.10955056179775281
Epidermis 2,LOC100498064,14.217719,1.9064559,7.113395827498997e-46,5.096364544941744e-44,0.934931506849315,0.5252808988764045
Epidermis 2,fam222a,14.204223,2.095358,8.62538912741913e-46,6.164517104733216e-44,0.8801369863013698,0.4297752808988764
Epidermis 2,eif3h,14.192836,1.9458812,1.0147073176899908e-45,7.216766326860371e-44,0.9143835616438356,0.4747191011235955
Epidermis 2,vasn,14.18419,6.4097614,1.1478318932797033e-45,8.104414027164012e-44,0.6575342465753424,0.016853932584269662
Epidermis 2,cmss1,14.1593075,3.1482115,1.6359932978854175e-45,1.1440602892461397e-43,0.7671232876712328,0.18258426966292135
Epidermis 2,pdgfa,14.136954,4.777371,2.2480471436556263e-45,1.5608709277006558e-43,0.6815068493150684,0.056179775280898875
Epidermis 2,tcf3,14.124513,1.188184,2.682479985318429e-45,1.8580941339062323e-43,0.976027397260274,0.7612359550561798
Epidermis 2,srrm1,14.057666,1.3006465,6.912866226631135e-45,4.777068384649048e-43,0.952054794520548,0.702247191011236
Epidermis 2,grb10,14.057455,2.5909405,6.933491875002716e-45,4.780021249957651e-43,0.8184931506849316,0.27247191011235955
Epidermis 2,khdrbs1,14.047966,1.9226644,7.927855755000471e-45,5.4526859193980885e-43,0.886986301369863,0.4606741573033708
Epidermis 2,mst1rl,13.977113,1.6222471,2.1503717917361126e-44,1.451674777003194e-42,0.958904109589041,0.6095505617977528
Epidermis 2,nbeal2,13.972684,1.5765872,2.288370735362503e-44,1.5412756904465743e-42,0.928082191780822,0.6095505617977528
Epidermis 2,tmsb4x,13.97163,6.0256977,2.322505560924737e-44,1.5606703460089883e-42,0.6506849315068494,0.025280898876404494
Epidermis 2,lsp1,13.954338,4.2434735,2.9603728156797683e-44,1.9801981184241487e-42,0.684931506849315,0.07584269662921349
Epidermis 2,lzts2,13.936203,2.866027,3.8171409431330205e-44,2.5416593828865906e-42,0.8184931506849316,0.21910112359550563
Epidermis 2,dlg5,13.93325,1.9516444,3.978281418963327e-44,2.6429350944935685e-42,0.8561643835616438,0.4550561797752809
Epidermis 2,mast3,13.846371,2.2046423,1.3380338523971423e-43,8.789228660544014e-42,0.9075342465753424,0.4044943820224719
Epidermis 2,enpp2,13.829501,5.124318,1.691900055258216e-43,1.1063966558222128e-41,0.6575342465753424,0.03932584269662921
Epidermis 2,cmip,13.824862,1.605838,1.804586637673666e-43,1.1774525001303335e-41,0.934931506849315,0.6235955056179775
Epidermis 2,tjp2,13.794918,1.0506026,2.734644379084248e-43,1.772425495454804e-41,0.9828767123287672,0.8146067415730337
Epidermis 2,smad7,13.724486,1.5818139,7.24409709657552e-43,4.643688645394715e-41,0.9657534246575342,0.6404494382022472
Epidermis 2,atp1b4,13.711201,7.022183,8.700558934004878e-43,5.565121185993362e-41,0.6335616438356164,0.008426966292134831
Epidermis 2,nop56,13.700869,2.3903778,1.0031749572872283e-42,6.388629014479951e-41,0.821917808219178,0.300561797752809
Epidermis 2,sox13,13.6974945,1.5352682,1.0508867726809735e-42,6.677928533095116e-41,0.9691780821917808,0.6573033707865169
Epidermis 2,inka1,13.617362,5.450068,3.157675207659423e-42,1.9892673274804437e-40,0.6438356164383562,0.025280898876404494
Epidermis 2,rbms2,13.611036,1.2345203,3.443271514714965e-42,2.1645219278845835e-40,0.9691780821917808,0.7359550561797753
Epidermis 2,acvr2b,13.546087,1.1744936,8.356744430944327e-42,5.186326888767168e-40,0.9623287671232876,0.7528089887640449
Epidermis 2,mamdc2,13.54187,5.628534,8.85071561664648e-42,5.48125568199562e-40,0.6335616438356164,0.028089887640449437
Epidermis 2,creb3l1,13.536809,3.8062093,9.481952227632418e-42,5.859766291034317e-40,0.6917808219178082,0.09831460674157304
Epidermis 2,pcsk5,13.519938,2.7857084,1.1927491180524922e-41,7.355537862825401e-40,0.7705479452054794,0.2247191011235955
Epidermis 2,frmd6,13.512347,2.4574244,1.3223672890231803e-41,8.137709100091913e-40,0.797945205479452,0.28651685393258425
Epidermis 2,sox5,13.472703,2.4164343,2.2642209927737959e-41,1.3904505008355215e-39,0.821917808219178,0.29213483146067415
Epidermis 2,large2,13.395102,5.4987745,6.458744352129313e-41,3.933240753272749e-39,0.6301369863013698,0.028089887640449437
Epidermis 2,hdac4,13.376966,3.4715612,8.244384106984295e-41,5.0102202043920566e-39,0.7054794520547946,0.11235955056179775
Epidermis 2,gata3,13.335635,2.2760234,1.4362560323968276e-40,8.6563299140189e-39,0.8767123287671232,0.36235955056179775
Epidermis 2,cnot6l,13.2512865,1.7415857,4.435365988808413e-40,2.662221421331801e-38,0.8972602739726028,0.49157303370786515
Epidermis 2,LOC100485259,13.240743,7.2665987,5.1041754419572186e-40,3.057380170980563e-38,0.6095890410958904,0.008426966292134831
Epidermis 2,mad1l1,13.237369,1.7502995,5.338683997893877e-40,3.191310264671491e-38,0.8664383561643836,0.5056179775280899
Epidermis 2,plcb3,13.217546,1.5122411,6.949412255740152e-40,4.1288266188524465e-38,0.9178082191780822,0.5955056179775281
Epidermis 2,fndc3a,13.20616,1.0453537,8.08455072324559e-40,4.783795590914813e-38,0.9726027397260274,0.7808988764044944
Epidermis 2,ptprg,13.193718,1.4318646,9.53638424967079e-40,5.631475717214683e-38,0.934931506849315,0.6376404494382022
Epidermis 2,rbm25,13.192242,1.1091641,9.724995063844435e-40,5.731276828855579e-38,0.9931506849315068,0.7893258426966292
Epidermis 2,trpv4l.4,13.16272,4.3867774,1.4381518029655935e-39,8.441489026603869e-38,0.6404109589041096,0.06179775280898876
Epidermis 2,syn2,13.153863,2.6123881,1.6169847839369943e-39,9.472160765383223e-38,0.7602739726027398,0.24719101123595505
Epidermis 2,irs1,13.147958,2.428474,1.7483212993069282e-39,1.0221035980008163e-37,0.7842465753424658,0.28651685393258425
Epidermis 2,rapgef1,13.144584,3.3492827,1.8280777756228382e-39,1.0665976339167903e-37,0.684931506849315,0.12359550561797752
Epidermis 2,LOC116411472,13.138258,1.3444221,1.9874974555657096e-39,1.1573015562478336e-37,0.9452054794520548,0.6825842696629213
Epidermis 2,spag9,13.132775,2.7797809,2.1367953260929958e-39,1.241762707296707e-37,0.7465753424657534,0.2050561797752809
Epidermis 2,sema4a,13.1308775,2.228919,2.1910315679333026e-39,1.2707548365527455e-37,0.791095890410959,0.3342696629213483
Epidermis 2,g3bp1,13.107892,2.176775,2.967311753218522e-39,1.7175740566006062e-37,0.8047945205479452,0.34269662921348315
Epidermis 2,abcb9,13.106416,2.3315237,3.0256181184501816e-39,1.7478625142374952e-37,0.839041095890411,0.3455056179775281
Epidermis 2,gse1,13.087648,1.895863,3.874179007251497e-39,2.22487478508779e-37,0.8458904109589042,0.4438202247191011
Epidermis 2,arhgap23,13.074364,1.8939948,4.614111524759313e-39,2.639434324466526e-37,0.8527397260273972,0.4353932584269663
Epidermis 2,zmynd8,13.072887,1.1461207,4.704545246348827e-39,2.685909415937941e-37,0.9452054794520548,0.7219101123595506
Epidermis 2,spint1,13.055174,1.2548982,5.937436876988662e-39,3.3765995593629494e-37,0.9246575342465754,0.6741573033707865
Epidermis 2,fgfr1,13.054963,1.9075829,5.953900038296349e-39,3.3793874178532155e-37,0.8595890410958904,0.4297752808988764
Epidermis 2,shb,13.013632,1.1710312,1.023593119924677e-38,5.798575676069425e-37,0.9554794520547946,0.7443820224719101
Epidermis 2,capn2,12.992123,3.9993036,1.3561290027334658e-38,7.60863855641112e-37,0.6541095890410958,0.0702247191011236
Epidermis 2,rad9a,12.986851,2.3108897,1.4528308143703197e-38,8.135574240394409e-37,0.7876712328767124,0.3146067415730337
Epidermis 2,neo1,12.975464,1.3254424,1.6857315275269613e-38,9.421724336738164e-37,0.9417808219178082,0.6629213483146067
Epidermis 2,ror2,12.936241,2.5389996,2.810471693928347e-38,1.5678033985728913e-36,0.7671232876712328,0.27247191011235955
Epidermis 2,prmt7,12.932867,1.7776791,2.936595780794951e-38,1.6350405955888992e-36,0.886986301369863,0.48314606741573035
Epidermis 2,agap1,12.913256,1.0058568,3.7893254209334736e-38,2.1018172937249785e-36,0.9623287671232876,0.800561797752809
Epidermis 2,adgre2,12.876986,7.3220425,6.065863222258042e-38,3.358167572913349e-36,0.5924657534246576,0.008426966292134831
Epidermis 2,pitpnc1l,12.870449,1.6130384,6.601752640499168e-38,3.6479363220119313e-36,0.8904109589041096,0.5730337078651685
Epidermis 2,evi5,12.863701,2.5978303,7.204312614589326e-38,3.973382302586049e-36,0.7534246575342466,0.23314606741573032
Epidermis 2,pfn1,12.855899,3.3662598,7.969451320115442e-38,4.3871004056175985e-36,0.6746575342465754,0.1151685393258427
Epidermis 2,plpp3,12.852525,3.0372045,8.324848421139476e-38,4.574128650344511e-36,0.708904109589041,0.17134831460674158
Epidermis 2,rab34,12.848729,4.279985,8.743531141215047e-38,4.7951624538247104e-36,0.6335616438356164,0.05898876404494382
Epidermis 2,LOC100498593,12.848517,2.1392746,8.767395475083289e-38,4.7992460137108544e-36,0.8287671232876712,0.34831460674157305
Epidermis 2,fubp1,12.826165,1.4423274,1.1701396863325392e-37,6.357686463045809e-36,0.9246575342465754,0.598314606741573
Epidermis 2,znrf3,12.79601,1.1869103,1.72593023176193e-37,9.325446692168757e-36,0.9897260273972602,0.7724719101123596
Epidermis 2,ydjc,12.783991,1.0528598,2.0146144876028484e-37,1.0845155817148962e-35,0.9794520547945206,0.800561797752809
Epidermis 2,hyal2,12.77429,3.158888,2.282195293849567e-37,1.226302401369792e-35,0.6917808219178082,0.1404494382022472
Epidermis 2,kcnq1,12.735911,3.400007,3.7345913203510843e-37,1.9920773519193896e-35,0.6712328767123288,0.12359550561797752
Epidermis 2,slc44a2,12.711661,2.4142153,5.094079201219733e-37,2.7073641660155274e-35,0.7568493150684932,0.26685393258426965
Epidermis 2,kmt2a,12.702171,1.1419506,5.751130967099679e-37,3.039987509932924e-35,0.9383561643835616,0.7275280898876404
Epidermis 2,sdc2,12.697743,2.2285373,6.08593745170828e-37,3.2111559142758975e-35,0.8184931506849316,0.31741573033707865
Epidermis 2,cdc42bpb,12.667588,1.956151,8.942133960098196e-37,4.7096850051825284e-35,0.8493150684931506,0.39325842696629215
Epidermis 2,lef1,12.65114,1.880375,1.1026270464916032e-36,5.796922876977707e-35,0.863013698630137,0.449438202247191
Epidermis 2,rara,12.623305,1.374655,1.570874119134539e-36,8.24384584854968e-35,0.9417808219178082,0.6348314606741573
Epidermis 2,prss27,12.511964,2.6618507,6.421668423463895e-36,3.2874218859242227e-34,0.7191780821917808,0.20786516853932585
Epidermis 2,sestd1,12.436049,2.9132028,1.6653911522182864e-35,8.39328427077461e-34,0.6917808219178082,0.17134831460674158
Epidermis 2,mmp14,12.396827,3.2583694,2.718777807679013e-35,1.3655084896265503e-33,0.6643835616438356,0.12640449438202248
Epidermis 2,efhd1,12.362665,1.746903,4.161258955672891e-35,2.075729701933008e-33,0.8561643835616438,0.46629213483146065
Epidermis 2,cotl1,12.315219,4.665876,7.501131553242029e-35,3.716365702251148e-33,0.5924657534246576,0.047752808988764044
Epidermis 2,lpp,12.3129,2.518829,7.719917161017615e-35,3.818289315291132e-33,0.726027397260274,0.2247191011235955
Epidermis 2,anxa1,12.312056,2.7596052,7.801037695642585e-35,3.8518941365089254e-33,0.6917808219178082,0.20786516853932585
Epidermis 2,niban2,12.283377,2.2666109,1.112553054116034e-34,5.474922276913433e-33,0.7671232876712328,0.2949438202247191
Epidermis 2,tmc6,12.2528,2.4100006,1.6229325724344807e-34,7.91985676541441e-33,0.7431506849315068,0.2556179775280899
Epidermis 2,map3k4,12.216741,1.4942813,2.5302594769709864e-34,1.2265674091432653e-32,0.863013698630137,0.5589887640449438
Epidermis 2,necab2,12.214632,2.6237216,2.596727192494699e-34,1.2567041815200754e-32,0.7123287671232876,0.25280898876404495
Epidermis 2,slc6a9,12.207885,1.32149,2.821301384260983e-34,1.3631315828650046e-32,0.9178082191780822,0.6657303370786517
Epidermis 2,zcchc7,12.193335,2.995966,3.373320099677025e-34,1.624473143882358e-32,0.6815068493150684,0.14325842696629212
Epidermis 2,sash1,12.185742,2.3462243,3.7026482682331464e-34,1.7801334133013667e-32,0.7773972602739726,0.2893258426966292
Epidermis 2,heatr3,12.174145,1.8405731,4.26845342384893e-34,2.048787553900297e-32,0.8287671232876712,0.4101123595505618
Epidermis 2,plxna1,12.164022,1.4065557,4.831935022089112e-34,2.3078805985406348e-32,0.9041095890410958,0.601123595505618
Epidermis 2,coro1c,12.150527,1.3954558,5.699713669967276e-34,2.7179172966853743e-32,0.8972602739726028,0.5870786516853933
Epidermis 2,hyal4,12.127963,7.2543683,7.509385056362279e-34,3.569216822480094e-32,0.5582191780821918,0.008426966292134831
Epidermis 2,XB994119,12.082204,2.6619778,1.3115658666425009e-33,6.203621658224424e-32,0.7123287671232876,0.19101123595505617
Epidermis 2,syncrip,12.059429,1.7790599,1.7297695284617185e-33,8.168480304760015e-32,0.839041095890411,0.42696629213483145
Epidermis 2,ddx10,12.041717,2.4882307,2.1444749545450225e-33,1.0110507644565412e-31,0.7328767123287672,0.22191011235955055
Epidermis 2,ccser2,12.024846,1.8944032,2.6307734548114525e-33,1.238327517835645e-31,0.815068493150685,0.3904494382022472
Epidermis 2,noc2l,12.021472,2.9225729,2.7404457704540655e-33,1.2878773362723922e-31,0.6712328767123288,0.15168539325842698
Epidermis 2,znf385a,12.021261,5.631577,2.7474491261429388e-33,1.289096073937147e-31,0.565068493150685,0.025280898876404494
Epidermis 2,creb3l2,12.005657,1.5325948,3.318191945953435e-33,1.5444915409580393e-31,0.8458904109589042,0.5196629213483146
Epidermis 2,nedd9,11.94113,5.9228163,7.223553006172838e-33,3.3357295090590555e-31,0.5582191780821918,0.019662921348314606
Epidermis 2,cap1,11.917723,1.6536628,9.568858180635838e-33,4.404839267372696e-31,0.8458904109589042,0.47752808988764045
Epidermis 2,abcc3,11.887146,4.890974,1.3804357531895714e-32,6.334618132101155e-31,0.565068493150685,0.042134831460674156
Epidermis 2,arhgap21,11.877657,2.0127144,1.5464200316232442e-32,7.07408512431597e-31,0.7876712328767124,0.3398876404494382
Epidermis 2,grip1,11.873017,3.3149848,1.634636008216814e-32,7.465944555654014e-31,0.6301369863013698,0.12078651685393259
Epidermis 2,als2cl,11.872596,2.8186874,1.6428992369684722e-32,7.49197934412253e-31,0.6712328767123288,0.16853932584269662
Epidermis 2,pacsin2,11.854461,2.04069,2.0403402969788536e-32,9.289904551555898e-31,0.7705479452054794,0.3146067415730337
Epidermis 2,kirrel1,11.79162,4.255757,4.3116532081877794e-32,1.944968131613225e-30,0.5787671232876712,0.06179775280898876
Epidermis 2,vasp,11.789933,1.522445,4.398895058652303e-32,1.9812650456003924e-30,0.8698630136986302,0.5252808988764045
Epidermis 2,mtf2,11.774751,2.0030327,5.267279636534795e-32,2.365097558456968e-30,0.7945205479452054,0.3342696629213483
Epidermis 2,pacs2,11.763996,1.9905392,5.983402065308418e-32,2.682528002623165e-30,0.75,0.3398876404494382
Epidermis 2,capn8,11.761465,1.6798651,6.165485010638387e-32,2.7557078340362493e-30,0.9554794520547946,0.5646067415730337
Epidermis 2,LOC100488559,11.754718,2.2219682,6.67838168167419e-32,2.980393510488828e-30,0.75,0.2949438202247191
Epidermis 2,map4k4,11.734473,1.281275,8.485264349554396e-32,3.7809872286863496e-30,0.9075342465753424,0.6320224719101124
Epidermis 2,afg2a,11.72161,2.499296,9.877639119679157e-32,4.394722513049338e-30,0.702054794520548,0.21910112359550563
Epidermis 2,ttc3,11.711066,1.5709044,1.1186346845919206e-31,4.9543652220161256e-30,0.8561643835616438,0.5028089887640449
Epidermis 2,mdn1,11.707271,2.129803,1.1698473347691167e-31,5.1733445450281466e-30,0.75,0.30337078651685395
Epidermis 2,myadm,11.702632,6.6981463,1.2356112762195195e-31,5.4559143829566125e-30,0.541095890410959,0.008426966292134831
Epidermis 2,srsf6,11.664675,1.0141939,1.9314047040503159e-31,8.489758030690946e-30,0.9794520547945206,0.7780898876404494
Epidermis 2,efna3,11.644853,2.9869015,2.437434567066002e-31,1.0650022396099598e-29,0.6438356164383562,0.14325842696629212
Epidermis 2,LOC100488564,11.633887,5.0302954,2.771823233426673e-31,1.2074987322845764e-29,0.5547945205479452,0.03089887640449438
Epidermis 2,cbfa2t2,11.628193,2.9361637,2.9630232942626424e-31,1.288871040395704e-29,0.6541095890410958,0.14325842696629212
Epidermis 2,XB5729271,11.623133,3.2066422,3.143938401288929e-31,1.3655343745628037e-29,0.6267123287671232,0.1151685393258427
Epidermis 2,acsf2,11.61533,4.6492295,3.4445563199531405e-31,1.4938846556164726e-29,0.5616438356164384,0.03932584269662921
Epidermis 2,adam13,11.6077385,2.275105,3.7643975661657276e-31,1.6301793371346725e-29,0.7328767123287672,0.2696629213483146
Epidermis 2,dhx32,11.59593,2.4442549,4.3214722139271895e-31,1.8658929731950617e-29,0.6917808219178082,0.2247191011235955
Epidermis 2,vcl,11.582434,1.2946123,5.058906540238557e-31,2.181075178137364e-29,0.8732876712328768,0.6348314606741573
Epidermis 2,kdm1a,11.571468,2.3942258,5.74902349568393e-31,2.4749588483407503e-29,0.6986301369863014,0.2303370786516854
Epidermis 2,arhgap17,11.560292,1.3048216,6.548565669835225e-31,2.815016516102257e-29,0.9143835616438356,0.6376404494382022
Epidermis 2,lims1,11.558394,2.5478318,6.694898928550828e-31,2.8736944284944087e-29,0.6746575342465754,0.20224719101123595
Epidermis 2,myo9a,11.5444765,2.2312093,7.871920786708952e-31,3.3690207396235636e-29,0.708904109589041,0.2808988764044944
Epidermis 2,csde1,11.535198,1.2695284,8.768502753511909e-31,3.7417825399694396e-29,0.9315068493150684,0.6376404494382022
Epidermis 2,gja7,11.53309,2.6588862,8.98600787627332e-31,3.829008691419029e-29,0.678082191780822,0.17415730337078653
Epidermis 2,pprc1,11.511159,2.7578459,1.1591061265775556e-30,4.9318531566213284e-29,0.6438356164383562,0.16573033707865167
Epidermis 2,atxn7,11.497241,1.792994,1.3619979052532433e-30,5.786709414019993e-29,0.821917808219178,0.40168539325842695
Epidermis 2,plekha7,11.486697,2.6837244,1.538832944015118e-30,6.528537850000858e-29,0.6575342465753424,0.17415730337078653
Epidermis 2,trim71,11.467507,1.0281773,1.9211259709725694e-30,8.103381422438554e-29,0.9691780821917808,0.7668539325842697
Epidermis 2,fignl2,11.457386,2.027477,2.1593420567221318e-30,9.095061622484818e-29,0.7636986301369864,0.3455056179775281
Epidermis 2,prkce,11.421748,2.064744,3.256170454892113e-30,1.3675448069964276e-28,0.7328767123287672,0.31179775280898875
Epidermis 2,usp24,11.403192,1.991237,4.030673063598978e-30,1.687974273955039e-28,0.7465753424657534,0.33146067415730335
Epidermis 2,bicd2,11.396022,2.33309,4.376654893999505e-30,1.8276285600928504e-28,0.6917808219178082,0.23314606741573032
Epidermis 2,ablim1,11.389484,2.8878536,4.7177183338500744e-30,1.9672414353319762e-28,0.6404109589041096,0.14325842696629212
Epidermis 2,fer,11.387587,2.1729147,4.821587860184076e-30,2.0076899535760788e-28,0.7397260273972602,0.27808988764044945
Epidermis 2,rps8,11.338875,2.2652044,8.422015131042526e-30,3.496930742833865e-28,0.708904109589041,0.2443820224719101
Epidermis 2,sh2b3,11.333181,3.1632073,8.987965040063428e-30,3.721348528131644e-28,0.6061643835616438,0.11797752808988764
Epidermis 2,il11ra,11.332338,3.915933,9.074959247015816e-30,3.7520528111671757e-28,0.5684931506849316,0.06460674157303371
Epidermis 2,tnfrsf19,11.331494,1.7334223,9.16278899730498e-30,3.7830153274042634e-28,0.8664383561643836,0.4606741573033708
Epidermis 2,cfh,11.295224,1.6345371,1.3855003997391135e-29,5.656363433627657e-28,0.9041095890410958,0.5758426966292135
Epidermis 2,fblim1,11.286157,2.73033,1.5360763255932082e-29,6.262349661564166e-28,0.6472602739726028,0.1601123595505618
Epidermis 2,glis2,11.270762,4.4240947,1.8297758046596706e-29,7.438967530738085e-28,0.547945205479452,0.0449438202247191
Epidermis 2,lrrc8e,11.269919,3.2161276,1.8473896032270316e-29,7.500145207212412e-28,0.5993150684931506,0.11235955056179775
Epidermis 2,mga,11.250097,1.7900451,2.3133676432247526e-29,9.365934844751074e-28,0.815068493150685,0.40168539325842695
Epidermis 2,samd11,11.205813,2.987004,3.8182812869140846e-29,1.5331343447498024e-27,0.6164383561643836,0.16292134831460675
Epidermis 2,dkc1,11.180509,1.7073641,5.07977639944881e-29,2.034067725099838e-27,0.815068493150685,0.42134831460674155
Epidermis 2,cenpf,11.163218,1.7186241,6.171678167972801e-29,2.457824584850313e-27,0.7808219178082192,0.41853932584269665
Epidermis 2,sh3pxd2b,11.159,3.0720189,6.47154224651692e-29,2.5737367538494703e-27,0.6095890410958904,0.12359550561797752
Epidermis 2,wdr75,11.099745,3.1792145,1.2580295939075666e-28,4.9828540731046176e-27,0.5993150684931506,0.10393258426966293
Epidermis 2,carmil1,11.095105,1.8855956,1.325038535532884e-28,5.241163928573982e-27,0.7705479452054794,0.35674157303370785
Epidermis 2,zmym4,11.080133,1.4574536,1.5663917679004902e-28,6.179109010458736e-27,0.863013698630137,0.5168539325842697
Epidermis 2,arhgap22,11.079712,4.226656,1.5737874890220001e-28,6.199916723935591e-27,0.547945205479452,0.0449438202247191
Epidermis 2,gnl3,11.078025,2.393804,1.6037183848171471e-28,6.309325990119788e-27,0.6643835616438356,0.21348314606741572
Epidermis 2,phf21b,11.070011,1.9350144,1.753783390365364e-28,6.890435790829295e-27,0.726027397260274,0.32865168539325845
Epidermis 2,LOC100488276,11.065372,3.4692225,1.846945853131992e-28,7.237007269825906e-27,0.571917808219178,0.0898876404494382
Epidermis 2,LOC100486597,11.030367,2.2451005,2.72749201724175e-28,1.0602037121807659e-26,0.6986301369863014,0.24719101123595505
Epidermis 2,cblb,11.01898,2.1031656,3.095467154034163e-28,1.2000477503922097e-26,0.7123287671232876,0.2752808988764045
Epidermis 2,ssuh2,11.017293,1.4933038,3.15401730831343e-28,1.2211268866133756e-26,0.8972602739726028,0.5280898876404494
Epidermis 2,bmper,10.9552965,2.1647797,6.267297303012147e-28,2.4105179929519483e-26,0.7465753424657534,0.31179775280898875
Epidermis 2,ust,10.923665,2.332111,8.883690910314549e-28,3.3989420026100074e-26,0.6643835616438356,0.25280898876404495
Epidermis 2,acss3,10.9223995,4.405273,9.0083447746151e-28,3.442129753029726e-26,0.5342465753424658,0.0449438202247191
Epidermis 2,capn8.5,10.917761,3.8417213,9.480432518305496e-28,3.6177875057779103e-26,0.5547945205479452,0.05898876404494382
Epidermis 2,vangl2,10.873477,1.1241076,1.5420900912561098e-27,5.877032002282575e-26,0.910958904109589,0.6657303370786517
Epidermis 2,kctd12l,10.868628,2.3453102,1.6262929568101373e-27,6.189865809963167e-26,0.6678082191780822,0.22191011235955055
Epidermis 2,kdm4b,10.864409,1.0986183,1.7032090861610504e-27,6.474187880048591e-26,0.8938356164383562,0.7050561797752809
Epidermis 2,artn,10.841214,2.6953979,2.1953891444271015e-27,8.301865469695809e-26,0.6198630136986302,0.18820224719101122
Epidermis 2,znf521,10.831513,2.3432481,2.4408698828533517e-27,9.218225781096424e-26,0.6746575342465754,0.2443820224719101
Epidermis 2,LOC101733854,10.830037,1.555387,2.4805393161523628e-27,9.355954161348351e-26,0.8664383561643836,0.4943820224719101
Epidermis 2,ccdc86,10.828773,2.1412885,2.5150501059956345e-27,9.47389557324206e-26,0.7054794520547946,0.26685393258426965
Epidermis 2,pawr,10.814433,1.6565429,2.941063609252339e-27,1.1064379711976204e-25,0.8013698630136986,0.43258426966292135
Epidermis 2,polr3a,10.808317,2.195092,3.1438330034163925e-27,1.178171570805956e-25,0.6952054794520548,0.2443820224719101
Epidermis 2,lin28b,10.802413,1.4403226,3.352747015531373e-27,1.2548546480281377e-25,0.8664383561643836,0.5365168539325843
Epidermis 2,pde3a,10.790393,4.7946563,3.821509281656224e-27,1.4266479924916103e-25,0.5205479452054794,0.03089887640449438
Epidermis 2,ppp2r2a,10.785754,1.8835584,4.019335466599258e-27,1.4966776436199097e-25,0.7431506849315068,0.33707865168539325
Epidermis 2,notch2,10.785543,1.3669122,4.0285649372892135e-27,1.4982058738155343e-25,0.8664383561643836,0.5814606741573034
Epidermis 2,sema5b,10.771415,4.3023224,4.697278617385408e-27,1.744677906795335e-25,0.5273972602739726,0.0449438202247191
Epidermis 2,smad1,10.7473755,1.4945376,6.0972131743032515e-27,2.2589054283657585e-25,0.8356164383561644,0.4943820224719101
Epidermis 2,wnt6,10.726288,4.8193936,7.661244114456168e-27,2.8275988220917707e-25,0.5136986301369864,0.033707865168539325
Epidermis 2,pde3b,10.713635,2.4545047,8.784319469494121e-27,3.229867200160788e-25,0.6438356164383562,0.19382022471910113
Epidermis 2,pak2,10.705622,1.3953639,9.578511996950368e-27,3.5130424615163885e-25,0.8664383561643836,0.5337078651685393
Epidermis 2,epb41l1,10.701615,2.5077407,1.0001903029117839e-26,3.6591442733935365e-25,0.6335616438356164,0.19382022471910113
Epidermis 2,npr2,10.684535,5.7167892,1.2025046326035784e-26,4.388316219180425e-25,0.5,0.016853932584269662
Epidermis 2,rsf1,10.67863,1.5160714,1.2814842650544654e-26,4.670706552594399e-25,0.8458904109589042,0.47752808988764045
Epidermis 2,cd99l2,10.61832,3.2821043,2.4492806443699676e-26,8.882744728979965e-25,0.5616438356164384,0.09550561797752809
Epidermis 2,h2ac14,10.611783,1.0428678,2.6268650167665554e-26,9.503204369443463e-25,0.9143835616438356,0.6938202247191011
Epidermis 2,scaf4,10.606934,1.0057725,2.766814959663173e-26,9.9971283171711e-25,0.9315068493150684,0.7191011235955056
Epidermis 2,cbx5,10.595546,3.1409166,3.1251138357455066e-26,1.1277802781811964e-24,0.571917808219178,0.10674157303370786
Epidermis 2,erbin,10.588376,1.476475,3.373926486608444e-26,1.2160696070289943e-24,0.8561643835616438,0.5
Epidermis 2,fkbp10,10.571085,3.447759,4.0577324983730356e-26,1.455356793373524e-24,0.547945205479452,0.08707865168539326
Epidermis 2,dennd2c,10.549154,3.79544,5.1256515736151775e-26,1.8316371778526315e-24,0.5342465753424658,0.06741573033707865
Epidermis 2,bace2,10.543672,1.2003703,5.433543379301199e-26,1.9392906779041924e-24,0.8938356164383562,0.6235955056179775
Epidermis 2,ipo11,10.531862,2.9417129,6.160342239590732e-26,2.1906686618671127e-24,0.5821917808219178,0.12078651685393259
Epidermis 2,rrp1b,10.505292,2.9689817,8.166935662610755e-26,2.893669046712424e-24,0.5753424657534246,0.11797752808988764
Epidermis 2,cdh26,10.502551,2.47922,8.407676807516153e-26,2.9753607840254803e-24,0.6335616438356164,0.18258426966292135
Epidermis 2,uspl1,10.4995985,1.9409081,8.674806454224848e-26,3.0624790756454897e-24,0.7226027397260274,0.2949438202247191
Epidermis 2,flot2,10.4831505,2.1244783,1.0324575084521722e-25,3.6405024643625384e-24,0.6815068493150684,0.25
Epidermis 2,cadm4,10.482729,2.0738301,1.0370732555848802e-25,3.652372088433932e-24,0.6952054794520548,0.31179775280898875
Epidermis 2,fam107b,10.463962,3.9367414,1.264559965719474e-25,4.432176541720137e-24,0.5205479452054794,0.06179775280898876
Epidermis 2,dab2ip,10.459954,1.482444,1.319189202593777e-25,4.618110129463317e-24,0.8801369863013698,0.5365168539325843
Epidermis 2,tll1,10.454472,1.8854079,1.397753474199196e-25,4.8756243203241886e-24,0.75,0.3455056179775281
Epidermis 2,nup210,10.439921,3.1851501,1.6294525517731414e-25,5.677059301654434e-24,0.5616438356164384,0.09269662921348315
Epidermis 2,lnx1,10.43697,3.8383641,1.6809155679083745e-25,5.8493860673249635e-24,0.5273972602739726,0.0702247191011236
Epidermis 2,c2h21orf91,10.428956,4.1067944,1.8288630696666868e-25,6.3566583102766854e-24,0.5171232876712328,0.0449438202247191
Epidermis 2,fchsd2,10.42495,2.3637269,1.9076050760675198e-25,6.62247078129806e-24,0.6404109589041096,0.21067415730337077
Epidermis 2,LOC101733825,10.407868,2.0542111,2.282746893906599e-25,7.906039627462537e-24,0.678082191780822,0.28370786516853935
Epidermis 2,emilin1,10.39142,6.2186155,2.7128176023252606e-25,9.384422643025999e-24,0.4828767123287671,0.011235955056179775
Epidermis 2,ttyh3,10.384673,1.0019795,2.9116615214522115e-25,1.0060375642265909e-23,0.9383561643835616,0.7303370786516854
Epidermis 2,LOC100486074,10.355361,2.0813336,3.95689626174867e-25,1.3655730180304056e-23,0.6883561643835616,0.2612359550561798
Epidermis 2,XB5900382,10.353042,2.6544485,4.053974103876773e-25,1.3974259083776173e-23,0.5958904109589042,0.16573033707865167
Epidermis 2,klf13,10.337226,1.8109002,4.7817790632495855e-25,1.6444256917393957e-23,0.7568493150684932,0.3455056179775281
Epidermis 2,dnajc11,10.335328,2.3151987,4.8773878853384165e-25,1.675334022048499e-23,0.6267123287671232,0.21348314606741572
Epidermis 2,srsf1,10.333641,1.6321036,4.96396228099629e-25,1.70307020464557e-23,0.7876712328767124,0.40168539325842695
Epidermis 2,rapgef5,10.327105,1.3476015,5.31406014597065e-25,1.8189144277150828e-23,0.8938356164383562,0.5814606741573034
Epidermis 2,cnn2,10.317615,1.63389,5.866222937176218e-25,2.0032191901471732e-23,0.7465753424657534,0.398876404494382
Epidermis 2,dhcr7,10.296949,3.6070397,7.273124452192867e-25,2.4749790554371327e-23,0.5273972602739726,0.0702247191011236
Epidermis 2,acvr1,10.291888,1.0839596,7.665796274515809e-25,2.602542286880042e-23,0.8835616438356164,0.6573033707865169
Epidermis 2,srcap,10.291045,1.2501504,7.733253448078538e-25,2.6223982777353104e-23,0.9041095890410958,0.6067415730337079
Epidermis 2,p2rx1,10.287882,4.6823244,7.991497285128262e-25,2.7068303260901996e-23,0.4965753424657534,0.03651685393258427
Epidermis 2,tox,10.267427,2.2178059,9.880458382837636e-25,3.338909583684705e-23,0.6541095890410958,0.24157303370786518
Epidermis 2,LOC116410428,10.196996,2.2454689,2.0450123657620006e-24,6.831743595838747e-23,0.6404109589041096,0.21348314606741572
Epidermis 2,map3k5,10.192145,1.7569269,2.1496723095077008e-24,7.165002426364835e-23,0.7226027397260274,0.36235955056179775
Epidermis 2,fkbp9,10.188982,3.7895331,2.220769792125196e-24,7.393544623418177e-23,0.5136986301369864,0.05898876404494382
Epidermis 2,brf1,10.185608,1.7649741,2.299175696149697e-24,7.637182360699068e-23,0.8184931506849316,0.3539325842696629
Epidermis 2,axin2l,10.171691,1.3109957,2.6526407116384864e-24,8.781352281076398e-23,0.9178082191780822,0.6039325842696629
Epidermis 2,pard6g,10.16663,2.9486618,2.7940994690534778e-24,9.228736901683866e-23,0.5616438356164384,0.11235955056179775
Epidermis 2,bambi,10.164099,2.0673633,2.867605770334911e-24,9.46083343935212e-23,0.6986301369863014,0.26685393258426965
Epidermis 2,LOC100490096,10.151446,4.864103,3.2648710129641385e-24,1.0759351136409777e-22,0.4863013698630137,0.028089887640449437
Epidermis 2,sub1,10.142801,2.2395627,3.567220108322492e-24,1.1729292574395362e-22,0.6404109589041096,0.21067415730337077
Epidermis 2,nxn,10.110959,2.1493342,4.939832141363558e-24,1.6206086792839303e-22,0.6541095890410958,0.23595505617977527
Epidermis 2,sf3b3,10.093879,1.2087803,5.879944685671193e-24,1.9225577528730945e-22,0.9143835616438356,0.6207865168539326
Epidermis 2,pxdn,10.091137,2.319552,6.046508693560692e-24,1.9748100069438278e-22,0.6095890410958904,0.21910112359550563
Epidermis 2,eif4a1,10.073423,1.1331466,7.241266125386234e-24,2.362382255704967e-22,0.863013698630137,0.6123595505617978
Epidermis 2,clmn,10.068362,2.2512593,7.62366754982888e-24,2.481597173151982e-22,0.6335616438356164,0.21348314606741572
Epidermis 2,utp18,10.054867,1.6638293,8.743968473792258e-24,2.8336468121665355e-22,0.7534246575342466,0.3707865168539326
Epidermis 2,XB5748694,10.043901,1.6269344,9.773067474853056e-24,3.1636382653092986e-22,0.7808219178082192,0.40730337078651685
Epidermis 2,ppm1f,10.02914,4.142709,1.1350068340307227e-23,3.6619629984053043e-22,0.4931506849315068,0.0449438202247191
Epidermis 2,cd99,10.014379,1.9145502,1.3178692227544851e-23,4.247258572253182e-22,0.6952054794520548,0.29775280898876405
Epidermis 2,abracl,9.988231,1.9917744,1.7161750840582578e-23,5.512693833198565e-22,0.6917808219178082,0.2696629213483146
Epidermis 2,pls3,9.98802,1.0100315,1.7198291686293026e-23,5.518367335697381e-22,0.8938356164383562,0.6825842696629213
Epidermis 2,gnaq,9.980218,2.7182758,1.8605846169154027e-23,5.96345931327348e-22,0.5753424657534246,0.12921348314606743
Epidermis 2,gas6,9.974313,1.9584006,1.974630968575481e-23,6.315146372257099e-22,0.6575342465753424,0.2808988764044944
Epidermis 2,u2surp,9.968409,1.0949773,2.0955955370360942e-23,6.694683403617712e-22,0.9041095890410958,0.6573033707865169
Epidermis 2,zzz3,9.968198,1.7084627,2.1000487897773974e-23,6.70158582685405e-22,0.7294520547945206,0.351123595505618
Epidermis 2,ptgs2,9.950695,3.3457975,2.504275172404088e-23,7.982820890353751e-22,0.5273972602739726,0.06179775280898876
Epidermis 2,ranbp2,9.94943,1.0582428,2.5363176226287757e-23,8.076154730616748e-22,0.8972602739726028,0.6601123595505618
Epidermis 2,LOC116412216,9.935934,1.4270339,2.904408957261505e-23,9.228128068446853e-22,0.8013698630136986,0.48314606741573035
Epidermis 2,ugdhl,9.931084,4.587552,3.049224023524907e-23,9.6777271912765e-22,0.4828767123287671,0.042134831460674156
Epidermis 2,tbx3,9.928343,2.2358208,3.134215002782012e-23,9.925919690825678e-22,0.6438356164383562,0.22191011235955055
Epidermis 2,srf,9.928343,1.7801701,3.134215002782012e-23,9.925919690825678e-22,0.6917808219178082,0.3202247191011236
Epidermis 2,impdh1,9.924125,2.1337419,3.2695716690443115e-23,1.0332199941387487e-21,0.6438356164383562,0.2303370786516854
Epidermis 2,tmsb15a,9.923703,5.5711265,3.283421581247689e-23,1.0364762013115678e-21,0.4657534246575342,0.016853932584269662
Epidermis 2,wnt3a,9.90599,2.7198544,3.920672892660771e-23,1.234969712557834e-21,0.5753424657534246,0.1404494382022472
Epidermis 2,arhgef11,9.904936,1.90337,3.962248495805468e-23,1.2467221289654428e-21,0.6746575342465754,0.2893258426966292
Epidermis 2,frmd8,9.897977,1.1564547,4.2478089126190353e-23,1.3351365841372797e-21,0.8561643835616438,0.6095505617977528
Epidermis 2,tfap4,9.89376,3.042926,4.430696109106525e-23,1.391124360529461e-21,0.5342465753424658,0.10112359550561797
Epidermis 2,ddx46,9.8853245,1.0067906,4.820177119245673e-23,1.5101671744123288e-21,0.9315068493150684,0.699438202247191
Epidermis 2,bptf,9.874991,1.1777571,5.343739872150869e-23,1.6724074968184375e-21,0.9006849315068494,0.6151685393258427
Epidermis 2,znf423,9.874781,1.8218985,5.354991127110586e-23,1.6741363169686584e-21,0.6986301369863014,0.33707865168539325
Epidermis 2,hnrnpul1,9.86487,2.1339517,5.911111790792665e-23,1.8460225294515e-21,0.6472602739726028,0.22191011235955055
Epidermis 2,usp7,9.854326,1.2903665,6.565566054494148e-23,2.043855818305841e-21,0.8801369863013698,0.5589887640449438
Epidermis 2,lrp1,9.84568,2.5834806,7.155351287801702e-23,2.220361714370823e-21,0.571917808219178,0.15168539325842698
Epidermis 2,kpnb1,9.830287,1.7573469,8.338122010891029e-23,2.5819030137749543e-21,0.7431506849315068,0.32865168539325845
Epidermis 2,lrp5,9.820586,1.710587,9.18079933902393e-23,2.839830110888979e-21,0.702054794520548,0.3455056179775281
Epidermis 2,phf21a,9.809621,1.9059916,1.0235234337799394e-22,3.1559718874284186e-21,0.6746575342465754,0.2893258426966292
Epidermis 2,imp3,9.808355,2.6724033,1.0364362932107839e-22,3.192420367423016e-21,0.571917808219178,0.13202247191011235
Epidermis 2,LOC105945811,9.800132,1.3267062,1.1243905202046597e-22,3.459690452221306e-21,0.8424657534246576,0.5589887640449438
Epidermis 2,apln,9.788112,4.7932734,1.2663861163879217e-22,3.892506053431687e-21,0.4691780821917808,0.025280898876404494
Epidermis 2,ripk4,9.781575,2.2233512,1.3509206681015878e-22,4.143626657846539e-21,0.6267123287671232,0.20224719101123595
Epidermis 2,lbr,9.776936,2.280808,1.4142782945790847e-22,4.333413923358619e-21,0.6198630136986302,0.1853932584269663
Epidermis 2,dmd,9.776303,2.1921678,1.4231428046700306e-22,4.3560091438020595e-21,0.6267123287671232,0.22191011235955055
Epidermis 2,naca,9.763018,1.9102238,1.622536357680839e-22,4.955941512159728e-21,0.6678082191780822,0.2752808988764045
Epidermis 2,actb,9.745727,1.4398551,1.9239815150413449e-22,5.864432081978473e-21,0.75,0.4438202247191011
Epidermis 2,eif3e,9.738557,2.4772305,2.0646611873559448e-22,6.2866782466251694e-21,0.5821917808219178,0.15168539325842698
Epidermis 2,pbx1,9.723373,2.076977,2.397050940590285e-22,7.276032818732567e-21,0.6438356164383562,0.2303370786516854
Epidermis 2,myo1e.2,9.720422,1.5461116,2.4675802700375027e-22,7.482348430857493e-21,0.7328767123287672,0.398876404494382
Epidermis 2,src,9.711565,2.5558224,2.6917261981278874e-22,8.153559429790288e-21,0.5684931506849316,0.1544943820224719
Epidermis 2,zmym2,9.663064,1.8117322,4.327245814019273e-22,1.3053634921527075e-20,0.684931506849315,0.300561797752809
Epidermis 2,pnkd,9.651677,2.0309494,4.835847641799552e-22,1.4557843709314387e-20,0.6335616438356164,0.2696629213483146
Epidermis 2,mcph1,9.606972,2.3354564,7.471415321698819e-22,2.244572880458152e-20,0.589041095890411,0.19382022471910113
Epidermis 2,sri,9.604441,1.9190494,7.657224023086634e-22,2.298031985819768e-20,0.6541095890410958,0.2696629213483146
Epidermis 2,numb,9.5673275,1.3570191,1.097049132509473e-21,3.2688932917823045e-20,0.8013698630136986,0.48314606741573035
Epidermis 2,copg2,9.53169,2.3746226,1.5474366910883918e-21,4.5875377197976454e-20,0.5856164383561644,0.17134831460674158
Epidermis 2,plod3,9.530003,3.4006793,1.5727906668893468e-21,4.6579781138644886e-20,0.4965753424657534,0.0702247191011236
Epidermis 2,lpar1,9.506174,4.6101046,1.978039605734313e-21,5.846317059172872e-20,0.4589041095890411,0.028089887640449437
Epidermis 2,wdr43,9.480448,1.990394,2.5319490548232514e-21,7.453313476489271e-20,0.636986301369863,0.23595505617977527
Epidermis 2,cic,9.465264,1.6738908,2.928187354595283e-21,8.60239643840952e-20,0.6986301369863014,0.3398876404494382
Epidermis 2,LOC100495147,9.456408,1.5552442,3.187036610072235e-21,9.344058891576881e-20,0.773972602739726,0.4101123595505618
Epidermis 2,rrp12,9.447129,2.2146373,3.482498256052881e-21,1.020009083393605e-19,0.6027397260273972,0.19101123595505617
Epidermis 2,lmna,9.445865,2.8976765,3.524833172203107e-21,1.0313753599266168e-19,0.5171232876712328,0.11235955056179775
Epidermis 2,ube2e2,9.43511,2.0783734,3.905853023877422e-21,1.1405793180915178e-19,0.613013698630137,0.2443820224719101
Epidermis 2,hnrnph1,9.429838,1.3130844,4.1072333341326545e-21,1.1981889979045073e-19,0.7945205479452054,0.48314606741573035
Epidermis 2,pde10a,9.424145,3.0729117,4.3362680392824155e-21,1.2637432807204814e-19,0.5102739726027398,0.09831460674157304
Epidermis 2,ube2e1,9.417818,1.1345782,4.605587659226796e-21,1.3408957456858413e-19,0.8732876712328768,0.6320224719101124
Epidermis 2,mfsd14bl,9.367841,1.4079031,7.403125008902409e-21,2.1468328088812135e-19,0.7534246575342466,0.449438202247191
Epidermis 2,paxbp1,9.34591,1.507947,9.110243338679273e-21,2.6392618734681247e-19,0.7636986301369864,0.4101123595505618
Epidermis 2,LOC116410398,9.305001,1.5355159,1.339913240024965e-20,3.862623660667629e-19,0.7363013698630136,0.39325842696629215
Epidermis 2,rpl5,9.299096,1.8399171,1.4164436527668767e-20,4.0792181688698097e-19,0.6506849315068494,0.2752808988764045
Epidermis 2,tmem123,9.297832,3.163592,1.433396989042021e-20,4.1239790734928454e-19,0.4965753424657534,0.07865168539325842
Epidermis 2,set,9.284757,1.4741758,1.6207665574380914e-20,4.658468755208736e-19,0.7636986301369864,0.4101123595505618
Epidermis 2,prr11,9.284335,2.3073604,1.6271977704190507e-20,4.672359334687551e-19,0.5684931506849316,0.1797752808988764
Epidermis 2,amotl1,9.278431,4.161076,1.719929110705475e-20,4.928945866179582e-19,0.4554794520547945,0.03932584269662921
Epidermis 2,LOC116411581,9.26873,1.2434053,1.883744280693987e-20,5.393117440643089e-19,0.815068493150685,0.5449438202247191
Epidermis 2,pdzrn3,9.2565,3.325608,2.1124335560311663e-20,6.036025931216718e-19,0.4863013698630137,0.08146067415730338
Epidermis 2,usp10,9.243215,1.719525,2.3919996725664156e-20,6.821516334515989e-19,0.6952054794520548,0.31179775280898875
Epidermis 2,gab3,9.219386,2.0993168,2.98805762823749e-20,8.513051903607219e-19,0.6027397260273972,0.24157303370786518
Epidermis 2,ppp4r1l,9.215169,2.850382,3.107891447607422e-20,8.845839815483208e-19,0.5136986301369864,0.10674157303370786
Epidermis 2,itsn1,9.1999855,1.637413,3.5799694880981446e-20,1.015981437928125e-18,0.6986301369863014,0.33707865168539325
Epidermis 2,kidins220,9.199564,2.3791814,3.594047743354213e-20,1.0189874838602035e-18,0.565068493150685,0.15168539325842698
Epidermis 2,mcc,9.186912,2.262559,4.042814574641245e-20,1.1440030283769433e-18,0.5684931506849316,0.19382022471910113
Epidermis 2,marcks,9.186912,1.6763128,4.042814574641245e-20,1.1440030283769433e-18,0.6917808219178082,0.33146067415730335
Epidermis 2,kcnj15,9.1687765,2.5472512,4.784176917108349e-20,1.3498675237837271e-18,0.547945205479452,0.14325842696629212
Epidermis 2,hunk,9.166457,1.4315615,4.888212046228877e-20,1.3765638374115251e-18,0.7568493150684932,0.4410112359550562
Epidermis 2,klhdc4,9.165402,3.4455776,4.9362369987582054e-20,1.388750180083745e-18,0.476027397260274,0.06741573033707865
Epidermis 2,cadm1,9.161185,1.2603432,5.133045245359627e-20,1.4399620495883613e-18,0.8116438356164384,0.5393258426966292
Epidermis 2,slc25a25,9.161185,1.2146814,5.133045245359627e-20,1.4399620495883613e-18,0.8321917808219178,0.5393258426966292
Epidermis 2,specc1l,9.158443,1.9280881,5.26510945744513e-20,1.4755936198521438e-18,0.6198630136986302,0.2443820224719101
Epidermis 2,grk4,9.148111,2.9635446,5.793776337966095e-20,1.6175537357696937e-18,0.5034246575342466,0.09550561797752809
Epidermis 2,plekha1,9.119432,2.1920226,7.551894956145597e-20,2.094396977828197e-18,0.5787671232876712,0.19101123595505617
Epidermis 2,limk2,9.117324,1.4955714,7.700249738791157e-20,2.1335165887640218e-18,0.7465753424657534,0.3960674157303371
Epidermis 2,myo1c,9.100664,2.3827817,8.978085929250856e-20,2.4805144593377292e-18,0.5513698630136986,0.1601123595505618
Epidermis 2,arhgap12,9.091597,2.3371794,9.759493458717348e-20,2.691318427280819e-18,0.5616438356164384,0.16573033707865167
Epidermis 2,pmm2,9.076836,2.0630054,1.117771005406253e-19,3.0766068040518063e-18,0.6095890410958904,0.21629213483146068
Epidermis 2,eif4a2,9.057435,1.3043176,1.3355359517316028e-19,3.669083778671662e-18,0.773972602739726,0.4747191011235955
Epidermis 2,taf15,9.053218,1.3344584,1.3881587791248338e-19,3.810072232168828e-18,0.7602739726027398,0.45224719101123595
Epidermis 2,limd2,9.047524,3.106213,1.4624628302933832e-19,4.006490252324825e-18,0.4897260273972603,0.08146067415730338
Epidermis 2,pde4a,9.029179,1.8501612,1.7296555166887686e-19,4.729612760367577e-18,0.6917808219178082,0.2949438202247191
Epidermis 2,git1,9.0085125,2.539801,2.0886967393384986e-19,5.706046204448939e-18,0.5273972602739726,0.13202247191011235
Epidermis 2,klb,8.974984,4.5043783,2.8339325910317847e-19,7.720287378233932e-18,0.4349315068493151,0.03089887640449438
Epidermis 2,zc3h15,8.957271,1.0496309,3.328144387193108e-19,9.049766379724812e-18,0.9075342465753424,0.6544943820224719
Epidermis 2,sbno1,8.943142,1.3585949,3.782591987959589e-19,1.0266383138351603e-17,0.7773972602739726,0.449438202247191
Epidermis 2,wnt2b,8.938502,3.9729807,3.9447852992683638e-19,1.0696662252589382e-17,0.4452054794520548,0.042134831460674156
Epidermis 2,rps6,8.931334,1.8419074,4.20905714438537e-19,1.138158643732921e-17,0.613013698630137,0.25280898876404495
Epidermis 2,eif3a,8.926694,1.1343597,4.389299140847103e-19,1.1847054772493228e-17,0.821917808219178,0.5561797752808989
Epidermis 2,tenm3,8.900545,1.099108,5.557284289961763e-19,1.4971887288467493e-17,0.8424657534246576,0.6292134831460674
Epidermis 2,wtip,8.892532,1.6558373,5.973174195122062e-19,1.6062728141454737e-17,0.6815068493150684,0.3258426966292135
Epidermis 2,nfyc,8.87018,1.3145715,7.302789646582991e-19,1.9620206264638548e-17,0.75,0.4606741573033708
Epidermis 2,abcb5,8.863221,1.6175271,7.773528982973115e-19,2.0865750753102582e-17,0.7636986301369864,0.35674157303370785
Epidermis 2,smo,8.854364,2.4134262,8.416209407112566e-19,2.2549424122759618e-17,0.5376712328767124,0.13764044943820225
Epidermis 2,cyrib,8.845718,2.1809986,9.094126390605756e-19,2.43211718685999e-17,0.5616438356164384,0.18820224719101122
Epidermis 2,rassf1,8.82927,2.283746,1.0536077229334632e-18,2.8126034108737954e-17,0.5547945205479452,0.17134831460674158
Epidermis 2,cdx2,8.8178835,2.0518944,1.1664384669772081e-18,3.1081278785971535e-17,0.5993150684931506,0.21348314606741572
Epidermis 2,fnip2,8.816196,3.0342278,1.1841390801019978e-18,3.1495513603695626e-17,0.4794520547945205,0.08146067415730338
Epidermis 2,cpsf6,8.798904,1.1379889,1.3815809493573835e-18,3.6613774007856465e-17,0.8321917808219178,0.5561797752808989
Epidermis 2,p3h2,8.793,5.8420506,1.4561831254978338e-18,3.852098546735491e-17,0.410958904109589,0.011235955056179775
Epidermis 2,gpr4l,8.792156,2.2949843,1.4671603484936772e-18,3.877627861376011e-17,0.5445205479452054,0.16292134831460675
Epidermis 2,XB5726464,8.782456,2.7332256,1.599425044522794e-18,4.2233779111513816e-17,0.5,0.11235955056179775
Epidermis 2,esf1,8.779504,2.389567,1.6419682533650546e-18,4.3318027088550463e-17,0.5342465753424658,0.15168539325842698
Epidermis 2,sumo2,8.757362,2.2919793,1.998720377569048e-18,5.2587394560504804e-17,0.5445205479452054,0.1601123595505618
Epidermis 2,sf1,8.754199,1.0994489,2.055573703477523e-18,5.40345997539132e-17,0.8664383561643836,0.6067415730337079
Epidermis 2,arid2,8.737751,1.1098062,2.3779631808337896e-18,6.228516284852375e-17,0.8493150684931506,0.5758426966292135
Epidermis 2,cnot2,8.732268,1.4527231,2.496146234047073e-18,6.526373038231664e-17,0.7328767123287672,0.3848314606741573
Epidermis 2,dzip1,8.732058,2.9044802,2.5008057273450446e-18,6.532712441110188e-17,0.4828767123287671,0.09269662921348315
Epidermis 2,nolc1,8.72046,1.4863467,2.7707463831511962e-18,7.224949823897647e-17,0.6815068493150684,0.3707865168539326
Epidermis 2,notch3,8.71582,1.0216273,2.8866049049510574e-18,7.520351869574364e-17,0.9178082191780822,0.6657303370786517
Epidermis 2,tnpo1,8.714133,1.2412757,2.9299105016123296e-18,7.626377014481746e-17,0.8287671232876712,0.5196629213483146
Epidermis 2,map7d1,8.697685,1.5516411,3.3872224103072783e-18,8.785439066166109e-17,0.708904109589041,0.34269662921348315
Epidermis 2,aatf,8.68925,2.3771698,3.648387275359285e-18,9.446059206911185e-17,0.5308219178082192,0.15168539325842698
Epidermis 2,slk,8.674489,1.8024421,4.154106510688184e-18,1.0707997126448529e-16,0.6506849315068494,0.25842696629213485
Epidermis 2,mphosph10,8.644335,2.2876718,5.411986205034893e-18,1.3901385655481103e-16,0.5376712328767124,0.1601123595505618
Epidermis 2,nol8,8.634634,2.2436259,5.891527011341651e-18,1.5093358989353882e-16,0.5445205479452054,0.1601123595505618
Epidermis 2,mllt3,8.607431,2.1960945,7.4715765675879e-18,1.9091053727898766e-16,0.5616438356164384,0.18820224719101122
Epidermis 2,snrnp200,8.604901,1.3460109,7.638263992122008e-18,1.949992093918938e-16,0.7568493150684932,0.43258426966292135
Epidermis 2,LOC100498497,8.596888,1.7454154,8.190696903049168e-18,2.0873780398694874e-16,0.6335616438356164,0.2752808988764045
Epidermis 2,snai1,8.594779,3.643181,8.342512285896024e-18,2.1242158242946575e-16,0.4383561643835616,0.05337078651685393
Epidermis 2,epha2,8.550496,1.3832223,1.2256101700615489e-17,3.1125813102579616e-16,0.7671232876712328,0.43258426966292135
Epidermis 2,efnb2,8.549652,1.2076867,1.2345998061301872e-17,3.13268983793329e-16,0.7876712328767124,0.5196629213483146
Epidermis 2,nop58,8.543326,1.6990145,1.3041283708355458e-17,3.3062425332084853e-16,0.636986301369863,0.2893258426966292
Epidermis 2,ptpra,8.542482,1.8233805,1.3136860802278848e-17,3.3275873319879807e-16,0.6061643835616438,0.24719101123595505
Epidermis 2,nup58,8.535734,2.1543555,1.3926778152966173e-17,3.524620365275794e-16,0.547945205479452,0.1797752808988764
Epidermis 2,rtn4,8.533626,1.233824,1.41831063561667e-17,3.58638738665319e-16,0.773972602739726,0.4803370786516854
Epidermis 2,LOC100492862,8.524769,2.053225,1.531149115152871e-17,3.8616928201064345e-16,0.565068493150685,0.19662921348314608
Epidermis 2,cfp,8.524769,3.339896,1.531149115152871e-17,3.8616928201064345e-16,0.4452054794520548,0.06741573033707865
Epidermis 2,LOC100488102,8.517178,1.4947681,1.6348857190986e-17,4.119771073704412e-16,0.6712328767123288,0.28651685393258425
Epidermis 2,etf1,8.492294,1.4139899,2.0259663114488836e-17,5.08771660223044e-16,0.6952054794520548,0.38202247191011235
Epidermis 2,mettl24,8.450963,5.4806457,2.889087573126442e-17,7.218027252141798e-16,0.3972602739726027,0.014044943820224719
Epidermis 2,gnb4,8.447167,2.0395467,2.984548552834858e-17,7.443800234463801e-16,0.5616438356164384,0.19382022471910113
Epidermis 2,tbl1xr1,8.44527,1.3179151,3.0334392614447486e-17,7.55285034508445e-16,0.7294520547945206,0.4241573033707865
Epidermis 2,ola1,8.438733,1.7328104,3.2079658886279674e-17,7.973813851231643e-16,0.6164383561643836,0.27247191011235955
Epidermis 2,top2b,8.438733,1.109126,3.2079658886279674e-17,7.973813851231643e-16,0.8835616438356164,0.598314606741573
Epidermis 2,utp6,8.436202,2.2405128,3.278152268267784e-17,8.141348254353068e-16,0.5342465753424658,0.14606741573033707
Epidermis 2,gon4l,8.435148,2.1717353,3.3078417243642517e-17,8.208108781399952e-16,0.5445205479452054,0.16573033707865167
Epidermis 2,ipmk,8.427556,2.0218766,3.5295794611396297e-17,8.736082745857114e-16,0.5582191780821918,0.21067415730337077
Epidermis 2,ptk2,8.411741,2.7390518,4.039692387766538e-17,9.964915458801996e-16,0.4794520547945205,0.09831460674157304
Epidermis 2,tasor,8.39951,1.1893064,4.483443544820498e-17,1.105021401843575e-15,0.8082191780821918,0.5140449438202247
Epidermis 2,ubap2l,8.393184,1.3878603,4.731497943468153e-17,1.1641954241205186e-15,0.6917808219178082,0.38764044943820225
Epidermis 2,cbx3,8.376103,1.8664829,5.470886979389601e-17,1.3427329747652177e-15,0.5924657534246576,0.22752808988764045
Epidermis 2,pes1,8.37041,2.9821239,5.741821035997992e-17,1.4056881968447008e-15,0.4589041095890411,0.07865168539325842
Epidermis 2,xrn2,8.361553,1.2250582,6.189792900722169e-17,1.5115608711863804e-15,0.821917808219178,0.5028089887640449
Epidermis 2,septin10,8.354383,1.2873476,6.577538491696895e-17,1.604908411108447e-15,0.7568493150684932,0.449438202247191
Epidermis 2,ncoa7,8.350377,2.422909,6.804553546352102e-17,1.6575325392784856e-15,0.5034246575342466,0.13202247191011235
Epidermis 2,zmym3,8.349744,1.3966309,6.841097522206414e-17,1.6650468082565836e-15,0.702054794520548,0.39325842696629215
Epidermis 2,cfl1,8.348901,1.8327744,6.890124066165135e-17,1.675584164543037e-15,0.5958904109589042,0.22752808988764045
Epidermis 2,ran,8.340255,1.636746,7.413057750778671e-17,1.7997598929652105e-15,0.6541095890410958,0.2949438202247191
Epidermis 2,mib1,8.332664,1.4018812,7.904363090995894e-17,1.917447614214946e-15,0.6815068493150684,0.3792134831460674
Epidermis 2,tns1,8.310944,2.7512062,9.494414896438294e-17,2.291752616331856e-15,0.4726027397260274,0.11797752808988764
Epidermis 2,c9h7orf50,8.289434,2.782376,1.1378826897548772e-16,2.7398228092442187e-15,0.4657534246575342,0.10393258426966293
Epidermis 2,s100a10,8.287115,1.135068,1.160286603039503e-16,2.791468122917507e-15,0.7636986301369864,0.5084269662921348
Epidermis 2,cecr2,8.283952,2.631462,1.1915397770425775e-16,2.8643009229220053e-15,0.476027397260274,0.10674157303370786
Epidermis 2,ezh2,8.282475,1.1553787,1.2064072428031615e-16,2.8976573635480044e-15,0.8116438356164384,0.5252808988764045
Epidermis 2,depdc1,8.271932,1.6148317,1.3180560059680196e-16,3.160631264187956e-15,0.6061643835616438,0.3061797752808989
Epidermis 2,ddx27,8.267504,3.070692,1.3679317542716694e-16,3.277542058124194e-15,0.4452054794520548,0.07865168539325842
Epidermis 2,luc7l3,8.263708,1.1910235,1.4121601242481274e-16,3.380741408017773e-15,0.8527397260273972,0.5337078651685393
Epidermis 2,kcnk5,8.263075,2.339327,1.4196673552578061e-16,3.3959326073274085e-15,0.5034246575342466,0.14887640449438203
Epidermis 2,dcps,8.258647,3.146359,1.4733311099457411e-16,3.5128011154016276e-15,0.4417808219178082,0.06741573033707865
Epidermis 2,nap1l1,8.250001,1.9543374,1.583931332052211e-16,3.7703498996106e-15,0.5513698630136986,0.21067415730337077
Epidermis 2,thada,8.248525,1.9458082,1.6036155894120605e-16,3.814099861196415e-15,0.565068493150685,0.21348314606741572
Epidermis 2,mrtfb,8.245151,2.900599,1.6495183544679557e-16,3.9169026010928356e-15,0.4554794520547945,0.0898876404494382
Epidermis 2,emx2,8.231866,2.8412418,1.843194739016008e-16,4.3626255397714114e-15,0.4623287671232877,0.09831460674157304
Epidermis 2,chka,8.225328,2.9012485,1.946560248665799e-16,4.5998304469482596e-15,0.4520547945205479,0.09269662921348315
Epidermis 2,fip1l1,8.223642,1.6119174,1.9741499511851753e-16,4.66125825711582e-15,0.6575342465753424,0.300561797752809
Epidermis 2,lrpprc,8.217316,1.8194476,2.0810875756389194e-16,4.901875175141116e-15,0.5821917808219178,0.24157303370786518
Epidermis 2,med27,8.215418,1.1606289,2.1142682063323124e-16,4.976020445998375e-15,0.7636986301369864,0.5028089887640449
Epidermis 2,ehd1,8.215207,1.7588781,2.1179869815383281e-16,4.980762466399587e-15,0.5993150684931506,0.25280898876404495
Epidermis 2,taf3,8.1958065,1.1187583,2.489183233644756e-16,5.825565660742183e-15,0.8287671232876712,0.547752808988764
Epidermis 2,tent4b,8.182311,1.1463978,2.784520115040461e-16,6.511544598619818e-15,0.821917808219178,0.5308988764044944
Epidermis 2,vwa8,8.170502,1.5750015,3.0710944180054965e-16,7.175952112927153e-15,0.6541095890410958,0.3089887640449438
Epidermis 2,parp1,8.168815,1.7963588,3.114338660387711e-16,7.271184774903608e-15,0.5958904109589042,0.23876404494382023
Epidermis 2,coro7,8.167972,3.2519317,3.1361852942913156e-16,7.316347353346325e-15,0.4315068493150685,0.05898876404494382
Epidermis 2,max,8.156584,1.3908489,3.4463249900035155e-16,8.020662880795603e-15,0.7328767123287672,0.38764044943820225
Epidermis 2,rcl1,8.15321,3.4796956,3.5438900147901234e-16,8.241165395571208e-15,0.4212328767123288,0.056179775280898875
Epidermis 2,tnpo2,8.145197,1.9609913,3.7866503812987926e-16,8.79869453861248e-15,0.5513698630136986,0.19662921348314608
Epidermis 2,rb1,8.135497,1.5489113,4.102525396754673e-16,9.502450069139131e-15,0.6712328767123288,0.32303370786516855
Epidermis 2,cstf3,8.132123,1.5082455,4.2183713924316117e-16,9.75531757691206e-15,0.660958904109589,0.33146067415730335
Epidermis 2,mmp11,8.127273,7.6343894,4.390568208451446e-16,1.0145509826185313e-14,0.3732876712328767,0.0028089887640449437
Epidermis 2,nop2,8.124953,2.0903947,4.475353938202662e-16,1.0325104259479244e-14,0.5342465753424658,0.17696629213483145
Epidermis 2,dlc1,8.11694,2.9189777,4.780853002000741e-16,1.1012538542276095e-14,0.4452054794520548,0.08707865168539326
Epidermis 2,ctif,8.113144,1.5677679,4.932647834017785e-16,1.1344313834474736e-14,0.6095890410958904,0.31741573033707865
Epidermis 2,nuak1,8.107661,29.537111,5.1603260886269445e-16,1.1839991514651037e-14,0.3698630136986301,0.0
Epidermis 2,chd8,8.10471,1.1445009,5.287179616948781e-16,1.212153312808077e-14,0.7808219178082192,0.5056179775280899
Epidermis 2,myl9,8.103444,3.6824946,5.342481536641302e-16,1.223872083052993e-14,0.410958904109589,0.0449438202247191
Epidermis 2,top2a,8.0840435,1.4469675,6.265388319293382e-16,1.4308091090723814e-14,0.6575342465753424,0.3539325842696629
Epidermis 2,rims2,8.057473,2.586035,7.788739899892511e-16,1.7745335620713793e-14,0.4691780821917808,0.11235955056179775
Epidermis 2,trrap,8.054311,1.1156658,7.992807500156429e-16,1.8181926539850007e-14,0.8047945205479452,0.5365168539325843
Epidermis 2,vwa5a.2,8.048195,1.6380811,8.40238740362777e-16,1.906911383504995e-14,0.5958904109589042,0.2808988764044944
Epidermis 2,chn1,8.043978,2.009059,8.696834362646731e-16,1.970675699647493e-14,0.541095890410959,0.17134831460674158
Epidermis 2,rev3l,8.031325,1.2847764,9.642530015711682e-16,2.179897872306792e-14,0.7191780821917808,0.4241573033707865
Epidermis 2,ptpru,8.004755,3.8463705,1.1970450757769612e-15,2.6978276491932424e-14,0.4006849315068493,0.0449438202247191
Epidermis 2,plscr1,8.0043335,1.2437373,1.2011544472839485e-15,2.7050035168379895e-14,0.791095890410959,0.47191011235955055
Epidermis 2,foxk2,7.9992723,1.1003422,1.2515641203478885e-15,2.814190061683779e-14,0.8253424657534246,0.5393258426966292
Epidermis 2,snx19,7.9861984,1.147868,1.3916365857467228e-15,3.1267432004582976e-14,0.7431506849315068,0.4887640449438202
Epidermis 2,slc12a6,7.973124,2.4003506,1.547124994450384e-15,3.47342632202605e-14,0.4794520547945205,0.14325842696629212
Epidermis 2,snrpc,7.9579415,1.7972102,1.7492522188608882e-15,3.9092042514925553e-14,0.571917808219178,0.23595505617977527
Epidermis 2,tnfaip8,7.954778,1.4277569,1.7945262380686755e-15,4.004259272136294e-14,0.7363013698630136,0.37359550561797755
Epidermis 2,anp32b,7.952037,1.7983325,1.8346958443843224e-15,4.090769963935784e-14,0.571917808219178,0.2247191011235955
Epidermis 2,rps10,7.9433913,1.9037883,1.967274308260833e-15,4.3796949965554004e-14,0.5513698630136986,0.2050561797752809
Epidermis 2,nrf1,7.9404387,2.1026773,2.0146714048675106e-15,4.4818005963228465e-14,0.5171232876712328,0.18820224719101122
Epidermis 2,aspm,7.9258885,1.3895489,2.26520606018004e-15,5.0276566700928437e-14,0.6575342465753424,0.37359550561797755
Epidermis 2,dhx15,7.9248343,1.4963408,2.284508893026722e-15,5.0666524622203425e-14,0.6404109589041096,0.31741573033707865
Epidermis 2,ccdc9,7.9054337,1.36537,2.670019803617861e-15,5.912677945420734e-14,0.6883561643835616,0.3792134831460674
Epidermis 2,LOC100487199,7.8991075,2.1195166,2.809071532120718e-15,6.215894773309667e-14,0.5034246575342466,0.17134831460674158
Epidermis 2,mtss2,7.881605,4.8299,3.232018995794992e-15,7.130199793666673e-14,0.3767123287671233,0.019662921348314606
Epidermis 2,cdc42bpa,7.877599,2.2739015,3.337328618762285e-15,7.356972311843164e-14,0.4897260273972603,0.14325842696629212
Epidermis 2,patz1,7.8761225,1.6450953,3.376972542093546e-15,7.43875541657396e-14,0.5958904109589042,0.26685393258426965
Epidermis 2,pds5b,7.860518,1.446828,3.825486525704996e-15,8.420391312717073e-14,0.6643835616438356,0.34831460674157305
Epidermis 2,ankrd13c,7.859885,1.6055037,3.844856364465745e-15,8.456658870556674e-14,0.5856164383561644,0.2893258426966292
Epidermis 2,trim24,7.845335,2.0758,4.3179942602840805e-15,9.475922689366664e-14,0.5136986301369864,0.16573033707865167
Epidermis 2,eif5b,7.836689,1.808045,4.6258136950609255e-15,1.0136218899574656e-13,0.5582191780821918,0.23314606741573032
Epidermis 2,spata1,7.8358455,1.2781492,4.6569769818646754e-15,1.0196860985534557e-13,0.7226027397260274,0.4297752808988764
Epidermis 2,map4,7.831839,2.7290204,4.80784784481721e-15,1.0519326373641605e-13,0.4452054794520548,0.08707865168539326
Epidermis 2,anxa1.2,7.8088536,4.8635283,5.771037513074172e-15,1.2598446418571405e-13,0.3732876712328767,0.019662921348314606
Epidermis 2,ddx52,7.796834,2.9240618,6.347962764268093e-15,1.3816626921989622e-13,0.4280821917808219,0.08426966292134831
Epidermis 2,nfx1,7.7930384,1.5534734,6.5416762737934855e-15,1.4217080978383447e-13,0.6232876712328768,0.2949438202247191
Epidermis 2,capza1,7.771529,1.1478513,7.754416892600728e-15,1.6802769472765892e-13,0.7054794520547946,0.45224719101123595
Epidermis 2,rpl3,7.766468,1.6683257,8.070477535927515e-15,1.7448826098572275e-13,0.589041095890411,0.2556179775280899
Epidermis 2,msantd4,7.7643595,1.8070685,8.205880772500616e-15,1.7728462739169659e-13,0.5616438356164384,0.21910112359550563
Epidermis 2,kif1c,7.7377896,1.5490943,1.011601495264586e-14,2.1790805680235159e-13,0.6027397260273972,0.28651685393258425
Epidermis 2,rps24,7.730198,2.7633252,1.0737939096435936e-14,2.3113453440936585e-13,0.4315068493150685,0.0898876404494382
Epidermis 2,krt19,7.7192326,2.5132017,1.1703212992877386e-14,2.515416316138227e-13,0.4589041095890411,0.12359550561797752
Epidermis 2,kpna2,7.715226,3.093143,1.2076800267071014e-14,2.5919012379350427e-13,0.4143835616438356,0.06460674157303371
Epidermis 2,tox3,7.7027845,2.4416397,1.3313276571993555e-14,2.8530820196183547e-13,0.4589041095890411,0.12078651685393259
Epidermis 2,adora2a,7.6861253,3.7717686,1.5165773481469257e-14,3.2453200925097206e-13,0.386986301369863,0.03651685393258427
Epidermis 2,znf703,7.673684,1.7640146,1.6712553708251507e-14,3.573699030328455e-13,0.5513698630136986,0.2303370786516854
Epidermis 2,ccnj,7.6694665,1.6353581,1.7271319067817862e-14,3.690481927422397e-13,0.589041095890411,0.25
Epidermis 2,fam168a,7.6589227,2.160662,1.874990031364562e-14,4.003494054552046e-13,0.4863013698630137,0.14606741573033707
Epidermis 2,prpf39,7.6542835,1.1388576,1.9439282254459152e-14,4.1355870420676525e-13,0.7431506849315068,0.47752808988764045
Epidermis 2,tlcd3a,7.6542835,6.009304,1.9439282254459152e-14,4.1355870420676525e-13,0.3561643835616438,0.008426966292134831
Epidermis 2,lpar4,7.6464815,3.9470224,2.0655347538156103e-14,4.391101555547935e-13,0.3801369863013699,0.03089887640449438
Epidermis 2,rpl21,7.644583,2.14103,2.096228327270272e-14,4.4531141158748055e-13,0.4863013698630137,0.14606741573033707
Epidermis 2,ptgfrn,7.641842,2.5645328,2.1413570711954724e-14,4.542380881575824e-13,0.4417808219178082,0.10393258426966293
Epidermis 2,nprl3,7.633618,1.7729934,2.2825554359950842e-14,4.831381459056648e-13,0.5582191780821918,0.24719101123595505
Epidermis 2,MGC69416,7.593552,1.4923699,3.1125301710887277e-14,6.56912414664943e-13,0.613013698630137,0.3146067415730337
Epidermis 2,atrnl1,7.588491,2.179372,3.2365216176960473e-14,6.811142073928952e-13,0.4794520547945205,0.14887640449438203
Epidermis 2,myl6,7.580267,1.3027705,3.448444119783674e-14,7.251904321251552e-13,0.660958904109589,0.3792134831460674
Epidermis 2,suz12,7.5796347,1.7503042,3.465299828089793e-14,7.276880695035398e-13,0.547945205479452,0.22752808988764045
Epidermis 2,hp1bp3,7.5779476,1.7608693,3.510645510168141e-14,7.366811120439693e-13,0.547945205479452,0.22191011235955055
Epidermis 2,epn2,7.572465,1.8634248,3.662086534716736e-14,7.668083918073418e-13,0.5273972602739726,0.199438202247191
Epidermis 2,mtr,7.5661387,2.195001,3.84482032688589e-14,8.0449493897782e-13,0.4726027397260274,0.14325842696629212
Epidermis 2,lats2,7.5463166,1.3375293,4.4774143546663335e-14,9.348521357232256e-13,0.6541095890410958,0.3595505617977528
Epidermis 2,cenpc,7.5323987,1.6304715,4.9816539737938205e-14,1.0371704224214187e-12,0.5993150684931506,0.2696629213483146
Epidermis 2,irf6,7.529236,1.704323,5.103818912689709e-14,1.0618486166322623e-12,0.5582191780821918,0.23314606741573032
Epidermis 2,sgcg,7.52059,2.9140053,5.452965521581446e-14,1.1336816156568082e-12,0.4143835616438356,0.07865168539325842
Epidermis 2,septin11,7.516372,1.4835211,5.631699202070646e-14,1.1700085243477404e-12,0.6061643835616438,0.3146067415730337
Epidermis 2,emx1,7.5094137,7.0912356,5.939281176884578e-14,1.2321584675763882e-12,0.3458904109589041,0.0028089887640449437
Epidermis 2,septin2,7.5045633,1.885345,6.163363342065227e-14,1.2759297015007696e-12,0.5136986301369864,0.19382022471910113
Epidermis 2,ccdc88a,7.5030875,3.0089965,6.233197262386087e-14,1.2894733841246123e-12,0.4075342465753425,0.0702247191011236
Epidermis 2,cdk4,7.4984484,2.2673826,6.457778208185461e-14,1.334044627586355e-12,0.4623287671232877,0.12640449438202248
Epidermis 2,septin9,7.495707,4.445345,6.594204434025614e-14,1.3612654647669682e-12,0.363013698630137,0.02247191011235955
Epidermis 2,rfc1,7.4843197,2.5079086,7.191872441985309e-14,1.4835964950717894e-12,0.4417808219178082,0.10112359550561797
Epidermis 2,dnttip2,7.4828434,1.2562146,7.273146041146953e-14,1.499304174391866e-12,0.708904109589041,0.4241573033707865
Epidermis 2,MGC145244,7.481789,2.0103252,7.331750704767282e-14,1.5092563721905098e-12,0.4931506849315068,0.17134831460674158
Epidermis 2,oaf,7.4746194,1.4333998,7.74275803370161e-14,1.5927414502683443e-12,0.6438356164383562,0.32303370786516855
Epidermis 2,LOC108645355,7.473776,1.1772336,7.792576363487896e-14,1.601862163720919e-12,0.726027397260274,0.46629213483146065
Epidermis 2,kremen2,7.4429884,5.0859976,9.843269721273838e-14,2.013496271676386e-12,0.3527397260273973,0.011235955056179775
Epidermis 2,nop53,7.4379277,2.3519459,1.022771720814919e-13,2.090674137842021e-12,0.4486301369863014,0.12359550561797752
Epidermis 2,asxl1,7.43371,1.1430426,1.0559332320450812e-13,2.1569520828728e-12,0.7431506849315068,0.4606741573033708
Epidermis 2,klf17,7.4248533,1.449794,1.129049528697547e-13,2.301481643888284e-12,0.613013698630137,0.3202247191011236
Epidermis 2,sipa1l1,7.4079833,1.0883795,1.282342915635257e-13,2.6048760088210006e-12,0.8424657534246576,0.5449438202247191
Epidermis 2,colca2,7.4043984,5.786495,1.3174613785392537e-13,2.6743551080611755e-12,0.3458904109589041,0.008426966292134831
Epidermis 2,nol10,7.385631,2.6911066,1.5173220051610232e-13,3.0736548532821807e-12,0.4178082191780822,0.0898876404494382
Epidermis 2,elavl1,7.3845763,1.4458683,1.5293938970221054e-13,3.0938209691247865e-12,0.6267123287671232,0.3061797752808989
Epidermis 2,LOC105948246,7.381835,1.3547664,1.5612242261882246e-13,3.156026649772337e-12,0.6438356164383562,0.3539325842696629
Epidermis 2,XB5730291,7.367074,3.2284722,1.7441366127127965e-13,3.5136359287531192e-12,0.3904109589041096,0.06741573033707865
Epidermis 2,epb41l3,7.361802,2.8283348,1.8144372508417185e-13,3.6502281678839825e-12,0.4075342465753425,0.08707865168539326
Epidermis 2,LOC105948167,7.356952,2.069317,1.8815683936567787e-13,3.780077368727237e-12,0.4794520547945205,0.1544943820224719
Epidermis 2,lmo4.2,7.355265,2.9641192,1.9054856122887907e-13,3.8254979349459924e-12,0.4006849315068493,0.07303370786516854
Epidermis 2,u2af1,7.352102,1.390139,1.951138144790357e-13,3.9144625333127606e-12,0.660958904109589,0.3455056179775281
Epidermis 2,rac1,7.3514695,1.2923818,1.960396759096946e-13,3.9303400319041724e-12,0.6643835616438356,0.36797752808988765
Epidermis 2,cebpz,7.3128796,1.5799004,2.614773989676154e-13,5.206570741977088e-12,0.565068493150685,0.2612359550561798
Epidermis 2,bc014685,7.3029685,1.5335925,2.814871139343526e-13,5.601191169104874e-12,0.5684931506849316,0.2696629213483146
Epidermis 2,cad,7.298962,2.6568599,2.8999641768176806e-13,5.762668446808812e-12,0.4143835616438356,0.09269662921348315
Epidermis 2,dact4,7.2913704,6.0684996,3.0681782146385186e-13,6.092793301093651e-12,0.339041095890411,0.008426966292134831
Epidermis 2,lmnb3,7.290316,2.985946,3.0922866109112085e-13,6.1364989764796696e-12,0.3938356164383562,0.06741573033707865
Epidermis 2,rps7,7.285677,2.0938015,3.200592603843801e-13,6.347118209155912e-12,0.4726027397260274,0.14887640449438203
Epidermis 2,stag1,7.282303,1.2453398,3.2816920992680667e-13,6.5035350341494814e-12,0.7226027397260274,0.4157303370786517
Epidermis 2,rsl1d1,7.2700725,2.7484925,3.5929530483714145e-13,7.101123093775849e-12,0.4075342465753425,0.07865168539325842
Epidermis 2,caskin2,7.268174,2.2586377,3.643782358990031e-13,7.196716360516053e-12,0.4486301369863014,0.12640449438202248
Epidermis 2,pds5a,7.265855,1.0169702,3.706866797666953e-13,7.316368896867165e-12,0.7945205479452054,0.5421348314606742
Epidermis 2,gnaz,7.2591066,2.065383,3.8965467268743543e-13,7.675199283912685e-12,0.4794520547945205,0.14887640449438203
Epidermis 2,tlk2,7.2580523,1.5068569,3.927032764024541e-13,7.730040048835108e-12,0.5856164383561644,0.27247191011235955
Epidermis 2,mtrex,7.2565765,1.2950794,3.9701070567516233e-13,7.809569271595337e-12,0.6678082191780822,0.37640449438202245
Epidermis 2,scube2,7.2502503,2.4166546,4.160026365468058e-13,8.161189979127302e-12,0.4315068493150685,0.09831460674157304
Epidermis 2,srfbp1,7.247298,3.1757681,4.2516813426602903e-13,8.335405588685644e-12,0.3835616438356164,0.05898876404494382
Epidermis 2,s1pr5,7.2468762,3.5979393,4.2649357478079504e-13,8.350190009656678e-12,0.3698630136986301,0.042134831460674156
Epidermis 2,dtx4,7.234224,2.4856606,4.681992931680602e-13,9.154470594378307e-12,0.4280821917808219,0.10112359550561797
Epidermis 2,rpl13a,7.222415,1.8162467,5.107238640724864e-13,9.946015503466256e-12,0.5102739726027398,0.19101123595505617
Epidermis 2,rps27a,7.222204,2.002221,5.115166960663246e-13,9.954823264124323e-12,0.476027397260274,0.1601123595505618
Epidermis 2,rhbdf2,7.220728,1.6739317,5.17100456004485e-13,1.0056795362253561e-11,0.541095890410959,0.22752808988764045
Epidermis 2,ets2,7.2181973,1.2630157,5.26812168278765e-13,1.0238860698774323e-11,0.6232876712328768,0.3792134831460674
Epidermis 2,racgap1,7.2139797,1.4540424,5.433977713848879e-13,1.0554192860698777e-11,0.5924657534246576,0.29775280898876405
Epidermis 2,pbrm1,7.20681,1.0037715,5.727774677121685e-13,1.1110058499465426e-11,0.8013698630136986,0.547752808988764
Epidermis 2,extl3,7.203858,1.1762512,5.853233016129466e-13,1.1345878931994723e-11,0.7157534246575342,0.42696629213483145
Epidermis 2,ints6l,7.1899405,1.4212556,6.481964049798341e-13,1.2556281718996376e-11,0.5993150684931506,0.30337078651685395
Epidermis 2,gpkow,7.1878314,1.3022004,6.582837966542074e-13,1.2743240834436512e-11,0.6575342465753424,0.3539325842696629
Epidermis 2,hmga2,7.186988,1.6960995,6.623617621066517e-13,1.2813697331660844e-11,0.541095890410959,0.22191011235955055
Epidermis 2,smchd1,7.1865664,1.192077,6.644100342781417e-13,1.283633160078279e-11,0.6986301369863014,0.42696629213483145
Epidermis 2,ctdp1,7.1848793,1.6294469,6.726654838003612e-13,1.2987242243704333e-11,0.5513698630136986,0.23595505617977527
Epidermis 2,LOC116410424,7.16569,1.7659532,7.73957919385461e-13,1.4903533558337555e-11,0.5034246575342466,0.2050561797752809
Epidermis 2,uhrf2,7.1414394,2.709913,9.235855912246763e-13,1.774972414009764e-11,0.4041095890410959,0.07865168539325842
Epidermis 2,cdca7,7.139331,2.9929392,9.378644116682187e-13,1.801229606929941e-11,0.386986301369863,0.06179775280898876
Epidermis 2,pcid2,7.132161,1.770358,9.8805188505343e-13,1.896371940380618e-11,0.5068493150684932,0.20224719101123595
Epidermis 2,polr1a,7.1271,2.9181774,1.0250558019469262e-12,1.9661027655321915e-11,0.3904109589041096,0.06460674157303371
Epidermis 2,ryk,7.121196,1.2637855,1.0699481877543163e-12,2.0481765210377486e-11,0.636986301369863,0.36797752808988765
Epidermis 2,smurf2,7.1146584,1.6302663,1.1219025331581717e-12,2.1434204540357203e-11,0.5308219178082192,0.23314606741573032
Epidermis 2,tax1bp3,7.110019,1.8355972,1.1602672055283549e-12,2.2138231517493042e-11,0.4965753424657534,0.18258426966292135
Epidermis 2,XB5812047,7.1077,1.5292668,1.1799293896980738e-12,2.2498705799259227e-11,0.5753424657534246,0.2640449438202247
Epidermis 2,trim33,7.097789,1.0149609,1.267688451629007e-12,2.4140587055092836e-11,0.7568493150684932,0.5140449438202247
Epidermis 2,LOC116407738,7.093782,2.1090934,1.3049558781322805e-12,2.4834091975055138e-11,0.4520547945205479,0.13764044943820225
Epidermis 2,myof,7.0929384,2.382105,1.3129375520262363e-12,2.4953496478074716e-11,0.4315068493150685,0.12640449438202248
Epidermis 2,tgif2,7.0929384,3.0738547,1.3129375520262363e-12,2.4953496478074716e-11,0.3801369863013699,0.06179775280898876
Epidermis 2,exosc10,7.0882993,2.200803,1.3577004948543566e-12,2.5787487436704158e-11,0.4417808219178082,0.12921348314606743
Epidermis 2,sptbn4,7.0735383,1.6258305,1.5103231435066806e-12,2.8630516088095837e-11,0.5376712328767124,0.23595505617977527
Epidermis 2,rbm34,7.0718513,2.745736,1.528802877386532e-12,2.896204595520785e-11,0.3972602739726027,0.07584269662921349
Epidermis 2,sin3a,7.0714293,1.1547709,1.533457363525548e-12,2.9031406860890733e-11,0.6917808219178082,0.4297752808988764
Epidermis 2,efna1,7.053716,2.9229467,1.7420161817807425e-12,3.291588559123005e-11,0.386986301369863,0.07303370786516854
Epidermis 2,mms19,7.051607,2.2440631,1.7686267355190582e-12,3.339711117955917e-11,0.4383561643835616,0.12078651685393259
Epidermis 2,pcnx2,7.050342,3.128261,1.7847840493804006e-12,3.3658724224153865e-11,0.3767123287671233,0.05898876404494382
Epidermis 2,hoxb3,7.050342,1.645134,1.7847840493804006e-12,3.3658724224153865e-11,0.5273972602739726,0.23876404494382023
Epidermis 2,LOC116407528,7.0461245,2.3402567,1.839694512357203e-12,3.4671895738693364e-11,0.4246575342465753,0.10955056179775281
Epidermis 2,cep250,7.029887,1.3528101,2.0670026674005894e-12,3.890570184854258e-11,0.6267123287671232,0.3342696629213483
Epidermis 2,svip,7.0233502,2.4962618,2.166101685095003e-12,4.074473510747235e-11,0.410958904109589,0.09831460674157304
Epidermis 2,twf2,7.022085,1.5980431,2.1858134020927644e-12,4.1089074955995884e-11,0.5445205479452054,0.24157303370786518
Epidermis 2,ptmap12,6.9980454,1.4462534,2.595577700575409e-12,4.8635469080461404e-11,0.5924657534246576,0.28651685393258425
Epidermis 2,papss1,6.9963584,1.8438348,2.6270076641523833e-12,4.9192864209377526e-11,0.4863013698630137,0.18258426966292135
Epidermis 2,noc3l,6.99425,1.823347,2.6668203798888712e-12,4.990641902978976e-11,0.4863013698630137,0.19101123595505617
Epidermis 2,fzd4,6.983495,1.7633834,2.879251790026338e-12,5.3812921402979465e-11,0.4965753424657534,0.2050561797752809
Epidermis 2,smarcd2,6.980754,1.2288219,2.9360023243091896e-12,5.4803501878596375e-11,0.6404109589041096,0.38202247191011235
Epidermis 2,st3gal6,6.9799104,1.5407413,2.953683664550627e-12,5.5098358135596284e-11,0.5582191780821918,0.2247191011235955
Epidermis 2,stk4,6.9681015,3.805793,3.2124645066171917e-12,5.973508269270173e-11,0.3493150684931507,0.03089887640449438
Epidermis 2,lingo1,6.946171,1.6962084,3.753346974694218e-12,6.96155364322885e-11,0.5171232876712328,0.2247191011235955
Epidermis 2,rpl10a,6.943218,1.5736904,3.832661072674277e-12,7.099652459780848e-11,0.541095890410959,0.23876404494382023
Epidermis 2,utp3,6.9183354,2.3716118,4.5698145456012786e-12,8.438423814432784e-11,0.4178082191780822,0.10393258426966293
Epidermis 2,LOC101734953,6.917492,3.239127,4.597097548345163e-12,8.483444345686707e-11,0.363013698630137,0.05337078651685393
Epidermis 2,ddx54,6.9153833,1.9344596,4.666005560540392e-12,8.605174040388404e-11,0.4726027397260274,0.15730337078651685
Epidermis 2,rtkn2,6.8983026,1.2929534,5.262763112714753e-12,9.699610879430325e-11,0.6061643835616438,0.3398876404494382
Epidermis 2,dock7,6.8913436,1.2137492,5.526787658252508e-12,1.0166993709149091e-10,0.6575342465753424,0.38202247191011235
Epidermis 2,nckap5l,6.8898673,2.6403012,5.5844396495596335e-12,1.0266588389702997e-10,0.3938356164383562,0.08146067415730338
Epidermis 2,meis2,6.8799562,1.9505562,5.987088141187782e-12,1.098610002856623e-10,0.4657534246575342,0.1797752808988764
Epidermis 2,pwwp3a,6.877637,1.2237352,6.0853579555467814e-12,1.1159416461642908e-10,0.6815068493150684,0.3904494382022472
Epidermis 2,kif13a,6.8748956,2.796779,6.2035343716271145e-12,1.1368997693857817e-10,0.3835616438356164,0.07303370786516854
Epidermis 2,rrp15,6.87363,2.667187,6.258833130495378e-12,1.1463154839443007e-10,0.3904109589041096,0.08146067415730338
Epidermis 2,npm1,6.867726,1.6141368,6.523347691873415e-12,1.1932664354264819e-10,0.5136986301369864,0.23314606741573032
Epidermis 2,marcksl1,6.8432646,1.9902941,7.74085739750964e-12,1.413322939329196e-10,0.4486301369863014,0.15168539325842698
Epidermis 2,LOC108647837,6.839047,2.0456111,7.97217535085027e-12,1.4546483001292402e-10,0.4452054794520548,0.13764044943820225
Epidermis 2,itga6,6.837782,2.5812588,8.042882010545957e-12,1.4666343359343036e-10,0.3972602739726027,0.10112359550561797
Epidermis 2,mrps28,6.8263946,2.9266744,8.707524474619611e-12,1.585854504159538e-10,0.3732876712328767,0.06179775280898876
Epidermis 2,ccnt2,6.81564,1.1764085,9.384502777802685e-12,1.705960203345462e-10,0.6952054794520548,0.40168539325842695
Epidermis 2,ctps1,6.8135314,3.0288644,9.523164505864023e-12,1.7300908742753965e-10,0.3664383561643836,0.05898876404494382
Epidermis 2,LOC101734399,6.8118443,1.1215943,9.635537327191348e-12,1.7494185814355918e-10,0.8047945205479452,0.5084269662921348
Epidermis 2,inpp5f,6.810368,1.5292022,9.734928450687502e-12,1.7663668127997912e-10,0.541095890410959,0.24719101123595505
Epidermis 2,gnl3l,6.808681,2.5500858,9.849748523578236e-12,1.7849844953051172e-10,0.3938356164383562,0.0898876404494382
Epidermis 2,unc45a,6.8076267,2.5217829,9.922183706431964e-12,1.7969972238086292e-10,0.3938356164383562,0.09831460674157304
Epidermis 2,LOC105945412,6.7884374,2.6306143,1.1335459610916657e-11,2.049145453844804e-10,0.386986301369863,0.08426966292134831
Epidermis 2,rbm27,6.7732544,1.474957,1.2591720664511296e-11,2.2692267986703433e-10,0.547945205479452,0.2612359550561798
Epidermis 2,cfb,6.755963,1.2491561,1.4188979745590634e-11,2.5460900364847133e-10,0.684931506849315,0.3707865168539326
Epidermis 2,pdcd11,6.749004,1.6124979,1.4886348246419232e-11,2.6679512298656075e-10,0.5034246575342466,0.22752808988764045
Epidermis 2,mta1,6.7397256,1.3857783,1.586860581693813e-11,2.8387712156359764e-10,0.5856164383561644,0.2949438202247191
Epidermis 2,srek1,6.739093,1.4229283,1.5937842234176457e-11,2.849413249830043e-10,0.571917808219178,0.2696629213483146
Epidermis 2,zfp36l1,6.7361407,2.7063894,1.626487673769999e-11,2.904328722783802e-10,0.3801369863013699,0.07865168539325842
Epidermis 2,nrip1,6.72391,1.5582286,1.7691164985402007e-11,3.1532344127334516e-10,0.5273972602739726,0.25
Epidermis 2,sufu,6.72391,2.1602504,1.7691164985402007e-11,3.1532344127334516e-10,0.4246575342465753,0.12359550561797752
Epidermis 2,parva,6.720114,2.1188715,1.8158201199549097e-11,3.23056834609872e-10,0.4315068493150685,0.13202247191011235
Epidermis 2,pias2,6.7152643,2.005928,1.8772569915622347e-11,3.335811496678157e-10,0.4417808219178082,0.14325842696629212
Epidermis 2,dab2,6.7112575,3.8607535,1.929540425905375e-11,3.4266340333924674e-10,0.3356164383561644,0.033707865168539325
Epidermis 2,hras,6.7045097,2.717507,2.0208371651395553e-11,3.580066131769354e-10,0.3767123287671233,0.07303370786516854
Epidermis 2,nsd3,6.6998706,1.2899704,2.0860432778373237e-11,3.6911096279941165e-10,0.6027397260273972,0.32303370786516855
Epidermis 2,ksr2,6.687218,2.9708755,2.2745279310341636e-11,4.014898910148529e-10,0.363013698630137,0.06179775280898876
Epidermis 2,dnajc2,6.674566,1.8863496,2.4796540193459965e-11,4.3716988322981194e-10,0.4554794520547945,0.16853932584269662
Epidermis 2,pik3c2a,6.670348,1.5769185,2.5519718791230433e-11,4.4964852319858756e-10,0.5136986301369864,0.2247191011235955
Epidermis 2,immp2l,6.6661305,2.6021647,2.626353067375073e-11,4.624754609183178e-10,0.3904109589041096,0.10393258426966293
Epidermis 2,bub1,6.6650763,2.4273524,2.645277464797592e-11,4.655274266917424e-10,0.3938356164383562,0.09831460674157304
Epidermis 2,rnf149,6.662335,1.1006204,2.695107781605194e-11,4.740114053195032e-10,0.7328767123287672,0.4550561797752809
Epidermis 2,nop14,6.6617026,2.328744,2.7067369190587754e-11,4.757704562898801e-10,0.4006849315068493,0.10393258426966293
Epidermis 2,smtn,6.6612806,1.5066614,2.7145169495385755e-11,4.768512316824645e-10,0.5376712328767124,0.25
Epidermis 2,usp36,6.6583285,1.3963306,2.7695934015466032e-11,4.862341424661187e-10,0.5582191780821918,0.2893258426966292
Epidermis 2,adcy7,6.655587,2.0716577,2.82171435914069e-11,4.950872294840427e-10,0.4315068493150685,0.1348314606741573
Epidermis 2,rpl11,6.6450434,1.8532119,3.031277335012986e-11,5.30900346193916e-10,0.4589041095890411,0.1601123595505618
Epidermis 2,pias4,6.632391,1.9203821,3.302922389903879e-11,5.774385429382793e-10,0.4520547945205479,0.1601123595505618
Epidermis 2,lrrc75b,6.62733,2.4762766,3.418128397617615e-11,5.961534080594302e-10,0.3904109589041096,0.09550561797752809
Epidermis 2,cth,6.6269083,3.309079,3.4279044989137433e-11,5.971458665539192e-10,0.3458904109589041,0.05056179775280899
Epidermis 2,caprin1,6.61763,1.176017,3.650035426052341e-11,6.350844377317618e-10,0.636986301369863,0.37640449438202245
Epidermis 2,znf229,6.6066647,2.2172275,3.9307561301067123e-11,6.823036368120505e-10,0.4075342465753425,0.11797752808988764
Epidermis 2,ephb4,6.60308,1.4166433,4.027031878777459e-11,6.981860548549461e-10,0.5856164383561644,0.26685393258426965
Epidermis 2,prpf19,6.6028686,1.399313,4.032766454079998e-11,6.987658341387814e-10,0.5616438356164384,0.27808988764044945
Epidermis 2,sav1,6.602025,2.1369612,4.0557847662296773e-11,7.019221107262267e-10,0.4178082191780822,0.12359550561797752
Epidermis 2,pum2,6.5997057,1.0540508,4.119750026432128e-11,7.121491012574662e-10,0.7157534246575342,0.45786516853932585
Epidermis 2,adgra3,6.59844,1.6809871,4.155055131076965e-11,7.178275209013639e-10,0.4897260273972603,0.19382022471910113
Epidermis 2,ccnb3,6.589162,2.6649878,4.423161174369459e-11,7.618940735886485e-10,0.3732876712328767,0.08146067415730338
Epidermis 2,nepro,6.588951,2.4872558,4.429447110018494e-11,7.62527493951417e-10,0.3835616438356164,0.08707865168539326
Epidermis 2,bms1,6.582203,1.8675954,4.635277174268432e-11,7.960857055290278e-10,0.4554794520547945,0.16292134831460675
Epidermis 2,wdr1,6.5798836,1.4186603,4.708169738793e-11,8.081298275669887e-10,0.5513698630136986,0.27247191011235955
Epidermis 2,arb2a,6.573768,1.134219,4.9057589135991854e-11,8.410571190816292e-10,0.636986301369863,0.398876404494382
Epidermis 2,mical3,6.572081,1.4072595,4.9616790482264367e-11,8.496475703497772e-10,0.5616438356164384,0.27247191011235955
Epidermis 2,LOC100495222,6.5699725,1.8200084,5.0324567187264805e-11,8.612631284841555e-10,0.4589041095890411,0.16853932584269662
Epidermis 2,exoc2,6.5695505,1.195959,5.046730313013599e-11,8.63200548740202e-10,0.6267123287671232,0.3707865168539326
Epidermis 2,smarca4,6.562381,1.0612454,5.29552905063915e-11,9.052257875978537e-10,0.7157534246575342,0.4550561797752809
Epidermis 2,ddx21,6.5613265,1.4248523,5.333114779744755e-11,9.11117931775096e-10,0.5445205479452054,0.26685393258426965
Epidermis 2,asap1,6.558585,1.8457757,5.432063206866631e-11,9.274803714948509e-10,0.4520547945205479,0.16573033707865167
Epidermis 2,pum3,6.5581636,2.1658936,5.447444582474084e-11,9.295636461780499e-10,0.4143835616438356,0.12359550561797752
Epidermis 2,foxn2,6.554368,1.3986291,5.587807946364984e-11,9.52959242008138e-10,0.5616438356164384,0.2752808988764045
Epidermis 2,acvr1b,6.5528917,1.6071807,5.6433438551207395e-11,9.618692957961185e-10,0.4965753424657534,0.21629213483146068
Epidermis 2,zhx3,6.552048,1.8796564,5.6753206895079856e-11,9.667558221154307e-10,0.4486301369863014,0.1601123595505618
Epidermis 2,mthfd1l,6.542137,1.695051,6.064583612488152e-11,1.0306618812595416e-09,0.4794520547945205,0.199438202247191
Epidermis 2,cdk11b,6.5396066,1.0065677,6.168082664151867e-11,1.0476422100861315e-09,0.7123287671232876,0.4691011235955056
Epidermis 2,mybbp1a,6.536233,2.6188993,6.308772674494849e-11,1.0702944518175214e-09,0.3732876712328767,0.0898876404494382
Epidermis 2,smarca5,6.53075,1.554834,6.544115087065565e-11,1.1082910087486299e-09,0.5171232876712328,0.21910112359550563
Epidermis 2,tmtc2,6.5151453,3.4561079,7.261929305944691e-11,1.2270141938847935e-09,0.3356164383561644,0.042134831460674156
Epidermis 2,c4h1orf21,6.5083976,3.2578483,7.595674745380004e-11,1.281923605555444e-09,0.3424657534246575,0.047752808988764044
Epidermis 2,u2af2,6.4961667,1.0210899,8.239232344757827e-11,1.38893310651451e-09,0.6917808219178082,0.45224719101123595
Epidermis 2,eml4,6.4814057,1.3213278,9.087200183445091e-11,1.5283541344205032e-09,0.5958904109589042,0.300561797752809
Epidermis 2,dicer1,6.480562,1.111077,9.1381513178565e-11,1.536039684716868e-09,0.6541095890410958,0.398876404494382
Epidermis 2,hmbox1,6.4792967,1.1459543,9.215102131336008e-11,1.5480841977073728e-09,0.6404109589041096,0.38202247191011235
Epidermis 2,LOC116406820,6.4693856,2.2002342,9.840203901878055e-11,1.651199771847287e-09,0.4075342465753425,0.10955056179775281
Epidermis 2,p2ry4,6.4598966,4.2359824,1.0477459069553844e-10,1.7531002064231734e-09,0.3150684931506849,0.02247191011235955
Epidermis 2,hdgf,6.4582095,1.0045683,1.0594897092951829e-10,1.77173590917663e-09,0.7431506849315068,0.48314606741573035
Epidermis 2,eloa,6.4533596,1.2779105,1.0939745447371253e-10,1.8283573423219502e-09,0.5993150684931506,0.31741573033707865
Epidermis 2,phkg2,6.447244,2.9468253,1.1390223764003023e-10,1.902557890546128e-09,0.3493150684931507,0.05898876404494382
Epidermis 2,LOC108645586,6.442605,1.2022102,1.174401259716696e-10,1.960532451329454e-09,0.6232876712328768,0.3651685393258427
Epidermis 2,rcor1,6.4299526,1.2836573,1.2764381820929172e-10,2.126015071268266e-09,0.6027397260273972,0.3146067415730337
Epidermis 2,bard1,6.427,2.2560804,1.3014658007762873e-10,2.165233171456554e-09,0.3972602739726027,0.10393258426966293
Epidermis 2,eed,6.425735,2.0335977,1.3123381616674594e-10,2.1808389314213474e-09,0.4178082191780822,0.12640449438202248
Epidermis 2,heatr1,6.423837,2.1890428,1.328813336814842e-10,2.206962650479241e-09,0.4006849315068493,0.12078651685393259
Epidermis 2,cdc14b,6.422361,1.3231345,1.341766953157503e-10,2.225947208158171e-09,0.547945205479452,0.2949438202247191
Epidermis 2,LOC100497165,6.4061236,1.9408153,1.4926576472234527e-10,2.4678662718319426e-09,0.4280821917808219,0.14887640449438203
Epidermis 2,eif3b,6.402539,1.797604,1.5281411145254885e-10,2.523677566027941e-09,0.4486301369863014,0.16853932584269662
Epidermis 2,rps25,6.4000087,1.9372586,1.5536831883477566e-10,2.5615179514153e-09,0.4280821917808219,0.15168539325842698
Epidermis 2,ucma,6.392839,6.980248,1.628339175850521e-10,2.6815764760161453e-09,0.2945205479452055,0.0028089887640449437
Epidermis 2,abce1,6.3763905,1.6101898,1.8131008610279668e-10,2.980807157970107e-09,0.4726027397260274,0.2050561797752809
Epidermis 2,atxn7l3,6.374282,1.6990225,1.838221716391352e-10,3.0170162263804383e-09,0.4657534246575342,0.18820224719101122
Epidermis 2,pabir2,6.344338,1.5397488,2.2338405353881608e-10,3.658117237531167e-09,0.5068493150684932,0.21348314606741572
Epidermis 2,tmem266,6.3422294,1.7341278,2.2646410610224605e-10,3.7044053080440707e-09,0.4520547945205479,0.18258426966292135
Epidermis 2,atox1,6.3318963,1.3719305,2.4216612859863106e-10,3.9568239827091025e-09,0.5445205479452054,0.27247191011235955
Epidermis 2,ppp4r1,6.3283114,1.1563601,2.478583671229731e-10,4.047568675626607e-09,0.6404109589041096,0.37640449438202245
Epidermis 2,khdc4,6.3177676,1.067257,2.6536824944040606e-10,4.32384576331801e-09,0.6301369863013698,0.39325842696629215
Epidermis 2,rpl6,6.3165026,1.9127235,2.675489378449541e-10,4.356948747713568e-09,0.4280821917808219,0.1404494382022472
Epidermis 2,klf8,6.310809,1.1784385,2.775805544029751e-10,4.517793533270247e-09,0.6267123287671232,0.36797752808988765
Epidermis 2,zbtb44,6.3084893,1.1216396,2.8177199551058845e-10,4.5809105677252565e-09,0.6404109589041096,0.38202247191011235
Epidermis 2,ssrp1,6.3078566,1.1633912,2.829258017471991e-10,4.597111790368192e-09,0.6198630136986302,0.36235955056179775
Epidermis 2,LOC100493567,6.305115,1.9316124,2.8797917098217487e-10,4.676621748322196e-09,0.4246575342465753,0.1348314606741573
Epidermis 2,tprn,6.2966805,2.1452942,3.040871353314737e-10,4.932725334558439e-09,0.3972602739726027,0.1151685393258427
Epidermis 2,tspan9,6.2954154,1.3975586,3.0657799985389884e-10,4.970372442445544e-09,0.5342465753424658,0.2696629213483146
Epidermis 2,slc16a10,6.2882457,3.1308014,3.210737492704029e-10,5.193860965646457e-09,0.3356164383561644,0.05337078651685393
Epidermis 2,usp4,6.285293,1.109385,3.272352077796481e-10,5.290604180645406e-09,0.6301369863013698,0.3848314606741573
Epidermis 2,xpo4,6.2848716,1.3596364,3.2812478758630996e-10,5.3020539889084724e-09,0.547945205479452,0.27808988764044945
Epidermis 2,cyp2k1.7,6.2821302,1.2358338,3.339648811165501e-10,5.393440574540262e-09,0.5993150684931506,0.3398876404494382
Epidermis 2,lrfn1.2,6.276015,4.986114,3.4736088971678593e-10,5.603590600061462e-09,0.2979452054794521,0.011235955056179775
Epidermis 2,fndc3b,6.2747498,4.459171,3.501972676929484e-10,5.6462307401724074e-09,0.3047945205479452,0.02247191011235955
Epidermis 2,nradd,6.2726407,1.2379345,3.5497489056949305e-10,5.72010530663553e-09,0.6095890410958904,0.32865168539325845
Epidermis 2,gpbp1l1,6.2680016,1.2146324,3.6571074830315835e-10,5.889857236170591e-09,0.5856164383561644,0.33146067415730335
Epidermis 2,rack1,6.265893,1.8038511,3.706948586102399e-10,5.966839984601279e-09,0.4383561643835616,0.16573033707865167
Epidermis 2,ptges3,6.257036,1.4621404,3.923621114233573e-10,6.301723559898988e-09,0.5171232876712328,0.23595505617977527
Epidermis 2,st3gal2,6.2566147,2.2619843,3.934241524283426e-10,6.315311037689666e-09,0.3835616438356164,0.10393258426966293
Epidermis 2,rprd1a,6.247336,1.479431,4.1751195795108777e-10,6.69829420574547e-09,0.5034246575342466,0.23595505617977527
Epidermis 2,ppm1g,6.244384,1.3975043,4.2547383506280943e-10,6.8073484798691755e-09,0.5273972602739726,0.25842696629213485
Epidermis 2,bcl2,6.241221,2.1746821,4.3416887515663126e-10,6.938868447076811e-09,0.3938356164383562,0.1151685393258427
Epidermis 2,dnmt3a,6.240588,2.144825,4.359285795178271e-10,6.963184867697051e-09,0.3972602739726027,0.1151685393258427
Epidermis 2,LOC105946762,6.225405,2.1059895,4.803127464310062e-10,7.655409973241408e-09,0.3972602739726027,0.11235955056179775
Epidermis 2,bud23,6.222031,3.0253003,4.907590602244067e-10,7.817644735378546e-09,0.3356164383561644,0.056179775280898875
Epidermis 2,LOC116410851,6.2201333,4.6361794,4.967322107841929e-10,7.90848543215291e-09,0.2979452054794521,0.014044943820224719
Epidermis 2,tpm4,6.216127,1.0896856,5.095761257048331e-10,8.099738842021737e-09,0.6643835616438356,0.4044943820224719
Epidermis 2,znf507,6.2116985,1.3415744,5.241491916309513e-10,8.32685055465453e-09,0.5513698630136986,0.27808988764044945
Epidermis 2,ago2,6.2087464,1.1492361,5.340896896934307e-10,8.475556850938476e-09,0.6541095890410958,0.37359550561797755
Epidermis 2,eif3g,6.202631,1.85008,5.552694480135344e-10,8.806880756854923e-09,0.4246575342465753,0.15168539325842698
Epidermis 2,snx7,6.1988354,6.5671897,5.688254047069532e-10,9.012105910563115e-09,0.2876712328767123,0.0056179775280898875
Epidermis 2,znf44,6.1984134,1.6937877,5.703514090105074e-10,9.03138788558296e-09,0.4589041095890411,0.1853932584269663
Epidermis 2,srsf10,6.1946177,1.0927635,5.842664248160371e-10,9.236718152405399e-09,0.6301369863013698,0.38202247191011235
Epidermis 2,eif4g3,6.193774,1.7238921,5.874033421821823e-10,9.281290321798579e-09,0.4520547945205479,0.17134831460674158
Epidermis 2,rps6ka1,6.189135,1.6727508,6.049523564473316e-10,9.553410227613155e-09,0.4589041095890411,0.1797752808988764
Epidermis 2,znf217,6.185761,1.0129789,6.180355291848638e-10,9.74948545796155e-09,0.684931506849315,0.45224719101123595
Epidermis 2,ccnyl1,6.1830196,1.3862967,6.288685175911982e-10,9.915024615808152e-09,0.5171232876712328,0.2556179775280899
Epidermis 2,rpl9,6.181544,2.0733285,6.347781727514718e-10,1.0002803648354865e-08,0.3972602739726027,0.12359550561797752
Epidermis 2,ankrd50,6.181122,1.9358077,6.364765742507803e-10,1.0024163115261079e-08,0.4143835616438356,0.1404494382022472
Epidermis 2,LOC116407555,6.179857,1.9409219,6.415984235637832e-10,1.0099388001719412e-08,0.4143835616438356,0.1348314606741573
Epidermis 2,rasa2,6.1785913,1.665549,6.467604776137341e-10,1.017516443548281e-08,0.4657534246575342,0.1797752808988764
Epidermis 2,atp13a3,6.159402,1.9962003,7.302019515160367e-10,1.1450929852341882e-08,0.4075342465753425,0.13202247191011235
Epidermis 2,farp2,6.1515994,1.1749773,7.670533677127756e-10,1.2009500263316627e-08,0.5924657534246576,0.33707865168539325
Epidermis 2,kansl1,6.144008,1.2394217,8.04647139332244e-10,1.2571160090764736e-08,0.5684931506849316,0.3146067415730337
Epidermis 2,ahctf1,6.13726,1.2539573,8.395681554140169e-10,1.3102731847788109e-08,0.5547945205479452,0.30337078651685395
Epidermis 2,dek,6.13473,1.2703872,8.530410070874466e-10,1.3291706651478227e-08,0.5684931506849316,0.300561797752809
Epidermis 2,mb21d2,6.1336756,2.265227,8.587167221252985e-10,1.337301465340682e-08,0.3732876712328767,0.09831460674157304
Epidermis 2,atg16l2,6.132832,2.3660698,8.632837967405057e-10,1.343698011848867e-08,0.3664383561643836,0.09269662921348315
Epidermis 2,sp1,6.1317773,1.0089005,8.69025963446462e-10,1.3519158029538869e-08,0.6712328767123288,0.4353932584269663
Epidermis 2,greb1,6.129247,1.5846783,8.829595677848407e-10,1.3728612301020574e-08,0.4794520547945205,0.23876404494382023
Epidermis 2,phf10,6.121023,1.0262142,9.297651568959451e-10,1.4441001754104872e-08,0.6952054794520548,0.4353932584269663
Epidermis 2,map3k13,6.1033096,4.2452784,1.0389433325153329e-09,1.61281744836727e-08,0.2979452054794521,0.019662921348314606
Epidermis 2,mylk,6.102677,1.3274938,1.0430652843322005e-09,1.617498213597589e-08,0.5547945205479452,0.2893258426966292
Epidermis 2,zfta,6.10099,3.2359114,1.054135268766897e-09,1.632067163205782e-08,0.3219178082191781,0.05056179775280899
Epidermis 2,tma16,6.099725,2.0952024,1.0625128505224845e-09,1.6441669207846873e-08,0.386986301369863,0.11797752808988764
Epidermis 2,hdac1,6.094242,1.6171399,1.0995720277529284e-09,1.7006132245103627e-08,0.4520547945205479,0.19662921348314608
Epidermis 2,rpe,6.092133,2.1867144,1.1141585972773042e-09,1.7222617639879895e-08,0.3801369863013699,0.11235955056179775
Epidermis 2,aimp1,6.0881267,1.6919578,1.1423946264113993e-09,1.7640431761559223e-08,0.4417808219178082,0.17134831460674158
Epidermis 2,rpl18a,6.0801134,1.5987527,1.2009750844081682e-09,1.8515665976970022e-08,0.4623287671232877,0.19382022471910113
Epidermis 2,ubl5,6.062189,1.875239,1.3428107357236587e-09,2.068055880713291e-08,0.4143835616438356,0.1348314606741573
Epidermis 2,safb,6.037728,1.24512,1.562992937506305e-09,2.400832714463836e-08,0.5616438356164384,0.300561797752809
Epidermis 2,cyth1,6.0349865,1.16557,1.5897589595995003e-09,2.439382894910918e-08,0.5924657534246576,0.3398876404494382
Epidermis 2,eif3c,6.0337214,1.4954486,1.6022626676127108e-09,2.4572791205134913e-08,0.4828767123287671,0.21629213483146068
Epidermis 2,kri1,6.032878,3.1979315,1.6106516622887434e-09,2.4688494357819746e-08,0.3184931506849315,0.047752808988764044
Epidermis 2,ddx43,6.015797,2.3768666,1.7900366773504436e-09,2.7380723242088342e-08,0.3595890410958904,0.0898876404494382
Epidermis 2,serpinh1,6.014532,5.3104677,1.8040728426328751e-09,2.756657253685393e-08,0.2842465753424658,0.011235955056179775
Epidermis 2,LOC100486894,6.0103145,2.0548775,1.8516389121461604e-09,2.826384179683781e-08,0.386986301369863,0.11797752808988764
Epidermis 2,ptpn1,6.0101037,1.2402289,1.8540490200137841e-09,2.8285859553247872e-08,0.5787671232876712,0.31179775280898875
Epidermis 2,parg,6.0069404,1.4288082,1.890569529199711e-09,2.8827980129387974e-08,0.5068493150684932,0.24157303370786518
Epidermis 2,vwa2,5.9934444,5.0494995,2.0544227715074607e-09,3.1261234791220503e-08,0.2842465753424658,0.011235955056179775
Epidermis 2,eif3m,5.9934444,2.3723614,2.0544227715074607e-09,3.1261234791220503e-08,0.3561643835616438,0.08707865168539326
Epidermis 2,gdpd5,5.9835334,3.1429543,2.1834814740734192e-09,3.319050804401462e-08,0.3184931506849315,0.05337078651685393
Epidermis 2,ppid,5.9822683,1.9233731,2.200515073031956e-09,3.3414678493401094e-08,0.4006849315068493,0.13764044943820225
Epidermis 2,maz,5.964344,1.244194,2.456188211273351e-09,3.718116913709546e-08,0.5547945205479452,0.29213483146067415
Epidermis 2,rpusd1,5.959705,1.7622365,2.526940393265309e-09,3.823239887967818e-08,0.4246575342465753,0.15730337078651685
Epidermis 2,hsp90ab1,5.956753,1.1155497,2.572993848140672e-09,3.8888926150465346e-08,0.5958904109589042,0.3539325842696629
Epidermis 2,bop1,5.9550657,2.1703842,2.599676046582008e-09,3.927190207629906e-08,0.3698630136986301,0.10112359550561797
Epidermis 2,hacd3,5.952535,2.894287,2.6402053006176612e-09,3.986355430906759e-08,0.3253424657534247,0.06179775280898876
Epidermis 2,clstn1,5.9341893,1.4929332,2.9530135237852557e-09,4.447168382986441e-08,0.4691780821917808,0.22191011235955055
Epidermis 2,nom1,5.920482,2.6890516,3.2099881870264276e-09,4.82670600282765e-08,0.3321917808219178,0.06179775280898876
Epidermis 2,cpsf3,5.9133124,1.7544466,3.3529493275927094e-09,5.036488273117291e-08,0.4143835616438356,0.15730337078651685
Epidermis 2,cep85l,5.912891,1.3318995,3.36154912466123e-09,5.0468126586015615e-08,0.5205479452054794,0.26685393258426965
Epidermis 2,rabgap1,5.9084625,1.1946728,3.453153399059808e-09,5.17371230178971e-08,0.565068493150685,0.31179775280898875
Epidermis 2,csnk2a1,5.9061427,1.0465583,3.5021018352979663e-09,5.2416763311620516e-08,0.6301369863013698,0.3848314606741573
Epidermis 2,ehmt2,5.9002385,1.4085609,3.6297657047094187e-09,5.429973455187361e-08,0.476027397260274,0.24157303370786518
Epidermis 2,fat3,5.898973,2.527083,3.65770584720767e-09,5.466175849679315e-08,0.3424657534246575,0.07865168539325842
Epidermis 2,akap1,5.8983407,1.6554856,3.671754316564605e-09,5.481565394662919e-08,0.4417808219178082,0.17134831460674158
Epidermis 2,arhgap19,5.896443,1.5257443,3.7142155990967703e-09,5.5421253791320925e-08,0.4589041095890411,0.2050561797752809
Epidermis 2,jag1,5.8934903,1.8769984,3.781218177149234e-09,5.639223904910677e-08,0.4006849315068493,0.1348314606741573
Epidermis 2,stx19,5.8899055,1.633663,3.864161331667655e-09,5.759984695868293e-08,0.4417808219178082,0.17134831460674158
Epidermis 2,col24a1,5.8821034,1.8197885,4.050852548426685e-09,6.032117719972512e-08,0.4041095890410959,0.15168539325842698
Epidermis 2,prpf38b,5.8745117,1.0691768,4.2409100207554455e-09,6.308704367262211e-08,0.613013698630137,0.37640449438202245
Epidermis 2,tril,5.87409,2.156457,4.251719445376463e-09,6.321567197751749e-08,0.3664383561643836,0.10674157303370786
Epidermis 2,parvb,5.866077,2.800854,4.462267188221526e-09,6.627872570066231e-08,0.3219178082191781,0.05056179775280899
Epidermis 2,kmt2b,5.8656554,1.0330489,4.473625300062104e-09,6.641368265419774e-08,0.6506849315068494,0.40168539325842695
Epidermis 2,ranbp1,5.864812,1.6210649,4.49642598957136e-09,6.66844384074888e-08,0.4452054794520548,0.17415730337078653
Epidermis 2,p2ry11,5.846255,5.102872,5.027635530381887e-09,7.43362742481502e-08,0.2773972602739726,0.011235955056179775
Epidermis 2,jazf1,5.834446,2.5617228,5.3969597446163345e-09,7.963580529776884e-08,0.3356164383561644,0.0702247191011236
Epidermis 2,card11,5.829807,2.57964,5.549160510628734e-09,8.179904734553128e-08,0.3356164383561644,0.07303370786516854
Epidermis 2,timm23,5.819263,1.1093094,5.910764395598231e-09,8.691023845459351e-08,0.5856164383561644,0.3539325842696629
Epidermis 2,plcg1,5.807454,2.2148268,6.3429911492353085e-09,9.307830034302073e-08,0.3595890410958904,0.09550561797752809
Epidermis 2,nsun2,5.8032365,1.9797007,6.5046868307582566e-09,9.525976991477686e-08,0.3801369863013699,0.11797752808988764
Epidermis 2,pola1,5.7901626,1.6285586,7.031834470237646e-09,1.0282518929440551e-07,0.4452054794520548,0.18820224719101122
Epidermis 2,nmd3,5.789319,2.4439063,7.067234880538886e-09,1.0329117139651609e-07,0.339041095890411,0.07865168539325842
Epidermis 2,ttc31,5.776245,1.7366186,7.638617502288076e-09,1.1119742440706311e-07,0.410958904109589,0.15168539325842698
Epidermis 2,LOC100486098,5.7751904,2.0884438,7.686605896185465e-09,1.1184030709377666e-07,0.3664383561643836,0.10955056179775281
Epidermis 2,arl10b,5.762327,1.4911902,8.296194404575339e-09,1.201714859465519e-07,0.4520547945205479,0.21910112359550563
Epidermis 2,lmnb1,5.7621164,1.0494537,8.306569178453018e-09,1.2026217120126803e-07,0.6541095890410958,0.3904494382022472
Epidermis 2,gal3st4.6,5.7503076,4.414529,8.908130140970925e-09,1.287165359123683e-07,0.2773972602739726,0.014044943820224719
Epidermis 2,fosl2,5.7492533,1.0237577,8.963855207920786e-09,1.2945773299542118e-07,0.6164383561643836,0.39325842696629215
Epidermis 2,pa2g4,5.7486205,1.8030776,8.9974527547773e-09,1.298787859135285e-07,0.4006849315068493,0.14325842696629212
Epidermis 2,ppp2r1b,5.742505,1.0207676,9.328604600086914e-09,1.3452611794037523e-07,0.6095890410958904,0.398876404494382
Epidermis 2,mpdz,5.7387094,2.8652937,9.540074411368288e-09,1.3750784769166984e-07,0.3150684931506849,0.05898876404494382
Epidermis 2,bysl,5.7357574,3.3762643,9.707765445545959e-09,1.3985593481456575e-07,0.2979452054794521,0.03932584269662921
Epidermis 2,cttnbp2nl,5.734914,2.8437293,9.756201102680103e-09,1.4048448986819805e-07,0.3150684931506849,0.056179775280898875
Epidermis 2,riok1,5.7188873,2.3191476,1.0722386923718323e-08,1.5409345730934627e-07,0.3458904109589041,0.08426966292134831
Epidermis 2,lsg1,5.7188873,2.66714,1.0722386923718323e-08,1.5409345730934627e-07,0.3219178082191781,0.06741573033707865
Epidermis 2,LOC100497061,5.718466,1.8313322,1.0749029074164195e-08,1.5440042696161847e-07,0.3938356164383562,0.1404494382022472
Epidermis 2,rpf2,5.7150917,3.1855736,1.0964494907262615e-08,1.5726356753395167e-07,0.3013698630136986,0.042134831460674156
Epidermis 2,eftud2,5.6935825,1.6614158,1.2440105864150747e-08,1.7807871425807565e-07,0.4212328767123288,0.16292134831460675
Epidermis 2,cers3,5.682195,3.351813,1.3297665317008991e-08,1.9007533246038623e-07,0.2945205479452055,0.03651685393258427
Epidermis 2,eif4h,5.6724954,1.0538167,1.4073249529402755e-08,2.0106312658551903e-07,0.5787671232876712,0.3595505617977528
Epidermis 2,pwwp2b,5.6708083,1.476911,1.421254622927428e-08,2.029540492564321e-07,0.4452054794520548,0.20786516853932585
Epidermis 2,ncapd2,5.6678557,1.463757,1.4459544888236118e-08,2.062796274416935e-07,0.4589041095890411,0.20786516853932585
Epidermis 2,bmp4,5.6672235,1.171321,1.4513013100683762e-08,2.0694140777857902e-07,0.5308219178082192,0.31741573033707865
Epidermis 2,LOC101731863,5.666169,1.4619682,1.4602553869729944e-08,2.0811665147053923e-07,0.4589041095890411,0.20224719101123595
Epidermis 2,ctdspl,5.659421,1.1259184,1.5188453563055178e-08,2.1615077220139527e-07,0.5582191780821918,0.3146067415730337
Epidermis 2,smc2,5.648877,1.4091511,1.6149903299041043e-08,2.2960983625207623e-07,0.4794520547945205,0.21629213483146068
Epidermis 2,dus2,5.638334,1.7051014,1.7170356009081575e-08,2.4352580131075376e-07,0.4041095890410959,0.1601123595505618
Epidermis 2,dus4l,5.637912,3.9213226,1.7212450226033025e-08,2.440044289801995e-07,0.2808219178082192,0.025280898876404494
Epidermis 2,pdlim7,5.6315856,1.1197453,1.7856018943772137e-08,2.528824078223853e-07,0.6095890410958904,0.3455056179775281
Epidermis 2,LOC108648251,5.6303205,1.4128901,1.7987507839160656e-08,2.5449798724419416e-07,0.4623287671232877,0.21348314606741572
Epidermis 2,eif3d,5.6235723,1.2650279,1.870481768196741e-08,2.6439096985570087e-07,0.5136986301369864,0.2640449438202247
Epidermis 2,actr2,5.6210423,1.0599833,1.8980906461756272e-08,2.6816378771561024e-07,0.6027397260273972,0.3651685393258427
Epidermis 2,ncbp1,5.618301,1.2218269,1.928446760848956e-08,2.723209046684823e-07,0.523972602739726,0.28370786516853935
Epidermis 2,znf692,5.6052265,1.0803046,2.0798275264825536e-08,2.932727372243682e-07,0.5856164383561644,0.35674157303370785
Epidermis 2,f2rl1,5.6003766,2.6832707,2.1388680408091472e-08,3.014525154334242e-07,0.3150684931506849,0.06179775280898876
Epidermis 2,nsd2,5.593207,1.5264392,2.229135726173257e-08,3.138721888813607e-07,0.4383561643835616,0.19101123595505617
Epidermis 2,cdc7,5.5894113,1.7063439,2.2784106121652273e-08,3.2050154284986413e-07,0.4041095890410959,0.15168539325842698
Epidermis 2,sparc,5.5868807,2.2703495,2.3118461788213587e-08,3.247360675306446e-07,0.339041095890411,0.0898876404494382
Epidermis 2,b4galt1,5.5868807,2.5192058,2.3118461788213587e-08,3.247360675306446e-07,0.3253424657534247,0.07865168539325842
Epidermis 2,anos1,5.582663,3.5034096,2.368633251599595e-08,3.325529230427846e-07,0.2876712328767123,0.03932584269662921
Epidermis 2,gramd1a,5.581398,2.5724974,2.38593178326428e-08,3.348207967191463e-07,0.3253424657534247,0.07865168539325842
Epidermis 2,cacna2d3,5.5771804,2.4183645,2.444483669868771e-08,3.427084036159906e-07,0.3287671232876712,0.07865168539325842
Epidermis 2,znf484,5.5765476,3.2237027,2.4533858711684763e-08,3.4379157430549247e-07,0.2910958904109589,0.03651685393258427
Epidermis 2,pabpn1,5.564106,1.1681106,2.634994125759125e-08,3.6870997266665863e-07,0.5342465753424658,0.29213483146067415
Epidermis 2,tardbp,5.556304,1.0374665,2.7554695527398027e-08,3.853833995030487e-07,0.5993150684931506,0.36797752808988765
Epidermis 2,adgrl3,5.547658,1.668472,2.8952133367521785e-08,4.037689935429529e-07,0.4178082191780822,0.18258426966292135
Epidermis 2,dpysl4,5.546393,3.3528779,2.9162319383484964e-08,4.063125633453999e-07,0.2876712328767123,0.03651685393258427
Epidermis 2,psmd1,5.546393,1.0474411,2.9162319383484964e-08,4.063125633453999e-07,0.5821917808219178,0.3539325842696629
Epidermis 2,styx,5.5425973,2.1243806,2.980179886004095e-08,4.146294062245869e-07,0.3493150684931507,0.10393258426966293
Epidermis 2,ssh3,5.5421753,1.1436929,2.987368632859165e-08,4.154318387588309e-07,0.5616438356164384,0.3146067415730337
Epidermis 2,rtcb,5.532897,2.4718602,3.14984536557695e-08,4.3740204219087796e-07,0.3219178082191781,0.07303370786516854
Epidermis 2,nup188,5.53121,1.940503,3.1802936451191366e-08,4.4142052963189685e-07,0.3664383561643836,0.11797752808988764
Epidermis 2,ss18,5.5286794,1.2334098,3.226502081573318e-08,4.474093090439737e-07,0.5136986301369864,0.26685393258426965
Epidermis 2,pomgnt1,5.5219316,1.4539008,3.352931426890461e-08,4.647204293003085e-07,0.4486301369863014,0.21348314606741572
Epidermis 2,fzd10,5.5215096,1.4414687,3.3609908344129725e-08,4.6561669706505027e-07,0.4417808219178082,0.20224719101123595
Epidermis 2,ap2a1,5.520666,1.313603,3.377166060758282e-08,4.6741449394898365e-07,0.4828767123287671,0.24719101123595505
Epidermis 2,uvssa,5.5084357,1.3791312,3.6203656152688966e-08,4.996548975445e-07,0.4623287671232877,0.21910112359550563
Epidermis 2,mtpn,5.5063267,1.7313466,3.6639787555381945e-08,5.051969952978159e-07,0.3938356164383562,0.1404494382022472
Epidermis 2,mex3a,5.5016875,2.4744458,3.761728712313911e-08,5.184304195645824e-07,0.3219178082191781,0.07584269662921349
Epidermis 2,stx6,5.5000005,1.6499293,3.7978974004313036e-08,5.231684208859917e-07,0.4041095890410959,0.16292134831460675
Epidermis 2,ripor1,5.4951506,1.4345496,3.903771007872749e-08,5.367409705133035e-07,0.4486301369863014,0.21629213483146068
Epidermis 2,tmem265,5.492409,3.8089404,3.964872830722288e-08,5.443738737193199e-07,0.273972602739726,0.025280898876404494
Epidermis 2,rpsa,5.4886136,1.7459574,4.051008512353497e-08,5.559391071577703e-07,0.3835616438356164,0.14887640449438203
Epidermis 2,crppa,5.486083,2.34139,4.109437431048915e-08,5.636929401548139e-07,0.3287671232876712,0.0898876404494382
Epidermis 2,gtpbp4,5.4768047,1.9493618,4.330749267186438e-08,5.929373856165188e-07,0.363013698630137,0.12359550561797752
Epidermis 2,utp25,5.4658394,3.09639,4.6072183842759454e-08,6.296101009386169e-07,0.2910958904109589,0.0449438202247191
Epidermis 2,itgb4,5.463309,1.9580965,4.673407910073139e-08,6.383569468193828e-07,0.3493150684931507,0.08426966292134831
Epidermis 2,brd7,5.446861,1.0534196,5.126661077105454e-08,6.979852349551445e-07,0.5684931506849316,0.35674157303370785
Epidermis 2,hs3st3b1,5.4436975,1.5181105,5.2185814221405884e-08,7.098387787370476e-07,0.4417808219178082,0.19382022471910113
Epidermis 2,carm1,5.4403234,1.6633757,5.318390116510209e-08,7.230784255614415e-07,0.3938356164383562,0.14887640449438203
Epidermis 2,rpl13,5.431045,1.6473207,5.602497501746135e-08,7.606437736811021e-07,0.4006849315068493,0.1544943820224719
Epidermis 2,rbm22,5.4232426,1.1241494,5.8527415526768184e-08,7.935133966896849e-07,0.5308219178082192,0.3146067415730337
Epidermis 2,jade3,5.422399,1.6288764,5.880434934158704e-08,7.968984402428978e-07,0.4006849315068493,0.15730337078651685
Epidermis 2,kgd4,5.4219775,1.3162396,5.894329197187638e-08,7.984111990870799e-07,0.4726027397260274,0.23595505617977527
Epidermis 2,rdh7.2,5.4143863,5.446433,6.14993390681461e-08,8.314926828404157e-07,0.2534246575342466,0.0056179775280898875
Epidermis 2,abcf1,5.394142,2.5663762,6.885166112471902e-08,9.278943782096182e-07,0.3082191780821918,0.06460674157303371
Epidermis 2,ska2,5.3892922,1.3101561,7.0735735343719e-08,9.528462119042628e-07,0.476027397260274,0.22752808988764045
Epidermis 2,srgap1,5.386129,1.2147757,7.199128208407333e-08,9.693123752185848e-07,0.5068493150684932,0.25
Epidermis 2,lyar,5.379381,2.488448,7.474233819345754e-08,1.0058900956413248e-06,0.3116438356164384,0.06741573033707865
Epidermis 2,ccdc71,5.371368,1.55054,7.814159647130627e-08,1.050187129403565e-06,0.4075342465753425,0.16853932584269662
Epidermis 2,axin1,5.369681,1.2607313,7.88760714056623e-08,1.0595709757623687e-06,0.4897260273972603,0.24719101123595505
Epidermis 2,lmf1,5.3633547,1.7476357,8.169035849380341e-08,1.096872241218359e-06,0.3767123287671233,0.14325842696629212
Epidermis 2,kmt5c,5.35977,1.0146161,8.332802943656964e-08,1.1178346160901179e-06,0.5856164383561644,0.35674157303370785
Epidermis 2,dcbld2,5.353233,1.2672065,8.639657976173687e-08,1.157936003216566e-06,0.4863013698630137,0.24719101123595505
Epidermis 2,LOC100489354,5.3464847,1.3483976,8.967878526799534e-08,1.201375147648383e-06,0.4486301369863014,0.2247191011235955
Epidermis 2,med26,5.342689,1.2535917,9.157774321246029e-08,1.2251299825370376e-06,0.4897260273972603,0.24157303370786518
Epidermis 2,med15,5.3329887,2.1704218,9.660919413535043e-08,1.2906688088530294e-06,0.3287671232876712,0.0898876404494382
Epidermis 2,tpt1,5.322867,1.1925315,1.021444158161434e-07,1.3621274720445655e-06,0.5,0.27808988764044945
Epidermis 2,c7h10orf143,5.321391,1.0613399,1.0297685615022783e-07,1.372602135032973e-06,0.5445205479452054,0.32865168539325845
Epidermis 2,hira,5.32118,1.4314443,1.0309631091901231e-07,1.3735680330326568e-06,0.4383561643835616,0.19382022471910113
Epidermis 2,hlcs,5.313378,3.0428884,1.0761165669093738e-07,1.4324209183664804e-06,0.2842465753424658,0.042134831460674156
Epidermis 2,sugp1,5.297984,1.0744194,1.170882502221828e-07,1.5564377636401207e-06,0.5547945205479452,0.33146067415730335
Epidermis 2,cdc73,5.297562,1.0633231,1.1735892684473236e-07,1.5593267229992598e-06,0.5513698630136986,0.3258426966292135
Epidermis 2,ankle2,5.2950315,1.1010543,1.1899574640759307e-07,1.5796388116441204e-06,0.5342465753424658,0.3061797752808989
Epidermis 2,LOC100495777,5.2861753,2.5954733,1.2490038194976927e-07,1.656516817047961e-06,0.3013698630136986,0.06179775280898876
Epidermis 2,trim28,5.2853317,1.0375867,1.2547728744668784e-07,1.6634134192082233e-06,0.5684931506849316,0.3455056179775281
Epidermis 2,kcnk6,5.282801,1.4371655,1.2722351441053788e-07,1.6857980733156995e-06,0.4212328767123288,0.19662921348314608
Epidermis 2,rnmt,5.276264,1.5673903,1.3184411719934812e-07,1.744651602469056e-06,0.4006849315068493,0.16573033707865167
Epidermis 2,tbc1d4,5.2754207,1.7369288,1.324520210461188e-07,1.751902727239411e-06,0.3732876712328767,0.13764044943820225
Epidermis 2,grsf1,5.274788,1.8112575,1.329097274330537e-07,1.7571615751223848e-06,0.363013698630137,0.11797752808988764
Epidermis 2,foxh1,5.2638226,3.3191984,1.4109070224275533e-07,1.8627923745519337e-06,0.273972602739726,0.03651685393258427
Epidermis 2,p3h1,5.257918,1.5463201,1.4569544795043432e-07,1.922719475864174e-06,0.4041095890410959,0.17696629213483145
Epidermis 2,nutf2,5.2545443,1.6953173,1.4839164178594789e-07,1.953890126596866e-06,0.3801369863013699,0.14606741573033707
Epidermis 2,fto,5.2545443,1.4542464,1.4839164178594789e-07,1.953890126596866e-06,0.4280821917808219,0.19101123595505617
Epidermis 2,atad5,5.251381,1.2234265,1.509631070362174e-07,1.985066388563055e-06,0.4965753424657534,0.27247191011235955
Epidermis 2,nufip2,5.2435784,1.1248198,1.5749165947831344e-07,2.069051100319362e-06,0.5342465753424658,0.29775280898876405
Epidermis 2,cers5,5.231348,1.0876455,1.6827841366486709e-07,2.2077855968751033e-06,0.5273972602739726,0.29775280898876405
Epidermis 2,ptch1,5.229661,2.0195868,1.6982118166697684e-07,2.2260282337701344e-06,0.3356164383561644,0.09831460674157304
Epidermis 2,XB5732857,5.217852,3.1233494,1.8100994924837023e-07,2.3673833675521747e-06,0.273972602739726,0.03651685393258427
Epidermis 2,tram2,5.212791,2.0566292,1.8602034160740795e-07,2.4296517450965783e-06,0.3321917808219178,0.10112359550561797
Epidermis 2,actl6a,5.2119474,1.2496779,1.8686833709329592e-07,2.4396374995864823e-06,0.4691780821917808,0.24157303370786518
Epidermis 2,LOC116408026,5.1988735,1.7350045,2.0049996781125622e-07,2.6129356036963133e-06,0.3698630136986301,0.1348314606741573
Epidermis 2,fam133b,5.196343,1.018752,2.032471344148825e-07,2.647556589162848e-06,0.5616438356164384,0.3398876404494382
Epidermis 2,tcf20,5.184534,1.0312539,2.16555574760597e-07,2.817149980341349e-06,0.547945205479452,0.33146067415730335
Epidermis 2,ythdf3,5.1803164,1.2527628,2.2150963424031264e-07,2.879034290119422e-06,0.4657534246575342,0.23595505617977527
Epidermis 2,ppan,5.1786294,2.3606586,2.2352176823466022e-07,2.9026054230419157e-06,0.3082191780821918,0.07303370786516854
Epidermis 2,stk38l,5.177786,1.0145576,2.2453444678325395e-07,2.914461107425087e-06,0.5547945205479452,0.3342696629213483
Epidermis 2,pcnx4,5.164712,1.0450228,2.4080946744752533e-07,3.1229376854297307e-06,0.5856164383561644,0.3202247191011236
Epidermis 2,fbl,5.1491075,1.7229384,2.617291037918121e-07,3.388221183763711e-06,0.3664383561643836,0.1348314606741573
Epidermis 2,utp11,5.1440463,2.4074006,2.6888313824851567e-07,3.477753546080691e-06,0.3013698630136986,0.06741573033707865
Epidermis 2,pabpc4,5.14257,1.3407106,2.7100506458902055e-07,3.503648404688925e-06,0.4417808219178082,0.22752808988764045
Epidermis 2,rps3,5.1419377,1.4596734,2.7191940435596694e-07,3.5139151674311533e-06,0.4143835616438356,0.1797752808988764
Epidermis 2,zbtb2,5.1372986,1.1807814,2.7871619527132224e-07,3.5906360088038874e-06,0.4794520547945205,0.26685393258426965
Epidermis 2,tnfaip8l2,5.1368766,2.1622074,2.793421577830383e-07,3.5971148079982345e-06,0.3219178082191781,0.10112359550561797
Epidermis 2,mars1,5.133081,1.502846,2.850372532032228e-07,3.668834851776048e-06,0.4006849315068493,0.16292134831460675
Epidermis 2,smarcb1,5.1254897,2.024269,2.967657123551263e-07,3.816435784361063e-06,0.3321917808219178,0.10112359550561797
Epidermis 2,ctps2,5.121272,2.7827606,3.0348147754437317e-07,3.8976568849295135e-06,0.2808219178082192,0.042134831460674156
Epidermis 2,rela,5.119585,1.2046655,3.062086691171914e-07,3.930955470779368e-06,0.476027397260274,0.25280898876404495
Epidermis 2,naa25,5.1170545,2.1715238,3.1034387282643234e-07,3.982292250478246e-06,0.3150684931506849,0.08146067415730338
Epidermis 2,polr2e,5.1056676,2.2687795,3.296290404155497e-07,4.209430528784156e-06,0.3082191780821918,0.07303370786516854
Epidermis 2,st3gal4,5.100817,2.1345923,3.3818989077966663e-07,4.313101525907694e-06,0.3184931506849315,0.08707865168539326
Epidermis 2,LOC101732841,5.100185,1.3468697,3.393222231048596e-07,4.3237697923182876e-06,0.4417808219178082,0.20786516853932585
Epidermis 2,aqr,5.100185,1.4553573,3.393222231048596e-07,4.3237697923182876e-06,0.4041095890410959,0.17696629213483145
Epidermis 2,uri1,5.0938587,1.4834833,3.5084869770727985e-07,4.468696419469062e-06,0.3972602739726027,0.17696629213483145
Epidermis 2,polr3b,5.086689,1.0717653,3.643690083945656e-07,4.6328275269167235e-06,0.5308219178082192,0.3089887640449438
Epidermis 2,rps12,5.0841584,1.713254,3.692598723758944e-07,4.690932346553572e-06,0.363013698630137,0.1348314606741573
Epidermis 2,LOC100496010,5.0801516,2.876013,3.7713357033956764e-07,4.7867960897072955e-06,0.2773972602739726,0.047752808988764044
Epidermis 2,dync1li1,5.0795193,1.8442391,3.7839150455634537e-07,4.800677981634779e-06,0.339041095890411,0.11235955056179775
Epidermis 2,syn1,5.0782537,4.657705,3.809195317820591e-07,4.830654591549401e-06,0.24315068493150685,0.011235955056179775
Epidermis 2,paxip1,5.078043,1.4006646,3.8134245120990995e-07,4.833920724768811e-06,0.4212328767123288,0.2050561797752809
Epidermis 2,pinx1,5.076778,1.4172182,3.8388949953911605e-07,4.864097945829173e-06,0.4143835616438356,0.19382022471910113
Epidermis 2,hoxa3,5.0753016,1.4241327,3.8688180754449287e-07,4.8998882653089565e-06,0.4246575342465753,0.199438202247191
Epidermis 2,ppp1r18,5.0742474,1.2737778,3.890329375115083e-07,4.922866578527662e-06,0.4554794520547945,0.22191011235955055
Epidermis 2,xnf7,5.0719275,1.3153104,3.93806126760549e-07,4.9811107275368276e-06,0.4383561643835616,0.20786516853932585
Epidermis 2,tcp1,5.06518,1.5066378,4.0801528344090665e-07,5.154146391642672e-06,0.3938356164383562,0.16292134831460675
Epidermis 2,slc13a5,5.0537925,2.2920327,4.331220923384413e-07,5.457151672907318e-06,0.3082191780821918,0.08426966292134831
Epidermis 2,ddhd1,5.053371,2.330315,4.340800282335036e-07,5.464510467396014e-06,0.3013698630136986,0.0702247191011236
Epidermis 2,capzb,5.0504184,1.4080663,4.4084304027634676e-07,5.547259109047737e-06,0.4075342465753425,0.1853932584269663
Epidermis 2,paox,5.048732,2.3440201,4.447531377175556e-07,5.594052912487894e-06,0.3013698630136986,0.07584269662921349
Epidermis 2,utp14a,5.04831,1.7405353,4.4573587717750067e-07,5.601593046335134e-06,0.3561643835616438,0.13202247191011235
Epidermis 2,pdcd1,5.04831,6.877954,4.4573587717750067e-07,5.601593046335134e-06,0.2328767123287671,0.0028089887640449437
Epidermis 2,rpl19,5.039875,1.8295006,4.6583628456456627e-07,5.849166853138675e-06,0.3458904109589041,0.11235955056179775
Epidermis 2,ube2e3,5.0305963,1.6414616,4.889563267813483e-07,6.131566876081335e-06,0.3698630136986301,0.1348314606741573
Epidermis 2,ddx56,5.0255356,2.6950243,5.02029705886311e-07,6.287416595014036e-06,0.2808219178082192,0.056179775280898875
Epidermis 2,XB5835757,5.0251136,1.7779027,5.031342421805095e-07,6.298551191939389e-06,0.3493150684931507,0.12359550561797752
Epidermis 2,supt20h,5.0238485,1.3562663,5.064619302974e-07,6.334783348105818e-06,0.4212328767123288,0.20224719101123595
Epidermis 2,inppl1a,5.0162573,1.6124623,5.268782401254968e-07,6.584513825185291e-06,0.3698630136986301,0.14887640449438203
Epidermis 2,rsrc1,5.0126724,1.1240977,5.367929596994261e-07,6.705553420929027e-06,0.5034246575342466,0.27808988764044945
Epidermis 2,rrn3,5.011196,2.689973,5.409275669864172e-07,6.7514319857301294e-06,0.2808219178082192,0.056179775280898875
Epidermis 2,LOC100488469,5.0057135,2.936689,5.565551773424743e-07,6.940556479905234e-06,0.2705479452054795,0.0449438202247191
Epidermis 2,txn2,4.9977,2.24093,5.801809219135419e-07,7.219782259878562e-06,0.3047945205479452,0.07865168539325842
Epidermis 2,hells,4.9972787,2.2849116,5.814507983215804e-07,7.232505653505581e-06,0.3013698630136986,0.07303370786516854
Epidermis 2,LOC100492869,4.9953804,2.9117074,5.871984756449834e-07,7.297788538086102e-06,0.2705479452054795,0.042134831460674156
Epidermis 2,pik3r2,4.990109,1.0639675,6.034530740296347e-07,7.490249174930044e-06,0.523972602739726,0.3089887640449438
Epidermis 2,thra,4.985048,4.21738,6.194649835338798e-07,7.672703785457135e-06,0.24315068493150685,0.016853932584269662
Epidermis 2,rab13,4.971552,2.1231115,6.641908008922961e-07,8.202349514525858e-06,0.3082191780821918,0.08146067415730338
Epidermis 2,LOC105947324,4.9711304,3.982,6.656374552989144e-07,8.216743435744327e-06,0.2465753424657534,0.02247191011235955
Epidermis 2,lman2l,4.9694433,1.5508195,6.714544958940326e-07,8.28505123236744e-06,0.3767123287671233,0.14606741573033707
Epidermis 2,araf,4.9690213,1.6404771,6.729163924421788e-07,8.299586104420813e-06,0.363013698630137,0.1404494382022472
Epidermis 2,pcdh18,4.9683886,2.531205,6.751149895626965e-07,8.323191168244278e-06,0.2842465753424658,0.05898876404494382
Epidermis 2,dcun1d5,4.9673343,1.7642953,6.787947090603727e-07,8.361503641189953e-06,0.3458904109589041,0.12359550561797752
Epidermis 2,LOC100497957,4.96628,4.6009955,6.824937512537328e-07,8.403527735003311e-06,0.2363013698630137,0.008426966292134831
Epidermis 2,mgmt,4.9612193,2.9005783,7.005212107882364e-07,8.618238852083729e-06,0.2705479452054795,0.047752808988764044
Epidermis 2,efs,4.9588995,1.4339767,7.089363171960645e-07,8.718097386604191e-06,0.3972602739726027,0.1797752808988764
Epidermis 2,tbc1d5,4.958478,1.5014195,7.104767647057714e-07,8.729695800384365e-06,0.386986301369863,0.15730337078651685
Epidermis 2,rpl32,4.9582667,1.7061362,7.112481973520436e-07,8.735502544872936e-06,0.3527397260273973,0.13202247191011235
Epidermis 2,xkr8,4.958056,1.0518248,7.120204370044351e-07,8.741314319225805e-06,0.5136986301369864,0.300561797752809
Epidermis 2,prpf3,4.9542603,1.1988113,7.260596757831316e-07,8.902454019637885e-06,0.4657534246575342,0.24157303370786518
Epidermis 2,rbm12b.3,4.9513083,1.1947311,7.371630873698603e-07,9.023456535556275e-06,0.4520547945205479,0.25
Epidermis 2,cdc40,4.9504647,1.1538984,7.403654199927877e-07,9.055071795736057e-06,0.4726027397260274,0.2556179775280899
Epidermis 2,mindy3,4.9504647,1.2254686,7.403654199927877e-07,9.055071795736057e-06,0.4417808219178082,0.23595505617977527
Epidermis 2,nrarp,4.943295,2.093469,7.681317295124144e-07,9.390739684390375e-06,0.3116438356164384,0.0898876404494382
Epidermis 2,tub,4.9424515,3.9553552,7.714635530883342e-07,9.427529732577382e-06,0.24315068493150685,0.016853932584269662
Epidermis 2,ptp4a3,4.941186,1.7319683,7.76487404220094e-07,9.480995535821876e-06,0.3458904109589041,0.12359550561797752
Epidermis 2,mamld1,4.939499,3.0375583,7.832349151206473e-07,9.559390314777304e-06,0.2636986301369863,0.03932584269662921
Epidermis 2,rbm28,4.936547,2.2177727,7.951791909335166e-07,9.701119753830395e-06,0.3013698630136986,0.07865168539325842
Epidermis 2,xpo6,4.934649,1.8887752,8.029500941243553e-07,9.787754045600095e-06,0.3253424657534247,0.10955056179775281
Epidermis 2,sf3a3,4.934438,1.2941167,8.038180292865135e-07,9.794249609868309e-06,0.4315068493150685,0.21348314606741572
Epidermis 2,plag1,4.934016,1.4559942,8.055566112916278e-07,9.81134387694399e-06,0.3938356164383562,0.17415730337078653
Epidermis 2,atxn10,4.92516,2.1989806,8.42914662233224e-07,1.0253532455988087e-05,0.3013698630136986,0.07303370786516854
Epidermis 2,tcof1,4.915881,1.1919495,8.838393615131169e-07,1.0733489146817582e-05,0.4589041095890411,0.25280898876404495
Epidermis 2,cish,4.9125075,4.3611693,8.99190179853092e-07,1.0901795166854306e-05,0.2363013698630137,0.011235955056179775
Epidermis 2,rtf1,4.909344,1.1091259,9.138144985943787e-07,1.1074507300336768e-05,0.4897260273972603,0.27247191011235955
Epidermis 2,prpf6,4.90829,1.4628047,9.187399630127747e-07,1.1120367643406385e-05,0.3904109589041096,0.17134831460674158
Epidermis 2,top3b,4.90829,1.1868405,9.187399630127747e-07,1.1120367643406385e-05,0.4520547945205479,0.25
Epidermis 2,armh3,4.8990116,1.3834072,9.632003870544248e-07,1.1634425832226401e-05,0.4041095890410959,0.1853932584269663
Epidermis 2,mfap2,4.8985896,2.453716,9.652697604993832e-07,1.1649793711460558e-05,0.2876712328767123,0.06741573033707865
Epidermis 2,gemin5,4.882985,1.9848473,1.0449179309505628e-06,1.2579899522082332e-05,0.3184931506849315,0.09550561797752809
Epidermis 2,ppp1r21,4.8703327,1.1701655,1.1141052595779869e-06,1.340181516161487e-05,0.4623287671232877,0.24719101123595505
Epidermis 2,tsr1,4.8692784,2.1211157,1.1200657831610588e-06,1.3467973224015183e-05,0.3047945205479452,0.09269662921348315
Epidermis 2,naf1,4.8669586,2.630006,1.1332871418086362e-06,1.3621347221302731e-05,0.273972602739726,0.05337078651685393
Epidermis 2,LOC108648775,4.86485,1.2779164,1.1454367743966211e-06,1.3761719010434703e-05,0.4246575342465753,0.2050561797752809
Epidermis 2,ascc3,4.8621087,1.0507832,1.1614187758427102e-06,1.3936548537216035e-05,0.5034246575342466,0.2949438202247191
Epidermis 2,srrm4,4.859789,1.9029121,1.1751093943165345e-06,1.4095044195841863e-05,0.3287671232876712,0.11235955056179775
Epidermis 2,shq1,4.851565,2.7186108,1.224911036952595e-06,1.4674333820148074e-05,0.2705479452054795,0.05337078651685393
Epidermis 2,numa1,4.8218317,1.2295703,1.4224589593292248e-06,1.6978316798755644e-05,0.4349315068493151,0.2247191011235955
Epidermis 2,pitrm1,4.8205667,2.109033,1.4315111100078105e-06,1.7072419933348964e-05,0.3013698630136986,0.08146067415730338
Epidermis 2,LOC116407772,4.8201447,1.5111339,1.4345407841240157e-06,1.7094603204536934e-05,0.3767123287671233,0.16292134831460675
Epidermis 2,cerkl2,4.8178253,1.1850505,1.4513145176686802e-06,1.728743873919038e-05,0.4486301369863014,0.23876404494382023
Epidermis 2,abcf2,4.811288,1.4510614,1.4996067599984802e-06,1.7826354290978274e-05,0.3835616438356164,0.15730337078651685
Epidermis 2,sarnp,4.811077,1.1679918,1.5011900148785512e-06,1.7837920863786556e-05,0.4623287671232877,0.2443820224719101
Epidermis 2,psip1,4.8096013,1.2779655,1.5123178845553607e-06,1.796284603146597e-05,0.4280821917808219,0.21348314606741572
Epidermis 2,atn1,4.7990575,1.399078,1.5941408072027863e-06,1.8896321952694505e-05,0.3938356164383562,0.17415730337078653
Epidermis 2,nsmce2,4.7984247,2.4903572,1.599183178573296e-06,1.8948408387870296e-05,0.2773972602739726,0.05898876404494382
Epidermis 2,vezf1,4.798214,1.020886,1.6008673734494258e-06,1.896067836033232e-05,0.523972602739726,0.3089887640449438
Epidermis 2,zcchc2,4.797581,1.165476,1.605930194427509e-06,1.901293864451621e-05,0.4554794520547945,0.2443820224719101
Epidermis 2,rbm19,4.7973704,2.5889688,1.6076212190449417e-06,1.9017553967585065e-05,0.273972602739726,0.05898876404494382
Epidermis 2,fam13a,4.792942,1.0586895,1.6435306717346118e-06,1.9418773268178834e-05,0.4965753424657534,0.27247191011235955
Epidermis 2,tyw1,4.785351,1.790892,1.7068906297573928e-06,2.0159240403409434e-05,0.3321917808219178,0.1151685393258427
Epidermis 2,fbxw4,4.779868,1.2016261,1.754103666474149e-06,2.0708483148104138e-05,0.4417808219178082,0.22191011235955055
Epidermis 2,rpl7,4.7676373,1.9281013,1.863989700273735e-06,2.1979137930093404e-05,0.3116438356164384,0.09269662921348315
Epidermis 2,znhit6,4.7638416,2.7539182,1.899416572488173e-06,2.2360791715828347e-05,0.2636986301369863,0.047752808988764044
Epidermis 2,ccdc28a,4.763631,1.3081658,1.9014035826346352e-06,2.2375172352654194e-05,0.4041095890410959,0.19382022471910113
Epidermis 2,msh2,4.7570934,3.176876,1.9640009884449332e-06,2.308392154935016e-05,0.25,0.03651685393258427
Epidermis 2,nup50,4.7535086,1.66335,1.9991642624933256e-06,2.346890383812948e-05,0.3424657534246575,0.12359550561797752
Epidermis 2,ipo7,4.7514,1.00553,2.020130211802784e-06,2.368649266795314e-05,0.5034246575342466,0.3089887640449438
Epidermis 2,notum,4.7374825,2.0441236,2.163896519731279e-06,2.5291027256403446e-05,0.3047945205479452,0.09550561797752809
Epidermis 2,adamtsl4,4.7290473,2.1087704,2.255756594396706e-06,2.6343596089017225e-05,0.3013698630136986,0.09269662921348315
Epidermis 2,rab9a,4.728626,2.3855956,2.260446543059629e-06,2.638782464064537e-05,0.2773972602739726,0.06179775280898876
Epidermis 2,mphosph8,4.7269387,1.1276278,2.279300140570225e-06,2.659729437485359e-05,0.4691780821917808,0.25280898876404495
Epidermis 2,znf281,4.7206125,1.3134278,2.351354936011863e-06,2.741621704609604e-05,0.4041095890410959,0.19382022471910113
Epidermis 2,LOC100496642,4.720191,2.9435704,2.3562355620615975e-06,2.7462169742672472e-05,0.2534246575342466,0.03651685393258427
Epidermis 2,rbbp5,4.719769,1.1860855,2.3611259137757403e-06,2.7508199117408795e-05,0.4349315068493151,0.2247191011235955
Epidermis 2,mak16,4.7054296,2.5835845,2.5333187849700085e-06,2.944391308288601e-05,0.2671232876712329,0.05337078651685393
Epidermis 2,arpc4,4.6978383,1.1300579,2.629296008857753e-06,3.046252542010344e-05,0.4589041095890411,0.24719101123595505
Epidermis 2,ddx55,4.694464,2.1283853,2.673063996064501e-06,3.095734297502433e-05,0.2910958904109589,0.07303370786516854
Epidermis 2,lrig1,4.692988,1.2926946,2.692431593785875e-06,3.116929422493264e-05,0.4075342465753425,0.199438202247191
Epidermis 2,adcy5,4.689403,1.7535183,2.740029471153887e-06,3.168267463263421e-05,0.3287671232876712,0.12078651685393259
Epidermis 2,slx9,4.6877165,1.6641378,2.7627068916244326e-06,3.1919638398843396e-05,0.3356164383561644,0.11235955056179775
Epidermis 2,lyn,4.6788597,1.0314984,2.8847491251823047e-06,3.3263945435188935e-05,0.4897260273972603,0.30337078651685395
Epidermis 2,cse1l,4.675064,2.1226115,2.9386216624019944e-06,3.385843508619341e-05,0.2910958904109589,0.07865168539325842
Epidermis 2,ttc33,4.675064,2.404376,2.9386216624019944e-06,3.385843508619341e-05,0.273972602739726,0.05898876404494382
Epidermis 2,znf346,4.6742206,1.5442295,2.9507237449731355e-06,3.398447824637893e-05,0.3527397260273973,0.1404494382022472
Epidermis 2,fgf6l,4.6624117,3.007475,3.125255691517559e-06,3.596627918061014e-05,0.25,0.03932584269662921
Epidermis 2,xpo5,4.659459,2.1355398,3.1704118985654207e-06,3.6471590006676826e-05,0.2876712328767123,0.07584269662921349
Epidermis 2,crkl,4.658194,2.3340788,3.189955543998197e-06,3.666755426921404e-05,0.273972602739726,0.05898876404494382
Epidermis 2,prrt4,4.6579833,1.9278257,3.1932240323067798e-06,3.66906964183803e-05,0.3047945205479452,0.09831460674157304
Epidermis 2,ranbp3l,4.6575613,2.1575105,3.19977064803406e-06,3.675147183209572e-05,0.2842465753424658,0.0702247191011236
Epidermis 2,ppp1r13l,4.65714,1.7075001,3.2063301359943848e-06,3.681234729192924e-05,0.3321917808219178,0.12640449438202248
Epidermis 2,ttf1,4.649759,1.316607,3.3232304558027817e-06,3.807971362350886e-05,0.3904109589041096,0.19382022471910113
Epidermis 2,fgd1,4.6392155,1.8093302,3.497344335811173e-06,4.001208308418646e-05,0.3150684931506849,0.10393258426966293
Epidermis 2,tulp4,4.638372,1.0366606,3.511645111932448e-06,4.015997584776893e-05,0.5068493150684932,0.28651685393258425
Epidermis 2,LOC100490559,4.6227674,1.2869459,3.786545070854563e-06,4.325302812276269e-05,0.3972602739726027,0.18820224719101122
Epidermis 2,gnai1,4.6189713,1.1949633,3.856467679039077e-06,4.40173396040575e-05,0.4315068493150685,0.21910112359550563
Epidermis 2,znf839,4.616863,1.9199122,3.895846629381019e-06,4.443210800758352e-05,0.3013698630136986,0.0898876404494382
Epidermis 2,pdcl3,4.6088495,1.8044971,4.049030852584197e-06,4.6125183496449206e-05,0.3150684931506849,0.10674157303370786
Epidermis 2,ncbp3,4.6075845,1.1188693,4.0737394423811904e-06,4.638857718747354e-05,0.4520547945205479,0.24719101123595505
Epidermis 2,ccar1,4.6035776,1.2855953,4.1529402134398555e-06,4.727203869901106e-05,0.4006849315068493,0.199438202247191
Epidermis 2,gars1,4.602734,2.7236574,4.169801062222707e-06,4.744548651219617e-05,0.2568493150684932,0.047752808988764044
Epidermis 2,sin3b,4.592823,1.316667,4.372894737957854e-06,4.96790074175072e-05,0.3938356164383562,0.1853932584269663
Epidermis 2,plp2,4.5921907,2.214166,4.3861749453698795e-06,4.981052052374008e-05,0.2773972602739726,0.06460674157303371
Epidermis 2,LOC116407934,4.583334,1.9683408,4.57620378919415e-06,5.190803762589607e-05,0.2979452054794521,0.08707865168539326
Epidermis 2,chtf18,4.581436,1.5044422,4.6179380961183004e-06,5.236111267945463e-05,0.3561643835616438,0.15168539325842698
Epidermis 2,irf6.2,4.5772185,1.4148786,4.711990274363597e-06,5.336543499028373e-05,0.3698630136986301,0.16853932584269662
Epidermis 2,rpl35,4.5742664,1.7409261,4.7789155681958804e-06,5.408148702049314e-05,0.3184931506849315,0.10112359550561797
Epidermis 2,wdr70,4.572158,1.1497875,4.827275751731516e-06,5.458649806532454e-05,0.4349315068493151,0.2303370786516854
Epidermis 2,bcl2l13,4.5540223,3.454286,5.26297204315591e-06,5.9329709137481836e-05,0.2328767123287671,0.025280898876404494
Epidermis 2,rbm17,4.546642,2.0455892,5.450861370766513e-06,6.132953376785063e-05,0.2910958904109589,0.08707865168539326
Epidermis 2,ccnq,4.532935,1.7298837,5.816967299402413e-06,6.53983735110892e-05,0.3150684931506849,0.10955056179775281
Epidermis 2,cbx1,4.5175414,1.8993447,6.256179631774245e-06,7.022825914608024e-05,0.2979452054794521,0.09269662921348315
Epidermis 2,rras2,4.506787,2.9989536,6.581668524334075e-06,7.382530799493836e-05,0.23972602739726026,0.033707865168539325
Epidermis 2,tmem209,4.5063653,1.4215474,6.594757309246264e-06,7.39153952862644e-05,0.363013698630137,0.1544943820224719
Epidermis 2,bcl7a,4.5057325,1.042037,6.614437187212616e-06,7.410755592924951e-05,0.4691780821917808,0.26685393258426965
Epidermis 2,slc2a2,4.501515,1.2225511,6.7470793600223285e-06,7.553576283907034e-05,0.4143835616438356,0.199438202247191
Epidermis 2,trabd2a,4.498563,1.9815413,6.841438789728736e-06,7.650424531850065e-05,0.2910958904109589,0.09269662921348315
Epidermis 2,pdss2,4.4981413,1.2880647,6.8550213182521025e-06,7.659752605268625e-05,0.386986301369863,0.17696629213483145
Epidermis 2,mkln1,4.493713,1.084957,6.999203964964277e-06,7.81488659663372e-05,0.4452054794520548,0.25842696629213485
Epidermis 2,LOC101735185,4.4935017,1.7227535,7.0061416549976535e-06,7.819645922765804e-05,0.3116438356164384,0.10393258426966293
Epidermis 2,kif18a,4.47136,1.0191424,7.772368721761578e-06,8.645133565670194e-05,0.4828767123287671,0.2808988764044944
Epidermis 2,cdk8,4.466299,1.4513627,7.958430149032549e-06,8.848720870535201e-05,0.3458904109589041,0.14606741573033707
Epidermis 2,cdc5l,4.4641905,1.0776353,8.037205886547477e-06,8.932911226983622e-05,0.4520547945205479,0.2640449438202247
Epidermis 2,topbp1,4.4576535,1.1285607,8.286175484074973e-06,9.199133899544076e-05,0.4280821917808219,0.22752808988764045
Epidermis 2,cwf19l2,4.4572315,1.3928106,8.302488651262877e-06,9.210248416131505e-05,0.3664383561643836,0.16573033707865167
Epidermis 2,LOC101732008,4.453436,3.2737756,8.450695018582424e-06,9.363997956337485e-05,0.22945205479452055,0.025280898876404494
Epidermis 2,gart,4.449851,2.918731,8.592986930393687e-06,9.518059907629325e-05,0.23972602739726026,0.03651685393258427
Epidermis 2,tcf12,4.445212,1.2799357,8.780530911660747e-06,9.718428590638216e-05,0.3904109589041096,0.18258426966292135
Epidermis 2,ddx19b,4.4388857,1.2683166,9.042585333182542e-06,9.997118452127795e-05,0.386986301369863,0.19101123595505617
Epidermis 2,dipk2a,4.436355,1.6851009,9.149485600987418e-06,0.00010107657354590447,0.3150684931506849,0.1151685393258427
Epidermis 2,rps4x,4.435301,1.8479114,9.194382824474993e-06,0.00010153419128909275,0.2979452054794521,0.10393258426966293
Epidermis 2,cnnm3,4.4327703,1.3433754,9.302996582500366e-06,0.00010265605628654898,0.3732876712328767,0.17696629213483145
Epidermis 2,evc,4.4306617,1.6732862,9.394443396500053e-06,0.00010350884844443763,0.3116438356164384,0.10393258426966293
Epidermis 2,nol6,4.418431,2.797135,9.942005637461407e-06,0.00010929475998068236,0.24315068493150685,0.042134831460674156
Epidermis 2,ccdc43,4.4156895,2.2153676,1.0068850737901162e-05,0.00011060600372776733,0.2671232876712329,0.06460674157303371
Epidermis 2,tsc2,4.4121046,1.7372541,1.0237058745563114e-05,0.0001123271261980313,0.3047945205479452,0.10393258426966293
Epidermis 2,slx4ip,4.410207,2.2599094,1.032719313391877e-05,0.00011327361444562085,0.2671232876712329,0.06741573033707865
Epidermis 2,prmt3,4.4089417,1.6239278,1.0387703236042562e-05,0.00011385187600028501,0.3184931506849315,0.11797752808988764
Epidermis 2,psmb7,4.403037,1.3123524,1.067458842985161e-05,0.00011690854042450074,0.3732876712328767,0.1797752808988764
Epidermis 2,ppp1r8,4.4009285,1.2650777,1.0778868925765654e-05,0.00011800641107455276,0.3904109589041096,0.19382022471910113
Epidermis 2,ano6,4.395446,1.5865979,1.1054569901787259e-05,0.00012088893857057364,0.3219178082191781,0.12359550561797752
Epidermis 2,smg5,4.3952346,1.3288547,1.1065307098556425e-05,0.00012096110388852014,0.3732876712328767,0.17696629213483145
Epidermis 2,phax,4.39165,2.0174217,1.1249369916292151e-05,0.00012278951905270196,0.2808219178082192,0.08146067415730338
Epidermis 2,bcl2l14,4.388276,3.3525398,1.1425272771868884e-05,0.00012456999194125303,0.22602739726027396,0.028089887640449437
Epidermis 2,rpl4,4.387854,1.5142635,1.144744435767698e-05,0.00012476519240091566,0.339041095890411,0.14606741573033707
Epidermis 2,eif3i,4.3823714,1.5242311,1.1739438521592474e-05,0.00012775708392578913,0.3356164383561644,0.13764044943820225
Epidermis 2,LOC105945436,4.3811064,1.8950741,1.1807824287160057e-05,0.00012845348408558826,0.2876712328767123,0.08707865168539326
Epidermis 2,dhx37,4.376467,1.9943197,1.2061839535813234e-05,0.00013116801766047495,0.2808219178082192,0.08146067415730338
Epidermis 2,kpna6,4.376256,1.3723584,1.2073508718329151e-05,0.00013124608900910354,0.3595890410958904,0.1601123595505618
Epidermis 2,gne,4.3752017,1.1445093,1.213201642527296e-05,0.00013183307514020592,0.410958904109589,0.22752808988764045
Epidermis 2,LOC101734072,4.3705626,4.3429255,1.2392680152376065e-05,0.00013456553994580414,0.21232876712328766,0.014044943820224719
Epidermis 2,tut1,4.361706,1.1033022,1.2905224042291097e-05,0.00013997499220044936,0.4280821917808219,0.2247191011235955
Epidermis 2,ipo5,4.3604407,1.600866,1.2980075261322102e-05,0.00014073463648505428,0.3219178082191781,0.12359550561797752
Epidermis 2,rps3a,4.3558016,1.9046389,1.3258089085494404e-05,0.0001436424025419151,0.2842465753424658,0.08426966292134831
Epidermis 2,taf2,4.355591,1.1896352,1.3270860098332747e-05,0.00014372749593714876,0.4006849315068493,0.2050561797752809
Epidermis 2,cisd1,4.3439927,1.9749984,1.3991624382972692e-05,0.00015130934973683858,0.2808219178082192,0.08426966292134831
Epidermis 2,suv39h2,4.3408294,1.331191,1.4194585187931276e-05,0.00015339072814359302,0.3664383561643836,0.1601123595505618
Epidermis 2,mrps6,4.333871,1.506662,1.4651027676936151e-05,0.00015808940200240701,0.3321917808219178,0.14606741573033707
Epidermis 2,arid3c,4.3273335,2.1522977,1.5092530085978991e-05,0.00016273321539773218,0.2705479452054795,0.08146067415730338
Epidermis 2,rab11b,4.3144703,1.3811628,1.5998604019789367e-05,0.00017193205665531729,0.3527397260273973,0.15730337078651685
Epidermis 2,wbp1l,4.3132052,1.6565177,1.609047497105349e-05,0.00017279231222588705,0.3082191780821918,0.10955056179775281
Epidermis 2,phf20,4.3041377,1.4573741,1.6763752886255444e-05,0.00017989033062339678,0.339041095890411,0.14325842696629212
Epidermis 2,LOC100487200,4.3039265,2.0125039,1.6779725506646062e-05,0.00017999565368248478,0.273972602739726,0.08146067415730338
Epidermis 2,ripply3,4.2976003,3.3794496,1.7265704357927718e-05,0.0001849372678954141,0.2191780821917808,0.02247191011235955
Epidermis 2,wdr36,4.2971787,2.4839344,1.7298575358762976e-05,0.00018522148582857163,0.2465753424657534,0.05056179775280899
Epidermis 2,pias1,4.296335,1.4495237,1.736449634324201e-05,0.00018585924299132451,0.339041095890411,0.1404494382022472
Epidermis 2,atmin,4.288744,1.323617,1.7968654049339697e-05,0.00019204450695292454,0.3595890410958904,0.16853932584269662
Epidermis 2,cct2,4.288322,1.4492598,1.800279891525062e-05,0.00019233911370310339,0.3356164383561644,0.13202247191011235
Epidermis 2,rpl10,4.2811522,1.5023679,1.8592805385849467e-05,0.00019857007461957098,0.3287671232876712,0.13764044943820225
Epidermis 2,zfhx4,4.276091,1.1146549,1.902032149922749e-05,0.00020306173036666134,0.4212328767123288,0.2247191011235955
Epidermis 2,tbx2,4.268922,1.4045348,1.9642025218080455e-05,0.0002095459996896751,0.3287671232876712,0.11797752808988764
Epidermis 2,babam2,4.2659693,1.4405544,1.9903605156758962e-05,0.00021218172222364014,0.3356164383561644,0.1348314606741573
Epidermis 2,qsox2,4.264282,1.3942201,2.0054565328567943e-05,0.00021363520376070319,0.3424657534246575,0.14887640449438203
Epidermis 2,rps14,4.2638607,1.6713654,2.00924753774736e-05,0.00021396107386481997,0.3013698630136986,0.10955056179775281
Epidermis 2,LOC101734604,4.2577453,1.4448614,2.0649897838619025e-05,0.00021973686338575636,0.339041095890411,0.14887640449438203
Epidermis 2,axin2,4.2562695,1.9123403,2.078663740925238e-05,0.00022111142580416896,0.2808219178082192,0.08707865168539326
Epidermis 2,afg1l,4.2528954,1.1407722,2.1102429417144617e-05,0.00022438891025556722,0.3972602739726027,0.21348314606741572
Epidermis 2,LOC105945443,4.2507863,1.5274969,2.130211314982071e-05,0.00022634753525351114,0.3219178082191781,0.13202247191011235
Epidermis 2,ubtd2,4.2490997,2.1872187,2.146315393988011e-05,0.00022797581861069605,0.2602739726027397,0.06741573033707865
Epidermis 2,bnip3,4.2427735,3.0892162,2.207743935959953e-05,0.00023416024307708775,0.22602739726027396,0.03651685393258427
Epidermis 2,rnf168,4.236658,2.14933,2.2687128856512796e-05,0.00024045230732586131,0.2636986301369863,0.07584269662921349
Epidermis 2,wdr59,4.2364473,1.2730069,2.2708435804254677e-05,0.00024050372717180016,0.3664383561643836,0.17415730337078653
Epidermis 2,asb7,4.233284,1.6411861,2.3030334221605122e-05,0.0002435599492155352,0.3047945205479452,0.10955056179775281
Epidermis 2,pmepa1,4.2318077,2.990601,2.3182035146350886e-05,0.0002448984710383024,0.22602739726027396,0.033707865168539325
Epidermis 2,galnt16,4.2288556,3.0125852,2.3488294373851283e-05,0.00024804419539091287,0.22602739726027396,0.033707865168539325
Epidermis 2,gtse1,4.228434,1.2429403,2.3532358713293055e-05,0.0002484197824298553,0.3698630136986301,0.1853932584269663
Epidermis 2,ppme1,4.2278013,1.1201394,2.359860273506642e-05,0.0002490291539887099,0.4075342465753425,0.21629213483146068
Epidermis 2,chst12,4.2254815,2.8103886,2.3843018761823118e-05,0.0002514268692016059,0.2328767123287671,0.042134831460674156
Epidermis 2,blmh,4.2208424,1.2191294,2.4339095421156174e-05,0.00025638057594804187,0.3835616438356164,0.19662921348314608
Epidermis 2,ngdn,4.2191553,2.1253371,2.4521909512403618e-05,0.00025821323377416076,0.2636986301369863,0.07303370786516854
Epidermis 2,LOC116411050,4.2155704,6.267575,2.491473624701881e-05,0.0002619721781426643,0.1952054794520548,0.0028089887640449437
Epidermis 2,sae1,4.2111425,1.1173116,2.5408260335484247e-05,0.00026658609399373296,0.4075342465753425,0.2303370786516854
Epidermis 2,ccny,4.201864,1.0519283,2.647262925243908e-05,0.0002772559748040296,0.4280821917808219,0.23595505617977527
Epidermis 2,larp7,4.195116,1.4849683,2.727320461451673e-05,0.0002852318583495308,0.3253424657534247,0.12921348314606743
Epidermis 2,LOC116408868,4.1860485,1.6129541,2.838528685551998e-05,0.00029643812792915484,0.3047945205479452,0.1151685393258427
Epidermis 2,ccdc137,4.1858377,1.903331,2.8411655164247737e-05,0.0002966075328950448,0.2773972602739726,0.0898876404494382
Epidermis 2,lars2,4.184783,2.2621026,2.8543846372425894e-05,0.0002978811757630779,0.25,0.05898876404494382
Epidermis 2,mn1,4.178246,1.4529189,2.9376573799275406e-05,0.0003062434481906631,0.3287671232876712,0.14606741573033707
Epidermis 2,gcna,4.174872,1.3192093,2.9815352706749056e-05,0.00031048542036728953,0.3527397260273973,0.16853932584269662
Epidermis 2,hoxb1,4.174661,3.858216,2.9842982198006768e-05,0.0003106624688853048,0.2089041095890411,0.019662921348314606
Epidermis 2,c2cd5,4.173607,1.7962286,2.998149506319471e-05,0.0003119932652873779,0.2808219178082192,0.09269662921348315
Epidermis 2,bach2,4.170655,1.55487,3.0372589028342815e-05,0.000315838189216467,0.3150684931506849,0.12921348314606743
Epidermis 2,ltv1,4.1639066,2.8176157,3.128480334633444e-05,0.0003249772873549048,0.22602739726027396,0.03651685393258427
Epidermis 2,gmfb,4.163485,1.437793,3.1342672700250375e-05,0.00032546275868597466,0.3287671232876712,0.13764044943820225
Epidermis 2,dync1i2,4.161376,1.2122154,3.163354840478194e-05,0.0003281335178921863,0.3732876712328767,0.19662921348314608
Epidermis 2,fbxl13,4.161165,1.0043961,3.166277663078976e-05,0.0003283201928679019,0.3595890410958904,0.13202247191011235
Epidermis 2,rplp2,4.1605325,1.9786735,3.175061534421413e-05,0.0003291142684846536,0.2671232876712329,0.07865168539325842
Epidermis 2,enox1,4.1508327,1.3105481,3.3126811016283795e-05,0.00034204514758636226,0.3595890410958904,0.17415730337078653
Epidermis 2,apc,4.1491456,1.133624,3.33718607069252e-05,0.00034445369361727775,0.3972602739726027,0.21067415730337077
Epidermis 2,btf3l4,4.14788,1.6163946,3.355677692762629e-05,0.00034624007990520435,0.3013698630136986,0.11235955056179775
Epidermis 2,vdac2,4.143452,1.7814916,3.4211677792407386e-05,0.0003524996663905042,0.2842465753424658,0.09831460674157304
Epidermis 2,stxbp3,4.1428194,1.4011161,3.43062201625691e-05,0.0003532247698386958,0.3356164383561644,0.1544943820224719
Epidermis 2,prkar1a,4.136493,1.4925783,3.5265391237756095e-05,0.0003627173297926982,0.3150684931506849,0.11797752808988764
Epidermis 2,cyp4v2.2,4.131854,3.8484643,3.598491067598432e-05,0.00036972756554295175,0.2054794520547945,0.016853932584269662
Epidermis 2,riox1,4.128058,2.3847044,3.658395459067755e-05,0.00037548650865171896,0.23972602739726026,0.05056179775280899
Epidermis 2,eef1g,4.125106,1.462214,3.705641092960523e-05,0.0003802021579091929,0.3219178082191781,0.1404494382022472
Epidermis 2,ice2,4.1240516,1.5217938,3.72265448011972e-05,0.00038181373020484055,0.3116438356164384,0.12078651685393259
Epidermis 2,kcnn2,4.123419,3.0130818,3.732898080075796e-05,0.0003827300728821311,0.2191780821917808,0.03089887640449438
Epidermis 2,znf532,4.12131,2.0161715,3.767237020092603e-05,0.00038611537634756967,0.2636986301369863,0.07865168539325842
Epidermis 2,smyd3,4.1124535,1.7690738,3.9147624210677365e-05,0.00040081408171709635,0.2808219178082192,0.09269662921348315
Epidermis 2,pwp1,4.109923,3.3052068,3.957909430894293e-05,0.00040494802441186936,0.21232876712328766,0.025280898876404494
Epidermis 2,uba52,4.109923,2.142816,3.957909430894293e-05,0.00040494802441186936,0.2534246575342466,0.06741573033707865
Epidermis 2,dnm1,4.108447,5.1705055,3.983286544877821e-05,0.00040740185092135616,0.1952054794520548,0.008426966292134831
Epidermis 2,hltf,4.105073,1.9535621,4.041872466102758e-05,0.00041310480439388014,0.2636986301369863,0.07584269662921349
Epidermis 2,tgif1,4.1023316,1.4106629,4.0900746777970996e-05,0.0004178852600723069,0.3287671232876712,0.14606741573033707
Epidermis 2,gphn,4.100434,1.3207672,4.123764434279221e-05,0.00042118014737392,0.3458904109589041,0.16573033707865167
Epidermis 2,snrk,4.0989575,1.4385887,4.150149443587052e-05,0.0004235789748096827,0.3253424657534247,0.1404494382022472
Epidermis 2,resf1,4.0858836,1.4210428,4.390940686415201e-05,0.0004472180738836333,0.3184931506849315,0.12359550561797752
Epidermis 2,phlda2,4.0793467,4.5577273,4.516249290628901e-05,0.0004598205608302801,0.1952054794520548,0.008426966292134831
Epidermis 2,sdad1,4.0789247,1.8815002,4.524449098861907e-05,0.000460495026493149,0.2705479452054795,0.08707865168539326
Epidermis 2,nexmif,4.077027,2.0319245,4.561523276949812e-05,0.0004639453267519831,0.2602739726027397,0.07584269662921349
Epidermis 2,snrpd1,4.0694356,1.0851574,4.712720862133033e-05,0.00047899006787555874,0.4006849315068493,0.2247191011235955
Epidermis 2,ece1,4.06332,1.0038697,4.837962264711593e-05,0.000491036371388141,0.4212328767123288,0.2612359550561798
Epidermis 2,adar,4.062266,1.0130432,4.859872033707417e-05,0.0004929178328150642,0.4246575342465753,0.25
Epidermis 2,cfdp1,4.0620546,1.1213993,4.864265260604341e-05,0.0004931922921703971,0.3938356164383562,0.2050561797752809
Epidermis 2,eif2s3,4.05847,1.5821227,4.939528605941218e-05,0.0005003027050598328,0.2979452054794521,0.11235955056179775
Epidermis 2,rpl26l1,4.054674,1.2486308,5.0204217723389254e-05,0.0005083198781684763,0.3561643835616438,0.17696629213483145
Epidermis 2,mtmr10,4.0531983,1.4734809,5.052218048515865e-05,0.0005113621391141525,0.3116438356164384,0.12640449438202248
Epidermis 2,bsn,4.0238867,1.6984966,5.724546092730546e-05,0.0005764182116314385,0.2842465753424658,0.10674157303370786
Epidermis 2,rplp0,4.023465,2.1581748,5.734811713818172e-05,0.0005772530344580544,0.2465753424657534,0.06460674157303371
Epidermis 2,sema3fl,4.0211453,3.2263553,5.7915850145848464e-05,0.0005825664885111137,0.2089041095890411,0.025280898876404494
Epidermis 2,ptdss2,4.0209346,2.28858,5.796772535377818e-05,0.000582887712355105,0.23972602739726026,0.056179775280898875
Epidermis 2,prps1,4.012078,2.4052,6.018665509876584e-05,0.0006043682979017603,0.2328767123287671,0.047752808988764044
Epidermis 2,LOC100496939,4.012078,2.2913857,6.018665509876584e-05,0.0006043682979017603,0.23972602739726026,0.05898876404494382
Epidermis 2,abhd17c,4.0108128,1.4512794,6.051013476009386e-05,0.0006074078808970823,0.3082191780821918,0.12359550561797752
Epidermis 2,fam89a,4.009758,3.720354,6.078095795575438e-05,0.0006099169866133389,0.20205479452054795,0.019662921348314606
Epidermis 2,dchs1,4.0076494,3.5425298,6.132605109975771e-05,0.0006151756347621886,0.20205479452054795,0.019662921348314606
Epidermis 2,cry4,4.005119,1.32137,6.198627260769201e-05,0.0006213719940313597,0.339041095890411,0.1544943820224719
Epidermis 2,col6a5,4.003643,7.131152,6.237450348933976e-05,0.0006250494040099042,0.18493150684931506,0.0028089887640449437
Epidermis 2,ilkap,3.9947863,1.4333538,6.475266313760211e-05,0.0006477703956794139,0.3116438356164384,0.1348314606741573
Epidermis 2,snrpe,3.9922557,2.3356624,6.544774378301039e-05,0.0006542759912863121,0.2363013698630137,0.056179775280898875
Epidermis 2,msx1,3.991834,1.0823842,6.556427489945084e-05,0.000655216861396871,0.3972602739726027,0.22191011235955055
Epidermis 2,tdp1,3.9878273,1.2084539,6.668115741648036e-05,0.0006654683893619451,0.3527397260273973,0.17134831460674158
Epidermis 2,lsm4,3.986773,1.0739117,6.697805262714903e-05,0.0006682032274212263,0.3938356164383562,0.20224719101123595
Epidermis 2,abcb7,3.9863513,1.0902109,6.709716061247087e-05,0.0006691631190252938,0.3904109589041096,0.21629213483146068
Epidermis 2,melk,3.9812903,1.2185981,6.854217961904279e-05,0.000682642743592586,0.3561643835616438,0.17696629213483145
Epidermis 2,cwc27,3.9791815,1.3779433,6.915291932995155e-05,0.0006880221187657638,0.3219178082191781,0.14325842696629212
Epidermis 2,pkdcc,3.9787598,2.816974,6.927568353290613e-05,0.0006887746616838024,0.21575342465753425,0.033707865168539325
Epidermis 2,numbl,3.9770727,1.8119506,6.976880533933473e-05,0.0006929704209561989,0.2671232876712329,0.08707865168539326
Epidermis 2,ddx49,3.9758077,2.3828585,7.014082404667033e-05,0.0006964288137595858,0.2328767123287671,0.05337078651685393
Epidermis 2,ncapd3,3.9749641,1.1964298,7.038987824986853e-05,0.0006981902039775728,0.363013698630137,0.18820224719101122
Epidermis 2,gls2,3.9749641,2.2070856,7.038987824986853e-05,0.0006981902039775728,0.23972602739726026,0.056179775280898875
Epidermis 2,unc5c,3.9749641,3.9507926,7.038987824986853e-05,0.0006981902039775728,0.19863013698630136,0.019662921348314606
Epidermis 2,irs4,3.9736989,1.6345005,7.07650287100791e-05,0.0007016731866432572,0.2876712328767123,0.11235955056179775
Epidermis 2,LOC101731131,3.9720118,3.5110505,7.126817224552947e-05,0.0007061830314946006,0.20205479452054795,0.02247191011235955
Epidermis 2,gli2,3.971801,1.5922116,7.133130260167644e-05,0.0007065690634868193,0.2910958904109589,0.10955056179775281
Epidermis 2,c5,3.9639986,1.712382,7.370466464346354e-05,0.0007285969063892738,0.2773972602739726,0.09550561797752809
Epidermis 2,casp8ap2,3.9614682,1.5552319,7.449030920718587e-05,0.0007356169690659629,0.2979452054794521,0.12359550561797752
Epidermis 2,rpl36a,3.956829,1.6256196,7.595126900434214e-05,0.0007492850301268731,0.2876712328767123,0.10955056179775281
Epidermis 2,scly,3.9542985,2.748713,7.67595343151977e-05,0.0007559831359728922,0.2191780821917808,0.03932584269662921
Epidermis 2,lyst,3.953455,1.3665086,7.703075861694312e-05,0.0007583988228803854,0.3219178082191781,0.14887640449438203
Epidermis 2,znf143,3.9492376,1.2649287,7.840052636542268e-05,0.0007716248438342325,0.3424657534246575,0.17134831460674158
Epidermis 2,ddx42,3.9462852,1.2754261,7.937303071818798e-05,0.0007806706126929181,0.3356164383561644,0.16292134831460675
Epidermis 2,gpam,3.9441767,3.1753798,8.007464672170937e-05,0.0007873064239227335,0.2054794520547945,0.025280898876404494
Epidermis 2,eif2ak1,3.9327893,2.3614044,8.396579803398645e-05,0.000823902061876958,0.22945205479452055,0.05056179775280899
Epidermis 2,LOC100485064,3.9321568,3.05245,8.418712968098708e-05,0.0008257966401694407,0.2089041095890411,0.03089887640449438
Epidermis 2,dpp9,3.9298372,1.3676044,8.500340517562481e-05,0.0008329649804521249,0.3184931506849315,0.1404494382022472
Epidermis 2,ippk,3.9294155,1.0635829,8.515262012466821e-05,0.0008341475331314264,0.3972602739726027,0.2247191011235955
Epidermis 2,stbd1,3.9239328,1.6334783,8.711507603265456e-05,0.0008525144919687063,0.2808219178082192,0.10393258426966293
Epidermis 2,col4a6,3.9180284,2.4892385,8.927624254940113e-05,0.0008719124109460556,0.22945205479452055,0.056179775280898875
Epidermis 2,xmc,3.915287,1.4457325,9.029676762114428e-05,0.0008812904221481364,0.3047945205479452,0.12078651685393259
Epidermis 2,rpl14,3.912124,1.3547715,9.148798775116431e-05,0.0008926186148045007,0.3219178082191781,0.15168539325842698
Epidermis 2,znf518b,3.9108586,1.9953843,9.196861921792844e-05,0.0008964103729107256,0.25,0.07303370786516854
Epidermis 2,rrp9,3.9057975,1.8846958,9.391509724302319e-05,0.0009144677573320489,0.2568493150684932,0.07865168539325842
Epidermis 2,ankrd10,3.9045324,1.8082943,9.440776038955927e-05,0.0009186528774790968,0.2671232876712329,0.09550561797752809
Epidermis 2,cog6,3.9020019,2.211112,9.540041755651514e-05,0.0009273859679396389,0.23972602739726026,0.06460674157303371
Epidermis 2,eef1b2,3.8923018,1.9180075,9.929765405887677e-05,0.0009630291061031941,0.2534246575342466,0.07865168539325842
Epidermis 2,usp1,3.89188,1.4059328,9.947046251461876e-05,0.000964385104399609,0.3150684931506849,0.1404494382022472
Epidermis 2,cmklr2,3.8880842,1.5279925,0.00010103856554485478,0.0009786144166473328,0.2876712328767123,0.10674157303370786
Epidermis 2,sfrpx,3.886819,3.4479685,0.00010156643151149813,0.0009827502017585575,0.19863013698630136,0.02247191011235955
Epidermis 2,fgd6,3.8844993,1.0270503,0.00010254095320421423,0.0009918512915659781,0.3938356164383562,0.21629213483146068
Epidermis 2,pank4,3.883234,1.4998682,0.0001030762235278354,0.0009960400297329443,0.2979452054794521,0.13202247191011235
Epidermis 2,anapc10,3.8775406,1.5643717,0.0001055177405594026,0.001018959059891608,0.2876712328767123,0.12078651685393259
Epidermis 2,ctbp1,3.8729014,3.373751,0.00010754736959217649,0.001037188109715906,0.19863013698630136,0.02247191011235955
Epidermis 2,rpl15,3.8688948,1.8636088,0.00010932982028657616,0.0010536828146379517,0.2568493150684932,0.08146067415730338
Epidermis 2,naxd,3.8678403,1.0934602,0.00010980349780557895,0.0010578991576647588,0.3767123287671233,0.20224719101123595
Epidermis 2,kif7,3.8610923,1.300784,0.00011288118608592655,0.0010854045889729339,0.3219178082191781,0.14887640449438203
Epidermis 2,mertk,3.8572967,1.338648,0.00011464796038000584,0.0011016681557751316,0.3219178082191781,0.15168539325842698
Epidermis 2,cdc16,3.857086,1.4874016,0.00011474687526829144,0.0011022562967359273,0.2979452054794521,0.12640449438202248
Epidermis 2,LOC105945696,3.8556097,1.2833067,0.00011544153651337884,0.0011085648994160896,0.3287671232876712,0.15168539325842698
Epidermis 2,smad4,3.840427,1.4645073,0.00012282057330876463,0.001177490383203837,0.3013698630136986,0.13202247191011235
Epidermis 2,tada2a,3.8400052,2.6917334,0.0001230317594568445,0.00117912831497804,0.21232876712328766,0.03651685393258427
Epidermis 2,dsn1,3.8279853,1.4146788,0.00012919646807714615,0.0012365887224502485,0.3047945205479452,0.13764044943820225
Epidermis 2,naa10,3.825244,1.6477087,0.00013064265531245015,0.0012500214263300262,0.273972602739726,0.09831460674157304
Epidermis 2,wdr74,3.8239787,3.084931,0.00013131525912604277,0.001256045922615627,0.20205479452054795,0.028089887640449437
Epidermis 2,ddx20,3.8206048,2.9008512,0.00013312485744473225,0.001272938406269862,0.2054794520547945,0.03089887640449438
Epidermis 2,nup54,3.8193395,1.7377768,0.00013380949453413433,0.0012790664927165732,0.2671232876712329,0.09831460674157304
Epidermis 2,rcor2,3.813435,1.4416405,0.00013704856066074796,0.0013074629493062414,0.3013698630136986,0.13202247191011235
Epidermis 2,nle1,3.8125916,3.1957576,0.0001375172694163945,0.0013115064607865017,0.19863013698630136,0.025280898876404494
Epidermis 2,znf384,3.8121698,1.0868652,0.00013775218966602333,0.0013133184136097612,0.3732876712328767,0.20786516853932585
Epidermis 2,hirip3,3.8062654,1.4148891,0.00014108102206784076,0.0013433027218452943,0.3013698630136986,0.12640449438202248
Epidermis 2,psmb2,3.8024697,1.7678528,0.00014326083836356412,0.0013622828777505995,0.2636986301369863,0.09550561797752809
Epidermis 2,LOC108644510,3.7948782,2.4493525,0.00014771596825878584,0.0014023661799845953,0.2191780821917808,0.047752808988764044
Epidermis 2,wdr46,3.7938237,2.0860946,0.00014834495539569,0.001407880321808901,0.2363013698630137,0.06460674157303371
Epidermis 2,dars1,3.7887628,2.7286572,0.00015139935265293063,0.0014354701516048703,0.2089041095890411,0.03651685393258427
Epidermis 2,ccnf,3.7855997,1.2063577,0.00015333831198160934,0.0014524407639450495,0.3356164383561644,0.16292134831460675
Epidermis 2,pcdh10,3.7839127,3.8874109,0.00015438195751168676,0.001461379209852369,0.18835616438356165,0.016853932584269662
Epidermis 2,skp2,3.7826476,1.8734266,0.00015516907542060667,0.0014678793668672341,0.25,0.07865168539325842
Epidermis 2,hbegf,3.7809606,2.2288065,0.00015622444287470395,0.0014764295795895476,0.22602739726027396,0.05337078651685393
Epidermis 2,cnbp,3.780117,1.2305676,0.00015675465650986632,0.0014804831549078844,0.3356164383561644,0.1544943820224719
Epidermis 2,rarb,3.7737908,2.3233993,0.00016078558083463333,0.0015161042946377958,0.2226027397260274,0.05056179775280899
Epidermis 2,cdx1,3.7723148,1.1689532,0.00016174006373125842,0.001524612642027867,0.3527397260273973,0.17696629213483145
Epidermis 2,csnk2a2,3.770417,1.0563151,0.0001629750913411835,0.0015347696182326463,0.3835616438356164,0.21067415730337077
Epidermis 2,nup205,3.7683082,1.1798483,0.0001643577489706972,0.0015462958996338748,0.3424657534246575,0.17696629213483145
Epidermis 2,seh1l,3.766621,1.0587692,0.00016547181337807267,0.0015562762473791641,0.3801369863013699,0.20786516853932585
Epidermis 2,lhfpl2,3.7645123,1.8274214,0.00016687438539700268,0.0015684582506558795,0.2534246575342466,0.08146067415730338
Epidermis 2,thoc1,3.743847,1.1385978,0.00018122416997047634,0.0016967853018600239,0.3493150684931507,0.1797752808988764
Epidermis 2,fanci,3.743847,1.7216561,0.00018122416997047634,0.0016967853018600239,0.2602739726027397,0.0898876404494382
Epidermis 2,map1lc3b,3.7387857,2.5219216,0.00018491116030647966,0.00173075188181835,0.21232876712328766,0.042134831460674156
Epidermis 2,clcn6,3.7377315,1.7580204,0.00018568810689333786,0.0017363560628916054,0.2568493150684932,0.08707865168539326
Epidermis 2,elmo3,3.737099,1.0158222,0.00018615574673877625,0.0017401722522933062,0.3698630136986301,0.17696629213483145
Epidermis 2,prkaa1,3.7366772,1.1964457,0.00018646812142205534,0.0017425350566777813,0.3356164383561644,0.15730337078651685
Epidermis 2,spin1,3.7337248,1.5818983,0.00018866857940483218,0.0017619716436366292,0.273972602739726,0.10674157303370786
Epidermis 2,cdca8,3.733303,1.1719785,0.0001889849156924852,0.0017643622071565107,0.339041095890411,0.16292134831460675
Epidermis 2,rbm6,3.723603,1.9399039,0.00019639971297761883,0.0018306632685104515,0.23972602739726026,0.0702247191011236
Epidermis 2,ints10,3.7223377,1.1298538,0.00019738677044277942,0.001838691104784221,0.3527397260273973,0.1853932584269663
Epidermis 2,ninl,3.7210724,1.1620581,0.00019837848756920306,0.0018467520923998008,0.3424657534246575,0.17415730337078653
Epidermis 2,coro2a,3.718542,1.103123,0.00020037598249539676,0.001864753372914022,0.363013698630137,0.19662921348314608
Epidermis 2,polg,3.7160115,3.0479548,0.00020239236194964077,0.0018823198002386095,0.19863013698630136,0.03089887640449438
Epidermis 2,zyx,3.7109506,1.589852,0.00020648243777177997,0.0019185276981903688,0.2671232876712329,0.09550561797752809
Epidermis 2,nup35,3.709896,1.535966,0.0002073442519838884,0.001925311254682669,0.2773972602739726,0.1151685393258427
Epidermis 2,tasor2,3.7061005,1.0113274,0.00021047483841707718,0.0019519003812720759,0.386986301369863,0.22752808988764045
Epidermis 2,LOC100486247,3.70357,2.0083969,0.00021258649922702082,0.0019696088617765597,0.2363013698630137,0.0702247191011236
Epidermis 2,dph1,3.7025156,2.4747806,0.00021347221625350564,0.0019765620377910115,0.21575342465753425,0.05056179775280899
Epidermis 2,prex2,3.7020938,2.2809818,0.00021382747240191648,0.001979224460348455,0.2191780821917808,0.05056179775280899
Epidermis 2,aen,3.701672,2.6708052,0.0002141832836614886,0.001981890333874319,0.2054794520547945,0.03651685393258427
Epidermis 2,hnrnpr,3.69872,2.973765,0.0002166895732613784,0.002003813007277239,0.19863013698630136,0.03089887640449438
Epidermis 2,LOC116406439,3.6974547,2.44152,0.00021777210477819076,0.0020119141576394736,0.21232876712328766,0.042134831460674156
Epidermis 2,tfdp2,3.6898632,1.4285039,0.00022437466752050808,0.002067684711945767,0.2876712328767123,0.11797752808988764
Epidermis 2,sla,3.6864893,1.0733404,0.0002273690544054344,0.0020932991588425995,0.3698630136986301,0.2050561797752809
Epidermis 2,sapcd2,3.6848023,2.6190093,0.00022888027473589364,0.002105885839095029,0.2054794520547945,0.03932584269662921
Epidermis 2,tuba1c,3.6759455,1.1196752,0.00023697005281251378,0.0021755250043224215,0.3458904109589041,0.1797752808988764
Epidermis 2,rufy3,3.670252,1.4788895,0.0002423114815123705,0.0022217713036662805,0.2842465753424658,0.1151685393258427
Epidermis 2,alkbh1,3.6599193,1.5819428,0.00025229480615268353,0.0023104102376720215,0.2671232876712329,0.09831460674157304
Epidermis 2,gtf2f1,3.656967,1.1011262,0.00025521726608097536,0.0023342477799790334,0.3527397260273973,0.1853932584269663
Epidermis 2,abi2,3.6565452,1.6456808,0.0002556373425448406,0.002337358511081713,0.2602739726027397,0.09269662921348315
Epidermis 2,gpsm2,3.6523278,1.1088417,0.0002598739176287828,0.0023716436110543084,0.3458904109589041,0.17415730337078653
Epidermis 2,astn2,3.6432602,2.6668427,0.0002692064705711469,0.0024522201125787456,0.20205479452054795,0.03651685393258427
Epidermis 2,cenph,3.6409407,1.2808669,0.0002716438346491687,0.002472111124106429,0.3047945205479452,0.1348314606741573
Epidermis 2,tspan6,3.640308,1.1938254,0.00027231215122342563,0.0024774218775013863,0.3321917808219178,0.16573033707865167
Epidermis 2,bzw1,3.6379883,1.0323559,0.0002747758532496029,0.002499058172476398,0.3767123287671233,0.21910112359550563
Epidermis 2,chst13,3.6344035,2.15693,0.000278624517789353,0.0025316982528755293,0.2226027397260274,0.05898876404494382
Epidermis 2,rtn2,3.6259685,2.9159648,0.00028788037877415485,0.002609312047115448,0.1952054794520548,0.03089887640449438
Epidermis 2,zbtb47,3.6190097,3.064519,0.0002957325094686696,0.002678821501170958,0.1917808219178082,0.028089887640449437
Epidermis 2,ppp5c,3.616901,1.4159694,0.00029815126585833613,0.002699058424374427,0.2876712328767123,0.12640449438202248
Epidermis 2,arel1,3.6112075,1.3274763,0.00030477477923844656,0.0027581645733495454,0.2979452054794521,0.13764044943820225
Epidermis 2,h3-5,3.6084661,1.1802819,0.00030801279002009446,0.002786605343570839,0.3321917808219178,0.17415730337078653
Epidermis 2,rpl22,3.6078334,2.3020322,0.00030876458387297834,0.002791678797151571,0.21575342465753425,0.05337078651685393
Epidermis 2,cyp26a1,3.603616,1.2846117,0.00031382061866129973,0.0028321366175018377,0.2979452054794521,0.12640449438202248
Epidermis 2,cavin2,3.603405,28.050287,0.00031407544388434977,0.002833561512402293,0.1643835616438356,0.0
Epidermis 2,dennd5b,3.593705,1.7209707,0.00032600901897982643,0.002936693261571435,0.2465753424657534,0.08146067415730338
Epidermis 2,nol7,3.5932832,2.3445456,0.00032653737456360914,0.0029396408980193593,0.21232876712328766,0.05056179775280899
Epidermis 2,ciart,3.5924397,2.4026158,0.0003275964907719105,0.0029482675559586564,0.2089041095890411,0.0449438202247191
Epidermis 2,ier5l,3.592018,1.6130024,0.0003281272536398464,0.0029521353496910893,0.2602739726027397,0.09831460674157304
Epidermis 2,cdt1,3.5899093,1.002917,0.00033079316061319377,0.0029752045778105437,0.3767123287671233,0.21348314606741572
Epidermis 2,uba2,3.5856917,1.0606948,0.0003361858902464727,0.0030209190770964164,0.3595890410958904,0.19662921348314608
Epidermis 2,rab41,3.585481,1.0830066,0.0003364576742002564,0.0030224321679617992,0.3458904109589041,0.17696629213483145
Epidermis 2,cbll1,3.5829504,1.0104985,0.00033973515708620437,0.0030509365212862795,0.3664383561643836,0.21067415730337077
Epidermis 2,LOC101734376,3.58042,1.9663037,0.00034304249066160726,0.0030796913527424575,0.22945205479452055,0.06460674157303371
Epidermis 2,ddx24,3.5776784,1.860508,0.0003466594116266144,0.003110252075278565,0.2363013698630137,0.07303370786516854
Epidermis 2,rps16,3.5743046,1.9651871,0.0003511599778556697,0.0031496647169987975,0.22602739726027396,0.06179775280898876
Epidermis 2,ldlrap1,3.5730393,1.2584844,0.0003528617350581801,0.003161048537384512,0.3082191780821918,0.14325842696629212
Epidermis 2,dhx36,3.570509,1.6370847,0.00035628841357388067,0.0031888140285297323,0.2534246575342466,0.09269662921348315
Epidermis 2,arpc5,3.5675566,1.9709805,0.0003603255311915628,0.003222972950508131,0.22602739726027396,0.06179775280898876
Epidermis 2,gucd1,3.566713,1.5649114,0.00036148682625839146,0.003231382696745884,0.2636986301369863,0.10112359550561797
Epidermis 2,LOC116406714,3.5601761,3.4592004,0.00037060624510615347,0.0033088549635607732,0.1815068493150685,0.019662921348314606
Epidermis 2,tbp,3.5572238,2.178305,0.00037479479949653583,0.0033431879109195113,0.21575342465753425,0.05337078651685393
Epidermis 2,sap30bp,3.556802,1.1501873,0.00037539676413263543,0.003347535940317592,0.3253424657534247,0.1601123595505618
Epidermis 2,ate1,3.5527954,1.3954426,0.00038116067549200095,0.003396862105276427,0.2808219178082192,0.1151685393258427
Epidermis 2,usf2,3.5487888,1.230248,0.00038700722052205616,0.0034458142135486516,0.3116438356164384,0.1544943820224719
Epidermis 2,polr3gl,3.5487888,2.1605978,0.00038700722052205616,0.0034458142135486516,0.21575342465753425,0.05337078651685393
Epidermis 2,crcp,3.5473127,3.6369052,0.0003891822573006986,0.0034641250192316447,0.1780821917808219,0.016853932584269662
Epidermis 2,pcgf6,3.545204,2.1160388,0.0003923092746173989,0.003490895709692903,0.2191780821917808,0.05898876404494382
Epidermis 2,rps11,3.537191,1.2122675,0.0004044073222411462,0.003586538360567641,0.3150684931506849,0.15730337078651685
Epidermis 2,rpl12,3.5338168,2.0765498,0.00040960476703926976,0.0036293291740906015,0.2191780821917808,0.05898876404494382
Epidermis 2,dhrsx,3.5331843,1.2602719,0.00041058620751123574,0.0036369228581093734,0.2910958904109589,0.12078651685393259
Epidermis 2,nup107,3.5317082,1.205234,0.00041288478361242503,0.0036539615833408408,0.3116438356164384,0.15168539325842698
Epidermis 2,ppia,3.528756,1.4510083,0.00041751803624768175,0.0036927291127249575,0.273972602739726,0.1151685393258427
Epidermis 2,rpl29,3.5277016,1.1555135,0.0004191845038591328,0.003705225954734294,0.3253424657534247,0.16573033707865167
Epidermis 2,taf5l,3.5258036,3.4914134,0.00042219980894080074,0.0037307504882553044,0.1780821917808219,0.016853932584269662
Epidermis 2,aida,3.5243275,1.0247281,0.0004245590360511481,0.0037493308709399126,0.3595890410958904,0.2050561797752809
Epidermis 2,eif2d,3.516947,2.0119126,0.0004365409362998053,0.003850491282130238,0.2226027397260274,0.06179775280898876
Epidermis 2,hspa14,3.5148382,2.1350791,0.0004400218799313719,0.003880024003702543,0.21575342465753425,0.056179775280898875
Epidermis 2,tuft1,3.513573,1.1324043,0.0004421228649418389,0.003895025155248611,0.3287671232876712,0.16573033707865167
Epidermis 2,dlgap4,3.513573,1.1719242,0.0004421228649418389,0.003895025155248611,0.3082191780821918,0.13764044943820225
Epidermis 2,myc,3.5114644,1.8766533,0.000445645327207962,0.003922510858059601,0.2328767123287671,0.07303370786516854
Epidermis 2,chfr,3.5064034,2.8017027,0.0004542063903645315,0.003996660745558585,0.1917808219178082,0.033707865168539325
Epidermis 2,c3h15orf39,3.498812,1.6892055,0.0004673361672069456,0.004106012474789969,0.2465753424657534,0.0898876404494382
Epidermis 2,rpl23,3.498812,1.673463,0.0004673361672069456,0.004106012474789969,0.2465753424657534,0.0898876404494382
Epidermis 2,LOC116411060,3.4926965,1.3060317,0.00047816953788978384,0.004194890084650742,0.2910958904109589,0.13202247191011235
Epidermis 2,dcaf13,3.490377,2.049532,0.00048233967975759286,0.0042302043741356725,0.21575342465753425,0.056179775280898875
Epidermis 2,ppip5k1,3.4899552,1.4534875,0.00048310152211002253,0.004235615054828455,0.2671232876712329,0.10955056179775281
Epidermis 2,LOC116408792,3.487003,1.7223077,0.0004884659242586769,0.004277515707610959,0.23972602739726026,0.08146067415730338
Epidermis 2,mcm10,3.4861596,1.3637258,0.0004900087831021246,0.004289741461173466,0.2808219178082192,0.12078651685393259
Epidermis 2,vamp3,3.4829965,1.0206015,0.0004958350699585988,0.004335553374202753,0.3595890410958904,0.21067415730337077
Epidermis 2,dcaf4,3.4813094,2.1252313,0.0004989687724973918,0.00435774012216052,0.21575342465753425,0.05898876404494382
Epidermis 2,xrcc1,3.4810984,2.7399855,0.0004993617811130429,0.004359869839819401,0.1952054794520548,0.03932584269662921
Epidermis 2,dnajc21,3.480677,2.4455266,0.0005001486643454008,0.004365436132421741,0.20205479452054795,0.0449438202247191
Epidermis 2,mrpl22,3.4800441,1.5690074,0.0005013311571147876,0.004373145644172592,0.2568493150684932,0.10393258426966293
Epidermis 2,LOC100486832,3.4794116,3.3919013,0.0005025162560646682,0.00438217562083124,0.1780821917808219,0.019662921348314606
Epidermis 2,cenpp,3.4726636,1.4365525,0.0005153208640803527,0.004492497518023499,0.2671232876712329,0.10674157303370786
Epidermis 2,dlst,3.4709766,1.1296363,0.0005185691979691148,0.004519468165126773,0.3253424657534247,0.16853932584269662
Epidermis 2,pno1,3.4659157,2.6678784,0.0005284290691771366,0.004601283920499517,0.1917808219178082,0.033707865168539325
Epidermis 2,c7h1orf174,3.463385,1.0363654,0.0005334242576443033,0.004643396210601736,0.3493150684931507,0.19382022471910113
Epidermis 2,ldlrad3,3.451998,1.4135731,0.0005564518800621835,0.004835209544024282,0.273972602739726,0.12078651685393259
Epidermis 2,wdr5,3.4492567,1.6233832,0.0005621321859546075,0.004883116174632729,0.25,0.09831460674157304
Epidermis 2,actr3,3.446937,1.0928327,0.0005669807305310115,0.004919386682740278,0.3287671232876712,0.1797752808988764
Epidermis 2,LOC116406487,3.446937,1.9978557,0.0005669807305310115,0.004919386682740278,0.2191780821917808,0.06460674157303371
Epidermis 2,trank1,3.4414544,1.2191846,0.0005785961672383172,0.00501421422014327,0.3047945205479452,0.15168539325842698
Epidermis 2,tjap1,3.4389238,1.8384256,0.0005840315276555107,0.00505981789712455,0.22602739726027396,0.06741573033707865
Epidermis 2,pabir3,3.438502,1.4276526,0.0005849420294348358,0.005066204581454722,0.2671232876712329,0.10674157303370786
Epidermis 2,psmc3,3.4347064,1.0937694,0.0005931962171177717,0.00513161249558141,0.3253424657534247,0.16853932584269662
Epidermis 2,traf3,3.4347064,1.0600336,0.0005931962171177717,0.00513161249558141,0.3424657534246575,0.18820224719101122
Epidermis 2,trmt6,3.4342847,1.9442241,0.0005941200115983909,0.0051380834494179186,0.21575342465753425,0.056179775280898875
Epidermis 2,hspa9,3.4325976,2.6286862,0.0005978285972133596,0.005167098676860944,0.1917808219178082,0.03651685393258427
Epidermis 2,rpl37a,3.4315434,1.3370062,0.0006001573931279367,0.005184160980650922,0.2773972602739726,0.1151685393258427
Epidermis 2,tgs1,3.4222648,1.4588866,0.0006210179306698723,0.005358020995103611,0.2636986301369863,0.10955056179775281
Epidermis 2,kif11,3.4127755,1.1919705,0.0006430488565847544,0.005536660125722815,0.3082191780821918,0.1601123595505618
Epidermis 2,msi1,3.4094017,1.3111882,0.0006510557109723394,0.005599002497038085,0.2876712328767123,0.13202247191011235
Epidermis 2,LOC101731425,3.40898,1.9868069,0.0006520630612903762,0.005606016277817349,0.2191780821917808,0.06460674157303371
Epidermis 2,mrto4,3.4070818,1.7618219,0.0006566141007842408,0.005641824450330435,0.2363013698630137,0.08707865168539326
Epidermis 2,gar1,3.406871,1.8380142,0.0006571215910628177,0.005644525779711203,0.22945205479452055,0.07865168539325842
Epidermis 2,btbd18,3.3965383,1.6203864,0.0006824401253242757,0.00585340589887145,0.24315068493150685,0.08707865168539326
Epidermis 2,arpc2,3.388736,1.3250071,0.0007021558789693684,0.006017214452698214,0.2773972602739726,0.12359550561797752
Epidermis 2,pak1ip1,3.3851511,2.2468178,0.0007113908033430286,0.006094567576940231,0.20205479452054795,0.047752808988764044
Epidermis 2,npm3,3.3821988,1.134743,0.00071908064052064,0.0061568383723078,0.3116438356164384,0.1601123595505618
Epidermis 2,smad9,3.3794575,1.9923831,0.0007262902852356437,0.006213108378028417,0.21575342465753425,0.06179775280898876
Epidermis 2,LOC116407676,3.3781922,27.663363,0.0007296404114206566,0.006239941154545703,0.1541095890410959,0.0
Epidermis 2,LOC100486773,3.3754508,1.8766404,0.000736948320872877,0.006298753323811423,0.2226027397260274,0.0702247191011236
Epidermis 2,snx18,3.3739748,1.4592483,0.0007409114516833047,0.006330775400220602,0.2602739726027397,0.10674157303370786
Epidermis 2,smad3,3.3716552,1.8693436,0.0007471792413221544,0.0063787372672569785,0.2226027397260274,0.0702247191011236
Epidermis 2,srsf5a,3.3693357,1.447489,0.0007534962429944283,0.006427034922372376,0.2602739726027397,0.10674157303370786
Epidermis 2,rbl1,3.368914,1.0222635,0.000754650103475526,0.006434999175814791,0.339041095890411,0.1853932584269663
Epidermis 2,noc4l,3.3680704,3.0897334,0.0007569627483748522,0.0064528370072164795,0.1780821917808219,0.025280898876404494
Epidermis 2,c4h1orf52,3.3676486,1.8599356,0.000758121537049224,0.006460831093144568,0.2191780821917808,0.06179775280898876
Epidermis 2,ncaph2,3.3659616,1.0287853,0.0007627731830137135,0.006498578523076029,0.3424657534246575,0.199438202247191
Epidermis 2,prr14,3.3646965,1.4005997,0.0007662792932114266,0.006526547208584851,0.2671232876712329,0.1151685393258427
Epidermis 2,bclaf3,3.3549962,1.0632491,0.0007936607187100589,0.006751890706814241,0.3219178082191781,0.1601123595505618
Epidermis 2,eif5a,3.3509896,1.1091604,0.0008052332213201186,0.0068403871817519285,0.3184931506849315,0.16573033707865167
Epidermis 2,nlrc4,3.3495135,1.1798507,0.0008095361034094825,0.0068709494305350125,0.2979452054794521,0.1404494382022472
Epidermis 2,smarca1,3.3490918,2.2557774,0.0008107694113424701,0.0068794196409148745,0.19863013698630136,0.0449438202247191
Epidermis 2,vars1,3.3450851,1.252514,0.0008225730985820909,0.006969459201348725,0.2910958904109589,0.14325842696629212
Epidermis 2,LOC100495928,3.3450851,1.6159254,0.0008225730985820909,0.006969459201348725,0.24315068493150685,0.09269662921348315
Epidermis 2,prcc,3.3398132,1.2470725,0.0008383472223951497,0.0071010511903310996,0.2842465753424658,0.12921348314606743
Epidermis 2,ppp1r9a,3.3381264,2.7036421,0.0008434539035280903,0.007140168275131656,0.1815068493150685,0.028089887640449437
Epidermis 2,hoxa6,3.3343306,3.1212764,0.0008550496035918776,0.007223686405374039,0.17465753424657535,0.02247191011235955
Epidermis 2,metap2,3.3326435,1.2688652,0.0008602505534517989,0.007259233235551252,0.2842465753424658,0.1348314606741573
Epidermis 2,chic2,3.3309567,1.188908,0.0008654808260606391,0.00729704932984671,0.2945205479452055,0.14325842696629212
Epidermis 2,LOC100489249,3.330535,2.514085,0.0008667929934967973,0.007306005188265537,0.1917808219178082,0.042134831460674156
Epidermis 2,LOC105945805,3.3292696,2.1666143,0.0008707405717700256,0.007337162771233675,0.20205479452054795,0.05056179775280899
Epidermis 2,mtfr2,3.3216782,2.200308,0.0008947782226102832,0.007522364746943109,0.19863013698630136,0.0449438202247191
Epidermis 2,col5a2,3.317039,2.5572412,0.0009097691833357786,0.0076417997120942945,0.1917808219178082,0.0449438202247191
Epidermis 2,bub3,3.310291,1.072055,0.0009319900910773908,0.007823952427421945,0.3219178082191781,0.17696629213483145
Epidermis 2,map1s,3.305441,1.3034328,0.0009482708170222017,0.007951492900853695,0.2773972602739726,0.12640449438202248
Epidermis 2,dstyk,3.3024888,1.0084887,0.0009583093985351043,0.00802875953814263,0.3321917808219178,0.18820224719101122
Epidermis 2,ebna1bp2,3.3001692,2.5708125,0.0009662658084930754,0.008093099096865642,0.18493150684931506,0.033707865168539325
Epidermis 2,gpm6b,3.298904,1.0696301,0.0009706314113866841,0.008122681587816823,0.3184931506849315,0.16853932584269662
Epidermis 2,dusp7,3.2959516,1.1216186,0.0009808889479340137,0.008199132066645454,0.3082191780821918,0.1601123595505618
Epidermis 2,cherp,3.2940538,1.0396426,0.000987535985776897,0.008249975535937261,0.3253424657534247,0.17134831460674158
Epidermis 2,meaf6,3.2929995,1.2647998,0.0009912467815225078,0.008271520031597038,0.2773972602739726,0.12359550561797752
Epidermis 2,mettl25,3.2925777,1.2760699,0.0009927347113304554,0.008279209228787601,0.2808219178082192,0.1404494382022472
Epidermis 2,polr1b,3.2925777,2.8557472,0.0009927347113304554,0.008279209228787601,0.1815068493150685,0.033707865168539325
Epidermis 2,LOC100491930,3.2824557,2.0260541,0.0010290713489204072,0.008567583195754036,0.2054794520547945,0.056179775280898875
Epidermis 2,nufip1,3.27866,1.9894062,0.001043012072439416,0.008676233890004716,0.21232876712328766,0.06741573033707865
Epidermis 2,rasgrp1,3.2773948,3.1956234,0.0010476976772176463,0.00871025335686832,0.17123287671232876,0.02247191011235955
Epidermis 2,znf674,3.2761295,1.4014391,0.001052402752097278,0.008746882242409874,0.2602739726027397,0.10955056179775281
Epidermis 2,kdsr,3.2748642,1.5487833,0.0010571273704191287,0.00877616874885588,0.23972602739726026,0.0898876404494382
Epidermis 2,c6h18orf21,3.2742317,2.5122175,0.001059497031356024,0.00879334404417034,0.18835616438356165,0.042134831460674156
Epidermis 2,slc39a6,3.2731774,2.343994,0.0010634573896400221,0.008818701547962408,0.1917808219178082,0.042134831460674156
Epidermis 2,LOC100491833,3.271701,1.0579228,0.0010690249022673587,0.00885984318632752,0.3253424657534247,0.18258426966292135
Epidermis 2,rcc2,3.2706468,1.479458,0.0010730181918255995,0.008885380953329773,0.25,0.10112359550561797
Epidermis 2,rap1gds1,3.267273,2.703982,0.0010858896302879497,0.00898433053579028,0.1780821917808219,0.028089887640449437
Epidermis 2,cpsf7,3.2527225,1.0534036,0.0011430502702945895,0.009446565578450987,0.3184931506849315,0.17134831460674158
Epidermis 2,XB5970036,3.2525117,3.018029,0.0011438987641319083,0.009450905815245849,0.17123287671232876,0.02247191011235955
Epidermis 2,adamtsl5,3.2457638,1.2629654,0.0011713599257114717,0.009669591072711672,0.2808219178082192,0.1348314606741573
Epidermis 2,mrps31,3.2444985,1.7764115,0.0011765762277197974,0.009709909574386617,0.2191780821917808,0.07303370786516854
Epidermis 2,mmgt1,3.2432332,1.1919585,0.0011818139870277897,0.009744881425898256,0.2910958904109589,0.14606741573033707
Epidermis 2,sap30,3.2426007,1.1482393,0.001184440938110764,0.009763788229530664,0.2979452054794521,0.1544943820224719
Epidermis 2,fhip1b,3.24239,1.5990915,0.0011853177867077113,0.009768261692487484,0.2328767123287671,0.08426966292134831
Epidermis 2,adgrl1,3.240281,2.9246113,0.0011941193194677285,0.009838021935558392,0.17465753424657535,0.028089887640449437
Epidermis 2,rpl27a,3.2394376,1.011645,0.0011976568085016528,0.009864386071939086,0.3356164383561644,0.19662921348314608
Epidermis 2,ints3,3.2343767,1.0880828,0.0012190858463447228,0.010035229055055644,0.3082191780821918,0.16292134831460675
Epidermis 2,LOC101734291,3.2324789,1.3931422,0.0012272126317061426,0.010096440314495428,0.25,0.09831460674157304
Epidermis 2,dcp1a,3.2305808,1.6461687,0.001235389426455105,0.010160852089113444,0.22602739726027396,0.07865168539325842
Epidermis 2,eri2,3.2280505,1.1728874,0.0012463700927074805,0.01024252015179431,0.2876712328767123,0.1404494382022472
Epidermis 2,rad51ap1,3.2276287,2.2709556,0.001248208941917275,0.010254748617533407,0.1917808219178082,0.0449438202247191
Epidermis 2,nol11,3.2238328,2.201875,0.0012648716726460674,0.010388722636447653,0.1952054794520548,0.05056179775280899
Epidermis 2,dhx29,3.2158198,1.0536666,0.001300725026102616,0.010665215494531716,0.3219178082191781,0.17696629213483145
Epidermis 2,slc66a3,3.2139218,1.5986414,0.0013093528775767911,0.010726932164923536,0.22945205479452055,0.08146067415730338
Epidermis 2,LOC101731157,3.2124457,2.4546943,0.0013160999085672046,0.01077616706647842,0.1815068493150685,0.033707865168539325
Epidermis 2,ddx51,3.2099154,2.8391721,0.0013277409353514855,0.01086235524244592,0.17465753424657535,0.028089887640449437
Epidermis 2,map2k5,3.2099154,1.5546503,0.0013277409353514855,0.01086235524244592,0.2328767123287671,0.08426966292134831
Epidermis 2,litaf,3.2061195,1.6319884,0.0013453807075848112,0.010997433854421593,0.2328767123287671,0.09269662921348315
Epidermis 2,znf362,3.2059088,1.7154384,0.001346367005748332,0.011002419330452751,0.21575342465753425,0.06460674157303371
Epidermis 2,kcnab2,3.2048542,2.096548,0.0013513085097630044,0.011033547220358207,0.19863013698630136,0.05337078651685393
Epidermis 2,rexo4,3.1993716,2.7415917,0.0013772751097744082,0.0112392877537174,0.1780821917808219,0.033707865168539325
Epidermis 2,fbln7,3.1981063,3.8598502,0.00138333239193359,0.011285567722191117,0.15753424657534246,0.011235955056179775
Epidermis 2,LOC105945411,3.1945214,1.5069643,0.001400628362319132,0.011420297812817448,0.2363013698630137,0.08707865168539326
Epidermis 2,prr14l,3.1915693,1.2116128,0.0014150215910771538,0.01152800895450844,0.2773972602739726,0.12640449438202248
Epidermis 2,wars1,3.1915693,2.061099,0.0014150215910771538,0.01152800895450844,0.20205479452054795,0.05898876404494382
Epidermis 2,stard7,3.1839778,2.2097375,0.0014526612199490657,0.011818185393913482,0.1952054794520548,0.05337078651685393
Epidermis 2,pigz,3.1816583,1.3384336,0.0014643449660156906,0.011906611321725913,0.2568493150684932,0.11235955056179775
Epidermis 2,hoxd1,3.173856,2.4058537,0.0015042833408257955,0.012204192710429872,0.1815068493150685,0.03651685393258427
Epidermis 2,cmtr1,3.1717472,1.1457903,0.001515248452835853,0.012286332184422974,0.2910958904109589,0.14325842696629212
Epidermis 2,gata6,3.1662645,2.1616724,0.0015441032297241375,0.012502958866500349,0.1952054794520548,0.05337078651685393
Epidermis 2,e2f3,3.16521,1.2208642,0.0015497099094613613,0.012544882404725852,0.2773972602739726,0.1348314606741573
Epidermis 2,pfkfb1,3.1635232,1.2570423,0.0015587196046621737,0.012614322470620155,0.2671232876712329,0.11797752808988764
Epidermis 2,tmem39b,3.153823,2.175901,0.0016114681184558775,0.01302317516466236,0.1917808219178082,0.047752808988764044
Epidermis 2,fbxo42,3.1498163,1.0113096,0.0016337311624275248,0.01318486902510187,0.3184931506849315,0.17696629213483145
Epidermis 2,tomm22,3.1496055,1.6968973,0.0016349107056585898,0.01318710674313086,0.2226027397260274,0.08426966292134831
Epidermis 2,jpt2,3.148762,1.4110359,0.0016396367200175424,0.013214287555233743,0.2465753424657534,0.10393258426966293
Epidermis 2,LOC101730936,3.147075,3.615902,0.001649126485158968,0.013283443452103003,0.15753424657534246,0.014044943820224719
Epidermis 2,smad10,3.1445446,3.667699,0.0016634559255526917,0.013391484483566711,0.15753424657534246,0.014044943820224719
Epidermis 2,mipol1,3.1399052,1.084617,0.0016900244813133766,0.013590400443816042,0.3013698630136986,0.1601123595505618
Epidermis 2,tulp1,3.1399052,2.4569798,0.0016900244813133766,0.013590400443816042,0.1815068493150685,0.03932584269662921
Epidermis 2,c9,3.1394835,1.1433495,0.0016924590591703354,0.013602494022163342,0.2945205479452055,0.15730337078651685
Epidermis 2,tasp1,3.1363204,1.0949271,0.001710821477196497,0.01373496912934106,0.2910958904109589,0.14325842696629212
Epidermis 2,airim,3.133579,1.9650421,0.0017268835979907294,0.01385250671044649,0.20205479452054795,0.06179775280898876
Epidermis 2,pelp1,3.132103,1.850408,0.0017355897607193227,0.01391470770586575,0.2089041095890411,0.0702247191011236
Epidermis 2,LOC108644458,3.1310487,1.7313563,0.0017418331394724602,0.01394945876710123,0.21575342465753425,0.07303370786516854
Epidermis 2,ctnnbl1,3.1310487,1.5217351,0.0017418331394724602,0.01394945876710123,0.22945205479452055,0.08426966292134831
Epidermis 2,ppat,3.1272528,2.1605916,0.0017644806851598053,0.01411922663780626,0.18835616438356165,0.0449438202247191
Epidermis 2,tbrg4,3.1183963,1.959279,0.0018183816461596722,0.014530648960878452,0.20205479452054795,0.06179775280898876
Epidermis 2,adam9,3.1181853,1.4640251,0.0018196832510292919,0.014537076007334579,0.2363013698630137,0.09269662921348315
Epidermis 2,insyn2a,3.1122808,2.8849103,0.001856477632995753,0.014818868839459,0.1678082191780822,0.025280898876404494
Epidermis 2,tomm7,3.1095395,2.7781088,0.0018737920170364343,0.014948912240718343,0.17123287671232876,0.03089887640449438
Epidermis 2,filip1l,3.1011045,1.6613244,0.0019280016819045414,0.015368807516703477,0.2191780821917808,0.07865168539325842
Epidermis 2,rfx5,3.0994177,1.3173867,0.0019390149397843118,0.01545238432520044,0.2534246575342466,0.1151685393258427
Epidermis 2,trap1,3.0977306,2.282608,0.001950085933243902,0.015532142211076976,0.18493150684931506,0.0449438202247191
Epidermis 2,pou6f1,3.0935133,1.2787905,0.0019780177911656897,0.01573318042273858,0.2602739726027397,0.12078651685393259
Epidermis 2,raver1,3.0880303,1.3938155,0.002014878227646426,0.01600024598542045,0.23972602739726026,0.09831460674157304
Epidermis 2,ddx18,3.080439,1.4307773,0.0020669568302806606,0.016369334897299918,0.24315068493150685,0.10674157303370786
Epidermis 2,cskmt,3.0766432,2.0104985,0.0020934565927860065,0.016570221950643855,0.1952054794520548,0.056179775280898875
Epidermis 2,slc38a9,3.0762215,2.5885994,0.002096420166183218,0.01658918729769942,0.17123287671232876,0.03089887640449438
Epidermis 2,shkbp1,3.0698953,1.4841009,0.0021413379638647633,0.016921722092925355,0.2328767123287671,0.09269662921348315
Epidermis 2,nup43,3.0694735,1.5084653,0.002144363634039399,0.01694105226665018,0.2328767123287671,0.09550561797752809
Epidermis 2,usp44,3.0631473,1.5093033,0.002190221562624471,0.017284656181715957,0.22602739726027396,0.08426966292134831
Epidermis 2,ercc4,3.0610387,1.2915503,0.0022057061711924695,0.017402158458873704,0.2534246575342466,0.1151685393258427
Epidermis 2,dedd,3.0580864,1.0716352,0.002227553215114197,0.01755556970369455,0.2910958904109589,0.14606741573033707
Epidermis 2,dll1,3.0580864,1.4050231,0.002227553215114197,0.01755556970369455,0.24315068493150685,0.10674157303370786
Epidermis 2,exosc5,3.057032,1.0868357,0.002235403664396331,0.017607945166793086,0.2842465753424658,0.14325842696629212
Epidermis 2,rab10l,3.057032,2.2519493,0.002235403664396331,0.017607945166793086,0.1815068493150685,0.042134831460674156
Epidermis 2,bend2,3.055556,3.4650047,0.002246436888770967,0.017685320952239198,0.15753424657534246,0.019662921348314606
Epidermis 2,ccdc148,3.0532362,1.1413261,0.0022638756602250073,0.0178034300306799,0.2636986301369863,0.1151685393258427
Epidermis 2,cux2,3.0494406,1.7520993,0.0022926795437629302,0.018010565908017792,0.2089041095890411,0.0702247191011236
Epidermis 2,st3gal5,3.048597,2.8311274,0.0022991258242848187,0.018056353296525936,0.1678082191780822,0.03089887640449438
Epidermis 2,dda1,3.0479646,1.8112049,0.0023039714248746014,0.01808954840733534,0.20205479452054795,0.06179775280898876
Epidermis 2,cdyl,3.0450122,1.0262383,0.0023267081465875735,0.018263159461036883,0.3082191780821918,0.1797752808988764
Epidermis 2,cemip,3.0445905,1.9149258,0.002329972971656311,0.01828387649247936,0.1952054794520548,0.056179775280898875
Epidermis 2,mex3c,3.040373,1.1518756,0.002362852735538273,0.01851703708110436,0.273972602739726,0.13764044943820225
Epidermis 2,whr1,3.040373,1.3630167,0.002362852735538273,0.01851703708110436,0.24315068493150685,0.10674157303370786
Epidermis 2,ncald,3.0395296,1.3730785,0.002369479451441776,0.018563991917741773,0.2328767123287671,0.0898876404494382
Epidermis 2,arl5c,3.0393188,2.1732936,0.0023711387869498383,0.018572014437655607,0.18835616438356165,0.05337078651685393
Epidermis 2,snrpd3,3.0361557,1.7477199,0.002396156820054876,0.018747874734214156,0.2089041095890411,0.07303370786516854
Epidermis 2,pwp2,3.0348904,2.983737,0.0024062315156465853,0.01881159492748471,0.16095890410958905,0.02247191011235955
Epidermis 2,mrpl3,3.0342577,1.4827183,0.00241128339009039,0.018846049405275987,0.22945205479452055,0.09269662921348315
Epidermis 2,dtymk,3.0279315,1.2229114,0.002462338745240417,0.019234800604522345,0.2636986301369863,0.12640449438202248
Epidermis 2,LOC100493542,3.0275097,1.2471424,0.0024657773568594176,0.019251372307253642,0.2568493150684932,0.1151685393258427
Epidermis 2,col9a3,3.027088,3.9088225,0.0024692203618487956,0.019267960597224278,0.14726027397260275,0.008426966292134831
Epidermis 2,megf8,3.0249794,1.3810118,0.0024865014625212807,0.019397631238580078,0.2363013698630137,0.09831460674157304
Epidermis 2,ssb,3.0232923,1.7659593,0.0025004059350183703,0.0195008980486985,0.20205479452054795,0.06460674157303371
Epidermis 2,slc29a1,3.022027,6.045635,0.002510880929456407,0.019577370085073414,0.1404109589041096,0.0028089887640449437
Epidermis 2,rpl24,3.0218163,1.4366332,0.002512630659579576,0.019585788482712155,0.22945205479452055,0.0898876404494382
Epidermis 2,dis3,3.0213945,1.5153966,0.00251613346641782,0.01960786386479853,0.2226027397260274,0.08426966292134831
Epidermis 2,sostdc1,3.018864,3.3896332,0.0025372442783068443,0.019767107542427335,0.1541095890410959,0.016853932584269662
Epidermis 2,irak1,3.0184422,1.2156729,0.0025407784562014556,0.019789367187110246,0.2534246575342466,0.11235955056179775
Epidermis 2,snrnp40,3.015279,1.50355,0.0025674286427005257,0.019980965563040222,0.2226027397260274,0.08707865168539326
Epidermis 2,tango6,3.0150683,2.472742,0.0025692143785452292,0.01998954098995358,0.17123287671232876,0.033707865168539325
Epidermis 2,nde1,3.0146465,1.0042148,0.002572789258061061,0.020006704656127396,0.3082191780821918,0.17134831460674158
Epidermis 2,pus7l,3.0142248,2.4212158,0.0025763686856324457,0.02002921091747926,0.17123287671232876,0.03089887640449438
Epidermis 2,rps18,3.0108507,1.5685738,0.002605168455079863,0.02024772111418226,0.2191780821917808,0.08146067415730338
Epidermis 2,nup93,3.0100074,1.4839225,0.0026124142395518046,0.020298639190945985,0.22945205479452055,0.0898876404494382
Epidermis 2,LOC100492280,3.0066333,1.0255032,0.0026415819928356813,0.020503474039452945,0.3047945205479452,0.16853932584269662
Epidermis 2,hmmr,3.003892,1.2928351,0.002665499646931538,0.020678136990301427,0.25,0.1151685393258427
Epidermis 2,ppp6r2,3.0036812,1.0405155,0.002667347639616015,0.020686982980529515,0.2979452054794521,0.16292134831460675
Epidermis 2,spout1,3.0030484,2.087263,0.0026728986456055776,0.020724535891166216,0.18835616438356165,0.05337078651685393
Epidermis 2,LOC100490380,3.0028377,2.0872777,0.002674751325780485,0.020727904560946277,0.18493150684931506,0.047752808988764044
Epidermis 2,ubr7,3.0019941,1.6256824,0.0026821737883215443,0.02077991571863956,0.21232876712328766,0.07584269662921349
Epidermis 2,rps13,3.0011506,2.1070588,0.002689615069563358,0.020832045071119902,0.1815068493150685,0.0449438202247191
Epidermis 2,LOC116410869,2.9960897,1.7216674,0.0027346603300388646,0.021164113345873987,0.2054794520547945,0.0702247191011236
Epidermis 2,fermt2,2.994192,1.2937384,0.0027517292381133004,0.02128494240785655,0.25,0.1151685393258427
Epidermis 2,usp16,2.9910288,1.6102962,0.002780393819330069,0.021500976648898745,0.21232876712328766,0.07584269662921349
Epidermis 2,rab8b,2.9868112,2.4976447,0.002819037515747995,0.02178252329443025,0.17123287671232876,0.03651685393258427
Epidermis 2,psmd2,2.9857569,1.1389278,0.002828774767013621,0.02185198605036341,0.2705479452054795,0.13202247191011235
Epidermis 2,trip13,2.983648,1.6145427,0.002848341461401475,0.02199151327475608,0.21575342465753425,0.08146067415730338
Epidermis 2,fbxl19,2.9766893,1.4472605,0.002913791524948071,0.022490900466268036,0.22945205479452055,0.09550561797752809
Epidermis 2,eif2s1,2.9743698,1.8463802,0.0029359113864686317,0.022649676890436676,0.1952054794520548,0.05898876404494382
Epidermis 2,mipep,2.973737,1.1789154,0.0029419706146758223,0.02269043351915276,0.2636986301369863,0.12359550561797752
Epidermis 2,rpl35a,2.9728935,1.150759,0.0029500673372231333,0.022746879011967664,0.2671232876712329,0.12640449438202248
Epidermis 2,zrsr2,2.9726827,1.0258439,0.00295209469249312,0.022756508427285438,0.2842465753424658,0.13764044943820225
Epidermis 2,bccip,2.9695196,1.7586861,0.0029826579699098912,0.02296788069505691,0.19863013698630136,0.06179775280898876
Epidermis 2,utp4,2.968676,2.322716,0.0029908567905985086,0.023024949919932845,0.17465753424657535,0.03932584269662921
Epidermis 2,sf3b4,2.9676218,1.2180414,0.0030011342287700224,0.023085830168730666,0.2568493150684932,0.12078651685393259
Epidermis 2,rbbp4,2.9644587,1.906713,0.0030321601497362,0.02331222339214594,0.1917808219178082,0.056179775280898875
Epidermis 2,snrpa1,2.9619281,1.139196,0.0030571912217674376,0.023486138397761883,0.273972602739726,0.1404494382022472
Epidermis 2,tbl3,2.9610846,2.5362737,0.003065576698483985,0.023525826325383397,0.1643835616438356,0.028089887640449437
Epidermis 2,lbhd1,2.960452,3.3007703,0.0030718795651861063,0.0235556431190858,0.1541095890410959,0.019662921348314606
Epidermis 2,ncstn,2.955602,1.0217768,0.0031205955260050237,0.023904121546292675,0.2979452054794521,0.16853932584269662
Epidermis 2,msrb3,2.9551802,2.5330982,0.003124864808511892,0.023918021266721948,0.1678082191780822,0.033707865168539325
Epidermis 2,khk,2.9547584,2.1342192,0.003129139415304703,0.023938203153303264,0.1780821917808219,0.042134831460674156
Epidermis 2,lpar5,2.9547584,4.786349,0.003129139415304703,0.023938203153303264,0.1404109589041096,0.0056179775280898875
Epidermis 2,fjx1,2.948854,6.1736045,0.003189546262417024,0.02438117855562553,0.136986301369863,0.0028089887640449437
Epidermis 2,unc93b1,2.9480104,1.2312475,0.0031982620405721636,0.024441411165481024,0.2602739726027397,0.13202247191011235
Epidermis 2,rpf1,2.945269,1.4567676,0.003226738431992395,0.0246332700719691,0.2226027397260274,0.08707865168539326
Epidermis 2,frs3,2.9416842,1.8401774,0.0032643253692038964,0.024907203045470918,0.1952054794520548,0.06179775280898876
Epidermis 2,xrcc5,2.9349363,1.1759981,0.0033361611967644028,0.025442037031729783,0.2671232876712329,0.1348314606741573
Epidermis 2,evi2a,2.9340928,1.6948822,0.0033452411890943718,0.025504628377260714,0.2054794520547945,0.07303370786516854
Epidermis 2,btg5.3,2.9334602,1.066698,0.00335206594614396,0.025549997306840704,0.2705479452054795,0.13764044943820225
Epidermis 2,mycl,2.9332495,1.8894951,0.0033543436812255487,0.025560693468692393,0.1917808219178082,0.05898876404494382
Epidermis 2,mphosph9,2.9290318,1.5335543,0.0034001953661893917,0.025869627992993784,0.21575342465753425,0.08426966292134831
Epidermis 2,bloc1s4,2.9235492,1.0406295,0.003460655523374767,0.02630908234168214,0.2842465753424658,0.15168539325842698
Epidermis 2,nagpa,2.9231274,1.3820051,0.003465346592587893,0.026324206405388954,0.22602739726027396,0.0898876404494382
Epidermis 2,pold1,2.9216514,1.7506235,0.0034818109473274635,0.026442404728846215,0.20205479452054795,0.0702247191011236
Epidermis 2,LOC100485124,2.9193318,1.267557,0.003507827379364146,0.02662614960430884,0.24315068493150685,0.11235955056179775
Epidermis 2,nat10,2.9142706,2.298295,0.0035652055459881055,0.027040613210892142,0.17123287671232876,0.03932584269662921
Epidermis 2,sgcd,2.913638,1.847596,0.0035724375335377512,0.02708141118849637,0.20205479452054795,0.07584269662921349
Epidermis 2,ceacam8l,2.9134274,3.124722,0.0035748511599791935,0.02709268194382987,0.1506849315068493,0.016853932584269662
Epidermis 2,trps1,2.9100533,1.1247755,0.0036136714597320534,0.02735143201435206,0.25,0.11235955056179775
Epidermis 2,syngap1,2.9066794,2.5371733,0.0036528747914698336,0.027633846539713954,0.17123287671232876,0.042134831460674156
Epidermis 2,cct7,2.8950813,1.5833077,0.0037906038278209425,0.028646106641942594,0.2089041095890411,0.07584269662921349
Epidermis 2,igsf8,2.8931835,2.7817774,0.0038135853708476117,0.028797446131554258,0.15753424657534246,0.025280898876404494
Epidermis 2,ccnd2,2.8695655,1.6665658,0.004110360827310261,0.03083931143303548,0.20205479452054795,0.07303370786516854
Epidermis 2,fam193b,2.8695655,1.0280858,0.004110360827310261,0.03083931143303548,0.2842465753424658,0.15168539325842698
Epidermis 2,nadk2,2.862185,1.5876266,0.004207312297514405,0.03151010652540189,0.2089041095890411,0.08146067415730338
Epidermis 2,exd2,2.856913,1.7363538,0.004277828347736052,0.032005426268920535,0.1917808219178082,0.05898876404494382
Epidermis 2,cdk2,2.8484783,2.366955,0.004392885724833147,0.032782344299871764,0.1678082191780822,0.03932584269662921
Epidermis 2,tmem169,2.8480566,3.946597,0.004398711548906359,0.032817441880061714,0.1404109589041096,0.011235955056179775
Epidermis 2,LOC116407600,2.8476348,1.8482414,0.004404544374924076,0.032844193016174916,0.1917808219178082,0.06460674157303371
Epidermis 2,LOC100486608,2.8429956,2.480032,0.004469169703769522,0.033283643212964814,0.15753424657534246,0.025280898876404494
Epidermis 2,snrpg,2.838778,1.850799,0.004528664291255084,0.03370954568313659,0.18835616438356165,0.06179775280898876
Epidermis 2,fau,2.8383563,1.4861401,0.004534653037687089,0.033745530281219786,0.21232876712328766,0.08146067415730338
Epidermis 2,rps23,2.8362477,1.8936546,0.004564704518851481,0.033960518653740814,0.18493150684931506,0.05898876404494382
Epidermis 2,ythdf2,2.835826,1.1106421,0.004570736417645096,0.03399674204177705,0.2671232876712329,0.13764044943820225
Epidermis 2,setdb1,2.828867,1.0927712,0.004671310573462856,0.03470947620053196,0.2636986301369863,0.13202247191011235
Epidermis 2,vbp1,2.8284452,1.1854037,0.004677469892236967,0.034737581915645015,0.25,0.12078651685393259
Epidermis 2,edrf1,2.8214865,1.2942071,0.004780165806650717,0.03545522118604595,0.2363013698630137,0.11235955056179775
Epidermis 2,eif3k,2.8195887,1.3549141,0.0048085257135641445,0.03564748037869478,0.22945205479452055,0.10393258426966293
Epidermis 2,mylip,2.8160038,2.344351,0.0048625101717681895,0.03602028252178306,0.1643835616438356,0.03651685393258427
Epidermis 2,tsnare1l,2.8134732,1.6314123,0.004900946337484225,0.03629581008132794,0.19863013698630136,0.0702247191011236
Epidermis 2,prpf39.2,2.8128407,1.0903813,0.004910598221585988,0.036358079183176295,0.2705479452054795,0.14887640449438203
Epidermis 2,wdr24,2.8100994,1.9411086,0.004952622041268144,0.03664138063485425,0.1780821917808219,0.05056179775280899
Epidermis 2,sart3,2.8058817,1.687259,0.005017909414841736,0.0370774798041554,0.1952054794520548,0.06741573033707865
Epidermis 2,glrx3,2.804195,2.1769285,0.005044241524860686,0.03726262926793093,0.1643835616438356,0.033707865168539325
Epidermis 2,rpl36,2.8037732,1.4423532,0.005050844042041796,0.03729255422907899,0.21232876712328766,0.08146067415730338
Epidermis 2,otud4,2.8037732,1.5684801,0.005050844042041796,0.03729255422907899,0.20205479452054795,0.07303370786516854
Epidermis 2,stx4,2.8033514,1.6801131,0.005057454371201459,0.03733193149610854,0.1917808219178082,0.06179775280898876
Epidermis 2,fbn1,2.8029296,2.3826556,0.0050640725204054845,0.0373713465902481,0.16095890410958905,0.033707865168539325
Epidermis 2,snx27,2.802086,1.3252327,0.00507733231124374,0.037450290383539184,0.2226027397260274,0.09550561797752809
Epidermis 2,mbd3,2.7991338,1.4221964,0.005123989099446798,0.037784895400083084,0.2191780821917808,0.09269662921348315
Epidermis 2,LOC116410814,2.7980795,2.059605,0.005140745918662102,0.03789890137412658,0.17465753424657535,0.047752808988764044
Epidermis 2,cwc25,2.7970252,1.0057604,0.0051575522468867915,0.0379940548711562,0.273972602739726,0.14606741573033707
Epidermis 2,usp37,2.7970252,1.1098682,0.0051575522468867915,0.0379940548711562,0.2602739726027397,0.13202247191011235
Epidermis 2,plxna3,2.7968142,1.5505834,0.005160919464831586,0.038009281148020185,0.2089041095890411,0.08707865168539326
Epidermis 2,tfpi2,2.7966034,4.499806,0.005164288669259026,0.038024514380632396,0.13356164383561644,0.0056179775280898875
Epidermis 2,brca1,2.7949164,1.042942,0.005191313940785184,0.038194638259021314,0.2808219178082192,0.15730337078651685
Epidermis 2,smndc1,2.7928076,1.0134004,0.005225275204647319,0.038425162140137296,0.273972602739726,0.14606741573033707
Epidermis 2,dusp11,2.7900662,1.5921929,0.005269724895468256,0.03870334884910366,0.20205479452054795,0.07584269662921349
Epidermis 2,sh2b2,2.789012,3.27307,0.0052869116792995585,0.038819822983573324,0.14383561643835616,0.016853932584269662
Epidermis 2,crtap,2.7831075,3.2679899,0.005384096711926307,0.0394739229963175,0.14383561643835616,0.016853932584269662
Epidermis 2,fut8,2.7818422,1.4175382,0.00540513078133749,0.03961819906451258,0.21232876712328766,0.08707865168539326
Epidermis 2,spag7,2.780577,1.0746893,0.0054262390147859435,0.03976294626252392,0.2602739726027397,0.12921348314606743
Epidermis 2,myh6,2.7750943,1.6850176,0.005518570596465759,0.04036870297930195,0.1917808219178082,0.06460674157303371
Epidermis 2,brip1,2.7742507,2.3741648,0.005532900627807463,0.040463402114445816,0.16095890410958905,0.033707865168539325
Epidermis 2,nrep,2.7721422,2.028409,0.0055688727352682255,0.0407061062577208,0.17465753424657535,0.05056179775280899
Epidermis 2,qtrt1,2.767081,1.0988528,0.005656068305107203,0.041302156539242726,0.2534246575342466,0.12921348314606743
Epidermis 2,polrmt,2.765816,2.5657175,0.00567805875026854,0.0414523814508241,0.1541095890410959,0.028089887640449437
Epidermis 2,nip7,2.7637072,2.269862,0.005714880916236723,0.041700370459939004,0.1643835616438356,0.03932584269662921
Epidermis 2,wdr25,2.7628636,1.6424375,0.00572966998406277,0.04179784958925352,0.1917808219178082,0.06460674157303371
Epidermis 2,plch2,2.7550614,1.321393,0.005868113781728647,0.04274379116713434,0.25,0.13764044943820225
Epidermis 2,rpl34,2.7550614,1.6235186,0.005868113781728647,0.04274379116713434,0.1952054794520548,0.0702247191011236
Epidermis 2,ddx47,2.7544286,1.6938435,0.005879470041448271,0.04281584174927116,0.18835616438356165,0.06179775280898876
Epidermis 2,me3,2.7531633,1.9866271,0.005902242007719823,0.042949573345197445,0.17123287671232876,0.0449438202247191
Epidermis 2,taf1c,2.7531633,2.3983264,0.005902242007719823,0.042949573345197445,0.1643835616438356,0.042134831460674156
Epidermis 2,nr1d1,2.7510548,3.0061002,0.005940371986943702,0.04318403719232811,0.14726027397260275,0.02247191011235955
Epidermis 2,ctdsp1,2.7493677,1.3765273,0.005971035644397129,0.043385369853684436,0.21232876712328766,0.08426966292134831
Epidermis 2,LOC100487921,2.745572,2.2178607,0.006040550958329589,0.043868657158492474,0.1643835616438356,0.03932584269662921
Epidermis 2,mre11,2.7434633,2.8584054,0.006079484825236802,0.04409663050285285,0.14726027397260275,0.02247191011235955
Epidermis 2,adamts9,2.7432525,1.2209378,0.0060833906174130176,0.04411401417454724,0.22945205479452055,0.10393258426966293
Epidermis 2,synpo,2.737137,5.004269,0.006197646338184393,0.04488686821394152,0.13013698630136986,0.0056179775280898875
Epidermis 2,eif3l,2.7362936,1.3281856,0.006213556466295564,0.044990950970098,0.2191780821917808,0.09550561797752809
Epidermis 2,rps17,2.7352393,1.189666,0.00623349583403805,0.045124149758485936,0.2363013698630137,0.10955056179775281
Epidermis 2,MGC147490,2.7350283,1.249225,0.006237490613429139,0.045141888616278075,0.2328767123287671,0.11235955056179775
Epidermis 2,nacc1,2.733974,1.4808716,0.006257499102917129,0.045264280197320116,0.2089041095890411,0.08707865168539326
Epidermis 2,LOC101734591,2.7335522,1.3668659,0.006265518663412347,0.04531107769673585,0.21575342465753425,0.09269662921348315
Epidermis 2,tmem132e,2.7329197,2.8656738,0.006277565352327205,0.04537574500837699,0.1506849315068493,0.028089887640449437
Epidermis 2,tfip11,2.7320762,1.3598663,0.006293660036004678,0.04548083473731835,0.2191780821917808,0.09550561797752809
Epidermis 2,ube3d,2.7312326,1.479988,0.006309791852471051,0.04558614079080111,0.2054794520547945,0.08146067415730338
Epidermis 2,c1h12orf43,2.728702,2.4500196,0.00635841084086193,0.04585805755964349,0.15753424657534246,0.033707865168539325
Epidermis 2,nop16,2.7278585,2.845984,0.006374691931333041,0.04595280390747131,0.14726027397260275,0.02247191011235955
Epidermis 2,spryd4,2.7274368,1.4282821,0.006382846536200719,0.046000243367772004,0.2089041095890411,0.08426966292134831
Epidermis 2,LOC101731710,2.7242737,1.6949625,0.006444305883141531,0.046408845841367355,0.18835616438356165,0.06460674157303371
Epidermis 2,trmt61a,2.7202673,4.386025,0.0065229184577062565,0.04692872986394575,0.13013698630136986,0.0056179775280898875
Epidermis 2,lypd6b,2.7194238,1.0704169,0.0065395779746018285,0.04702543758317,0.2534246575342466,0.12921348314606743
Epidermis 2,wdr12,2.7109888,1.4825007,0.006708289890409506,0.04815570279630655,0.2054794520547945,0.08146067415730338
Epidermis 2,rps15a,2.7097235,1.1656024,0.006733931371559376,0.04831604023614436,0.23972602739726026,0.1151685393258427
Epidermis 2,kat5,2.7093017,1.0196874,0.006742498088272263,0.04836563475295375,0.2705479452054795,0.15168539325842698
Epidermis 2,ncaph,2.7082474,1.177209,0.006763957751112699,0.048507666590474806,0.24315068493150685,0.12078651685393259
Epidermis 2,vac14,2.707404,2.4918022,0.0067811696571743515,0.04861917347286326,0.1541095890410959,0.03089887640449438
Epidermis 2,letm1,2.7071931,1.4974132,0.006785478779309151,0.048638138842075976,0.1952054794520548,0.06741573033707865
Epidermis 2,LOC101730430,2.7025537,27.32207,0.006880904169426628,0.049273814251962214,0.1232876712328767,0.0
Epidermis 2,ppih,2.700867,1.10589,0.006915902124881224,0.04950017997365403,0.25,0.12921348314606743
Epidermis 2,LOC116410220,2.6985471,1.3394518,0.006964285407869185,0.049822081927906055,0.21575342465753425,0.09269662921348315
Epidermis 2,fth1,-2.6993906,-1.4335169,0.006946656421654068,0.04970813068821789,0.09246575342465753,0.21067415730337077
Epidermis 2,gmpr2,-2.7010777,-5.5750213,0.006911518652852203,0.04948092131803153,0.003424657534246575,0.12640449438202248
Epidermis 2,tmed9,-2.7033973,-1.1309054,0.006863464930295744,0.04916097607877355,0.13013698630136986,0.2443820224719101
Epidermis 2,LOC105947542,-2.710567,-3.0886765,0.006716827282279564,0.048205150574101144,0.02054794520547945,0.14325842696629212
Epidermis 2,tbpl1,-2.712254,-1.8246232,0.006682736210218576,0.047984048676221865,0.06164383561643835,0.18258426966292135
Epidermis 2,slc4a4,-2.7181585,-3.3053606,0.0065646390069342055,0.04718243491804617,0.017123287671232876,0.1404494382022472
Epidermis 2,krt18.3,-2.7192128,-2.5032117,0.0065437488286326125,0.047043856864180986,0.030821917808219176,0.1544943820224719
Epidermis 2,gpt2,-2.7194238,-3.3761578,0.0065395779746018285,0.04702543758317,0.017123287671232876,0.1404494382022472
Epidermis 2,chmp2b,-2.7223759,-1.0355124,0.006481436545733211,0.046641770474723655,0.13013698630136986,0.2556179775280899
Epidermis 2,bbox1,-2.7280695,-1.1385343,0.0063706181455574626,0.04593476542002718,0.13356164383561644,0.25
Epidermis 2,fam221a,-2.7310216,-1.6865988,0.00631383061727473,0.04560404812788674,0.06506849315068493,0.18820224719101122
Epidermis 2,dnai4,-2.7329197,-3.3126757,0.006277565352327205,0.04537574500837699,0.023972602739726026,0.14606741573033707
Epidermis 2,naga,-2.7434633,-4.1359205,0.006079484825236802,0.04409663050285285,0.00684931506849315,0.13202247191011235
Epidermis 2,nexn,-2.7447286,-1.8025779,0.006056097470261048,0.043970637146845674,0.0821917808219178,0.199438202247191
Epidermis 2,pik3ca,-2.7500002,-1.1303518,0.005959520098238753,0.04331246444346519,0.1267123287671233,0.25
Epidermis 2,sapcd1,-2.7514765,-5.1113887,0.005932728279307697,0.043139199087672456,0.003424657534246575,0.12921348314606743
Epidermis 2,cog2,-2.7540069,-1.2969242,0.005887051882532095,0.04286037698089556,0.10273972602739725,0.22752808988764045
Epidermis 2,itgb6,-2.7683463,-2.464891,0.00563415471438187,0.04115241790507158,0.030821917808219176,0.15730337078651685
Epidermis 2,slc41a3,-2.770877,-27.356932,0.005590557162246046,0.04085439410240354,0.0,0.12640449438202248
Epidermis 2,cep290,-2.77404,-1.0848515,0.005536488378666401,0.04047951270555217,0.1952054794520548,0.2949438202247191
Epidermis 2,cfap61,-2.7776248,-2.8732429,0.005475781254664994,0.04008579059732343,0.0410958904109589,0.16292134831460675
Epidermis 2,dusp1,-2.7793117,-1.1279881,0.00544742163985679,0.039888171832328116,0.1232876712328767,0.24719101123595505
Epidermis 2,rps6kc1,-2.787325,-1.7675601,0.005314515865728191,0.03900291570954074,0.06164383561643835,0.18820224719101122
Epidermis 2,tmem43,-2.7902772,-1.2110721,0.005266293601042947,0.03868786837197446,0.13013698630136986,0.25
Epidermis 2,frmpd2,-2.8058817,-4.1565657,0.005017909414841736,0.0370774798041554,0.0136986301369863,0.1404494382022472
Epidermis 2,map9,-2.8069363,-3.5324397,0.005001515024222361,0.03697503431285883,0.023972602739726026,0.14887640449438203
Epidermis 2,aox1,-2.8179016,-5.4078426,0.004833862241755515,0.035826223932240234,0.003424657534246575,0.13202247191011235
Epidermis 2,ssh1,-2.8219082,-4.816983,0.00477388419809277,0.03541761649605324,0.00684931506849315,0.1348314606741573
Epidermis 2,LOC101730684,-2.8324518,-27.474485,0.004619252109035698,0.03433139038881833,0.0,0.12921348314606743
Epidermis 2,abca12,-2.8328736,-3.0532112,0.0046131622503522525,0.03429484886572906,0.023972602739726026,0.15168539325842698
Epidermis 2,ift81,-2.8436282,-1.9200883,0.004460306857009376,0.03322610339888916,0.08561643835616438,0.2050561797752809
Epidermis 2,LOC116411565,-2.8476348,-3.2251115,0.004404544374924076,0.032844193016174916,0.023972602739726026,0.15168539325842698
Epidermis 2,serpini1,-2.8497434,-3.4546695,0.004375450190608192,0.03266056805967008,0.017123287671232876,0.14606741573033707
Epidermis 2,dlx6,-2.850587,-1.3775406,0.004363861375892897,0.03258238362164119,0.0958904109589041,0.2247191011235955
Epidermis 2,slc26a6,-2.8712525,-2.011633,0.004088487127546382,0.0307146150669001,0.0547945205479452,0.18258426966292135
Epidermis 2,yipf2,-2.8716743,-1.215429,0.004083035235001002,0.030681543175916266,0.11643835616438356,0.24719101123595505
Epidermis 2,LOC100491292,-2.8746266,-4.6960015,0.00404505636361962,0.0304039708318244,0.00684931506849315,0.13764044943820225
Epidermis 2,prss27.3,-2.8758917,-1.1099399,0.004028878092639725,0.03029795099715766,0.14383561643835616,0.2696629213483146
Epidermis 2,LOC100496400,-2.880531,-5.4589367,0.003970059071138221,0.029878680923903538,0.003424657534246575,0.1348314606741573
Epidermis 2,efcab10,-2.880531,-2.163518,0.003970059071138221,0.029878680923903538,0.04794520547945205,0.17696629213483145
Epidermis 2,ankrd37,-2.882429,-2.860338,0.003946222307009742,0.02972224278696258,0.030821917808219176,0.1601123595505618
Epidermis 2,ufm1,-2.8851702,-1.1421498,0.003912020841925695,0.02948743714036359,0.136986301369863,0.2612359550561798
Epidermis 2,LOC116407966,-2.885381,-1.4416012,0.003909401144196,0.029482895987098363,0.09246575342465753,0.22191011235955055
Epidermis 2,plk2,-2.8902311,-2.3058622,0.003849586172073549,0.029046787144006686,0.0410958904109589,0.17134831460674158
Epidermis 2,LOC100328980,-2.8917072,-1.1067339,0.003831547354264755,0.028918141159956893,0.1678082191780822,0.28370786516853935
Epidermis 2,akr1c8,-2.894027,-27.486887,0.003803355766412288,0.028727620777260356,0.0,0.13202247191011235
Epidermis 2,fn3k,-2.894027,-27.351221,0.003803355766412288,0.028727620777260356,0.0,0.13202247191011235
Epidermis 2,fut1,-2.8965573,-1.3066645,0.0037728163847273364,0.028519057600714968,0.1095890410958904,0.23876404494382023
Epidermis 2,ccp110,-2.908999,-3.2715821,0.003625881198924621,0.027436741735895834,0.030821917808219176,0.1601123595505618
Epidermis 2,cdkn1a,-2.9132164,-2.8289437,0.00357726626972236,0.027096934524554108,0.03767123287671233,0.16573033707865167
Epidermis 2,cpm,-2.9132164,-1.842754,0.00357726626972236,0.027096934524554108,0.07876712328767123,0.2050561797752809
Epidermis 2,nme7,-2.915747,-1.1972369,0.003548382674073007,0.026920003619472638,0.18835616438356165,0.300561797752809
Epidermis 2,spag6,-2.9193318,-3.6819525,0.003507827379364146,0.02662614960430884,0.02054794520547945,0.15168539325842698
Epidermis 2,mdm1,-2.9267123,-3.606779,0.0034256563242196034,0.026049781481077845,0.023972602739726026,0.1544943820224719
Epidermis 2,vdr,-2.930719,-2.809083,0.003381786649487589,0.025736268042481573,0.0273972602739726,0.1601123595505618
Epidermis 2,nod1,-2.9315624,-1.5443109,0.003372616362026071,0.02568654217779679,0.0958904109589041,0.22191011235955055
Epidermis 2,tob1,-2.9319842,-2.6432667,0.0033680397143329467,0.025658370833897933,0.030821917808219176,0.16292134831460675
Epidermis 2,LOC100489463,-2.9448473,-5.544646,0.003231139863614636,0.024660430640553375,0.003424657534246575,0.13764044943820225
Epidermis 2,ccdc34,-2.947167,-2.5935893,0.003206999518595174,0.024495375732442,0.04452054794520548,0.17415730337078653
Epidermis 2,tarbp2,-2.9712067,-1.339196,0.0029663218144369936,0.022854125713707898,0.10273972602739725,0.23876404494382023
Epidermis 2,camk1d,-3.0009398,-1.4849973,0.002691478335263326,0.020840954494856234,0.09931506849315068,0.23314606741573032
Epidermis 2,gltp,-3.0028377,-2.1015248,0.002674751325780485,0.020727904560946277,0.0547945205479452,0.18820224719101122
Epidermis 2,pex1,-3.0089529,-1.4031149,0.0026214973779417473,0.020358392628750055,0.10616438356164383,0.23876404494382023
Epidermis 2,fpgs,-3.0148573,-1.8048612,0.0025710012501177983,0.019998120687119043,0.07191780821917808,0.2050561797752809
Epidermis 2,MGC89226,-3.0534472,-1.4911519,0.002262285207439959,0.01779571014496164,0.0958904109589041,0.23314606741573032
Epidermis 2,mall,-3.0734801,-5.8815103,0.0021157773733540995,0.016733303138667124,0.003424657534246575,0.14325842696629212
Epidermis 2,cry2,-3.077065,-3.5140982,0.0020904968623229624,0.016551276755840335,0.0136986301369863,0.1544943820224719
Epidermis 2,cep89,-3.0842347,-1.682875,0.0020407651111831976,0.016183832057785147,0.10273972602739725,0.23314606741573032
Epidermis 2,capn15,-3.0899284,-1.2956003,0.0020020481045873607,0.015902681561193788,0.1267123287671233,0.2612359550561798
Epidermis 2,lrrc45,-3.0901392,-3.1314363,0.002000627173357313,0.01589571429856146,0.030821917808219176,0.16853932584269662
Epidermis 2,trpv4l.3,-3.0909827,-1.4038842,0.0019949526992128477,0.015859250027383944,0.1267123287671233,0.25280898876404495
Epidermis 2,afap1l1,-3.093935,-1.1830955,0.0019752081696943584,0.015719387423995587,0.16095890410958905,0.28651685393258425
Epidermis 2,cep162,-3.0947783,-1.5163314,0.0019695999137651506,0.01567902371439791,0.13013698630136986,0.2556179775280899
Epidermis 2,LOC100487093,-3.1116483,-3.784756,0.0018604601632713968,0.01484660415850019,0.02054794520547945,0.1601123595505618
Epidermis 2,poc5,-3.1196616,-4.2316217,0.0018105899676633607,0.014472342177951241,0.0136986301369863,0.1544943820224719
Epidermis 2,gjb3l,-3.1205049,-4.709191,0.001805412574309612,0.014434905623535086,0.00684931506849315,0.14887640449438203
Epidermis 2,ttc12,-3.1230354,-4.6357174,0.001789961923670062,0.014319205525670384,0.010273972602739725,0.15168539325842698
Epidermis 2,kcnn3,-3.1293616,-1.2535756,0.0017518655129087014,0.014022119607840703,0.1404109589041096,0.2752808988764045
Epidermis 2,memo1,-3.1310487,-1.6258959,0.0017418331394724602,0.01394945876710123,0.08904109589041095,0.2247191011235955
Epidermis 2,irx2,-3.139062,-1.4383364,0.0016948968627072472,0.013618342549146659,0.09246575342465753,0.23595505617977527
Epidermis 2,cc2d2a,-3.1449664,-1.2166731,0.0016610597577905338,0.013375878176301679,0.18493150684931506,0.300561797752809
Epidermis 2,dnai1,-3.1483402,-3.2316113,0.001642004438617742,0.013229722090748406,0.0273972602739726,0.16853932584269662
Epidermis 2,tom1l2,-3.152136,-2.1119976,0.0016208077758011871,0.013095033746391515,0.06164383561643835,0.199438202247191
Epidermis 2,pla2g7,-3.1550882,-2.154166,0.0016044959116989742,0.012970414821590906,0.06164383561643835,0.199438202247191
Epidermis 2,LOC100488374,-3.162258,-2.2027752,0.0015655085023014456,0.012658749386106102,0.04794520547945205,0.19101123595505617
Epidermis 2,dnaaf1,-3.1694276,-3.6790447,0.0015273950832645484,0.012374524855572621,0.02054794520547945,0.16292134831460675
Epidermis 2,pdhx,-3.1711147,-1.1355277,0.001518552315246421,0.01230970680171052,0.1678082191780822,0.29775280898876405
Epidermis 2,LOC100489507,-3.1746995,-1.0504799,0.0014999178005850248,0.012175533804193518,0.17465753424657535,0.31179775280898875
Epidermis 2,n4bp3,-3.180393,-2.5833519,0.0014707543602425156,0.01195540064078114,0.04794520547945205,0.18820224719101122
Epidermis 2,inpp1,-3.1833453,-3.2018788,0.0014558391457795018,0.011840744037362442,0.017123287671232876,0.16292134831460675
Epidermis 2,hebp1,-3.1890388,-2.6502388,0.0014274670500152079,0.011616450261412734,0.030821917808219176,0.17696629213483145
Epidermis 2,trpa1,-3.1892498,-3.2114842,0.001426426087078721,0.011611211626677274,0.02054794520547945,0.16573033707865167
Epidermis 2,pkn3,-3.190515,-1.3284115,0.0014201949912866912,0.011563710247994782,0.13013698630136986,0.26685393258426965
Epidermis 2,creld2,-3.1909366,-2.988218,0.0014181235422649745,0.011550061093326127,0.0273972602739726,0.17134831460674158
Epidermis 2,syap1,-3.1932564,-2.6268713,0.0014067802785488594,0.011467259989476215,0.030821917808219176,0.17696629213483145
Epidermis 2,card14,-3.1947324,-5.1287513,0.0013996054579466528,0.011415141501461666,0.00684931506849315,0.15168539325842698
Epidermis 2,crocc2,-3.2143435,-2.5647368,0.0013074310256414082,0.010714190162748528,0.06506849315068493,0.2050561797752809
Epidermis 2,fkbp1b,-3.218772,-1.4341158,0.0012874081632452538,0.010558986537548264,0.11301369863013698,0.25280898876404495
Epidermis 2,edem3,-3.220248,-1.0046598,0.0012807970285958386,0.010510661971612845,0.1815068493150685,0.31741573033707865
Epidermis 2,adipor1,-3.223622,-1.1016853,0.0012658033741763846,0.010393454615323004,0.14726027397260275,0.2949438202247191
Epidermis 2,rnasek,-3.2299483,-1.9510664,0.0012381261859311628,0.010177634010391963,0.05821917808219178,0.2050561797752809
Epidermis 2,nos2,-3.246818,-3.0826035,0.0011670293409381804,0.009639286426946581,0.023972602739726026,0.17134831460674158
Epidermis 2,rabac1,-3.2567291,-1.1853061,0.0011270390172228978,0.009316877124559537,0.1506849315068493,0.2893258426966292
Epidermis 2,enkd1,-3.2577837,-2.9330282,0.0011228601277715612,0.009287584718418366,0.030821917808219176,0.17696629213483145
Epidermis 2,gusb,-3.2805579,-4.122824,0.0010360200118728034,0.008622978635265921,0.010273972602739725,0.1601123595505618
Epidermis 2,nucb2,-3.2892036,-1.2684703,0.001004712803730937,0.008374325624710298,0.136986301369863,0.2808988764044944
Epidermis 2,flrt3,-3.2934213,-1.7739128,0.000989760916735214,0.008263839290798925,0.0821917808219178,0.22752808988764045
Epidermis 2,calhm4,-3.3048084,-1.8806369,0.0009504137055976225,0.007964891923258057,0.0684931506849315,0.21629213483146068
Epidermis 2,sel1l3,-3.3050191,-3.8211455,0.0009496989115153416,0.007961184078722384,0.017123287671232876,0.16573033707865167
Epidermis 2,agtpbp1,-3.3058627,-4.672868,0.0009468447119904315,0.00794409235826415,0.010273972602739725,0.1601123595505618
Epidermis 2,LOC548809,-3.3092368,-4.5328474,0.000935507190751044,0.007851223282470217,0.010273972602739725,0.1601123595505618
Epidermis 2,sowaha,-3.318726,-1.4172881,0.0009042911982154284,0.00759796953579626,0.1232876712328767,0.2640449438202247
Epidermis 2,slc35a5,-3.3229434,-1.4189764,0.0008907296991312614,0.00749048326677385,0.11643835616438356,0.2612359550561798
Epidermis 2,cyp27a1.3,-3.3250523,-27.742113,0.0008840198736748645,0.007438337630221636,0.0,0.15168539325842698
Epidermis 2,stard3,-3.3280044,-1.0459509,0.0008747048136030705,0.007368442768424021,0.18493150684931506,0.3258426966292135
Epidermis 2,ip6k1,-3.337283,-1.7340013,0.000846018049387028,0.007155657870842655,0.0821917808219178,0.2303370786516854
Epidermis 2,iqce,-3.3377047,-3.1447098,0.0008447350740922282,0.0071468743707062,0.03424657534246575,0.18258426966292135
Epidermis 2,ccdc57,-3.3393915,-3.090509,0.0008396211971216272,0.007109781927306571,0.030821917808219176,0.1797752808988764
Epidermis 2,pi4k2b,-3.346983,-1.2402351,0.000816962144525017,0.006927943268526479,0.14383561643835616,0.2893258426966292
Epidermis 2,dnal1,-3.3495135,-3.3474443,0.0008095361034094825,0.0068709494305350125,0.023972602739726026,0.17415730337078653
Epidermis 2,vwa3b,-3.3604789,-4.1336007,0.0007780746831740394,0.006623151154298295,0.017123287671232876,0.16853932584269662
Epidermis 2,s1pr1,-3.363853,-4.8408194,0.0007686250063423898,0.006544619155372676,0.00684931506849315,0.1601123595505618
Epidermis 2,borcs5,-3.3701792,-4.8443556,0.0007511934353472923,0.006409263078994951,0.00684931506849315,0.1601123595505618
Epidermis 2,maff,-3.3710227,-1.0897672,0.0007488971646525132,0.006391536648162807,0.1780821917808219,0.3258426966292135
Epidermis 2,cdhr3,-3.372077,-2.7792745,0.0007460359930893782,0.006370837894827816,0.03767123287671233,0.18820224719101122
Epidermis 2,pcmt1,-3.3727095,-1.3657099,0.0007443241664498205,0.00635807706297332,0.11643835616438356,0.2696629213483146
Epidermis 2,LOC105947509,-3.3807228,-5.921201,0.0007229544530267336,0.006188193738338053,0.003424657534246575,0.15730337078651685
Epidermis 2,rasgef1a,-3.4039187,-1.9102134,0.0006642648598851156,0.005702533368370577,0.0684931506849315,0.22191011235955055
Epidermis 2,syvn1,-3.4176257,-2.005978,0.000631699354030816,0.005448570025870399,0.07191780821917808,0.22191011235955055
Epidermis 2,gas8,-3.4296453,-4.3636317,0.0006043705161310728,0.005217470335802537,0.0136986301369863,0.16853932584269662
Epidermis 2,c4h11orf24,-3.4304888,-1.2226982,0.0006024946301343682,0.005202812565275544,0.1506849315068493,0.29775280898876405
Epidermis 2,cep128,-3.4323869,-1.4812304,0.0005982936824496012,0.005169589899995357,0.1815068493150685,0.31741573033707865
Epidermis 2,trim2,-3.4330194,-5.0467777,0.0005968994360995333,0.005160593734583099,0.00684931506849315,0.16292134831460675
Epidermis 2,hnrnpll,-3.4347064,-1.354696,0.0005931962171177717,0.00513161249558141,0.13356164383561644,0.2808988764044944
Epidermis 2,stambpl1,-3.4349172,-2.4062765,0.0005927348214451062,0.00513161249558141,0.04452054794520548,0.199438202247191
Epidermis 2,LOC105947571,-3.4422977,-3.7044015,0.00057679487197665,0.005000086270091773,0.0136986301369863,0.17134831460674158
Epidermis 2,slc38a2,-3.4444065,-1.98088,0.0005723144522681653,0.0049641910250002195,0.07191780821917808,0.2247191011235955
Epidermis 2,LOC100493256,-3.4482024,-27.767921,0.0005643312629822336,0.00490076267030115,0.0,0.15730337078651685
Epidermis 2,cyld,-3.458535,-2.6035936,0.0005431215748558275,0.004723590227494999,0.03767123287671233,0.19382022471910113
Epidermis 2,zfyve28a,-3.483629,-1.6814852,0.0004946646699808488,0.004327908700452018,0.0821917808219178,0.24157303370786518
Epidermis 2,LOC108648885,-3.4859486,-2.883566,0.0004903952072614304,0.004291839013011638,0.030821917808219176,0.18820224719101122
Epidermis 2,cyp2d6,-3.4945943,-5.681475,0.0004747826428402332,0.004167679108967825,0.003424657534246575,0.16292134831460675
Epidermis 2,slc27a6,-3.4945943,-2.441276,0.0004747826428402332,0.004167679108967825,0.04452054794520548,0.20224719101123595
Epidermis 2,rab3gap2,-3.5045054,-2.1356974,0.00045745617173240707,0.004022834342933211,0.05821917808219178,0.21629213483146068
Epidermis 2,btd,-3.516947,-2.2822688,0.0004365409362998053,0.003850491282130238,0.0547945205479452,0.21067415730337077
Epidermis 2,tchp,-3.5177906,-1.779926,0.0004351557703276385,0.003840591280932126,0.11643835616438356,0.2612359550561798
Epidermis 2,lrrc47,-3.5361364,-1.4464202,0.00040602486830427706,0.0035997916061274865,0.11986301369863013,0.27247191011235955
Epidermis 2,bckdhb,-3.5378234,-1.9188943,0.0004034396861962985,0.0035790426304109263,0.07876712328767123,0.23314606741573032
Epidermis 2,hexb,-3.5388777,-1.9545531,0.00040183176446423883,0.003566943306120305,0.0821917808219178,0.23595505617977527
Epidermis 2,kndc1,-3.5443606,-1.7439533,0.00039356664265172397,0.003501018420983732,0.10616438356164383,0.25842696629213485
Epidermis 2,rnf128,-3.5599651,-1.5799372,0.00037090397022080665,0.003310501970541801,0.10616438356164383,0.2640449438202247
Epidermis 2,dpagt1,-3.5643935,-1.2782351,0.0003646984587215549,0.0032590952757229506,0.16095890410958905,0.31179775280898875
Epidermis 2,intu,-3.5711415,-2.0494363,0.00035542883836769756,0.003182095061049362,0.07876712328767123,0.23314606741573032
Epidermis 2,LOC116409846,-3.5713522,-27.826677,0.0003551427445517356,0.0031805078327180707,0.0,0.16292134831460675
Epidermis 2,derl1,-3.573672,-1.783272,0.0003520098946338338,0.00315535149648623,0.08561643835616438,0.2443820224719101
Epidermis 2,LOC100486607,-3.5738828,-2.4927452,0.0003517263755005629,0.003153777203146305,0.04794520547945205,0.20786516853932585
Epidermis 2,zfpl1,-3.580209,-1.909665,0.0003433194570586833,0.0030812315165128557,0.07876712328767123,0.23595505617977527
Epidermis 2,ikzf4,-3.5958138,-1.0566267,0.0003233792215233542,0.002915699575678336,0.21232876712328766,0.35674157303370785
Epidermis 2,c4bpa,-3.60214,-4.2016854,0.00031560846780144606,0.0028465137680666673,0.0136986301369863,0.17696629213483145
Epidermis 2,gramd1c,-3.6055138,-3.895147,0.0003115358860292389,0.00281412406814607,0.017123287671232876,0.1797752808988764
Epidermis 2,qpctl,-3.621962,-2.3678167,0.00029237711431586176,0.002649248427950079,0.04794520547945205,0.21067415730337077
Epidermis 2,tmem248,-3.626812,-1.9316593,0.00028694199088916806,0.0026016133175190046,0.07876712328767123,0.23876404494382023
Epidermis 2,siae,-3.62871,-6.0770664,0.00028484108581643786,0.002584168150062165,0.003424657534246575,0.16853932584269662
Epidermis 2,cblc,-3.6329274,-27.895233,0.0002802238972346482,0.00254464887855421,0.0,0.16573033707865167
Epidermis 2,baiap2,-3.6346145,-2.6278656,0.0002783967345613621,0.002530415095759694,0.0410958904109589,0.2050561797752809
Epidermis 2,trpm2l,-3.6430492,-2.135767,0.0002694271991445287,0.0024534661863531834,0.10273972602739725,0.25280898876404495
Epidermis 2,arfgap3,-3.653593,-1.4653573,0.0002585960825293539,0.002360718953284055,0.1232876712328767,0.28370786516853935
Epidermis 2,c2cd3,-3.654858,-2.6223447,0.00025732414081216506,0.002350575612525124,0.04794520547945205,0.21067415730337077
Epidermis 2,sgpl1,-3.654858,-1.1937337,0.00025732414081216506,0.002350575612525124,0.18493150684931506,0.33146067415730335
Epidermis 2,LOC100490339,-3.6590757,-3.0489683,0.00025312657617352724,0.00231657575082291,0.0273972602739726,0.19382022471910113
Epidermis 2,sp8,-3.665402,-1.0014066,0.00024695046805112077,0.0022628868751104424,0.2226027397260274,0.38764044943820225
Epidermis 2,hal,-3.6679323,-4.253501,0.0002445198325172595,0.0022413167840426504,0.0136986301369863,0.1797752808988764
Epidermis 2,secisbp2l,-3.67215,-1.3427997,0.00024051858028556906,0.0022067164533356777,0.15753424657534246,0.3061797752808989
Epidermis 2,ccdc162p,-3.673626,-4.3336377,0.00023913271424366454,0.0021946902260774124,0.017123287671232876,0.18258426966292135
Epidermis 2,spry4,-3.6780543,-1.4272344,0.00023501993480244953,0.0021582996274616406,0.13013698630136986,0.2949438202247191
Epidermis 2,LOC100493841,-3.682061,-1.1062807,0.00023135613012403524,0.0021259890096371184,0.20205479452054795,0.35674157303370785
Epidermis 2,LOC100497007,-3.6831152,-3.0852633,0.00023040091839296952,0.002117877121240532,0.0410958904109589,0.2050561797752809
Epidermis 2,bckdha,-3.685224,-1.9811876,0.00022850158833536948,0.002103063579543824,0.07534246575342465,0.23876404494382023
Epidermis 2,LOC101733192,-3.6932373,-2.212433,0.00022141732814650312,0.0020423634960714523,0.0684931506849315,0.2303370786516854
Epidermis 2,b4galt3l1,-3.693448,-6.5527225,0.00022123371480078626,0.0020413139890599064,0.003424657534246575,0.17134831460674158
Epidermis 2,LOC100493959,-3.6945024,-27.943436,0.00022031779028416126,0.0020335046819691563,0.0,0.16853932584269662
Epidermis 2,ptpn21,-3.6959786,-1.3836491,0.00021904147542547685,0.00202300201205754,0.1404109589041096,0.300561797752809
Epidermis 2,arl4c,-3.6974547,-2.044427,0.00021777210477819076,0.0020119141576394736,0.0684931506849315,0.23314606741573032
Epidermis 2,kif3b,-3.7012503,-1.2419609,0.00021453965083623197,0.001984559662529714,0.18493150684931506,0.3342696629213483
Epidermis 2,LOC100493774,-3.7092636,-2.142614,0.00020786296100703175,0.0019295148342955049,0.06506849315068493,0.2303370786516854
Epidermis 2,htatip2,-3.7214942,-1.431974,0.00019804739619587043,0.0018442572278437365,0.13356164383561644,0.29213483146067415
Epidermis 2,LOC100492415,-3.7316163,-4.203142,0.00019025525280402377,0.001775654947226826,0.0136986301369863,0.18258426966292135
Epidermis 2,LOC116412006,-3.7505949,-5.4531126,0.00017641562001373227,0.0016549438346025057,0.00684931506849315,0.17696629213483145
Epidermis 2,idh1,-3.7548122,-2.0115993,0.00017347147944847126,0.001628370204161292,0.07534246575342465,0.24157303370786518
Epidermis 2,cracr2b,-3.7611384,-3.5100002,0.0001691417861492815,0.0015882375685607607,0.02054794520547945,0.19101123595505617
Epidermis 2,vps9d1,-3.7640905,-1.7101352,0.00016715623857137992,0.0015706023817679223,0.10273972602739725,0.26685393258426965
Epidermis 2,slc22a15.2,-3.7708385,-1.5148796,0.0001626998763626957,0.0015326716358227386,0.11986301369863013,0.28651685393258425
Epidermis 2,ncr3lg1l,-3.7746344,-3.4025288,0.00016024254437978322,0.0015114713826284102,0.0273972602739726,0.19662921348314608
Epidermis 2,ap3s1,-3.7767432,-1.8259163,0.0001588924942666846,0.0014997050371034736,0.0958904109589041,0.25842696629213485
Epidermis 2,sh3yl1,-3.7799063,-4.306752,0.00015688747429854172,0.0014812589668025428,0.010273972602739725,0.18258426966292135
Epidermis 2,selenos,-3.7805388,-1.2956514,0.00015648933834515728,0.0014784550255873602,0.16095890410958905,0.3202247191011236
Epidermis 2,hes5.10,-3.7858107,-3.915049,0.00015320832423844507,0.0014516799111228486,0.017123287671232876,0.18820224719101122
Epidermis 2,ap1m2,-3.7862325,-1.6633902,0.00015294865986899332,0.0014496894541603579,0.10616438356164383,0.27247191011235955
Epidermis 2,dnaaf9,-3.7988849,-4.760658,0.00014534864423790142,0.0013812373926261692,0.010273972602739725,0.18258426966292135
Epidermis 2,gmppa,-3.8028913,-3.164059,0.00014301707941638127,0.00136040750029946,0.0273972602739726,0.199438202247191
Epidermis 2,vps13a,-3.8056328,-1.221137,0.0001414421421357246,0.001346302590937599,0.18835616438356165,0.3398876404494382
Epidermis 2,cldn23,-3.8111155,-5.9839025,0.000138341145286355,0.0013185034293659741,0.003424657534246575,0.17696629213483145
Epidermis 2,LOC108647613,-3.8136458,-6.210661,0.00013693161884016343,0.00130677380029932,0.003424657534246575,0.17696629213483145
Epidermis 2,sft2d1,-3.8180742,-2.2366955,0.00013449744805857166,0.0012848022562745452,0.05821917808219178,0.2303370786516854
Epidermis 2,macc1,-3.8425355,-1.5300416,0.00012176975894718313,0.001167799154785141,0.1232876712328767,0.29213483146067415
Epidermis 2,LOC100498107,-3.8497052,-4.5862126,0.00011826004109411736,0.0011348848526664952,0.010273972602739725,0.1853932584269663
Epidermis 2,mctp2,-3.8754318,-5.437153,0.0001064357770079631,0.0010268066659141152,0.00684931506849315,0.18258426966292135
Epidermis 2,il17rd,-3.8769078,-1.2389822,0.00010579236392650007,0.0010212736426471346,0.1815068493150685,0.351123595505618
Epidermis 2,slc35e1,-3.8842885,-1.044453,0.00010262998235605021,0.0009923840602876954,0.2191780821917808,0.3848314606741573
Epidermis 2,slc4a1,-3.8876624,-3.0243502,0.00010121423245846961,0.0009796666321170613,0.0273972602739726,0.2050561797752809
Epidermis 2,LOC105945146,-3.90158,-4.110607,9.556681560000434e-05,0.0009283860374887759,0.0136986301369863,0.19101123595505617
Epidermis 2,rps6ka4,-3.9028454,-1.4679154,9.506844187586391e-05,0.0009244662756065795,0.13013698630136986,0.30337078651685395
Epidermis 2,lekr1,-3.906641,-2.1246064,9.358800507244481e-05,0.0009115864632697881,0.0958904109589041,0.2612359550561798
Epidermis 2,ppt1,-3.9108586,-2.691995,9.196861921792844e-05,0.0008964103729107256,0.0410958904109589,0.21629213483146068
Epidermis 2,tdh,-3.9161303,-2.5382984,8.998159210631324e-05,0.0008785076549297403,0.04452054794520548,0.22191011235955055
Epidermis 2,aktip,-3.9209805,-1.4972119,8.818940515036256e-05,0.0008624504857645527,0.11986301369863013,0.29775280898876405
Epidermis 2,rab40b,-3.9220347,-2.906496,8.780428730396626e-05,0.0008589715937691558,0.030821917808219176,0.21067415730337077
Epidermis 2,hes4,-3.9424896,-1.3246855,8.06401564082554e-05,0.0007923335838553658,0.16095890410958905,0.33146067415730335
Epidermis 2,c1galt1,-3.963577,-1.109391,7.383505888210634e-05,0.0007296391501632355,0.21575342465753425,0.37640449438202245
Epidermis 2,chid1,-3.9694815,-2.6075325,7.202923685566907e-05,0.0007127578275315039,0.04794520547945205,0.2247191011235955
Epidermis 2,slc27a2,-3.9699032,-3.746653,7.190186115083817e-05,0.0007117383350152898,0.02054794520547945,0.199438202247191
Epidermis 2,atp6v0e1,-3.978338,-1.2803209,6.93986539107377e-05,0.0006897626835990389,0.1780821917808219,0.34269662921348315
Epidermis 2,slc29a2,-3.9812903,-1.2942581,6.854217961904279e-05,0.000682642743592586,0.1643835616438356,0.34269662921348315
Epidermis 2,dnah14,-3.9859295,-2.7064736,6.721646901426364e-05,0.0006701243539413167,0.0547945205479452,0.2303370786516854
Epidermis 2,znf850,-3.98846,-1.9851953,6.65036185471914e-05,0.0006639232492325654,0.07534246575342465,0.2556179775280899
Epidermis 2,sstr5,-3.9994254,-5.1708927,6.34964581640353e-05,0.0006358564469314546,0.010273972602739725,0.19101123595505617
Epidermis 2,ccdc18,-4.006173,-2.339033,6.171036666834996e-05,0.0006188184315892067,0.07191780821917808,0.24719101123595505
Epidermis 2,dnajb9,-4.028526,-1.2318356,5.6127670246352397e-05,0.0005655525435957004,0.18835616438356165,0.3539325842696629
Epidermis 2,a4gnt,-4.028948,-4.911092,5.602708464002461e-05,0.0005649284964168883,0.00684931506849315,0.19101123595505617
Epidermis 2,scnn1a,-4.041811,-4.723074,5.303998518408378e-05,0.0005357331744699215,0.010273972602739725,0.19382022471910113
Epidermis 2,gstt1,-4.0458174,-4.414957,5.214083113016126e-05,0.0005270154338747386,0.0136986301369863,0.19662921348314608
Epidermis 2,cdr2,-4.0475044,-1.1871154,5.176657793862268e-05,0.0005234136422427809,0.20205479452054795,0.3707865168539326
Epidermis 2,picalml,-4.052987,-1.3669664,5.056775924735628e-05,0.0005116463034127627,0.16095890410958905,0.33146067415730335
Epidermis 2,cmah,-4.062898,-6.8684387,4.8467149113048354e-05,0.0004917539867141675,0.003424657534246575,0.18820224719101122
Epidermis 2,edem1,-4.068592,-2.2178476,4.729810900957184e-05,0.000480559966791378,0.06164383561643835,0.2443820224719101
Epidermis 2,sypl1,-4.071122,-2.1032193,4.678716281069085e-05,0.00047569932386758406,0.07534246575342465,0.2556179775280899
Epidermis 2,reep4,-4.078292,-1.6827276,4.536775289699749e-05,0.0004615888565722706,0.11643835616438356,0.2893258426966292
Epidermis 2,ppargc1a,-4.0913663,-2.1712804,4.28839314465067e-05,0.0004369258278538994,0.0684931506849315,0.25280898876404495
Epidermis 2,rab3b,-4.0926313,-3.5778956,4.2650531079326525e-05,0.00043485095011503095,0.023972602739726026,0.20786516853932585
Epidermis 2,slc17a9,-4.099801,-1.0964822,4.1350527464025333e-05,0.0004221855635001483,0.22945205479452055,0.38764044943820225
Epidermis 2,lpcat2,-4.1052837,-2.4503832,4.038187018457875e-05,0.00041287248945974866,0.06164383561643835,0.24157303370786518
Epidermis 2,LOC100494653,-4.113297,-3.8945696,3.9004795625597524e-05,0.0003994916541457047,0.0136986301369863,0.20224719101123595
Epidermis 2,lypd6,-4.1377583,-1.4966443,3.507154256400625e-05,0.0003608504965464508,0.15753424657534246,0.32865168539325845
Epidermis 2,xrcc4,-4.1461935,-1.5123671,3.380484628201386e-05,0.00034843069875512944,0.14726027397260275,0.3202247191011236
Epidermis 2,yipf6,-4.146615,-1.3070191,3.374266615175688e-05,0.00034791247770088376,0.1780821917808219,0.351123595505618
Epidermis 2,fam20b,-4.1527305,-1.5388441,3.285317346889141e-05,0.0003394595665143743,0.13356164383561644,0.31179775280898875
Epidermis 2,tspan3,-4.1563153,-1.5098102,3.2342150680427455e-05,0.00033465253328834513,0.13356164383561644,0.3146067415730337
Epidermis 2,acaca,-4.157159,-1.3756355,3.2223012297059644e-05,0.0003336559944935708,0.1952054794520548,0.3595505617977528
Epidermis 2,tmem200a,-4.186681,-3.076514,2.8306321446307218e-05,0.00029571911443781497,0.03767123287671233,0.2247191011235955
Epidermis 2,slc35b4,-4.188368,-1.4415716,2.8096766746484633e-05,0.0002936348190083991,0.15753424657534246,0.3342696629213483
Epidermis 2,ube2h,-4.196803,-1.0411359,2.7070929700808855e-05,0.00028342061106172763,0.2465753424657534,0.42696629213483145
Epidermis 2,mfsd11,-4.205238,-1.4282987,2.6080771598543157e-05,0.0002732498331888943,0.1506849315068493,0.33146067415730335
Epidermis 2,atp6v0b,-4.211564,-1.7875279,2.5360860372490565e-05,0.0002662799244067068,0.10616438356164383,0.29213483146067415
Epidermis 2,armc9,-4.213251,-4.401113,2.5172100290279684e-05,0.000264392980088094,0.0136986301369863,0.2050561797752809
Epidermis 2,inpp5a.2,-4.218734,-2.5611956,2.4567816731536667e-05,0.0002585103854857985,0.04794520547945205,0.23876404494382023
Epidermis 2,gorasp1,-4.218734,-2.6058035,2.4567816731536667e-05,0.0002585103854857985,0.04452054794520548,0.23595505617977527
Epidermis 2,LOC101733305,-4.2322297,-4.795742,2.3138595271566077e-05,0.0002446163755454423,0.010273972602739725,0.20224719101123595
Epidermis 2,sema6c,-4.2347603,-1.9111041,2.2879578291285378e-05,0.00024205318604146324,0.08904109589041095,0.2808988764044944
Epidermis 2,atg2a,-4.235182,-1.4504241,2.2836677959866997e-05,0.00024168679704738313,0.1541095890410959,0.33146067415730335
Epidermis 2,mvb12a,-4.2353926,-1.838783,2.2815256511884478e-05,0.00024154754186848793,0.09246575342465753,0.28370786516853935
Epidermis 2,hbp1,-4.246147,-2.87158,2.1747767733506312e-05,0.00023074736791946392,0.03767123287671233,0.2303370786516854
Epidermis 2,ankk1,-4.2486777,-28.209837,2.1503594848964957e-05,0.000228322405023645,0.0,0.19382022471910113
Epidermis 2,stxbp2,-4.291907,-1.6912189,1.7714527108950374e-05,0.00018946701131420724,0.11301369863013698,0.3061797752808989
Epidermis 2,b4galt4,-4.314049,-3.5680797,1.6029171971169637e-05,0.00017219725317503112,0.023972602739726026,0.21910112359550563
Epidermis 2,ovol1,-4.3159466,-3.0338204,1.589205318693165e-05,0.00017091265883267074,0.030821917808219176,0.22752808988764045
Epidermis 2,bahd1,-4.3191094,-1.0877982,1.5666003302868265e-05,0.00016866775047740047,0.2602739726027397,0.42696629213483145
Epidermis 2,sec23ip,-4.322273,-1.4976763,1.5443020660630058e-05,0.00016632827447711024,0.1404109589041096,0.32865168539325845
Epidermis 2,LOC108645367,-4.3237486,-1.8749334,1.534000066305075e-05,0.0001652796016887713,0.0958904109589041,0.2893258426966292
Epidermis 2,nfe2l2,-4.3254356,-2.6279056,1.5223065841910586e-05,0.0001640801761153718,0.04452054794520548,0.24157303370786518
Epidermis 2,cysrt1,-4.331762,-3.058984,1.4792084371881377e-05,0.0001595525528688061,0.03424657534246575,0.2303370786516854
Epidermis 2,morn1,-4.3357687,-2.4488974,1.452517413871305e-05,0.00015678927815683942,0.07876712328767123,0.26685393258426965
Epidermis 2,dnajc13,-4.3389316,-1.072947,1.4317706196041988e-05,0.00015460689686608916,0.2568493150684932,0.42696629213483145
Epidermis 2,rtn1,-4.3423057,-3.962453,1.4099523174997507e-05,0.00015241980840545566,0.02054794520547945,0.21629213483146068
Epidermis 2,glipr2,-4.3456798,-4.317056,1.3884513411046227e-05,0.00015026220344994162,0.0136986301369863,0.21067415730337077
Epidermis 2,stard15,-4.371828,-28.371958,1.2321064853576928e-05,0.00013383762420472213,0.0,0.199438202247191
Epidermis 2,dagla,-4.3844805,-1.4594789,1.1626301561557276e-05,0.00012657296869492764,0.15753424657534246,0.34831460674157305
Epidermis 2,slc25a16,-4.3863783,-3.1283946,1.1525368791390613e-05,0.00012556766870709617,0.03767123287671233,0.23314606741573032
Epidermis 2,trim14,-4.3893304,-3.9879792,1.137002300733898e-05,0.00012401385915206185,0.017123287671232876,0.21629213483146068
Epidermis 2,serinc2,-4.3962893,-3.1495354,1.1011720502463527e-05,0.00012046541991299076,0.030821917808219176,0.2303370786516854
Epidermis 2,mcfd2,-4.4002957,-1.8005854,1.0810342277148146e-05,0.00011830666982527797,0.09931506849315068,0.300561797752809
Epidermis 2,deaf1,-4.405989,-1.0195466,1.0530212933062578e-05,0.00011537056006235091,0.2671232876712329,0.44662921348314605
Epidermis 2,galnt3,-4.4123154,-2.1465666,1.0227090317411184e-05,0.00011225988624417811,0.0821917808219178,0.2752808988764045
Epidermis 2,tmed4,-4.4154787,-1.6490674,1.0078671812402698e-05,0.00011067229742612443,0.13356164383561644,0.31741573033707865
Epidermis 2,slc9a2,-4.4306617,-6.436608,9.394443396500053e-06,0.00010350884844443763,0.003424657534246575,0.2050561797752809
Epidermis 2,apip,-4.4308724,-1.8092633,9.385260212704544e-06,0.00010348568135706017,0.11643835616438356,0.30337078651685395
Epidermis 2,zdhhc20,-4.431716,-1.2597246,9.34861316483754e-06,0.00010312049487598724,0.2054794520547945,0.38764044943820225
Epidermis 2,proser2,-4.433403,-28.173182,9.27572879127988e-06,0.00010239381733304464,0.0,0.20224719101123595
Epidermis 2,syt7,-4.4407835,-3.358211,8.963194415862151e-06,9.913096328795555e-05,0.04452054794520548,0.23876404494382023
Epidermis 2,tbc1d8b,-4.4553337,-1.5375441,8.376278543316424e-06,9.285058706851817e-05,0.14726027397260275,0.33707865168539325
Epidermis 2,cyp2k1.5,-4.48338,-1.5378634,7.346995575233543e-06,8.18133438703435e-05,0.1404109589041096,0.3398876404494382
Epidermis 2,ehbp1l1,-4.486543,-5.5542707,7.23881081515815e-06,8.063935935132922e-05,0.00684931506849315,0.21067415730337077
Epidermis 2,selenot,-4.4871755,-1.2805449,7.21735745441302e-06,8.043102392296873e-05,0.20205479452054795,0.3848314606741573
Epidermis 2,tgds,-4.493291,-2.9129148,7.013085922025009e-06,7.824408953691337e-05,0.03767123287671233,0.24157303370786518
Epidermis 2,cipc,-4.5004606,-3.784027,6.7806353377343425e-06,7.588237042776132e-05,0.02054794520547945,0.2247191011235955
Epidermis 2,aak1,-4.51712,-1.1520166,6.268648459497112e-06,7.034121424935128e-05,0.24315068493150685,0.41853932584269665
Epidermis 2,sema3a,-4.538207,-1.7326158,5.673455400172048e-06,6.380945548381267e-05,0.1404109589041096,0.32303370786516855
Epidermis 2,irf9,-4.5502267,-3.2412336,5.358812623093921e-06,6.034031270633991e-05,0.03424657534246575,0.23876404494382023
Epidermis 2,LOC100485083,-4.5508595,-4.4641304,5.342723984091431e-06,6.0182337101725095e-05,0.017123287671232876,0.22191011235955055
Epidermis 2,cc2d1a,-4.5525465,-2.5634747,5.300046724185617e-06,5.972462058391279e-05,0.05821917808219178,0.2612359550561798
Epidermis 2,tnfrsf11a,-4.558662,-3.477361,5.148061329257088e-06,5.8056705522960625e-05,0.0273972602739726,0.23314606741573032
Epidermis 2,dapk1,-4.576797,-1.9907355,4.7214957643308815e-06,5.345237904227575e-05,0.1095890410958904,0.30337078651685395
Epidermis 2,LOC116407945,-4.579749,-4.114676,4.655341129293343e-06,5.276474468800842e-05,0.017123287671232876,0.2247191011235955
Epidermis 2,zfp36,-4.593456,-2.1479394,4.3596530603596616e-06,4.9547829940658344e-05,0.07876712328767123,0.28370786516853935
Epidermis 2,ip6k2,-4.6151757,-1.1648532,3.92762700156584e-06,4.4777092387976245e-05,0.2465753424657534,0.42696629213483145
Epidermis 2,or51ao2,-4.617285,-6.625815,3.88794013323262e-06,4.435924201191363e-05,0.003424657534246575,0.21348314606741572
Epidermis 2,mbtps2,-4.63078,-1.2768255,3.6429001159978103e-06,4.164474512738834e-05,0.2089041095890411,0.4044943820224719
Epidermis 2,unc50,-4.645963,-1.2536093,3.384931405875013e-06,3.877152426533405e-05,0.2191780821917808,0.398876404494382
Epidermis 2,snx33,-4.6506023,-1.2173017,3.309666360222171e-06,3.793915975515854e-05,0.22602739726027396,0.4101123595505618
Epidermis 2,higd1a,-4.6520786,-3.0602465,3.2860568560366934e-06,3.769808789592173e-05,0.04452054794520548,0.25
Epidermis 2,LOC101734375,-4.6550307,-4.1585217,3.2393215057246215e-06,3.717652412007711e-05,0.017123287671232876,0.22752808988764045
Epidermis 2,ankrd22,-4.679703,-28.216545,2.8729067985094475e-06,3.316664242781582e-05,0.0,0.21348314606741572
Epidermis 2,gdpd2,-4.6805468,-5.7582335,2.8611111249134244e-06,3.304351611708586e-05,0.00684931506849315,0.21910112359550563
Epidermis 2,esyt3,-4.698049,-1.671258,2.6265834704076214e-06,3.0443164719859314e-05,0.1267123287671233,0.3342696629213483
Epidermis 2,rhobtb2,-4.6991034,-3.6336997,2.6130610168664313e-06,3.0310470866675657e-05,0.0273972602739726,0.23876404494382023
Epidermis 2,zw10,-4.6991034,-1.7515839,2.6130610168664313e-06,3.0310470866675657e-05,0.11986301369863013,0.3258426966292135
Epidermis 2,chst10,-4.702899,-3.9323843,2.5649312967545774e-06,2.979948598387641e-05,0.02054794520547945,0.23314606741573032
Epidermis 2,syt13,-4.7100687,-3.71979,2.4763312825517967e-06,2.8793015004085746e-05,0.023972602739726026,0.23595505617977527
Epidermis 2,ago3,-4.711334,-3.2189987,2.4610040870781205e-06,2.86261880100997e-05,0.0410958904109589,0.25
Epidermis 2,btn1a1l,-4.7391696,-2.642854,2.145960696859554e-06,2.5091430851960647e-05,0.06164383561643835,0.2696629213483146
Epidermis 2,il17rc,-4.7391696,-6.5664597,2.145960696859554e-06,2.5091430851960647e-05,0.003424657534246575,0.21910112359550563
Epidermis 2,ostc,-4.740856,-1.1547782,2.128167697713491e-06,2.4903310637255026e-05,0.2568493150684932,0.43258426966292135
Epidermis 2,cldn8.3,-4.7446523,-5.851286,2.0886500308734767e-06,2.446046837037764e-05,0.00684931506849315,0.22191011235955055
Epidermis 2,rabep1,-4.7509785,-1.2306588,2.0243486716905083e-06,2.3726437859737467e-05,0.2363013698630137,0.42134831460674155
Epidermis 2,slc38a4,-4.752665,-3.6600425,2.0075254366776892e-06,2.3548144478140266e-05,0.0273972602739726,0.24157303370786518
Epidermis 2,ppargc1b,-4.753298,-3.1424932,2.001251414392738e-06,2.3483974345288695e-05,0.04452054794520548,0.2556179775280899
Epidermis 2,irx1,-4.754352,-2.124729,1.990836545772846e-06,2.3380531566687853e-05,0.08904109589041095,0.29775280898876405
Epidermis 2,atp6v1b2,-4.756461,-1.672999,1.9701627916533593e-06,2.3147037203705527e-05,0.14383561643835616,0.3455056179775281
Epidermis 2,mpp1,-4.761522,-2.2094412,1.9213838362575918e-06,2.2592104150299946e-05,0.0821917808219178,0.29213483146067415
Epidermis 2,fam72a,-4.7640524,-2.0893667,1.8974315574254516e-06,2.2346422987551722e-05,0.08904109589041095,0.300561797752809
Epidermis 2,LOC101732343,-4.766372,-3.9156313,1.8757275208148637e-06,2.210862546812068e-05,0.023972602739726026,0.23876404494382023
Epidermis 2,pacsin1,-4.7752285,-2.017754,1.7950310738350575e-06,2.1183105902007497e-05,0.09246575342465753,0.3061797752808989
Epidermis 2,cmpk1,-4.7939963,-1.4212837,1.6349115168873567e-06,1.9332564138403852e-05,0.1917808219178082,0.38764044943820225
Epidermis 2,tbc1d13,-4.7973704,-1.8729649,1.6076212190449417e-06,1.9017553967585065e-05,0.10273972602739725,0.3202247191011236
Epidermis 2,zc3h12a,-4.7990575,-2.3102148,1.5941408072027863e-06,1.8896321952694505e-05,0.0684931506849315,0.28651685393258425
Epidermis 2,cyth3,-4.799479,-4.8194804,1.590787720877315e-06,1.887188144032662e-05,0.0136986301369863,0.2303370786516854
Epidermis 2,LOC116412278,-4.8243623,-3.8625436,1.4045195085096458e-06,1.6784754600672713e-05,0.023972602739726026,0.24157303370786518
Epidermis 2,mxd1,-4.8365927,-4.066869,1.3208355402362806e-06,1.5797603795681962e-05,0.02054794520547945,0.23876404494382023
Epidermis 2,cltb,-4.8389125,-1.8123022,1.3055149655225814e-06,1.5620756429468104e-05,0.11986301369863013,0.32865168539325845
Epidermis 2,rfx1,-4.8538847,-1.3722224,1.210662507118555e-06,1.4509584151530332e-05,0.1917808219178082,0.40168539325842695
Epidermis 2,igsf9,-4.854939,-1.8827775,1.2042387417421742e-06,1.4438516267377152e-05,0.10616438356164383,0.32303370786516855
Epidermis 2,LOC100486641,-4.864428,-28.373339,1.1478816951791636e-06,1.378542721108551e-05,0.0,0.22191011235955055
Epidermis 2,cfap97,-4.8855157,-2.1856952,1.0315857028061632e-06,1.2424508314267392e-05,0.0821917808219178,0.300561797752809
Epidermis 2,slc24a3,-4.8922634,-2.3568184,9.968287015319172e-07,1.2015793721434834e-05,0.0821917808219178,0.2949438202247191
Epidermis 2,bmp5,-4.8939505,-1.5237575,9.883172005485521e-07,1.1918110597869111e-05,0.2054794520547945,0.40168539325842695
Epidermis 2,lman1,-4.896059,-1.1409905,9.777761716815172e-07,1.1795862680322919e-05,0.2602739726027397,0.4606741573033708
Epidermis 2,cep55,-4.8988004,-1.211965,9.642345393473676e-07,1.1642106493045395e-05,0.25,0.4353932584269663
Epidermis 2,cptp,-4.8992224,-4.8174663,9.62167302562912e-07,1.1626751724355718e-05,0.010273972602739725,0.23314606741573032
Epidermis 2,ufsp2,-4.902807,-1.5392604,9.44767219778473e-07,1.1421211993939018e-05,0.16095890410958905,0.3707865168539326
Epidermis 2,pparg,-4.9040723,-2.8851936,9.386986547024462e-07,1.1352544632026152e-05,0.04794520547945205,0.26685393258426965
Epidermis 2,gtpbp1,-4.9125075,-1.6820898,8.99190179853092e-07,1.0901795166854306e-05,0.13356164383561644,0.34831460674157305
Epidermis 2,marveld3,-4.9125075,-1.2342229,8.99190179853092e-07,1.0901795166854306e-05,0.2328767123287671,0.44662921348314605
Epidermis 2,cntln,-4.931486,-1.804623,8.160644104155823e-07,9.93104861817564e-06,0.1780821917808219,0.3707865168539326
Epidermis 2,ganc,-4.9335947,-3.9074807,8.072988148890207e-07,9.8284679958438e-06,0.02054794520547945,0.2443820224719101
Epidermis 2,bak1,-4.941608,-1.5953193,7.748092957851345e-07,9.46445905770801e-06,0.17465753424657535,0.37640449438202245
Epidermis 2,mal,-4.952995,-3.2966561,7.307984077289348e-07,8.949295457195012e-06,0.0273972602739726,0.2556179775280899
Epidermis 2,sec23a,-4.953417,-2.143508,7.292155292975979e-07,8.933654290401544e-06,0.0958904109589041,0.31179775280898875
Epidermis 2,ttc29,-4.9559474,-3.727982,7.197873974148299e-07,8.829251117848466e-06,0.03424657534246575,0.2556179775280899
Epidermis 2,LOC100485511,-4.9572124,-5.715082,7.151174818836819e-07,8.775650341285434e-06,0.003424657534246575,0.2303370786516854
Epidermis 2,ccdc85c,-4.9654365,-1.1873046,6.854669627408959e-07,8.436583068580685e-06,0.2979452054794521,0.45786516853932585
Epidermis 2,LOC100486003,-4.973239,-1.8835884,6.584344231715788e-07,8.13469848847355e-06,0.1232876712328767,0.33146067415730335
Epidermis 2,atp8b4,-4.9736605,-1.2086245,6.570028583535051e-07,8.120444208258481e-06,0.2671232876712329,0.44662921348314605
Epidermis 2,emx1l,-4.974926,-2.011827,6.527261382213626e-07,8.070997354631409e-06,0.10273972602739725,0.3258426966292135
Epidermis 2,slc35a2,-4.9842043,-1.5125943,6.221731414189184e-07,7.699721886882474e-06,0.17123287671232876,0.38202247191011235
Epidermis 2,LOC108648384,-4.986313,-4.4869776,6.154240389711373e-07,7.625883884343075e-06,0.017123287671232876,0.24157303370786518
Epidermis 2,plaat1,-4.9875784,-28.434519,6.114085080114339e-07,7.579339311994158e-06,0.0,0.22752808988764045
Epidermis 2,chst6,-4.988422,-1.4734257,6.087455302311706e-07,7.549529314462176e-06,0.1952054794520548,0.38764044943820225
Epidermis 2,paqr5,-4.994748,-2.5907815,5.891265101679448e-07,7.315529744570602e-06,0.07191780821917808,0.29213483146067415
Epidermis 2,orai2,-4.9953804,-2.8793435,5.871984756449834e-07,7.297788538086102e-06,0.05136986301369863,0.27247191011235955
Epidermis 2,rundc1,-4.9989653,-1.9572915,5.763873137683707e-07,7.175629288229661e-06,0.10616438356164383,0.3258426966292135
Epidermis 2,atp7a,-5.00002,-3.799094,5.732442508375117e-07,7.14258426949331e-06,0.023972602739726026,0.25
Epidermis 2,vps4b,-5.000231,-1.1727109,5.726176240681579e-07,7.137819091316129e-06,0.2534246575342466,0.4606741573033708
Epidermis 2,dedd2,-5.009509,-1.1878641,5.456904339463048e-07,6.807971436058232e-06,0.273972602739726,0.45786516853932585
Epidermis 2,tmem87a,-5.011196,-1.1592927,5.409275669864172e-07,6.7514319857301294e-06,0.2773972602739726,0.46629213483146065
Epidermis 2,sec14l3,-5.0238485,-4.5531983,5.064619302974e-07,6.334783348105818e-06,0.0136986301369863,0.24157303370786518
Epidermis 2,lrfn4,-5.0268006,-5.3666115,4.987301095275527e-07,6.2514493274442085e-06,0.00684931506849315,0.23595505617977527
Epidermis 2,LOC101730595,-5.0327053,-1.7664673,4.83606540520394e-07,6.067082740751775e-06,0.14726027397260275,0.3539325842696629
Epidermis 2,cdkl5,-5.053371,-1.2297219,4.340800282335036e-07,5.464510467396014e-06,0.2773972602739726,0.46629213483146065
Epidermis 2,chmp3,-5.0571666,-1.3241469,4.2553168093096876e-07,5.36845773210753e-06,0.21575342465753425,0.42696629213483145
Epidermis 2,shf,-5.059275,-1.1404749,4.2085301761771603e-07,5.314019247509053e-06,0.3013698630136986,0.48314606741573035
Epidermis 2,gns,-5.066234,-2.8725743,4.057629472971426e-07,5.127910381514386e-06,0.05136986301369863,0.27808988764044945
Epidermis 2,pcyt2,-5.074669,-1.7839452,3.88171104088974e-07,4.914088152284452e-06,0.13356164383561644,0.351123595505618
Epidermis 2,rell1,-5.0906954,-1.1346116,3.5675275874711775e-07,4.539939003455376e-06,0.2910958904109589,0.4803370786516854
Epidermis 2,rell2,-5.104402,-1.9907277,3.318419166326922e-07,4.233989989127118e-06,0.09931506849315068,0.33146067415730335
Epidermis 2,clcn2,-5.1052456,-2.30667,3.303650782392188e-07,4.216987599131268e-06,0.07876712328767123,0.3089887640449438
Epidermis 2,grhl2,-5.1056676,-1.0807899,3.296290404155497e-07,4.209430528784156e-06,0.3082191780821918,0.5337078651685393
Epidermis 2,prr18,-5.108409,-2.6033394,3.248832391397176e-07,4.152453853648048e-06,0.05821917808219178,0.2893258426966292
Epidermis 2,pcsk7,-5.1086197,-1.6020356,3.245209224221557e-07,4.149637394279105e-06,0.16095890410958905,0.38202247191011235
Epidermis 2,cntrob,-5.109674,-3.0474606,3.22715182314505e-07,4.128353389162055e-06,0.05136986301369863,0.27808988764044945
Epidermis 2,ppp1r14c,-5.1098847,-2.718277,3.2235520016699137e-07,4.125553789877988e-06,0.06164383561643835,0.28651685393258425
Epidermis 2,tmf1,-5.1153674,-1.0053413,3.1313057449631463e-07,4.012766253003847e-06,0.3424657534246575,0.5280898876404494
Epidermis 2,LOC100494493,-5.116211,-4.077816,3.117342171691496e-07,3.9966240798558825e-06,0.023972602739726026,0.25280898876404495
Epidermis 2,fam177b,-5.116633,-3.96163,3.110382949338116e-07,3.989451688990894e-06,0.02054794520547945,0.25280898876404495
Epidermis 2,laptm4a,-5.139407,-1.5355946,2.7560664787495304e-07,3.55527710681057e-06,0.17465753424657535,0.39325842696629215
Epidermis 2,pkdcc.2,-5.1402507,-1.723048,2.743722335644975e-07,3.540916008531491e-06,0.1643835616438356,0.37640449438202245
Epidermis 2,mcf2l.2,-5.141305,-1.8885108,2.728367232158761e-07,3.5242113373059098e-06,0.1267123287671233,0.3455056179775281
Epidermis 2,cep70,-5.156277,-1.9389694,2.51908142937401e-07,3.263974701331192e-06,0.11986301369863013,0.34269662921348315
Epidermis 2,sh3bp1,-5.174834,-5.805312,2.2811385017479373e-07,2.9596076140521064e-06,0.00684931506849315,0.24157303370786518
Epidermis 2,spryd7,-5.179895,-1.5271128,2.220110206369271e-07,2.884268508550229e-06,0.1780821917808219,0.3960674157303371
Epidermis 2,rab11fip2,-5.1803164,-1.8796108,2.2150963424031264e-07,2.879034290119422e-06,0.1232876712328767,0.3455056179775281
Epidermis 2,XB5992952,-5.187697,-1.6276191,2.1291046870388435e-07,2.772198623912358e-06,0.1678082191780822,0.3792134831460674
Epidermis 2,arcn1,-5.2003493,-1.0377973,1.9891406377558084e-07,2.593424174051741e-06,0.3253424657534247,0.5196629213483146
Epidermis 2,ttc13,-5.201404,-1.8618251,1.977887052652947e-07,2.579902562967349e-06,0.1232876712328767,0.351123595505618
Epidermis 2,gmppb,-5.213213,-1.9043944,1.8559774000390977e-07,2.425215707668434e-06,0.1232876712328767,0.3455056179775281
Epidermis 2,map3k2,-5.2199607,-1.1819397,1.7896101489876298e-07,2.3416335839327397e-06,0.2671232876712329,0.48314606741573035
Epidermis 2,LOC116411777,-5.220804,-1.9885337,1.7814773485910492e-07,2.3320360222420493e-06,0.1232876712328767,0.3455056179775281
Epidermis 2,itln2,-5.220804,-3.9741051,1.7814773485910492e-07,2.3320360222420493e-06,0.023972602739726026,0.25842696629213485
Epidermis 2,LOC101732592,-5.230926,-6.8097687,1.6866283034600097e-07,2.211836336403748e-06,0.003424657534246575,0.24157303370786518
Epidermis 2,dmpk,-5.237252,-5.301489,1.6298472309707657e-07,2.13929341753509e-06,0.010273972602739725,0.24719101123595505
Epidermis 2,LOC100487727,-5.2520137,-1.1670836,1.5044539040072084e-07,1.9791490579673584e-06,0.3013698630136986,0.47191011235955055
Epidermis 2,sult6b1.5,-5.2954535,-28.621395,1.1872141756382686e-07,1.5767132016393561e-06,0.0,0.24157303370786518
Epidermis 2,rhobtb1,-5.309793,-1.9929556,1.0974989174833352e-07,1.4602180635846778e-06,0.11643835616438356,0.3455056179775281
Epidermis 2,clta,-5.3169627,-1.1348857,1.0551376451099078e-07,1.4051356949525154e-06,0.3013698630136986,0.5056179775280899
Epidermis 2,lpin2,-5.323289,-1.9026977,1.019077745092797e-07,1.3595920386493632e-06,0.1643835616438356,0.37640449438202245
Epidermis 2,grin1,-5.3319345,-3.8025026,9.717194793723098e-08,1.297593974487528e-06,0.023972602739726026,0.26685393258426965
Epidermis 2,zfyve27,-5.3372064,-1.5607672,9.438956306933243e-08,1.2615918235389374e-06,0.1815068493150685,0.4044943820224719
Epidermis 2,casz1,-5.3422675,-1.9019661,9.179112601211747e-08,1.2274228748674317e-06,0.16095890410958905,0.37640449438202245
Epidermis 2,ap1ar,-5.3435326,-2.0316043,9.115241736837137e-08,1.2199983113987472e-06,0.1095890410958904,0.34269662921348315
Epidermis 2,LOC116412007,-5.3553414,-6.01845,8.53949617441949e-08,1.1450367553874133e-06,0.00684931506849315,0.25
Epidermis 2,acbd3,-5.376007,-1.0535517,7.615577894252086e-08,1.0239694453858452e-06,0.3356164383561644,0.5365168539325843
Epidermis 2,cmtm4,-5.377272,-2.4263704,7.562273112603099e-08,1.0172701580971063e-06,0.10273972602739725,0.3258426966292135
Epidermis 2,kdelr3,-5.398149,-1.0828562,6.73320013842171e-08,9.082518377766727e-07,0.3253424657534247,0.5196629213483146
Epidermis 2,ttc39al,-5.3987813,-3.379689,6.709504476708219e-08,9.054733396059923e-07,0.03424657534246575,0.27808988764044945
Epidermis 2,zzef1,-5.4057403,-1.5646232,6.454126329395901e-08,8.714113936931714e-07,0.18835616438356165,0.40730337078651685
Epidermis 2,XB5967085,-5.412699,-1.3580475,6.208176409139981e-08,8.385915185562421e-07,0.2328767123287671,0.4606741573033708
Epidermis 2,kctd5,-5.429358,-1.8725297,5.6557099532229245e-08,7.675118739213525e-07,0.13356164383561644,0.36797752808988765
Epidermis 2,cstb,-5.433365,-3.6390657,5.5301219291298376e-08,7.511663295092672e-07,0.03424657534246575,0.2752808988764045
Epidermis 2,rpn1,-5.4447517,-1.1405231,5.187765230687492e-08,7.059756306248886e-07,0.3116438356164384,0.4943820224719101
Epidermis 2,lifr,-5.4565606,-1.3718826,4.8544517150725665e-08,6.615406903649706e-07,0.2328767123287671,0.4550561797752809
Epidermis 2,neurl1b,-5.460778,-3.344563,4.7405188467901444e-08,6.466173887565222e-07,0.04794520547945205,0.2893258426966292
Epidermis 2,scin,-5.475961,-4.3273716,4.3514320726812116e-08,5.954902196467439e-07,0.02054794520547945,0.26685393258426965
Epidermis 2,slmap,-5.478492,-1.2919872,4.2896692123050155e-08,5.878636696900512e-07,0.2602739726027397,0.47191011235955055
Epidermis 2,susd6,-5.492831,-1.286449,3.955412553986518e-08,5.433301896878754e-07,0.2534246575342466,0.4747191011235955
Epidermis 2,lrat,-5.498314,-3.1463594,3.834403238873922e-08,5.274514874142288e-07,0.04794520547945205,0.29213483146067415
Epidermis 2,vsig10,-5.4985247,-3.731961,3.8298214675775126e-08,5.270692623293703e-07,0.030821917808219176,0.27808988764044945
Epidermis 2,atp6v0d1,-5.5069594,-1.8432748,3.650841590670664e-08,5.036231738409352e-07,0.14726027397260275,0.3792134831460674
Epidermis 2,XB5899551,-5.521299,-4.059898,3.365027581645318e-08,4.65955098242891e-07,0.023972602739726026,0.27247191011235955
Epidermis 2,slc12a8,-5.5396447,-1.7902586,3.030855724253878e-08,4.210786296371915e-07,0.14383561643835616,0.3848314606741573
Epidermis 2,atp7b,-5.5419645,-4.691087,2.990969312381161e-08,4.1573477874566677e-07,0.017123287671232876,0.26685393258426965
Epidermis 2,sytl4,-5.545971,-1.4499174,2.9232709819402548e-08,4.070992571371872e-07,0.2328767123287671,0.4438202247191011
Epidermis 2,faah.2,-5.55293,-5.36157,2.809207022489979e-08,3.923360271113453e-07,0.010273972602739725,0.2612359550561798
Epidermis 2,rph3al,-5.5531406,-1.1458958,2.8058188477577408e-08,3.920501469350216e-07,0.3219178082191781,0.5224719101123596
Epidermis 2,polk,-5.590887,-3.3632197,2.259123797996021e-08,3.1794149128176065e-07,0.03767123287671233,0.2893258426966292
Epidermis 2,iqsec2,-5.611342,-1.0045834,2.0076369433987732e-08,2.8322990102552866e-07,0.3972602739726027,0.5898876404494382
Epidermis 2,arid1b,-5.6250486,-1.7075217,1.85455708449904e-08,2.6226685117073753e-07,0.18835616438356165,0.40730337078651685
Epidermis 2,trappc12,-5.640021,-2.4213202,1.7002976633722647e-08,2.4126893688366346e-07,0.08561643835616438,0.33146067415730335
Epidermis 2,fzd3,-5.644027,-1.1889329,1.661177631993882e-08,2.3583236212148213e-07,0.3321917808219178,0.5308988764044944
Epidermis 2,galnt6,-5.664693,-6.7603736,1.4728813026420828e-08,2.0971160914530308e-07,0.003424657534246575,0.2612359550561798
Epidermis 2,aadac,-5.6649036,-28.76843,1.4710711295848198e-08,2.095559463396387e-07,0.0,0.25842696629213485
Epidermis 2,mindy4b,-5.669332,-7.155263,1.4335528804835126e-08,2.0461027465533964e-07,0.003424657534246575,0.2612359550561798
Epidermis 2,dennd4c,-5.6902084,-1.0622165,1.2688432162558483e-08,1.815445719744234e-07,0.363013698630137,0.5533707865168539
Epidermis 2,cep43,-5.703915,-1.7730417,1.1708627195232326e-08,1.6777200075678238e-07,0.1815068493150685,0.41292134831460675
Epidermis 2,tbc1d16,-5.713826,-2.5197954,1.1046371911621275e-08,1.5836022430044215e-07,0.08561643835616438,0.33146067415730335
Epidermis 2,f11r,-5.7153025,-1.0307499,1.095090620429213e-08,1.5714577283144983e-07,0.3664383561643836,0.5758426966292135
Epidermis 2,cpeb3,-5.7275333,-1.233303,1.019015431566564e-08,1.4658877992186136e-07,0.2979452054794521,0.5028089887640449
Epidermis 2,nek6,-5.7340703,-2.6183898,9.804871628299188e-09,1.4111580628597417e-07,0.08904109589041095,0.3342696629213483
Epidermis 2,dnaja4,-5.758953,-2.0719063,8.463712804368266e-09,1.2241602621696624e-07,0.1232876712328767,0.3707865168539326
Epidermis 2,spast,-5.762538,-2.5272493,8.285832229654185e-09,1.200808933589596e-07,0.07876712328767123,0.3342696629213483
Epidermis 2,c-answer,-5.7680206,-1.2429171,8.020789644713986e-09,1.1647079091139321e-07,0.2910958904109589,0.5028089887640449
Epidermis 2,kit,-5.7703404,-3.5704637,7.91115458326146e-09,1.1499301821149464e-07,0.05136986301369863,0.30337078651685395
Epidermis 2,XB13580952,-5.7726603,-6.5441046,7.802977201115557e-09,1.1347702814219345e-07,0.003424657534246575,0.26685393258426965
Epidermis 2,fam241a,-5.781306,-3.965842,7.412299003054334e-09,1.0806429534078865e-07,0.0273972602739726,0.28651685393258425
Epidermis 2,tep1,-5.804502,-1.1926563,6.455761784381825e-09,9.463810066161742e-08,0.3184931506849315,0.5337078651685393
Epidermis 2,LOC100489443,-5.8205285,-2.444688,5.866190604893123e-09,8.629824739387562e-08,0.09246575342465753,0.34269662921348315
Epidermis 2,rhbdl2,-5.8264327,-1.774552,5.662466465066064e-09,8.338516737548923e-08,0.1643835616438356,0.4044943820224719
Epidermis 2,mocos,-5.8333917,-1.4536976,5.431190092376157e-09,8.010046296177974e-08,0.25,0.4691011235955056
Epidermis 2,dennd11,-5.853846,-2.0906239,4.80332529905796e-09,7.105566893560891e-08,0.11643835616438356,0.3707865168539326
Epidermis 2,ackr3,-5.8557444,-4.373063,4.748787544710431e-09,7.032006520741166e-08,0.017123287671232876,0.28370786516853935
Epidermis 2,tnk2l,-5.8584857,-1.173252,4.671073196774953e-09,6.923942221852366e-08,0.3356164383561644,0.5308988764044944
Epidermis 2,myo1e,-5.8757772,-2.5147188,4.208641976841366e-09,6.263890714106416e-08,0.08904109589041095,0.3455056179775281
Epidermis 2,LOC116411481,-5.9101496,-6.939749,3.4179735298135206e-09,5.1262588122103136e-08,0.003424657534246575,0.27247191011235955
Epidermis 2,usp32,-5.9107823,-1.0324321,3.4048712400662135e-09,5.109229528664039e-08,0.4178082191780822,0.6151685393258427
Epidermis 2,slc17a5,-5.918795,-2.0995562,3.2430824846068176e-09,4.873961136634544e-08,0.13013698630136986,0.37640449438202245
Epidermis 2,thtpa,-5.922169,-3.6324308,3.1772227827115926e-09,4.7798970232343064e-08,0.03424657534246575,0.300561797752809
Epidermis 2,wdr20,-5.967718,-1.1260439,2.4059478038825832e-09,3.647731341042105e-08,0.3458904109589041,0.5561797752808989
Epidermis 2,rflna,-5.972779,-28.80324,2.3324588680652868e-09,3.5381476477642134e-08,0.0,0.27247191011235955
Epidermis 2,LOC100495624,-5.9904923,-3.4865773,2.092067939693601e-09,3.1817501532353614e-08,0.04452054794520548,0.3089887640449438
Epidermis 2,cep135,-6.004621,-1.120066,1.9177957369631145e-09,2.922788695889927e-08,0.3664383561643836,0.5814606741573034
Epidermis 2,ugdh,-6.012845,-1.0249177,1.8229546541999598e-09,2.7840536832246093e-08,0.410958904109589,0.5955056179775281
Epidermis 2,stxbp5,-6.014743,-3.8579051,1.8017260573206646e-09,2.7545112124236584e-08,0.030821917808219176,0.300561797752809
Epidermis 2,selenom,-6.018749,-1.887446,1.7576981626390036e-09,2.6914235197538354e-08,0.1643835616438356,0.40730337078651685
Epidermis 2,prss8,-6.02128,-4.117176,1.7304331136291153e-09,2.6510634352459473e-08,0.02054794520547945,0.2949438202247191
Epidermis 2,serp1,-6.0351973,-1.1735626,1.5876842742442652e-09,2.4374789401488505e-08,0.3219178082191781,0.5224719101123596
Epidermis 2,tmco4,-6.037728,-1.8688743,1.562992937506305e-09,2.400832714463836e-08,0.1404109589041096,0.4044943820224719
Epidermis 2,ift52,-6.0554414,-3.7917578,1.4003322843622483e-09,2.1532410838607513e-08,0.030821917808219176,0.30337078651685395
Epidermis 2,igf2r,-6.05755,-1.671254,1.3821035515988168e-09,2.126329942988685e-08,0.1952054794520548,0.43258426966292135
Epidermis 2,zfhx2,-6.0600805,-1.6677119,1.3605342267074531e-09,2.094248340225675e-08,0.2089041095890411,0.43820224719101125
Epidermis 2,LOC116409572,-6.0841203,-6.6600356,1.1713278753822047e-09,1.806811879962914e-08,0.003424657534246575,0.2808988764044944
Epidermis 2,glb1l2,-6.0900245,-5.9725757,1.1289337647068247e-09,1.7441787989505914e-08,0.00684931506849315,0.28370786516853935
Epidermis 2,tgoln2,-6.101201,-1.2551504,1.0527452812059857e-09,1.630778872015483e-08,0.3047945205479452,0.5308988764044944
Epidermis 2,gnpnat1,-6.103099,-1.6023203,1.0403155485627631e-09,1.6140904352461852e-08,0.20205479452054795,0.449438202247191
Epidermis 2,irak2,-6.1267166,-3.6660824,8.971109660467794e-10,1.3941228414945988e-08,0.030821917808219176,0.3089887640449438
Epidermis 2,sh3bgrl2,-6.1351514,-5.7241254,8.507809801490142e-10,1.326356204305911e-08,0.00684931506849315,0.28651685393258425
Epidermis 2,LOC100498522,-6.1418996,-3.7435048,8.15404913040569e-10,1.2732425754855165e-08,0.030821917808219176,0.3089887640449438
Epidermis 2,nt5c3a,-6.146328,-4.2741942,7.929734650772702e-10,1.2395405004103576e-08,0.023972602739726026,0.300561797752809
Epidermis 2,slc35c1,-6.1537085,-2.6480024,7.569183770194865e-10,1.1857170996064635e-08,0.0821917808219178,0.34831460674157305
Epidermis 2,psph,-6.157504,-28.731443,7.390035723166849e-10,1.1582741781441831e-08,0.0,0.2808988764044944
Epidermis 2,prtg,-6.167626,-1.1250099,6.93228832113942e-10,1.0882799136156089e-08,0.3972602739726027,0.6151685393258427
Epidermis 2,ildr1,-6.1735306,-2.7420917,6.678169207949628e-10,1.0489498340546778e-08,0.06506849315068493,0.34269662921348315
Epidermis 2,LOC100495391,-6.175639,-3.7571511,6.589633524186077e-10,1.0355998792767913e-08,0.0273972602739726,0.3089887640449438
Epidermis 2,LOC100495331,-6.177959,-3.072763,6.493566773463866e-10,1.0210513736155046e-08,0.06506849315068493,0.3342696629213483
Epidermis 2,tmc5,-6.1946177,-4.642989,5.842664248160371e-10,9.236718152405399e-09,0.017123287671232876,0.29775280898876405
Epidermis 2,otx1,-6.197992,-4.243516,5.718814077543e-10,9.05071219819488e-09,0.023972602739726026,0.30337078651685395
Epidermis 2,hcfc2,-6.200944,-2.2785628,5.612549451488054e-10,8.89698660609801e-09,0.11643835616438356,0.37640449438202245
Epidermis 2,scamp1,-6.208957,-1.7977933,5.33373594740415e-10,8.468790628928338e-09,0.1678082191780822,0.43258426966292135
Epidermis 2,tmem65,-6.216127,-4.7737594,5.095761257048331e-10,8.099738842021737e-09,0.017123287671232876,0.29775280898876405
Epidermis 2,gpr160,-6.219501,-3.9585176,4.987389829970234e-10,7.936112799121389e-09,0.0273972602739726,0.3089887640449438
Epidermis 2,arl1,-6.2363706,-1.5303744,4.478391323860642e-10,7.149527951270913e-09,0.22945205479452055,0.47191011235955055
Epidermis 2,reps2,-6.2599883,-1.6605386,3.8500579256929615e-10,6.186973239468442e-09,0.22945205479452055,0.46629213483146065
Epidermis 2,gclm,-6.260832,-1.991546,3.8292883447624363e-10,6.1569817164879414e-09,0.14383561643835616,0.4101123595505618
Epidermis 2,pdia4,-6.2633624,-1.3030024,3.7676337253263417e-10,6.0611833475516945e-09,0.3082191780821918,0.5393258426966292
Epidermis 2,LOC101732938,-6.2817087,-7.004388,3.3487231850843035e-10,5.40510918957478e-09,0.003424657534246575,0.2893258426966292
Epidermis 2,ovol2,-6.3017416,-1.0133219,2.943198079881417e-10,4.77693631721342e-09,0.4452054794520548,0.6432584269662921
Epidermis 2,atp12al,-6.3087,-3.9093251,2.813884155419171e-10,4.577220241906388e-09,0.03767123287671233,0.31741573033707865
Epidermis 2,tm9sf1,-6.319033,-3.0294554,2.632049228744797e-10,4.290988901586122e-09,0.05821917808219178,0.33707865168539325
Epidermis 2,grb7,-6.348977,-3.9175396,2.1675127231373855e-10,3.551489036436598e-09,0.03424657534246575,0.31741573033707865
Epidermis 2,ern2,-6.372595,-4.0546584,1.8585629470609562e-10,3.0486898712423576e-09,0.0273972602739726,0.3146067415730337
Epidermis 2,tmt1a,-6.3751254,-4.9205203,1.8281328300402793e-10,3.0021433008374947e-09,0.0136986301369863,0.30337078651685395
Epidermis 2,mxi1,-6.375969,-2.0926054,1.8180980498380843e-10,2.9873425573252974e-09,0.136986301369863,0.40730337078651685
Epidermis 2,tlcd4.2,-6.387145,-2.9657984,1.690111423065753e-10,2.780171469197244e-09,0.06506849315068493,0.3455056179775281
Epidermis 2,MGC89056,-6.3915734,-1.3925195,1.6418727647876992e-10,2.702341373170565e-09,0.273972602739726,0.5224719101123596
Epidermis 2,plekhg3,-6.3949475,-1.3869305,1.6060250477524925e-10,2.646320077274696e-09,0.2910958904109589,0.5393258426966292
Epidermis 2,LOC101732803,-6.40043,-4.101181,1.549397393869029e-10,2.555893635450654e-09,0.023972602739726026,0.3146067415730337
Epidermis 2,mid1ip1,-6.4016953,-4.300814,1.5366092088093572e-10,2.536229462603406e-09,0.02054794520547945,0.31179775280898875
Epidermis 2,ncmap,-6.4038043,-28.86918,1.5155244144358467e-10,2.504256311948798e-09,0.0,0.29213483146067415
Epidermis 2,hacl1,-6.406335,-1.9583871,1.4905956483259028e-10,2.4658518051055158e-09,0.1541095890410959,0.4157303370786517
Epidermis 2,zdhhc13,-6.4185653,-1.9431344,1.3756455817567897e-10,2.28085626774434e-09,0.1506849315068493,0.42696629213483145
Epidermis 2,prdm2,-6.422572,-1.0460706,1.3399089089060746e-10,2.2241270480541434e-09,0.4349315068493151,0.6544943820224719
Epidermis 2,fmn1,-6.427,-1.1234392,1.3014658007762873e-10,2.165233171456554e-09,0.4143835616438356,0.6460674157303371
Epidermis 2,csrnp2,-6.4333267,-1.2056723,1.2484109410395244e-10,2.08051882654084e-09,0.3493150684931507,0.5758426966292135
Epidermis 2,fam219b,-6.437544,-2.1956992,1.2142216874529624e-10,2.025851264037531e-09,0.11986301369863013,0.398876404494382
Epidermis 2,use1,-6.4611616,-1.6031467,1.0390216607516296e-10,1.7404952530332885e-09,0.22602739726027396,0.47752808988764045
Epidermis 2,socs5,-6.4645357,-2.9018939,1.0161027272615437e-10,1.7040561572336308e-09,0.07534246575342465,0.35674157303370785
Epidermis 2,sms,-6.4746575,-4.9308553,9.502713247447634e-11,1.5954842672954728e-09,0.017123287671232876,0.3089887640449438
Epidermis 2,lrrk2,-6.4896297,-1.3279121,8.604760847111982e-11,1.448047002429075e-09,0.3047945205479452,0.5646067415730337
Epidermis 2,gan,-6.494058,-1.4402152,8.355453821969963e-11,1.4069024808179954e-09,0.2671232876712329,0.5308988764044944
Epidermis 2,mapk13,-6.5138803,-2.0082092,7.323394526271339e-11,1.2366848376512853e-09,0.15753424657534246,0.42696629213483145
Epidermis 2,LOC101734574,-6.5161996,-6.8777957,7.211093911066551e-11,1.2191294743457857e-09,0.003424657534246575,0.300561797752809
Epidermis 2,atosa,-6.5282197,-4.223914,6.655610066738674e-11,1.1265207751061852e-09,0.0273972602739726,0.3202247191011236
Epidermis 2,copz1,-6.5337024,-1.9847841,6.416345201314919e-11,1.0872822410413704e-09,0.1506849315068493,0.42696629213483145
Epidermis 2,vapa,-6.5429807,-1.6717572,6.030462904881651e-11,1.0254593436451166e-09,0.19863013698630136,0.47191011235955055
Epidermis 2,MGC147226,-6.550572,-5.257349,5.731707144677903e-11,9.75792262935817e-10,0.010273972602739725,0.3089887640449438
Epidermis 2,fxyd3,-6.572503,-1.0466937,4.947640830922447e-11,8.477402645292734e-10,0.4554794520547945,0.6741573033707865
Epidermis 2,slc3a2,-6.5851555,-2.805849,4.5441000510525957e-11,7.808852944874687e-10,0.07876712328767123,0.3651685393258427
Epidermis 2,ptprh,-6.5864205,-4.8854356,4.5055634618571844e-11,7.74718385609102e-10,0.017123287671232876,0.3146067415730337
Epidermis 2,atp2b1,-6.587686,-1.2426727,4.4673466792903175e-11,7.685992394487068e-10,0.3561643835616438,0.5926966292134831
Epidermis 2,XB5896658,-6.5935903,-7.2061625,4.293154599375064e-11,7.399363331033755e-10,0.003424657534246575,0.30337078651685395
Epidermis 2,tsc22d2,-6.593801,-1.4166623,4.287057971031412e-11,7.393214840779894e-10,0.2979452054794521,0.5365168539325843
Epidermis 2,aftph,-6.605821,-1.0295537,3.953204585870572e-11,6.857930163179982e-10,0.4589041095890411,0.6769662921348315
Epidermis 2,muc16,-6.615943,-3.8180907,3.691909345253992e-11,6.419881146408058e-10,0.0547945205479452,0.34269662921348315
Epidermis 2,hycc2,-6.6250105,-1.4077803,3.4722366320617305e-11,6.045083322918192e-10,0.2910958904109589,0.5252808988764045
Epidermis 2,pdcd6,-6.6309147,-1.1315228,3.3361257522883383e-11,5.828947511365237e-10,0.4075342465753425,0.6264044943820225
Epidermis 2,XB5892783,-6.632391,-5.9465194,3.302922389903879e-11,5.774385429382793e-10,0.00684931506849315,0.3089887640449438
Epidermis 2,micu1,-6.635765,-1.1449106,3.228238737390693e-11,5.650577636686667e-10,0.3972602739726027,0.5870786516853933
Epidermis 2,kcnma1,-6.646941,-2.7037227,2.9924637053166064e-11,5.244167060558137e-10,0.09246575342465753,0.3792134831460674
Epidermis 2,mgat2l,-6.6770964,-3.3014174,2.437230348824534e-11,4.2994979074526227e-10,0.05136986301369863,0.34831460674157305
Epidermis 2,krt222,-6.699027,-6.0427117,2.098118267737076e-11,3.710229587672261e-10,0.00684931506849315,0.31179775280898875
Epidermis 2,sppl2a,-6.7083054,-1.2593385,1.968974749086419e-11,3.492421170542786e-10,0.3424657534246575,0.6067415730337079
Epidermis 2,fam169a,-6.715475,-3.3554475,1.874543998440549e-11,3.3330167651104437e-10,0.04794520547945205,0.34831460674157305
Epidermis 2,snx31,-6.7234883,-6.271393,1.7742471341932393e-11,3.1604520401951604e-10,0.00684931506849315,0.31179775280898875
Epidermis 2,mtss1,-6.727706,-1.2446889,1.723589767560205e-11,3.0758395906930616e-10,0.363013698630137,0.6067415730337079
Epidermis 2,tbcd,-6.74078,-2.9038954,1.5753865791490938e-11,2.819970918255184e-10,0.0684931506849315,0.36797752808988765
Epidermis 2,per2,-6.7481604,-1.906492,1.497312571454847e-11,2.681859300012049e-10,0.1815068493150685,0.45786516853932585
Epidermis 2,hhla2,-6.758704,-6.876277,1.3923133568190277e-11,2.499920868131265e-10,0.003424657534246575,0.31179775280898875
Epidermis 2,XB5721655,-6.7627106,-6.0226817,1.354334350448591e-11,2.4347200121748315e-10,0.00684931506849315,0.3146067415730337
Epidermis 2,btnl10.2,-6.764609,-6.9210997,1.3367002871471904e-11,2.404497605759971e-10,0.003424657534246575,0.31179775280898875
Epidermis 2,bcat1,-6.766928,-4.3209963,1.3154527395773969e-11,2.3677339304548577e-10,0.02054794520547945,0.32865168539325845
Epidermis 2,bok,-6.7749414,-4.685648,1.2445666438184648e-11,2.2442891773878805e-10,0.02054794520547945,0.3258426966292135
Epidermis 2,cyp2k1.4,-6.781689,-2.0792453,1.1877863829334542e-11,2.1432212197239384e-10,0.1506849315068493,0.43820224719101125
Epidermis 2,LOC101734060,-6.7829547,-4.6530704,1.1774262605572522e-11,2.127153709663105e-10,0.02054794520547945,0.3258426966292135
Epidermis 2,flii,-6.8088923,-1.6904216,9.835323780131308e-12,1.7834761130087982e-10,0.21575342465753425,0.4803370786516854
Epidermis 2,tbc1d23,-6.822177,-1.0895914,8.967103232070168e-12,1.6310976638247857e-10,0.4315068493150685,0.6432584269662921
Epidermis 2,copg1,-6.8251295,-1.4872153,8.784615132428e-12,1.5988984118057462e-10,0.2705479452054795,0.5337078651685393
Epidermis 2,stim2,-6.833986,-1.2469596,8.258709133284058e-12,1.5050519119390667e-10,0.3664383561643836,0.6067415730337079
Epidermis 2,tll2l,-6.871732,-2.5581,6.342688218865534e-12,1.1609462700416934e-10,0.1404109589041096,0.41292134831460675
Epidermis 2,selenow2,-6.8803782,-2.3405585,5.969388768086838e-12,1.0960502706026781e-10,0.10616438356164383,0.4157303370786517
Epidermis 2,naalad2,-6.895772,-1.8411303,5.35730953165624e-12,9.867644292365694e-11,0.1952054794520548,0.4803370786516854
Epidermis 2,tnik,-6.918546,-1.6130496,4.563018634753005e-12,8.431200866780347e-11,0.24315068493150685,0.5308988764044944
Epidermis 2,ift46,-6.937525,-2.380881,3.990291606487527e-12,7.377622640685445e-11,0.13356164383561644,0.4241573033707865
Epidermis 2,txndc11,-6.947225,-1.8057688,3.725412342464359e-12,6.914128773496868e-11,0.1952054794520548,0.4859550561797753
Epidermis 2,srpk3,-6.9499664,-1.2830601,3.653732783738735e-12,6.785404256764101e-11,0.4041095890410959,0.6264044943820225
Epidermis 2,entpd6,-6.957347,-2.7151413,3.4674030997488846e-12,6.443462174746322e-11,0.09246575342465753,0.3904494382022472
Epidermis 2,axl,-6.969156,-2.8552763,3.1884830747752172e-12,5.932689290818229e-11,0.07876712328767123,0.3848314606741573
Epidermis 2,oca2,-6.9782233,-5.112551,2.9893601671527518e-12,5.5728308065077856e-11,0.017123287671232876,0.33146067415730335
Epidermis 2,mon2,-6.9832845,-1.1980277,2.8835787533398025e-12,5.3859354976917426e-11,0.386986301369863,0.6123595505617978
Epidermis 2,ppp1r1a,-6.985393,-4.709058,2.8405945519407623e-12,5.3124388578234435e-11,0.023972602739726026,0.33707865168539325
Epidermis 2,cxadr,-6.998678,-1.3797206,2.5838867919710247e-12,4.844746299942593e-11,0.3253424657534247,0.5646067415730337
Epidermis 2,vamp8,-7.00395,-2.4764123,2.4884499468273366e-12,4.671797071015406e-11,0.0958904109589041,0.41292134831460675
Epidermis 2,lonrf2,-7.0393767,-2.0574684,1.931016542821076e-12,3.63695519092802e-11,0.17465753424657535,0.4550561797752809
Epidermis 2,synj2,-7.0583553,-2.66028,1.6848479257690789e-12,3.185626760553425e-11,0.08904109589041095,0.40168539325842695
Epidermis 2,rint1,-7.074382,-1.9732963,1.5011656393904747e-12,2.847538793317519e-11,0.1643835616438356,0.47191011235955055
Epidermis 2,ryr1,-7.08598,-1.8161472,1.3806401120149492e-12,2.6206163061239597e-11,0.2226027397260274,0.49157303370786515
Epidermis 2,LOC100038305,-7.114026,-3.7336879,1.127059832735685e-12,2.1518671437424432e-11,0.04452054794520548,0.3595505617977528
Epidermis 2,eef2k,-7.118876,-3.2566586,1.0881075108845737e-12,2.0802139078264862e-11,0.05821917808219178,0.37359550561797755
Epidermis 2,nans,-7.122461,-4.662381,1.0601688013586902e-12,2.0307859916458633e-11,0.02054794520547945,0.34269662921348315
Epidermis 2,slc9a7,-7.1249914,-1.7244893,1.0408724536800399e-12,1.9951306684276228e-11,0.2226027397260274,0.5056179775280899
Epidermis 2,plcxd2,-7.158731,-4.503784,8.142724558496234e-13,1.5669518207334e-11,0.02054794520547945,0.3455056179775281
Epidermis 2,mroh1,-7.168853,-1.9261814,7.562871154698913e-13,1.4572860034476197e-11,0.18493150684931506,0.47752808988764045
Epidermis 2,kdelr1,-7.172649,-1.193403,7.356043520739566e-13,1.4183674680391704e-11,0.3972602739726027,0.6264044943820225
Epidermis 2,sfmbt2,-7.1798186,-3.9088788,6.980406898371316e-13,1.3468268913946661e-11,0.03767123287671233,0.3595505617977528
Epidermis 2,scfd1,-7.1865664,-1.4661713,6.644100342781417e-13,1.283633160078279e-11,0.2945205479452055,0.5617977528089888
Epidermis 2,usp54,-7.212293,-2.599614,5.501746165982404e-13,1.0678721260148184e-11,0.10616438356164383,0.4157303370786517
Epidermis 2,rcn1,-7.2245235,-1.6653221,5.028616095160642e-13,9.805969117921329e-12,0.23972602739726026,0.5168539325842697
Epidermis 2,LOC100493583,-7.233802,-5.058087,4.696563359947757e-13,9.176821094561022e-12,0.0136986301369863,0.34269662921348315
Epidermis 2,vmp1,-7.2445564,-1.3924356,4.338563475927902e-13,8.48865789590686e-12,0.3321917808219178,0.5758426966292135
Epidermis 2,LOC105948358,-7.2548895,-6.124416,4.0199031109825684e-13,7.896894343893244e-12,0.00684931506849315,0.33707865168539325
Epidermis 2,gchfr,-7.2561545,-3.2048283,3.9824989851160146e-13,7.828677056753614e-12,0.0547945205479452,0.38202247191011235
Epidermis 2,slc25a13,-7.2763987,-3.4164827,3.4284999495872453e-13,6.7806821398095236e-12,0.0547945205479452,0.37640449438202245
Epidermis 2,slc2a11.3,-7.2801943,-1.997533,3.3334006054582893e-13,6.6015334077338245e-12,0.17465753424657535,0.4887640449438202
Epidermis 2,nucb1,-7.299173,-1.4284813,2.895423274390171e-13,5.757559029503339e-12,0.3150684931506849,0.5814606741573034
Epidermis 2,stpg1,-7.3141446,-2.447621,2.590257387519333e-13,5.161268827169572e-12,0.13356164383561644,0.4353932584269663
Epidermis 2,XB5919979,-7.3181515,-5.5987253,2.514101653342616e-13,5.012940343032606e-12,0.010273972602739725,0.34269662921348315
Epidermis 2,tbc1d9,-7.321947,-4.8431673,2.443984986224406e-13,4.876459053401065e-12,0.02054794520547945,0.351123595505618
Epidermis 2,arid4b,-7.3276405,-3.1662161,2.342397247707736e-13,4.676954504627379e-12,0.07191780821917808,0.3904494382022472
Epidermis 2,pck2,-7.3312254,-2.7083,2.2805749330875676e-13,4.556629246007018e-12,0.0958904109589041,0.41292134831460675
Epidermis 2,sptssb,-7.3396606,-5.0528717,2.1413638118915026e-13,4.287274355164419e-12,0.0136986301369863,0.34831460674157305
Epidermis 2,dyrk3,-7.344089,-1.4597893,2.071655351455435e-13,4.1505522671962864e-12,0.3047945205479452,0.5926966292134831
Epidermis 2,epha7,-7.3586392,-3.68832,1.8579461791537968e-13,3.735187397719714e-12,0.04794520547945205,0.37359550561797755
Epidermis 2,ufl1,-7.372135,-1.509518,1.6791687220055683e-13,3.3874244936469818e-12,0.2910958904109589,0.5674157303370787
Epidermis 2,abcd1,-7.3731894,-5.577538,1.6659361103299303e-13,3.3630509973103722e-12,0.010273972602739725,0.3455056179775281
Epidermis 2,scaper,-7.3790936,-1.7325618,1.5937052422425166e-13,3.219460811056738e-12,0.2636986301369863,0.5308988764044944
Epidermis 2,XB5899797,-7.38542,-4.169969,1.519728869358096e-13,3.0763985166347993e-12,0.030821917808219176,0.36235955056179775
Epidermis 2,bicdl2,-7.3995485,-6.4298115,1.3664828424728256e-13,2.7719403170245085e-12,0.00684931506849315,0.34269662921348315
Epidermis 2,ganab,-7.410514,-3.0710373,1.2581089417622163e-13,2.5574257633276317e-12,0.06164383561643835,0.398876404494382
Epidermis 2,uba5,-7.424432,-1.8522843,1.1326526748629089e-13,2.307217445220745e-12,0.2089041095890411,0.5168539325842697
Epidermis 2,znf608,-7.4261184,-1.2798741,1.1183075436200485e-13,2.2811757018532894e-12,0.410958904109589,0.6825842696629213
Epidermis 2,sned1,-7.428438,-3.2605374,1.0988741479691633e-13,2.2430998756485063e-12,0.06506849315068493,0.3904494382022472
Epidermis 2,peak1,-7.455008,-2.4644718,8.98622178876214e-14,1.8394695315637684e-12,0.11301369863013698,0.4353932584269663
Epidermis 2,atp12a,-7.4628105,-8.22661,8.46960851573845e-14,1.734934313409605e-12,0.003424657534246575,0.34269662921348315
Epidermis 2,ergic1,-7.467028,-1.6836498,8.202630688900431e-14,1.68260419415613e-12,0.2636986301369863,0.5337078651685393
Epidermis 2,tmem181,-7.467239,-2.7773712,8.189501186093927e-14,1.681090654288705e-12,0.09246575342465753,0.41292134831460675
Epidermis 2,wwtr1,-7.507094,-1.0201175,6.045433286614592e-14,1.2524029794545085e-12,0.5445205479452054,0.7696629213483146
Epidermis 2,mfsd1,-7.5146856,-1.0461007,5.704794459487707e-14,1.1843526054352638e-12,0.5068493150684932,0.7191011235955056
Epidermis 2,tlcd4,-7.541466,-1.6004008,4.647160347355707e-14,9.68219131244153e-13,0.2705479452054795,0.5702247191011236
Epidermis 2,rnd1,-7.564873,-1.5990149,3.882428678099068e-14,8.11783066448597e-13,0.2773972602739726,0.5617977528089888
Epidermis 2,ces2.2,-7.57373,-29.186127,3.626578314834224e-14,7.604627741816298e-13,0.0,0.3455056179775281
Epidermis 2,ano10l,-7.580056,-7.399662,3.454053710795203e-14,7.258479081254823e-13,0.003424657534246575,0.34831460674157305
Epidermis 2,rgs12,-7.5906,-2.180024,3.184279029476439e-14,6.706027399900995e-13,0.1780821917808219,0.4803370786516854
Epidermis 2,kank1,-7.599035,-1.9324635,2.983475855244125e-14,6.301299329815102e-13,0.1917808219178082,0.5168539325842697
Epidermis 2,agr2,-7.630666,-3.2578015,2.3354439284689023e-14,4.939751191973552e-13,0.0684931506849315,0.4044943820224719
Epidermis 2,pm20d1,-7.6365705,-6.2823787,2.230845517129876e-14,4.725351109508942e-13,0.00684931506849315,0.3539325842696629
Epidermis 2,ankib1,-7.641631,-1.2830843,2.1448678339208e-14,4.5465287638389344e-13,0.4383561643835616,0.6769662921348315
Epidermis 2,triqk,-7.6544943,-2.5377007,1.9407412672387216e-14,4.134825654712469e-13,0.11986301369863013,0.44662921348314605
Epidermis 2,mfsd6l,-7.656814,-5.9820137,1.906022181417727e-14,4.0638172417958846e-13,0.00684931506849315,0.35674157303370785
Epidermis 2,LOC100488748,-7.6905537,-6.2513294,1.464994503708112e-14,3.137234750028705e-13,0.00684931506849315,0.35674157303370785
Epidermis 2,ghr,-7.703628,-3.9626608,1.3225649445614882e-14,2.8363826775111413e-13,0.04794520547945205,0.38764044943820225
Epidermis 2,tmem184a,-7.717124,-3.8718534,1.1898397612791007e-14,2.5554890567192796e-13,0.03424657534246575,0.3848314606741573
Epidermis 2,prkca,-7.728511,-3.271601,1.0881172483364907e-14,2.3404529276029405e-13,0.06164383561643835,0.4044943820224719
Epidermis 2,atp6v1c1,-7.741796,-2.2763927,9.802210524254102e-15,2.1130414147084931e-13,0.1404109589041096,0.4747191011235955
Epidermis 2,nt5c2,-7.750442,-2.7785714,9.157330756855605e-15,1.9754829177390863e-13,0.0958904109589041,0.43258426966292135
Epidermis 2,slc35f2,-7.7696314,-3.8101475,7.871485728249875e-15,1.7031191659694457e-13,0.04452054794520548,0.3904494382022472
Epidermis 2,LOC100495090,-7.769842,-2.1451557,7.85839266193344e-15,1.7015457474146398e-13,0.1678082191780822,0.48314606741573035
Epidermis 2,ttc22,-7.7772226,-5.884995,7.413396049384746e-15,1.6075740350116135e-13,0.010273972602739725,0.36235955056179775
Epidermis 2,rtn3,-7.800419,-1.2087398,6.170200740745603e-15,1.34497492805917e-13,0.4417808219178082,0.6882022471910112
Epidermis 2,cdhr4,-7.803582,-4.3980722,6.0174270877490905e-15,1.3126523224029378e-13,0.03767123287671233,0.38202247191011235
Epidermis 2,copb2,-7.819608,-1.0351965,5.2987920313516665e-15,1.1576157688224257e-13,0.5068493150684932,0.6910112359550562
Epidermis 2,pik3r6,-7.830574,-6.441822,4.85648337243679e-15,1.0617790984270741e-13,0.00684931506849315,0.36235955056179775
Epidermis 2,mpzl2,-7.8398523,-4.2061024,4.510769131791325e-15,9.891544823060181e-14,0.03424657534246575,0.3848314606741573
Epidermis 2,eipr1,-7.858831,-2.9198864,3.877354224856172e-15,8.521724913291036e-14,0.08904109589041095,0.4297752808988764
Epidermis 2,LOC100498095,-7.8837137,-5.4041924,3.1779141621716817e-15,7.016133600788552e-14,0.010273972602739725,0.3707865168539326
Epidermis 2,LOC100488554,-7.8860335,-1.7545493,3.1194285904202145e-15,6.892215958168805e-14,0.2705479452054795,0.5758426966292135
Epidermis 2,slc66a2,-7.8946795,-1.6014389,2.910626169028528e-15,6.435742325784637e-14,0.2979452054794521,0.5842696629213483
Epidermis 2,amd1,-7.9469757,-1.6783518,1.911195167630444e-15,4.2580903921498105e-14,0.273972602739726,0.5786516853932584
Epidermis 2,srgap3,-7.9562545,-1.4621311,1.7732565331898515e-15,3.9598213691117306e-14,0.3698630136986301,0.6292134831460674
Epidermis 2,bspry,-7.958785,-6.6444817,1.737370364264406e-15,3.8885967165247205e-14,0.00684931506849315,0.36797752808988765
Epidermis 2,atp2c1,-7.961315,-1.2997267,1.7021996972917494e-15,3.812796885175105e-14,0.3972602739726027,0.648876404494382
Epidermis 2,pmm1,-7.9625807,-3.8087356,1.68487827731043e-15,3.7768924021519315e-14,0.0410958904109589,0.398876404494382
Epidermis 2,atp6v0a2,-8.001803,-2.2029362,1.2261041137201018e-15,2.7590646149462888e-14,0.15753424657534246,0.5
Epidermis 2,st6gal2,-8.009395,-2.1674628,1.152746038228401e-15,2.5999937842171597e-14,0.1780821917808219,0.5112359550561798
Epidermis 2,tet2,-8.017829,-1.5797577,1.076301420148121e-15,2.4294491746988202e-14,0.3150684931506849,0.601123595505618
Epidermis 2,LOC116408023,-8.041025,-4.0544877,8.908972445859404e-16,2.0156205384281443e-14,0.03424657534246575,0.3960674157303371
Epidermis 2,rapgef3,-8.041025,-4.708368,8.908972445859404e-16,2.0156205384281443e-14,0.0273972602739726,0.38764044943820225
Epidermis 2,XB5993342,-8.048617,-4.3007536,8.373488589272387e-16,1.9018294091143836e-14,0.030821917808219176,0.39325842696629215
Epidermis 2,dym,-8.05663,-2.1855328,7.842650482843902e-16,1.7854245814954055e-14,0.17465753424657535,0.5056179775280899
Epidermis 2,ap1b1,-8.058528,-1.8560828,7.721864887612508e-16,1.76066952051327e-14,0.2226027397260274,0.547752808988764
Epidermis 2,dennd3,-8.07097,-1.0475569,6.974213202641924e-16,1.5914381430634355e-14,0.5582191780821918,0.7808988764044944
Epidermis 2,amot,-8.087628,-3.600492,6.083762592486311e-16,1.391505980758743e-14,0.05136986301369863,0.41292134831460675
Epidermis 2,sun1,-8.111457,-2.0846786,5.001627433842925e-16,1.1484883858496664e-14,0.1917808219178082,0.5112359550561798
Epidermis 2,XB5947713,-8.112722,-3.917747,4.949804332709752e-16,1.137482157621374e-14,0.03767123287671233,0.4044943820224719
Epidermis 2,wwc1,-8.122422,-1.5362635,4.569688216805896e-16,1.0534428727559395e-14,0.3287671232876712,0.6235955056179775
Epidermis 2,LOC105945488,-8.125796,-5.412318,4.444337697979755e-16,1.0261645754316447e-14,0.0136986301369863,0.38202247191011235
Epidermis 2,endod1,-8.132966,-1.8209572,4.189111176507291e-16,9.695321361875266e-15,0.23972602739726026,0.5617977528089888
Epidermis 2,lrrc31,-8.138449,-5.955026,4.0037360274948986e-16,9.288349826960586e-15,0.00684931506849315,0.3792134831460674
Epidermis 2,dgka,-8.141401,-1.1927195,3.907291937604434e-16,9.071807039564354e-15,0.4794520547945205,0.6797752808988764
Epidermis 2,far1,-8.205085,-1.6162876,2.3042777931260843e-16,5.4014710642236224e-15,0.2979452054794521,0.6123595505617978
Epidermis 2,LOC100493548,-8.212888,-2.36742,2.1593215007038074e-16,5.069809380487791e-15,0.14726027397260275,0.49719101123595505
Epidermis 2,hid1,-8.214574,-4.9828587,2.1291820384723792e-16,5.003064322072839e-15,0.017123287671232876,0.3904494382022472
Epidermis 2,slc35b1,-8.218581,-2.8231494,2.0592528899937738e-16,4.85435655059742e-15,0.09931506849315068,0.4550561797752809
Epidermis 2,rnf225,-8.219003,-7.2799873,2.0520249692088432e-16,4.84122210451523e-15,0.00684931506849315,0.3792134831460674
Epidermis 2,gak,-8.226594,-1.5981956,1.9261177559540686e-16,4.555206158923412e-15,0.3116438356164384,0.6179775280898876
Epidermis 2,stoml3,-8.23524,-5.797248,1.7919815825308934e-16,4.248289832843516e-15,0.010273972602739725,0.3848314606741573
Epidermis 2,ggt6,-8.2434635,-4.051519,1.6729530959144537e-16,3.969325645022353e-15,0.0410958904109589,0.40730337078651685
Epidermis 2,fnbp1,-8.254851,-4.208219,1.5209168428001165e-16,3.6233023823871395e-15,0.03767123287671233,0.4044943820224719
Epidermis 2,ccdc125,-8.272986,-1.0967585,1.30644765872223e-16,3.1353671192208137e-15,0.5136986301369864,0.7387640449438202
Epidermis 2,ptafr,-8.2997675,-5.450178,1.0431561914434332e-16,2.5158827254193893e-15,0.017123287671232876,0.3904494382022472
Epidermis 2,lmx1b,-8.315161,-2.037266,9.162784100390709e-17,2.21536263059157e-15,0.3082191780821918,0.5842696629213483
Epidermis 2,LOC116408821,-8.331609,-1.6395482,7.975091821315338e-17,1.933000904053637e-15,0.363013698630137,0.6657303370786517
Epidermis 2,LOC116411451,-8.34869,-3.8594537,6.90243474496355e-17,1.6771826270160394e-15,0.04452054794520548,0.41853932584269665
Epidermis 2,pfkfb2,-8.364506,-1.079345,6.036766321077511e-17,1.4754240495937854e-15,0.541095890410959,0.7556179775280899
Epidermis 2,rhov,-8.372097,-2.8458993,5.660193464143737e-17,1.3868660113192422e-15,0.0958904109589041,0.46348314606741575
Epidermis 2,npdc1,-8.3872795,-3.092433,4.9752052262626054e-17,1.2231305632370246e-15,0.0821917808219178,0.44662921348314605
Epidermis 2,atp6v0c,-8.393606,-2.4451115,4.714547973368317e-17,1.161002121394518e-15,0.14383561643835616,0.49157303370786515
Epidermis 2,ggt1,-8.419122,-3.2176087,3.7931773596135024e-17,9.372643059920734e-16,0.07191780821917808,0.44662921348314605
Epidermis 2,ptger4,-8.421441,-3.3523946,3.718811272036494e-17,9.196664322580268e-16,0.07191780821917808,0.43820224719101125
Epidermis 2,slc37a4,-8.428822,-4.0330157,3.491630715622696e-17,8.649479444776867e-16,0.03767123287671233,0.41853932584269665
Epidermis 2,epn3,-8.433672,-5.4790854,3.3498530685548324e-17,8.305305771579839e-16,0.0136986301369863,0.3960674157303371
Epidermis 2,liph,-8.445903,-1.6733487,3.017055204124097e-17,7.518460415324082e-16,0.3013698630136986,0.601123595505618
Epidermis 2,cd38,-8.449698,-7.812416,2.9205683413789527e-17,7.290446898962269e-16,0.003424657534246575,0.38764044943820225
Epidermis 2,gcm1,-8.463615,-6.808403,2.5921271057468204e-17,6.481648197441001e-16,0.00684931506849315,0.3904494382022472
Epidermis 2,rasef2,-8.482173,-1.3977339,2.2102718081556655e-17,5.541033895728839e-16,0.4075342465753425,0.6797752808988764
Epidermis 2,tmprss4,-8.491873,-5.404932,2.0333336945926326e-17,5.101834955076158e-16,0.017123287671232876,0.398876404494382
Epidermis 2,rab11fip3,-8.503893,-2.9904482,1.8333707208993207e-17,4.611984470103962e-16,0.09246575342465753,0.46348314606741575
Epidermis 2,sema4g,-8.512116,-5.031441,1.707865299663011e-17,4.2999664577475863e-16,0.02054794520547945,0.4044943820224719
Epidermis 2,pick1,-8.560407,-1.4975404,1.1247002332659532e-17,2.858792392921485e-16,0.3595890410958904,0.6432584269662921
Epidermis 2,ttc39c,-8.582971,-3.9724212,9.245432090894883e-18,2.3520733285374093e-16,0.04794520547945205,0.42696629213483145
Epidermis 2,hspa5,-8.603214,-1.5645058,7.751422583794202e-18,1.9771538703916955e-16,0.3424657534246575,0.6432584269662921
Epidermis 2,sh3tc2,-8.620084,-6.704582,6.6905064616524e-18,1.7110253226645782e-16,0.00684931506849315,0.398876404494382
Epidermis 2,abhd17a,-8.627254,-3.3647199,6.284272472317197e-18,1.6085426325595795e-16,0.06506849315068493,0.449438202247191
Epidermis 2,creb3l4,-8.641171,-5.684171,5.563964239472227e-18,1.4266687603860762e-16,0.0136986301369863,0.4044943820224719
Epidermis 2,casp3.2,-8.6428585,-1.4342303,5.4823924139389584e-18,1.406986941631692e-16,0.410958904109589,0.6713483146067416
Epidermis 2,LOC116409729,-8.646865,-1.8023491,5.293360495703917e-18,1.3608638579588497e-16,0.3595890410958904,0.6207865168539326
Epidermis 2,tnk2,-8.665632,-1.8495885,4.490128632662443e-18,1.15537808152602e-16,0.2602739726027397,0.5786516853932584
Epidermis 2,tp53i13,-8.666476,-1.3460823,4.457003544969063e-18,1.1478649394096097e-16,0.4246575342465753,0.702247191011236
Epidermis 2,tet3,-8.68208,-1.3635297,3.8859353592878064e-18,1.0034432551885324e-16,0.4417808219178082,0.7528089887640449
Epidermis 2,mcf2l,-8.683767,-4.512368,3.828703701938422e-18,9.895387967406012e-17,0.030821917808219176,0.42134831460674155
Epidermis 2,eif1,-8.685033,-1.5955938,3.7863268109408755e-18,9.794523806248915e-17,0.3424657534246575,0.6376404494382022
Epidermis 2,mgat1,-8.696209,-3.0875864,3.4315547341449162e-18,8.892533371789898e-17,0.08561643835616438,0.46348314606741575
Epidermis 2,kalrn,-8.698107,-3.1571565,3.374660218794452e-18,8.760629916126166e-17,0.0821917808219178,0.46348314606741575
Epidermis 2,slc19a3,-8.698529,-8.199134,3.3621440259929315e-18,8.735896179893277e-17,0.003424657534246575,0.398876404494382
Epidermis 2,enc1,-8.700638,-2.351566,3.3002472458393785e-18,8.582698153303459e-17,0.1643835616438356,0.5224719101123596
Epidermis 2,clcn5,-8.720881,-2.8875465,2.7604443266207654e-18,7.204513224236749e-17,0.10273972602739725,0.4803370786516854
Epidermis 2,lrrfip1,-8.736064,-2.846509,2.413726212013918e-18,6.316529176667756e-17,0.1095890410958904,0.4887640449438202
Epidermis 2,XB5957062,-8.743656,-29.511034,2.2568642045998273e-18,5.91662758427422e-17,0.0,0.398876404494382
Epidermis 2,LOC100487973,-8.748295,-3.2583861,2.166005021922569e-18,5.688633674377234e-17,0.07534246575342465,0.45786516853932585
Epidermis 2,tat,-8.767274,-6.7550526,1.8304466245941396e-18,4.820341016532549e-17,0.00684931506849315,0.4044943820224719
Epidermis 2,hyou1,-8.799326,-1.5278583,1.3763990353301261e-18,3.650954646255437e-17,0.3664383561643836,0.6348314606741573
Epidermis 2,hsp90b1,-8.800591,-1.4154142,1.3609681821569039e-18,3.613302537023475e-17,0.4143835616438356,0.6966292134831461
Epidermis 2,dnajc3,-8.812822,-2.8984046,1.2203399043662117e-18,3.242886885866248e-17,0.11643835616438356,0.4859550561797753
Epidermis 2,slc35a3.2,-8.8170395,-2.3474958,1.175255863308467e-18,3.1287708688861387e-17,0.1678082191780822,0.5280898876404494
Epidermis 2,ddr1,-8.828427,-1.9230505,1.061582278427388e-18,2.8313058011597605e-17,0.2465753424657534,0.601123595505618
Epidermis 2,c1galt1c1,-8.856684,-3.4662883,8.242985096013765e-19,2.2105568563447554e-17,0.06164383561643835,0.45786516853932585
Epidermis 2,syngr2,-8.898647,-1.5414243,5.653121818489459e-19,1.521605928879055e-17,0.3527397260273973,0.6376404494382022
Epidermis 2,dock6,-8.907715,-3.5182781,5.209498360793612e-19,1.404786407604779e-17,0.0684931506849315,0.45786516853932585
Epidermis 2,LOC100487454,-8.9296465,-2.8059542,4.2737374571263582e-19,1.1545805878859574e-17,0.11986301369863013,0.5056179775280899
Epidermis 2,krt12.4,-8.93302,-2.8557463,4.145344067699408e-19,1.1219680781751981e-17,0.11643835616438356,0.4943820224719101
Epidermis 2,arhgef18,-8.935972,-1.7721478,4.0361307445904585e-19,1.0934211102421102e-17,0.2876712328767123,0.6179775280898876
Epidermis 2,chmp4c,-8.955794,-4.47533,3.372980264534521e-19,9.163158560651355e-18,0.0273972602739726,0.43258426966292135
Epidermis 2,dock5,-9.039722,-2.0522342,1.5707071431950588e-19,4.2990019197317194e-18,0.2328767123287671,0.5674157303370787
Epidermis 2,tram1,-9.049422,-1.0193647,1.4372682076200345e-19,3.9411620053415786e-18,0.5958904109589042,0.7921348314606742
Epidermis 2,wipf3,-9.074306,-6.7901177,1.1440499094642798e-19,3.1459758140687073e-18,0.00684931506849315,0.41853932584269665
Epidermis 2,nipal2,-9.083162,-2.83101,1.05465516407072e-19,2.9056197079124616e-18,0.11643835616438356,0.5084269662921348
Epidermis 2,LOC116406441,-9.092651,-2.386583,9.665286422545942e-20,2.6678563495509013e-18,0.1815068493150685,0.547752808988764
Epidermis 2,rffl,-9.1124735,-1.8100209,8.05248576286666e-20,2.2268894165974957e-18,0.2842465753424658,0.6376404494382022
Epidermis 2,rps6ka6,-9.12133,-1.626159,7.420793125727196e-20,2.059992439298496e-18,0.3458904109589041,0.6713483146067416
Epidermis 2,plch1,-9.1285,-1.6907448,6.945508379280573e-20,1.9298874090755743e-18,0.3664383561643836,0.6601123595505618
Epidermis 2,LOC116412462,-9.131241,-6.7892113,6.771844536541221e-20,1.8852170252155852e-18,0.00684931506849315,0.42134831460674155
Epidermis 2,capn5,-9.138621,-2.431464,6.325334090442809e-20,1.7642732900547113e-18,0.1678082191780822,0.5421348314606742
Epidermis 2,msantd3,-9.149376,-1.1606493,5.726323839532256e-20,1.6002502117912749e-18,0.5547945205479452,0.7584269662921348
Epidermis 2,tcaf2,-9.150641,-3.955414,5.659647679853008e-20,1.5831307304285482e-18,0.05136986301369863,0.4550561797752809
Epidermis 2,atp9a,-9.1523285,-3.4799805,5.571938524783539e-20,1.5600894158807243e-18,0.0684931506849315,0.47191011235955055
Epidermis 2,tamalin,-9.164137,-3.5653706,4.9944829145889627e-20,1.4037858661187499e-18,0.0684931506849315,0.47191011235955055
Epidermis 2,vps53,-9.20357,-2.2450821,3.462484580389234e-20,9.835946236089184e-19,0.1952054794520548,0.5702247191011236
Epidermis 2,stk10,-9.246799,-1.4287782,2.313146166486285e-20,6.603083553960996e-19,0.4520547945205479,0.7584269662921348
Epidermis 2,slc26a11,-9.260717,-4.456395,2.0306324048393076e-20,5.807966323469452e-19,0.03424657534246575,0.449438202247191
Epidermis 2,tmem30b,-9.326088,-3.2579942,1.098505380035587e-20,3.1729654904960714e-19,0.07534246575342465,0.49157303370786515
Epidermis 2,adcy9,-9.339584,-2.6004097,9.671331223968128e-21,2.796267883361151e-19,0.16095890410958905,0.5393258426966292
Epidermis 2,XB5872520,-9.340849,-4.661479,9.556445267564023e-21,2.7657866496649893e-19,0.030821917808219176,0.449438202247191
Epidermis 2,abo.4,-9.371215,-1.769439,7.170227110229127e-21,2.0813595696038493e-19,0.3150684931506849,0.6460674157303371
Epidermis 2,abca3,-9.380072,-2.7543771,6.5927854306934154e-21,1.9156432497475072e-19,0.13013698630136986,0.5224719101123596
Epidermis 2,pygm,-9.398207,-2.0657172,5.5500827667037534e-21,1.6142733269006707e-19,0.2363013698630137,0.6067415730337079
Epidermis 2,rxra,-9.473489,-1.4420352,2.7065011344638173e-21,7.959128235564571e-20,0.4554794520547945,0.75
Epidermis 2,rbm47,-9.487195,-5.4414873,2.3733359026773917e-21,6.99344574306077e-20,0.0136986301369863,0.44662921348314605
Epidermis 2,epb41l5,-9.5032215,-1.1748548,2.0349482209052423e-21,6.008441560129408e-20,0.5547945205479452,0.797752808988764
Epidermis 2,gadd45a,-9.520303,-2.5042424,1.7267556149784643e-21,5.108784755206021e-20,0.1678082191780822,0.5646067415730337
Epidermis 2,cog1,-9.536962,-2.338762,1.4707831730547316e-21,4.3647170488896303e-20,0.1780821917808219,0.5730337078651685
Epidermis 2,c3h5orf15,-9.551301,-2.8092523,1.2807769174126905e-21,3.804714438301865e-20,0.11986301369863013,0.5280898876404494
Epidermis 2,KIAA0319L,-9.557627,-1.1024746,1.2048740435813824e-21,3.5828762124035996e-20,0.6027397260273972,0.7696629213483146
Epidermis 2,slc19a3.2,-9.567538,-7.1930327,1.0948144178339633e-21,3.2655632905821e-20,0.003424657534246575,0.4410112359550562
Epidermis 2,slc9a1,-9.569225,-1.7289733,1.0770980953025219e-21,3.21600147331849e-20,0.3321917808219178,0.6713483146067416
Epidermis 2,XB5774338,-9.577027,-5.7051654,9.987805202115917e-22,2.9882654438387965e-20,0.0136986301369863,0.449438202247191
Epidermis 2,slc2a9,-9.595584,-3.7147546,8.344289003835237e-22,2.5016606345754646e-20,0.0684931506849315,0.4887640449438202
Epidermis 2,slc1a5,-9.610346,-1.3934816,7.23059379558209e-22,2.1744597452537045e-20,0.4589041095890411,0.7106741573033708
Epidermis 2,XB5786944,-9.663275,-1.7912217,4.318344819230902e-22,1.3040241468072157e-20,0.3253424657534247,0.7050561797752809
Epidermis 2,tmbim6,-9.668968,-1.5836331,4.084749000795078e-22,1.2347600624843942e-20,0.3767123287671233,0.7134831460674157
Epidermis 2,nbeal1,-9.68879,-2.4744942,3.364899607135296e-22,1.0182130477864579e-20,0.17465753424657535,0.5674157303370787
Epidermis 2,slc38a10,-9.7297,-1.2240001,2.2525655956474536e-22,6.844568079664315e-21,0.541095890410959,0.7640449438202247
Epidermis 2,mcu,-9.753739,-1.238827,1.7779568003726437e-22,5.424995326899034e-21,0.5513698630136986,0.7584269662921348
Epidermis 2,lrig3,-9.770187,-1.7417539,1.5117191896211876e-22,4.6222869907758304e-21,0.3493150684931507,0.6853932584269663
Epidermis 2,tmem63a,-9.783895,-3.6771266,1.3203037612556324e-22,4.053970508956238e-21,0.06506849315068493,0.49719101123595505
Epidermis 2,astl2c,-9.814471,-4.9972515,9.754827526206799e-23,3.0110175651378133e-21,0.03424657534246575,0.4691011235955056
Epidermis 2,map7d2,-9.816158,-1.9893925,9.593017635762852e-23,2.9642018870082866e-21,0.2945205479452055,0.6320224719101124
Epidermis 2,cat1,-9.836823,-3.7903473,7.81389554819267e-23,2.422141895749946e-21,0.05821917808219178,0.4943820224719101
Epidermis 2,LOC116411534,-9.851584,-5.408339,6.747161787850698e-23,2.0981519810708912e-21,0.02054794520547945,0.46348314606741575
Epidermis 2,slc2a12,-9.854326,-7.786688,6.565566054494148e-23,2.043855818305841e-21,0.003424657534246575,0.45224719101123595
Epidermis 2,fam83g,-9.860441,-2.450274,6.177720523749544e-23,1.9272246385242573e-21,0.1952054794520548,0.5786516853932584
Epidermis 2,styk1,-9.921173,-3.7332969,3.367749364007252e-23,1.0619491009632791e-21,0.06164383561643835,0.5028089887640449
Epidermis 2,b4galt6,-9.946478,-1.9207218,2.6126706976305815e-23,8.31022602420452e-22,0.2876712328767123,0.6713483146067416
Epidermis 2,abo,-9.992237,-5.058791,1.6481901610840724e-23,5.300137139565294e-22,0.023972602739726026,0.4747191011235955
Epidermis 2,errfi1,-10.00974,-5.4130306,1.3811532724942274e-23,4.446309615449203e-22,0.02054794520547945,0.47191011235955055
Epidermis 2,abcb1l,-10.033358,-3.7387214,1.0875415951916739e-23,3.5126992672981016e-22,0.07534246575342465,0.5084269662921348
Epidermis 2,tmem150a,-10.0611925,-2.7268424,8.19986671667354e-24,2.660269744673521e-22,0.14726027397260275,0.5674157303370787
Epidermis 2,tef,-10.0611925,-1.9207982,8.19986671667354e-24,2.660269744673521e-22,0.3116438356164384,0.6573033707865169
Epidermis 2,man2a1,-10.064145,-1.2307152,7.957562630806881e-24,2.587402817142558e-22,0.5753424657534246,0.8286516853932584
Epidermis 2,znf238.2,-10.07026,-3.2592065,7.477978300254713e-24,2.4368872206772077e-22,0.09246575342465753,0.5308988764044944
Epidermis 2,XB5842389,-10.108429,-4.591152,5.069080136645856e-24,1.6611466532992713e-22,0.0410958904109589,0.4887640449438202
Epidermis 2,LOC100487889,-10.178861,-8.107785,2.4643063779906335e-24,8.167136024381429e-23,0.003424657534246575,0.46629213483146065
Epidermis 2,XB990108,-10.181391,-8.635065,2.4010491179850086e-24,7.966522902136185e-23,0.003424657534246575,0.46629213483146065
Epidermis 2,shank2,-10.18603,-2.1896157,2.2892269530697485e-24,7.612786469303961e-23,0.2842465753424658,0.6460674157303371
Epidermis 2,ap3d1,-10.192988,-1.3458987,2.131096883458912e-24,7.111197831094458e-23,0.5171232876712328,0.7949438202247191
Epidermis 2,slc6a7l,-10.2029,-2.4616544,1.9243927278343964e-24,6.43614689099854e-23,0.18835616438356165,0.5955056179775281
Epidermis 2,gnptab,-10.20543,-2.40537,1.8748817094705727e-24,6.277739662031422e-23,0.2054794520547945,0.6067415730337079
Epidermis 2,foxo1,-10.210491,-3.1629193,1.779614500670181e-24,5.965586177647943e-23,0.10273972602739725,0.547752808988764
Epidermis 2,fam3a,-10.226939,-1.6307273,1.5019103703503175e-24,5.046246211001165e-23,0.4041095890410959,0.7471910112359551
Epidermis 2,sel1l,-10.2457075,-2.481374,1.237168454726915e-24,4.161527169174045e-23,0.1815068493150685,0.598314606741573
Epidermis 2,nr3c2,-10.250979,-2.239948,1.1715089686336127e-24,3.945204914991836e-23,0.2465753424657534,0.6292134831460674
Epidermis 2,sema3f,-10.257094,-1.0946201,1.099659162983396e-24,3.7075129173203743e-23,0.6541095890410958,0.851123595505618
Epidermis 2,ccdc68,-10.261734,-6.5572248,1.0480807856550504e-24,3.5376962408178726e-23,0.010273972602739725,0.4747191011235955
Epidermis 2,anks6,-10.27291,-2.4502337,9.334585613788503e-25,3.158093426813099e-23,0.1917808219178082,0.6095505617977528
Epidermis 2,itpka,-10.296528,-3.927144,7.305071334677196e-25,2.4829597695808038e-23,0.06164383561643835,0.5140449438202247
Epidermis 2,micu2,-10.306649,-2.725703,6.575377887841703e-25,2.240150012115394e-23,0.1506849315068493,0.5870786516853933
Epidermis 2,cgnl1,-10.341022,-2.6862895,4.5960979628149925e-25,1.5824327391171385e-23,0.16095890410958905,0.5870786516853933
Epidermis 2,stx3,-10.455948,-1.54507,1.376156533407373e-25,4.80602528411361e-24,0.4554794520547945,0.7584269662921348
Epidermis 2,trpv6,-10.4597435,-6.816216,1.3221283430048107e-25,4.622862870140386e-24,0.00684931506849315,0.48314606741573035
Epidermis 2,slc22a5,-10.467124,-5.0272694,1.2230205737053279e-25,4.291730418965239e-24,0.030821917808219176,0.49719101123595505
Epidermis 2,hpgd,-10.47577,-5.64253,1.1162538377331185e-25,3.921780760910671e-24,0.02054794520547945,0.49157303370786515
Epidermis 2,XB5727854,-10.480831,-2.2165425,1.0580985068530272e-25,3.721934711651124e-24,0.25,0.651685393258427
Epidermis 2,dgkk,-10.501286,-5.6700225,8.521147650016146e-26,3.0118702171417406e-24,0.017123287671232876,0.49157303370786515
Epidermis 2,LOC101734002,-10.515625,-2.519708,7.319377377260366e-26,2.5965135936249728e-24,0.25,0.6207865168539326
Epidermis 2,cnfn,-10.534182,-5.35632,6.010352714286731e-26,2.1399344724886167e-24,0.023972602739726026,0.49719101123595505
Epidermis 2,b4galt1l,-10.557167,-5.804839,4.70651121478582e-26,1.685980751463288e-24,0.0136986301369863,0.4943820224719101
Epidermis 2,nipal4,-10.583527,-1.8020949,3.553277185963028e-26,1.2759931870133324e-24,0.3527397260273973,0.7050561797752809
Epidermis 2,acer3,-10.6122055,-2.6975946,2.6150323936412674e-26,9.472120433522663e-25,0.1678082191780822,0.598314606741573
Epidermis 2,cracr2a,-10.6512165,-3.3402586,1.7210067922747057e-26,6.249285657761729e-25,0.1095890410958904,0.5561797752808989
Epidermis 2,adap1,-10.672726,-6.095605,1.3656040101854818e-26,4.971104710053776e-25,0.0136986301369863,0.49719101123595505
Epidermis 2,rhof,-10.698452,-2.9617867,1.0349221858608843e-26,3.7814763018624387e-25,0.13013698630136986,0.5926966292134831
Epidermis 2,traf4,-10.704779,-2.2154706,9.666144274996419e-27,3.54074014163434e-25,0.2671232876712329,0.6629213483146067
Epidermis 2,slc35d1,-10.706255,-1.6086197,9.513305146281283e-27,3.493510335815932e-25,0.4417808219178082,0.7275280898876404
Epidermis 2,crybg2,-10.715744,-1.4147435,8.586406393329798e-27,3.1610736181791354e-25,0.547945205479452,0.7780898876404494
Epidermis 2,slc13a3,-10.718274,-5.3854923,8.354739112953653e-27,3.079664300261642e-25,0.02054794520547945,0.5056179775280899
Epidermis 2,sipa1l3,-10.732614,-1.7422376,7.15433108803504e-27,2.647193063725978e-25,0.3938356164383562,0.7584269662921348
Epidermis 2,wasl,-10.789128,-1.5442864,3.874483707715638e-27,1.4445795058703546e-25,0.4657534246575342,0.7780898876404494
Epidermis 2,sh2d4a,-10.809372,-3.132293,3.1079095276796484e-27,1.1662041515225134e-25,0.13013698630136986,0.5758426966292135
Epidermis 2,elovl1,-10.811902,-1.253119,3.0233454427622984e-27,1.1359307279869505e-25,0.5958904109589042,0.8398876404494382
Epidermis 2,pip5k1b,-10.846274,-3.309822,2.0771991856630877e-27,7.8651048440567e-26,0.11301369863013698,0.5702247191011236
Epidermis 2,kif13b,-10.849859,-2.5895152,1.9973208320025503e-27,7.572462417674e-26,0.18835616438356165,0.6179775280898876
Epidermis 2,ugt3a2,-10.851968,-4.260143,1.9517645027791386e-27,7.409354309186624e-26,0.04794520547945205,0.5337078651685393
Epidermis 2,mpc2,-10.937583,-4.8745375,7.620452554412295e-28,2.9232736039110995e-26,0.030821917808219176,0.5224719101123596
Epidermis 2,ahnak2,-10.942644,-5.386666,7.20671390066938e-28,2.7681925628182215e-26,0.0273972602739726,0.5168539325842697
Epidermis 2,aadacl4,-11.019402,-6.1760836,3.0809988798840107e-28,1.1960249436638713e-26,0.0136986301369863,0.5112359550561798
Epidermis 2,clic1,-11.030367,-1.8965542,2.72749201724175e-28,1.0602037121807659e-26,0.3527397260273973,0.7191011235955056
Epidermis 2,LOC105945774,-11.030789,-3.9405968,2.7147307308676847e-28,1.058057253253244e-26,0.0684931506849315,0.547752808988764
Epidermis 2,clcn3,-11.048502,-1.1392747,2.2290249667244643e-28,8.699149372806785e-27,0.6472602739726028,0.8651685393258427
Epidermis 2,ap1g1,-11.053985,-1.0940106,2.0969526984699464e-28,8.194655658953878e-27,0.6746575342465754,0.8876404494382022
Epidermis 2,kif16b,-11.06495,-3.2052574,1.855654748351949e-28,7.26139811901952e-27,0.13013698630136986,0.5814606741573034
Epidermis 2,flrt2,-11.085405,-3.50578,1.4768035205583684e-28,5.833573474248874e-27,0.10616438356164383,0.5702247191011236
Epidermis 2,smoc1,-11.131165,-3.8958807,8.847190306946686e-29,3.508985344129696e-27,0.08904109589041095,0.5589887640449438
Epidermis 2,ranbp9,-11.145082,-1.3715042,7.567428360380912e-29,3.005482315248566e-27,0.5582191780821918,0.8089887640449438
Epidermis 2,plpp2,-11.166592,-2.47063,5.941746733103016e-29,2.3694842940700447e-27,0.2054794520547945,0.6601123595505618
Epidermis 2,ralbp1,-11.167013,-2.517486,5.913609586598038e-29,2.3614852708449075e-27,0.19863013698630136,0.6601123595505618
Epidermis 2,frmd4b,-11.192107,-3.0903327,4.4571393215592244e-29,1.7871967010767856e-27,0.1267123287671233,0.6039325842696629
Epidermis 2,acp3,-11.220997,-6.0628066,3.2162473694821106e-29,1.2949604250321153e-27,0.0136986301369863,0.5224719101123596
Epidermis 2,itfg1,-11.233649,-1.5101596,2.787242910381127e-29,1.123777896735872e-27,0.4931506849315068,0.7808988764044944
Epidermis 2,agpat4,-11.23639,-5.202717,2.702057313700037e-29,1.0909369797895825e-27,0.030821917808219176,0.5308988764044944
Epidermis 2,usp43,-11.236602,-4.295101,2.695612609297646e-29,1.0898402791477109e-27,0.04794520547945205,0.550561797752809
Epidermis 2,micall2,-11.267389,-3.1046379,1.901246812436859e-29,7.708092312668769e-28,0.13013698630136986,0.6067415730337079
Epidermis 2,bpgm,-11.285314,-5.415006,1.5508828985812196e-29,6.3139078006166615e-28,0.023972602739726026,0.5308988764044944
Epidermis 2,osgin2,-11.297754,-6.719156,1.3461587890542584e-29,5.503436022775529e-28,0.010273972602739725,0.5224719101123596
Epidermis 2,scn3b,-11.297754,-6.825858,1.3461587890542584e-29,5.503436022775529e-28,0.00684931506849315,0.5224719101123596
Epidermis 2,dipk1c,-11.297754,-3.039,1.3461587890542584e-29,5.503436022775529e-28,0.13356164383561644,0.6292134831460674
Epidermis 2,stard9,-11.305768,-1.4720558,1.2287454654386897e-29,5.04458689610089e-28,0.5445205479452054,0.8426966292134831
Epidermis 2,chpf,-11.307034,-1.1361344,1.21115950192285e-29,4.979381631604335e-28,0.6643835616438356,0.8623595505617978
Epidermis 2,ehd4,-11.313359,-2.2400095,1.1269069388756732e-29,4.639523483137296e-28,0.2602739726027397,0.7078651685393258
Epidermis 2,spint2,-11.328542,-1.9611802,9.476888658881292e-30,3.907178171900692e-28,0.3321917808219178,0.7359550561797753
Epidermis 2,inf2,-11.396022,-2.930953,4.376654893999505e-30,1.8276285600928504e-28,0.1917808219178082,0.6179775280898876
Epidermis 2,galnt12,-11.409517,-5.265575,3.7480213409101784e-30,1.571856697505673e-28,0.030821917808219176,0.5393258426966292
Epidermis 2,snap23,-11.470671,-1.5342133,1.852177202966437e-30,7.823842748542184e-29,0.4863013698630137,0.8033707865168539
Epidermis 2,gopc,-11.471515,-1.7594512,1.8342094375397622e-30,7.759157173476815e-29,0.4178082191780822,0.7724719101123596
Epidermis 2,krt18,-11.479949,-1.3666434,1.6637801727621203e-30,7.048399743479643e-29,0.6198630136986302,0.8539325842696629
Epidermis 2,rab11fip1,-11.540681,-4.717978,8.227141254284217e-31,3.515900087777513e-29,0.03767123287671233,0.5561797752808989
Epidermis 2,sytl1,-11.549959,-2.4405365,7.3855406404202585e-31,3.165494698828806e-29,0.3047945205479452,0.6853932584269663
Epidermis 2,ralgapa2,-11.603521,-1.2624626,3.954651221720231e-31,1.7100356488476932e-29,0.6335616438356164,0.8707865168539326
Epidermis 2,nadk,-11.635785,-5.4385896,2.710852654565111e-31,1.1827005066506382e-29,0.023972602739726026,0.547752808988764
Epidermis 2,pde4b,-11.645696,-3.867476,2.4134372168118153e-31,1.0560955581530864e-29,0.07534246575342465,0.5898876404494382
Epidermis 2,c2h1orf116,-11.648227,-4.658698,2.3428435250921224e-31,1.0267415154717817e-29,0.0410958904109589,0.5617977528089888
Epidermis 2,LOC100497498,-11.651812,-1.494205,2.246331605591843e-31,9.859237111569845e-30,0.5513698630136986,0.8398876404494382
Epidermis 2,sort1,-11.698414,-6.2985106,1.2985753297277611e-31,5.7252874001918826e-30,0.0136986301369863,0.5421348314606742
Epidermis 2,LOC100488176,-11.717814,-5.113252,1.0330261692524202e-31,4.582152951960166e-30,0.03767123287671233,0.5561797752808989
Epidermis 2,sp7,-11.718447,-1.8711423,1.025341951883753e-31,4.554980333664739e-30,0.4486301369863014,0.8174157303370787
Epidermis 2,cgn,-11.805749,-1.9676596,3.645314381421202e-32,1.6469271202986577e-30,0.3595890410958904,0.7724719101123596
Epidermis 2,galnt5,-11.818612,-2.7449963,3.128098566911861e-32,1.4176348714635754e-30,0.2054794520547945,0.6601123595505618
Epidermis 2,angpt4,-11.844338,-6.238662,2.3022750630254653e-32,1.044996931169214e-30,0.017123287671232876,0.550561797752809
Epidermis 2,tmem164,-11.850243,-4.3229876,2.1456755962188474e-32,9.754314673883847e-31,0.0547945205479452,0.5814606741573034
Epidermis 2,ocln,-11.880609,-1.4664648,1.492761225117062e-32,6.839326547240884e-31,0.5445205479452054,0.8595505617977528
Epidermis 2,erbb4,-11.887778,-5.788127,1.3700215549596322e-32,6.296713847959907e-31,0.023972602739726026,0.5561797752808989
Epidermis 2,acy3,-11.968332,-2.96773,5.2064676199550536e-33,2.411889936591223e-31,0.16095890410958905,0.651685393258427
Epidermis 2,tab2,-11.974869,-1.4758009,4.811956114307617e-33,2.232671256782952e-31,0.5445205479452054,0.851123595505618
Epidermis 2,inpp5a,-12.012194,-1.7214183,3.066018237168231e-33,1.429390416119052e-31,0.523972602739726,0.7696629213483146
Epidermis 2,slco4c1,-12.012615,-3.2528098,3.050418810294474e-33,1.4243896524555552e-31,0.136986301369863,0.6320224719101124
Epidermis 2,plcd3,-12.020207,-3.6848087,2.7827334390661256e-33,1.3014732985174707e-31,0.0958904109589041,0.6151685393258427
Epidermis 2,il17re,-12.020629,-6.5876727,2.7685660272191925e-33,1.2969223323981445e-31,0.017123287671232876,0.5561797752808989
Epidermis 2,LOC100491113,-12.083891,-1.0939054,1.2849245836517056e-33,6.087460373536954e-32,0.7157534246575342,0.8820224719101124
Epidermis 2,chst4,-12.116365,-4.1783543,8.651139707582589e-34,4.1052185842913417e-32,0.06506849315068493,0.5955056179775281
Epidermis 2,krt12.5,-12.148629,-4.57275,5.833565013569107e-34,2.777213988788902e-32,0.06506849315068493,0.5870786516853933
Epidermis 2,galnt10,-12.167818,-2.6671867,4.612456823975586e-34,2.206656717211626e-32,0.2191780821917808,0.6797752808988764
Epidermis 2,sgpp2,-12.172879,-5.523149,4.335151524057828e-34,2.0773903967169568e-32,0.0273972602739726,0.5730337078651685
Epidermis 2,LOC100496393,-12.205354,-3.7600503,2.910402803177031e-34,1.4038611277172903e-32,0.1095890410958904,0.6179775280898876
Epidermis 2,ahnak3,-12.224333,-6.286566,2.3046692985451622e-34,1.1190662502620204e-32,0.02054794520547945,0.5674157303370787
Epidermis 2,vwf,-12.250481,-3.828613,1.67002839662796e-34,8.136100010305315e-33,0.0821917808219178,0.6207865168539326
Epidermis 2,mbnl2,-12.258494,-2.3165355,1.5128535346803803e-34,7.395020346528796e-33,0.3013698630136986,0.7275280898876404
Epidermis 2,appl2,-12.267773,-3.0331755,1.3491410418641394e-34,6.605819396102288e-33,0.15753424657534246,0.6601123595505618
Epidermis 2,fbp1,-12.271779,-3.7483642,1.2840071325093617e-34,6.297451760131066e-33,0.09246575342465753,0.6207865168539326
Epidermis 2,eml3,-12.280004,-5.7947,1.159938196261838e-34,5.698513178979796e-33,0.023972602739726026,0.5730337078651685
Epidermis 2,pard6b,-12.307838,-2.8790517,8.219519927163471e-35,4.051682748582048e-33,0.1815068493150685,0.6685393258426966
Epidermis 2,vtcn1,-12.331456,-5.5295706,6.132827672098154e-35,3.043610962361649e-33,0.0273972602739726,0.5786516853932584
Epidermis 2,LOC108647843,-12.343898,-5.998406,5.254898764821417e-35,2.6123460169131778e-33,0.017123287671232876,0.5758426966292135
Epidermis 2,cd164,-12.354231,-2.7240045,4.6215690039793324e-35,2.3014153927652446e-33,0.20205479452054795,0.6966292134831461
Epidermis 2,b3gnt2,-12.363088,-2.7053869,4.139479173260917e-35,2.0683951404032454e-33,0.2089041095890411,0.6966292134831461
Epidermis 2,cant1,-12.37574,-2.3338442,3.53621595529044e-35,1.7699850785803915e-33,0.2671232876712329,0.7387640449438202
Epidermis 2,LOC733482,-12.401466,-4.09691,2.565852270713995e-35,1.2909195821900305e-33,0.0684931506849315,0.6123595505617978
Epidermis 2,arfip2,-12.439845,-2.204404,1.588114854717325e-35,8.017648586915739e-34,0.3287671232876712,0.7331460674157303
Epidermis 2,arhgef16,-12.441532,-1.5686259,1.5549237321417437e-35,7.863663601078774e-34,0.541095890410959,0.8258426966292135
Epidermis 2,rab3d,-12.460511,-2.2950172,1.2258300853046918e-35,6.210093452953457e-34,0.3047945205479452,0.7471910112359551
Epidermis 2,ero1a,-12.46768,-4.7272177,1.1204007149109007e-35,5.685839114159815e-34,0.04452054794520548,0.601123595505618
Epidermis 2,slc30a8,-12.478646,-5.2606826,9.763294347544954e-36,4.971966151099069e-34,0.04452054794520548,0.5898876404494382
Epidermis 2,frrs1,-12.486659,-5.450533,8.828366929937581e-36,4.503699716038489e-34,0.0273972602739726,0.5870786516853933
Epidermis 2,atp6v0a1,-12.514283,-2.2360225,6.236813199386403e-36,3.1983909935309467e-34,0.3664383561643836,0.7219101123595506
Epidermis 2,XB5901519,-12.524195,-6.7224197,5.504735152984922e-36,2.8279246618084755e-34,0.010273972602739725,0.5786516853932584
Epidermis 2,spag1,-12.526725,-2.7050028,5.3319322150721445e-36,2.7439737777953143e-34,0.22602739726027396,0.7050561797752809
Epidermis 2,camkk1,-12.53769,-5.2127023,4.6433153007963644e-36,2.398034444480186e-34,0.03424657534246575,0.5926966292134831
Epidermis 2,sidt1,-12.539377,-5.6441846,4.545525679881892e-36,2.351686038028807e-34,0.0273972602739726,0.5870786516853933
Epidermis 2,larp6,-12.541275,-2.9696977,4.437956902612431e-36,2.3001049329834037e-34,0.17465753424657535,0.6882022471910112
Epidermis 2,tpd52,-12.5486555,-2.4316878,4.0431497874533226e-36,2.0992062422211024e-34,0.2876712328767123,0.7303370786516854
Epidermis 2,patj,-12.595259,-2.8113883,2.2422309939019932e-36,1.1683182563769905e-34,0.20205479452054795,0.6938202247191011
Epidermis 2,LOC100489903,-12.608333,-5.4166193,1.899686244589951e-36,9.91602296707301e-35,0.030821917808219176,0.5926966292134831
Epidermis 2,LOC100492897,-12.613394,-6.1851687,1.7815240606984504e-36,9.315872954968945e-35,0.017123287671232876,0.5870786516853933
Epidermis 2,slc39a5,-12.619087,-4.1372128,1.6573033845724873e-36,8.681834271404727e-35,0.07534246575342465,0.6207865168539326
Epidermis 2,tbc1d14,-12.708287,-2.728132,5.3186756067538535e-37,2.816489251105469e-35,0.2089041095890411,0.7106741573033708
Epidermis 2,osbpl8,-12.710607,-1.6723076,5.163233745282965e-37,2.73913766984331e-35,0.5068493150684932,0.8174157303370787
Epidermis 2,ptprz1,-12.734646,-4.200833,3.795627495892238e-37,2.0209469459458292e-35,0.0821917808219178,0.6235955056179775
Epidermis 2,XB5717875,-12.751306,-6.0293097,3.0656904796744737e-37,1.6382668813777795e-35,0.017123287671232876,0.5926966292134831
Epidermis 2,pard3b,-12.75489,-1.4804931,2.9278757552462458e-37,1.5674860110183703e-35,0.6164383561643836,0.8230337078651685
Epidermis 2,frk,-12.77176,-5.862873,2.357626708026191e-37,1.2645098404094236e-35,0.02054794520547945,0.5955056179775281
Epidermis 2,mtmr12,-12.7955885,-3.7507188,1.735326060794739e-37,9.358914406474357e-36,0.09246575342465753,0.648876404494382
Epidermis 2,iffo2,-12.8128805,-2.9153264,1.3888205900780727e-37,7.517891605291138e-36,0.1815068493150685,0.6938202247191011
Epidermis 2,nbas,-12.825533,-2.5501783,1.1797301967155011e-37,6.397902296881412e-36,0.2568493150684932,0.7219101123595506
Epidermis 2,MGC75872,-12.831648,-5.462667,1.0902026972644422e-37,5.934397587288065e-36,0.0273972602739726,0.6039325842696629
Epidermis 2,pnliprp2,-12.840926,-6.8075256,9.671020354969451e-38,5.274134253658807e-36,0.0136986301369863,0.5926966292134831
Epidermis 2,efna5,-12.922323,-1.2854646,3.368142626159482e-38,1.8717524164499582e-36,0.7157534246575342,0.8707865168539326
Epidermis 2,c2h3orf52,-13.000135,-2.9666867,1.2212615421549448e-38,6.865133872832921e-37,0.17465753424657535,0.699438202247191
Epidermis 2,fam83f,-13.004564,-2.9371016,1.152540755709545e-38,6.491313840105146e-37,0.1917808219178082,0.7050561797752809
Epidermis 2,itpk1,-13.007094,-2.9072773,1.1150123962283119e-38,6.292070917789533e-37,0.21232876712328766,0.702247191011236
Epidermis 2,b3gnt5,-13.009203,-2.1243443,1.0846686471840631e-38,6.132678767086529e-37,0.3767123287671233,0.7780898876404494
Epidermis 2,nampt,-13.065296,-3.6702812,5.198221987716747e-39,2.9619732343654623e-37,0.11986301369863013,0.6573033707865169
Epidermis 2,XB5993457,-13.0754175,-5.2341733,4.5505762441340676e-39,2.6081940037702532e-37,0.030821917808219176,0.6179775280898876
Epidermis 2,ccdc186,-13.08807,-1.8575472,3.8527306216624236e-39,2.216912771689258e-37,0.4417808219178082,0.8202247191011236
Epidermis 2,sgk2,-13.093131,-4.7513194,3.6043768183254055e-39,2.0780974117646932e-37,0.05136986301369863,0.6292134831460674
Epidermis 2,LOC549052,-13.171998,-5.417315,1.2718717633868502e-39,7.480499701320123e-38,0.030821917808219176,0.6179775280898876
Epidermis 2,LOC101731739,-13.227246,-2.777929,6.108443774412884e-40,3.636576781463605e-38,0.3013698630136986,0.7303370786516854
Epidermis 2,mtus1,-13.348288,-2.983893,1.2120266678937883e-40,7.319989985372588e-39,0.25,0.7078651685393258
Epidermis 2,cab39l,-13.364736,-2.9823835,9.717917447488276e-41,5.881251447360866e-39,0.2054794520547945,0.7134831460674157
Epidermis 2,cndp2,-13.36579,-3.574099,9.58118632516337e-41,5.8105323126732465e-39,0.1267123287671233,0.6825842696629213
Epidermis 2,astl2d,-13.406489,-4.6646514,5.540015676570939e-41,3.3807974580760986e-39,0.0684931506849315,0.6432584269662921
Epidermis 2,hkdc1,-13.406489,-4.7550316,5.540015676570939e-41,3.3807974580760986e-39,0.0547945205479452,0.6432584269662921
Epidermis 2,mansc1,-13.458364,-2.0774715,2.749370029304447e-41,1.684839315023025e-39,0.3972602739726027,0.8230337078651685
Epidermis 2,arhgef37,-13.564222,-7.2046804,6.526827233582914e-42,4.05926993329494e-40,0.010273972602739725,0.6235955056179775
Epidermis 2,syne2,-13.573922,-2.1468604,5.717840656523383e-42,3.5637142906361408e-40,0.3972602739726027,0.8426966292134831
Epidermis 2,flvcr2,-13.58531,-2.254663,4.8945787106944254e-42,3.0571245788954857e-40,0.3493150684931507,0.8089887640449438
Epidermis 2,ncoa2,-13.586997,-1.5888207,4.783084726162768e-42,2.9938832897315605e-40,0.5821917808219178,0.8848314606741573
Epidermis 2,mboat1,-13.622423,-4.060244,2.946266030279686e-42,1.8600929229180453e-40,0.09931506849315068,0.6741573033707865
Epidermis 2,cpeb2,-13.679359,-1.3243402,1.3487612965730276e-42,8.552199882890709e-41,0.6917808219178082,0.9213483146067416
Epidermis 2,zfhx3,-13.709725,-1.4558212,8.879382552071526e-43,5.667101121825388e-41,0.6301369863013698,0.8595505617977528
Epidermis 2,slc25a1,-13.733554,-1.6459078,6.3919835304261295e-43,4.1064630896238724e-41,0.5582191780821918,0.8735955056179775
Epidermis 2,misp3,-13.73756,-5.710411,6.0479727607614974e-43,3.89401523722069e-41,0.0273972602739726,0.6404494382022472
Epidermis 2,upk3a,-13.74958,-3.6750112,5.12260358398948e-43,3.3054928336334763e-41,0.11986301369863013,0.699438202247191
Epidermis 2,fhip1a,-13.775939,-2.0739052,3.5572658969552186e-43,2.3004964476526103e-41,0.4315068493150685,0.8370786516853933
Epidermis 2,ap1s3,-13.810101,-5.6673846,2.2152177702339247e-43,1.4389562364823967e-41,0.030821917808219176,0.6460674157303371
Epidermis 2,arhgap27,-13.822753,-2.5638082,1.8582464602747357e-43,1.209763970607813e-41,0.273972602739726,0.7865168539325843
Epidermis 2,slc37a1,-13.842575,-3.9498627,1.4106102444799515e-43,9.245190147173422e-42,0.09931506849315068,0.6853932584269663
Epidermis 2,slc39a11,-13.868301,-2.2322621,9.858330505959997e-44,6.490289617561186e-42,0.3801369863013699,0.797752808988764
Epidermis 2,mpc1,-13.871254,-5.32931,9.460823145667227e-44,6.242648337945795e-42,0.030821917808219176,0.6573033707865169
Epidermis 2,mboat2,-13.916381,-5.6097403,5.037747830110247e-44,3.339192898456976e-42,0.03424657534246575,0.6544943820224719
Epidermis 2,klf5,-13.953073,-2.885101,3.0133721628634356e-44,2.011047527229705e-42,0.2328767123287671,0.7696629213483146
Epidermis 2,tmed10l,-13.957291,-5.356718,2.8402868315027387e-44,1.9042299167811138e-42,0.03424657534246575,0.6573033707865169
Epidermis 2,ftcd,-13.977745,-3.6270423,2.131345649310974e-44,1.442161219328914e-42,0.1267123287671233,0.7162921348314607
Epidermis 2,LOC100485319,-13.99103,-5.885489,1.768320235234818e-44,1.1992985799570526e-42,0.0273972602739726,0.651685393258427
Epidermis 2,nectin4,-13.992506,-2.796252,1.7319919879843933e-44,1.177392041878414e-42,0.22945205479452055,0.7668539325842697
Epidermis 2,rab15,-14.02477,-5.038967,1.0996834684361648e-44,7.492971437262828e-43,0.0410958904109589,0.6713483146067416
Epidermis 2,LOC100496053,-14.026457,-5.215875,1.0738413465955553e-44,7.333985140732402e-43,0.04794520547945205,0.6601123595505618
Epidermis 2,sh3d21,-14.0467005,-3.0543425,8.070738884308042e-45,5.52495944560207e-43,0.19863013698630136,0.75
Epidermis 2,sgms1,-14.0467005,-1.757855,8.070738884308042e-45,5.52495944560207e-43,0.547945205479452,0.8735955056179775
Epidermis 2,sgms2,-14.137376,-3.0806758,2.234617465490292e-45,1.5552405508034935e-43,0.19863013698630136,0.7471910112359551
Epidermis 2,cluh,-14.146866,-2.5231974,1.9526876829176346e-45,1.362267629101799e-43,0.3047945205479452,0.7949438202247191
Epidermis 2,LOC100493336,-14.160572,-5.2209983,1.6068020958475487e-45,1.126341296492079e-43,0.04794520547945205,0.6685393258426966
Epidermis 2,chmp5,-14.160572,-1.4185249,1.6068020958475487e-45,1.126341296492079e-43,0.6541095890410958,0.9157303370786517
Epidermis 2,pof1b,-14.189251,-4.2996902,1.0679309834357015e-45,7.558520720776994e-44,0.08561643835616438,0.6910112359550562
Epidermis 2,anks1b,-14.190095,-4.5130053,1.0551630962741304e-45,7.486279725045899e-44,0.07534246575342465,0.6910112359550562
Epidermis 2,myzap,-14.196842,-6.6664677,9.583403602989117e-46,6.832499285828656e-44,0.0136986301369863,0.6573033707865169
Epidermis 2,vill,-14.281613,-2.263092,2.849266221113011e-46,2.0514015002304045e-44,0.4006849315068493,0.8258426966292135
Epidermis 2,gale,-14.282457,-5.1619987,2.8149829184119788e-46,2.0317226095827299e-44,0.04452054794520548,0.6741573033707865
Epidermis 2,XB22041731,-14.303544,-5.0764627,2.079429399597441e-46,1.5045495242483364e-44,0.04452054794520548,0.6797752808988764
Epidermis 2,nr1i3,-14.312401,-5.26091,1.8308113654151343e-46,1.3279515390186052e-44,0.0410958904109589,0.6741573033707865
Epidermis 2,plekha8,-14.315775,-3.6458278,1.7440855901026518e-46,1.268193181201259e-44,0.136986301369863,0.7162921348314607
Epidermis 2,slc41a2,-14.318095,-2.559973,1.6868455628900253e-46,1.2296304899959683e-44,0.3047945205479452,0.800561797752809
Epidermis 2,ap3b1,-14.33876,-1.0419874,1.2527312933578583e-46,9.154647109035889e-45,0.797945205479452,0.9129213483146067
Epidermis 2,dhfr,-14.368493,-5.5825734,8.158667605218359e-47,6.007204351842263e-45,0.03424657534246575,0.6741573033707865
Epidermis 2,scamp2,-14.377983,-4.0823936,7.113788042550079e-47,5.2510893502975084e-45,0.09246575342465753,0.7106741573033708
Epidermis 2,nedd4l,-14.395063,-2.236645,5.557377027091947e-47,4.112599693137334e-45,0.3972602739726027,0.8342696629213483
Epidermis 2,ralgps1,-14.400757,-3.5256414,5.117974882146609e-47,3.806705439695357e-45,0.14726027397260275,0.7331460674157303
Epidermis 2,rab1a,-14.424586,-1.6113265,3.624389563487344e-47,2.7095788064014974e-45,0.5958904109589042,0.9044943820224719
Epidermis 2,ugt8,-14.441456,-3.0631046,2.8378444214593533e-47,2.1270007765045732e-45,0.22945205479452055,0.7584269662921348
Epidermis 2,znf534,-14.470978,-2.7198758,1.8482535876518362e-47,1.3996450937992442e-45,0.2671232876712329,0.7921348314606742
Epidermis 2,ugcg,-14.474773,-2.5223944,1.7490037846342094e-47,1.3279254448998072e-45,0.3287671232876712,0.8117977528089888
Epidermis 2,mgat5,-14.479835,-2.826124,1.624875098022905e-47,1.2368938539142586e-45,0.2808219178082192,0.7696629213483146
Epidermis 2,rhpn2,-14.484896,-5.2951045,1.5095174733518222e-47,1.1520810773772092e-45,0.0410958904109589,0.6825842696629213
Epidermis 2,nipal1,-14.525805,-5.744363,8.315948699191554e-48,6.363442314818543e-46,0.030821917808219176,0.6797752808988764
Epidermis 2,tmprss11f,-14.532553,-8.053711,7.535859481403515e-48,5.796860750023846e-46,0.00684931506849315,0.6657303370786517
Epidermis 2,cyb561,-14.561232,-2.9366832,4.9556701784599444e-48,3.822142347930413e-46,0.2328767123287671,0.7752808988764045
Epidermis 2,hdac7,-14.572197,-2.051141,4.220934111464846e-48,3.2640773812758973e-46,0.4657534246575342,0.8904494382022472
Epidermis 2,sec24d,-14.595393,-3.2970724,3.004747984834705e-48,2.3297556590106966e-46,0.1917808219178082,0.7471910112359551
Epidermis 2,spata13,-14.630399,-4.7696147,1.7973185990383857e-48,1.400997865826428e-46,0.05821917808219178,0.702247191011236
Epidermis 2,vgll1,-14.665825,-6.527573,1.0671212722298679e-48,8.340380189452211e-47,0.017123287671232876,0.6797752808988764
Epidermis 2,pfkp,-14.6696205,-1.6903268,1.0090745265266524e-48,7.907843829732059e-47,0.6232876712328768,0.949438202247191
Epidermis 2,ica1,-14.7016735,-3.4469492,6.2886118410680584e-49,4.968173316925957e-47,0.1506849315068493,0.75
Epidermis 2,gramd2a,-14.705891,-4.8547835,5.908803631443718e-49,4.680765283217651e-47,0.06164383561643835,0.699438202247191
Epidermis 2,csgalnact1,-14.737733,-3.8351421,3.689643017351619e-49,2.9467747278744586e-47,0.14726027397260275,0.7331460674157303
Epidermis 2,avpr2,-14.789397,-2.7266378,1.7148352639912114e-49,1.3923986000479752e-47,0.3287671232876712,0.8117977528089888
Epidermis 2,zbtb7b,-14.825667,-2.1062927,9.998168601730612e-50,8.186455641377802e-48,0.4383561643835616,0.8679775280898876
Epidermis 2,atp1b2,-14.849707,-4.384223,6.987372141176743e-50,5.737299861200488e-48,0.0958904109589041,0.7191011235955056
Epidermis 2,slain2,-14.876909,-2.2780397,4.655125468698195e-50,3.854786758513228e-48,0.4006849315068493,0.8398876404494382
Epidermis 2,prkcb,-14.88176,-1.6219614,4.329619616027074e-50,3.595429289661574e-48,0.6575342465753424,0.8904494382022472
Epidermis 2,sptlc2,-14.889351,-2.4796295,3.8650373920299125e-50,3.218772307875395e-48,0.3527397260273973,0.8089887640449438
Epidermis 2,gnb5,-14.890616,-5.588962,3.7925845374849404e-50,3.1674582461492085e-48,0.03424657534246575,0.6966292134831461
Epidermis 2,gfod1,-14.894201,-5.6644526,3.5945618457773347e-50,3.0193286584458984e-48,0.030821917808219176,0.699438202247191
Epidermis 2,dennd1b,-14.895888,-2.742913,3.504970461476632e-50,2.952558834565517e-48,0.3047945205479452,0.800561797752809
Epidermis 2,cep170b,-14.92541,-1.2593583,2.252460596915647e-50,1.9084543683606167e-48,0.7568493150684932,0.9241573033707865
Epidermis 2,rassf3,-14.93743,-2.5604799,1.8809045758399782e-50,1.6029364914396035e-48,0.3356164383561644,0.8230337078651685
Epidermis 2,lgals3,-15.00027,-2.861078,7.312094424750716e-51,6.268030267738656e-49,0.2876712328767123,0.7865168539325843
Epidermis 2,adgrf1,-15.011658,-3.002276,6.158924161656398e-51,5.295044475569946e-49,0.25,0.7921348314606742
Epidermis 2,galnt1,-15.064797,-1.3533367,2.76009764741521e-51,2.3869945068518936e-49,0.7191780821917808,0.949438202247191
Epidermis 2,LOC100497279,-15.073233,-6.0302424,2.4293043404014328e-51,2.1071511921149637e-49,0.0410958904109589,0.702247191011236
Epidermis 2,hivep2,-15.122998,-2.946453,1.1422069332123713e-51,9.966522646188307e-50,0.273972602739726,0.7893258426966292
Epidermis 2,nxpe2,-15.167493,-5.5675287,5.8052206342654944e-52,5.080610908988462e-50,0.04452054794520548,0.7106741573033708
Epidermis 2,tmem131,-15.185206,-2.230833,4.431668333949893e-52,3.890153065155835e-50,0.4280821917808219,0.8679775280898876
Epidermis 2,shroom1,-15.189213,-3.2314315,4.168955557023921e-52,3.670564454438742e-50,0.20205479452054795,0.7808988764044944
Epidermis 2,lgalsl,-15.204396,-3.0762217,3.306676369181263e-52,2.9201648624633685e-50,0.25,0.7921348314606742
Epidermis 2,tmem184b,-15.206926,-3.268471,3.181335003582768e-52,2.8179879845372083e-50,0.20205479452054795,0.7808988764044944
Epidermis 2,gad1.2,-15.249101,-5.511676,1.669155951778938e-52,1.4875334642210408e-50,0.0410958904109589,0.7134831460674157
Epidermis 2,ag1,-15.268923,-3.54419,1.2319081037343929e-52,1.1045983368177926e-50,0.1678082191780822,0.7696629213483146
Epidermis 2,trpm4,-15.275882,-3.133508,1.1072002190027938e-52,9.958329108206358e-51,0.22945205479452055,0.800561797752809
Epidermis 2,spire1,-15.286847,-3.9112525,9.35715689812148e-53,8.468082145169937e-51,0.1267123287671233,0.7556179775280899
Epidermis 2,LOC100497727,-15.311941,-8.525531,6.363591887121683e-53,5.776837094796706e-51,0.003424657534246575,0.702247191011236
Epidermis 2,LOC108645188,-15.329233,-6.1601605,4.877125269166871e-53,4.441222702274667e-51,0.0410958904109589,0.7134831460674157
Epidermis 2,grk3,-15.337246,-1.5860759,4.3109985076861045e-53,3.950307127842399e-51,0.6506849315068494,0.9213483146067416
Epidermis 2,stk24,-15.338933,-3.6435058,4.200423336669744e-53,3.8610872501318643e-51,0.14383561643835616,0.7724719101123596
Epidermis 2,b4galnt3,-15.34315,-2.9474983,3.9361863692189905e-53,3.6296108441211455e-51,0.2534246575342466,0.8117977528089888
Epidermis 2,LOC100487159,-15.36698,-3.0609503,2.7258551209793665e-53,2.5215022481439196e-51,0.2226027397260274,0.8230337078651685
Epidermis 2,slc33a1,-15.374149,-3.078157,2.440291055377352e-53,2.2645126298328692e-51,0.2226027397260274,0.8061797752808989
Epidermis 2,ndrg2,-15.393338,-4.074591,1.8142536802842781e-53,1.6997579912945428e-51,0.11986301369863013,0.7584269662921348
Epidermis 2,trpv5,-15.411052,-4.4685383,1.3794831288344144e-53,1.2965810719922433e-51,0.07876712328767123,0.7528089887640449
Epidermis 2,hagh,-15.425602,-4.632243,1.1012349140758863e-53,1.0383934765597495e-51,0.07876712328767123,0.7331460674157303
Epidermis 2,fam174b,-15.440996,-1.9636614,8.675054066089607e-54,8.206488848086255e-52,0.5205479452054794,0.9073033707865169
Epidermis 2,gramd4,-15.453015,-2.7869434,7.199489538417332e-54,6.832736321346657e-52,0.3116438356164384,0.8117977528089888
Epidermis 2,dcbld1,-15.472205,-3.7530365,5.34445616825744e-54,5.088723070173721e-52,0.136986301369863,0.7808988764044944
Epidermis 2,ccdc149,-15.495823,-5.3668985,3.7019075620762737e-54,3.536289540753319e-52,0.04794520547945205,0.7275280898876404
Epidermis 2,rassf7,-15.519441,-3.4270623,2.5627506648444628e-54,2.4723354681210723e-52,0.1815068493150685,0.797752808988764
Epidermis 2,gbf1,-15.528297,-1.4159958,2.2322840041786362e-54,2.160658732653832e-52,0.7123287671232876,0.9213483146067416
Epidermis 2,syt8,-15.586077,-2.0620096,9.052516452047596e-55,8.791166392352268e-53,0.4931506849315068,0.8960674157303371
Epidermis 2,LOC100489305,-15.620871,-7.629448,5.24839214703639e-55,5.130961566890325e-53,0.010273972602739725,0.7162921348314607
Epidermis 2,ophn1,-15.681813,-7.112385,2.0142129369354983e-55,1.9891033229581604e-53,0.02054794520547945,0.7219101123595506
Epidermis 2,abcg2,-15.688139,-3.6374898,1.8232161584581475e-55,1.8065908992505122e-53,0.1952054794520548,0.7752808988764045
Epidermis 2,slc35d2,-15.6894045,-4.232127,1.787239028815173e-55,1.7769654439216437e-53,0.0958904109589041,0.7640449438202247
Epidermis 2,b3gnt3.2,-15.792944,-2.5583072,3.4795689802175935e-56,3.495233019269432e-54,0.3458904109589041,0.8735955056179775
Epidermis 2,LOC595077,-15.799691,-5.5700736,3.1264302154265316e-56,3.151333849211481e-54,0.04452054794520548,0.7387640449438202
Epidermis 2,dnase1l3,-15.8020115,-5.7620125,3.013476578696997e-56,3.0479907914149456e-54,0.05136986301369863,0.7359550561797753
Epidermis 2,itsn2,-15.802855,-2.9836285,2.973418232129921e-56,3.017916261923254e-54,0.2671232876712329,0.8342696629213483
Epidermis 2,grhl1,-15.804331,-1.822421,2.904588234702058e-56,2.968671982118037e-54,0.6198630136986302,0.9353932584269663
Epidermis 2,rabgap1l,-15.864851,-2.612306,1.1097994957160794e-56,1.1463091540380465e-54,0.3321917808219178,0.8595505617977528
Epidermis 2,XB990656,-15.935283,-6.023898,3.605642647299702e-57,3.7641621508292e-55,0.03424657534246575,0.7387640449438202
Epidermis 2,map3k10,-16.048944,-5.000112,5.814508566282254e-58,6.1805054509453295e-56,0.06506849315068493,0.7556179775280899
Epidermis 2,adipor2,-16.059698,-3.3109097,4.889228752456204e-58,5.215950571644063e-56,0.2089041095890411,0.8089887640449438
Epidermis 2,lrba,-16.087112,-2.9775298,3.141539548322104e-58,3.376115534448655e-56,0.3287671232876712,0.851123595505618
Epidermis 2,tmem63c,-16.102083,-5.5866766,2.4665520512200166e-58,2.660508598125915e-56,0.05136986301369863,0.75
Epidermis 2,pank1,-16.121695,-4.296579,1.7961389026379538e-58,1.9517820172122688e-56,0.09931506849315068,0.7865168539325843
Epidermis 2,golph3l,-16.145313,-4.1596966,1.225254025014515e-58,1.3363955375074362e-56,0.11643835616438356,0.7837078651685393
Epidermis 2,rhoc,-16.146156,-3.3696668,1.2086179479899654e-58,1.3231876868050442e-56,0.19863013698630136,0.8146067415730337
Epidermis 2,slc6a16,-16.177366,-3.4587328,7.284503930570353e-59,8.065656605852349e-57,0.2534246575342466,0.8061797752808989
Epidermis 2,prkcz,-16.184114,-2.801758,6.528313343860395e-59,7.25586035567997e-57,0.3424657534246575,0.848314606741573
Epidermis 2,atp13a2,-16.191706,-2.979667,5.7707010619544215e-59,6.438296287862202e-57,0.2808219178082192,0.8426966292134831
Epidermis 2,meis1,-16.197609,-2.1252367,5.242565980604405e-59,5.871473033679975e-57,0.5308219178082192,0.9044943820224719
Epidermis 2,naaladl2,-16.23641,-5.546738,2.7876663895247245e-59,3.1583827996975664e-57,0.0547945205479452,0.7612359550561798
Epidermis 2,LOC100493503,-16.240627,-4.92709,2.6024715688025006e-59,2.9600329349286344e-57,0.07534246575342465,0.7724719101123596
Epidermis 2,KIAA1671,-16.244635,-1.1448188,2.437905123882462e-59,2.783687682664385e-57,0.8253424657534246,0.9803370786516854
Epidermis 2,sptlc3,-16.26551,-1.9196632,1.7341473111308246e-59,1.9878768647711816e-57,0.6095890410958904,0.9550561797752809
Epidermis 2,man1a1,-16.295033,-1.8083264,1.0704564441230693e-59,1.2367791430103336e-57,0.678082191780822,0.9325842696629213
Epidermis 2,LOC100496743,-16.30178,-3.090042,9.585757839218571e-60,1.1119098706277702e-57,0.2534246575342466,0.8595505617977528
Epidermis 2,gcnt4,-16.30389,-5.009337,9.26062646006193e-60,1.0784755858727899e-57,0.07534246575342465,0.7668539325842697
Epidermis 2,nedd4,-16.324556,-4.3085294,6.601990475769223e-60,7.750312594265468e-58,0.1095890410958904,0.7921348314606742
Epidermis 2,kcnj2,-16.35703,-4.8197246,3.875750341082743e-60,4.586723004865978e-58,0.0958904109589041,0.7780898876404494
Epidermis 2,psd3,-16.365465,-1.6253159,3.3744131471432235e-60,4.0096532806562425e-58,0.6746575342465754,0.9382022471910112
Epidermis 2,camsap3,-16.383179,-3.7575164,2.52212851204727e-60,3.0214892842481046e-58,0.15753424657534246,0.8174157303370787
Epidermis 2,tbc1d30,-16.387817,-5.655282,2.3368556365796877e-60,2.8110546136979777e-58,0.04452054794520548,0.7640449438202247
Epidermis 2,LOC394967,-16.411858,-4.3598514,1.5731910884715473e-60,1.9081306517473775e-58,0.1780821917808219,0.797752808988764
Epidermis 2,fcgbp,-16.420713,-4.895847,1.3595811472845243e-60,1.6559131881780806e-58,0.1232876712328767,0.7837078651685393
Epidermis 2,mast4,-16.446018,-2.8471968,8.956592868729333e-61,1.1000427148984333e-58,0.3664383561643836,0.8539325842696629
Epidermis 2,rab27b,-16.469215,-5.633067,6.105796298230563e-61,7.56264964379566e-59,0.05136986301369863,0.7696629213483146
Epidermis 2,crybg1,-16.474909,-1.392604,5.5572886898158346e-61,6.91255768902156e-59,0.7705479452054794,0.9410112359550562
Epidermis 2,b3gnt7,-16.49747,-4.1504245,3.825794569254508e-61,4.779136797174296e-59,0.1232876712328767,0.8033707865168539
Epidermis 2,slc44a4,-16.497894,-3.9797366,3.7991712507999535e-61,4.76624784687268e-59,0.136986301369863,0.8174157303370787
Epidermis 2,gch1,-16.509281,-4.8360305,3.1461166345909546e-61,3.963971351108974e-59,0.11301369863013698,0.7865168539325843
Epidermis 2,pc,-16.55947,-2.6981814,1.3679731529164186e-61,1.7538255803903436e-59,0.4931506849315068,0.8707865168539326
Epidermis 2,slc18a2,-16.574652,-5.965988,1.0627761678831246e-61,1.3685467032331107e-59,0.0410958904109589,0.7696629213483146
Epidermis 2,golga4,-16.578869,-2.1413188,9.907628723135001e-62,1.2814597133007045e-59,0.5273972602739726,0.898876404494382
Epidermis 2,slc18a1,-16.579712,-5.3559566,9.769546023492421e-62,1.2692159991675865e-59,0.07534246575342465,0.7752808988764045
Epidermis 2,dsg2,-16.69991,-1.0708665,1.3126239384281333e-62,1.7361678888775004e-60,0.8835616438356164,0.9719101123595506
Epidermis 2,b4galnt1,-16.709188,-4.4272876,1.1235402127383598e-62,1.4996440163723741e-60,0.11986301369863013,0.8033707865168539
Epidermis 2,LOC100494266,-16.72374,-7.858048,8.801977422029556e-63,1.1856709770661104e-60,0.010273972602739725,0.7668539325842697
Epidermis 2,atp10d,-16.730486,-3.181869,7.85933587179226e-63,1.0635937355016645e-60,0.25,0.8623595505617978
Epidermis 2,sytl2,-16.737446,-1.6048331,6.99251622682126e-63,9.506894968661036e-61,0.7842465753424658,0.9382022471910112
Epidermis 2,galnt4,-16.74588,-4.5510798,6.068583981397572e-63,8.289288708422076e-61,0.08904109589041095,0.8033707865168539
Epidermis 2,rtbdn,-16.749254,-2.7347248,5.734034455001233e-63,7.869087378128688e-61,0.3493150684931507,0.8932584269662921
Epidermis 2,LOC100493464,-16.750942,-4.416869,5.573717033439025e-63,7.685156726625289e-61,0.1267123287671233,0.797752808988764
Epidermis 2,LOC105947373,-16.760641,-5.2331595,4.734864671256696e-63,6.559470578459928e-61,0.0684931506849315,0.7865168539325843
Epidermis 2,strn,-16.780464,-2.4705238,3.391769761946715e-63,4.72118199578402e-61,0.4315068493150685,0.8932584269662921
Epidermis 2,capns2,-16.789742,-2.3971674,2.901023198108126e-63,4.076913899225896e-61,0.4349315068493151,0.898876404494382
Epidermis 2,cpt1al,-16.79143,-3.3156447,2.8197217878135956e-63,3.981801332346822e-61,0.2328767123287671,0.851123595505618
Epidermis 2,LOC733712,-16.814625,-4.52023,1.9069460807914935e-63,2.7059194605638906e-61,0.13356164383561644,0.8033707865168539
Epidermis 2,eps8l1,-16.831917,-3.1886003,1.4241579464908795e-63,2.0307102894573124e-61,0.2945205479452055,0.8623595505617978
Epidermis 2,vsig8,-16.864813,-4.662694,8.165996340798447e-64,1.1816843516726702e-61,0.08904109589041095,0.8033707865168539
Epidermis 2,atp10b,-16.872404,-1.6811495,7.181259113207408e-64,1.044355149941123e-61,0.6952054794520548,0.9662921348314607
Epidermis 2,krt12.3,-16.889063,-1.2897431,5.415572039036798e-64,7.915129313654233e-62,0.8116438356164384,0.9466292134831461
Epidermis 2,gcc2,-16.90256,-2.1330073,4.307945347194109e-64,6.3279171077302016e-62,0.5308219178082192,0.9073033707865169
Epidermis 2,anxa9,-16.913736,-4.450846,3.5638243714777255e-64,5.261320717306332e-62,0.1095890410958904,0.8061797752808989
Epidermis 2,parm1,-16.93651,-4.6624103,2.4206583194693382e-64,3.5917900170765596e-62,0.10273972602739725,0.8089887640449438
Epidermis 2,magi3,-16.987753,-2.327547,1.0119321840885285e-64,1.5247314264480295e-62,0.5171232876712328,0.8792134831460674
Epidermis 2,ezr,-17.019173,-5.535025,5.920140440143371e-65,9.013105479470358e-63,0.0547945205479452,0.7921348314606742
Epidermis 2,atp13al,-17.035198,-4.5398912,4.502087498136409e-65,6.890079563247402e-63,0.20205479452054795,0.8258426966292135
Epidermis 2,chsy1,-17.055021,-1.7097379,3.2075782725309237e-65,4.960884681711716e-63,0.7705479452054794,0.949438202247191
Epidermis 2,XB5856846,-17.084543,-4.658693,1.9345205269014237e-65,3.0239555894040383e-63,0.1095890410958904,0.8117977528089888
Epidermis 2,capn13,-17.100147,-1.1602082,1.4802824329602163e-65,2.326351386981725e-63,0.8458904109589042,0.9719101123595506
Epidermis 2,fam83e,-17.158772,-6.1795096,5.404551744891333e-66,8.539483894860462e-64,0.0410958904109589,0.7949438202247191
Epidermis 2,upk1b,-17.162144,-4.519641,5.099524305973277e-66,8.10131494499483e-64,0.11643835616438356,0.8146067415730337
Epidermis 2,stard10,-17.166363,-5.1697083,4.742258465434539e-66,7.574915694159399e-64,0.05821917808219178,0.8146067415730337
Epidermis 2,rbbp8,-17.193354,-2.7285492,2.977957206939862e-66,4.809318625196636e-64,0.410958904109589,0.8876404494382022
Epidermis 2,krt8,-17.226671,-1.2738022,1.6751642522008776e-66,2.7203736808935476e-64,0.8664383561643836,0.9775280898876404
Epidermis 2,smap1,-17.227726,-1.6462154,1.6449115783850944e-66,2.6861681758533348e-64,0.708904109589041,0.9410112359550562
Epidermis 2,angpt4.2,-17.298368,-4.477933,4.8389612332656624e-67,8.08272433197649e-65,0.1404109589041096,0.8258426966292135
Epidermis 2,atp2a3,-17.393684,-2.8200066,9.211874454938341e-68,1.5655366406529224e-65,0.4726027397260274,0.8904494382022472
Epidermis 2,XB5767169,-17.435015,-4.654058,4.474432594460555e-68,7.693655245216264e-66,0.1506849315068493,0.8258426966292135
Epidermis 2,epas1,-17.43881,-1.983333,4.186971195101144e-68,7.24197366887583e-66,0.6198630136986302,0.9269662921348315
Epidermis 2,plcb4,-17.480143,-1.1755168,2.0299368224736094e-68,3.553118757947669e-66,0.9075342465753424,0.9887640449438202
Epidermis 2,cert1,-17.509031,-2.7936714,1.2225652219527223e-68,2.1528195182469895e-66,0.3527397260273973,0.9129213483146067
Epidermis 2,cd9,-17.517677,-2.9324129,1.0502661917436528e-68,1.8606261242944675e-66,0.386986301369863,0.8820224719101124
Epidermis 2,LOC100489839,-17.522738,-2.9070456,9.60873537172205e-69,1.7126399003098002e-66,0.4417808219178082,0.8876404494382022
Epidermis 2,arfgef2,-17.531595,-2.469302,8.223023559934728e-69,1.4837481585213089e-66,0.4452054794520548,0.9241573033707865
Epidermis 2,itprid1,-17.572294,-4.297763,4.016034543230532e-69,7.29147240578706e-67,0.13356164383561644,0.8455056179775281
Epidermis 2,magi1,-17.585579,-2.004942,3.1772226769910636e-69,5.804587254445361e-67,0.6472602739726028,0.9438202247191011
Epidermis 2,rab25,-17.587477,-4.559933,3.0725979229822404e-69,5.648749049477602e-67,0.10616438356164383,0.8398876404494382
Epidermis 2,nipal3,-17.594856,-4.097553,2.6973605077607843e-69,4.99028765837693e-67,0.1643835616438356,0.8455056179775281
Epidermis 2,tspan13,-17.63176,-6.51953,1.405243449851881e-69,2.6163484893388747e-67,0.030821917808219176,0.8117977528089888
Epidermis 2,XB5897453,-17.642937,-4.126448,1.1531078282612795e-69,2.1606727517888114e-67,0.2328767123287671,0.8539325842696629
Epidermis 2,pdxdc1,-17.688484,-3.220562,5.144017095554446e-70,9.763945696113766e-68,0.2979452054794521,0.8820224719101124
Epidermis 2,syt16,-17.695232,-7.2350955,4.5634162577839445e-70,8.718511152371404e-68,0.02054794520547945,0.8117977528089888
Epidermis 2,wdr7,-17.701347,-1.7316594,4.093896833403332e-70,7.872940680079789e-68,0.6883561643835616,0.9578651685393258
Epidermis 2,fucolectin-e,-17.714634,-4.640048,3.233291499140973e-70,6.259095616648331e-68,0.15753424657534246,0.8398876404494382
Epidermis 2,eps8l2,-17.719904,-5.8341684,2.94409786058993e-70,5.73726163752695e-68,0.05136986301369863,0.8230337078651685
Epidermis 2,upk2,-17.733612,-4.3711033,2.307252481234229e-70,4.526395790534077e-68,0.14726027397260275,0.848314606741573
Epidermis 2,ttc39a,-17.733822,-6.738078,2.29861330039407e-70,4.526395790534077e-68,0.023972602739726026,0.8174157303370787
Epidermis 2,erbb3,-17.735298,-6.114151,2.239035253522525e-70,4.45232921739571e-68,0.03424657534246575,0.8230337078651685
Epidermis 2,fa2h,-17.79582,-6.2635255,7.614552399737168e-71,1.5350412496325323e-68,0.03767123287671233,0.8230337078651685
Epidermis 2,XB5992703,-17.797295,-5.4075904,7.416513222157296e-71,1.5055006805338883e-68,0.05821917808219178,0.8370786516853933
Epidermis 2,LOC100497570,-17.824076,-5.901705,4.596191729681199e-71,9.395194437084695e-69,0.07191780821917808,0.8286516853932584
Epidermis 2,map7,-17.842422,-3.6138256,3.3102943546843735e-71,6.862639310764463e-69,0.2568493150684932,0.8651685393258427
Epidermis 2,grk6,-17.859924,-2.488948,2.4196493693613077e-71,5.052055051128599e-69,0.4828767123287671,0.9185393258426966
Epidermis 2,fam3d,-17.86857,-5.822016,2.072365595704128e-71,4.358080484030746e-69,0.0410958904109589,0.8342696629213483
Epidermis 2,macf1,-17.893875,-1.6411152,1.3162717887496646e-71,2.788111641807351e-69,0.7602739726027398,0.9353932584269663
Epidermis 2,znf750,-17.909903,-4.2698674,9.87095119905577e-72,2.106115142332841e-69,0.1404109589041096,0.8651685393258427
Epidermis 2,LOC100486361,-17.922554,-4.3399467,7.863336230886612e-72,1.702616158259604e-69,0.13356164383561644,0.8595505617977528
Epidermis 2,cast,-17.955029,-2.520382,4.383547537912568e-72,9.562349110501664e-70,0.565068493150685,0.9157303370786517
Epidermis 2,krt7,-17.958824,-1.0607538,4.093861895301113e-72,8.997569703875703e-70,0.9178082191780822,0.9831460674157303
Epidermis 2,degs3,-18.024195,-5.7577906,1.2582963806291575e-72,2.786459204709917e-70,0.04794520547945205,0.8370786516853933
Epidermis 2,camk2g,-18.043596,-2.1348464,8.858793556921099e-73,1.9919338035566206e-70,0.6541095890410958,0.9438202247191011
Epidermis 2,gclc,-18.06363,-4.9627485,6.163470973834241e-73,1.3966234111329356e-70,0.11986301369863013,0.851123595505618
Epidermis 2,gmds,-18.068268,-3.6764276,5.666507806258989e-73,1.2940444506621602e-70,0.3253424657534247,0.8792134831460674
Epidermis 2,sgsm3,-18.09041,-4.8452473,3.792586488210633e-73,8.798499653721033e-71,0.0958904109589041,0.8539325842696629
Epidermis 2,cyp4f22,-18.094206,-6.4763103,3.540140229316497e-73,8.278547123452042e-71,0.03424657534246575,0.8342696629213483
Epidermis 2,ankdd1b,-18.142706,-5.2676144,1.4663031031400757e-73,3.456573065152222e-71,0.08904109589041095,0.848314606741573
Epidermis 2,cldn4,-18.18467,-3.3881066,6.8265220610469286e-74,1.6223257428167703e-71,0.2705479452054795,0.8904494382022472
Epidermis 2,galnt7,-18.20386,-2.9346077,4.809669628194445e-74,1.1619128338987753e-71,0.410958904109589,0.9101123595505618
Epidermis 2,clint1,-18.314358,-2.5312605,6.357330677497539e-75,1.548592775282755e-72,0.4691780821917808,0.9382022471910112
Epidermis 2,gal3st4,-18.35105,-5.9499464,3.23799971858576e-75,7.95377897260339e-73,0.0547945205479452,0.848314606741573
Epidermis 2,dmxl1,-18.378674,-3.714841,1.946711892071218e-75,4.8636184031738265e-73,0.24315068493150685,0.8960674157303371
Epidermis 2,LOC100497338,-18.385843,-4.68161,1.7056713192979728e-75,4.2981446839999177e-73,0.1404109589041096,0.8679775280898876
Epidermis 2,LOC101733293,-18.39491,-4.8909626,1.4429834138479755e-75,3.6678128843643627e-73,0.1267123287671233,0.8651685393258427
Epidermis 2,dop1b,-18.395544,-5.5906873,1.4262397018603898e-75,3.6570537478141274e-73,0.05821917808219178,0.8567415730337079
Epidermis 2,elovl3,-18.419373,-5.1281524,9.186304903670116e-76,2.3975435592784033e-73,0.08561643835616438,0.8595505617977528
Epidermis 2,upk1a,-18.429071,-3.891558,7.678867824741913e-76,2.0405544125911897e-73,0.2328767123287671,0.8904494382022472
Epidermis 2,slc22a4,-18.463234,-5.02071,4.08157411245469e-76,1.1255518196336135e-73,0.11643835616438356,0.8651685393258427
Epidermis 2,tm9sf2,-18.492334,-2.309957,2.3802453416799856e-76,6.626376341204539e-74,0.5513698630136986,0.949438202247191
Epidermis 2,calcrl,-18.504143,-3.296581,1.9119521616707654e-76,5.373872465172898e-74,0.3047945205479452,0.9157303370786517
Epidermis 2,elapor2,-18.582167,-3.3691704,4.48048223685995e-77,1.2715434588898367e-74,0.3082191780821918,0.9157303370786517
Epidermis 2,lpcat4,-18.602833,-4.1199207,3.0477403579923813e-77,8.734166510242676e-75,0.1815068493150685,0.8876404494382022
Epidermis 2,armh4,-18.622232,-6.326601,2.1218202334604055e-77,6.140883885572387e-75,0.05136986301369863,0.8595505617977528
Epidermis 2,cers2,-18.62434,-3.6353524,2.039878344639744e-77,5.962768389216435e-75,0.2328767123287671,0.9073033707865169
Epidermis 2,otogl2,-18.645006,-3.1871886,1.3863728084538642e-77,4.135210567746419e-75,0.5308219178082192,0.9382022471910112
Epidermis 2,myo5c,-18.68465,-4.038243,6.600937447329815e-78,1.9891959022979156e-75,0.18493150684931506,0.898876404494382
Epidermis 2,dsc3,-18.742008,-3.9507241,2.2497356541045656e-78,6.922318200540059e-76,0.2054794520547945,0.898876404494382
Epidermis 2,sytl5,-18.743696,-7.314064,2.1795191203148167e-78,6.777608872970469e-76,0.023972602739726026,0.8595505617977528
Epidermis 2,hexdl,-18.769423,-5.6578727,1.3433932071963088e-78,4.2224437461887425e-76,0.07191780821917808,0.8707865168539326
Epidermis 2,LOC101730864,-18.770687,-5.4916162,1.3117773758658308e-78,4.167887442818924e-76,0.07876712328767123,0.8764044943820225
Epidermis 2,rab27a,-18.770687,-5.2867074,1.3117773758658308e-78,4.167887442818924e-76,0.08561643835616438,0.8764044943820225
Epidermis 2,elapor1,-18.806114,-4.683617,6.729368855882965e-79,2.23529751166267e-76,0.13356164383561644,0.8876404494382022
Epidermis 2,pih1d1,-18.84112,-3.9500976,3.4754070142219415e-79,1.1676968095715123e-76,0.3664383561643836,0.9157303370786517
Epidermis 2,znf185,-18.872961,-1.9045789,1.9032988792937554e-79,6.469224365190205e-77,0.6952054794520548,0.9578651685393258
Epidermis 2,slc45a3,-18.876966,-3.5948856,1.7642985677107415e-79,6.067318992088551e-77,0.3150684931506849,0.9157303370786517
Epidermis 2,capn9,-18.881607,-6.2927337,1.6159511818959393e-79,5.623317737857167e-77,0.05821917808219178,0.8707865168539326
Epidermis 2,baiap2l1,-18.910286,-3.270905,9.384756426806464e-80,3.305130302553973e-77,0.3356164383561644,0.9353932584269663
Epidermis 2,b3galt2l.12,-18.911972,-5.405282,9.089275171879338e-80,3.2401049091366456e-77,0.07191780821917808,0.8820224719101124
Epidermis 2,LOC101732788,-18.945501,-5.3671646,4.8098906567198755e-80,1.7357767134145516e-77,0.11986301369863013,0.8848314606741573
Epidermis 2,upk3b,-18.963848,-4.400016,3.393865547575473e-80,1.240076047764733e-77,0.1643835616438356,0.898876404494382
Epidermis 2,rbbp8nl,-19.033014,-6.2082224,9.08731300781225e-81,3.4055288016841005e-78,0.04452054794520548,0.8764044943820225
Epidermis 2,acly,-19.035334,-5.3461776,8.693766275824748e-81,3.3003569092030286e-78,0.07876712328767123,0.8848314606741573
Epidermis 2,abo.3,-19.050728,-4.0961556,6.479597804569582e-81,2.4921726766496505e-78,0.1780821917808219,0.9269662921348315
Epidermis 2,gng12,-19.05115,-3.2382276,6.427603422316011e-81,2.4921726766496505e-78,0.363013698630137,0.9297752808988764
Epidermis 2,gnb3,-19.071182,-2.7311077,4.382873751552604e-81,1.7312943598869482e-78,0.5102739726027398,0.952247191011236
Epidermis 2,ppl,-19.085732,-2.8420823,3.317957776074851e-81,1.3285921061978626e-78,0.4691780821917808,0.9382022471910112
Epidermis 2,fam3b,-19.117363,-4.0227933,1.8103155442253533e-81,7.453145587781873e-79,0.18493150684931506,0.9241573033707865
Epidermis 2,LOC101734097,-19.140558,-3.8676443,1.1601835609787317e-81,4.914974734923087e-79,0.22602739726027396,0.9269662921348315
Epidermis 2,lmo7,-19.218582,-2.788844,2.5874329552249196e-82,1.1122537163849943e-79,0.4657534246575342,0.9606741573033708
Epidermis 2,LOC100486856,-19.264553,-6.059247,1.065822896301601e-82,4.793087551044939e-80,0.04794520547945205,0.8932584269662921
Epidermis 2,anxa11,-19.274675,-3.572273,8.764979725672752e-83,4.003267536892816e-80,0.2842465753424658,0.9382022471910112
Epidermis 2,pkp3,-19.342575,-3.178795,2.354166014215667e-83,1.0922956628815582e-80,0.4178082191780822,0.9410112359550562
Epidermis 2,evpl,-19.378424,-3.104428,1.1738630966002786e-83,5.625113471593892e-81,0.4349315068493151,0.9438202247191011
Epidermis 2,mfsd6,-19.43051,-3.8717315,4.261064827987713e-84,2.1111048472357433e-81,0.2363013698630137,0.9353932584269663
Epidermis 2,flnb,-19.446115,-3.9765162,3.1436758359117984e-84,1.5843584199920307e-81,0.2773972602739726,0.9241573033707865
Epidermis 2,casd1,-19.465727,-4.904974,2.1443479827374907e-84,1.0996743137438525e-81,0.1267123287671233,0.9101123595505618
Epidermis 2,gfpt1,-19.549232,-2.4637566,4.187789336025084e-85,2.2669124089138748e-82,0.589041095890411,0.9719101123595506
Epidermis 2,scel,-19.576223,-5.104777,2.466418615671668e-85,1.4136447559744807e-82,0.1267123287671233,0.9101123595505618
Epidermis 2,elovl7,-19.624725,-4.8676906,9.509108041350422e-86,5.672668105239065e-83,0.1267123287671233,0.9157303370786517
Epidermis 2,osbpl2,-19.645811,-3.2801135,6.278467991671889e-86,3.904806337543851e-83,0.3938356164383562,0.9382022471910112
Epidermis 2,akap9,-19.7542,-2.0282588,7.381480841308481e-87,4.794845921606405e-84,0.6917808219178082,0.9634831460674157
Epidermis 2,msln,-19.765589,-4.2108293,5.890799544102116e-87,3.9134991244011126e-84,0.3082191780821918,0.9353932584269663
Epidermis 2,galnt6.3,-19.815775,-6.1439795,2.176278497981079e-87,1.5146380184401173e-84,0.05821917808219178,0.9101123595505618
Epidermis 2,tmem45b,-19.931334,-5.3218966,2.1767976095060228e-88,1.5907492730867636e-85,0.0958904109589041,0.9241573033707865
Epidermis 2,LOC100489670,-19.938293,-5.789143,1.894177341669721e-88,1.419710201906349e-85,0.07876712328767123,0.9185393258426966
Epidermis 2,ikzf2,-19.989115,-5.7338753,6.850155665127757e-89,5.5621361179819296e-86,0.08904109589041095,0.9213483146067416
Epidermis 2,grhl3,-20.071566,-4.0753293,1.3081887840021915e-89,1.1246960689755311e-86,0.2910958904109589,0.9466292134831461
Epidermis 2,golm1,-20.11901,-5.0645876,5.030038359142173e-90,4.743001654067254e-87,0.11643835616438356,0.9325842696629213
Epidermis 2,b4galt3l2,-20.244692,-2.916537,3.9564571745851275e-91,3.9879724024240646e-88,0.4520547945205479,0.9775280898876404
Epidermis 2,LOC100485898,-20.26578,-4.1300144,2.578438033517733e-91,2.791493413250254e-88,0.21575342465753425,0.9550561797752809
Epidermis 2,mgat4g,-20.272106,-4.0819726,2.267431623875862e-91,2.5492036075967433e-88,0.22602739726027396,0.9550561797752809
Epidermis 2,tjp3,-20.490149,-5.0418243,2.635850141041295e-93,3.852426773638905e-90,0.13013698630136986,0.9466292134831461
Epidermis 2,arhgef25,-20.72464,-4.4868455,2.0767331876683214e-95,3.570881635807806e-92,0.22602739726027396,0.9606741573033708
Epidermis 2,muc4,-20.815948,-3.5264912,3.103427521820744e-96,5.669768118146386e-93,0.4623287671232877,0.9803370786516854
Epidermis 2,pcdh1,-21.007,-4.110737,5.659964197781577e-98,1.1817600961810949e-94,0.2568493150684932,0.9747191011235955
Epidermis 2,gna14,-21.214922,-3.744957,6.954342102446559e-100,4.035283352498488e-96,0.3801369863013699,0.9915730337078652
