group,names,scores,logfoldchanges,pvals,pvals_adj,pct_nz_group,pct_nz_reference
Ventral Mesoderm 1,nectin2,13.743963,4.540832,5.536036286966958e-43,1.20801847817906e-38,1.0,0.5219435736677116
Ventral Mesoderm 1,rreb1,13.392997,3.2414954,6.644452154030188e-41,7.249429522654637e-37,1.0,0.8401253918495298
Ventral Mesoderm 1,phldb3,13.334797,6.4226837,1.4525047895076132e-40,1.0565035670615208e-36,0.9705882352941176,0.11598746081504702
Ventral Mesoderm 1,marchf8,13.29776,5.453002,2.385075071176471e-40,1.3011180782035444e-36,0.9852941176470589,0.25705329153605017
Ventral Mesoderm 1,plec,13.255753,4.521322,4.17901451090072e-40,1.8238055128472923e-36,0.9852941176470589,0.4882445141065831
Ventral Mesoderm 1,kirrel2,13.087084,4.518655,3.903070166906635e-39,1.2166984873152813e-35,0.9852941176470589,0.365987460815047
Ventral Mesoderm 1,tjp3,12.66461,6.4333315,9.288132854735082e-37,2.5334543377896778e-33,0.9264705882352942,0.07210031347962383
Ventral Mesoderm 1,fhod1,12.506522,5.0222497,6.876956649804595e-36,1.667356345059845e-32,0.9411764705882353,0.219435736677116
Ventral Mesoderm 1,epcam,12.477342,3.509247,9.924461492246166e-36,2.1656167422230358e-32,0.9705882352941176,0.5101880877742947
Ventral Mesoderm 1,slc22a23,12.427158,4.7232575,1.8613445970984668e-35,3.692400041207786e-32,0.9558823529411765,0.3456112852664577
Ventral Mesoderm 1,epas1,12.255122,5.0122266,1.57711579076061e-34,2.647249513091328e-31,0.9558823529411765,0.48589341692789967
Ventral Mesoderm 1,ano5,12.1659775,5.1142325,4.717630967506149e-34,7.353101810139406e-31,0.9117647058823529,0.13871473354231975
Ventral Mesoderm 1,palm2,12.016388,3.358887,2.9143441433232226e-33,4.23959357009707e-30,0.9852941176470589,0.4835423197492163
Ventral Mesoderm 1,pla2g7,11.904958,7.231428,1.1152017117681186e-32,1.5209260345307573e-29,0.8676470588235294,0.029780564263322883
Ventral Mesoderm 1,psd3,11.8297615,4.2393436,2.739178764819473e-32,3.515977636889748e-29,0.9117647058823529,0.2170846394984326
Ventral Mesoderm 1,prss27,11.552548,6.0185847,7.1663673390399e-31,8.687627872510537e-28,0.8529411764705882,0.06426332288401254
Ventral Mesoderm 1,LOC100495222,11.514229,4.640928,1.1185570211411583e-30,1.2846333030695375e-27,0.8970588235294118,0.2280564263322884
Ventral Mesoderm 1,bicc1,11.30676,2.9434395,1.214941535762854e-29,1.2624399643752971e-26,0.9705882352941176,0.8299373040752351
Ventral Mesoderm 1,st14,11.290245,3.2767863,1.4662688718050082e-29,1.454338775075322e-26,0.9558823529411765,0.3847962382445141
Ventral Mesoderm 1,rabgap1l,11.267158,5.3506017,1.90624857093793e-29,1.808532611584199e-26,0.8676470588235294,0.19592476489028213
Ventral Mesoderm 1,ocln,11.153963,3.7484424,6.848644920661151e-29,6.226845033906123e-26,0.9117647058823529,0.2476489028213166
Ventral Mesoderm 1,rassf7,10.89631,5.782289,1.2002664071663865e-27,9.700375285473229e-25,0.8088235294117647,0.045454545454545456
Ventral Mesoderm 1,nav2,10.863923,3.0603092,1.712315547377625e-27,1.3344441985473983e-24,0.9411764705882353,0.6167711598746082
Ventral Mesoderm 1,tjp2,10.856067,3.642686,1.8661493549473278e-27,1.404180864631229e-24,0.9117647058823529,0.2664576802507837
Ventral Mesoderm 1,golim4,10.778146,3.8234038,4.365990334628446e-27,3.1756758363975775e-24,0.8676470588235294,0.3440438871473354
Ventral Mesoderm 1,atp1b2,10.699263,7.1079173,1.0259175026171671e-26,6.995795570190376e-24,0.7794117647058824,0.0219435736677116
Ventral Mesoderm 1,grhl1,10.654369,6.0702014,1.6636843239847308e-26,1.1000986555657822e-23,0.7941176470588235,0.06347962382445141
Ventral Mesoderm 1,tbc1d14,10.631442,4.5786514,2.1279670256418362e-26,1.3657167196038385e-23,0.8235294117647058,0.11755485893416928
Ventral Mesoderm 1,prc1,10.611561,3.4897091,2.6331337010892573e-26,1.59604473587413e-23,0.8823529411764706,0.26802507836990597
Ventral Mesoderm 1,axl,10.363848,5.218966,3.6209474957278692e-25,1.975317382606946e-22,0.7794117647058824,0.07210031347962383
Ventral Mesoderm 1,krt8.1,10.29218,3.266017,7.6426313809006725e-25,4.0675575454300873e-22,0.8676470588235294,0.3440438871473354
Ventral Mesoderm 1,efna4,10.27294,3.4198525,9.331668407568287e-25,4.84824610289399e-22,0.8676470588235294,0.28134796238244514
Ventral Mesoderm 1,hpgd,10.26348,4.5170684,1.029286865423176e-24,5.2232717884649135e-22,0.7941176470588235,0.1152037617554859
Ventral Mesoderm 1,usp43,10.2569065,3.5423791,1.1017961467036595e-24,5.464157663004672e-22,0.8676470588235294,0.2719435736677116
Ventral Mesoderm 1,grhl3,10.222917,6.0316567,1.5655837102000499e-24,7.4266526391902805e-22,0.7647058823529411,0.08072100313479624
Ventral Mesoderm 1,lmo7,10.155577,4.3745427,3.1295317387917435e-24,1.4529683419611626e-21,0.8088235294117647,0.22648902821316613
Ventral Mesoderm 1,krt7,10.143552,5.373942,3.539882565135654e-24,1.6092453636213562e-21,0.7647058823529411,0.06739811912225706
Ventral Mesoderm 1,itpr3,10.05024,2.4914458,9.164479901223527e-24,4.0811860392775216e-21,0.9705882352941176,0.7335423197492164
Ventral Mesoderm 1,gadd45a,10.045589,3.0209677,9.607155071970408e-24,4.192754616509325e-21,0.8823529411764706,0.329153605015674
Ventral Mesoderm 1,lima1,10.023303,3.9574733,1.2040981093822534e-23,5.1518872244765e-21,0.8235294117647058,0.2304075235109718
Ventral Mesoderm 1,crtc3,10.016729,2.3305266,1.2869074798146922e-23,5.393773397493668e-21,0.9558823529411765,0.6246081504702194
Ventral Mesoderm 1,LOC100489507,10.014966,2.903281,1.3100682373271822e-23,5.393773397493668e-21,0.9117647058823529,0.4537617554858934
Ventral Mesoderm 1,chmp5,9.946023,3.8758342,2.6246218236019727e-23,1.0413067784148845e-20,0.8088235294117647,0.2115987460815047
Ventral Mesoderm 1,LOC100491625,9.883975,2.0533094,4.885558074771416e-23,1.903710049099769e-20,0.9558823529411765,0.7429467084639498
Ventral Mesoderm 1,plekha4,9.751381,2.1531904,1.8197638227178436e-22,6.96650287289931e-20,0.9117647058823529,0.5987460815047022
Ventral Mesoderm 1,cdh1,9.733263,4.044726,2.1750150559479677e-22,8.182931644110448e-20,0.7794117647058824,0.13557993730407525
Ventral Mesoderm 1,dnmbp,9.56716,3.898622,1.0988326447011817e-21,3.9307585475449975e-19,0.7647058823529411,0.14184952978056425
Ventral Mesoderm 1,celsr1,9.517456,1.7646611,1.7746948484257336e-21,6.246067143144828e-19,1.0,0.8871473354231975
Ventral Mesoderm 1,LOC105945479,9.495811,3.7234445,2.185023613771557e-21,7.568158773985579e-19,0.8382352941176471,0.42554858934169276
Ventral Mesoderm 1,plpp3,9.480741,3.2010224,2.5248487907863196e-21,8.608550853710669e-19,0.8382352941176471,0.4036050156739812
Ventral Mesoderm 1,kifc3,9.363698,6.173586,7.699346559598767e-21,2.5847298658000723e-18,0.6911764705882353,0.032915360501567396
Ventral Mesoderm 1,pard6b,9.281448,4.567094,1.671906416743149e-20,5.445174614888396e-18,0.7205882352941176,0.06974921630094044
Ventral Mesoderm 1,itpka,9.138913,2.5485208,6.308313992538741e-20,1.938784783537857e-17,0.9264705882352942,0.549373040752351
Ventral Mesoderm 1,arhgap6,9.092897,2.0384834,9.643382854048678e-20,2.922614684141614e-17,0.9705882352941176,0.7515673981191222
Ventral Mesoderm 1,atp12a-like,9.075903,4.6318097,1.1273906589325962e-19,3.369971447749066e-17,0.7205882352941176,0.13871473354231975
Ventral Mesoderm 1,eif4g1,9.026681,1.8934586,1.7695761923539444e-19,5.218097580183165e-17,0.9264705882352942,0.6496865203761756
Ventral Mesoderm 1,myo5c,8.981627,4.5421953,2.6679050933690246e-19,7.660046979263879e-17,0.6911764705882353,0.09012539184952978
Ventral Mesoderm 1,kiaa1671,8.974092,1.7572831,2.8569847411411373e-19,8.096397926810488e-17,0.9705882352941176,0.8769592476489029
Ventral Mesoderm 1,metrnl,8.970244,2.705701,2.9585822566896157e-19,8.276823515797962e-17,0.8382352941176471,0.32445141065830724
Ventral Mesoderm 1,erbin,8.838772,3.478001,9.67764321127607e-19,2.639698156415689e-16,0.7647058823529411,0.3072100313479624
Ventral Mesoderm 1,ahcyl2,8.833481,3.6821485,1.014675803635392e-18,2.733486507546653e-16,0.75,0.22727272727272727
Ventral Mesoderm 1,tp53bp2,8.773036,2.3607917,1.739125538085555e-18,4.627982727629865e-16,0.8823529411764706,0.47100313479623823
Ventral Mesoderm 1,dst,8.760369,5.2236304,1.9461105551585603e-18,5.116394990857222e-16,0.6617647058823529,0.0438871473354232
Ventral Mesoderm 1,trpm4,8.747062,3.9405897,2.189791040237644e-18,5.688503605836385e-16,0.7058823529411765,0.1152037617554859
Ventral Mesoderm 1,mprip,8.676677,3.0456007,4.075021642760612e-18,1.0461299678432861e-15,0.7794117647058824,0.27507836990595613
Ventral Mesoderm 1,pkp3,8.570857,3.921415,1.0271729275448273e-17,2.6062721455762416e-15,0.6911764705882353,0.13087774294670845
Ventral Mesoderm 1,myo9b,8.559154,3.0296896,1.1369947484875784e-17,2.851765793879017e-15,0.7647058823529411,0.28761755485893414
Ventral Mesoderm 1,slc9a3,8.432812,4.7585635,3.3745715147021247e-17,7.83367287471437e-15,0.6764705882352942,0.13087774294670845
Ventral Mesoderm 1,gfod1,8.377016,4.7910743,5.4286314414741014e-17,1.2339392362958995e-14,0.6470588235294118,0.09717868338557993
Ventral Mesoderm 1,usp54,8.340781,4.5134187,7.380124759864571e-17,1.643282677398008e-14,0.6470588235294118,0.07445141065830721
Ventral Mesoderm 1,LOC100488554,8.234962,6.456858,1.7961410863994767e-16,3.8805539253785126e-14,0.6029411764705882,0.019592476489028215
Ventral Mesoderm 1,LOC100494753,8.170348,5.0983834,3.074995305679243e-16,6.514511899536578e-14,0.6323529411764706,0.08307210031347963
Ventral Mesoderm 1,jag1,8.124013,3.9661937,4.510183819131136e-16,9.46314626127505e-14,0.6470588235294118,0.09717868338557993
Ventral Mesoderm 1,b4galt1l,7.8905697,4.048488,3.00810325093303e-15,5.967256458055422e-13,0.6323529411764706,0.10579937304075235
Ventral Mesoderm 1,dcbld1,7.845837,1.3422898,4.300750734264438e-15,8.379168015391455e-13,0.9264705882352942,0.859717868338558
Ventral Mesoderm 1,ncoa2,7.826437,5.246913,5.0189100711686084e-15,9.691826253360195e-13,0.5882352941176471,0.03918495297805643
Ventral Mesoderm 1,camsap3,7.7653503,3.7486093,8.141975899643727e-15,1.5300823885346067e-12,0.6323529411764706,0.11598746081504702
Ventral Mesoderm 1,ccng2,7.7653503,3.151509,8.141975899643727e-15,1.5300823885346067e-12,0.6617647058823529,0.15595611285266459
Ventral Mesoderm 1,arhgap27,7.7643886,2.132511,8.204007124263278e-15,1.5300823885346067e-12,0.8676470588235294,0.5
Ventral Mesoderm 1,sh3pxd2b,7.74579,2.8028848,9.498938530746874e-15,1.7418179636926684e-12,0.7205882352941176,0.256269592476489
Ventral Mesoderm 1,tmprss9,7.712601,2.9653685,1.232787336350206e-14,2.2417210388748207e-12,0.7647058823529411,0.3942006269592476
Ventral Mesoderm 1,gramd2b,7.6978507,4.906306,1.38373807094449e-14,2.495417226948737e-12,0.5882352941176471,0.05329153605015674
Ventral Mesoderm 1,LOC101733480,7.695125,6.0917864,1.4135574336503737e-14,2.5282980950561315e-12,0.5735294117647058,0.041536050156739814
Ventral Mesoderm 1,slit2,7.6909566,3.0984123,1.460390528865048e-14,2.5908277829564404e-12,0.7058823529411765,0.24529780564263323
Ventral Mesoderm 1,lifr,7.6837416,3.2107499,1.5450816555996848e-14,2.7189699037774774e-12,0.6617647058823529,0.15987460815047022
Ventral Mesoderm 1,krt70,7.6604934,4.1607966,1.8521998773086476e-14,3.2333482818201603e-12,0.6176470588235294,0.11912225705329153
Ventral Mesoderm 1,LOC101734594,7.6260223,5.6731305,2.4210825926631513e-14,4.192892321785923e-12,0.5735294117647058,0.047021943573667714
Ventral Mesoderm 1,dgkd,7.621693,2.51792,2.5036957334489474e-14,4.301822409416495e-12,0.7352941176470589,0.25862068965517243
Ventral Mesoderm 1,LOC100216037,7.6184864,4.5024524,2.5666722601298976e-14,4.375574639710507e-12,0.5882352941176471,0.054858934169279
Ventral Mesoderm 1,dnah5,7.584336,5.3001013,3.341944063046659e-14,5.653066775173732e-12,0.5735294117647058,0.03761755485893417
Ventral Mesoderm 1,oxr1,7.503208,2.4735065,6.227462504710087e-14,1.0330386986459133e-11,0.75,0.27507836990595613
Ventral Mesoderm 1,mylk,7.492466,3.648432,6.75915718698653e-14,1.1006833505763662e-11,0.6176470588235294,0.11833855799373041
Ventral Mesoderm 1,naalad2,7.4403577,6.853405,1.0041287004748762e-13,1.6230438794860943e-11,0.5441176470588235,0.012539184952978056
Ventral Mesoderm 1,smtn,7.3981905,2.0415168,1.3805256006787586e-13,2.2150330244419992e-11,0.8529411764705882,0.567398119122257
Ventral Mesoderm 1,cxadr,7.3348594,2.4481285,2.2195407352611294e-13,3.50960857856037e-11,0.7205882352941176,0.2907523510971787
Ventral Mesoderm 1,dmd.3,7.2888446,1.8309523,3.126249656206091e-13,4.804077024512191e-11,0.8970588235294118,0.5901253918495298
Ventral Mesoderm 1,atp1b1,7.225994,4.6267166,4.974486740594561e-13,7.538074664341243e-11,0.5588235294117647,0.05329153605015674
Ventral Mesoderm 1,jup,7.201303,2.8308752,5.963976772564598e-13,8.975168079595316e-11,0.6470588235294118,0.18260188087774296
Ventral Mesoderm 1,epb41l5,7.1835065,2.3844106,6.794587679436714e-13,1.015511628445127e-10,0.7058823529411765,0.26489028213166144
Ventral Mesoderm 1,ventx1.1,7.109273,1.7445189,1.1665602793523124e-12,1.7199670172801898e-10,0.9558823529411765,0.48119122257053293
Ventral Mesoderm 1,nipal4,7.0467434,3.1038065,1.8315372046100893e-12,2.6822800900534736e-10,0.6176470588235294,0.14576802507836992
Ventral Mesoderm 1,depdc1b,7.0401697,2.017974,1.920058192934574e-12,2.7931726552016895e-10,0.7647058823529411,0.42398119122257055
Ventral Mesoderm 1,LOC101732476,7.036001,2.7345881,1.9783539064584774e-12,2.8589179200549954e-10,0.6617647058823529,0.22021943573667713
Ventral Mesoderm 1,rab11fip4l,7.023335,2.663451,2.166341403896953e-12,3.109982616739172e-10,0.6617647058823529,0.20768025078369906
Ventral Mesoderm 1,krt18.1,6.9766784,2.877189,3.0224065247761065e-12,4.2825930374765857e-10,0.6176470588235294,0.1841692789968652
Ventral Mesoderm 1,pdlim4,6.903086,2.9658966,5.08847952924376e-12,6.983378101108685e-10,0.6323529411764706,0.15282131661442006
Ventral Mesoderm 1,cldn4,6.9000397,5.394554,5.198800270883435e-12,7.090188794434215e-10,0.5147058823529411,0.02037617554858934
Ventral Mesoderm 1,ly6g6c,6.853864,6.625604,7.188134537820524e-12,9.742377872657245e-10,0.5,0.0109717868338558
Ventral Mesoderm 1,csnk1d,6.830456,3.080416,8.464530950815967e-12,1.1401514189984892e-09,0.6029411764705882,0.1238244514106583
Ventral Mesoderm 1,stk10,6.818912,1.6991913,9.173268207506834e-12,1.2131508215515553e-09,0.9705882352941176,0.7061128526645768
Ventral Mesoderm 1,fam184a,6.80352,5.788864,1.0209333254013037e-11,1.34203530684228e-09,0.5147058823529411,0.03761755485893417
Ventral Mesoderm 1,mastl,6.801115,2.2591903,1.0381251582399906e-11,1.3564628190392118e-09,0.7794117647058824,0.3565830721003135
Ventral Mesoderm 1,ripk4,6.7828374,2.3535662,1.1783843287592846e-11,1.5305669308247828e-09,0.6911764705882353,0.24608150470219436
Ventral Mesoderm 1,apbb1,6.778348,4.7634254,1.2155787837837369e-11,1.5695351858547291e-09,0.5147058823529411,0.03605015673981191
Ventral Mesoderm 1,ankrd7,6.7512517,3.354624,1.4657496382871962e-11,1.8814189915920536e-09,0.5735294117647058,0.1206896551724138
Ventral Mesoderm 1,rasef,6.7403493,4.7394214,1.5800638252425366e-11,2.0162908029600817e-09,0.5147058823529411,0.03918495297805643
Ventral Mesoderm 1,mob2.2,6.6651535,2.9290378,2.6438866698521637e-11,3.2887218431050074e-09,0.5882352941176471,0.14498432601880878
Ventral Mesoderm 1,ralgapa2,6.5992575,2.901347,4.1322277226070156e-11,5.065693322191444e-09,0.6176470588235294,0.23432601880877743
Ventral Mesoderm 1,spata13,6.559495,2.0288794,5.3990320337320166e-11,6.581691508830522e-09,0.7352941176470589,0.35344827586206895
Ventral Mesoderm 1,upk3b,6.5505166,4.6956477,5.733846951007086e-11,6.951015239884757e-09,0.5,0.03605015673981191
Ventral Mesoderm 1,ctnna1,6.5078683,2.0492237,7.622479335335917e-11,9.189509479357186e-09,0.7058823529411765,0.31426332288401254
Ventral Mesoderm 1,f11r,6.429947,3.0658352,1.2764856878870952e-10,1.505632118669422e-08,0.5588235294117647,0.10658307210031348
Ventral Mesoderm 1,LOC116407738,6.414555,2.6758893,1.4123479666817558e-10,1.656927149514118e-08,0.6029411764705882,0.1778996865203762
Ventral Mesoderm 1,sptlc3,6.3998046,2.5748146,1.5557605010609005e-10,1.8154144328155034e-08,0.6617647058823529,0.3166144200626959
Ventral Mesoderm 1,cdx2,6.3959565,2.7748022,1.5954541360641742e-10,1.8497803204497505e-08,0.6029411764705882,0.1841692789968652
Ventral Mesoderm 1,slc9a7,6.395315,2.793661,1.6021652562439981e-10,1.8497803204497505e-08,0.6029411764705882,0.17711598746081506
Ventral Mesoderm 1,ltbp4,6.3901844,5.27433,1.6568565168901506e-10,1.9028561081610516e-08,0.4852941176470588,0.04075235109717868
Ventral Mesoderm 1,aldh1l1,6.3837714,5.8744154,1.7277908023793368e-10,1.9739331465298172e-08,0.47058823529411764,0.014890282131661442
Ventral Mesoderm 1,mst1,6.37351,2.4369848,1.847501566830043e-10,2.0997047755103314e-08,0.6176470588235294,0.22413793103448276
Ventral Mesoderm 1,adap1l,6.3100185,4.6045327,2.7900182699013977e-10,3.15445537137401e-08,0.4852941176470588,0.04231974921630094
Ventral Mesoderm 1,MGC89056,6.282762,4.420821,3.3260952205075205e-10,3.702996112586459e-08,0.4852941176470588,0.03918495297805643
Ventral Mesoderm 1,znfx1,6.2640033,4.4860263,3.752172129090203e-10,4.1561496461359044e-08,0.4852941176470588,0.04623824451410658
Ventral Mesoderm 1,kiaa0232,6.1997104,1.5851185,5.656715877298664e-10,6.202773726559505e-08,0.8382352941176471,0.5470219435736677
Ventral Mesoderm 1,clint1,6.1772637,3.7515821,6.522199501837485e-10,7.080642553711231e-08,0.5,0.07445141065830721
Ventral Mesoderm 1,cdx4,6.1670027,2.0318658,6.959657556793605e-10,7.481117613142525e-08,0.7058823529411765,0.31191222570532917
Ventral Mesoderm 1,spint1,6.129164,2.7043798,8.834181770894861e-10,9.44954315797533e-08,0.5588235294117647,0.1669278996865204
Ventral Mesoderm 1,zmynd8,6.12211,1.3410625,9.234436161133137e-10,9.829494218150545e-08,0.8823529411764706,0.6684952978056427
Ventral Mesoderm 1,myt1,6.0866766,2.0605855,1.1527859870374229e-09,1.2152146387992078e-07,0.7352941176470589,0.4004702194357367
Ventral Mesoderm 1,ets2,6.0315223,1.6058253,1.6242229762016282e-09,1.687722360175987e-07,0.8088235294117647,0.438871473354232
Ventral Mesoderm 1,crocc,6.00138,3.0997612,1.9564759556035814e-09,2.0233299444182818e-07,0.5147058823529411,0.11363636363636363
Ventral Mesoderm 1,sgms1,5.950555,4.0293283,2.6723516615602472e-09,2.750631396552177e-07,0.47058823529411764,0.050156739811912224
Ventral Mesoderm 1,gas2l1,5.9425383,5.4211082,2.8064230424238797e-09,2.852604055706873e-07,0.4411764705882353,0.016457680250783698
Ventral Mesoderm 1,klf8,5.942378,2.4883106,2.8091701848118834e-09,2.852604055706873e-07,0.5588235294117647,0.16379310344827586
Ventral Mesoderm 1,lrwd1,5.9407744,1.1061107,2.8367860322093005e-09,2.852604055706873e-07,1.0,0.8840125391849529
Ventral Mesoderm 1,mpzl2,5.9335594,5.681454,2.9643636858911623e-09,2.96721926558858e-07,0.4411764705882353,0.019592476489028215
Ventral Mesoderm 1,upk2,5.9220157,5.369954,3.1801928659281746e-09,3.1687209373250544e-07,0.4411764705882353,0.0219435736677116
Ventral Mesoderm 1,tmod3,5.919771,3.0734186,3.2239012554351213e-09,3.197670422493172e-07,0.5147058823529411,0.10736677115987461
Ventral Mesoderm 1,sh3bp4,5.9098306,2.0832005,3.4246000032155918e-09,3.3661349851426767e-07,0.6323529411764706,0.24529780564263323
Ventral Mesoderm 1,arid3a,5.9011726,1.4129777,3.6092718593121624e-09,3.531745347177161e-07,0.9117647058823529,0.6661442006269592
Ventral Mesoderm 1,kitlg,5.87584,4.3588395,4.207042123097386e-09,4.0800829408048027e-07,0.45588235294117646,0.04231974921630094
Ventral Mesoderm 1,setd1b,5.8654184,1.4425521,4.480011322225607e-09,4.3255896930214594e-07,0.8823529411764706,0.6253918495297806
Ventral Mesoderm 1,ide,5.8452168,2.2415717,5.059091016870171e-09,4.863190532119999e-07,0.6029411764705882,0.22413793103448276
Ventral Mesoderm 1,dhrs3,5.831909,2.268915,5.479673497397836e-09,5.244384008189394e-07,0.6176470588235294,0.2476489028213166
Ventral Mesoderm 1,spint2,5.803691,1.3285956,6.487085276639308e-09,6.18142741578805e-07,0.9117647058823529,0.713166144200627
Ventral Mesoderm 1,cnn2,5.796155,1.9815825,6.785247000547753e-09,6.437429339084893e-07,0.6470588235294118,0.2938871473354232
Ventral Mesoderm 1,fam83f,5.794552,4.756849,6.850383942333149e-09,6.471092121456781e-07,0.4411764705882353,0.030564263322884012
Ventral Mesoderm 1,slc43a1,5.775793,2.1896653,7.659145613385818e-09,7.172970662218539e-07,0.6764705882352942,0.2993730407523511
Ventral Mesoderm 1,arhgap45,5.765532,3.700664,8.140073278935555e-09,7.590792265797126e-07,0.47058823529411764,0.07601880877742946
Ventral Mesoderm 1,nt5dc2,5.736993,1.5420916,9.637236586138114e-09,8.948686789196586e-07,0.8088235294117647,0.4835423197492163
Ventral Mesoderm 1,LOC100495980,5.7296176,4.4567966,1.0065733855734168e-08,9.30696518923624e-07,0.4411764705882353,0.03213166144200627
Ventral Mesoderm 1,wee1,5.709576,2.0722497,1.1325794931859506e-08,1.0427855325236553e-06,0.6323529411764706,0.29780564263322884
Ventral Mesoderm 1,sh3d19,5.6948256,3.226128,1.2349815725584692e-08,1.1275536776066257e-06,0.4852941176470588,0.0877742946708464
Ventral Mesoderm 1,LOC108648775,5.679594,1.6259582,1.3501484380774331e-08,1.2275662111369862e-06,0.75,0.3605015673981191
Ventral Mesoderm 1,gnb3,5.6787925,5.1266065,1.3564904804969893e-08,1.2282148869263404e-06,0.4264705882352941,0.0219435736677116
Ventral Mesoderm 1,trib2,5.672379,1.3836449,1.4082793911650839e-08,1.2698373799426982e-06,0.8676470588235294,0.6050156739811913
Ventral Mesoderm 1,LOC101733948,5.6465654,6.920138,1.636846909835696e-08,1.4638375581772429e-06,0.4117647058823529,0.007836990595611285
Ventral Mesoderm 1,dixdc1,5.574256,2.5476077,2.4858996785348004e-08,2.1785067022212e-06,0.5441176470588235,0.16379310344827586
Ventral Mesoderm 1,ovol2,5.53273,2.1203752,3.152845138040701e-08,2.7085918802041785e-06,0.6029411764705882,0.2413793103448276
Ventral Mesoderm 1,atg16l1,5.529363,1.0918014,3.213955285508368e-08,2.7502634621599257e-06,0.9558823529411765,0.8299373040752351
Ventral Mesoderm 1,LOC100489839,5.516376,3.1062312,3.460610505717311e-08,2.938287231332975e-06,0.4852941176470588,0.1238244514106583
Ventral Mesoderm 1,rbm47,5.500824,4.277417,3.780203618371019e-08,3.172608582941308e-06,0.4264705882352941,0.03605015673981191
Ventral Mesoderm 1,elovl7,5.4634666,4.9698343,4.669248648411185e-08,3.874056074409904e-06,0.4117647058823529,0.02115987460815047
Ventral Mesoderm 1,esrp1,5.450159,1.7925882,5.03247593967341e-08,4.159608237864147e-06,0.6470588235294118,0.3346394984326019
Ventral Mesoderm 1,alcam,5.405106,1.5214523,6.477010176868063e-08,5.293439665522022e-06,0.8088235294117647,0.4882445141065831
Ventral Mesoderm 1,stk17a,5.401258,1.8327695,6.617518006478668e-08,5.388091806692948e-06,0.6176470588235294,0.2829153605015674
Ventral Mesoderm 1,ptpn13,5.394364,1.4661812,6.876680309304801e-08,5.578291488079556e-06,0.8235294117647058,0.670846394984326
Ventral Mesoderm 1,prcp,5.3776894,5.8387938,7.544791425025229e-08,6.052753444318953e-06,0.39705882352941174,0.013322884012539185
Ventral Mesoderm 1,usp53,5.3639007,2.2400527,8.144370814105e-08,6.509828407860264e-06,0.5735294117647058,0.23667711598746083
Ventral Mesoderm 1,lmln2,5.3409734,2.718353,9.244891993351622e-08,7.362510517771012e-06,0.4852941176470588,0.10188087774294671
Ventral Mesoderm 1,LOC116406975,5.220564,2.9010901,1.7837902807751535e-07,1.3802867984678945e-05,0.47058823529411764,0.1206896551724138
Ventral Mesoderm 1,tnk2l,5.1764727,2.5276244,2.261200330565389e-07,1.7435212866878924e-05,0.4852941176470588,0.13479623824451412
Ventral Mesoderm 1,LOC116407552,5.156271,1.2525563,2.5191627931487904e-07,1.922050745080411e-05,0.8382352941176471,0.6003134796238244
Ventral Mesoderm 1,rhof,5.1208377,2.3605185,3.0418146691169686e-07,2.304702704680603e-05,0.5,0.1536050156739812
Ventral Mesoderm 1,LOC595077,5.118112,5.3894105,3.086093400042132e-07,2.330160694889943e-05,0.38235294117647056,0.017241379310344827
Ventral Mesoderm 1,kcnk5,5.11715,3.0327647,3.101869267700986e-07,2.333894479863291e-05,0.4411764705882353,0.07993730407523511
Ventral Mesoderm 1,ppl,5.1165085,5.2556367,3.11242974034287e-07,2.333894479863291e-05,0.38235294117647056,0.016457680250783698
Ventral Mesoderm 1,agap1,5.089092,1.0173379,3.597821644022817e-07,2.6794561806901667e-05,0.9558823529411765,0.8252351097178683
Ventral Mesoderm 1,zswim8,5.070493,2.2236261,3.9678557748550737e-07,2.9449857436432845e-05,0.5147058823529411,0.1810344827586207
Ventral Mesoderm 1,tfap2a,5.055262,1.9631661,4.2980048347298664e-07,3.1684717398189326e-05,0.5882352941176471,0.27899686520376177
Ventral Mesoderm 1,klf17,5.0467644,4.1507244,4.493550380089309e-07,3.3014734964285794e-05,0.39705882352941174,0.041536050156739814
Ventral Mesoderm 1,rin2,5.0454817,2.6885958,4.5238022797205084e-07,3.312546629053061e-05,0.47058823529411764,0.13009404388714735
Ventral Mesoderm 1,slc9a3r2,5.0347395,3.044833,4.784992031303442e-07,3.4920839837816856e-05,0.4411764705882353,0.09404388714733543
Ventral Mesoderm 1,stard13,5.019508,1.2973331,5.180400640190608e-07,3.7430967672052736e-05,0.8235294117647058,0.6105015673981191
Ventral Mesoderm 1,ugcg,5.0029936,3.9949632,5.64467698524447e-07,4.0384425080334286e-05,0.39705882352941174,0.04231974921630094
Ventral Mesoderm 1,LOC100498107,4.98664,5.853538,6.143841911784563e-07,4.3812017763742144e-05,0.36764705882352944,0.009404388714733543
Ventral Mesoderm 1,lpin2,4.9800663,3.1859448,6.356249149128043e-07,4.5179059505903266e-05,0.4264705882352941,0.08150470219435736
Ventral Mesoderm 1,cpeb2,4.894449,1.3413852,9.85814755505084e-07,6.939181864476271e-05,0.7794117647058824,0.6387147335423198
Ventral Mesoderm 1,mfge8,4.8535647,2.2100317,1.2126187058585547e-06,8.400175485885562e-05,0.5,0.1778996865203762
Ventral Mesoderm 1,slc2a11.3,4.7429357,5.4383154,2.1064328755900883e-06,0.00014186565363657813,0.35294117647058826,0.012539184952978056
Ventral Mesoderm 1,traf4,4.7405305,2.0610468,2.1315927012913753e-06,0.00014267939980024263,0.5,0.16379310344827586
Ventral Mesoderm 1,smtnl2,4.6672587,5.1533103,3.052445330602815e-06,0.0002006247275876025,0.35294117647058826,0.023510971786833857
Ventral Mesoderm 1,twsg1,4.6656556,1.8280354,3.0763454844808288e-06,0.0002015883928434119,0.5441176470588235,0.21865203761755486
Ventral Mesoderm 1,cyb561,4.6544323,1.4608185,3.2487439124559718e-06,0.00021035857837893698,0.6764705882352942,0.3769592476489028
Ventral Mesoderm 1,crb2,4.642087,6.7890525,3.4490780949146635e-06,0.00022201278203284034,0.3382352941176471,0.0054858934169279
Ventral Mesoderm 1,rab23,4.627817,2.5440207,3.695397503609705e-06,0.00023716843801843346,0.4411764705882353,0.10893416927899686
Ventral Mesoderm 1,mreg,4.603126,4.490183,4.161958053374099e-06,0.00026575455152709856,0.35294117647058826,0.02586206896551724
Ventral Mesoderm 1,tbcd,4.602966,4.34287,4.165164594760446e-06,0.00026575455152709856,0.35294117647058826,0.0219435736677116
Ventral Mesoderm 1,fnbp1l,4.568655,1.0377351,4.908642602576101e-06,0.0003113706111360846,0.8382352941176471,0.6739811912225705
Ventral Mesoderm 1,LOC101732242,4.556309,5.4852138,5.20602509047752e-06,0.0003292773144907535,0.3382352941176471,0.012539184952978056
Ventral Mesoderm 1,lsp1,4.5279307,1.2769488,5.956413412453634e-06,0.00037564999154089814,0.6911764705882353,0.5313479623824452
Ventral Mesoderm 1,pank1,4.5219984,3.135663,6.125854304411323e-06,0.0003852226708258198,0.38235294117647056,0.06347962382445141
Ventral Mesoderm 1,syne2,4.473578,2.2269344,7.692143560382356e-06,0.0004754965003713977,0.45588235294117646,0.1536050156739812
Ventral Mesoderm 1,tfap2c,4.4697304,1.6947876,7.83183410259054e-06,0.0004827639885667463,0.5735294117647058,0.2836990595611285
Ventral Mesoderm 1,nectin3,4.4626756,3.0521338,8.094256215025114e-06,0.0004975345489241211,0.38235294117647056,0.06818181818181818
Ventral Mesoderm 1,MGC76092,4.4416723,1.0908668,8.9262514881701e-06,0.0005440774685010049,0.8529411764705882,0.5697492163009404
Ventral Mesoderm 1,LOC101734097,4.404475,3.3873444,1.0604031223394615e-05,0.0006427515703491497,0.36764705882352944,0.06191222570532915
Ventral Mesoderm 1,nexn,4.377379,3.2542298,1.201149827941961e-05,0.0007240411711470036,0.36764705882352944,0.05642633228840126
Ventral Mesoderm 1,MGC69473,4.3542914,1.2514659,1.3349811768459427e-05,0.0007980992947932964,0.7058823529411765,0.43652037617554856
Ventral Mesoderm 1,samhd1,4.34403,2.522458,1.3989238433244529e-05,0.0008272606283247395,0.4264705882352941,0.13793103448275862
Ventral Mesoderm 1,LOC100496572,4.342587,1.656343,1.408146710297155e-05,0.0008304640369025465,0.5588235294117647,0.3072100313479624
Ventral Mesoderm 1,fbxw5,4.3227057,2.561043,1.5412713516409816e-05,0.0009016644011838568,0.39705882352941174,0.0932601880877743
Ventral Mesoderm 1,ventx1.2,4.295289,1.1342056,1.7446578631327266e-05,0.0010152047795045126,0.7647058823529411,0.512539184952978
Ventral Mesoderm 1,lrrc1,4.242861,1.3491721,2.2068847919803743e-05,0.0012706182861689642,0.6470588235294118,0.3495297805642633
Ventral Mesoderm 1,LOC100487973,4.2157645,2.660525,2.48933349653238e-05,0.001411905344833331,0.38235294117647056,0.09090909090909091
Ventral Mesoderm 1,atp1a1,4.2156043,1.4996291,2.491102872282812e-05,0.001411905344833331,0.7058823529411765,0.5478056426332288
Ventral Mesoderm 1,atf6,4.1877065,1.9634997,2.8178758372938416e-05,0.0015847646558141471,0.47058823529411764,0.19592476489028213
Ventral Mesoderm 1,angpt4.2,4.152273,5.4457173,3.2918896712637804e-05,0.0018231554445849478,0.3088235294117647,0.012539184952978056
Ventral Mesoderm 1,myo5b,4.1404085,1.8470191,3.466876888549748e-05,0.0019152081160770647,0.4852941176470588,0.22570532915360503
Ventral Mesoderm 1,arhgef38,4.1355987,1.8342568,3.5403045064834656e-05,0.001945919008462864,0.5147058823529411,0.2656739811912226
Ventral Mesoderm 1,foxk2,4.0967984,1.0472023,4.189034559302645e-05,0.002268211491775261,0.7205882352941176,0.5509404388714734
Ventral Mesoderm 1,fxyd3,4.0929503,2.341133,4.2591883414207054e-05,0.0023004888316371587,0.39705882352941174,0.1206896551724138
Ventral Mesoderm 1,nxpe3l.2,4.0916677,29.066032,4.282819594288902e-05,0.0023075408979500774,0.29411764705882354,0.0
Ventral Mesoderm 1,esyt2,4.089263,3.0406566,4.327463832056577e-05,0.002325851928061738,0.35294117647058826,0.06583072100313479
Ventral Mesoderm 1,rnf128,4.069542,3.845691,4.710565439814807e-05,0.002516645639584306,0.3235294117647059,0.03683385579937304
Ventral Mesoderm 1,cdx1,4.041644,3.7043219,5.307771845298124e-05,0.002811186636802193,0.3235294117647059,0.03605015673981191
Ventral Mesoderm 1,csrnp1,4.0368342,1.4364699,5.4177310656361204e-05,0.0028555630334117336,0.5588235294117647,0.26410658307210033
Ventral Mesoderm 1,phkb,4.0360327,4.7145724,5.4362661453515955e-05,0.0028584280375353534,0.3088235294117647,0.022727272727272728
Ventral Mesoderm 1,abo.4,4.0273747,1.6711744,5.6403107860527044e-05,0.002944431140250145,0.4852941176470588,0.20768025078369906
Ventral Mesoderm 1,rfx3,4.003165,2.82242,6.25007859610793e-05,0.0032241835708196488,0.35294117647058826,0.07053291536050156
Ventral Mesoderm 1,msh2,3.973343,4.152635,7.087091347258271e-05,0.0036302211335333973,0.3088235294117647,0.023510971786833857
Ventral Mesoderm 1,synrg,3.959875,2.781013,7.49890015900617e-05,0.0038143007079178004,0.35294117647058826,0.07366771159874608
Ventral Mesoderm 1,ca12,3.958913,3.121185,7.529164914842781e-05,0.0038207885489949843,0.3382352941176471,0.06191222570532915
Ventral Mesoderm 1,LOC100487159,3.9544237,3.0017905,7.67193403975473e-05,0.0038842058626795354,0.3382352941176471,0.05329153605015674
Ventral Mesoderm 1,dvl3,3.9406352,2.2827797,8.126613506744545e-05,0.004085963901628404,0.38235294117647056,0.10031347962382445
Ventral Mesoderm 1,esam,3.9258847,3.7257502,8.641155529472365e-05,0.004324739789188451,0.3235294117647059,0.050156739811912224
Ventral Mesoderm 1,igsf3,3.9181888,1.9860672,8.921683899526541e-05,0.004434625612108626,0.4117647058823529,0.13166144200626959
Ventral Mesoderm 1,ttf2,3.9098516,2.265806,9.235288443304591e-05,0.004569687735177993,0.38235294117647056,0.11128526645768025
Ventral Mesoderm 1,taok1,3.879228,1.5992163,0.00010478845462824475,0.005092625542189151,0.47058823529411764,0.2139498432601881
Ventral Mesoderm 1,cldn7,3.8744183,2.0780542,0.0001068797553456121,0.005182718091992448,0.39705882352941174,0.12617554858934169
Ventral Mesoderm 1,kalrn,3.8630345,3.3049302,0.00011198714029465553,0.005397961103516126,0.3235294117647059,0.050940438871473356
Ventral Mesoderm 1,fzd3,3.8628743,1.6242255,0.00011206069290558658,0.005397961103516126,0.47058823529411764,0.20141065830721003
Ventral Mesoderm 1,sgpl1,3.8537354,2.8873875,0.00011632933477584662,0.005591238797673456,0.3382352941176471,0.06896551724137931
Ventral Mesoderm 1,b3gnt3.2,3.8486047,3.1699564,0.00011879250650945796,0.0056970797462480936,0.3235294117647059,0.0493730407523511
Ventral Mesoderm 1,itpr2,3.8426723,1.3083757,0.00012170184038618179,0.005823806708479985,0.5735294117647058,0.32445141065830724
Ventral Mesoderm 1,upk1b,3.8399467,4.5463777,0.00012306096640273047,0.005875959185719873,0.29411764705882354,0.019592476489028215
Ventral Mesoderm 1,hip1r,3.827441,1.4819853,0.00012948244135664876,0.006128929181872955,0.5441176470588235,0.27507836990595613
Ventral Mesoderm 1,sgk1,3.8232722,3.08161,0.0001316922012991468,0.006206599405072747,0.3235294117647059,0.05172413793103448
Ventral Mesoderm 1,osbpl1a,3.8096442,1.8191067,0.0001391669741370787,0.006530672134720848,0.4411764705882353,0.1786833855799373
Ventral Mesoderm 1,mtmr10,3.8022687,2.4645722,0.0001433770208432452,0.006713798222790673,0.38235294117647056,0.14576802507836992
Ventral Mesoderm 1,LOC100497952,3.7831893,5.5566177,0.00015483153165028605,0.0072191855814976325,0.27941176470588236,0.007836990595611285
Ventral Mesoderm 1,pacrg,3.7237062,2.6643984,0.00019631933310200854,0.008999756654661614,0.3382352941176471,0.07288401253918496
Ventral Mesoderm 1,LOC101730328,3.713926,4.920016,0.00020406847715431764,0.009315854058544697,0.27941176470588236,0.014106583072100314
Ventral Mesoderm 1,gas6,3.7078333,1.3323712,0.00020904009802415706,0.009507332255150514,0.5294117647058824,0.2782131661442006
Ventral Mesoderm 1,ptpn14,3.690678,1.9927447,0.00022365720126182837,0.010042024256655055,0.38235294117647056,0.12539184952978055
Ventral Mesoderm 1,ndfip1,3.6706364,3.0937893,0.00024194728883703538,0.01081871268383801,0.3088235294117647,0.045454545454545456
Ventral Mesoderm 1,ezr,3.6648645,1.6901436,0.0002474695844559289,0.011043013910864671,0.4411764705882353,0.1841692789968652
Ventral Mesoderm 1,cep128,3.5981665,3.0992286,0.0003204685079010063,0.013975185994304955,0.3088235294117647,0.05799373040752351
Ventral Mesoderm 1,LOC100496311,3.595601,5.7830253,0.00032364335539827866,0.014068170633756651,0.2647058823529412,0.006269592476489028
Ventral Mesoderm 1,astl2d.1,3.536599,3.5423417,0.0004053145071764552,0.017240483160033973,0.29411764705882354,0.047021943573667714
Ventral Mesoderm 1,iqce,3.5356371,3.3117058,0.00040679318546237627,0.017269716147810338,0.29411764705882354,0.0438871473354232
Ventral Mesoderm 1,atp10b,3.5228105,1.3827767,0.00042699654824326845,0.017918253229262233,0.5,0.2672413793103448
Ventral Mesoderm 1,e4f1,3.5207262,1.140407,0.00043036677292239623,0.018025016030594258,0.5735294117647058,0.37460815047021945
Ventral Mesoderm 1,cgn,3.5091822,1.1665305,0.0004494867102494683,0.018753823144079633,0.5735294117647058,0.3573667711598746
Ventral Mesoderm 1,nrp2,3.4920268,1.579118,0.00047937016196988993,0.019886570920807926,0.5882352941176471,0.45454545454545453
Ventral Mesoderm 1,dtx2,3.487217,1.6772746,0.00048807546227990476,0.020209287784458827,0.4117647058823529,0.16222570532915362
Ventral Mesoderm 1,arl4c,3.4767952,2.0438676,0.0005074451363590328,0.02089237796318954,0.35294117647058826,0.09952978056426333
Ventral Mesoderm 1,kidins220,3.4767952,1.9786813,0.0005074451363590328,0.02089237796318954,0.36764705882352944,0.12304075235109718
Ventral Mesoderm 1,ece1,3.470382,1.105137,0.0005197186495205863,0.02127726200973492,0.5588235294117647,0.36912225705329155
Ventral Mesoderm 1,upk1a,3.4658928,3.5246172,0.000528474127356387,0.021595194631168015,0.27941176470588236,0.032915360501567396
Ventral Mesoderm 1,elovl3,3.4609225,4.472641,0.0005383279223976108,0.021914076343564497,0.2647058823529412,0.018025078369905956
Ventral Mesoderm 1,lekr1,3.4439273,2.7248282,0.0005733299502434931,0.023210821603456888,0.3088235294117647,0.06269592476489028
Ventral Mesoderm 1,anxa4,3.4429653,2.9678907,0.0005753732232883401,0.0232504057506942,0.29411764705882354,0.045454545454545456
Ventral Mesoderm 1,lmln,3.4198775,3.3240619,0.0006264934582068085,0.025176268419025358,0.27941176470588236,0.03605015673981191
Ventral Mesoderm 1,nek2,3.4015996,4.0343947,0.0006699269913040155,0.026822893352742978,0.2647058823529412,0.02115987460815047
Ventral Mesoderm 1,ckmt1b,3.4009583,5.9371414,0.0006715006436994539,0.02683665850946114,0.25,0.006269592476489028
Ventral Mesoderm 1,tspan15,3.390697,3.2877965,0.0006971510779158553,0.027707730499499237,0.27941176470588236,0.03605015673981191
Ventral Mesoderm 1,acaca,3.390216,2.9671957,0.0006983754995061904,0.027707730499499237,0.29411764705882354,0.05877742946708464
Ventral Mesoderm 1,katnb1,3.377069,2.1141503,0.0007326269999377644,0.02901389068174584,0.3382352941176471,0.09482758620689655
Ventral Mesoderm 1,ebf4,3.32448,1.8350079,0.0008858357046124995,0.03433189864199328,0.36764705882352944,0.13949843260188088
Ventral Mesoderm 1,reps1,3.3204718,1.7995665,0.0008986545142809873,0.03464583066453255,0.45588235294117646,0.2907523510971787
Ventral Mesoderm 1,marveld2,3.3150206,3.6185584,0.0009163641235786098,0.035266281376735174,0.2647058823529412,0.02821316614420063
Ventral Mesoderm 1,abo.3,3.3108518,3.732068,0.0009301243856048183,0.03573282432796257,0.2647058823529412,0.029780564263322883
Ventral Mesoderm 1,znf84,3.299789,2.1847436,0.0009675756233756596,0.037018570157839735,0.3235294117647059,0.09247648902821316
Ventral Mesoderm 1,LOC100488209,3.2994683,1.3394358,0.0009686817084517891,0.037018570157839735,0.47058823529411764,0.28213166144200624
Ventral Mesoderm 1,bcorl1,3.2884054,1.3212506,0.001007566409840691,0.03823670718110212,0.47058823529411764,0.2476489028213166
Ventral Mesoderm 1,slc1a3,3.2728531,3.28867,0.0010646775485748442,0.04026400136473427,0.27941176470588236,0.052507836990595615
Ventral Mesoderm 1,iqgap1,3.2266777,2.2118096,0.001252364626005659,0.04655510818410474,0.3235294117647059,0.1042319749216301
Ventral Mesoderm 1,inppl1,3.221066,1.7931864,0.001277147173596689,0.04728711369422221,0.35294117647058826,0.12460815047021943
Ventral Mesoderm 1,pros1,3.2207453,1.2570585,0.0012785769020949502,0.04728711369422221,0.47058823529411764,0.25313479623824453
Ventral Mesoderm 1,cdc42bpa,-3.208079,-1.0701299,0.0013362471409807798,0.0491707400730887,0.3382352941176471,0.5211598746081505
Ventral Mesoderm 1,hkdc1,-3.2085602,-2.1549428,0.0013340140002621498,0.0491707400730887,0.08823529411764706,0.3181818181818182
Ventral Mesoderm 1,brd9,-3.2417488,-1.041453,0.0011879867020132089,0.04431291935834228,0.35294117647058826,0.5501567398119123
Ventral Mesoderm 1,utp25,-3.2436728,-1.1581628,0.0011799920287709766,0.04409007886954021,0.3235294117647059,0.5086206896551724
Ventral Mesoderm 1,cfdp1,-3.269326,-1.4988092,0.001078040527919415,0.04055848682711992,0.23529411764705882,0.4216300940438871
Ventral Mesoderm 1,LOC116406756,-3.270769,-28.73137,0.0010725552128752513,0.04042180880855071,0.0,0.23510971786833856
Ventral Mesoderm 1,sufu,-3.2714102,-1.3626355,0.0010701255920808426,0.04040001824359181,0.22058823529411764,0.4537617554858934
Ventral Mesoderm 1,mnt,-3.291131,-1.8150637,0.0009978542076865126,0.03800030831749981,0.16176470588235295,0.3761755485893417
Ventral Mesoderm 1,ccnyl1,-3.2959409,-1.9320706,0.0009809261703692595,0.03742096147487345,0.10294117647058823,0.3448275862068966
Ventral Mesoderm 1,snd1,-3.3039575,-1.5751172,0.0009533025569819556,0.03655890175026934,0.22058823529411764,0.4153605015673981
Ventral Mesoderm 1,flot1,-3.3220751,-1.7423006,0.00089350649653911,0.03450832789553968,0.16176470588235295,0.38557993730407525
Ventral Mesoderm 1,rnf11,-3.335062,-1.127273,0.0008528039795857974,0.03317118652146468,0.3382352941176471,0.5579937304075235
Ventral Mesoderm 1,pdgfa,-3.3424373,-2.7589595,0.0008304614029215232,0.03235981834491171,0.07352941176470588,0.30329153605015674
Ventral Mesoderm 1,chrd.1,-3.3438802,-2.772989,0.0008261540458487647,0.032249566072389796,0.1323529411764706,0.34717868338557994
Ventral Mesoderm 1,ppt1,-3.3700142,-1.191933,0.0007516428694017404,0.029605774464287686,0.3088235294117647,0.5329153605015674
Ventral Mesoderm 1,tox,-3.373221,-4.845867,0.0007429431723565773,0.029316027059661614,0.014705882352941176,0.2547021943573668
Ventral Mesoderm 1,eml2,-3.375145,-2.05119,0.0007377683386350326,0.029164570502454794,0.1323529411764706,0.3628526645768025
Ventral Mesoderm 1,phf10,-3.3953466,-1.1303232,0.0006854174299117757,0.027292871784862876,0.35294117647058826,0.554858934169279
Ventral Mesoderm 1,zc4h2,-3.4064095,-2.8294098,0.0006582334349599745,0.026403146662245594,0.058823529411764705,0.30094043887147337
Ventral Mesoderm 1,grpel2,-3.425008,-1.8332502,0.0006147811009807316,0.02475117786808218,0.1323529411764706,0.3706896551724138
Ventral Mesoderm 1,bsg,-3.4304593,-1.3897471,0.000602560187922431,0.024304003439289033,0.2647058823529412,0.46316614420062696
Ventral Mesoderm 1,snai1,-3.4490578,-4.794281,0.0005625461344046447,0.02281657843651255,0.014705882352941176,0.2601880877742947
Ventral Mesoderm 1,rnmt,-3.4604414,-1.145481,0.0005392905456438356,0.021914076343564497,0.35294117647058826,0.5352664576802508
Ventral Mesoderm 1,pnhd,-3.463167,-1.1041175,0.0005338568117179269,0.021774372875695107,0.45588235294117646,0.707680250783699
Ventral Mesoderm 1,LOC100145508,-3.4719853,-1.6981522,0.000516624594897168,0.021190348280547187,0.19117647058823528,0.4224137931034483
Ventral Mesoderm 1,gnai2,-3.473268,-1.1298397,0.0005141617219863601,0.021129045076204073,0.4264705882352941,0.5697492163009404
Ventral Mesoderm 1,ago3,-3.486255,-2.2486517,0.0004898341195487711,0.02024369379294268,0.11764705882352941,0.3503134796238245
Ventral Mesoderm 1,bcar1,-3.496516,-1.6805539,0.0004713760792755336,0.019592185573088415,0.20588235294117646,0.42554858934169276
Ventral Mesoderm 1,epb41l4a,-3.5247345,-3.7825239,0.0004239074591680928,0.017822899164753284,0.029411764705882353,0.28056426332288403
Ventral Mesoderm 1,lama1,-3.528903,-3.0125332,0.0004172858823231294,0.017612369899754364,0.058823529411764705,0.3072100313479624
Ventral Mesoderm 1,dlc,-3.5773232,-2.6792912,0.0003471307067225937,0.014852429708615132,0.10294117647058823,0.33699059561128525
Ventral Mesoderm 1,mcm3ap,-3.5778043,-1.2122072,0.00034649270538022033,0.014852429708615132,0.3382352941176471,0.5462382445141066
Ventral Mesoderm 1,ripor1,-3.583416,-2.5627413,0.0003391299569643912,0.01462481183976281,0.08823529411764706,0.3322884012539185
Ventral Mesoderm 1,atxn7,-3.585821,-1.0201721,0.00033601952192977594,0.01451937027332602,0.47058823529411764,0.6543887147335423
Ventral Mesoderm 1,foxc1,-3.5869431,-28.951338,0.0003345771387282452,0.01448572965116873,0.0,0.25783699059561127
Ventral Mesoderm 1,pik3r3,-3.5978458,-28.80476,0.00032086376349144325,0.013975185994304955,0.0,0.25862068965517243
Ventral Mesoderm 1,foxp1,-3.6012127,-1.2617886,0.0003167362435675485,0.013850704550876704,0.3382352941176471,0.554858934169279
Ventral Mesoderm 1,slc4a11,-3.6036177,-1.3754169,0.00031381850334884546,0.013750669802359753,0.29411764705882354,0.49843260188087773
Ventral Mesoderm 1,zfhx3,-3.6255832,-3.074769,0.0002883100642969558,0.012658378094615437,0.058823529411764705,0.3103448275862069
Ventral Mesoderm 1,sesn2,-3.6321568,-1.7448012,0.00028106225402353295,0.012390019080904065,0.16176470588235295,0.41849529780564265
Ventral Mesoderm 1,tbxt.2,-3.6959689,-29.104305,0.00021904982921458444,0.009855435718126694,0.0,0.2656739811912226
Ventral Mesoderm 1,atf7ip,-3.7007787,-1.2804295,0.00021493877608726866,0.00969045254752126,0.3235294117647059,0.5274294670846394
Ventral Mesoderm 1,adam10,-3.705749,-1.1060947,0.00021076687232066571,0.009541792367031633,0.4264705882352941,0.6512539184952978
Ventral Mesoderm 1,mms19,-3.7073524,-1.5028099,0.00020943740102757552,0.009507332255150514,0.25,0.4827586206896552
Ventral Mesoderm 1,slc12a2,-3.7254698,-3.1866407,0.00019495171190661334,0.008955876432661493,0.058823529411764705,0.31426332288401254
Ventral Mesoderm 1,pbx2,-3.7320435,-1.0010439,0.0001899326847159149,0.008743715428662403,0.5294117647058824,0.6943573667711599
Ventral Mesoderm 1,mybl2,-3.7421443,-1.1513922,0.0001824566066824682,0.008417305738727565,0.38235294117647056,0.6026645768025078
Ventral Mesoderm 1,stox1,-3.75449,-1.1110485,0.00017369480511375483,0.00803007275929501,0.4264705882352941,0.6442006269592476
Ventral Mesoderm 1,scube2,-3.7637892,-1.0011971,0.00016735797137574043,0.007753542024182657,0.5147058823529411,0.6849529780564263
Ventral Mesoderm 1,fzd7,-3.7734091,-1.0942762,0.00016103189772312813,0.007476334128119955,0.4411764705882353,0.6246081504702194
Ventral Mesoderm 1,LOC116408047,-3.781105,-2.2215786,0.00015613377335265598,0.007264381808802358,0.11764705882352941,0.3793103448275862
Ventral Mesoderm 1,taok3,-3.8107665,-1.2101135,0.00013853661597294583,0.006515102364538041,0.36764705882352944,0.5979623824451411
Ventral Mesoderm 1,snca,-3.824555,-4.0728474,0.0001310085184580781,0.006187742167259138,0.029411764705882353,0.30094043887147337
Ventral Mesoderm 1,wwtr1,-3.8356178,-1.1283941,0.0001252490258887725,0.00595437689306951,0.45588235294117646,0.6747648902821317
Ventral Mesoderm 1,rela,-3.8364196,-1.4111176,0.00012484108267050103,0.005947941626534941,0.2647058823529412,0.5266457680250783
Ventral Mesoderm 1,pabpn1,-3.863195,-1.2224939,0.000111913633225703,0.005397961103516126,0.36764705882352944,0.572884012539185
Ventral Mesoderm 1,wls,-3.8957422,-1.7963598,9.789844223905601e-05,0.004792949872825481,0.17647058823529413,0.4482758620689655
Ventral Mesoderm 1,tmem131,-3.9029572,-3.2003965,9.502450434944807e-05,0.004691243686446395,0.04411764705882353,0.32445141065830724
Ventral Mesoderm 1,rac1,-3.9181888,-1.4693979,8.921683899526541e-05,0.004434625612108626,0.27941176470588236,0.5235109717868338
Ventral Mesoderm 1,LOC100488690,-3.9213953,-1.8395668,8.80376726974094e-05,0.00439604131791801,0.17647058823529413,0.4373040752351097
Ventral Mesoderm 1,sdc4,-3.9286103,-2.1147916,8.54381594799501e-05,0.004285853052901129,0.1323529411764706,0.4067398119122257
Ventral Mesoderm 1,irf6,-3.9537823,-1.0287476,7.692537383822313e-05,0.0038856217188052472,0.5294117647058824,0.7202194357366771
Ventral Mesoderm 1,rbms1,-3.9626007,-1.2125072,7.413773553463174e-05,0.003779811979208409,0.4117647058823529,0.6410658307210031
Ventral Mesoderm 1,macrod2,-3.9760685,-1.9367026,7.006394498728053e-05,0.0035973302201587026,0.1323529411764706,0.4231974921630094
Ventral Mesoderm 1,nop58,-3.9962704,-1.019853,6.434825024607003e-05,0.0033116584165554103,0.5735294117647058,0.7735109717868338
Ventral Mesoderm 1,lrp2,-4.0113416,-2.1941786,6.037469904060834e-05,0.0031261306909386344,0.16176470588235295,0.42398119122257055
Ventral Mesoderm 1,znhit6,-4.0143876,-1.4862697,5.960028026649992e-05,0.0030965183707030827,0.27941176470588236,0.5289968652037618
Ventral Mesoderm 1,tjp1,-4.0185566,-1.1228254,5.855578121170636e-05,0.003049512414846407,0.4852941176470588,0.7068965517241379
Ventral Mesoderm 1,nectin1,-4.0341086,-1.2655803,5.4809957611196235e-05,0.002868124904158065,0.5147058823529411,0.6606583072100314
Ventral Mesoderm 1,hap1,-4.037155,-1.0353621,5.41033381190622e-05,0.0028555630334117336,0.6176470588235294,0.7633228840125392
Ventral Mesoderm 1,cdc25b,-4.0600824,-1.1510841,4.905540295081685e-05,0.002610824262901889,0.5441176470588235,0.7523510971786834
Ventral Mesoderm 1,slc7a6os,-4.0692215,-1.1925077,4.717052685898818e-05,0.002516645639584306,0.5,0.6590909090909091
Ventral Mesoderm 1,kmt2a,-4.1060977,-1.0015215,4.023994786780806e-05,0.002184268413988656,0.6911764705882353,0.8753918495297806
Ventral Mesoderm 1,fhdc1,-4.1123505,-1.1522977,3.916509870483067e-05,0.0021312259821399254,0.47058823529411764,0.6857366771159875
Ventral Mesoderm 1,atp2a3,-4.122772,-1.9529465,3.7433997258769866e-05,0.002042118135459043,0.19117647058823528,0.46551724137931033
Ventral Mesoderm 1,rev3l,-4.125498,-2.0546818,3.699337710889615e-05,0.002023139052363967,0.16176470588235295,0.4333855799373041
Ventral Mesoderm 1,LOC100127805,-4.1301475,-1.663635,3.625307374404612e-05,0.001987633975298569,0.35294117647058826,0.5979623824451411
Ventral Mesoderm 1,gpd1l,-4.138645,-1.406638,3.493630797769121e-05,0.0019251140817707064,0.39705882352941174,0.7084639498432602
Ventral Mesoderm 1,ror2,-4.153716,-1.0056976,3.2711889629849645e-05,0.0018163006198802776,0.6911764705882353,0.7492163009404389
Ventral Mesoderm 1,slc7a6,-4.1567626,-1.873287,3.227892857926436e-05,0.0017968329095105295,0.20588235294117646,0.4663009404388715
Ventral Mesoderm 1,tns3,-4.1578846,-2.0394871,3.212079335561785e-05,0.001792603150416719,0.14705882352941177,0.4443573667711599
Ventral Mesoderm 1,has2,-4.164779,-3.0103498,3.1165421993806e-05,0.0017437453162226684,0.07352941176470588,0.3605015673981191
Ventral Mesoderm 1,LOC101731566,-4.187065,-1.7463837,2.8258469081062445e-05,0.0015851620920767702,0.23529411764705882,0.4827586206896552
Ventral Mesoderm 1,has1,-4.192196,-1.3240073,2.7626739369881007e-05,0.0015577340563053578,0.4264705882352941,0.6332288401253918
Ventral Mesoderm 1,olfm4,-4.2192917,-29.366087,2.4507083590794074e-05,0.0013962638930410378,0.0,0.30329153605015674
Ventral Mesoderm 1,enah,-4.234042,-1.1674765,2.2952763778953027e-05,0.0013180322590014054,0.5,0.7178683385579937
Ventral Mesoderm 1,cmtm8,-4.255687,-1.3964568,2.0840790937123136e-05,0.0012062782467877028,0.5735294117647058,0.8221003134796239
Ventral Mesoderm 1,adamts5,-4.2935257,-2.2950923,1.7585810377319572e-05,0.0010205850219241767,0.16176470588235295,0.44670846394984326
Ventral Mesoderm 1,tdrd7,-4.339701,-2.5289733,1.4267667131270581e-05,0.0008391772627262948,0.14705882352941177,0.43260188087774293
Ventral Mesoderm 1,prtg,-4.3457937,-2.3398492,1.3877296810946905e-05,0.0008251130618846659,0.16176470588235295,0.44749216300940436
Ventral Mesoderm 1,app,-4.3504434,-1.4609596,1.3586258711973778e-05,0.0008100157140819122,0.35294117647058826,0.5869905956112853
Ventral Mesoderm 1,c7,-4.375455,-2.8303742,1.2117940867256071e-05,0.0007284451450809772,0.10294117647058823,0.3942006269592476
Ventral Mesoderm 1,fgfrl1,-4.3886023,-2.5152316,1.1408148746776078e-05,0.0006895767695385063,0.11764705882352941,0.4224137931034483
Ventral Mesoderm 1,tcf7l1,-4.4322124,-1.0927825,9.327101771874073e-06,0.0005669267068636884,0.8235294117647058,0.9051724137931034
Ventral Mesoderm 1,pcyt2,-4.4577055,-2.9498556,8.28416934691726e-06,0.0005077776947165211,0.08823529411764706,0.39184952978056425
Ventral Mesoderm 1,hk2,-4.479831,-1.7134033,7.4702139965318965e-06,0.00046308960118841624,0.29411764705882354,0.5697492163009404
Ventral Mesoderm 1,hmga2,-4.4817553,-1.2197057,7.403168879095845e-06,0.00046024087780840577,0.5294117647058824,0.7774294670846394
Ventral Mesoderm 1,sema6d,-4.511096,-1.3685625,6.449359300632967e-06,0.00040440077384802295,0.4117647058823529,0.6747648902821317
Ventral Mesoderm 1,chsy1,-4.5941477,-1.5498496,4.345216591586743e-06,0.000276434318498584,0.35294117647058826,0.6293103448275862
Ventral Mesoderm 1,ptch2,-4.6525083,-1.8052984,3.2792134004608924e-06,0.00021170330062561283,0.2647058823529412,0.5532915360501567
Ventral Mesoderm 1,slc25a17,-4.656036,-1.3610743,3.223560271550112e-06,0.00020934913299254463,0.4117647058823529,0.6802507836990596
Ventral Mesoderm 1,c9,-4.6637316,-2.7973943,3.1052626641981293e-06,0.00020287406166307598,0.14705882352941177,0.44043887147335425
Ventral Mesoderm 1,fgfr2,-4.678963,-1.0162123,2.8832922196462855e-06,0.0001900795151809716,0.7352941176470589,0.8440438871473355
Ventral Mesoderm 1,st3gal5,-4.687461,-2.4887362,2.766157216684139e-06,0.00018291005037958968,0.1323529411764706,0.45141065830721006
Ventral Mesoderm 1,dhx32,-4.703173,-3.5505242,2.5614885476357105e-06,0.0001698913118478992,0.04411764705882353,0.3816614420062696
Ventral Mesoderm 1,rdh10,-4.739248,-1.4824347,2.1451290331765587e-06,0.00014314636279188285,0.5441176470588235,0.8330721003134797
Ventral Mesoderm 1,wnt8a,-4.746623,-1.8635738,2.068407636390767e-06,0.00013973598462440535,0.27941176470588236,0.579153605015674
Ventral Mesoderm 1,robo1,-4.7820563,-4.4514446,1.7351087089267033e-06,0.00011794955494545045,0.029411764705882353,0.3683385579937304
Ventral Mesoderm 1,senp7,-4.808351,-1.0321498,1.5218043815091844e-06,0.00010377279190284973,0.6617647058823529,0.817398119122257
Ventral Mesoderm 1,zic3,-4.8123593,-3.3266578,1.4915892752348992e-06,0.00010203125258589572,0.058823529411764705,0.4012539184952978
Ventral Mesoderm 1,sema6a,-4.818933,-2.578605,1.4432812337126768e-06,9.90372320781268e-05,0.1323529411764706,0.4561128526645768
Ventral Mesoderm 1,pacsin1,-4.8421807,-2.592945,1.2842173228690603e-06,8.840033502310967e-05,0.16176470588235295,0.4835423197492163
Ventral Mesoderm 1,pald1,-4.850518,-2.8103719,1.2313932970263568e-06,8.503238333674725e-05,0.11764705882352941,0.43652037617554856
Ventral Mesoderm 1,spns2,-4.8670325,-3.7465322,1.132864724134533e-06,7.87268826284702e-05,0.058823529411764705,0.39733542319749215
Ventral Mesoderm 1,slc4a7,-4.878095,-1.3132867,1.0711518396876674e-06,7.467605205694758e-05,0.5588235294117647,0.6982758620689655
Ventral Mesoderm 1,tfdp2,-4.8894787,-1.5091176,1.0110329168134603e-06,7.071073486470037e-05,0.36764705882352944,0.6496865203761756
Ventral Mesoderm 1,ccdc88c,-4.892044,-1.3740927,9.979405362022877e-07,7.001948694684925e-05,0.47058823529411764,0.677115987460815
Ventral Mesoderm 1,plekhg3,-4.8999004,-1.1194524,9.588524970845616e-07,6.771236355625314e-05,0.6911764705882353,0.7954545454545454
Ventral Mesoderm 1,kcnk6,-4.9404645,-1.5010649,7.793674172854358e-07,5.521615718371914e-05,0.36764705882352944,0.6888714733542319
Ventral Mesoderm 1,ndst1,-5.007483,-1.7153447,5.514640707497958e-07,3.9583873315234524e-05,0.3382352941176471,0.6105015673981191
Ventral Mesoderm 1,fgf16,-5.0241575,-4.257014,5.056471483619147e-07,3.66568984199513e-05,0.04411764705882353,0.39655172413793105
Ventral Mesoderm 1,LOC733735,-5.056865,-1.6463281,4.2620417593460604e-07,3.1526106179895045e-05,0.3235294117647059,0.6183385579937304
Ventral Mesoderm 1,prkce,-5.098872,-1.5353918,3.416831751821748e-07,2.553379645770629e-05,0.4264705882352941,0.6998432601880877
Ventral Mesoderm 1,cass4,-5.1208377,-3.1734717,3.0418146691169686e-07,2.304702704680603e-05,0.10294117647058823,0.44592476489028215
Ventral Mesoderm 1,tmx2,-5.1657305,-2.2719412,2.395016192968767e-07,1.8337420472551387e-05,0.20588235294117646,0.5227272727272727
Ventral Mesoderm 1,lhx1,-5.1743884,-3.460869,2.2865865753609137e-07,1.7568875232729047e-05,0.08823529411764706,0.43495297805642635
Ventral Mesoderm 1,ell2,-5.254234,-1.3118371,1.4864204241708523e-07,1.1542768710260557e-05,0.6029411764705882,0.7719435736677116
Ventral Mesoderm 1,hmcn2,-5.2545543,-2.4038684,1.4838331277862922e-07,1.1542768710260557e-05,0.20588235294117646,0.5360501567398119
Ventral Mesoderm 1,smc6.1,-5.2624106,-2.2824667,1.4217878588665313e-07,1.1160011823139057e-05,0.2647058823529412,0.5721003134796239
Ventral Mesoderm 1,eomes,-5.2693048,-1.8454814,1.3694134240566132e-07,1.0787714919256084e-05,0.27941176470588236,0.6269592476489029
Ventral Mesoderm 1,flrt3,-5.311472,-2.191814,1.0874318734441737e-07,8.597409750154099e-06,0.19117647058823528,0.5517241379310345
Ventral Mesoderm 1,khdrbs1,-5.322375,-1.0482335,1.0242131931465908e-07,8.127038577327912e-06,0.7647058823529411,0.9365203761755486
Ventral Mesoderm 1,auts2,-5.3776894,-1.4960172,7.544791425025229e-08,6.052753444318953e-06,0.47058823529411764,0.7296238244514106
Ventral Mesoderm 1,mknk2,-5.4475937,-2.0622318,5.105577413643811e-08,4.20410583936308e-06,0.23529411764705882,0.6018808777429467
Ventral Mesoderm 1,ccn6,-5.479981,-1.5381852,4.253717851556532e-08,3.5427624900311105e-06,0.5,0.7617554858934169
Ventral Mesoderm 1,fscn1,-5.497457,-3.285663,3.853071102506433e-08,3.2213741198388074e-06,0.10294117647058823,0.46865203761755486
Ventral Mesoderm 1,LOC105948415,-5.505634,-2.6039693,3.678420883783454e-08,3.099105100580647e-06,0.20588235294117646,0.5438871473354232
Ventral Mesoderm 1,rab34,-5.5057945,-29.729904,3.6750743152304065e-08,3.099105100580647e-06,0.0,0.3957680250783699
Ventral Mesoderm 1,lamc1,-5.5184608,-1.5911708,3.419822764794617e-08,2.9149981465071617e-06,0.47058823529411764,0.7115987460815048
Ventral Mesoderm 1,robo3,-5.5373797,-2.0378685,3.070304897216653e-08,2.6481076348681656e-06,0.27941176470588236,0.6050156739811913
Ventral Mesoderm 1,plpp2,-5.5405865,-1.2717067,3.01460611525125e-08,2.6103857159086317e-06,0.5882352941176471,0.7884012539184952
Ventral Mesoderm 1,kdm1a,-5.560788,-1.3216136,2.685590877281821e-08,2.3347521327954826e-06,0.5882352941176471,0.8283699059561128
Ventral Mesoderm 1,fam13a,-5.567041,-2.006119,2.5910135990621425e-08,2.2615403098054007e-06,0.27941176470588236,0.6175548589341693
Ventral Mesoderm 1,lefty,-5.6064825,-4.590909,2.064796226481602e-08,1.824126253362552e-06,0.029411764705882353,0.42946708463949845
Ventral Mesoderm 1,gli3,-5.621073,-1.7759585,1.8977518940203972e-08,1.683367645504841e-06,0.39705882352941174,0.682601880877743
Ventral Mesoderm 1,zswim4,-5.6263638,-1.2212715,1.8404794952865597e-08,1.6392286965978784e-06,0.8235294117647058,0.9592476489028213
Ventral Mesoderm 1,efna1,-5.6659656,-2.1110792,1.4619869866068824e-08,1.3128402483435712e-06,0.29411764705882354,0.6144200626959248
Ventral Mesoderm 1,amotl1,-5.696589,-2.3390589,1.222279846338251e-08,1.1206457364263435e-06,0.19117647058823528,0.5815047021943573
Ventral Mesoderm 1,eef1a1,-5.782848,-1.1679116,7.344656485093135e-09,6.908092636259367e-07,0.7647058823529411,0.9435736677115988
Ventral Mesoderm 1,arhgef17,-5.889308,-1.8968805,3.878160901261752e-09,3.7779173672514596e-07,0.36764705882352944,0.6810344827586207
Ventral Mesoderm 1,pcsk5,-5.915923,-1.169655,3.3001943634437476e-09,3.2585312762310415e-07,0.8235294117647058,0.9553291536050157
Ventral Mesoderm 1,acvr1,-5.9409347,-1.5127571,2.834012594489529e-09,2.852604055706873e-07,0.5441176470588235,0.7648902821316614
Ventral Mesoderm 1,itm2a,-5.942057,-1.5879682,2.814672327792609e-09,2.852604055706873e-07,0.45588235294117646,0.7515673981191222
Ventral Mesoderm 1,cdh2,-6.0324845,-1.5494822,1.614580349202411e-09,1.6857300382749192e-07,0.6029411764705882,0.8283699059561128
Ventral Mesoderm 1,sulf1,-6.0866766,-1.7984328,1.1527859870374229e-09,1.2152146387992078e-07,0.47058823529411764,0.804858934169279
Ventral Mesoderm 1,creb3l2,-6.171011,-1.3608631,6.785470851866021e-10,7.329988092008337e-08,0.7352941176470589,0.872257053291536
Ventral Mesoderm 1,tut4,-6.1809516,-1.2199204,6.371636918693372e-10,6.951774460140403e-08,0.75,0.9302507836990596
Ventral Mesoderm 1,fam171a1,-6.2522993,-2.3571386,4.044535680326676e-10,4.4573642969903227e-08,0.2647058823529412,0.6355799373040752
Ventral Mesoderm 1,lamb1,-6.289817,-4.1430817,3.178407343761242e-10,3.5567193152930285e-08,0.058823529411764705,0.5
Ventral Mesoderm 1,foxn3,-6.298956,-1.9632187,2.996574844960956e-10,3.3705288500975786e-08,0.36764705882352944,0.6833855799373041
Ventral Mesoderm 1,kpna2,-6.482536,-2.5457606,9.019374164372508e-11,1.0696291502215897e-08,0.20588235294117646,0.6073667711598746
Ventral Mesoderm 1,enpp2,-6.4863834,-2.6325712,8.792111734971896e-11,1.0483752468241627e-08,0.20588235294117646,0.6269592476489029
Ventral Mesoderm 1,gfpt1,-6.4900713,-1.4451598,8.579577189054581e-11,1.0286535925404398e-08,0.8529411764705882,0.927115987460815
Ventral Mesoderm 1,vcan,-6.6447916,-4.0552435,3.036466485327662e-11,3.743431365894628e-09,0.08823529411764706,0.5336990595611285
Ventral Mesoderm 1,gpc4,-6.664673,-1.8601356,2.652559664481377e-11,3.2887218431050074e-09,0.5147058823529411,0.7852664576802508
Ventral Mesoderm 1,rspo3,-6.678782,-5.117058,2.4093654137726387e-11,3.021538085858204e-09,0.04411764705882353,0.5094043887147336
Ventral Mesoderm 1,dact1,-6.7007475,-2.4058166,2.073563871783823e-11,2.6154472396644395e-09,0.25,0.6606583072100314
Ventral Mesoderm 1,vegt,-6.8190722,-1.7264742,9.163037495790935e-12,1.2131508215515553e-09,0.6029411764705882,0.9216300940438872
Ventral Mesoderm 1,itga5,-6.911263,-2.9060266,4.803577302988159e-12,6.634105084082572e-10,0.19117647058823528,0.6442006269592476
Ventral Mesoderm 1,lrig3,-6.921845,-2.8548563,4.457993782612195e-12,6.196043460533803e-10,0.3382352941176471,0.6833855799373041
Ventral Mesoderm 1,tle2,-6.923288,-1.4773271,4.412798791069211e-12,6.172543744866747e-10,0.6323529411764706,0.8667711598746082
Ventral Mesoderm 1,rgs12,-6.971227,-1.5677772,3.1418844316019903e-12,4.423165173031421e-10,0.7058823529411765,0.8926332288401254
Ventral Mesoderm 1,dennd2c,-6.981007,-4.159696,2.93071126736969e-12,4.179807226488497e-10,0.058823529411764705,0.5462382445141066
Ventral Mesoderm 1,ddx4,-7.1448665,-2.6776495,9.008346961213663e-13,1.3372186329295465e-10,0.2647058823529412,0.6865203761755486
Ventral Mesoderm 1,lama5,-7.255656,-3.9425445,3.997207683495062e-13,6.099515305003199e-11,0.08823529411764706,0.5846394984326019
Ventral Mesoderm 1,ttn,-7.3010297,-2.7005308,2.855739733394461e-13,4.4195104058440095e-11,0.4117647058823529,0.7954545454545454
Ventral Mesoderm 1,sptbn2,-7.3056793,-1.5688766,2.7586966127138635e-13,4.299822770430658e-11,0.6764705882352942,0.9051724137931034
Ventral Mesoderm 1,agrn,-7.3058395,-2.4024947,2.755408725380084e-13,4.299822770430658e-11,0.38235294117647056,0.75
Ventral Mesoderm 1,tle1,-7.3962665,-1.5828067,1.4006659272581957e-13,2.2309438831168677e-11,0.75,0.9561128526645768
Ventral Mesoderm 1,plk3,-7.501765,-2.4784222,6.29641844644638e-14,1.0330386986459133e-11,0.3088235294117647,0.7366771159874608
Ventral Mesoderm 1,cdon,-7.502727,-2.100772,6.250364921586485e-14,1.0330386986459133e-11,0.5,0.799373040752351
Ventral Mesoderm 1,pdgfra,-7.7603803,-4.9365344,8.46751554918051e-15,1.5658445491412536e-12,0.058823529411764705,0.5885579937304075
Ventral Mesoderm 1,dzip1,-7.8043113,-1.948019,5.982743639213229e-15,1.145170604835718e-12,0.5147058823529411,0.8479623824451411
Ventral Mesoderm 1,smad6,-7.8621907,-3.4501078,3.7747216880488445e-15,7.420558734676922e-13,0.1323529411764706,0.658307210031348
Ventral Mesoderm 1,fgd6,-7.9311337,-2.9583755,2.171544888106009e-15,4.347273486546901e-13,0.22058823529411764,0.7061128526645768
Ventral Mesoderm 1,hunk,-7.97298,-1.8851279,1.548930252108523e-15,3.1295562065981555e-13,0.6176470588235294,0.9153605015673981
Ventral Mesoderm 1,bmp7.1,-8.047374,-2.3010774,8.458928876950396e-16,1.7250681030274262e-13,0.5,0.841692789968652
Ventral Mesoderm 1,gnai1,-8.048817,-2.7656682,8.359805154414704e-16,1.7209368705139927e-13,0.2647058823529412,0.7170846394984326
Ventral Mesoderm 1,plod2,-8.085213,-4.2619257,6.205592892213131e-16,1.2896404047712642e-13,0.1323529411764706,0.6520376175548589
Ventral Mesoderm 1,bcor,-8.2190895,-2.8754103,2.0505396746155131e-16,4.3867476705671673e-14,0.27941176470588236,0.7648902821316614
Ventral Mesoderm 1,plekhn1,-8.281779,-1.8487968,1.2134839099205457e-16,2.6479432398376227e-14,0.6911764705882353,0.9286833855799373
Ventral Mesoderm 1,nhs,-8.293644,-3.5981247,1.0983102271516001e-16,2.4208310572399057e-14,0.19117647058823528,0.6888714733542319
Ventral Mesoderm 1,cyyr1,-8.34495,-3.3812683,7.124403529142615e-17,1.602697004220835e-14,0.19117647058823528,0.7045454545454546
Ventral Mesoderm 1,cep85l,-8.430567,-2.7562177,3.439938916635063e-17,7.901358642094075e-15,0.4117647058823529,0.8001567398119123
Ventral Mesoderm 1,myo10,-8.444676,-2.3599932,3.048889514469088e-17,7.153743881207525e-15,0.6470588235294118,0.859717868338558
Ventral Mesoderm 1,col13a1,-8.459587,-4.5732436,2.6832560137166007e-17,6.364274942968473e-15,0.10294117647058823,0.6653605015673981
Ventral Mesoderm 1,tcf12,-8.50416,-1.8251151,1.8291597721185177e-17,4.3861643282855144e-15,0.6911764705882353,0.9498432601880877
Ventral Mesoderm 1,kif26a,-8.537188,-4.1058483,1.375279157622096e-17,3.3344407220524174e-15,0.11764705882352941,0.6849529780564263
Ventral Mesoderm 1,cs,-8.542799,-1.9810866,1.3100867936648224e-17,3.212067856692145e-15,0.6470588235294118,0.9443573667711599
Ventral Mesoderm 1,cyp27c1,-8.926474,-4.425794,4.398050470619558e-19,1.2148083458150554e-16,0.10294117647058823,0.6967084639498433
Ventral Mesoderm 1,dll1,-9.021871,-2.7497675,1.8490409192629083e-19,5.379722919898123e-17,0.38235294117647056,0.8793103448275862
Ventral Mesoderm 1,trim71,-9.182042,-2.2961516,4.2299142188968107e-20,1.3185851167221044e-17,0.6029411764705882,0.9153605015673981
Ventral Mesoderm 1,rbm20,-9.186211,-1.6281873,4.0692259418453726e-20,1.286877960536346e-17,0.8823529411764706,0.9647335423197492
Ventral Mesoderm 1,LOC100485974,-9.2489,-2.1639721,2.2681327334296255e-20,7.278371231789391e-18,0.7058823529411765,0.9670846394984326
Ventral Mesoderm 1,adam33,-9.304376,-1.9974574,1.347820269164773e-20,4.4561797111279565e-18,0.7647058823529411,0.9764890282131662
Ventral Mesoderm 1,ism1,-9.634018,-3.2042837,5.743870759881896e-22,2.0889500641897145e-19,0.35294117647058826,0.829153605015674
Ventral Mesoderm 1,fgfr1,-9.643477,-1.8034369,5.238281680370906e-22,1.9373651618198907e-19,0.8970588235294118,0.9741379310344828
Ventral Mesoderm 1,adamts1,-10.002941,-3.373299,1.4793669983520904e-23,5.978012457600179e-21,0.3088235294117647,0.8800940438871473
Ventral Mesoderm 1,epha4,-10.237827,-3.3701482,1.3421653015961077e-24,6.508308676917481e-22,0.7058823529411765,0.9921630094043887
Ventral Mesoderm 1,tbxt,-10.445778,-2.6650414,1.5319462521696546e-25,8.57143568425488e-23,0.5882352941176471,0.9843260188087775
Ventral Mesoderm 1,rbfox2,-10.471751,-2.3448217,1.1646791442777114e-25,6.688016738758932e-23,0.7205882352941176,0.9811912225705329
Ventral Mesoderm 1,fgd1,-10.558811,-4.1044507,4.624796995277629e-26,2.727505276593328e-23,0.17647058823529413,0.8307210031347962
Ventral Mesoderm 1,fat1,-10.61589,-2.213901,2.5138799430339467e-26,1.5672964067698214e-23,0.7205882352941176,0.9655172413793104
Ventral Mesoderm 1,ephb3,-10.73181,-2.279128,7.216884809775105e-27,5.079988497874277e-24,0.8823529411764706,0.9968652037617555
Ventral Mesoderm 1,col18a1,-10.942486,-4.101364,7.219304878858293e-28,6.058940452367954e-25,0.39705882352941174,0.877742946708464
Ventral Mesoderm 1,meis3,-11.025217,-4.6276298,2.8882165700177853e-28,2.5209509509743233e-25,0.16176470588235295,0.8471786833855799
Ventral Mesoderm 1,fn1,-11.487453,-5.80033,1.525425559439124e-30,1.6643155566260562e-27,0.17647058823529413,0.8628526645768025
Ventral Mesoderm 1,aldh1a2,-12.2621765,-4.4698596,1.4456366367155489e-34,2.628769754147499e-31,0.47058823529411764,0.9615987460815048
Ventral Mesoderm 1,zeb2,-13.125564,-5.1133523,2.3502793509507028e-39,8.547574286182547e-36,0.22058823529411764,0.9741379310344828
Ventral Mesoderm 2,zeb2,13.125564,5.1133523,2.3502793509507028e-39,8.547574286182547e-36,0.9741379310344828,0.22058823529411764
Ventral Mesoderm 2,aldh1a2,12.2621765,4.4698596,1.4456366367155489e-34,2.628769754147499e-31,0.9615987460815048,0.47058823529411764
Ventral Mesoderm 2,fn1,11.487453,5.80033,1.525425559439124e-30,1.6643155566260562e-27,0.8628526645768025,0.17647058823529413
Ventral Mesoderm 2,meis3,11.025217,4.6276298,2.8882165700177853e-28,2.5209509509743233e-25,0.8471786833855799,0.16176470588235295
Ventral Mesoderm 2,col18a1,10.942486,4.101364,7.219304878858293e-28,6.058940452367954e-25,0.877742946708464,0.39705882352941174
Ventral Mesoderm 2,ephb3,10.73181,2.279128,7.216884809775105e-27,5.079988497874277e-24,0.9968652037617555,0.8823529411764706
Ventral Mesoderm 2,fat1,10.61589,2.213901,2.5138799430339467e-26,1.5672964067698214e-23,0.9655172413793104,0.7205882352941176
Ventral Mesoderm 2,fgd1,10.558811,4.1044507,4.624796995277629e-26,2.727505276593328e-23,0.8307210031347962,0.17647058823529413
Ventral Mesoderm 2,rbfox2,10.471751,2.3448217,1.1646791442777114e-25,6.688016738758932e-23,0.9811912225705329,0.7205882352941176
Ventral Mesoderm 2,tbxt,10.445778,2.6650414,1.5319462521696546e-25,8.57143568425488e-23,0.9843260188087775,0.5882352941176471
Ventral Mesoderm 2,epha4,10.237827,3.3701482,1.3421653015961077e-24,6.508308676917481e-22,0.9921630094043887,0.7058823529411765
Ventral Mesoderm 2,adamts1,10.002941,3.373299,1.4793669983520904e-23,5.978012457600179e-21,0.8800940438871473,0.3088235294117647
Ventral Mesoderm 2,fgfr1,9.643477,1.8034369,5.238281680370906e-22,1.9373651618198907e-19,0.9741379310344828,0.8970588235294118
Ventral Mesoderm 2,ism1,9.634018,3.2042837,5.743870759881896e-22,2.0889500641897145e-19,0.829153605015674,0.35294117647058826
Ventral Mesoderm 2,adam33,9.304376,1.9974574,1.347820269164773e-20,4.4561797111279565e-18,0.9764890282131662,0.7647058823529411
Ventral Mesoderm 2,LOC100485974,9.2489,2.1639721,2.2681327334296255e-20,7.278371231789391e-18,0.9670846394984326,0.7058823529411765
Ventral Mesoderm 2,rbm20,9.186211,1.6281873,4.0692259418453726e-20,1.286877960536346e-17,0.9647335423197492,0.8823529411764706
Ventral Mesoderm 2,trim71,9.182042,2.2961516,4.2299142188968107e-20,1.3185851167221044e-17,0.9153605015673981,0.6029411764705882
Ventral Mesoderm 2,dll1,9.021871,2.7497675,1.8490409192629083e-19,5.379722919898123e-17,0.8793103448275862,0.38235294117647056
Ventral Mesoderm 2,cyp27c1,8.926474,4.425794,4.398050470619558e-19,1.2148083458150554e-16,0.6967084639498433,0.10294117647058823
Ventral Mesoderm 2,cs,8.542799,1.9810866,1.3100867936648224e-17,3.212067856692145e-15,0.9443573667711599,0.6470588235294118
Ventral Mesoderm 2,kif26a,8.537188,4.1058483,1.375279157622096e-17,3.3344407220524174e-15,0.6849529780564263,0.11764705882352941
Ventral Mesoderm 2,tcf12,8.50416,1.8251151,1.8291597721185177e-17,4.3861643282855144e-15,0.9498432601880877,0.6911764705882353
Ventral Mesoderm 2,col13a1,8.459587,4.5732436,2.6832560137166007e-17,6.364274942968473e-15,0.6653605015673981,0.10294117647058823
Ventral Mesoderm 2,myo10,8.444676,2.3599932,3.048889514469088e-17,7.153743881207525e-15,0.859717868338558,0.6470588235294118
Ventral Mesoderm 2,cep85l,8.430567,2.7562177,3.439938916635063e-17,7.901358642094075e-15,0.8001567398119123,0.4117647058823529
Ventral Mesoderm 2,cyyr1,8.34495,3.3812683,7.124403529142615e-17,1.602697004220835e-14,0.7045454545454546,0.19117647058823528
Ventral Mesoderm 2,nhs,8.293644,3.5981247,1.0983102271516001e-16,2.4208310572399057e-14,0.6888714733542319,0.19117647058823528
Ventral Mesoderm 2,plekhn1,8.281779,1.8487968,1.2134839099205457e-16,2.6479432398376227e-14,0.9286833855799373,0.6911764705882353
Ventral Mesoderm 2,bcor,8.2190895,2.8754103,2.0505396746155131e-16,4.3867476705671673e-14,0.7648902821316614,0.27941176470588236
Ventral Mesoderm 2,plod2,8.085213,4.2619257,6.205592892213131e-16,1.2896404047712642e-13,0.6520376175548589,0.1323529411764706
Ventral Mesoderm 2,gnai1,8.048817,2.7656682,8.359805154414704e-16,1.7209368705139927e-13,0.7170846394984326,0.2647058823529412
Ventral Mesoderm 2,bmp7.1,8.047374,2.3010774,8.458928876950396e-16,1.7250681030274262e-13,0.841692789968652,0.5
Ventral Mesoderm 2,hunk,7.97298,1.8851279,1.548930252108523e-15,3.1295562065981555e-13,0.9153605015673981,0.6176470588235294
Ventral Mesoderm 2,fgd6,7.9311337,2.9583755,2.171544888106009e-15,4.347273486546901e-13,0.7061128526645768,0.22058823529411764
Ventral Mesoderm 2,smad6,7.8621907,3.4501078,3.7747216880488445e-15,7.420558734676922e-13,0.658307210031348,0.1323529411764706
Ventral Mesoderm 2,dzip1,7.8043113,1.948019,5.982743639213229e-15,1.145170604835718e-12,0.8479623824451411,0.5147058823529411
Ventral Mesoderm 2,pdgfra,7.7603803,4.9365344,8.46751554918051e-15,1.5658445491412536e-12,0.5885579937304075,0.058823529411764705
Ventral Mesoderm 2,cdon,7.502727,2.100772,6.250364921586485e-14,1.0330386986459133e-11,0.799373040752351,0.5
Ventral Mesoderm 2,plk3,7.501765,2.4784222,6.29641844644638e-14,1.0330386986459133e-11,0.7366771159874608,0.3088235294117647
Ventral Mesoderm 2,tle1,7.3962665,1.5828067,1.4006659272581957e-13,2.2309438831168677e-11,0.9561128526645768,0.75
Ventral Mesoderm 2,agrn,7.3058395,2.4024947,2.755408725380084e-13,4.299822770430658e-11,0.75,0.38235294117647056
Ventral Mesoderm 2,sptbn2,7.3056793,1.5688766,2.7586966127138635e-13,4.299822770430658e-11,0.9051724137931034,0.6764705882352942
Ventral Mesoderm 2,ttn,7.3010297,2.7005308,2.855739733394461e-13,4.4195104058440095e-11,0.7954545454545454,0.4117647058823529
Ventral Mesoderm 2,lama5,7.255656,3.9425445,3.997207683495062e-13,6.099515305003199e-11,0.5846394984326019,0.08823529411764706
Ventral Mesoderm 2,ddx4,7.1448665,2.6776495,9.008346961213663e-13,1.3372186329295465e-10,0.6865203761755486,0.2647058823529412
Ventral Mesoderm 2,dennd2c,6.981007,4.159696,2.93071126736969e-12,4.179807226488497e-10,0.5462382445141066,0.058823529411764705
Ventral Mesoderm 2,rgs12,6.971227,1.5677772,3.1418844316019903e-12,4.423165173031421e-10,0.8926332288401254,0.7058823529411765
Ventral Mesoderm 2,tle2,6.923288,1.4773271,4.412798791069211e-12,6.172543744866747e-10,0.8667711598746082,0.6323529411764706
Ventral Mesoderm 2,lrig3,6.921845,2.8548563,4.457993782612195e-12,6.196043460533803e-10,0.6833855799373041,0.3382352941176471
Ventral Mesoderm 2,itga5,6.911263,2.9060266,4.803577302988159e-12,6.634105084082572e-10,0.6442006269592476,0.19117647058823528
Ventral Mesoderm 2,vegt,6.8190722,1.7264742,9.163037495790935e-12,1.2131508215515553e-09,0.9216300940438872,0.6029411764705882
Ventral Mesoderm 2,dact1,6.7007475,2.4058166,2.073563871783823e-11,2.6154472396644395e-09,0.6606583072100314,0.25
Ventral Mesoderm 2,rspo3,6.678782,5.117058,2.4093654137726387e-11,3.021538085858204e-09,0.5094043887147336,0.04411764705882353
Ventral Mesoderm 2,gpc4,6.664673,1.8601356,2.652559664481377e-11,3.2887218431050074e-09,0.7852664576802508,0.5147058823529411
Ventral Mesoderm 2,vcan,6.6447916,4.0552435,3.036466485327662e-11,3.743431365894628e-09,0.5336990595611285,0.08823529411764706
Ventral Mesoderm 2,gfpt1,6.4900713,1.4451598,8.579577189054581e-11,1.0286535925404398e-08,0.927115987460815,0.8529411764705882
Ventral Mesoderm 2,enpp2,6.4863834,2.6325712,8.792111734971896e-11,1.0483752468241627e-08,0.6269592476489029,0.20588235294117646
Ventral Mesoderm 2,kpna2,6.482536,2.5457606,9.019374164372508e-11,1.0696291502215897e-08,0.6073667711598746,0.20588235294117646
Ventral Mesoderm 2,foxn3,6.298956,1.9632187,2.996574844960956e-10,3.3705288500975786e-08,0.6833855799373041,0.36764705882352944
Ventral Mesoderm 2,lamb1,6.289817,4.1430817,3.178407343761242e-10,3.5567193152930285e-08,0.5,0.058823529411764705
Ventral Mesoderm 2,fam171a1,6.2522993,2.3571386,4.044535680326676e-10,4.4573642969903227e-08,0.6355799373040752,0.2647058823529412
Ventral Mesoderm 2,tut4,6.1809516,1.2199204,6.371636918693372e-10,6.951774460140403e-08,0.9302507836990596,0.75
Ventral Mesoderm 2,creb3l2,6.171011,1.3608631,6.785470851866021e-10,7.329988092008337e-08,0.872257053291536,0.7352941176470589
Ventral Mesoderm 2,sulf1,6.0866766,1.7984328,1.1527859870374229e-09,1.2152146387992078e-07,0.804858934169279,0.47058823529411764
Ventral Mesoderm 2,cdh2,6.0324845,1.5494822,1.614580349202411e-09,1.6857300382749192e-07,0.8283699059561128,0.6029411764705882
Ventral Mesoderm 2,itm2a,5.942057,1.5879682,2.814672327792609e-09,2.852604055706873e-07,0.7515673981191222,0.45588235294117646
Ventral Mesoderm 2,acvr1,5.9409347,1.5127571,2.834012594489529e-09,2.852604055706873e-07,0.7648902821316614,0.5441176470588235
Ventral Mesoderm 2,pcsk5,5.915923,1.169655,3.3001943634437476e-09,3.2585312762310415e-07,0.9553291536050157,0.8235294117647058
Ventral Mesoderm 2,arhgef17,5.889308,1.8968805,3.878160901261752e-09,3.7779173672514596e-07,0.6810344827586207,0.36764705882352944
Ventral Mesoderm 2,eef1a1,5.782848,1.1679116,7.344656485093135e-09,6.908092636259367e-07,0.9435736677115988,0.7647058823529411
Ventral Mesoderm 2,amotl1,5.696589,2.3390589,1.222279846338251e-08,1.1206457364263435e-06,0.5815047021943573,0.19117647058823528
Ventral Mesoderm 2,efna1,5.6659656,2.1110792,1.4619869866068824e-08,1.3128402483435712e-06,0.6144200626959248,0.29411764705882354
Ventral Mesoderm 2,zswim4,5.6263638,1.2212715,1.8404794952865597e-08,1.6392286965978784e-06,0.9592476489028213,0.8235294117647058
Ventral Mesoderm 2,gli3,5.621073,1.7759585,1.8977518940203972e-08,1.683367645504841e-06,0.682601880877743,0.39705882352941174
Ventral Mesoderm 2,lefty,5.6064825,4.590909,2.064796226481602e-08,1.824126253362552e-06,0.42946708463949845,0.029411764705882353
Ventral Mesoderm 2,fam13a,5.567041,2.006119,2.5910135990621425e-08,2.2615403098054007e-06,0.6175548589341693,0.27941176470588236
Ventral Mesoderm 2,kdm1a,5.560788,1.3216136,2.685590877281821e-08,2.3347521327954826e-06,0.8283699059561128,0.5882352941176471
Ventral Mesoderm 2,plpp2,5.5405865,1.2717067,3.01460611525125e-08,2.6103857159086317e-06,0.7884012539184952,0.5882352941176471
Ventral Mesoderm 2,robo3,5.5373797,2.0378685,3.070304897216653e-08,2.6481076348681656e-06,0.6050156739811913,0.27941176470588236
Ventral Mesoderm 2,lamc1,5.5184608,1.5911708,3.419822764794617e-08,2.9149981465071617e-06,0.7115987460815048,0.47058823529411764
Ventral Mesoderm 2,rab34,5.5057945,29.729904,3.6750743152304065e-08,3.099105100580647e-06,0.3957680250783699,0.0
Ventral Mesoderm 2,LOC105948415,5.505634,2.6039693,3.678420883783454e-08,3.099105100580647e-06,0.5438871473354232,0.20588235294117646
Ventral Mesoderm 2,fscn1,5.497457,3.285663,3.853071102506433e-08,3.2213741198388074e-06,0.46865203761755486,0.10294117647058823
Ventral Mesoderm 2,ccn6,5.479981,1.5381852,4.253717851556532e-08,3.5427624900311105e-06,0.7617554858934169,0.5
Ventral Mesoderm 2,mknk2,5.4475937,2.0622318,5.105577413643811e-08,4.20410583936308e-06,0.6018808777429467,0.23529411764705882
Ventral Mesoderm 2,auts2,5.3776894,1.4960172,7.544791425025229e-08,6.052753444318953e-06,0.7296238244514106,0.47058823529411764
Ventral Mesoderm 2,khdrbs1,5.322375,1.0482335,1.0242131931465908e-07,8.127038577327912e-06,0.9365203761755486,0.7647058823529411
Ventral Mesoderm 2,flrt3,5.311472,2.191814,1.0874318734441737e-07,8.597409750154099e-06,0.5517241379310345,0.19117647058823528
Ventral Mesoderm 2,eomes,5.2693048,1.8454814,1.3694134240566132e-07,1.0787714919256084e-05,0.6269592476489029,0.27941176470588236
Ventral Mesoderm 2,smc6.1,5.2624106,2.2824667,1.4217878588665313e-07,1.1160011823139057e-05,0.5721003134796239,0.2647058823529412
Ventral Mesoderm 2,hmcn2,5.2545543,2.4038684,1.4838331277862922e-07,1.1542768710260557e-05,0.5360501567398119,0.20588235294117646
Ventral Mesoderm 2,ell2,5.254234,1.3118371,1.4864204241708523e-07,1.1542768710260557e-05,0.7719435736677116,0.6029411764705882
Ventral Mesoderm 2,lhx1,5.1743884,3.460869,2.2865865753609137e-07,1.7568875232729047e-05,0.43495297805642635,0.08823529411764706
Ventral Mesoderm 2,tmx2,5.1657305,2.2719412,2.395016192968767e-07,1.8337420472551387e-05,0.5227272727272727,0.20588235294117646
Ventral Mesoderm 2,cass4,5.1208377,3.1734717,3.0418146691169686e-07,2.304702704680603e-05,0.44592476489028215,0.10294117647058823
Ventral Mesoderm 2,prkce,5.098872,1.5353918,3.416831751821748e-07,2.553379645770629e-05,0.6998432601880877,0.4264705882352941
Ventral Mesoderm 2,LOC733735,5.056865,1.6463281,4.2620417593460604e-07,3.1526106179895045e-05,0.6183385579937304,0.3235294117647059
Ventral Mesoderm 2,fgf16,5.0241575,4.257014,5.056471483619147e-07,3.66568984199513e-05,0.39655172413793105,0.04411764705882353
Ventral Mesoderm 2,ndst1,5.007483,1.7153447,5.514640707497958e-07,3.9583873315234524e-05,0.6105015673981191,0.3382352941176471
Ventral Mesoderm 2,kcnk6,4.9404645,1.5010649,7.793674172854358e-07,5.521615718371914e-05,0.6888714733542319,0.36764705882352944
Ventral Mesoderm 2,plekhg3,4.8999004,1.1194524,9.588524970845616e-07,6.771236355625314e-05,0.7954545454545454,0.6911764705882353
Ventral Mesoderm 2,ccdc88c,4.892044,1.3740927,9.979405362022877e-07,7.001948694684925e-05,0.677115987460815,0.47058823529411764
Ventral Mesoderm 2,tfdp2,4.8894787,1.5091176,1.0110329168134603e-06,7.071073486470037e-05,0.6496865203761756,0.36764705882352944
Ventral Mesoderm 2,slc4a7,4.878095,1.3132867,1.0711518396876674e-06,7.467605205694758e-05,0.6982758620689655,0.5588235294117647
Ventral Mesoderm 2,spns2,4.8670325,3.7465322,1.132864724134533e-06,7.87268826284702e-05,0.39733542319749215,0.058823529411764705
Ventral Mesoderm 2,pald1,4.850518,2.8103719,1.2313932970263568e-06,8.503238333674725e-05,0.43652037617554856,0.11764705882352941
Ventral Mesoderm 2,pacsin1,4.8421807,2.592945,1.2842173228690603e-06,8.840033502310967e-05,0.4835423197492163,0.16176470588235295
Ventral Mesoderm 2,sema6a,4.818933,2.578605,1.4432812337126768e-06,9.90372320781268e-05,0.4561128526645768,0.1323529411764706
Ventral Mesoderm 2,zic3,4.8123593,3.3266578,1.4915892752348992e-06,0.00010203125258589572,0.4012539184952978,0.058823529411764705
Ventral Mesoderm 2,senp7,4.808351,1.0321498,1.5218043815091844e-06,0.00010377279190284973,0.817398119122257,0.6617647058823529
Ventral Mesoderm 2,robo1,4.7820563,4.4514446,1.7351087089267033e-06,0.00011794955494545045,0.3683385579937304,0.029411764705882353
Ventral Mesoderm 2,wnt8a,4.746623,1.8635738,2.068407636390767e-06,0.00013973598462440535,0.579153605015674,0.27941176470588236
Ventral Mesoderm 2,rdh10,4.739248,1.4824347,2.1451290331765587e-06,0.00014314636279188285,0.8330721003134797,0.5441176470588235
Ventral Mesoderm 2,dhx32,4.703173,3.5505242,2.5614885476357105e-06,0.0001698913118478992,0.3816614420062696,0.04411764705882353
Ventral Mesoderm 2,st3gal5,4.687461,2.4887362,2.766157216684139e-06,0.00018291005037958968,0.45141065830721006,0.1323529411764706
Ventral Mesoderm 2,fgfr2,4.678963,1.0162123,2.8832922196462855e-06,0.0001900795151809716,0.8440438871473355,0.7352941176470589
Ventral Mesoderm 2,c9,4.6637316,2.7973943,3.1052626641981293e-06,0.00020287406166307598,0.44043887147335425,0.14705882352941177
Ventral Mesoderm 2,slc25a17,4.656036,1.3610743,3.223560271550112e-06,0.00020934913299254463,0.6802507836990596,0.4117647058823529
Ventral Mesoderm 2,ptch2,4.6525083,1.8052984,3.2792134004608924e-06,0.00021170330062561283,0.5532915360501567,0.2647058823529412
Ventral Mesoderm 2,chsy1,4.5941477,1.5498496,4.345216591586743e-06,0.000276434318498584,0.6293103448275862,0.35294117647058826
Ventral Mesoderm 2,sema6d,4.511096,1.3685625,6.449359300632967e-06,0.00040440077384802295,0.6747648902821317,0.4117647058823529
Ventral Mesoderm 2,hmga2,4.4817553,1.2197057,7.403168879095845e-06,0.00046024087780840577,0.7774294670846394,0.5294117647058824
Ventral Mesoderm 2,hk2,4.479831,1.7134033,7.4702139965318965e-06,0.00046308960118841624,0.5697492163009404,0.29411764705882354
Ventral Mesoderm 2,pcyt2,4.4577055,2.9498556,8.28416934691726e-06,0.0005077776947165211,0.39184952978056425,0.08823529411764706
Ventral Mesoderm 2,tcf7l1,4.4322124,1.0927825,9.327101771874073e-06,0.0005669267068636884,0.9051724137931034,0.8235294117647058
Ventral Mesoderm 2,fgfrl1,4.3886023,2.5152316,1.1408148746776078e-05,0.0006895767695385063,0.4224137931034483,0.11764705882352941
Ventral Mesoderm 2,c7,4.375455,2.8303742,1.2117940867256071e-05,0.0007284451450809772,0.3942006269592476,0.10294117647058823
Ventral Mesoderm 2,app,4.3504434,1.4609596,1.3586258711973778e-05,0.0008100157140819122,0.5869905956112853,0.35294117647058826
Ventral Mesoderm 2,prtg,4.3457937,2.3398492,1.3877296810946905e-05,0.0008251130618846659,0.44749216300940436,0.16176470588235295
Ventral Mesoderm 2,tdrd7,4.339701,2.5289733,1.4267667131270581e-05,0.0008391772627262948,0.43260188087774293,0.14705882352941177
Ventral Mesoderm 2,adamts5,4.2935257,2.2950923,1.7585810377319572e-05,0.0010205850219241767,0.44670846394984326,0.16176470588235295
Ventral Mesoderm 2,cmtm8,4.255687,1.3964568,2.0840790937123136e-05,0.0012062782467877028,0.8221003134796239,0.5735294117647058
Ventral Mesoderm 2,enah,4.234042,1.1674765,2.2952763778953027e-05,0.0013180322590014054,0.7178683385579937,0.5
Ventral Mesoderm 2,olfm4,4.2192917,29.366087,2.4507083590794074e-05,0.0013962638930410378,0.30329153605015674,0.0
Ventral Mesoderm 2,has1,4.192196,1.3240073,2.7626739369881007e-05,0.0015577340563053578,0.6332288401253918,0.4264705882352941
Ventral Mesoderm 2,LOC101731566,4.187065,1.7463837,2.8258469081062445e-05,0.0015851620920767702,0.4827586206896552,0.23529411764705882
Ventral Mesoderm 2,has2,4.164779,3.0103498,3.1165421993806e-05,0.0017437453162226684,0.3605015673981191,0.07352941176470588
Ventral Mesoderm 2,tns3,4.1578846,2.0394871,3.212079335561785e-05,0.001792603150416719,0.4443573667711599,0.14705882352941177
Ventral Mesoderm 2,slc7a6,4.1567626,1.873287,3.227892857926436e-05,0.0017968329095105295,0.4663009404388715,0.20588235294117646
Ventral Mesoderm 2,ror2,4.153716,1.0056976,3.2711889629849645e-05,0.0018163006198802776,0.7492163009404389,0.6911764705882353
Ventral Mesoderm 2,gpd1l,4.138645,1.406638,3.493630797769121e-05,0.0019251140817707064,0.7084639498432602,0.39705882352941174
Ventral Mesoderm 2,LOC100127805,4.1301475,1.663635,3.625307374404612e-05,0.001987633975298569,0.5979623824451411,0.35294117647058826
Ventral Mesoderm 2,rev3l,4.125498,2.0546818,3.699337710889615e-05,0.002023139052363967,0.4333855799373041,0.16176470588235295
Ventral Mesoderm 2,atp2a3,4.122772,1.9529465,3.7433997258769866e-05,0.002042118135459043,0.46551724137931033,0.19117647058823528
Ventral Mesoderm 2,fhdc1,4.1123505,1.1522977,3.916509870483067e-05,0.0021312259821399254,0.6857366771159875,0.47058823529411764
Ventral Mesoderm 2,kmt2a,4.1060977,1.0015215,4.023994786780806e-05,0.002184268413988656,0.8753918495297806,0.6911764705882353
Ventral Mesoderm 2,slc7a6os,4.0692215,1.1925077,4.717052685898818e-05,0.002516645639584306,0.6590909090909091,0.5
Ventral Mesoderm 2,cdc25b,4.0600824,1.1510841,4.905540295081685e-05,0.002610824262901889,0.7523510971786834,0.5441176470588235
Ventral Mesoderm 2,hap1,4.037155,1.0353621,5.41033381190622e-05,0.0028555630334117336,0.7633228840125392,0.6176470588235294
Ventral Mesoderm 2,nectin1,4.0341086,1.2655803,5.4809957611196235e-05,0.002868124904158065,0.6606583072100314,0.5147058823529411
Ventral Mesoderm 2,tjp1,4.0185566,1.1228254,5.855578121170636e-05,0.003049512414846407,0.7068965517241379,0.4852941176470588
Ventral Mesoderm 2,znhit6,4.0143876,1.4862697,5.960028026649992e-05,0.0030965183707030827,0.5289968652037618,0.27941176470588236
Ventral Mesoderm 2,lrp2,4.0113416,2.1941786,6.037469904060834e-05,0.0031261306909386344,0.42398119122257055,0.16176470588235295
Ventral Mesoderm 2,nop58,3.9962704,1.019853,6.434825024607003e-05,0.0033116584165554103,0.7735109717868338,0.5735294117647058
Ventral Mesoderm 2,macrod2,3.9760685,1.9367026,7.006394498728053e-05,0.0035973302201587026,0.4231974921630094,0.1323529411764706
Ventral Mesoderm 2,rbms1,3.9626007,1.2125072,7.413773553463174e-05,0.003779811979208409,0.6410658307210031,0.4117647058823529
Ventral Mesoderm 2,irf6,3.9537823,1.0287476,7.692537383822313e-05,0.0038856217188052472,0.7202194357366771,0.5294117647058824
Ventral Mesoderm 2,sdc4,3.9286103,2.1147916,8.54381594799501e-05,0.004285853052901129,0.4067398119122257,0.1323529411764706
Ventral Mesoderm 2,LOC100488690,3.9213953,1.8395668,8.80376726974094e-05,0.00439604131791801,0.4373040752351097,0.17647058823529413
Ventral Mesoderm 2,rac1,3.9181888,1.4693979,8.921683899526541e-05,0.004434625612108626,0.5235109717868338,0.27941176470588236
Ventral Mesoderm 2,tmem131,3.9029572,3.2003965,9.502450434944807e-05,0.004691243686446395,0.32445141065830724,0.04411764705882353
Ventral Mesoderm 2,wls,3.8957422,1.7963598,9.789844223905601e-05,0.004792949872825481,0.4482758620689655,0.17647058823529413
Ventral Mesoderm 2,pabpn1,3.863195,1.2224939,0.000111913633225703,0.005397961103516126,0.572884012539185,0.36764705882352944
Ventral Mesoderm 2,rela,3.8364196,1.4111176,0.00012484108267050103,0.005947941626534941,0.5266457680250783,0.2647058823529412
Ventral Mesoderm 2,wwtr1,3.8356178,1.1283941,0.0001252490258887725,0.00595437689306951,0.6747648902821317,0.45588235294117646
Ventral Mesoderm 2,snca,3.824555,4.0728474,0.0001310085184580781,0.006187742167259138,0.30094043887147337,0.029411764705882353
Ventral Mesoderm 2,taok3,3.8107665,1.2101135,0.00013853661597294583,0.006515102364538041,0.5979623824451411,0.36764705882352944
Ventral Mesoderm 2,LOC116408047,3.781105,2.2215786,0.00015613377335265598,0.007264381808802358,0.3793103448275862,0.11764705882352941
Ventral Mesoderm 2,fzd7,3.7734091,1.0942762,0.00016103189772312813,0.007476334128119955,0.6246081504702194,0.4411764705882353
Ventral Mesoderm 2,scube2,3.7637892,1.0011971,0.00016735797137574043,0.007753542024182657,0.6849529780564263,0.5147058823529411
Ventral Mesoderm 2,stox1,3.75449,1.1110485,0.00017369480511375483,0.00803007275929501,0.6442006269592476,0.4264705882352941
Ventral Mesoderm 2,mybl2,3.7421443,1.1513922,0.0001824566066824682,0.008417305738727565,0.6026645768025078,0.38235294117647056
Ventral Mesoderm 2,pbx2,3.7320435,1.0010439,0.0001899326847159149,0.008743715428662403,0.6943573667711599,0.5294117647058824
Ventral Mesoderm 2,slc12a2,3.7254698,3.1866407,0.00019495171190661334,0.008955876432661493,0.31426332288401254,0.058823529411764705
Ventral Mesoderm 2,mms19,3.7073524,1.5028099,0.00020943740102757552,0.009507332255150514,0.4827586206896552,0.25
Ventral Mesoderm 2,adam10,3.705749,1.1060947,0.00021076687232066571,0.009541792367031633,0.6512539184952978,0.4264705882352941
Ventral Mesoderm 2,atf7ip,3.7007787,1.2804295,0.00021493877608726866,0.00969045254752126,0.5274294670846394,0.3235294117647059
Ventral Mesoderm 2,tbxt.2,3.6959689,29.104305,0.00021904982921458444,0.009855435718126694,0.2656739811912226,0.0
Ventral Mesoderm 2,sesn2,3.6321568,1.7448012,0.00028106225402353295,0.012390019080904065,0.41849529780564265,0.16176470588235295
Ventral Mesoderm 2,zfhx3,3.6255832,3.074769,0.0002883100642969558,0.012658378094615437,0.3103448275862069,0.058823529411764705
Ventral Mesoderm 2,slc4a11,3.6036177,1.3754169,0.00031381850334884546,0.013750669802359753,0.49843260188087773,0.29411764705882354
Ventral Mesoderm 2,foxp1,3.6012127,1.2617886,0.0003167362435675485,0.013850704550876704,0.554858934169279,0.3382352941176471
Ventral Mesoderm 2,pik3r3,3.5978458,28.80476,0.00032086376349144325,0.013975185994304955,0.25862068965517243,0.0
Ventral Mesoderm 2,foxc1,3.5869431,28.951338,0.0003345771387282452,0.01448572965116873,0.25783699059561127,0.0
Ventral Mesoderm 2,atxn7,3.585821,1.0201721,0.00033601952192977594,0.01451937027332602,0.6543887147335423,0.47058823529411764
Ventral Mesoderm 2,ripor1,3.583416,2.5627413,0.0003391299569643912,0.01462481183976281,0.3322884012539185,0.08823529411764706
Ventral Mesoderm 2,mcm3ap,3.5778043,1.2122072,0.00034649270538022033,0.014852429708615132,0.5462382445141066,0.3382352941176471
Ventral Mesoderm 2,dlc,3.5773232,2.6792912,0.0003471307067225937,0.014852429708615132,0.33699059561128525,0.10294117647058823
Ventral Mesoderm 2,lama1,3.528903,3.0125332,0.0004172858823231294,0.017612369899754364,0.3072100313479624,0.058823529411764705
Ventral Mesoderm 2,epb41l4a,3.5247345,3.7825239,0.0004239074591680928,0.017822899164753284,0.28056426332288403,0.029411764705882353
Ventral Mesoderm 2,bcar1,3.496516,1.6805539,0.0004713760792755336,0.019592185573088415,0.42554858934169276,0.20588235294117646
Ventral Mesoderm 2,ago3,3.486255,2.2486517,0.0004898341195487711,0.02024369379294268,0.3503134796238245,0.11764705882352941
Ventral Mesoderm 2,gnai2,3.473268,1.1298397,0.0005141617219863601,0.021129045076204073,0.5697492163009404,0.4264705882352941
Ventral Mesoderm 2,LOC100145508,3.4719853,1.6981522,0.000516624594897168,0.021190348280547187,0.4224137931034483,0.19117647058823528
Ventral Mesoderm 2,pnhd,3.463167,1.1041175,0.0005338568117179269,0.021774372875695107,0.707680250783699,0.45588235294117646
Ventral Mesoderm 2,rnmt,3.4604414,1.145481,0.0005392905456438356,0.021914076343564497,0.5352664576802508,0.35294117647058826
Ventral Mesoderm 2,snai1,3.4490578,4.794281,0.0005625461344046447,0.02281657843651255,0.2601880877742947,0.014705882352941176
Ventral Mesoderm 2,bsg,3.4304593,1.3897471,0.000602560187922431,0.024304003439289033,0.46316614420062696,0.2647058823529412
Ventral Mesoderm 2,grpel2,3.425008,1.8332502,0.0006147811009807316,0.02475117786808218,0.3706896551724138,0.1323529411764706
Ventral Mesoderm 2,zc4h2,3.4064095,2.8294098,0.0006582334349599745,0.026403146662245594,0.30094043887147337,0.058823529411764705
Ventral Mesoderm 2,phf10,3.3953466,1.1303232,0.0006854174299117757,0.027292871784862876,0.554858934169279,0.35294117647058826
Ventral Mesoderm 2,eml2,3.375145,2.05119,0.0007377683386350326,0.029164570502454794,0.3628526645768025,0.1323529411764706
Ventral Mesoderm 2,tox,3.373221,4.845867,0.0007429431723565773,0.029316027059661614,0.2547021943573668,0.014705882352941176
Ventral Mesoderm 2,ppt1,3.3700142,1.191933,0.0007516428694017404,0.029605774464287686,0.5329153605015674,0.3088235294117647
Ventral Mesoderm 2,chrd.1,3.3438802,2.772989,0.0008261540458487647,0.032249566072389796,0.34717868338557994,0.1323529411764706
Ventral Mesoderm 2,pdgfa,3.3424373,2.7589595,0.0008304614029215232,0.03235981834491171,0.30329153605015674,0.07352941176470588
Ventral Mesoderm 2,rnf11,3.335062,1.127273,0.0008528039795857974,0.03317118652146468,0.5579937304075235,0.3382352941176471
Ventral Mesoderm 2,flot1,3.3220751,1.7423006,0.00089350649653911,0.03450832789553968,0.38557993730407525,0.16176470588235295
Ventral Mesoderm 2,snd1,3.3039575,1.5751172,0.0009533025569819556,0.03655890175026934,0.4153605015673981,0.22058823529411764
Ventral Mesoderm 2,ccnyl1,3.2959409,1.9320706,0.0009809261703692595,0.03742096147487345,0.3448275862068966,0.10294117647058823
Ventral Mesoderm 2,mnt,3.291131,1.8150637,0.0009978542076865126,0.03800030831749981,0.3761755485893417,0.16176470588235295
Ventral Mesoderm 2,sufu,3.2714102,1.3626355,0.0010701255920808426,0.04040001824359181,0.4537617554858934,0.22058823529411764
Ventral Mesoderm 2,LOC116406756,3.270769,28.73137,0.0010725552128752513,0.04042180880855071,0.23510971786833856,0.0
Ventral Mesoderm 2,cfdp1,3.269326,1.4988092,0.001078040527919415,0.04055848682711992,0.4216300940438871,0.23529411764705882
Ventral Mesoderm 2,utp25,3.2436728,1.1581628,0.0011799920287709766,0.04409007886954021,0.5086206896551724,0.3235294117647059
Ventral Mesoderm 2,brd9,3.2417488,1.041453,0.0011879867020132089,0.04431291935834228,0.5501567398119123,0.35294117647058826
Ventral Mesoderm 2,hkdc1,3.2085602,2.1549428,0.0013340140002621498,0.0491707400730887,0.3181818181818182,0.08823529411764706
Ventral Mesoderm 2,cdc42bpa,3.208079,1.0701299,0.0013362471409807798,0.0491707400730887,0.5211598746081505,0.3382352941176471
Ventral Mesoderm 2,pros1,-3.2207453,-1.2570585,0.0012785769020949502,0.04728711369422221,0.25313479623824453,0.47058823529411764
Ventral Mesoderm 2,inppl1,-3.221066,-1.7931864,0.001277147173596689,0.04728711369422221,0.12460815047021943,0.35294117647058826
Ventral Mesoderm 2,iqgap1,-3.2266777,-2.2118096,0.001252364626005659,0.04655510818410474,0.1042319749216301,0.3235294117647059
Ventral Mesoderm 2,slc1a3,-3.2728531,-3.28867,0.0010646775485748442,0.04026400136473427,0.052507836990595615,0.27941176470588236
Ventral Mesoderm 2,bcorl1,-3.2884054,-1.3212506,0.001007566409840691,0.03823670718110212,0.2476489028213166,0.47058823529411764
Ventral Mesoderm 2,LOC100488209,-3.2994683,-1.3394358,0.0009686817084517891,0.037018570157839735,0.28213166144200624,0.47058823529411764
Ventral Mesoderm 2,znf84,-3.299789,-2.1847436,0.0009675756233756596,0.037018570157839735,0.09247648902821316,0.3235294117647059
Ventral Mesoderm 2,abo.3,-3.3108518,-3.732068,0.0009301243856048183,0.03573282432796257,0.029780564263322883,0.2647058823529412
Ventral Mesoderm 2,marveld2,-3.3150206,-3.6185584,0.0009163641235786098,0.035266281376735174,0.02821316614420063,0.2647058823529412
Ventral Mesoderm 2,reps1,-3.3204718,-1.7995665,0.0008986545142809873,0.03464583066453255,0.2907523510971787,0.45588235294117646
Ventral Mesoderm 2,ebf4,-3.32448,-1.8350079,0.0008858357046124995,0.03433189864199328,0.13949843260188088,0.36764705882352944
Ventral Mesoderm 2,katnb1,-3.377069,-2.1141503,0.0007326269999377644,0.02901389068174584,0.09482758620689655,0.3382352941176471
Ventral Mesoderm 2,acaca,-3.390216,-2.9671957,0.0006983754995061904,0.027707730499499237,0.05877742946708464,0.29411764705882354
Ventral Mesoderm 2,tspan15,-3.390697,-3.2877965,0.0006971510779158553,0.027707730499499237,0.03605015673981191,0.27941176470588236
Ventral Mesoderm 2,ckmt1b,-3.4009583,-5.9371414,0.0006715006436994539,0.02683665850946114,0.006269592476489028,0.25
Ventral Mesoderm 2,nek2,-3.4015996,-4.0343947,0.0006699269913040155,0.026822893352742978,0.02115987460815047,0.2647058823529412
Ventral Mesoderm 2,lmln,-3.4198775,-3.3240619,0.0006264934582068085,0.025176268419025358,0.03605015673981191,0.27941176470588236
Ventral Mesoderm 2,anxa4,-3.4429653,-2.9678907,0.0005753732232883401,0.0232504057506942,0.045454545454545456,0.29411764705882354
Ventral Mesoderm 2,lekr1,-3.4439273,-2.7248282,0.0005733299502434931,0.023210821603456888,0.06269592476489028,0.3088235294117647
Ventral Mesoderm 2,elovl3,-3.4609225,-4.472641,0.0005383279223976108,0.021914076343564497,0.018025078369905956,0.2647058823529412
Ventral Mesoderm 2,upk1a,-3.4658928,-3.5246172,0.000528474127356387,0.021595194631168015,0.032915360501567396,0.27941176470588236
Ventral Mesoderm 2,ece1,-3.470382,-1.105137,0.0005197186495205863,0.02127726200973492,0.36912225705329155,0.5588235294117647
Ventral Mesoderm 2,kidins220,-3.4767952,-1.9786813,0.0005074451363590328,0.02089237796318954,0.12304075235109718,0.36764705882352944
Ventral Mesoderm 2,arl4c,-3.4767952,-2.0438676,0.0005074451363590328,0.02089237796318954,0.09952978056426333,0.35294117647058826
Ventral Mesoderm 2,dtx2,-3.487217,-1.6772746,0.00048807546227990476,0.020209287784458827,0.16222570532915362,0.4117647058823529
Ventral Mesoderm 2,nrp2,-3.4920268,-1.579118,0.00047937016196988993,0.019886570920807926,0.45454545454545453,0.5882352941176471
Ventral Mesoderm 2,cgn,-3.5091822,-1.1665305,0.0004494867102494683,0.018753823144079633,0.3573667711598746,0.5735294117647058
Ventral Mesoderm 2,e4f1,-3.5207262,-1.140407,0.00043036677292239623,0.018025016030594258,0.37460815047021945,0.5735294117647058
Ventral Mesoderm 2,atp10b,-3.5228105,-1.3827767,0.00042699654824326845,0.017918253229262233,0.2672413793103448,0.5
Ventral Mesoderm 2,iqce,-3.5356371,-3.3117058,0.00040679318546237627,0.017269716147810338,0.0438871473354232,0.29411764705882354
Ventral Mesoderm 2,astl2d.1,-3.536599,-3.5423417,0.0004053145071764552,0.017240483160033973,0.047021943573667714,0.29411764705882354
Ventral Mesoderm 2,LOC100496311,-3.595601,-5.7830253,0.00032364335539827866,0.014068170633756651,0.006269592476489028,0.2647058823529412
Ventral Mesoderm 2,cep128,-3.5981665,-3.0992286,0.0003204685079010063,0.013975185994304955,0.05799373040752351,0.3088235294117647
Ventral Mesoderm 2,ezr,-3.6648645,-1.6901436,0.0002474695844559289,0.011043013910864671,0.1841692789968652,0.4411764705882353
Ventral Mesoderm 2,ndfip1,-3.6706364,-3.0937893,0.00024194728883703538,0.01081871268383801,0.045454545454545456,0.3088235294117647
Ventral Mesoderm 2,ptpn14,-3.690678,-1.9927447,0.00022365720126182837,0.010042024256655055,0.12539184952978055,0.38235294117647056
Ventral Mesoderm 2,gas6,-3.7078333,-1.3323712,0.00020904009802415706,0.009507332255150514,0.2782131661442006,0.5294117647058824
Ventral Mesoderm 2,LOC101730328,-3.713926,-4.920016,0.00020406847715431764,0.009315854058544697,0.014106583072100314,0.27941176470588236
Ventral Mesoderm 2,pacrg,-3.7237062,-2.6643984,0.00019631933310200854,0.008999756654661614,0.07288401253918496,0.3382352941176471
Ventral Mesoderm 2,LOC100497952,-3.7831893,-5.5566177,0.00015483153165028605,0.0072191855814976325,0.007836990595611285,0.27941176470588236
Ventral Mesoderm 2,mtmr10,-3.8022687,-2.4645722,0.0001433770208432452,0.006713798222790673,0.14576802507836992,0.38235294117647056
Ventral Mesoderm 2,osbpl1a,-3.8096442,-1.8191067,0.0001391669741370787,0.006530672134720848,0.1786833855799373,0.4411764705882353
Ventral Mesoderm 2,sgk1,-3.8232722,-3.08161,0.0001316922012991468,0.006206599405072747,0.05172413793103448,0.3235294117647059
Ventral Mesoderm 2,hip1r,-3.827441,-1.4819853,0.00012948244135664876,0.006128929181872955,0.27507836990595613,0.5441176470588235
Ventral Mesoderm 2,upk1b,-3.8399467,-4.5463777,0.00012306096640273047,0.005875959185719873,0.019592476489028215,0.29411764705882354
Ventral Mesoderm 2,itpr2,-3.8426723,-1.3083757,0.00012170184038618179,0.005823806708479985,0.32445141065830724,0.5735294117647058
Ventral Mesoderm 2,b3gnt3.2,-3.8486047,-3.1699564,0.00011879250650945796,0.0056970797462480936,0.0493730407523511,0.3235294117647059
Ventral Mesoderm 2,sgpl1,-3.8537354,-2.8873875,0.00011632933477584662,0.005591238797673456,0.06896551724137931,0.3382352941176471
Ventral Mesoderm 2,fzd3,-3.8628743,-1.6242255,0.00011206069290558658,0.005397961103516126,0.20141065830721003,0.47058823529411764
Ventral Mesoderm 2,kalrn,-3.8630345,-3.3049302,0.00011198714029465553,0.005397961103516126,0.050940438871473356,0.3235294117647059
Ventral Mesoderm 2,cldn7,-3.8744183,-2.0780542,0.0001068797553456121,0.005182718091992448,0.12617554858934169,0.39705882352941174
Ventral Mesoderm 2,taok1,-3.879228,-1.5992163,0.00010478845462824475,0.005092625542189151,0.2139498432601881,0.47058823529411764
Ventral Mesoderm 2,ttf2,-3.9098516,-2.265806,9.235288443304591e-05,0.004569687735177993,0.11128526645768025,0.38235294117647056
Ventral Mesoderm 2,igsf3,-3.9181888,-1.9860672,8.921683899526541e-05,0.004434625612108626,0.13166144200626959,0.4117647058823529
Ventral Mesoderm 2,esam,-3.9258847,-3.7257502,8.641155529472365e-05,0.004324739789188451,0.050156739811912224,0.3235294117647059
Ventral Mesoderm 2,dvl3,-3.9406352,-2.2827797,8.126613506744545e-05,0.004085963901628404,0.10031347962382445,0.38235294117647056
Ventral Mesoderm 2,LOC100487159,-3.9544237,-3.0017905,7.67193403975473e-05,0.0038842058626795354,0.05329153605015674,0.3382352941176471
Ventral Mesoderm 2,ca12,-3.958913,-3.121185,7.529164914842781e-05,0.0038207885489949843,0.06191222570532915,0.3382352941176471
Ventral Mesoderm 2,synrg,-3.959875,-2.781013,7.49890015900617e-05,0.0038143007079178004,0.07366771159874608,0.35294117647058826
Ventral Mesoderm 2,msh2,-3.973343,-4.152635,7.087091347258271e-05,0.0036302211335333973,0.023510971786833857,0.3088235294117647
Ventral Mesoderm 2,rfx3,-4.003165,-2.82242,6.25007859610793e-05,0.0032241835708196488,0.07053291536050156,0.35294117647058826
Ventral Mesoderm 2,abo.4,-4.0273747,-1.6711744,5.6403107860527044e-05,0.002944431140250145,0.20768025078369906,0.4852941176470588
Ventral Mesoderm 2,phkb,-4.0360327,-4.7145724,5.4362661453515955e-05,0.0028584280375353534,0.022727272727272728,0.3088235294117647
Ventral Mesoderm 2,csrnp1,-4.0368342,-1.4364699,5.4177310656361204e-05,0.0028555630334117336,0.26410658307210033,0.5588235294117647
Ventral Mesoderm 2,cdx1,-4.041644,-3.7043219,5.307771845298124e-05,0.002811186636802193,0.03605015673981191,0.3235294117647059
Ventral Mesoderm 2,rnf128,-4.069542,-3.845691,4.710565439814807e-05,0.002516645639584306,0.03683385579937304,0.3235294117647059
Ventral Mesoderm 2,esyt2,-4.089263,-3.0406566,4.327463832056577e-05,0.002325851928061738,0.06583072100313479,0.35294117647058826
Ventral Mesoderm 2,nxpe3l.2,-4.0916677,-29.066032,4.282819594288902e-05,0.0023075408979500774,0.0,0.29411764705882354
Ventral Mesoderm 2,fxyd3,-4.0929503,-2.341133,4.2591883414207054e-05,0.0023004888316371587,0.1206896551724138,0.39705882352941174
Ventral Mesoderm 2,foxk2,-4.0967984,-1.0472023,4.189034559302645e-05,0.002268211491775261,0.5509404388714734,0.7205882352941176
Ventral Mesoderm 2,arhgef38,-4.1355987,-1.8342568,3.5403045064834656e-05,0.001945919008462864,0.2656739811912226,0.5147058823529411
Ventral Mesoderm 2,myo5b,-4.1404085,-1.8470191,3.466876888549748e-05,0.0019152081160770647,0.22570532915360503,0.4852941176470588
Ventral Mesoderm 2,angpt4.2,-4.152273,-5.4457173,3.2918896712637804e-05,0.0018231554445849478,0.012539184952978056,0.3088235294117647
Ventral Mesoderm 2,atf6,-4.1877065,-1.9634997,2.8178758372938416e-05,0.0015847646558141471,0.19592476489028213,0.47058823529411764
Ventral Mesoderm 2,atp1a1,-4.2156043,-1.4996291,2.491102872282812e-05,0.001411905344833331,0.5478056426332288,0.7058823529411765
Ventral Mesoderm 2,LOC100487973,-4.2157645,-2.660525,2.48933349653238e-05,0.001411905344833331,0.09090909090909091,0.38235294117647056
Ventral Mesoderm 2,lrrc1,-4.242861,-1.3491721,2.2068847919803743e-05,0.0012706182861689642,0.3495297805642633,0.6470588235294118
Ventral Mesoderm 2,ventx1.2,-4.295289,-1.1342056,1.7446578631327266e-05,0.0010152047795045126,0.512539184952978,0.7647058823529411
Ventral Mesoderm 2,fbxw5,-4.3227057,-2.561043,1.5412713516409816e-05,0.0009016644011838568,0.0932601880877743,0.39705882352941174
Ventral Mesoderm 2,LOC100496572,-4.342587,-1.656343,1.408146710297155e-05,0.0008304640369025465,0.3072100313479624,0.5588235294117647
Ventral Mesoderm 2,samhd1,-4.34403,-2.522458,1.3989238433244529e-05,0.0008272606283247395,0.13793103448275862,0.4264705882352941
Ventral Mesoderm 2,MGC69473,-4.3542914,-1.2514659,1.3349811768459427e-05,0.0007980992947932964,0.43652037617554856,0.7058823529411765
Ventral Mesoderm 2,nexn,-4.377379,-3.2542298,1.201149827941961e-05,0.0007240411711470036,0.05642633228840126,0.36764705882352944
Ventral Mesoderm 2,LOC101734097,-4.404475,-3.3873444,1.0604031223394615e-05,0.0006427515703491497,0.06191222570532915,0.36764705882352944
Ventral Mesoderm 2,MGC76092,-4.4416723,-1.0908668,8.9262514881701e-06,0.0005440774685010049,0.5697492163009404,0.8529411764705882
Ventral Mesoderm 2,nectin3,-4.4626756,-3.0521338,8.094256215025114e-06,0.0004975345489241211,0.06818181818181818,0.38235294117647056
Ventral Mesoderm 2,tfap2c,-4.4697304,-1.6947876,7.83183410259054e-06,0.0004827639885667463,0.2836990595611285,0.5735294117647058
Ventral Mesoderm 2,syne2,-4.473578,-2.2269344,7.692143560382356e-06,0.0004754965003713977,0.1536050156739812,0.45588235294117646
Ventral Mesoderm 2,pank1,-4.5219984,-3.135663,6.125854304411323e-06,0.0003852226708258198,0.06347962382445141,0.38235294117647056
Ventral Mesoderm 2,lsp1,-4.5279307,-1.2769488,5.956413412453634e-06,0.00037564999154089814,0.5313479623824452,0.6911764705882353
Ventral Mesoderm 2,LOC101732242,-4.556309,-5.4852138,5.20602509047752e-06,0.0003292773144907535,0.012539184952978056,0.3382352941176471
Ventral Mesoderm 2,fnbp1l,-4.568655,-1.0377351,4.908642602576101e-06,0.0003113706111360846,0.6739811912225705,0.8382352941176471
Ventral Mesoderm 2,tbcd,-4.602966,-4.34287,4.165164594760446e-06,0.00026575455152709856,0.0219435736677116,0.35294117647058826
Ventral Mesoderm 2,mreg,-4.603126,-4.490183,4.161958053374099e-06,0.00026575455152709856,0.02586206896551724,0.35294117647058826
Ventral Mesoderm 2,rab23,-4.627817,-2.5440207,3.695397503609705e-06,0.00023716843801843346,0.10893416927899686,0.4411764705882353
Ventral Mesoderm 2,crb2,-4.642087,-6.7890525,3.4490780949146635e-06,0.00022201278203284034,0.0054858934169279,0.3382352941176471
Ventral Mesoderm 2,cyb561,-4.6544323,-1.4608185,3.2487439124559718e-06,0.00021035857837893698,0.3769592476489028,0.6764705882352942
Ventral Mesoderm 2,twsg1,-4.6656556,-1.8280354,3.0763454844808288e-06,0.0002015883928434119,0.21865203761755486,0.5441176470588235
Ventral Mesoderm 2,smtnl2,-4.6672587,-5.1533103,3.052445330602815e-06,0.0002006247275876025,0.023510971786833857,0.35294117647058826
Ventral Mesoderm 2,traf4,-4.7405305,-2.0610468,2.1315927012913753e-06,0.00014267939980024263,0.16379310344827586,0.5
Ventral Mesoderm 2,slc2a11.3,-4.7429357,-5.4383154,2.1064328755900883e-06,0.00014186565363657813,0.012539184952978056,0.35294117647058826
Ventral Mesoderm 2,mfge8,-4.8535647,-2.2100317,1.2126187058585547e-06,8.400175485885562e-05,0.1778996865203762,0.5
Ventral Mesoderm 2,cpeb2,-4.894449,-1.3413852,9.85814755505084e-07,6.939181864476271e-05,0.6387147335423198,0.7794117647058824
Ventral Mesoderm 2,lpin2,-4.9800663,-3.1859448,6.356249149128043e-07,4.5179059505903266e-05,0.08150470219435736,0.4264705882352941
Ventral Mesoderm 2,LOC100498107,-4.98664,-5.853538,6.143841911784563e-07,4.3812017763742144e-05,0.009404388714733543,0.36764705882352944
Ventral Mesoderm 2,ugcg,-5.0029936,-3.9949632,5.64467698524447e-07,4.0384425080334286e-05,0.04231974921630094,0.39705882352941174
Ventral Mesoderm 2,stard13,-5.019508,-1.2973331,5.180400640190608e-07,3.7430967672052736e-05,0.6105015673981191,0.8235294117647058
Ventral Mesoderm 2,slc9a3r2,-5.0347395,-3.044833,4.784992031303442e-07,3.4920839837816856e-05,0.09404388714733543,0.4411764705882353
Ventral Mesoderm 2,rin2,-5.0454817,-2.6885958,4.5238022797205084e-07,3.312546629053061e-05,0.13009404388714735,0.47058823529411764
Ventral Mesoderm 2,klf17,-5.0467644,-4.1507244,4.493550380089309e-07,3.3014734964285794e-05,0.041536050156739814,0.39705882352941174
Ventral Mesoderm 2,tfap2a,-5.055262,-1.9631661,4.2980048347298664e-07,3.1684717398189326e-05,0.27899686520376177,0.5882352941176471
Ventral Mesoderm 2,zswim8,-5.070493,-2.2236261,3.9678557748550737e-07,2.9449857436432845e-05,0.1810344827586207,0.5147058823529411
Ventral Mesoderm 2,agap1,-5.089092,-1.0173379,3.597821644022817e-07,2.6794561806901667e-05,0.8252351097178683,0.9558823529411765
Ventral Mesoderm 2,ppl,-5.1165085,-5.2556367,3.11242974034287e-07,2.333894479863291e-05,0.016457680250783698,0.38235294117647056
Ventral Mesoderm 2,kcnk5,-5.11715,-3.0327647,3.101869267700986e-07,2.333894479863291e-05,0.07993730407523511,0.4411764705882353
Ventral Mesoderm 2,LOC595077,-5.118112,-5.3894105,3.086093400042132e-07,2.330160694889943e-05,0.017241379310344827,0.38235294117647056
Ventral Mesoderm 2,rhof,-5.1208377,-2.3605185,3.0418146691169686e-07,2.304702704680603e-05,0.1536050156739812,0.5
Ventral Mesoderm 2,LOC116407552,-5.156271,-1.2525563,2.5191627931487904e-07,1.922050745080411e-05,0.6003134796238244,0.8382352941176471
Ventral Mesoderm 2,tnk2l,-5.1764727,-2.5276244,2.261200330565389e-07,1.7435212866878924e-05,0.13479623824451412,0.4852941176470588
Ventral Mesoderm 2,LOC116406975,-5.220564,-2.9010901,1.7837902807751535e-07,1.3802867984678945e-05,0.1206896551724138,0.47058823529411764
Ventral Mesoderm 2,lmln2,-5.3409734,-2.718353,9.244891993351622e-08,7.362510517771012e-06,0.10188087774294671,0.4852941176470588
Ventral Mesoderm 2,usp53,-5.3639007,-2.2400527,8.144370814105e-08,6.509828407860264e-06,0.23667711598746083,0.5735294117647058
Ventral Mesoderm 2,prcp,-5.3776894,-5.8387938,7.544791425025229e-08,6.052753444318953e-06,0.013322884012539185,0.39705882352941174
Ventral Mesoderm 2,ptpn13,-5.394364,-1.4661812,6.876680309304801e-08,5.578291488079556e-06,0.670846394984326,0.8235294117647058
Ventral Mesoderm 2,stk17a,-5.401258,-1.8327695,6.617518006478668e-08,5.388091806692948e-06,0.2829153605015674,0.6176470588235294
Ventral Mesoderm 2,alcam,-5.405106,-1.5214523,6.477010176868063e-08,5.293439665522022e-06,0.4882445141065831,0.8088235294117647
Ventral Mesoderm 2,esrp1,-5.450159,-1.7925882,5.03247593967341e-08,4.159608237864147e-06,0.3346394984326019,0.6470588235294118
Ventral Mesoderm 2,elovl7,-5.4634666,-4.9698343,4.669248648411185e-08,3.874056074409904e-06,0.02115987460815047,0.4117647058823529
Ventral Mesoderm 2,rbm47,-5.500824,-4.277417,3.780203618371019e-08,3.172608582941308e-06,0.03605015673981191,0.4264705882352941
Ventral Mesoderm 2,LOC100489839,-5.516376,-3.1062312,3.460610505717311e-08,2.938287231332975e-06,0.1238244514106583,0.4852941176470588
Ventral Mesoderm 2,atg16l1,-5.529363,-1.0918014,3.213955285508368e-08,2.7502634621599257e-06,0.8299373040752351,0.9558823529411765
Ventral Mesoderm 2,ovol2,-5.53273,-2.1203752,3.152845138040701e-08,2.7085918802041785e-06,0.2413793103448276,0.6029411764705882
Ventral Mesoderm 2,dixdc1,-5.574256,-2.5476077,2.4858996785348004e-08,2.1785067022212e-06,0.16379310344827586,0.5441176470588235
Ventral Mesoderm 2,LOC101733948,-5.6465654,-6.920138,1.636846909835696e-08,1.4638375581772429e-06,0.007836990595611285,0.4117647058823529
Ventral Mesoderm 2,trib2,-5.672379,-1.3836449,1.4082793911650839e-08,1.2698373799426982e-06,0.6050156739811913,0.8676470588235294
Ventral Mesoderm 2,gnb3,-5.6787925,-5.1266065,1.3564904804969893e-08,1.2282148869263404e-06,0.0219435736677116,0.4264705882352941
Ventral Mesoderm 2,LOC108648775,-5.679594,-1.6259582,1.3501484380774331e-08,1.2275662111369862e-06,0.3605015673981191,0.75
Ventral Mesoderm 2,sh3d19,-5.6948256,-3.226128,1.2349815725584692e-08,1.1275536776066257e-06,0.0877742946708464,0.4852941176470588
Ventral Mesoderm 2,wee1,-5.709576,-2.0722497,1.1325794931859506e-08,1.0427855325236553e-06,0.29780564263322884,0.6323529411764706
Ventral Mesoderm 2,LOC100495980,-5.7296176,-4.4567966,1.0065733855734168e-08,9.30696518923624e-07,0.03213166144200627,0.4411764705882353
Ventral Mesoderm 2,nt5dc2,-5.736993,-1.5420916,9.637236586138114e-09,8.948686789196586e-07,0.4835423197492163,0.8088235294117647
Ventral Mesoderm 2,arhgap45,-5.765532,-3.700664,8.140073278935555e-09,7.590792265797126e-07,0.07601880877742946,0.47058823529411764
Ventral Mesoderm 2,slc43a1,-5.775793,-2.1896653,7.659145613385818e-09,7.172970662218539e-07,0.2993730407523511,0.6764705882352942
Ventral Mesoderm 2,fam83f,-5.794552,-4.756849,6.850383942333149e-09,6.471092121456781e-07,0.030564263322884012,0.4411764705882353
Ventral Mesoderm 2,cnn2,-5.796155,-1.9815825,6.785247000547753e-09,6.437429339084893e-07,0.2938871473354232,0.6470588235294118
Ventral Mesoderm 2,spint2,-5.803691,-1.3285956,6.487085276639308e-09,6.18142741578805e-07,0.713166144200627,0.9117647058823529
Ventral Mesoderm 2,dhrs3,-5.831909,-2.268915,5.479673497397836e-09,5.244384008189394e-07,0.2476489028213166,0.6176470588235294
Ventral Mesoderm 2,ide,-5.8452168,-2.2415717,5.059091016870171e-09,4.863190532119999e-07,0.22413793103448276,0.6029411764705882
Ventral Mesoderm 2,setd1b,-5.8654184,-1.4425521,4.480011322225607e-09,4.3255896930214594e-07,0.6253918495297806,0.8823529411764706
Ventral Mesoderm 2,kitlg,-5.87584,-4.3588395,4.207042123097386e-09,4.0800829408048027e-07,0.04231974921630094,0.45588235294117646
Ventral Mesoderm 2,arid3a,-5.9011726,-1.4129777,3.6092718593121624e-09,3.531745347177161e-07,0.6661442006269592,0.9117647058823529
Ventral Mesoderm 2,sh3bp4,-5.9098306,-2.0832005,3.4246000032155918e-09,3.3661349851426767e-07,0.24529780564263323,0.6323529411764706
Ventral Mesoderm 2,tmod3,-5.919771,-3.0734186,3.2239012554351213e-09,3.197670422493172e-07,0.10736677115987461,0.5147058823529411
Ventral Mesoderm 2,upk2,-5.9220157,-5.369954,3.1801928659281746e-09,3.1687209373250544e-07,0.0219435736677116,0.4411764705882353
Ventral Mesoderm 2,mpzl2,-5.9335594,-5.681454,2.9643636858911623e-09,2.96721926558858e-07,0.019592476489028215,0.4411764705882353
Ventral Mesoderm 2,lrwd1,-5.9407744,-1.1061107,2.8367860322093005e-09,2.852604055706873e-07,0.8840125391849529,1.0
Ventral Mesoderm 2,klf8,-5.942378,-2.4883106,2.8091701848118834e-09,2.852604055706873e-07,0.16379310344827586,0.5588235294117647
Ventral Mesoderm 2,gas2l1,-5.9425383,-5.4211082,2.8064230424238797e-09,2.852604055706873e-07,0.016457680250783698,0.4411764705882353
Ventral Mesoderm 2,sgms1,-5.950555,-4.0293283,2.6723516615602472e-09,2.750631396552177e-07,0.050156739811912224,0.47058823529411764
Ventral Mesoderm 2,crocc,-6.00138,-3.0997612,1.9564759556035814e-09,2.0233299444182818e-07,0.11363636363636363,0.5147058823529411
Ventral Mesoderm 2,ets2,-6.0315223,-1.6058253,1.6242229762016282e-09,1.687722360175987e-07,0.438871473354232,0.8088235294117647
Ventral Mesoderm 2,myt1,-6.0866766,-2.0605855,1.1527859870374229e-09,1.2152146387992078e-07,0.4004702194357367,0.7352941176470589
Ventral Mesoderm 2,zmynd8,-6.12211,-1.3410625,9.234436161133137e-10,9.829494218150545e-08,0.6684952978056427,0.8823529411764706
Ventral Mesoderm 2,spint1,-6.129164,-2.7043798,8.834181770894861e-10,9.44954315797533e-08,0.1669278996865204,0.5588235294117647
Ventral Mesoderm 2,cdx4,-6.1670027,-2.0318658,6.959657556793605e-10,7.481117613142525e-08,0.31191222570532917,0.7058823529411765
Ventral Mesoderm 2,clint1,-6.1772637,-3.7515821,6.522199501837485e-10,7.080642553711231e-08,0.07445141065830721,0.5
Ventral Mesoderm 2,kiaa0232,-6.1997104,-1.5851185,5.656715877298664e-10,6.202773726559505e-08,0.5470219435736677,0.8382352941176471
Ventral Mesoderm 2,znfx1,-6.2640033,-4.4860263,3.752172129090203e-10,4.1561496461359044e-08,0.04623824451410658,0.4852941176470588
Ventral Mesoderm 2,MGC89056,-6.282762,-4.420821,3.3260952205075205e-10,3.702996112586459e-08,0.03918495297805643,0.4852941176470588
Ventral Mesoderm 2,adap1l,-6.3100185,-4.6045327,2.7900182699013977e-10,3.15445537137401e-08,0.04231974921630094,0.4852941176470588
Ventral Mesoderm 2,mst1,-6.37351,-2.4369848,1.847501566830043e-10,2.0997047755103314e-08,0.22413793103448276,0.6176470588235294
Ventral Mesoderm 2,aldh1l1,-6.3837714,-5.8744154,1.7277908023793368e-10,1.9739331465298172e-08,0.014890282131661442,0.47058823529411764
Ventral Mesoderm 2,ltbp4,-6.3901844,-5.27433,1.6568565168901506e-10,1.9028561081610516e-08,0.04075235109717868,0.4852941176470588
Ventral Mesoderm 2,slc9a7,-6.395315,-2.793661,1.6021652562439981e-10,1.8497803204497505e-08,0.17711598746081506,0.6029411764705882
Ventral Mesoderm 2,cdx2,-6.3959565,-2.7748022,1.5954541360641742e-10,1.8497803204497505e-08,0.1841692789968652,0.6029411764705882
Ventral Mesoderm 2,sptlc3,-6.3998046,-2.5748146,1.5557605010609005e-10,1.8154144328155034e-08,0.3166144200626959,0.6617647058823529
Ventral Mesoderm 2,LOC116407738,-6.414555,-2.6758893,1.4123479666817558e-10,1.656927149514118e-08,0.1778996865203762,0.6029411764705882
Ventral Mesoderm 2,f11r,-6.429947,-3.0658352,1.2764856878870952e-10,1.505632118669422e-08,0.10658307210031348,0.5588235294117647
Ventral Mesoderm 2,ctnna1,-6.5078683,-2.0492237,7.622479335335917e-11,9.189509479357186e-09,0.31426332288401254,0.7058823529411765
Ventral Mesoderm 2,upk3b,-6.5505166,-4.6956477,5.733846951007086e-11,6.951015239884757e-09,0.03605015673981191,0.5
Ventral Mesoderm 2,spata13,-6.559495,-2.0288794,5.3990320337320166e-11,6.581691508830522e-09,0.35344827586206895,0.7352941176470589
Ventral Mesoderm 2,ralgapa2,-6.5992575,-2.901347,4.1322277226070156e-11,5.065693322191444e-09,0.23432601880877743,0.6176470588235294
Ventral Mesoderm 2,mob2.2,-6.6651535,-2.9290378,2.6438866698521637e-11,3.2887218431050074e-09,0.14498432601880878,0.5882352941176471
Ventral Mesoderm 2,rasef,-6.7403493,-4.7394214,1.5800638252425366e-11,2.0162908029600817e-09,0.03918495297805643,0.5147058823529411
Ventral Mesoderm 2,ankrd7,-6.7512517,-3.354624,1.4657496382871962e-11,1.8814189915920536e-09,0.1206896551724138,0.5735294117647058
Ventral Mesoderm 2,apbb1,-6.778348,-4.7634254,1.2155787837837369e-11,1.5695351858547291e-09,0.03605015673981191,0.5147058823529411
Ventral Mesoderm 2,ripk4,-6.7828374,-2.3535662,1.1783843287592846e-11,1.5305669308247828e-09,0.24608150470219436,0.6911764705882353
Ventral Mesoderm 2,mastl,-6.801115,-2.2591903,1.0381251582399906e-11,1.3564628190392118e-09,0.3565830721003135,0.7794117647058824
Ventral Mesoderm 2,fam184a,-6.80352,-5.788864,1.0209333254013037e-11,1.34203530684228e-09,0.03761755485893417,0.5147058823529411
Ventral Mesoderm 2,stk10,-6.818912,-1.6991913,9.173268207506834e-12,1.2131508215515553e-09,0.7061128526645768,0.9705882352941176
Ventral Mesoderm 2,csnk1d,-6.830456,-3.080416,8.464530950815967e-12,1.1401514189984892e-09,0.1238244514106583,0.6029411764705882
Ventral Mesoderm 2,ly6g6c,-6.853864,-6.625604,7.188134537820524e-12,9.742377872657245e-10,0.0109717868338558,0.5
Ventral Mesoderm 2,cldn4,-6.9000397,-5.394554,5.198800270883435e-12,7.090188794434215e-10,0.02037617554858934,0.5147058823529411
Ventral Mesoderm 2,pdlim4,-6.903086,-2.9658966,5.08847952924376e-12,6.983378101108685e-10,0.15282131661442006,0.6323529411764706
Ventral Mesoderm 2,krt18.1,-6.9766784,-2.877189,3.0224065247761065e-12,4.2825930374765857e-10,0.1841692789968652,0.6176470588235294
Ventral Mesoderm 2,rab11fip4l,-7.023335,-2.663451,2.166341403896953e-12,3.109982616739172e-10,0.20768025078369906,0.6617647058823529
Ventral Mesoderm 2,LOC101732476,-7.036001,-2.7345881,1.9783539064584774e-12,2.8589179200549954e-10,0.22021943573667713,0.6617647058823529
Ventral Mesoderm 2,depdc1b,-7.0401697,-2.017974,1.920058192934574e-12,2.7931726552016895e-10,0.42398119122257055,0.7647058823529411
Ventral Mesoderm 2,nipal4,-7.0467434,-3.1038065,1.8315372046100893e-12,2.6822800900534736e-10,0.14576802507836992,0.6176470588235294
Ventral Mesoderm 2,ventx1.1,-7.109273,-1.7445189,1.1665602793523124e-12,1.7199670172801898e-10,0.48119122257053293,0.9558823529411765
Ventral Mesoderm 2,epb41l5,-7.1835065,-2.3844106,6.794587679436714e-13,1.015511628445127e-10,0.26489028213166144,0.7058823529411765
Ventral Mesoderm 2,jup,-7.201303,-2.8308752,5.963976772564598e-13,8.975168079595316e-11,0.18260188087774296,0.6470588235294118
Ventral Mesoderm 2,atp1b1,-7.225994,-4.6267166,4.974486740594561e-13,7.538074664341243e-11,0.05329153605015674,0.5588235294117647
Ventral Mesoderm 2,dmd.3,-7.2888446,-1.8309523,3.126249656206091e-13,4.804077024512191e-11,0.5901253918495298,0.8970588235294118
Ventral Mesoderm 2,cxadr,-7.3348594,-2.4481285,2.2195407352611294e-13,3.50960857856037e-11,0.2907523510971787,0.7205882352941176
Ventral Mesoderm 2,smtn,-7.3981905,-2.0415168,1.3805256006787586e-13,2.2150330244419992e-11,0.567398119122257,0.8529411764705882
Ventral Mesoderm 2,naalad2,-7.4403577,-6.853405,1.0041287004748762e-13,1.6230438794860943e-11,0.012539184952978056,0.5441176470588235
Ventral Mesoderm 2,mylk,-7.492466,-3.648432,6.75915718698653e-14,1.1006833505763662e-11,0.11833855799373041,0.6176470588235294
Ventral Mesoderm 2,oxr1,-7.503208,-2.4735065,6.227462504710087e-14,1.0330386986459133e-11,0.27507836990595613,0.75
Ventral Mesoderm 2,dnah5,-7.584336,-5.3001013,3.341944063046659e-14,5.653066775173732e-12,0.03761755485893417,0.5735294117647058
Ventral Mesoderm 2,LOC100216037,-7.6184864,-4.5024524,2.5666722601298976e-14,4.375574639710507e-12,0.054858934169279,0.5882352941176471
Ventral Mesoderm 2,dgkd,-7.621693,-2.51792,2.5036957334489474e-14,4.301822409416495e-12,0.25862068965517243,0.7352941176470589
Ventral Mesoderm 2,LOC101734594,-7.6260223,-5.6731305,2.4210825926631513e-14,4.192892321785923e-12,0.047021943573667714,0.5735294117647058
Ventral Mesoderm 2,krt70,-7.6604934,-4.1607966,1.8521998773086476e-14,3.2333482818201603e-12,0.11912225705329153,0.6176470588235294
Ventral Mesoderm 2,lifr,-7.6837416,-3.2107499,1.5450816555996848e-14,2.7189699037774774e-12,0.15987460815047022,0.6617647058823529
Ventral Mesoderm 2,slit2,-7.6909566,-3.0984123,1.460390528865048e-14,2.5908277829564404e-12,0.24529780564263323,0.7058823529411765
Ventral Mesoderm 2,LOC101733480,-7.695125,-6.0917864,1.4135574336503737e-14,2.5282980950561315e-12,0.041536050156739814,0.5735294117647058
Ventral Mesoderm 2,gramd2b,-7.6978507,-4.906306,1.38373807094449e-14,2.495417226948737e-12,0.05329153605015674,0.5882352941176471
Ventral Mesoderm 2,tmprss9,-7.712601,-2.9653685,1.232787336350206e-14,2.2417210388748207e-12,0.3942006269592476,0.7647058823529411
Ventral Mesoderm 2,sh3pxd2b,-7.74579,-2.8028848,9.498938530746874e-15,1.7418179636926684e-12,0.256269592476489,0.7205882352941176
Ventral Mesoderm 2,arhgap27,-7.7643886,-2.132511,8.204007124263278e-15,1.5300823885346067e-12,0.5,0.8676470588235294
Ventral Mesoderm 2,camsap3,-7.7653503,-3.7486093,8.141975899643727e-15,1.5300823885346067e-12,0.11598746081504702,0.6323529411764706
Ventral Mesoderm 2,ccng2,-7.7653503,-3.151509,8.141975899643727e-15,1.5300823885346067e-12,0.15595611285266459,0.6617647058823529
Ventral Mesoderm 2,ncoa2,-7.826437,-5.246913,5.0189100711686084e-15,9.691826253360195e-13,0.03918495297805643,0.5882352941176471
Ventral Mesoderm 2,dcbld1,-7.845837,-1.3422898,4.300750734264438e-15,8.379168015391455e-13,0.859717868338558,0.9264705882352942
Ventral Mesoderm 2,b4galt1l,-7.8905697,-4.048488,3.00810325093303e-15,5.967256458055422e-13,0.10579937304075235,0.6323529411764706
Ventral Mesoderm 2,jag1,-8.124013,-3.9661937,4.510183819131136e-16,9.46314626127505e-14,0.09717868338557993,0.6470588235294118
Ventral Mesoderm 2,LOC100494753,-8.170348,-5.0983834,3.074995305679243e-16,6.514511899536578e-14,0.08307210031347963,0.6323529411764706
Ventral Mesoderm 2,LOC100488554,-8.234962,-6.456858,1.7961410863994767e-16,3.8805539253785126e-14,0.019592476489028215,0.6029411764705882
Ventral Mesoderm 2,usp54,-8.340781,-4.5134187,7.380124759864571e-17,1.643282677398008e-14,0.07445141065830721,0.6470588235294118
Ventral Mesoderm 2,gfod1,-8.377016,-4.7910743,5.4286314414741014e-17,1.2339392362958995e-14,0.09717868338557993,0.6470588235294118
Ventral Mesoderm 2,slc9a3,-8.432812,-4.7585635,3.3745715147021247e-17,7.83367287471437e-15,0.13087774294670845,0.6764705882352942
Ventral Mesoderm 2,myo9b,-8.559154,-3.0296896,1.1369947484875784e-17,2.851765793879017e-15,0.28761755485893414,0.7647058823529411
Ventral Mesoderm 2,pkp3,-8.570857,-3.921415,1.0271729275448273e-17,2.6062721455762416e-15,0.13087774294670845,0.6911764705882353
Ventral Mesoderm 2,mprip,-8.676677,-3.0456007,4.075021642760612e-18,1.0461299678432861e-15,0.27507836990595613,0.7794117647058824
Ventral Mesoderm 2,trpm4,-8.747062,-3.9405897,2.189791040237644e-18,5.688503605836385e-16,0.1152037617554859,0.7058823529411765
Ventral Mesoderm 2,dst,-8.760369,-5.2236304,1.9461105551585603e-18,5.116394990857222e-16,0.0438871473354232,0.6617647058823529
Ventral Mesoderm 2,tp53bp2,-8.773036,-2.3607917,1.739125538085555e-18,4.627982727629865e-16,0.47100313479623823,0.8823529411764706
Ventral Mesoderm 2,ahcyl2,-8.833481,-3.6821485,1.014675803635392e-18,2.733486507546653e-16,0.22727272727272727,0.75
Ventral Mesoderm 2,erbin,-8.838772,-3.478001,9.67764321127607e-19,2.639698156415689e-16,0.3072100313479624,0.7647058823529411
Ventral Mesoderm 2,metrnl,-8.970244,-2.705701,2.9585822566896157e-19,8.276823515797962e-17,0.32445141065830724,0.8382352941176471
Ventral Mesoderm 2,kiaa1671,-8.974092,-1.7572831,2.8569847411411373e-19,8.096397926810488e-17,0.8769592476489029,0.9705882352941176
Ventral Mesoderm 2,myo5c,-8.981627,-4.5421953,2.6679050933690246e-19,7.660046979263879e-17,0.09012539184952978,0.6911764705882353
Ventral Mesoderm 2,eif4g1,-9.026681,-1.8934586,1.7695761923539444e-19,5.218097580183165e-17,0.6496865203761756,0.9264705882352942
Ventral Mesoderm 2,atp12a-like,-9.075903,-4.6318097,1.1273906589325962e-19,3.369971447749066e-17,0.13871473354231975,0.7205882352941176
Ventral Mesoderm 2,arhgap6,-9.092897,-2.0384834,9.643382854048678e-20,2.922614684141614e-17,0.7515673981191222,0.9705882352941176
Ventral Mesoderm 2,itpka,-9.138913,-2.5485208,6.308313992538741e-20,1.938784783537857e-17,0.549373040752351,0.9264705882352942
Ventral Mesoderm 2,pard6b,-9.281448,-4.567094,1.671906416743149e-20,5.445174614888396e-18,0.06974921630094044,0.7205882352941176
Ventral Mesoderm 2,kifc3,-9.363698,-6.173586,7.699346559598767e-21,2.5847298658000723e-18,0.032915360501567396,0.6911764705882353
Ventral Mesoderm 2,plpp3,-9.480741,-3.2010224,2.5248487907863196e-21,8.608550853710669e-19,0.4036050156739812,0.8382352941176471
Ventral Mesoderm 2,LOC105945479,-9.495811,-3.7234445,2.185023613771557e-21,7.568158773985579e-19,0.42554858934169276,0.8382352941176471
Ventral Mesoderm 2,celsr1,-9.517456,-1.7646611,1.7746948484257336e-21,6.246067143144828e-19,0.8871473354231975,1.0
Ventral Mesoderm 2,dnmbp,-9.56716,-3.898622,1.0988326447011817e-21,3.9307585475449975e-19,0.14184952978056425,0.7647058823529411
Ventral Mesoderm 2,cdh1,-9.733263,-4.044726,2.1750150559479677e-22,8.182931644110448e-20,0.13557993730407525,0.7794117647058824
Ventral Mesoderm 2,plekha4,-9.751381,-2.1531904,1.8197638227178436e-22,6.96650287289931e-20,0.5987460815047022,0.9117647058823529
Ventral Mesoderm 2,LOC100491625,-9.883975,-2.0533094,4.885558074771416e-23,1.903710049099769e-20,0.7429467084639498,0.9558823529411765
Ventral Mesoderm 2,chmp5,-9.946023,-3.8758342,2.6246218236019727e-23,1.0413067784148845e-20,0.2115987460815047,0.8088235294117647
Ventral Mesoderm 2,LOC100489507,-10.014966,-2.903281,1.3100682373271822e-23,5.393773397493668e-21,0.4537617554858934,0.9117647058823529
Ventral Mesoderm 2,crtc3,-10.016729,-2.3305266,1.2869074798146922e-23,5.393773397493668e-21,0.6246081504702194,0.9558823529411765
Ventral Mesoderm 2,lima1,-10.023303,-3.9574733,1.2040981093822534e-23,5.1518872244765e-21,0.2304075235109718,0.8235294117647058
Ventral Mesoderm 2,gadd45a,-10.045589,-3.0209677,9.607155071970408e-24,4.192754616509325e-21,0.329153605015674,0.8823529411764706
Ventral Mesoderm 2,itpr3,-10.05024,-2.4914458,9.164479901223527e-24,4.0811860392775216e-21,0.7335423197492164,0.9705882352941176
Ventral Mesoderm 2,krt7,-10.143552,-5.373942,3.539882565135654e-24,1.6092453636213562e-21,0.06739811912225706,0.7647058823529411
Ventral Mesoderm 2,lmo7,-10.155577,-4.3745427,3.1295317387917435e-24,1.4529683419611626e-21,0.22648902821316613,0.8088235294117647
Ventral Mesoderm 2,grhl3,-10.222917,-6.0316567,1.5655837102000499e-24,7.4266526391902805e-22,0.08072100313479624,0.7647058823529411
Ventral Mesoderm 2,usp43,-10.2569065,-3.5423791,1.1017961467036595e-24,5.464157663004672e-22,0.2719435736677116,0.8676470588235294
Ventral Mesoderm 2,hpgd,-10.26348,-4.5170684,1.029286865423176e-24,5.2232717884649135e-22,0.1152037617554859,0.7941176470588235
Ventral Mesoderm 2,efna4,-10.27294,-3.4198525,9.331668407568287e-25,4.84824610289399e-22,0.28134796238244514,0.8676470588235294
Ventral Mesoderm 2,krt8.1,-10.29218,-3.266017,7.6426313809006725e-25,4.0675575454300873e-22,0.3440438871473354,0.8676470588235294
Ventral Mesoderm 2,axl,-10.363848,-5.218966,3.6209474957278692e-25,1.975317382606946e-22,0.07210031347962383,0.7794117647058824
Ventral Mesoderm 2,prc1,-10.611561,-3.4897091,2.6331337010892573e-26,1.59604473587413e-23,0.26802507836990597,0.8823529411764706
Ventral Mesoderm 2,tbc1d14,-10.631442,-4.5786514,2.1279670256418362e-26,1.3657167196038385e-23,0.11755485893416928,0.8235294117647058
Ventral Mesoderm 2,grhl1,-10.654369,-6.0702014,1.6636843239847308e-26,1.1000986555657822e-23,0.06347962382445141,0.7941176470588235
Ventral Mesoderm 2,atp1b2,-10.699263,-7.1079173,1.0259175026171671e-26,6.995795570190376e-24,0.0219435736677116,0.7794117647058824
Ventral Mesoderm 2,golim4,-10.778146,-3.8234038,4.365990334628446e-27,3.1756758363975775e-24,0.3440438871473354,0.8676470588235294
Ventral Mesoderm 2,tjp2,-10.856067,-3.642686,1.8661493549473278e-27,1.404180864631229e-24,0.2664576802507837,0.9117647058823529
Ventral Mesoderm 2,nav2,-10.863923,-3.0603092,1.712315547377625e-27,1.3344441985473983e-24,0.6167711598746082,0.9411764705882353
Ventral Mesoderm 2,rassf7,-10.89631,-5.782289,1.2002664071663865e-27,9.700375285473229e-25,0.045454545454545456,0.8088235294117647
Ventral Mesoderm 2,ocln,-11.153963,-3.7484424,6.848644920661151e-29,6.226845033906123e-26,0.2476489028213166,0.9117647058823529
Ventral Mesoderm 2,rabgap1l,-11.267158,-5.3506017,1.90624857093793e-29,1.808532611584199e-26,0.19592476489028213,0.8676470588235294
Ventral Mesoderm 2,st14,-11.290245,-3.2767863,1.4662688718050082e-29,1.454338775075322e-26,0.3847962382445141,0.9558823529411765
Ventral Mesoderm 2,bicc1,-11.30676,-2.9434395,1.214941535762854e-29,1.2624399643752971e-26,0.8299373040752351,0.9705882352941176
Ventral Mesoderm 2,LOC100495222,-11.514229,-4.640928,1.1185570211411583e-30,1.2846333030695375e-27,0.2280564263322884,0.8970588235294118
Ventral Mesoderm 2,prss27,-11.552548,-6.0185847,7.1663673390399e-31,8.687627872510537e-28,0.06426332288401254,0.8529411764705882
Ventral Mesoderm 2,psd3,-11.8297615,-4.2393436,2.739178764819473e-32,3.515977636889748e-29,0.2170846394984326,0.9117647058823529
Ventral Mesoderm 2,pla2g7,-11.904958,-7.231428,1.1152017117681186e-32,1.5209260345307573e-29,0.029780564263322883,0.8676470588235294
Ventral Mesoderm 2,palm2,-12.016388,-3.358887,2.9143441433232226e-33,4.23959357009707e-30,0.4835423197492163,0.9852941176470589
Ventral Mesoderm 2,ano5,-12.1659775,-5.1142325,4.717630967506149e-34,7.353101810139406e-31,0.13871473354231975,0.9117647058823529
Ventral Mesoderm 2,epas1,-12.255122,-5.0122266,1.57711579076061e-34,2.647249513091328e-31,0.48589341692789967,0.9558823529411765
Ventral Mesoderm 2,slc22a23,-12.427158,-4.7232575,1.8613445970984668e-35,3.692400041207786e-32,0.3456112852664577,0.9558823529411765
Ventral Mesoderm 2,epcam,-12.477342,-3.509247,9.924461492246166e-36,2.1656167422230358e-32,0.5101880877742947,0.9705882352941176
Ventral Mesoderm 2,fhod1,-12.506522,-5.0222497,6.876956649804595e-36,1.667356345059845e-32,0.219435736677116,0.9411764705882353
Ventral Mesoderm 2,tjp3,-12.66461,-6.4333315,9.288132854735082e-37,2.5334543377896778e-33,0.07210031347962383,0.9264705882352942
Ventral Mesoderm 2,kirrel2,-13.087084,-4.518655,3.903070166906635e-39,1.2166984873152813e-35,0.365987460815047,0.9852941176470589
Ventral Mesoderm 2,plec,-13.255753,-4.521322,4.17901451090072e-40,1.8238055128472923e-36,0.4882445141065831,0.9852941176470589
Ventral Mesoderm 2,marchf8,-13.29776,-5.453002,2.385075071176471e-40,1.3011180782035444e-36,0.25705329153605017,0.9852941176470589
Ventral Mesoderm 2,phldb3,-13.334797,-6.4226837,1.4525047895076132e-40,1.0565035670615208e-36,0.11598746081504702,0.9705882352941176
Ventral Mesoderm 2,rreb1,-13.392997,-3.2414954,6.644452154030188e-41,7.249429522654637e-37,0.8401253918495298,1.0
Ventral Mesoderm 2,nectin2,-13.743963,-4.540832,5.536036286966958e-43,1.20801847817906e-38,0.5219435736677116,1.0
