group,names,scores,logfoldchanges,pvals,pvals_adj,pct_nz_group,pct_nz_reference
Epidermis 1,sytl2,39.002796,4.273641,0.0,0.0,0.9907763259031515,0.7224622030237581
Epidermis 1,LOC101734097,38.845535,4.294477,0.0,0.0,0.9953881629515757,0.40712742980561556
Epidermis 1,itpr3,38.826447,3.3262403,0.0,0.0,0.9984627209838586,0.9751619870410367
Epidermis 1,otogl2,38.72227,5.0981646,0.0,0.0,0.9961568024596464,0.9568034557235421
Epidermis 1,krt7,38.703182,3.6554797,0.0,0.0,0.9961568024596464,0.683585313174946
Epidermis 1,atp13a-like,38.662563,5.2706723,0.0,0.0,0.98923904688701,0.7904967602591793
Epidermis 1,muc4,38.515297,4.3926425,0.0,0.0,0.9923136049192929,0.7365010799136069
Epidermis 1,osbpl2,38.457493,4.499464,0.0,0.0,0.9792467332820907,0.3228941684665227
Epidermis 1,msln,38.441612,5.3072424,0.0,0.0,0.9846272098385856,0.5755939524838013
Epidermis 1,golga4,38.35653,3.432208,0.0,0.0,0.9930822444273636,0.6285097192224622
Epidermis 1,myo5c,38.146008,4.0651293,0.0,0.0,0.9838585703305149,0.4265658747300216
Epidermis 1,upk3b,38.032974,4.7841606,0.0,0.0,0.9715603382013835,0.22354211663066956
Epidermis 1,casd1,37.884274,4.7422295,0.0,0.0,0.9738662567255957,0.275377969762419
Epidermis 1,arhgef25,37.735935,3.5573597,0.0,0.0,0.9853958493466565,0.5863930885529157
Epidermis 1,clint1,37.682377,3.623612,0.0,0.0,0.9823212913143735,0.5280777537796977
Epidermis 1,evpl,37.603714,4.2055287,1.869351686537305e-309,2.399477832466502e-306,0.9792467332820907,0.4136069114470842
Epidermis 1,LOC100489839,37.469517,4.249639,2.889884954504704e-307,3.503343310680397e-304,0.97847809377402,0.4168466522678186
Epidermis 1,znf185,37.437992,3.8379102,9.41994226474001e-307,1.0818555797836408e-303,0.9846272098385856,0.5075593952483801
Epidermis 1,gclc,37.36745,5.163245,1.320441054338628e-305,1.4406672123361602e-302,0.9638739431206764,0.4103671706263499
Epidermis 1,slc22a4,37.357723,4.7909427,1.8997318909819592e-305,1.9740023615770159e-302,0.9607993850883936,0.20734341252699784
Epidermis 1,krt12.3,37.328167,3.6287766,5.732337899217664e-305,5.685697513583121e-302,0.9838585703305149,0.6177105831533477
Epidermis 1,fucolectin,37.32432,5.4065714,6.61759914936007e-305,6.27837526252983e-302,0.9508070714834742,0.2267818574514039
Epidermis 1,LOC100492852,37.3163,4.8556256,8.929774777216384e-305,8.119025642234945e-302,0.9669485011529593,0.5183585313174947
Epidermis 1,crybg1,37.202465,4.279524,6.225760095409437e-303,5.4340924416771725e-300,0.9723289777094543,0.4103671706263499
Epidermis 1,macf1,37.19434,2.3328154,8.42421367858512e-303,7.070183333861766e-300,0.994619523443505,0.9470842332613391
Epidermis 1,tm9sf2,37.100597,3.4398315,2.7476870658970197e-301,2.220639980182921e-298,0.9807840122982321,0.4740820734341253
Epidermis 1,pdxdc1,36.976032,4.032725,2.7806535814484276e-299,2.167022921456648e-296,0.96771714066103,0.357451403887689
Epidermis 1,flnb,36.922707,4.263623,1.997339247873466e-298,1.502894473374031e-295,0.9661798616448886,0.4719222462203024
Epidermis 1,hexdl,36.915653,5.3543544,2.592021687489403e-298,1.8853501747568755e-295,0.9377401998462721,0.1468682505399568
Epidermis 1,LOC101732788,36.858955,5.3761683,2.102035493897249e-297,1.4796295649139315e-294,0.9446579554189085,0.25377969762419006
Epidermis 1,chsy1,36.827496,3.8646948,6.704771118147935e-297,4.572025330284565e-294,0.9830899308224442,0.7354211663066955
Epidermis 1,cast,36.798344,4.7053614,1.9624870687876611e-296,1.2976797069095624e-293,0.9584934665641814,0.468682505399568
Epidermis 1,lpcat4,36.73696,4.6549306,1.877830771934756e-295,1.205180743364362e-292,0.9508070714834742,0.2451403887688985
Epidermis 1,gfpt1,36.729675,3.08859,2.454767680188067e-295,1.5304424442681087e-292,0.9953881629515757,0.8369330453563715
Epidermis 1,grhl3,36.715397,3.5343828,4.148087314517232e-295,2.5143170358355697e-292,0.9884704073789393,0.67170626349892
Epidermis 1,scel,36.689857,4.898371,1.0599374678845983e-294,6.251052834245896e-292,0.9438893159108378,0.18142548596112312
Epidermis 1,pcdh1,36.65743,2.81601,3.484673539405019e-294,2.001027929035708e-291,0.9930822444273636,0.6889848812095032
Epidermis 1,tjp3,36.65562,4.4035316,3.723261616532968e-294,2.0832126085734845e-291,0.9546502690238279,0.23110151187904968
Epidermis 1,pkp3,36.644123,4.3017526,5.6769029991402164e-294,3.0968925086059665e-291,0.9584934665641814,0.296976241900648
Epidermis 1,anxa11,36.492176,4.5516195,1.4758413767244041e-291,7.854715775976396e-289,0.9454265949269792,0.23002159827213822
Epidermis 1,gna14,36.453194,3.737426,6.122997350533672e-291,3.181188694904649e-288,0.9554189085318986,0.5075593952483801
Epidermis 1,rbbp8,36.412975,3.5131807,2.653417189975688e-290,1.346516662847895e-287,0.97847809377402,0.46976241900647947
Epidermis 1,smap1,36.403145,3.3587058,3.79608447247399e-290,1.882599074405794e-287,0.9792467332820907,0.5053995680345572
Epidermis 1,ankdd1b,36.340794,5.337542,3.672584719246634e-289,1.7808771368595733e-286,0.9285165257494236,0.15442764578833693
Epidermis 1,upk2,36.313583,5.0121646,9.877220295144015e-289,4.68545269696386e-286,0.9323597232897771,0.1468682505399568
Epidermis 1,kiaa1324l,36.30305,3.3643048,1.4481666437847132e-288,6.723498794473666e-286,0.9869331283627979,0.541036717062635
Epidermis 1,arfgef2,36.183064,2.8899338,1.124244310861892e-286,5.110861480691113e-284,0.9838585703305149,0.6447084233261339
Epidermis 1,sgsm3,36.141777,4.127328,5.009479391784811e-286,2.230854077717068e-283,0.9538816295157571,0.27213822894168466
Epidermis 1,elovl3,36.11045,4.405509,1.5546998370353e-285,6.785021028789455e-283,0.9431206764027671,0.23326133909287258
Epidermis 1,trim29,36.073544,2.809606,5.8967999919131905e-285,2.523021031834073e-282,0.9953881629515757,0.7462203023758099
Epidermis 1,capn9,36.054485,5.292156,1.173031411851243e-284,4.922445853462687e-282,0.9208301306687163,0.18682505399568033
Epidermis 1,mfsd6,36.03092,3.8339279,2.744909511445618e-284,1.1301258575331099e-281,0.9592621060722522,0.3617710583153348
Epidermis 1,dsg2,36.006878,2.8717198,6.528751189467681e-284,2.6382199945439678e-281,0.9907763259031515,0.6544276457883369
Epidermis 1,camk2g,35.96606,3.5270276,2.8398070297146667e-283,1.1266805308255225e-280,0.9692544196771714,0.6177105831533477
Epidermis 1,krt70,35.895653,2.3949046,3.5711923222222414e-282,1.3915533511287773e-279,1.0,0.8822894168466523
Epidermis 1,gnb3,35.893078,3.9792638,3.9171798308598555e-282,1.4861784393906443e-279,0.9523443504996156,0.2861771058315335
Epidermis 1,ugt3a2,35.892845,4.9495225,3.950247444418559e-282,1.4861784393906443e-279,0.9285165257494236,0.21490280777537796
Epidermis 1,LOC394967,35.869778,5.145983,9.044225061419151e-282,3.3449836451733443e-279,0.9315910837817064,0.31101511879049676
Epidermis 1,abo.3,35.868137,3.498379,9.592014671549664e-282,3.4884558691314204e-279,0.9800153727901614,0.44924406047516197
Epidermis 1,LOC100492585,35.74016,5.2109976,9.406731339365024e-280,3.3107142670368416e-277,0.9185242121445042,0.16090712742980562
Epidermis 1,magi3,35.673298,3.0593197,1.0259311978903084e-278,3.5534674078038764e-276,0.9830899308224442,0.6436285097192225
Epidermis 1,dmxl1,35.661263,4.1252203,1.5765019345144803e-278,5.375132611412575e-276,0.940814757878555,0.34557235421166305
Epidermis 1,ppl,35.6519,4.032774,2.2017394686631045e-278,7.391408760876555e-276,0.9500384319754035,0.3412526997840173
Epidermis 1,fa2h,35.627228,4.776097,5.308239951277134e-278,1.75501672692149e-275,0.9262106072252114,0.19654427645788336
Epidermis 1,gmds,35.579185,3.5921652,2.9401201163358173e-277,9.575576277397592e-275,0.9700230591852421,0.5118790496760259
Epidermis 1,dop1b,35.539703,4.7471695,1.198371016063447e-276,3.845537344341246e-274,0.9200614911606456,0.15550755939524838
Epidermis 1,LOC100497338,35.280575,4.4237385,1.1661830737309648e-272,3.688011717664258e-270,0.9292851652574943,0.17494600431965443
Epidermis 1,acp3,35.16517,4.946051,6.816628647672483e-271,2.1249379102980178e-268,0.9085318985395849,0.14362850971922247
Epidermis 1,dsc3,35.147583,4.4432273,1.265550757847047e-270,3.8895187446451283e-268,0.9185242121445042,0.19330453563714903
Epidermis 1,rabgap1l,35.132572,3.812461,2.1455936411241754e-270,6.502638728190366e-268,0.9538816295157571,0.31101511879049676
Epidermis 1,epas1,35.104992,2.8150132,5.656570645497469e-270,1.6908496993890447e-267,0.9938508839354343,0.8293736501079914
Epidermis 1,eps8l1,35.044044,4.189278,4.80482618461888e-269,1.4168393537103863e-266,0.9331283627978478,0.28077753779697623
Epidermis 1,armh4,34.980526,5.359071,4.4497044522545247e-268,1.2946266780352797e-265,0.8970023059185243,0.13714902807775378
Epidermis 1,kiaa1324,34.785618,3.5416563,4.0133074748371125e-265,1.1522945053739556e-262,0.9577248270561107,0.3963282937365011
Epidermis 1,ap3b1,34.665764,2.755442,2.5853512034939515e-263,7.3266167027846125e-261,0.9800153727901614,0.6630669546436285
Epidermis 1,slc18a1,34.580315,5.4808493,4.994469696356659e-262,1.397234913387162e-259,0.8823981552651806,0.10583153347732181
Epidermis 1,LOC101730864,34.54588,5.334661,1.6436347793041791e-261,4.539968926480569e-259,0.8870099923136049,0.11339092872570194
Epidermis 1,abcg2,34.516026,4.839825,4.612079567405187e-261,1.2580023530043574e-258,0.8993082244427364,0.18034557235421167
Epidermis 1,LOC100485898,34.43482,3.7924144,7.599218017943866e-260,2.0222260532872332e-257,0.9338970023059185,0.2602591792656587
Epidermis 1,prkcb,34.397575,3.7188542,2.7409410778679094e-259,7.206033163874175e-257,0.940814757878555,0.4017278617710583
Epidermis 1,mtus1,34.18572,4.907875,3.941792641964598e-256,1.0239744909560654e-253,0.8970023059185243,0.2526997840172786
Epidermis 1,gad1.2,34.111134,4.8663588,5.044165261029234e-255,1.2949262371872814e-252,0.8847040737893928,0.14038876889848811
Epidermis 1,elovl7,34.055737,4.5549383,3.337989188164605e-254,8.469565357551145e-252,0.8946963873943121,0.15010799136069114
Epidermis 1,tspan13,33.988873,4.146245,3.2530552437174976e-253,8.159186031397646e-251,0.9054573405073021,0.20518358531317496
Epidermis 1,trpm4,33.972424,2.9596503,5.691680713180089e-253,1.4113427822988945e-250,0.9754035357417371,0.5259179265658748
Epidermis 1,LOC100489670,33.957783,5.109795,9.36323016889716e-253,2.2956746687135387e-250,0.8762490392006149,0.1306695464362851
Epidermis 1,lgalsl,33.935215,4.0465846,2.0156057954384438e-252,4.886948229140254e-250,0.9085318985395849,0.23218142548596113
Epidermis 1,ikzf2,33.73787,4.892678,1.6104994153709342e-249,3.8618360156933137e-247,0.8785549577248271,0.17062634989200864
Epidermis 1,tmem45b,33.720047,4.6522107,2.939066009363759e-249,6.971017325035499e-247,0.8823981552651806,0.132829373650108
Epidermis 1,plxna2,33.67184,1.9767181,1.493866705029149e-248,3.5051253086495767e-246,0.9930822444273636,0.9578833693304536
Epidermis 1,anxa9,33.66295,4.840597,2.0158285765143e-248,4.679510145544526e-246,0.8762490392006149,0.13498920086393087
Epidermis 1,LOC733521,33.64055,5.2068477,4.2864935616348625e-248,9.845850106150983e-246,0.8670253651037664,0.11231101511879049
Epidermis 1,slc18a2,33.553024,5.189976,8.133724147877721e-247,1.8488124440712473e-244,0.8639508070714835,0.11123110151187905
Epidermis 1,kitlg,33.444004,2.811286,3.1460096728371227e-245,7.077224440307098e-243,0.9761721752498078,0.6565874730021598
Epidermis 1,golph3l,33.429962,4.008793,5.033188577937488e-245,1.12070620366504e-242,0.897770945426595,0.21382289416846653
Epidermis 1,ttc39a,33.35982,5.5451508,5.248148684594118e-244,1.156766186328568e-241,0.8508839354342813,0.07235421166306695
Epidermis 1,map7,33.267685,4.081143,1.1330620700599001e-242,2.4724547430777077e-240,0.8954650269023828,0.2451403887688985
Epidermis 1,pc.2,33.236927,4.6626315,3.1537577574613644e-242,6.813678022333112e-240,0.9146810146041506,0.46760259179265656
Epidermis 1,capns2,33.20637,4.1169543,8.711583310424527e-242,1.8636809746742509e-239,0.8870099923136049,0.1857451403887689
Epidermis 1,LOC100493464,33.200687,5.030666,1.0522682537136453e-241,2.2292762683772284e-239,0.8647194465795542,0.12095032397408208
Epidermis 1,LOC100216141,33.19614,4.425052,1.2238829263343068e-241,2.5679182053404717e-239,0.8793235972328978,0.1468682505399568
Epidermis 1,sec24d,33.077457,4.10861,6.270033487777997e-240,1.2907396295924875e-237,0.8854727132974635,0.19438444924406048
Epidermis 1,atp2a3,32.91441,3.9536457,1.3672923661455195e-237,2.7883819366038674e-235,0.9139123750960799,0.4168466522678186
Epidermis 1,grk6,32.785065,3.415897,9.613850953112917e-236,1.942442978221083e-233,0.9223674096848578,0.3650107991360691
Epidermis 1,capn13,32.78279,2.7378492,1.0358461049666396e-235,2.073687876741013e-233,0.9684857801691007,0.5701943844492441
Epidermis 1,nipal3,32.705196,4.496337,1.3175456571857488e-234,2.6136512532227475e-232,0.862413528055342,0.14578833693304535
Epidermis 1,syt16,32.6154,5.542732,2.4812121887167454e-233,4.8777055108097386e-231,0.8355111452728671,0.06803455723542116
Epidermis 1,fcgbp,32.51791,4.7393675,5.953463769942545e-232,1.1296568080340546e-229,0.8724058416602614,0.2548596112311015
Epidermis 1,gcc2,32.50942,2.6638234,7.848550520601013e-232,1.476407076810644e-229,0.9508070714834742,0.5496760259179265
Epidermis 1,sptlc2,32.504604,3.9183197,9.179483605516373e-232,1.7120129209912203e-229,0.8808608762490392,0.19654427645788336
Epidermis 1,b3gnt3.2,32.379066,3.2290363,5.410202503494799e-230,9.838002402396668e-228,0.9277478862413528,0.3488120950323974
Epidermis 1,capn1,32.35938,2.8934236,1.0239834716852278e-229,1.8466399450944922e-227,0.9508070714834742,0.4924406047516199
Epidermis 1,rbbp8nl,32.199574,4.795902,1.7893464542943142e-227,3.2004368015701826e-225,0.8393543428132206,0.09827213822894168
Epidermis 1,gbf1,32.1857,2.842828,2.7980609893173366e-227,4.963942182755578e-225,0.9469638739431206,0.4794816414686825
Epidermis 1,cep170b,32.053444,2.4847689,1.965742669591179e-225,3.4592315155765415e-223,0.9700230591852421,0.6565874730021598
Epidermis 1,calcrl,32.033016,3.6656759,3.7850029111726273e-225,6.6074038819758326e-223,0.897770945426595,0.28077753779697623
Epidermis 1,magi1,31.978657,2.1971307,2.1597531028097474e-224,3.740315274318373e-222,0.9738662567255957,0.8110151187904968
Epidermis 1,lmo7,31.952312,2.4418912,5.017449545956765e-224,8.620926499395478e-222,0.9669485011529593,0.6749460043196545
Epidermis 1,cyp4f22,31.861277,5.112555,9.18715975275784e-223,1.5661954137885065e-220,0.8255188316679477,0.08423326133909287
Epidermis 1,pfkp,31.8349,3.1000617,2.130007891902676e-222,3.603015675132426e-220,0.9392774788624135,0.42116630669546434
Epidermis 1,strn,31.744165,3.3551204,3.821992524949156e-221,6.415361452839657e-219,0.9000768639508071,0.2980561555075594
Epidermis 1,LOC100486856,31.63665,4.8677063,1.1574600440677207e-219,1.9280103527940256e-217,0.8239815526518063,0.0939524838012959
Epidermis 1,tbc1d30,31.607397,4.0645227,2.921750401509879e-219,4.8299632963141715e-217,0.8539584934665642,0.15766738660907129
Epidermis 1,akap9,31.604021,2.5010085,3.2511523649771384e-219,5.294283265385533e-217,0.9584934665641814,0.6252699784017278
Epidermis 1,fam83e,31.601814,4.897252,3.4861948722601676e-219,5.634982096858453e-217,0.8232129131437356,0.10583153347732181
Epidermis 1,gch1,31.34994,5.2068763,9.74756931809849e-216,1.5525672269359646e-213,0.8109146810146042,0.09071274298056156
Epidermis 1,LOC100496053,31.326069,4.7006545,2.0610988171914498e-215,3.259075165937291e-213,0.8255188316679477,0.11771058315334773
Epidermis 1,LOC100486361,31.302599,4.6517134,4.30125013656421e-215,6.752343829494074e-213,0.8224442736356649,0.10367170626349892
Epidermis 1,rab25,31.26636,4.683969,1.3380671887092523e-214,2.0855688660588997e-212,0.8224442736356649,0.09503239740820735
Epidermis 1,arhgap27,31.264755,3.7176743,1.406986189654316e-214,2.1774358613082858e-212,0.8647194465795542,0.20086393088552915
Epidermis 1,hdac7,31.248573,3.0124152,2.3343404621371713e-214,3.5871579735419166e-212,0.9162182936202921,0.43088552915766737
Epidermis 1,LOC108647843,30.96835,4.7254305,1.4387010451259957e-210,2.167341315786495e-208,0.8186010760953113,0.14794816414686826
Epidermis 1,arhgef16,30.943676,3.6243935,3.090404354561955e-210,4.618884480883316e-208,0.865488086087625,0.22462203023758098
Epidermis 1,dcbld1,30.752247,3.2064848,1.1410716201347387e-207,1.6823867447946036e-205,0.8993082244427364,0.32937365010799136
Epidermis 1,vwf,30.70922,4.922231,4.287077335967561e-207,6.278410372358936e-205,0.8024596464258262,0.08963282937365011
Epidermis 1,galnt7,30.609661,2.476995,9.103921488387918e-206,1.3243778053207516e-203,0.9669485011529593,0.6155507559395248
Epidermis 1,adgrf1,30.59184,4.571031,1.5714197237714609e-205,2.2559177495011215e-203,0.8109146810146042,0.10907127429805616
Epidermis 1,golm1,30.417929,4.397551,3.182477813536001e-203,4.509405738257733e-201,0.8116833205226749,0.10583153347732181
Epidermis 1,atp1b2,30.409103,4.5750995,4.163594102112175e-203,5.8615346388509536e-201,0.8047655649500385,0.10691144708423327
Epidermis 1,lgals3,30.318937,5.0064316,6.452968442786641e-202,8.968804101276898e-200,0.7886241352805534,0.0755939524838013
Epidermis 1,kiaa1671,30.209682,2.242669,1.767377121752891e-200,2.4408820363145464e-198,0.9815526518063028,0.7311015118790497
Epidermis 1,sytl5,30.158867,4.463461,8.207329915957744e-200,1.1134969401886509e-197,0.8016910069177555,0.12095032397408208
Epidermis 1,cers2,30.158833,3.3574975,8.215618320442362e-200,1.1134969401886509e-197,0.8585703305149884,0.23542116630669546
Epidermis 1,mtmr12,30.138575,4.4021826,1.5142557012545205e-199,2.0396650405601784e-197,0.8001537279016141,0.11879049676025918
Epidermis 1,rab1a,30.088728,2.124964,6.8048950542963675e-199,9.109792330049144e-197,0.9600307455803229,0.6252699784017278
Epidermis 1,eppk1,30.075153,1.6973614,1.0241039659957528e-198,1.3626202830483733e-196,0.9976940814757879,0.9676025917926566
Epidermis 1,rrbp1,29.924143,2.5896747,9.5499569759655e-197,1.2553591034490553e-194,0.9231360491929285,0.5107991360691144
Epidermis 1,baiap2l1,29.913511,3.1651273,1.3130883288077215e-196,1.715742540294209e-194,0.8793235972328978,0.38660907127429806
Epidermis 1,dnase1l3,29.882118,5.112265,3.360176881956943e-196,4.3386047184131635e-194,0.7770945426594927,0.07883369330453564
Epidermis 1,camsap3,29.882118,2.9165537,3.360176881956943e-196,4.3386047184131635e-194,0.8939277478862413,0.35205183585313177
Epidermis 1,tanc2,29.838524,1.66126,1.2369211519975155e-195,1.578412658347239e-193,0.9830899308224442,0.8930885529157667
Epidermis 1,ccdc149,29.832573,4.320916,1.4775291347122323e-195,1.8744862353811407e-193,0.7963105303612605,0.11447084233261338
Epidermis 1,slc6a16,29.816727,4.5046983,2.371498093642832e-195,2.991240456727182e-193,0.7916986933128363,0.11339092872570194
Epidermis 1,cert1,29.721714,2.8925931,4.0252367795215535e-194,5.01912524376799e-192,0.8962336664104535,0.357451403887689
Epidermis 1,rhpn2,29.700985,3.9158328,7.456804616249435e-194,9.245166677907893e-192,0.8170637970791699,0.1587473002159827
Epidermis 1,upk1b,29.682198,3.988515,1.3034801250421744e-193,1.6069627010477566e-191,0.8109146810146042,0.13606911447084233
Epidermis 1,fam3d,29.603666,4.6935115,1.3404281896274302e-192,1.6432294115651772e-190,0.7778631821675634,0.07883369330453564
Epidermis 1,wdr7,29.552883,1.7236779,6.030137342970044e-192,7.310201497830518e-190,0.9746348962336664,0.847732181425486
Epidermis 1,nedd4,29.523998,3.2885702,1.416768708867989e-191,1.7080281765860988e-189,0.8554957724827056,0.26997840172786175
Epidermis 1,sidt1,29.48622,4.9271154,4.324497830414047e-191,5.156550117894258e-189,0.7709454265949269,0.0734341252699784
Epidermis 1,jup,29.466362,2.1453078,7.770399914805464e-191,9.215103072878807e-189,0.9538816295157571,0.6447084233261339
Epidermis 1,LOC100487159,29.331398,2.5592535,4.126870516215358e-189,4.815638584723815e-187,0.9323597232897771,0.48488120950323976
Epidermis 1,ap1s3,29.240498,4.477458,5.930742866941117e-188,6.883762771251177e-186,0.7747886241352806,0.09287257019438445
Epidermis 1,slain2,29.192455,2.6617775,2.417672569101947e-187,2.7913245042525706e-185,0.9023827824750192,0.4060475161987041
Epidermis 1,stk24,29.152103,3.1478505,7.856554380151687e-187,9.023045954173157e-185,0.8539584934665642,0.2526997840172786
Epidermis 1,grk3,29.133282,1.587232,1.36060991686188e-186,1.5544434029237218e-184,0.9792467332820907,0.8585313174946004
Epidermis 1,cpt1al,29.080158,4.2639346,6.398034833997081e-186,7.271433235033869e-184,0.7824750192159877,0.11987041036717062
Epidermis 1,cndp2,29.047094,4.061663,1.6744756035338524e-185,1.883439801273824e-183,0.792467332820907,0.14794816414686826
Epidermis 1,krt8.1,28.975885,1.9027176,1.3247980400242845e-184,1.4824829759676877e-182,0.9961568024596464,0.9006479481641468
Epidermis 1,LOC100489305,28.942553,4.7888765,3.4821875265616147e-184,3.8767762253622954e-182,0.7578785549577248,0.07235421166306695
Epidermis 1,ncoa2,28.907417,2.5080388,9.633075888832043e-184,1.0670220759908832e-181,0.9046887009992314,0.4557235421166307
Epidermis 1,slc41a2,28.875824,3.1321597,2.4024306449079136e-183,2.6343436734942504e-181,0.8508839354342813,0.24838012958963282
Epidermis 1,LOC100497498,28.840588,3.457292,6.649735295909313e-183,7.255193694601855e-181,0.8339738662567256,0.26457883369330454
Epidermis 1,ehd4,28.78917,4.074761,2.9310937758943748e-182,3.1820595663577687e-180,0.7824750192159877,0.12311015118790497
Epidermis 1,nr1i3,28.772654,4.398719,4.7174707692259493e-182,5.070932495333962e-180,0.7671022290545734,0.09287257019438445
Epidermis 1,galnt1,28.737885,1.8501811,1.2836222395839257e-181,1.3730353377431785e-179,0.9684857801691007,0.7634989200863931
Epidermis 1,rapgef2,28.646048,1.9109725,1.795488583452434e-180,1.8927225304113796e-178,0.9692544196771714,0.7365010799136069
Epidermis 1,galnt6.3,28.617697,4.159963,4.047023449450527e-180,4.2456778216567283e-178,0.7724827056110684,0.1101511879049676
Epidermis 1,lrba,28.587141,2.8411422,9.708872749393945e-180,1.0136713505479678e-177,0.9139123750960799,0.5205183585313174
Epidermis 1,LOC100486640,28.46799,3.8347094,2.918634282749361e-178,3.0327389849463717e-176,0.7909300538047656,0.1468682505399568
Epidermis 1,angpt4.2,28.46478,3.6218631,3.1982046377648853e-178,3.307489260695145e-176,0.8016910069177555,0.19330453563714903
Epidermis 1,atp11c,28.061594,3.0107603,2.884165467290675e-173,2.954712425434264e-171,0.8455034588777863,0.3390928725701944
Epidermis 1,clcn3,28.056812,2.5556972,3.298768571584724e-173,3.363664906567769e-171,0.8862413528055342,0.3963282937365011
Epidermis 1,atp13a2,28.032074,3.6807346,6.607690394886835e-173,6.706344749154681e-171,0.781706379707917,0.15010799136069114
Epidermis 1,tmem63c,28.012215,4.6257825,1.1535363453827566e-172,1.165338731138756e-170,0.7401998462720983,0.08423326133909287
Epidermis 1,plcb4,27.946856,2.6222582,7.198537548371746e-172,7.238676859125339e-170,0.8854727132974635,0.6555075593952484
Epidermis 1,chpf,27.817944,2.1850374,2.6319277015272644e-170,2.6344630447259834e-168,0.9362029208301307,0.5388768898488121
Epidermis 1,flvcr2,27.799122,2.4633005,4.445114715999893e-170,4.388997656915551e-168,0.8985395849346657,0.42332613390928725
Epidermis 1,rreb1,27.790897,1.4181247,5.588398182768678e-170,5.492992646225014e-168,0.9953881629515757,0.9514038876889849
Epidermis 1,spag1,27.656034,3.1309829,2.3614154669247625e-168,2.3003770939180912e-166,0.8147578785549577,0.22786177105831534
Epidermis 1,ica1,27.636744,2.996863,4.0279558772264806e-168,3.906401119864846e-166,0.8278247501921598,0.24946004319654427
Epidermis 1,dhfr,27.610533,5.0350103,8.316439155519226e-168,8.029779593477214e-166,0.717140661029977,0.05183585313174946
Epidermis 1,itprid1,27.609028,3.339919,8.669624253132216e-168,8.333915014431634e-166,0.808608762490392,0.21814254859611232
Epidermis 1,chmp5,27.456512,1.745951,5.808697246705185e-166,5.535003607875714e-164,0.9669485011529593,0.7840172786177105
Epidermis 1,ccdc186,27.39637,2.4232488,3.02976683311321e-165,2.874458350667972e-163,0.883935434281322,0.4352051835853132
Epidermis 1,scn5a,27.281698,4.0687118,6.99414898160032e-164,6.578419177909507e-162,0.7563412759415834,0.17278617710583152
Epidermis 1,cpne1,27.280294,2.959769,7.267638518887807e-164,6.806315026637374e-162,0.8262874711760184,0.24838012958963282
Epidermis 1,map3k10,27.12019,3.7154388,5.691732288773658e-162,5.28507618184383e-160,0.7524980784012298,0.13498920086393087
Epidermis 1,gal3st4.1,27.08054,5.108287,1.6693245823332528e-161,1.5434886318260132e-159,0.7009992313604919,0.052915766738660906
Epidermis 1,sh3d21,27.070543,3.246395,2.1889824437866483e-161,2.0154340044670233e-159,0.8024596464258262,0.21490280777537796
Epidermis 1,LOC595077,27.031294,4.1760597,6.338241625283918e-161,5.81120884476136e-159,0.7332820906994619,0.10583153347732181
Epidermis 1,LOC100488176,26.978607,5.0792556,2.6348071468113527e-160,2.4056119979318214e-158,0.7025365103766333,0.058315334773218146
Epidermis 1,itfg1,26.924849,2.403604,1.1242218706716809e-159,1.017910599167085e-157,0.8785549577248271,0.4406047516198704
Epidermis 1,rab27a,26.890781,4.806933,2.81516399418561e-159,2.538417087484471e-157,0.703305149884704,0.05939524838012959
Epidermis 1,nek2,26.8403,2.0429254,1.0947579489351976e-158,9.830746174368291e-157,0.9654112221368178,0.7483801295896328
Epidermis 1,atp12a-like,26.798342,4.03503,3.3782132643914675e-158,3.0211471984543533e-156,0.7471176018447349,0.15442764578833693
Epidermis 1,fam3b,26.75953,3.610639,9.56582116519144e-158,8.450841443143419e-156,0.7517294388931591,0.13174946004319654
Epidermis 1,hyou1,26.750502,2.5812073,1.2182967299707916e-157,1.0719537477698647e-155,0.8547271329746349,0.36069114470842334
Epidermis 1,gfod1,26.67752,3.4485567,8.583193047886871e-157,7.521841586262627e-155,0.7747886241352806,0.19870410367170627
Epidermis 1,cpeb2,26.673409,1.8990939,9.57975462156842e-157,8.36159302388978e-155,0.9661798616448886,0.6792656587473002
Epidermis 1,rtbdn,26.629812,3.5493565,3.066615404886638e-156,2.6554212202393385e-154,0.7524980784012298,0.15010799136069114
Epidermis 1,itsn2,26.56392,2.8860488,1.7736372877260481e-155,1.5297446346035613e-153,0.813989239046887,0.2840172786177106
Epidermis 1,atf6,26.53714,1.8189304,3.61477629368016e-155,3.105434389936802e-153,0.9500384319754035,0.6673866090712743
Epidermis 1,LOC101733293,26.45199,3.8103237,3.461418352787938e-154,2.962023916713161e-152,0.7501921598770177,0.21274298056155508
Epidermis 1,spata13,26.290213,3.2459543,2.4814444333789398e-152,2.0906408872881022e-150,0.7663335895465027,0.19978401727861772
Epidermis 1,gramd4,26.277878,2.8067167,3.433420314050864e-152,2.870523550685973e-150,0.8178324365872406,0.29481641468682507
Epidermis 1,slc45a3,26.195835,4.8328896,2.964179144834868e-151,2.4687539358565516e-149,0.6856264411990777,0.05399568034557235
Epidermis 1,acly,26.154882,3.8577757,8.672373674760513e-151,7.1681767407935284e-149,0.7255956956187548,0.12311015118790497
Epidermis 1,slc35d2,26.086481,2.9462383,5.190643727129841e-150,4.2580840890864765e-148,0.7940046118370484,0.22138228941684665
Epidermis 1,hagh,26.045193,4.331047,1.5251049356025937e-149,1.2464162846361124e-147,0.6956187548039969,0.0755939524838013
Epidermis 1,cgn,26.038239,2.797342,1.8283581087316422e-149,1.4886791899489986e-147,0.8101460415065335,0.26457883369330454
Epidermis 1,slc10a7,25.910328,1.9046978,5.094232306377945e-148,4.086810410201218e-146,0.930053804765565,0.6673866090712743
Epidermis 1,frmd4b,25.86359,2.6948302,1.7112385547195e-147,1.3677998718877e-145,0.8109146810146042,0.2786177105831533
Epidermis 1,upk1a,25.771889,3.3488529,1.832615467817717e-146,1.448895004465594e-144,0.7471176018447349,0.1587473002159827
Epidermis 1,man1a1,25.756577,2.0590398,2.7205437049772745e-146,2.1431402233324585e-144,0.9415833973866257,0.6749460043196545
Epidermis 1,sacm1l,25.748085,2.4033685,3.3866476829071674e-146,2.658274787363931e-144,0.8593389700230591,0.367170626349892
Epidermis 1,golgb1,25.707264,1.4125725,9.695189635565465e-146,7.582750288088674e-144,0.9800153727901614,0.8650107991360692
Epidermis 1,atp10d,25.704155,2.087328,1.0503130707211006e-145,8.156185592955564e-144,0.8939277478862413,0.5161987041036717
Epidermis 1,mgat5,25.619707,3.5393822,9.202564954085702e-145,7.0707454177149335e-143,0.7325134511913912,0.17494600431965443
Epidermis 1,scamp2,25.616196,3.698316,1.0069855640633676e-144,7.709976138044471e-143,0.717140661029977,0.12203023758099352
Epidermis 1,sgms1,25.578518,3.390268,2.645538965049251e-144,2.0184722292426468e-142,0.7355880092236741,0.1673866090712743
Epidermis 1,esrp1,25.510519,1.1350468,1.5067795635828318e-143,1.145624977593762e-141,0.9984627209838586,0.9568034557235421
Epidermis 1,erbb3,25.479828,4.025647,3.2990351398832833e-143,2.4909427608094507e-141,0.6956187548039969,0.09827213822894168
Epidermis 1,LOC100494266,25.449505,4.8397684,7.148993836511858e-143,5.379248086431906e-141,0.6687163720215219,0.06695464362850972
Epidermis 1,fbp1,25.42684,3.5478492,1.2736345407833419e-142,9.550508355475361e-141,0.7209838585703305,0.13390928725701945
Epidermis 1,ndrg2,25.407682,3.0105689,2.0741030675516603e-142,1.5499658574330402e-140,0.7678708685626441,0.2386609071274298
Epidermis 1,cab39l,25.216187,3.8817182,2.6619510729385998e-140,1.975729059952149e-138,0.6948501152959262,0.1101511879049676
Epidermis 1,LOC100497279,25.11188,4.684512,3.689132150553082e-139,2.719613265446581e-137,0.6717909300538047,0.0939524838012959
Epidermis 1,trpv5,25.100712,3.476763,4.885035181010558e-139,3.589102784001057e-137,0.7094542659492697,0.14362850971922247
Epidermis 1,slc38a10,25.085835,2.123616,7.099917547487523e-139,5.198902711534404e-137,0.8708685626441199,0.46760259179265656
Epidermis 1,ap1g1,24.981628,1.9241266,9.682600049604527e-138,7.019402514366126e-136,0.9077632590315142,0.5377969762419006
Epidermis 1,syt8,24.891296,3.4788218,9.24359045322968e-137,6.656910471284649e-135,0.7040737893927748,0.1263498920086393
Epidermis 1,acer3,24.883373,3.2942514,1.1262043269554175e-136,8.083850203452028e-135,0.7209838585703305,0.1673866090712743
Epidermis 1,b4galnt3,24.865051,3.4985962,1.777659100694039e-136,1.2718130897129383e-134,0.7048424289008455,0.13390928725701945
Epidermis 1,parm1,24.860672,3.2898588,1.982505193713882e-136,1.4137335239225692e-134,0.7255956956187548,0.15982721382289417
Epidermis 1,LOC108645188,24.799625,4.5548735,9.048525413928306e-136,6.431526809685002e-134,0.6725595695618755,0.10691144708423327
Epidermis 1,hdlbp,24.779835,1.4507536,1.4791100642144735e-135,1.0479110620527281e-133,0.9661798616448886,0.7840172786177105
Epidermis 1,cldn4,24.47166,3.4529424,2.959934287428792e-132,2.0835072930962474e-130,0.6979246733282091,0.12095032397408208
Epidermis 1,LOC101734002,24.44077,4.4581184,6.308519513626942e-132,4.4263088201560615e-130,0.6664104534973098,0.12311015118790497
Epidermis 1,arhgef37,24.437193,4.658964,6.885859240968124e-132,4.81590815696043e-130,0.6448885472713297,0.05939524838012959
Epidermis 1,tmprss11f,24.345757,4.911709,6.429358751304224e-131,4.4679948188601745e-129,0.6348962336664105,0.047516198704103674
Epidermis 1,gnb5,24.150682,3.742283,7.344293644469495e-129,5.087613702094249e-127,0.6748654880860876,0.1079913606911447
Epidermis 1,rab15,24.027988,3.7896736,1.4182977993802695e-127,9.732288138451844e-126,0.665641813989239,0.10475161987041037
Epidermis 1,epb41l5,24.004953,1.6928984,2.468522465203011e-127,1.6885777026079907e-125,0.9292851652574943,0.6263498920086393
Epidermis 1,tmem164,23.98202,3.2319255,4.283810939258261e-127,2.9211574532985787e-125,0.7102229054573405,0.1695464362850972
Epidermis 1,esyt2,23.980381,1.8721223,4.45575276006522e-127,3.0289402173639615e-125,0.8747117601844735,0.5572354211663066
Epidermis 1,grhl1,23.920506,1.6400396,1.874167674544078e-126,1.2661366200070072e-124,0.9915449654112222,0.8304535637149028
Epidermis 1,anxa4,23.845217,2.0886972,1.135212830056311e-125,7.645518260697149e-124,0.8931591083781706,0.47516198704103674
Epidermis 1,mast4,23.813055,3.7270367,2.4462145781366207e-125,1.64242610183136e-123,0.6787086856264412,0.16414686825053995
Epidermis 1,plcd3,23.698084,2.5166457,3.7734829740360035e-124,2.525802821363179e-122,0.792467332820907,0.3444924406047516
Epidermis 1,wasl,23.658133,2.2251213,9.73416613184581e-124,6.495695387247933e-122,0.8155265180630284,0.357451403887689
Epidermis 1,prkcd,23.583681,2.3601294,5.66797847754016e-123,3.7592996461520923e-121,0.7986164488854727,0.31641468682505397
Epidermis 1,ophn1,23.523972,4.276563,2.3190336435817082e-122,1.5242058173673631e-120,0.6372021521906226,0.08639308855291576
Epidermis 1,b4galt1l,23.521196,4.0159345,2.475740073944352e-122,1.622316040646838e-120,0.644119907763259,0.09071274298056156
Epidermis 1,frrs1,23.439524,4.321653,1.690710073943371e-121,1.0882886290123392e-119,0.6272098385857033,0.06047516198704104
Epidermis 1,slc35f2,23.31763,3.0818274,2.937098776105765e-120,1.8739892512691198e-118,0.6971560338201384,0.17278617710583152
Epidermis 1,ugcg,23.304827,2.7115848,3.960834676151772e-120,2.519806806656204e-118,0.7386625672559569,0.23542116630669546
Epidermis 1,misp3,23.200218,4.775204,4.530124349538848e-119,2.8487562948497752e-117,0.6079938508839354,0.04103671706263499
Epidermis 1,gramd2a,23.198214,3.953791,4.74632642597701e-119,2.976137613254148e-117,0.6348962336664105,0.08531317494600432
Epidermis 1,cat1,23.17929,3.890691,7.366700199518317e-119,4.592821858676834e-117,0.6356648731744812,0.08207343412526998
Epidermis 1,ralgps1,23.13429,3.2102296,2.092492381913576e-118,1.3008625716733943e-116,0.6840891621829363,0.1652267818574514
Epidermis 1,stt3a,23.095678,2.0137053,5.11702981119545e-118,3.172122372445907e-116,0.8455034588777863,0.4330453563714903
Epidermis 1,slc33a1,23.004978,2.6565945,4.1561148930987774e-117,2.5618808780313116e-115,0.727901614142967,0.21922246220302377
Epidermis 1,ezr,22.98134,3.0260777,7.164057845476134e-117,4.403574823834781e-115,0.6940814757878555,0.18142548596112312
Epidermis 1,vsig8,22.932564,4.9999332,2.1998235408695666e-116,1.3408477509864473e-114,0.5949269792467333,0.032397408207343416
Epidermis 1,frk,22.738594,4.241831,1.8609872453217325e-114,1.1248920410018151e-112,0.6110684089162183,0.06695464362850972
Epidermis 1,gale,22.71011,3.909618,3.5595441217441374e-114,2.1280222542624336e-112,0.6218293620292084,0.0734341252699784
Epidermis 1,vill,22.507547,3.0688717,3.501166617866109e-112,2.070432432749495e-110,0.676402767102229,0.15982721382289417
Epidermis 1,spire1,22.487488,3.1616483,5.502832441142313e-112,3.236585086203947e-110,0.6679477325134512,0.13930885529157666
Epidermis 1,cluh,22.421093,2.114731,2.4509733093110266e-111,1.4377066823246213e-109,0.792467332820907,0.39200863930885527
Epidermis 1,uso1,22.371212,1.6396221,7.506932545584858e-111,4.391656168289737e-109,0.9162182936202921,0.6079913606911447
Epidermis 1,slc39a11,22.30338,2.0208123,3.4262693633934956e-110,1.999054111727526e-108,0.8308993082244427,0.4838012958963283
Epidermis 1,astl2d.1,22.29452,2.9358492,4.176289858655485e-110,2.4301552268192358e-108,0.7194465795541891,0.26241900647948163
Epidermis 1,slc13a3,22.231367,4.712185,1.708515752407666e-109,9.810926903496759e-108,0.584934665641814,0.04427645788336933
Epidermis 1,golga2,22.202448,1.5179777,3.252422017303044e-109,1.8627585522196778e-107,0.9177555726364335,0.6684665226781857
Epidermis 1,cltc,22.180819,1.0896047,5.261326224245319e-109,2.989776029668153e-107,0.9754035357417371,0.8909287257019438
Epidermis 1,rab11fip1,22.071095,3.097201,5.992221585405032e-108,3.3874680625679586e-106,0.6556495003843198,0.1447084233261339
Epidermis 1,pard6b,22.02282,2.8291795,1.7408684189472317e-107,9.790590146867922e-106,0.6794773251345119,0.17818574514038876
Epidermis 1,hpgd,22.018373,3.5759525,1.9203318502768577e-107,1.0772123728763834e-105,0.627978478093774,0.11123110151187905
Epidermis 1,nbas,21.994068,2.977678,3.282010832258735e-107,1.836327137710714e-105,0.6671790930053805,0.16414686825053995
Epidermis 1,vps53,21.992565,2.7374647,3.392651530410676e-107,1.8933772134294465e-105,0.6940814757878555,0.19546436285097193
Epidermis 1,mfsd1,21.988419,2.0737264,3.717167194674389e-107,2.0691914631374956e-105,0.7909300538047656,0.37257019438444927
Epidermis 1,cd9,21.949003,3.607427,8.852214884460892e-107,4.9026441876604345e-105,0.6141429669485011,0.08963282937365011
Epidermis 1,dipk1c,21.93787,3.6639793,1.1307476200486695e-106,6.246593371413169e-105,0.6187548039969254,0.09719222462203024
Epidermis 1,mansc1,21.917543,1.9997827,1.7674106737766418e-106,9.739057654666692e-105,0.8224442736356649,0.3898488120950324
Epidermis 1,stim2,21.910255,1.9024078,2.0741633528837824e-106,1.1400584010901011e-104,0.8355111452728671,0.45464362850971923
Epidermis 1,actn4,21.843826,1.6686157,8.89819572515103e-106,4.854188222963016e-104,0.851652574942352,0.5453563714902808
Epidermis 1,zfhx3,21.70709,1.6431625,1.7584205770335166e-104,9.450860938780385e-103,0.8954650269023828,0.6069114470842333
Epidermis 1,aldh1l1,21.6875,2.5037954,2.6922755076071555e-104,1.4434433378745883e-102,0.7340507302075326,0.2688984881209503
Epidermis 1,hsp90b1,21.675833,1.7188655,3.469107122880759e-104,1.8553771207936526e-102,0.8770176787086856,0.550755939524838
Epidermis 1,ero1a,21.668745,4.473002,4.046392886130348e-104,2.158834698490228e-102,0.5764796310530361,0.052915766738660906
Epidermis 1,arfip2,21.644173,2.161531,6.897128744339643e-104,3.670786495859398e-102,0.7701767870868562,0.37041036717062636
Epidermis 1,sptlc3,21.589579,1.5377184,2.250577976423677e-103,1.1891007753884034e-101,0.9877017678708686,0.8434125269978402
Epidermis 1,nxpe2,21.58493,5.04481,2.488593326543718e-103,1.311681038128272e-101,0.5611068408916219,0.035637149028077755
Epidermis 1,LOC100496743,21.583326,1.844956,2.5764905095780714e-103,1.3547373351687493e-101,0.8401229823212913,0.46652267818574517
Epidermis 1,septin8,21.582056,1.0445452,2.6482673471810235e-103,1.3891308120874307e-101,0.9746348962336664,0.927645788336933
Epidermis 1,LOC100493336,21.485806,3.8860605,2.1136390258922738e-102,1.0981361234284597e-100,0.5949269792467333,0.09503239740820735
Epidermis 1,itprid2,21.475977,1.4979545,2.6116988052956747e-102,1.3536788510773616e-100,0.9008455034588778,0.6846652267818575
Epidermis 1,ocln,21.361574,1.4132001,3.0438238774146035e-101,1.5628066077426838e-99,0.9454265949269792,0.7019438444924406
Epidermis 1,stard9,21.356792,2.725741,3.371811343938828e-101,1.7271430830067879e-99,0.6956187548039969,0.2408207343412527
Epidermis 1,mast1,21.288225,2.555097,1.459536473584512e-100,7.441248922917672e-99,0.6994619523443505,0.2526997840172786
Epidermis 1,erlec1,21.165596,1.8263776,1.9823648587305243e-99,9.967092991326905e-98,0.8162951575710992,0.43952483801295894
Epidermis 1,galnt4,21.146875,4.096017,2.94837367108706e-99,1.4789991236043847e-97,0.5726364335126826,0.05939524838012959
Epidermis 1,upk3a,21.142363,3.2837782,3.2442944258111384e-99,1.6237098317803863e-97,0.6141429669485011,0.12311015118790497
Epidermis 1,acsl4,21.128956,1.916174,4.309736031946236e-99,2.1520080080800645e-97,0.8039969254419678,0.44168466522678185
Epidermis 1,clic1,21.104383,2.6161983,7.249415063035796e-99,3.6116321025229244e-97,0.676402767102229,0.19546436285097193
Epidermis 1,fam83f,21.091043,2.1798925,9.611671659103865e-99,4.766733801666032e-97,0.7517294388931591,0.296976241900648
Epidermis 1,inf2,21.045744,4.325072,2.501603300320931e-98,1.2378114652222912e-96,0.568793235972329,0.0734341252699784
Epidermis 1,slc2a9,20.994427,4.0979857,7.374771616173526e-98,3.616289695202753e-96,0.5734050730207533,0.06803455723542116
Epidermis 1,degs3,20.994093,4.091912,7.426833067221718e-98,3.633653012552581e-96,0.5672559569561876,0.05399568034557235
Epidermis 1,vmp1,20.969954,2.0949402,1.233823262027275e-97,6.023100089641425e-96,0.765564950038432,0.34557235421166305
Epidermis 1,pdia4,20.961931,2.183131,1.4604160180400717e-97,7.113334359297412e-96,0.7386625672559569,0.31317494600431967
Epidermis 1,camk1,20.912685,1.9866874,4.1046451742661753e-97,1.9948209876984904e-95,0.7947732513451191,0.41252699784017277
Epidermis 1,osbpl8,20.891422,2.62405,6.408105034656929e-97,3.10047139603656e-95,0.6694850115295926,0.2084233261339093
Epidermis 1,slc25a22l,20.872902,2.1083272,9.442387051032348e-97,4.5584585805437356e-95,0.7594158339738662,0.3714902807775378
Epidermis 1,trip11,20.8718,1.1017394,9.66285151739996e-97,4.654593442851756e-95,0.9661798616448886,0.8585313174946004
Epidermis 1,dnajb11,20.75004,1.8711458,1.2248841978888896e-95,5.848621024536862e-94,0.8209069946195234,0.4762419006479482
Epidermis 1,sec61a1,20.746264,1.3204377,1.3249962410035325e-95,6.299072543559496e-94,0.9392774788624135,0.7321814254859611
Epidermis 1,galnt10,20.687523,3.503518,4.486769620072824e-95,2.123770062464405e-93,0.5872405841660261,0.091792656587473
Epidermis 1,tll2l,20.674183,3.6900733,5.915892176950697e-95,2.7941706318883367e-93,0.6141429669485011,0.1673866090712743
Epidermis 1,slc22a23,20.609661,1.4808196,2.2480257038360136e-94,1.052664568313426e-92,0.9254419677171407,0.6587473002159827
Epidermis 1,stard10,20.591373,3.9687867,3.279401202423451e-94,1.5323300564899813e-92,0.5611068408916219,0.06803455723542116
Epidermis 1,slc25a1,20.59104,2.2318788,3.3021078363889983e-94,1.5396430576462465e-92,0.7163720215219063,0.275377969762419
Epidermis 1,LOC100497729,20.586927,5.186457,3.5945680024726395e-94,1.6724321616621635e-92,0.531129900076864,0.023758099352051837
Epidermis 1,plekha8,20.552225,3.3502162,7.351550785528367e-94,3.4059063628665494e-92,0.595695618754804,0.12095032397408208
Epidermis 1,tat,20.5206,2.5270371,1.409665103092928e-93,6.517013181057369e-92,0.6756341275941583,0.21166306695464362
Epidermis 1,pank1,20.51575,2.728401,1.557452137137973e-93,7.185023907925519e-92,0.6433512682551883,0.17602591792656588
Epidermis 1,tbc1d14,20.491713,1.882722,2.552503939985161e-93,1.1750672673927468e-91,0.8039969254419678,0.41792656587473004
Epidermis 1,slc35d1,20.446413,2.0188549,6.465795252096056e-93,2.9640781133610934e-91,0.7517294388931591,0.34989200863930886
Epidermis 1,copa,20.35344,1.3306174,4.32811654319879e-92,1.9716874966417703e-90,0.9223674096848578,0.703023758099352
Epidermis 1,asph,20.338663,1.2126769,5.850372526352626e-92,2.659603727032097e-90,0.9554189085318986,0.8088552915766739
Epidermis 1,crybg3,20.299448,2.0054815,1.300386253415222e-91,5.8748920156881075e-90,0.8308993082244427,0.5205183585313174
Epidermis 1,ppp1r1a,20.283602,4.326248,1.7949749196538237e-91,8.092592504497126e-90,0.5557263643351268,0.07775377969762419
Epidermis 1,kifc3,20.256487,2.0995462,3.113995641260388e-91,1.3924282559004699e-89,0.7371252882398155,0.30885529157667385
Epidermis 1,slc13a4l,20.21082,1.8968092,7.863078510231445e-91,3.508798285721071e-89,0.7940046118370484,0.4222462203023758
Epidermis 1,lrrfip1,20.181433,2.6188824,1.4255168640355263e-90,6.335275659902082e-89,0.6518063028439662,0.21814254859611232
Epidermis 1,ssr1,20.179127,1.4869161,1.4936157738744907e-90,6.624428821486842e-89,0.8831667947732513,0.5831533477321814
Epidermis 1,copb2,20.153786,1.6114606,2.493017078145486e-90,1.1012171186682723e-88,0.830130668716372,0.5043196544276458
Epidermis 1,il17re,20.141783,4.386701,3.1768813431472747e-90,1.397635640903562e-88,0.5388162951575711,0.05183585313174946
Epidermis 1,tram1,20.103872,1.577868,6.825483110545926e-90,2.990740300305676e-88,0.8562644119907763,0.5237580993520519
Epidermis 1,clcn5,20.1023,2.767027,7.0450744377461935e-90,3.080772931985164e-88,0.6249039200614912,0.1652267818574514
Epidermis 1,pik3r6,20.082777,4.2148776,1.0439378447518613e-89,4.5559535420660733e-88,0.5403535741737125,0.0550755939524838
Epidermis 1,fam3a,20.016014,2.7109125,3.9943254131521105e-89,1.7259440562453902e-87,0.6272098385857033,0.1630669546436285
Epidermis 1,tmem184b,19.970846,2.5593991,9.876431831420014e-89,4.2507617158464715e-87,0.6487317448116833,0.21166306695464362
Epidermis 1,golga1,19.763336,2.017246,6.159584524012782e-87,2.6098697844365616e-85,0.7286702536510377,0.3282937365010799
Epidermis 1,acy3,19.720844,2.7021182,1.4282376960763495e-86,6.039840070946128e-85,0.6202920830130668,0.1673866090712743
Epidermis 1,atp10b,19.661036,1.8606875,4.6513893630659175e-86,1.955644841839333e-84,0.7986164488854727,0.4136069114470842
Epidermis 1,zmynd11,19.602497,1.6747131,1.472218850030768e-85,6.166082058833279e-84,0.8039969254419678,0.4719222462203024
Epidermis 1,ptbp3,19.560205,2.5685966,3.377166416706807e-85,1.4117461375279548e-83,0.6302843966179862,0.19330453563714903
Epidermis 1,LOC100495090,19.517881,3.4305358,7.738235097840241e-85,3.2163052965708933e-83,0.5580322828593389,0.08963282937365011
Epidermis 1,eps8l2,19.496717,4.657043,1.170565336472414e-84,4.856065818852575e-83,0.5142198308993082,0.04103671706263499
Epidermis 1,slc44a4,19.488695,3.9262836,1.3692981353775342e-84,5.6697257328412094e-83,0.5357417371252883,0.07019438444924406
Epidermis 1,iqgap1,19.438614,1.1920707,3.6386475658399867e-84,1.5037675858748931e-82,0.9700230591852421,0.847732181425486
Epidermis 1,dock5,19.407824,2.7184193,6.627595583389343e-84,2.733851856807918e-82,0.6126056879323597,0.18682505399568033
Epidermis 1,LOC100487973,19.255642,2.690219,1.2659586664889474e-82,5.182830030291805e-81,0.6056879323597233,0.1511879049676026
Epidermis 1,mboat2,19.253603,5.063334,1.316796198051465e-82,5.370805577136639e-81,0.5011529592621061,0.03347732181425486
Epidermis 1,wipf3,19.237957,4.0655875,1.7809211742029803e-82,7.236774849587194e-81,0.5203689469638739,0.0550755939524838
Epidermis 1,rnf43,19.210108,1.2996676,3.0463211386336105e-82,1.228720398634455e-80,0.93543428132206,0.7516198704103672
Epidermis 1,copg1,19.204191,2.1730068,3.4140450558382815e-82,1.3737358455762365e-80,0.671022290545734,0.24190064794816415
Epidermis 1,gak,19.199577,1.8293715,3.731186254333835e-82,1.4966583686731362e-80,0.7524980784012298,0.38660907127429806
Epidermis 1,LOC100492897,19.169455,5.657054,6.660294773513546e-82,2.666684261519983e-80,0.49039200614911604,0.020518358531317494
Epidermis 1,nfxl1,19.15421,1.8308476,8.926949235430857e-82,3.567673246636203e-80,0.7524980784012298,0.36069114470842334
Epidermis 1,pfkfb2,19.111584,1.7382448,2.0223374869979372e-81,8.052815018938319e-80,0.776325903151422,0.4287257019438445
Epidermis 1,ufl1,19.07705,2.5569284,3.9175824692955633e-81,1.5430607773014168e-79,0.6141429669485011,0.17278617710583152
Epidermis 1,znf238.2,19.031649,2.1636722,9.327038392266745e-81,3.6539552021122557e-79,0.6687163720215219,0.24298056155507558
Epidermis 1,sh3gl2,19.015202,1.7754583,1.2764688024708964e-80,4.9827953020961414e-79,0.808608762490392,0.48812095032397407
Epidermis 1,hacl1,18.952583,3.0361507,4.204285563391363e-80,1.6295153690721656e-78,0.5641813989239047,0.1101511879049676
Epidermis 1,asap2,18.919552,1.8360972,7.871966372506391e-80,3.045641457703226e-78,0.7532667179093006,0.4136069114470842
Epidermis 1,rasef,18.899593,1.8676747,1.1493353325773967e-79,4.431032913811196e-78,0.7394312067640276,0.3369330453563715
Epidermis 1,slc30a8,18.888529,4.503869,1.417431043426622e-79,5.454984620566546e-78,0.5111452728670254,0.06371490280777538
Epidermis 1,elf1,18.879402,1.7612315,1.6848526463890655e-79,6.461365482751459e-78,0.7640276710222905,0.38228941684665224
Epidermis 1,tmem63a,18.87315,3.612501,1.8965129797462937e-79,7.260317496674364e-78,0.5257494235203689,0.06479481641468683
Epidermis 1,ugt8,18.814009,2.3263493,5.798278960769872e-79,2.208102010522851e-77,0.6471944657955419,0.21706263498920086
Epidermis 1,tm9sf3,18.806118,1.0964867,6.728737755256738e-79,2.557975375565458e-77,0.95695618754804,0.7980561555075594
Epidermis 1,kazn,18.79338,1.112759,8.555060345395413e-79,3.240971732584606e-77,0.9469638739431206,0.8390928725701944
Epidermis 1,clec16a,18.755001,1.4242542,1.7621192902580369e-78,6.6067362599176325e-77,0.8593389700230591,0.6015118790496761
Epidermis 1,vgll1,18.747211,4.9654427,2.0400897957064613e-78,7.635814653878336e-77,0.4873174481168332,0.026997840172786176
Epidermis 1,spint2,18.680683,1.6381444,7.110352886191412e-78,2.6522223987962875e-76,0.797847809377402,0.4406047516198704
Epidermis 1,LOC100486185,18.620173,4.589926,2.2050651535219666e-77,8.169223550934267e-76,0.48962336664104533,0.03131749460043196
Epidermis 1,pygm,18.605093,1.3367018,2.921795822659807e-77,1.0769680176733049e-75,0.8816295157571099,0.7008639308855291
Epidermis 1,slc2a11.3,18.527098,2.5777514,1.2484163931469835e-76,4.5327278061331665e-75,0.6033820138355112,0.16846652267818574
Epidermis 1,rhof,18.510416,2.1629148,1.7018390690527072e-76,6.158512491840651e-75,0.6564181398923905,0.2408207343412527
Epidermis 1,hivep1,18.45736,1.570931,4.550546769215171e-76,1.6412806785296572e-74,0.8209069946195234,0.5269978401727862
Epidermis 1,mboat1,18.427437,4.6249475,7.91439154401927e-76,2.8498339584495793e-74,0.48424289008455035,0.03023758099352052
Epidermis 1,prkcz,18.42219,2.5303438,8.720476390253669e-76,3.134917879929577e-74,0.6141429669485011,0.22354211663066956
Epidermis 1,tmf1,18.368597,1.7070254,2.343894530358865e-75,8.38461025360013e-74,0.7594158339738662,0.3833693304535637
Epidermis 1,cpeb3,18.330385,1.8889087,4.735387597942774e-75,1.6884132806325046e-73,0.7063797079169869,0.3369330453563715
Epidermis 1,b4galt3l2,18.327343,3.0889633,5.007767812550755e-75,1.7826182942523656e-73,0.5388162951575711,0.10367170626349892
Epidermis 1,nampt,18.290869,3.022629,9.78428374074159e-75,3.46033801469566e-73,0.5495772482705611,0.11663066954643629
Epidermis 1,hspa5,18.281609,1.9847087,1.1595559218772903e-74,4.094283134512031e-73,0.6794773251345119,0.29049676025917925
Epidermis 1,psme4,18.269037,1.5517672,1.4600165232973606e-74,5.1385517023986623e-73,0.8016910069177555,0.48272138228941686
Epidermis 1,p4hb,18.212572,1.2960594,4.1021610229546254e-74,1.436809882534396e-72,0.8823981552651806,0.6166306695464363
Epidermis 1,mpc1,18.194685,3.478108,5.686416801078131e-74,1.9790000162093444e-72,0.5134511913912375,0.07235421166306695
Epidermis 1,kalrn,18.171751,1.939545,8.639555131329698e-74,2.997197655337764e-72,0.6917755572636434,0.29049676025917925
Epidermis 1,atp8b1,18.153967,1.2448201,1.1945603594622092e-73,4.1375399371150585e-72,0.9123750960799385,0.6652267818574514
Epidermis 1,hal.1,18.138353,2.105444,1.5871540975118607e-73,5.479950880032644e-72,0.6802459646425826,0.28077753779697623
Epidermis 1,hk2,18.108633,2.0646734,2.7243163424616124e-73,9.347060834725604e-72,0.6840891621829363,0.3077753779697624
Epidermis 1,slco2b1,18.087404,2.0006287,4.005181979891618e-73,1.3720106119813971e-71,0.6840891621829363,0.2958963282937365
Epidermis 1,krt12.4,17.974571,3.6970556,3.0823672001318426e-72,1.0476687643937219e-70,0.5003843197540354,0.06263498920086392
Epidermis 1,bmp7.1,17.937662,1.2467718,5.992307422439265e-72,2.0209913487642535e-70,0.9746348962336664,0.8725701943844493
Epidermis 1,card14,17.92556,4.781839,7.449603780708345e-72,2.5086080879450122e-70,0.4711760184473482,0.03455723542116631
Epidermis 1,rint1,17.91269,2.6029925,9.388783063325252e-72,3.1567432238030865e-70,0.5703305149884704,0.15550755939524838
Epidermis 1,stk10,17.83847,1.3500602,3.552866544275804e-71,1.183619860498356e-69,0.9139123750960799,0.6414686825053996
Epidermis 1,cant1,17.833557,2.5500305,3.879409866291582e-71,1.2904360166516557e-69,0.5718677940046119,0.15334773218142547
Epidermis 1,tmed10l,17.808014,3.9650137,6.124414400101991e-71,2.027933939675653e-69,0.4827056110684089,0.04427645788336933
Epidermis 1,dnajc3,17.76579,2.8376844,1.300951996331578e-70,4.2947161137596616e-69,0.5480399692544197,0.13822894168466524
Epidermis 1,appl2,17.737005,3.8569279,2.1720616226958773e-70,7.116600100427438e-69,0.4873174481168332,0.0550755939524838
Epidermis 1,nipal4,17.69321,2.0828846,4.730243720333467e-70,1.5405768391253221e-68,0.6356648731744812,0.24190064794816415
Epidermis 1,elovl1,17.682379,2.6024082,5.732646871281503e-70,1.864263597291113e-68,0.5588009223674096,0.14362850971922247
Epidermis 1,ugdh,17.636911,2.2999558,1.282850400049293e-69,4.147122752514907e-68,0.6018447348193697,0.19654427645788336
Epidermis 1,kiaa0319l,17.629856,1.7250475,1.4533475686515882e-69,4.69134575377904e-68,0.7232897770945427,0.408207343412527
Epidermis 1,erbb2,17.604013,1.6535362,2.2946879982036325e-69,7.385307788908771e-68,0.7478862413528056,0.39740820734341253
Epidermis 1,cnksr1,17.584188,1.8840939,3.256066577257896e-69,1.046401012994765e-67,0.6825518831667948,0.30345572354211664
Epidermis 1,krt18.1,17.577503,1.2992688,3.6636115492923785e-69,1.1756421708398381e-67,0.9077632590315142,0.6857451403887689
Epidermis 1,atp6v0a1,17.574293,2.5028164,3.876915125268759e-69,1.2422638024741497e-67,0.5810914681014604,0.18898488120950324
Epidermis 1,LOC733712,17.524681,5.3245087,9.286168237049202e-69,2.9668151844897607e-67,0.4511913912375096,0.020518358531317494
Epidermis 1,znf534,17.522642,2.7496188,9.625138450908184e-69,3.070616171597478e-67,0.5457340507302075,0.12526997840172785
Epidermis 1,lin54,17.517326,1.1827004,1.0567779964013294e-68,3.361509134034024e-67,0.8962336664104535,0.6889848812095032
Epidermis 1,slc39a5,17.516623,2.2651608,1.0698971842396706e-68,3.398286238325161e-67,0.5972328977709455,0.17386609071274298
Epidermis 1,sytl1,17.500477,3.1303403,1.4207695767401245e-68,4.5061937404137e-67,0.5265180630284396,0.11339092872570194
Epidermis 1,rab3b,17.445414,2.8498435,3.7300665193398474e-68,1.1745134418256105e-66,0.541890853189854,0.13822894168466524
Epidermis 1,tbc1d23,17.407736,1.6520572,7.207808990368108e-68,2.2597931031440014e-66,0.7194465795541891,0.3801295896328294
Epidermis 1,tead1,17.406332,1.2192625,7.386743307903259e-68,2.3125699529663847e-66,0.8870099923136049,0.6954643628509719
Epidermis 1,tab2,17.40232,1.7244614,7.922753209838938e-68,2.4768251832649777e-66,0.6963873943120676,0.35529157667386607
Epidermis 1,naaladl2,17.388212,4.2503686,1.0134650366915273e-67,3.163779766186812e-66,0.4711760184473482,0.05183585313174946
Epidermis 1,b4galnt1,17.378784,2.840467,1.1945878746237853e-67,3.72387171602366e-66,0.5272867025365103,0.1101511879049676
Epidermis 1,cd164,17.326565,2.6085203,2.9652281229958538e-67,9.164906922364379e-66,0.5488086087624904,0.13606911447084233
Epidermis 1,anxa7,17.290926,1.4594147,5.506077116800646e-67,1.6946136638322554e-65,0.781706379707917,0.458963282937365
Epidermis 1,slc37a1,17.286947,3.3912697,5.8994722879354214e-67,1.8131321802118144e-65,0.49039200614911604,0.0734341252699784
Epidermis 1,iqsec2,17.259567,2.1501343,9.481945913976747e-67,2.90597671051807e-65,0.6218293620292084,0.24406047516198703
Epidermis 1,stim1,17.237135,1.3885901,1.3979730838621698e-66,4.27842505791815e-65,0.7986164488854727,0.5140388768898488
Epidermis 1,scfd1,17.138077,1.7660564,7.716200221980809e-66,2.34505856607024e-64,0.6825518831667948,0.32181425485961124
Epidermis 1,vtcn1,17.131289,4.6654406,8.671158650391337e-66,2.6279632348637413e-64,0.4496541122213682,0.03023758099352052
Epidermis 1,slc35b1,17.114006,2.1799843,1.1669241494692056e-65,3.5316854182479244e-64,0.5987701767870869,0.20734341252699784
Epidermis 1,hook2,17.05463,1.3494796,3.2290906720738827e-65,9.705507927730605e-64,0.8124519600307456,0.5280777537796977
Epidermis 1,sel1l,17.051655,2.1653104,3.3977525756456945e-65,1.0184389966094054e-63,0.5987701767870869,0.21058315334773217
Epidermis 1,gadd45a,17.047476,2.0835226,3.6495622182087577e-65,1.0924155989510742e-63,0.6156802459646425,0.22894168466522677
Epidermis 1,itpk1,16.986061,3.083189,1.0415147068407376e-64,3.096306868933479e-63,0.5057647963105304,0.10259179265658748
Epidermis 1,sppl2a,16.818602,1.9886705,1.783160496792114e-63,5.2298851075941826e-62,0.6202920830130668,0.24622030237580994
Epidermis 1,myo1e.1,16.803959,2.829362,2.28284294422107e-63,6.686431662529929e-62,0.5303612605687933,0.1447084233261339
Epidermis 1,tspan15,16.774773,2.288504,3.73280747532033e-63,1.0889517636225258e-61,0.5695618754803997,0.17818574514038876
Epidermis 1,micall2,16.691027,2.3086264,1.523281654521186e-62,4.414280077464382e-61,0.5726364335126826,0.19546436285097193
Epidermis 1,xbp1,16.558136,1.2740715,1.3986091985216977e-61,3.9790158175934764e-60,0.8754803996925442,0.5863930885529157
Epidermis 1,pdia6,16.551582,1.5559552,1.5594746261197728e-61,4.430897892781193e-60,0.7325134511913912,0.3898488120950324
Epidermis 1,tpm1,16.522564,1.2189354,2.524331478055608e-61,7.144414679980729e-60,0.8708685626441199,0.6339092872570194
Epidermis 1,gopc,16.49368,1.7823815,4.0736963786680615e-61,1.1499628548372027e-59,0.6579554189085319,0.2937365010799136
Epidermis 1,ralbp1,16.484753,1.6814204,4.722203146791491e-61,1.3313074272110739e-59,0.6925441967717141,0.33369330453563717
Epidermis 1,uba5,16.455267,2.011635,7.688306380878411e-61,2.16193986516943e-59,0.6041506533435819,0.23758099352051837
Epidermis 1,mob2.2,16.423573,1.9554253,1.2969929669840823e-60,3.6424303130707413e-59,0.627978478093774,0.2775377969762419
Epidermis 1,erp44,16.402979,1.137852,1.820858686746606e-60,5.107063933611528e-59,0.8708685626441199,0.6457883369330454
Epidermis 1,dennd1b,16.3535,2.0470192,4.106969646189669e-60,1.147479957099933e-58,0.5995388162951576,0.24190064794816415
Epidermis 1,rapgef3,16.335114,3.173234,5.55296683850517e-60,1.5435833042423099e-58,0.49116064565718676,0.1101511879049676
Epidermis 1,tep1,16.315422,2.0338655,7.66753536397459e-60,2.120574007316724e-58,0.5949269792467333,0.22786177105831534
Epidermis 1,b4galt6,16.313114,2.6495104,7.96270818771043e-60,2.1994209539750544e-58,0.5111452728670254,0.12311015118790497
Epidermis 1,csgalnact1,16.31278,3.3279974,8.006415921128279e-60,2.2086978737666265e-58,0.47809377401998465,0.09287257019438445
Epidermis 1,irak2,16.277678,4.5741158,1.4216426779313046e-59,3.916876878174116e-58,0.42813220599538815,0.028077753779697623
Epidermis 1,tmem87a,16.176645,1.6518358,7.370120817839574e-59,2.0153309068430747e-57,0.6687163720215219,0.3563714902807775
Epidermis 1,pick1,16.175676,1.6621349,7.487063773285286e-59,2.0447461651671868e-57,0.6802459646425826,0.30669546436285094
Epidermis 1,meis1,16.164042,1.0299197,9.043216145142803e-59,2.4666502437895135e-57,0.9454265949269792,0.8369330453563715
Epidermis 1,LOC100380178,16.162203,3.752255,9.317064892762605e-59,2.5381731963167644e-57,0.44427363566487316,0.04859611231101512
Epidermis 1,man2a1,16.068562,1.4003866,4.238081303523492e-58,1.1459624798536075e-56,0.7770945426594927,0.4773218142548596
Epidermis 1,pcsk7,16.029982,2.6274686,7.890666556590973e-58,2.128334177149217e-56,0.5057647963105304,0.12419006479481641
Epidermis 1,fam174b,16.017042,2.8183923,9.716207615644883e-58,2.6174983503825553e-56,0.4865488086087625,0.10259179265658748
Epidermis 1,adcy9,16.00882,1.6298469,1.1089499794232816e-57,2.972776105773394e-56,0.7132974634896234,0.42116630669546434
Epidermis 1,hkdc1,15.973548,3.3644137,1.9534929004670377e-57,5.217523694136013e-56,0.46041506533435816,0.07991360691144708
Epidermis 1,slco4c1,15.904044,2.423678,5.940333489510862e-57,1.5750184334704315e-55,0.528055342044581,0.15550755939524838
Epidermis 1,slc1a5,15.807025,2.1565893,2.7830229629320674e-56,7.299079816603443e-55,0.5511145272867025,0.183585313174946
Epidermis 1,ag1,15.806457,2.0359344,2.8082373291921334e-56,7.356368158499585e-55,0.5941583397386626,0.23758099352051837
Epidermis 1,tmem131,15.768445,1.4672145,5.12974770151402e-56,1.3405535879609275e-54,0.7194465795541891,0.44168466522678185
Epidermis 1,snap23,15.7664385,1.3667213,5.295252508667802e-56,1.382149581239714e-54,0.7671022290545734,0.4427645788336933
Epidermis 1,rnd1,15.701548,1.6429511,1.4759644435184993e-55,3.829610002617976e-54,0.6602613374327441,0.31533477321814257
Epidermis 1,rassf7,15.665408,2.829221,2.607505019059233e-55,6.741512680200417e-54,0.47501921598770175,0.09611231101511879
Epidermis 1,sipa1l3,15.595703,1.8401008,7.786161852530815e-55,1.994153025634682e-53,0.6033820138355112,0.2775377969762419
Epidermis 1,abo.4,15.592426,1.5655068,8.196009841182918e-55,2.0966603838740027e-53,0.6863950807071484,0.34557235421166305
Epidermis 1,ap3d1,15.575343,1.2274636,1.0707708675759705e-54,2.729590081936361e-53,0.8170637970791699,0.5669546436285097
Epidermis 1,med13l,15.518642,1.0267057,2.594812324531067e-54,6.591548280976998e-53,0.8747117601844735,0.693304535637149
Epidermis 1,edem1,15.503598,3.056749,3.279955439081193e-54,8.312648970521569e-53,0.4565718677940046,0.08099352051835854
Epidermis 1,eipr1,15.472006,2.9486234,5.361045318203417e-54,1.3539741885244994e-52,0.4619523443504996,0.08855291576673865
Epidermis 1,mpc2,15.470134,5.331999,5.519258824074568e-54,1.3907130115488586e-52,0.39738662567255956,0.016198704103671708
Epidermis 1,plpp2,15.447634,1.4656696,7.826419425636114e-54,1.969784293965463e-52,0.6971560338201384,0.3758099352051836
Epidermis 1,cog1,15.361915,2.3069193,2.9473894181386515e-53,7.32516907667466e-52,0.5188316679477325,0.15658747300215983
Epidermis 1,tmco4,15.299766,2.454926,7.673289518005212e-53,1.8876984280991175e-51,0.4965411222136818,0.132829373650108
Epidermis 1,atp6v1c1,15.296723,1.803492,8.040443679476722e-53,1.9757941613723148e-51,0.5980015372790162,0.26241900647948163
Epidermis 1,acacb,15.290504,1.4227571,8.846198076704132e-53,2.1713485740355552e-51,0.7248270561106841,0.43088552915766737
Epidermis 1,cgnl1,15.2561035,2.392884,1.4993878886486522e-52,3.67619585597778e-51,0.504227517294389,0.1447084233261339
Epidermis 1,slc66a2.1,15.254298,1.734656,1.5414364122187903e-52,3.7750487038188804e-51,0.6302843966179862,0.3002159827213823
Epidermis 1,creb3l4,15.250688,4.1607227,1.6290882671860443e-52,3.985239358550075e-51,0.4081475787855496,0.032397408207343416
Epidermis 1,slc30a7,15.192918,1.2924613,3.939869969209432e-52,9.563059243394774e-51,0.7417371252882398,0.4892008639308855
Epidermis 1,fam160a1,15.168546,3.068959,5.7128627966778565e-52,1.3805136111440478e-50,0.4511913912375096,0.08315334773218143
Epidermis 1,herpud1,15.099309,1.7384262,1.6364030249572866e-51,3.9282673715723815e-50,0.6026133743274404,0.2548596112311015
Epidermis 1,kiaa0232,15.077277,1.0276865,2.2850001290801327e-51,5.473214908524432e-50,0.9016141429669485,0.7235421166306696
Epidermis 1,patj,15.07477,2.2341647,2.3734207848804352e-51,5.678773568736401e-50,0.5226748654880861,0.17494600431965443
Epidermis 1,abca3,15.060093,1.7480198,2.963691337869041e-51,7.075569877859995e-50,0.5987701767870869,0.26457883369330454
Epidermis 1,hid1,15.056115,3.3146653,3.1474867879953985e-51,7.506154011021595e-50,0.42813220599538815,0.05723542116630669
Epidermis 1,slc19a3.2,15.02061,4.416247,5.381000587021762e-51,1.277680237316669e-49,0.39738662567255956,0.026997840172786176
Epidermis 1,grin1,15.000116,4.3940296,7.329043037635323e-51,1.7364500339222624e-49,0.39661798616448884,0.026997840172786176
Epidermis 1,scamp1,14.9770155,1.6562241,1.0377381322827836e-50,2.4454086160413194e-49,0.6195234435049961,0.296976241900648
Epidermis 1,sertad2,14.950905,1.3941333,1.5364658012151205e-50,3.601205182418383e-49,0.722521137586472,0.4244060475161987
Epidermis 1,slc19a3,14.898049,4.6618443,3.393415834396733e-50,7.902638945824024e-49,0.3889315910837817,0.019438444924406047
Epidermis 1,mon2,14.893002,1.8813125,3.659653319016564e-50,8.513570903439278e-49,0.5695618754803997,0.22894168466522677
Epidermis 1,ift46,14.856728,1.8296759,6.29243302018987e-50,1.460714690782587e-48,0.5803228285933897,0.24946004319654427
Epidermis 1,pnliprp2,14.853652,5.0673914,6.58795783586257e-50,1.5276921140951876e-48,0.3843197540353574,0.017278617710583154
Epidermis 1,mocos,14.746804,1.6804153,3.2258140724735157e-49,7.417332863587417e-48,0.6310530361260569,0.3347732181425486
Epidermis 1,atp2c1,14.723369,1.2728618,4.563490280421095e-49,1.046007577826352e-47,0.7425057647963106,0.46976241900647947
Epidermis 1,fam126b,14.684154,1.9777,8.144516408207858e-49,1.8648635104250122e-47,0.5380476556495004,0.19438444924406048
Epidermis 1,ranbp9,14.680643,1.1224618,8.577323130203332e-49,1.9619053252009109e-47,0.808608762490392,0.5712742980561555
Epidermis 1,zw10,14.673222,2.46258,9.569231298868144e-49,2.186494200760228e-47,0.47501921598770175,0.12095032397408208
Epidermis 1,LOC100491113,14.638251,1.8561684,1.601334383936226e-48,3.6398664158200406e-47,0.5534204458109147,0.21166306695464362
Epidermis 1,trpv6,14.637683,4.4932666,1.6147741122814847e-48,3.666595827689311e-47,0.3858570330514988,0.023758099352051837
Epidermis 1,selenom,14.4940605,3.1262026,1.3209744323388993e-47,2.9624854150120372e-46,0.42044581091468103,0.06479481641468683
Epidermis 1,slc22a5,14.456684,3.372653,2.274974859637582e-47,5.081087657333846e-46,0.41275941583397385,0.061555075593952485
Epidermis 1,atg2a,14.400887,2.0398586,5.108423563791173e-47,1.129391191342322e-45,0.5172943889315911,0.18142548596112312
Epidermis 1,iffo2,14.368925,1.4962234,8.10794058826265e-47,1.7853014286223945e-45,0.6433512682551883,0.3326133909287257
Epidermis 1,rnf31,14.35338,1.8083141,1.0146929121730996e-46,2.2320175440049602e-45,0.563412759415834,0.23002159827213822
Epidermis 1,ap1b1,14.338803,1.9348503,1.2519526221944494e-46,2.748376073330491e-45,0.5257494235203689,0.183585313174946
Epidermis 1,slc16a12,14.335159,1.4246372,1.3194315402203526e-46,2.8935995617234487e-45,0.6717909300538047,0.35529157667386607
Epidermis 1,rasa1,14.33419,1.3031846,1.3379863259189986e-46,2.931345343160489e-45,0.7340507302075326,0.45680345572354214
Epidermis 1,tmprss4,14.333354,3.2827387,1.354190106209594e-46,2.963869840280798e-45,0.4089162182936203,0.058315334773218146
Epidermis 1,hcfc2,14.228011,1.739685,6.140370762358006e-46,1.3372158723095214e-44,0.5718677940046119,0.2613390928725702
Epidermis 1,lman1,14.164289,1.5247881,1.5239968701095048e-45,3.3023967927169315e-44,0.6187548039969254,0.3174946004319654
Epidermis 1,LOC101731739,14.135471,2.4126077,2.2959039182743502e-45,4.955382730036063e-44,0.4827056110684089,0.1511879049676026
Epidermis 1,rin3,14.104481,1.2463628,3.5640417870205305e-45,7.654621637261319e-44,0.7517294388931591,0.5032397408207343
Epidermis 1,ywhaq,14.101605,1.3400866,3.712276010364079e-45,7.965149933348532e-44,0.6833205226748655,0.3801295896328294
Epidermis 1,asb9,14.083218,1.9468088,4.816563394044227e-45,1.0304140178572458e-43,0.5149884704073789,0.1717062634989201
Epidermis 1,dgkk,14.07262,5.6694756,5.5957192152925606e-45,1.1947572308894222e-43,0.35895465026902384,0.01079913606911447
Epidermis 1,LOC100489903,14.04905,4.7223754,7.807358118186618e-45,1.6637144677436542e-43,0.3681783243658724,0.02267818574514039
Epidermis 1,fmn1,14.035276,2.3738399,9.482545766650479e-45,2.0167507911703714e-43,0.46272098385857036,0.12311015118790497
Epidermis 1,cyb561,14.022974,1.8250912,1.1278741784258208e-44,2.391772832597652e-43,0.5434281322059954,0.21490280777537796
Epidermis 1,tfg,13.965271,1.7875602,2.5393856007582404e-44,5.348642200207101e-43,0.5457340507302075,0.22462203023758098
Epidermis 1,avl9,13.943006,1.632732,3.470151107493334e-44,7.28798530477498e-43,0.5949269792467333,0.28509719222462204
Epidermis 1,prdm2,13.924317,1.3054713,4.50831235325881e-44,9.441063710216939e-43,0.7017678708685626,0.41576673866090713
Epidermis 1,pof1b,13.923414,2.9740882,4.565625521597245e-44,9.551918936411647e-43,0.4158339738662567,0.07991360691144708
Epidermis 1,ddrgk1,13.892657,1.2916532,7.018270795419857e-44,1.4627095227015922e-42,0.7048424289008455,0.41252699784017277
Epidermis 1,abhd17a,13.889815,2.433897,7.302334205791835e-44,1.5204602548147293e-42,0.4465795541890853,0.1101511879049676
Epidermis 1,mdm4,13.884132,1.0635005,7.905228099868889e-44,1.6428569749260858e-42,0.8270561106840891,0.6371490280777538
Epidermis 1,vapa,13.883496,1.9440895,7.975614136676463e-44,1.6559074793189068e-42,0.5088393543428132,0.18034557235421167
Epidermis 1,alg9,13.84866,1.1834631,1.2960578764721097e-43,2.6806899452604648e-42,0.7524980784012298,0.4870410367170626
Epidermis 1,LOC549052,13.837027,4.6150956,1.5238044956756656e-43,3.148763058725256e-42,0.3627978478093774,0.02159827213822894
Epidermis 1,lasp1,13.729711,2.0854783,6.7402049003228076e-43,1.3784255963443673e-41,0.48501152959262106,0.16198704103671707
Epidermis 1,LOC733461,13.711691,4.133042,8.641991240561787e-43,1.7640494935481643e-41,0.3674096848578017,0.029157667386609073
Epidermis 1,kif13b,13.654924,2.6225462,1.886861470904156e-42,3.844370136003696e-41,0.42813220599538815,0.09935205183585313
Epidermis 1,LOC100493455,13.618383,1.7626274,3.113855806271798e-42,6.303102741062792e-41,0.5480399692544197,0.2505399568034557
Epidermis 1,MGC147226,13.609524,3.359698,3.515273290607652e-42,7.109061953137124e-41,0.3858570330514988,0.05075593952483801
Epidermis 1,nucb1,13.578834,1.4852449,5.3471351103131767e-42,1.076382243931216e-40,0.595695618754804,0.2818574514038877
Epidermis 1,rab11fip3,13.543095,1.4205554,8.704300684771706e-42,1.7489552968913757e-40,0.638739431206764,0.35205183585313177
Epidermis 1,adipor2,13.519024,2.8577013,1.207674037433536e-41,2.4221190414372415e-40,0.4027671022290546,0.07019438444924406
Epidermis 1,afmid,13.503311,4.392474,1.4950304884463375e-41,2.9956896499896723e-40,0.35895465026902384,0.026997840172786176
Epidermis 1,clta,13.496525,1.7331647,1.6392897238997605e-41,3.2817377124051992e-40,0.5342044581091469,0.22462203023758098
Epidermis 1,srpra,13.487498,1.413727,1.8528249650622628e-41,3.7024261504234095e-40,0.6156802459646425,0.31533477321814257
Epidermis 1,golga3,13.462893,1.5669581,2.5859301308099214e-41,5.139123987650573e-40,0.5757109915449654,0.2796976241900648
Epidermis 1,ryr1,13.459516,1.2058069,2.7068526470928945e-41,5.374543367808376e-40,0.7724827056110684,0.5831533477321814
Epidermis 1,entpd6,13.426285,3.1821911,4.2416608152020647e-41,8.361091296162985e-40,0.3889315910837817,0.06371490280777538
Epidermis 1,LOC100496311,13.385531,4.7090397,7.347033808334114e-41,1.443020924677396e-39,0.34973097617217525,0.019438444924406047
Epidermis 1,sgk2,13.358351,3.2900174,1.058837292602286e-40,2.0759109220013015e-39,0.38201383551114526,0.05723542116630669
Epidermis 1,arhgef18,13.337523,1.6211803,1.4003541766435048e-40,2.738093950585835e-39,0.5564950038431975,0.2570194384449244
Epidermis 1,LOC100485231,13.31372,3.3706677,1.926465387642617e-40,3.7533393949776384e-39,0.3873943120676403,0.06695464362850972
Epidermis 1,srp68,13.276811,1.0048704,3.155485964497896e-40,6.115085189281403e-39,0.8032282859338971,0.5745140388768899
Epidermis 1,marveld3,13.264809,1.5707717,3.70362871680358e-40,7.16461721891586e-39,0.5595695618754803,0.24190064794816415
Epidermis 1,sgms2,13.232313,3.9562445,5.71022939998874e-40,1.1017057094354932e-38,0.3574173712528824,0.03023758099352052
Epidermis 1,ppt1,13.147264,2.769736,1.764462430403034e-39,3.377397780160053e-38,0.40507302075326673,0.08639308855291576
Epidermis 1,rbm47,13.135495,2.4976218,2.061386543213559e-39,3.9388367565204093e-38,0.4142966948501153,0.09287257019438445
Epidermis 1,wwc1,13.090061,1.9443036,3.7530426064482075e-39,7.121316757852725e-38,0.4796310530361261,0.16630669546436286
Epidermis 1,LOC116409572,13.079396,4.7182274,4.318541281787533e-39,8.187218880094331e-38,0.34050730207532665,0.016198704103671708
Epidermis 1,slc17a9,13.079029,1.6844311,4.339483556442803e-39,8.219780441418263e-38,0.5257494235203689,0.21922246220302377
Epidermis 1,kiaa1217,13.032893,2.4882486,7.953370887899185e-39,1.5026017848038798e-37,0.4158339738662567,0.09827213822894168
Epidermis 1,ccdc125,13.022563,1.5928011,9.106254072275046e-39,1.7189236168781469e-37,0.5449654112221368,0.23542116630669546
Epidermis 1,c-answer,12.991505,1.5638312,1.36712528769122e-38,2.573946583495264e-37,0.5541890853189854,0.26241900647948163
Epidermis 1,agpat4,12.979703,3.9241257,1.5949730975900198e-38,3.0003368933199847e-37,0.3535741737125288,0.03455723542116631
Epidermis 1,larp4,12.968537,1.3252894,1.8451843525250754e-38,3.4680247852239165e-37,0.633358954650269,0.36069114470842334
Epidermis 1,klf5,12.932531,1.1143457,2.949465254836522e-38,5.510298058714704e-37,0.7794004611837049,0.5183585313174947
Epidermis 1,stt3b,12.909329,1.2108395,3.98758268443973e-38,7.424320969040899e-37,0.6871637202152191,0.4244060475161987
Epidermis 1,trabd,12.90154,2.1040843,4.411919469828959e-38,8.193403808607465e-37,0.4488854727132975,0.14146868250539957
Epidermis 1,trappc12,12.88693,2.518807,5.332446486549893e-38,9.894499556377994e-37,0.40661029976940816,0.091792656587473
Epidermis 1,abo.1,12.853565,4.1336064,8.21355866643036e-38,1.518881895425228e-36,0.34358186010760955,0.02591792656587473
Epidermis 1,MGC75872,12.816356,4.174632,1.327966474333427e-37,2.453645760916995e-36,0.3420445810914681,0.02591792656587473
Epidermis 1,prrc1,12.805324,1.5539211,1.5308682038761568e-37,2.8261484836532672e-36,0.5441967717140661,0.2526997840172786
Epidermis 1,LOC100488554,12.755711,1.5138004,2.897205491608678e-37,5.3260253607744706e-36,0.5803228285933897,0.2915766738660907
Epidermis 1,kcnj2,12.748723,4.907317,3.1689196752170675e-37,5.820622578527915e-36,0.3297463489623367,0.014038876889848811
Epidermis 1,astl2c,12.726892,2.486177,4.191933938555815e-37,7.680284674494245e-36,0.44273635664873173,0.15442764578833693
Epidermis 1,LOC116408821,12.725221,1.3668827,4.282618715518086e-37,7.839850922090616e-36,0.6794773251345119,0.41576673866090713
Epidermis 1,reep5,12.724117,2.447951,4.343536116584127e-37,7.938048710216268e-36,0.4081475787855496,0.09935205183585313
Epidermis 1,pi4ka,12.716929,1.2382137,4.762058048308261e-37,8.681108493912662e-36,0.6571867794004612,0.38120950323974084
Epidermis 1,LOC100216037,12.671697,3.5295615,8.485882294367456e-37,1.5354099298954582e-35,0.35126825518831667,0.03779697624190065
Epidermis 1,peak1,12.633517,4.723238,1.3796972414778996e-36,2.488130041842087e-35,0.3305149884704074,0.019438444924406047
Epidermis 1,dennd3,12.606939,1.1324304,1.9335694417823863e-36,3.475487544409675e-35,0.7109915449654112,0.43844492440604754
Epidermis 1,kank1,12.566788,2.4608462,3.2152343596616015e-36,5.760232262904418e-35,0.4035357417371253,0.10043196544276457
Epidermis 1,bcr,12.563512,1.4013069,3.3512222079401554e-36,5.994018016349355e-35,0.5857033051498847,0.31965442764578833
Epidermis 1,cmtm4,12.549871,2.0071585,3.981557846813649e-36,7.115608007806768e-35,0.4873174481168332,0.22462203023758098
Epidermis 1,hk1,12.54041,1.3895295,4.4866659761684356e-36,8.005195279310829e-35,0.5872405841660261,0.31533477321814257
Epidermis 1,notch2,12.534894,1.2621472,4.8100384388434245e-36,8.568150920326723e-35,0.6425826287471176,0.36609071274298055
Epidermis 1,pmm1,12.498654,3.8112857,7.592587443693697e-36,1.3491681645671023e-34,0.34050730207532665,0.03131749460043196
Epidermis 1,txndc11,12.455494,2.231428,1.3054117870402683e-35,2.314004110885922e-34,0.4196771714066103,0.11771058315334773
Epidermis 1,ufsp2,12.408321,1.9919084,2.3553881349003336e-35,4.158327224244351e-34,0.441967717140661,0.14146868250539957
Epidermis 1,faah.2,12.384284,4.5105743,3.1790907978735325e-35,5.603468521841547e-34,0.32513451191391235,0.0183585313174946
Epidermis 1,edem3,12.344032,1.9785937,5.246122404796126e-35,9.19483028072741e-34,0.44273635664873173,0.1447084233261339
Epidermis 1,liph,12.1758375,2.1610167,4.180818257978484e-34,7.234705408988779e-33,0.42198308993082245,0.12742980561555076
Epidermis 1,cdhr4,12.174901,3.8324363,4.229061438006875e-34,7.312389036350871e-33,0.3366641045349731,0.04103671706263499
Epidermis 1,gtpbp1,12.156213,1.7398107,5.316686203386089e-34,9.16393441106539e-33,0.47425057647963104,0.1900647948164147
Epidermis 1,LOC105945488,12.1408,4.368433,6.419468674982429e-34,1.1055976792169817e-32,0.3220599538816295,0.023758099352051837
Epidermis 1,nectin4,12.111047,1.4563627,9.230881103897407e-34,1.584791947821757e-32,0.5318985395849347,0.2548596112311015
Epidermis 1,c3orf52,12.110779,3.9447098,9.261031241641454e-34,1.58871826040769e-32,0.32513451191391235,0.024838012958963283
Epidermis 1,rgs12,12.038433,1.0155708,2.2315471617152496e-33,3.813202084243419e-32,0.7094542659492697,0.5118790496760259
Epidermis 1,arhgap10,12.021049,1.1367041,2.7545442197685563e-33,4.6958522984038806e-32,0.6733282090699462,0.4244060475161987
Epidermis 1,igf2r,12.003497,1.8857297,3.4059669309880633e-33,5.7973170359665e-32,0.44734819369715606,0.15982721382289417
Epidermis 1,pcyt1a,11.995874,2.203947,3.734531537581989e-33,6.346667654328394e-32,0.4027671022290546,0.1101511879049676
Epidermis 1,eif1,11.963412,1.8868243,5.524437224872267e-33,9.359374587262247e-32,0.4404304381245196,0.1490280777537797
Epidermis 1,tbc1d8b,11.935998,1.8899611,7.68318293316183e-33,1.2986424073162223e-31,0.44504227517294387,0.1630669546436285
Epidermis 1,capn5,11.920452,2.1872296,9.260450984809869e-33,1.5640270970552334e-31,0.40584166026133744,0.11879049676025918
Epidermis 1,casp3.2,11.907915,1.403646,1.076346595324898e-32,1.8150663876804173e-31,0.541890853189854,0.27213822894168466
Epidermis 1,cracr2a,11.897183,2.717637,1.2240867826379785e-32,2.059429274012593e-31,0.3681783243658724,0.07991360691144708
Epidermis 1,map7d2,11.894342,1.7957425,1.2664717192557208e-32,2.1290970251062467e-31,0.4650269023827825,0.1879049676025918
Epidermis 1,c2cd2,11.888358,1.015117,1.36055458360697e-32,2.285501275510985e-31,0.7109915449654112,0.4924406047516199
Epidermis 1,LOC733495,11.844094,5.8203654,2.3089975772367735e-32,3.8579353853662813e-31,0.3005380476556495,0.0064794816414686825
Epidermis 1,dock6,11.832126,2.5783436,2.663112883373414e-32,4.442797112239394e-31,0.3697156033820138,0.07883369330453564
Epidermis 1,prr5,11.775493,1.5826558,5.221143205426414e-32,8.670514907580652e-31,0.49116064565718676,0.21058315334773217
Epidermis 1,itpka,11.773721,2.3275254,5.332008417316545e-32,8.847890165343294e-31,0.3920061491160646,0.11123110151187905
Epidermis 1,rpn1,11.760916,1.1801759,6.205734832843843e-32,1.0274304991463241e-30,0.6087624903920061,0.34989200863930886
Epidermis 1,LOC100498095,11.721366,4.378984,9.906134506619902e-32,1.633875745041216e-30,0.30899308224442734,0.019438444924406047
Epidermis 1,msantd3,11.707893,1.1253405,1.161293081058709e-31,1.9110540212505346e-30,0.6625672559569562,0.43088552915766737
Epidermis 1,tmem184a,11.691111,2.7502718,1.4152383206065697e-31,2.3202040115669387e-30,0.3528055342044581,0.06479481641468683
Epidermis 1,use1,11.690709,1.6587226,1.421939721978731e-31,2.32944044093828e-30,0.4719446579554189,0.19654427645788336
Epidermis 1,gns,11.652831,3.0243187,2.219598552844119e-31,3.6225774137330976e-30,0.34435049961568026,0.061555075593952485
Epidermis 1,tpd52,11.638657,4.0456142,2.62112933666122e-31,4.268333078752574e-30,0.31129900076863953,0.02267818574514039
Epidermis 1,nadk,11.624247,3.816111,3.1031722154732366e-31,5.038267925137016e-30,0.31821675634127594,0.032397408207343416
Epidermis 1,ptprz1,11.604723,2.3816602,3.899485392050859e-31,6.326443921185263e-30,0.38124519600307455,0.09935205183585313
Epidermis 1,slc37a4,11.587238,3.4701326,4.783077416205137e-31,7.754200022214881e-30,0.3228285933897002,0.0367170626349892
Epidermis 1,cap1,11.572628,1.2794179,5.671800465203284e-31,9.174526163914075e-30,0.5749423520368947,0.3142548596112311
Epidermis 1,ssbp2,11.4949,1.050048,1.3994348485724753e-30,2.250336612431834e-29,0.7117601844734819,0.5010799136069114
Epidermis 1,LOC100493994,11.441911,4.1531076,2.581379473291968e-30,4.120576553526265e-29,0.30438124519600307,0.020518358531317494
Epidermis 1,nipal1,11.403096,4.0694003,4.035085943670458e-30,6.408268586377953e-29,0.3066871637202152,0.02591792656587473
Epidermis 1,pdcd6,11.361406,1.6936185,6.508797357980853e-30,1.0277023672105658e-28,0.45426594926979247,0.183585313174946
Epidermis 1,kdelr1,11.34673,1.0089282,7.698814410015256e-30,1.2138426968276223e-28,0.6725595695618755,0.4406047516198704
Epidermis 1,lnpk,11.34322,1.8388877,8.014046057321437e-30,1.261720772127064e-28,0.43735588009223675,0.1717062634989201
Epidermis 1,atp6v1b2,11.331385,1.5703028,9.174235691003606e-30,1.4402230000963284e-28,0.46733282090699463,0.19654427645788336
Epidermis 1,shroom1,11.329814,1.5058764,9.340309205968682e-30,1.4652400228860002e-28,0.49961568024596464,0.24298056155507558
Epidermis 1,avpr2,11.314903,3.3929074,1.1072439685576741e-29,1.733226014196342e-28,0.31821675634127594,0.03995680345572354
Epidermis 1,slc9a1,11.314602,1.2067657,1.1110490454484905e-29,1.737935571378603e-28,0.5818601076095311,0.31965442764578833
Epidermis 1,clcn2,11.3106575,2.0841477,1.1621547490490945e-29,1.8165744111031728e-28,0.4142966948501153,0.15766738660907129
Epidermis 1,vps4b,11.292938,1.6997055,1.4220144337716725e-29,2.213250853019377e-28,0.44427363566487316,0.17278617710583152
Epidermis 1,sfmbt2,11.26723,3.3171706,1.904689215254046e-29,2.9602723195198385e-28,0.3220599538816295,0.04643628509719223
Epidermis 1,aftph,11.25603,1.0790313,2.162844695399373e-29,3.3543307816851258e-28,0.6448885472713297,0.40496760259179265
Epidermis 1,osbpl1a,11.24239,1.9314662,2.5245411337039626e-29,3.9097240651919214e-28,0.43197540353574176,0.1771058315334773
Epidermis 1,syt13,11.23567,4.8857293,2.7241920575476863e-29,4.20995714502465e-28,0.2913143735588009,0.012958963282937365
Epidermis 1,zfhx2,11.221829,1.492919,3.186107224276827e-29,4.909890235942418e-28,0.49039200614911604,0.234341252699784
Epidermis 1,sec16a,11.216781,1.0504435,3.3732617150107435e-29,5.187311055902003e-28,0.6425826287471176,0.40928725701943847
Epidermis 1,dgkq,11.208824,1.4185698,3.6906271014949165e-29,5.671350280402857e-28,0.5165257494235204,0.2678185745140389
Epidermis 1,pdia3,11.164928,1.0642476,6.053989947060094e-29,9.257471242802964e-28,0.6433512682551883,0.40712742980561556
Epidermis 1,slc25a16,11.154297,3.3381138,6.822981745018668e-29,1.0418774293775531e-27,0.31360491929285167,0.03779697624190065
Epidermis 1,copb1,11.124677,1.1228113,9.515021496987493e-29,1.447889010360977e-27,0.606456571867794,0.3617710583153348
Epidermis 1,slc25a24,11.106122,1.7731109,1.17136750203043e-28,1.777497236565091e-27,0.425826287471176,0.16090712742980562
Epidermis 1,dip2b,11.097964,1.192327,1.2833301011027248e-28,1.944690703900178e-27,0.5757109915449654,0.33585313174946
Epidermis 1,LOC733482,11.089172,4.005648,1.4159196428578725e-28,2.1441209248300927e-27,0.29669485011529595,0.02159827213822894
Epidermis 1,abcd1,11.057612,4.2390623,2.013865347926783e-28,3.0369423467249715e-27,0.29285165257494233,0.0183585313174946
Epidermis 1,syngr2,11.056075,2.6437633,2.048682098846065e-28,3.0873129888756895e-27,0.33973866256725593,0.06911447084233262
Epidermis 1,ssr3,11.036717,1.0603768,2.5414790929340205e-28,3.8220272423785845e-27,0.6264411990776326,0.38660907127429806
Epidermis 1,slc35e1,11.00322,1.5519215,3.687288648146327e-28,5.514758436682728e-27,0.4657955418908532,0.20734341252699784
Epidermis 1,gcm1,10.999575,5.973941,3.8393655034375795e-28,5.738273606199412e-27,0.27901614142966946,0.0064794816414686825
Epidermis 1,alas1,10.987339,1.1238189,4.396982655147853e-28,6.562692101093112e-27,0.6149116064565718,0.3758099352051836
Epidermis 1,nipal2,10.970958,1.3193573,5.271116912522292e-28,7.851265675641566e-27,0.5272867025365103,0.28077753779697623
Epidermis 1,pfkfb4,10.950698,1.4648867,6.593757715954542e-28,9.794580471058138e-27,0.47732513451191394,0.2084233261339093
Epidermis 1,micu2,10.948358,2.6223037,6.7663244505957245e-28,1.0044079308601992e-26,0.34050730207532665,0.0734341252699784
Epidermis 1,idh1,10.923451,2.3087585,8.904667658606721e-28,1.3200322892558238e-26,0.3620292083013067,0.09719222462203024
Epidermis 1,ppp1r37,10.915294,2.1089175,9.74138862659698e-28,1.4430878562184163e-26,0.3766333589546503,0.11339092872570194
Epidermis 1,grhl2,10.897307,1.1787136,1.1871848249232955e-27,1.7551192455725766e-26,0.5664873174481169,0.296976241900648
Epidermis 1,sgpp2,10.887813,6.4598117,1.3176673266993888e-27,1.9440715845779147e-26,0.2736356648731745,0.0032397408207343412
Epidermis 1,ttc39c,10.813929,2.85365,2.957274857670766e-27,4.3425770302310754e-26,0.3259031514219831,0.061555075593952485
Epidermis 1,ergic1,10.762544,1.4259722,5.172217993229567e-27,7.559475474230568e-26,0.4957724827056111,0.2602591792656587
Epidermis 1,syne3,10.749439,2.017665,5.962319953681654e-27,8.702594228045977e-26,0.38047655649500384,0.12203023758099352
Epidermis 1,plcxd2,10.721356,4.5960455,8.080958463387288e-27,1.1732175291388821e-25,0.28132205995388165,0.017278617710583154
Epidermis 1,LOC105948358,10.7203865,4.3360257,8.166116939603229e-27,1.1847928041162372e-25,0.2828593389700231,0.017278617710583154
Epidermis 1,eps15,10.692705,1.0475966,1.1011153495062928e-26,1.5954474131193106e-25,0.6372021521906226,0.42332613390928725
Epidermis 1,slc9a7,10.685184,1.4180185,1.1941316559459348e-26,1.7290741117714827e-25,0.4827056110684089,0.23758099352051837
Epidermis 1,rundc1,10.624471,2.15937,2.2930832095908637e-26,3.3049781186580076e-25,0.3543428132205995,0.091792656587473
Epidermis 1,epb41l4a,10.555635,1.003138,4.783930797310713e-26,6.8677732847445445e-25,0.7063797079169869,0.4946004319654428
Epidermis 1,chmp4c,10.535376,2.8729591,5.934594256280843e-26,8.497295358681383e-25,0.31053036126056877,0.04967602591792657
Epidermis 1,derl2,10.4582815,1.2508829,1.3426811797356475e-25,1.9136934045076138e-24,0.5157571099154497,0.265658747300216
Epidermis 1,gnptab,10.413717,1.7074218,2.1467151500580673e-25,3.039809947398902e-24,0.4158339738662567,0.17278617710583152
Epidermis 1,slc35b4,10.4078665,2.359263,2.2827931972538653e-25,3.228310457373726e-24,0.33512682551883166,0.08099352051835854
Epidermis 1,plaat1,10.404858,4.532475,2.3560701797489163e-25,3.329780271522092e-24,0.27209838585703305,0.014038876889848811
Epidermis 1,ly6g6c,10.404056,2.609298,2.3760012881368176e-25,3.355775023199579e-24,0.3205226748654881,0.06479481641468683
Epidermis 1,scn3b,10.3682165,4.5809503,3.4591926915448456e-25,4.869873788529037e-24,0.2736356648731745,0.0183585313174946
Epidermis 1,f11r,10.358723,1.127772,3.8203124232291865e-25,5.371329728562118e-24,0.5495772482705611,0.3077753779697624
Epidermis 1,ap3s1,10.357986,2.3831096,3.8497972914872414e-25,5.409299851741346e-24,0.3305149884704074,0.0734341252699784
Epidermis 1,nedd4l,10.352872,1.2538897,4.0611826576219206e-25,5.698975355110478e-24,0.49500384319754037,0.24298056155507558
Epidermis 1,arc3,10.351869,1.195491,4.10395978548767e-25,5.755302472951571e-24,0.536510376633359,0.2937365010799136
Epidermis 1,tef,10.314124,1.2513568,6.083332934518589e-25,8.49836158541166e-24,0.5257494235203689,0.2894168466522678
Epidermis 1,mpzl2,10.308341,1.6581311,6.460718413571179e-25,9.014024073052218e-24,0.43735588009223675,0.19654427645788336
Epidermis 1,dnaja4.1,10.301722,2.1882892,6.921173177352426e-25,9.650282421917397e-24,0.34973097617217525,0.09935205183585313
Epidermis 1,gmppb,10.300718,2.5395663,6.993719462887536e-25,9.745207688356892e-24,0.31975403535741737,0.06587473002159827
Epidermis 1,il17rc,10.284504,4.453031,8.27672912812294e-25,1.1496276658483175e-23,0.27209838585703305,0.0183585313174946
Epidermis 1,rtn3,10.264478,1.4676408,1.0187022028977573e-24,1.410475937146698e-23,0.44734819369715606,0.19870410367170627
Epidermis 1,ssr4,10.260265,1.1204697,1.0641343882677156e-24,1.4724461944445037e-23,0.5511145272867025,0.3282937365010799
Epidermis 1,cd63,10.247428,1.2033674,1.2153445493013682e-24,1.6784831272345036e-23,0.5165257494235204,0.265658747300216
Epidermis 1,pm20d1,10.225731,2.6755059,1.5207651558221829e-24,2.0949884132068086e-23,0.31129900076863953,0.06047516198704104
Epidermis 1,pard3b,10.191162,1.1243598,2.1715204181112997e-24,2.976428834397404e-23,0.5872405841660261,0.37041036717062636
Epidermis 1,spryd3,10.1585,1.911212,3.0371422440537464e-24,4.1472766525342175e-23,0.3697156033820138,0.11987041036717062
Epidermis 1,pcyt2,10.136168,2.7268453,3.817864804585917e-24,5.203599494120506e-23,0.3013066871637202,0.047516198704103674
Epidermis 1,sun1,10.128678,1.2449169,4.121822474912232e-24,5.607374577622183e-23,0.4965411222136818,0.25593952483801297
Epidermis 1,arcn1,10.11875,1.1630447,4.5620795709423955e-24,6.198576483034496e-23,0.5272867025365103,0.296976241900648
Epidermis 1,LOC100495391,10.114771,4.2011514,4.7512738262939775e-24,6.451620794247721e-23,0.2682551883166795,0.017278617710583154
Epidermis 1,nomo3,10.085551,1.4528321,6.400471026166819e-24,8.658690530811293e-23,0.4458109146810146,0.20734341252699784
Epidermis 1,LOC100493583,10.060612,3.4334755,8.248441963260189e-24,1.1089910787449203e-22,0.28209069946195237,0.03455723542116631
Epidermis 1,marveld2,10.008893,1.2091538,1.3930308604721533e-23,1.8625812748996846e-22,0.5026902382782475,0.265658747300216
Epidermis 1,gan,10.001237,1.099783,1.5050557107026357e-23,2.0099033453636607e-22,0.5649500384319754,0.3488120950323974
Epidermis 1,tmem181,9.968708,2.5781553,2.0892963745822877e-23,2.7799107432780546e-22,0.30899308224442734,0.06263498920086392
Epidermis 1,LOC100485638,9.878275,3.4718544,5.171555727667118e-23,6.814524005641556e-22,0.2744043043812452,0.03023758099352052
Epidermis 1,zfyve27,9.853067,1.3006793,6.648344050880665e-23,8.734106895500721e-22,0.4719446579554189,0.24298056155507558
Epidermis 1,LOC100489443,9.850894,2.5936322,6.793681739178925e-23,8.919670832167469e-22,0.30899308224442734,0.06911447084233262
Epidermis 1,amd1,9.835683,1.4410313,7.902969674304262e-23,1.0351182548799119e-21,0.4296694850115296,0.19978401727861772
Epidermis 1,rnf144b,9.803221,1.5729545,1.0905206926997576e-22,1.4240725335368885e-21,0.398923904688701,0.15658747300215983
Epidermis 1,atp6v0a2,9.7748375,2.0406153,1.4438953029318206e-22,1.87543091698067e-21,0.33973866256725593,0.10043196544276457
Epidermis 1,fam83h,9.764339,1.3460166,1.6015221294047077e-22,2.07769407763021e-21,0.44427363566487316,0.21058315334773217
Epidermis 1,tmem39a,9.747022,1.0336146,1.8995927169841806e-22,2.4541748180764834e-21,0.5618754803996926,0.3326133909287257
Epidermis 1,kif16b,9.735521,1.6266916,2.127241537691742e-22,2.7434123873505618e-21,0.39661798616448884,0.1630669546436285
Epidermis 1,ppp1r14c,9.73064,1.9566859,2.231836964658579e-22,2.8766045130428147e-21,0.3481936971560338,0.1101511879049676
Epidermis 1,LOC100216148,9.691057,2.0951743,3.2910451317956407e-22,4.226833185456897e-21,0.32897770945426597,0.08855291576673865
Epidermis 1,LOC100216133,9.687982,4.0820985,3.391656436013209e-22,4.3534902994261315e-21,0.2590315142198309,0.019438444924406047
Epidermis 1,ap1ar,9.68641,1.5660956,3.4442244341214224e-22,4.418366923983749e-21,0.39123750960799386,0.15334773218142547
Epidermis 1,siae,9.678855,5.2899528,3.7084762341551675e-22,4.748982388820417e-21,0.24750192159877019,0.00755939524838013
Epidermis 1,mcf2l,9.669394,3.2462013,4.0678224485093256e-22,5.193911857748508e-21,0.2759415833973866,0.03779697624190065
Epidermis 1,zdhhc13,9.668925,1.7599164,4.086467266097337e-22,5.214666796111695e-21,0.3674096848578017,0.1306695464362851
Epidermis 1,tmed7,9.614031,1.3047773,6.976351787068148e-22,8.871268784709444e-21,0.4496541122213682,0.22462203023758098
Epidermis 1,stk17a,9.602998,1.0671786,7.765232123918397e-22,9.845736791169281e-21,0.5403535741737125,0.3228941684665227
Epidermis 1,pgm3,9.577389,1.8505236,9.952900081195902e-22,1.2582979876696163e-20,0.3535741737125288,0.11987041036717062
Epidermis 1,LOC100498522,9.567862,3.11933,1.0914007818522758e-21,1.3766159803929774e-20,0.2767102229054573,0.042116630669546434
Epidermis 1,sort1,9.550376,3.2433808,1.2922596540455327e-21,1.6262051851746003e-20,0.2690238278247502,0.032397408207343416
Epidermis 1,bspry,9.529582,4.2598467,1.5791805575686294e-21,1.9838398933048395e-20,0.2521137586471945,0.016198704103671708
Epidermis 1,mpp5,9.509189,1.2744731,1.921556880779979e-21,2.4084027969844872e-20,0.4565718677940046,0.23110151187904968
Epidermis 1,sh3tc2,9.472179,5.107674,2.740644601218741e-21,3.4251778833444527e-20,0.2436587240584166,0.008639308855291577
Epidermis 1,fam219b,9.454126,2.7635458,3.2573046538919573e-21,4.068554370496646e-20,0.2843966179861645,0.05183585313174946
Epidermis 1,LOC116411534,9.417987,3.9431891,4.598199199996049e-21,5.723748131381277e-20,0.2528823981552652,0.019438444924406047
Epidermis 1,ganab,9.360049,2.0172343,7.969933944943302e-21,9.842214409315665e-20,0.3297463489623367,0.10151187904967603
Epidermis 1,aadacl3,9.359849,4.8231583,7.985079102647579e-21,9.855339994280137e-20,0.24212144504227517,0.009719222462203024
Epidermis 1,epn3,9.321636,5.6459594,1.1455955028884676e-20,1.4075472673721424e-19,0.23750960799385087,0.0064794816414686825
Epidermis 1,acsbg1,9.3156185,5.0190525,1.212437866223613e-20,1.487161702016046e-19,0.23981552651806304,0.008639308855291577
Epidermis 1,tmbim6,9.306358,1.3475374,1.3229064994657248e-20,1.6208390075711163e-19,0.431206764027671,0.21058315334773217
Epidermis 1,stoml3,9.274498,4.759386,1.7845789700607746e-20,2.1803638133088554e-19,0.24212144504227517,0.012958963282937365
Epidermis 1,ahnak2,9.269684,4.8221207,1.8669903820919496e-20,2.2797760004268847e-19,0.2436587240584166,0.01511879049676026
Epidermis 1,cope,9.251496,1.0623106,2.2137089275746353e-20,2.695610631060609e-19,0.5126825518831668,0.29265658747300216
Epidermis 1,nsf,9.214889,2.089057,3.1160076035017305e-20,3.7795665322963456e-19,0.3143735588009224,0.08855291576673865
Epidermis 1,znf750,9.213251,2.43253,3.163947540204609e-20,3.8355832930447096e-19,0.2890084550345888,0.06371490280777538
Epidermis 1,mfsd12,9.212048,2.0814288,3.1996326682063604e-20,3.8766898641272066e-19,0.31744811683320523,0.0939524838012959
Epidermis 1,LOC100493548,9.191988,3.4966893,3.8564644584988855e-20,4.662155731241229e-19,0.2536510376633359,0.02591792656587473
Epidermis 1,ago3,9.163303,2.0223582,5.0332286138275586e-20,6.064609695324746e-19,0.3320522674865488,0.11447084233261338
Epidermis 1,rhbdl2,9.104732,1.6337956,8.648019013062789e-20,1.0391432978196206e-18,0.361260568793236,0.14146868250539957
Epidermis 1,LOC100038305,9.094067,3.0937338,9.540235159325269e-20,1.1450906018241842e-18,0.26594926979246736,0.042116630669546434
Epidermis 1,mideas,9.0856085,1.442668,1.0312031313630499e-19,1.2356882772912199e-18,0.38970023059185244,0.1673866090712743
Epidermis 1,LOC100494753,9.082767,2.4333112,1.0584931918385413e-19,1.26769373979741e-18,0.29592621060722524,0.07451403887688984
Epidermis 1,mcf2l.2,9.082666,2.6631343,1.0594692997941044e-19,1.2681667356449344e-18,0.27747886241352804,0.052915766738660906
Epidermis 1,efhd1,9.049168,1.261012,1.4406202432535106e-19,1.7159265462901122e-18,0.4181398923904689,0.19222462203023757
Epidermis 1,c5orf15,9.02396,2.05443,1.8140976909005196e-19,2.1560689386241962e-18,0.3059185242121445,0.08315334773218143
Epidermis 1,tmed5,9.018779,1.0804725,1.901983505204927e-19,2.2568342613962325e-18,0.48578016910069177,0.2688984881209503
Epidermis 1,ufm1,9.010019,1.6553849,2.0602030703577985e-19,2.4419169580813427e-18,0.345119139123751,0.12095032397408208
Epidermis 1,gca,9.006877,2.1185622,2.1200826800706343e-19,2.508802828732175e-18,0.30361260568793236,0.08315334773218143
Epidermis 1,arpc1b,8.9762535,1.1837503,2.801442097912221e-19,3.2989890997594486e-18,0.4488854727132975,0.23002159827213822
Epidermis 1,slc35a3.2,8.918249,1.8528389,4.737177117637784e-19,5.542624229703704e-18,0.32513451191391235,0.1079913606911447
Epidermis 1,mfge8,8.899326,1.0130422,5.618643662025067e-19,6.559894240184537e-18,0.5342044581091469,0.34233261339092874
Epidermis 1,spryd7,8.878399,1.2406634,6.782983591322367e-19,7.915052670922213e-18,0.43735588009223675,0.22462203023758098
Epidermis 1,pde4b,8.864892,3.2160857,7.657819044347317e-19,8.91682333867144e-18,0.2536510376633359,0.03455723542116631
Epidermis 1,selenos,8.854762,1.502984,8.386233946745334e-19,9.744196536311499e-18,0.3681783243658724,0.15226781857451405
Epidermis 1,lonrf2,8.847742,1.3357862,8.93081208087233e-19,1.0371434295727255e-17,0.42198308993082245,0.21706263498920086
Epidermis 1,scnn1a,8.827382,3.340015,1.071546135428676e-18,1.2397777423748218e-17,0.2513451191391238,0.03455723542116631
Epidermis 1,rabep1,8.819793,1.2270188,1.1467181858060738e-18,1.3253462676098696e-17,0.4327440430438125,0.22462203023758098
Epidermis 1,slc4a1,8.769043,2.8392444,1.8019069868432646e-18,2.0716234120077384e-17,0.25749423520368947,0.04103671706263499
Epidermis 1,mybpc3,8.764697,4.013821,1.872793317849722e-18,2.150853841515725e-17,0.23520368946963874,0.0183585313174946
Epidermis 1,ganc,8.741128,3.551846,2.3079469554701416e-18,2.6464377569791886e-17,0.24135280553420446,0.024838012958963283
Epidermis 1,parp16,8.689978,2.8251936,3.625119849645834e-18,4.1415570805822906e-17,0.2582628747117602,0.04427645788336933
Epidermis 1,esyt3,8.673562,2.0394115,4.188078533674171e-18,4.7672436976162794e-17,0.30361260568793236,0.09287257019438445
Epidermis 1,arid4b,8.633945,2.1680548,5.927114768511149e-18,6.704798930206417e-17,0.3005380476556495,0.0939524838012959
Epidermis 1,alg5,8.597973,1.0965184,8.113627589663378e-18,9.135576245306738e-17,0.4665641813989239,0.2634989200863931
Epidermis 1,aox1,8.560931,3.353216,1.1195990633667389e-17,1.2554353114966912e-16,0.2490392006149116,0.04103671706263499
Epidermis 1,grasp,8.5329485,1.0256056,1.4266429575216334e-17,1.5923670575999777e-16,0.47732513451191394,0.26997840172786175
Epidermis 1,ddr1,8.490356,1.564206,2.0600436024239586e-17,2.2888091368886556e-16,0.345119139123751,0.13930885529157666
Epidermis 1,ap1m2,8.482867,2.0984907,2.197104522297827e-17,2.4336557249269486e-16,0.2828593389700231,0.07127429805615551
Epidermis 1,smim7,8.475881,1.4163506,2.3330823197429453e-17,2.5816526013747876e-16,0.36587240584166025,0.16198704103671707
Epidermis 1,LOC100487889,8.465049,4.2927165,2.560459512889198e-17,2.82608937940087e-16,0.22213681783243658,0.011879049676025918
Epidermis 1,ube2a,8.457961,1.1218902,2.7209296195696605e-17,3.000172068147022e-16,0.4358186010760953,0.22894168466522677
Epidermis 1,rasa4,8.435394,2.2239661,3.300871029213257e-17,3.626802957122985e-16,0.2767102229054573,0.06911447084233262
Epidermis 1,sec61b,8.415302,1.13288,3.91883465747504e-17,4.297130204058435e-16,0.42198308993082245,0.21274298056155508
Epidermis 1,tgds,8.3898945,2.8153932,4.8658052264528456e-17,5.319475743808995e-16,0.2490392006149116,0.04103671706263499
Epidermis 1,LOC116412462,8.377391,5.810042,5.411403756279573e-17,5.907065601089374e-16,0.212913143735588,0.005399568034557235
Epidermis 1,arfgap3,8.363349,1.713021,6.096241049893578e-17,6.64465913834804e-16,0.3143735588009224,0.1079913606911447
Epidermis 1,larp6,8.35138,3.0433064,6.746958017375102e-17,7.346575394068966e-16,0.24135280553420446,0.03455723542116631
Epidermis 1,lmbrd2,8.345062,1.5558262,7.117648201215155e-17,7.734770985991828e-16,0.3382013835511145,0.13390928725701945
Epidermis 1,gclm,8.343157,1.0607862,7.233335087945788e-17,7.856575657245647e-16,0.4558032282859339,0.25161987041036715
Epidermis 1,tmem43,8.342655,2.2907026,7.26408595907141e-17,7.886050731984937e-16,0.2674865488086088,0.06047516198704104
Epidermis 1,angpt4,8.334799,3.588907,7.763025616926829e-17,8.423519740773761e-16,0.2328977709454266,0.028077753779697623
Epidermis 1,galnt5,8.30929,3.149499,9.627626564005446e-17,1.0415688609477583e-15,0.2382782475019216,0.03347732181425486
Epidermis 1,epha7,8.291872,1.3411876,1.1147967446881676e-16,1.2036605524908711e-15,0.3889315910837817,0.19978401727861772
Epidermis 1,dennd11,8.287793,1.4817835,1.1536862308732966e-16,1.2431894935252447e-15,0.3474250576479631,0.1468682505399568
Epidermis 1,sms,8.274588,3.035369,1.2890054994441677e-16,1.3842218997722039e-15,0.24673328209069947,0.04427645788336933
Epidermis 1,nos2,8.22902,1.5755873,1.8875041411331848e-16,2.017004302824056e-15,0.3374327440430438,0.14146868250539957
Epidermis 1,rffl,8.226112,1.5620033,1.9338823051667805e-16,2.064542357193949e-15,0.32513451191391235,0.11879049676025918
Epidermis 1,smoc1,8.184356,3.272681,2.7376425434149255e-16,2.9055495106934385e-15,0.23597232897770945,0.035637149028077755
Epidermis 1,triqk,8.173925,2.038285,2.985153168386593e-16,3.16208870327009e-15,0.2859338970023059,0.08639308855291576
Epidermis 1,gnpnat1,8.1718855,1.9967386,3.036060885322113e-16,3.2113371099667396e-15,0.28132205995388165,0.07991360691144708
Epidermis 1,dpagt1,8.148383,1.2962223,3.68822038578165e-16,3.887954446287023e-15,0.3727901614142967,0.1717062634989201
Epidermis 1,kdelr3,8.11669,1.5297494,4.790707643044517e-16,5.0355506492714075e-15,0.32744043043812454,0.12526997840172785
Epidermis 1,rassf3,8.105758,1.0160764,5.24177974345458e-16,5.501725626836093e-15,0.47501921598770175,0.2818574514038877
Epidermis 1,maff,8.068113,1.5528259,7.139260112837633e-16,7.46815891285858e-15,0.31898539584934665,0.11879049676025918
Epidermis 1,LOC100497727,8.05678,6.7390876,7.833028224357624e-16,8.17820616668458e-15,0.202152190622598,0.0021598272138228943
Epidermis 1,slc30a6,8.004794,1.3055437,1.1966691809695123e-15,1.2452321505930248e-14,0.3635664873174481,0.1673866090712743
Epidermis 1,LOC100145541,7.9961686,4.7503667,1.2835068400212503e-15,1.3330510593100288e-14,0.2083013066871637,0.01079913606911447
Epidermis 1,ttc22,7.9947977,4.9591246,1.2978666991707503e-15,1.3460432149527065e-14,0.20676402767102228,0.008639308855291577
Epidermis 1,rhoc,7.987309,3.174279,1.379159747356424e-15,1.428995481816929e-14,0.2275172943889316,0.03023758099352052
Epidermis 1,dym,7.9763103,2.8332782,1.5077289088817782e-15,1.5607282979463605e-14,0.23750960799385087,0.04103671706263499
Epidermis 1,tbcd,7.97514,1.4869214,1.5220823856096456e-15,1.5748392478135645e-14,0.3220599538816295,0.12203023758099352
Epidermis 1,snx31,7.960898,4.174524,1.7079508653291916e-15,1.7613041508671214e-14,0.21060722521137587,0.012958963282937365
Epidermis 1,wdr1,7.951938,1.1187335,1.836156499030198e-15,1.8890509648909927e-14,0.39738662567255956,0.19978401727861772
Epidermis 1,atp9a,7.9481273,2.0382955,1.8935230400375856e-15,1.9453185619896494e-14,0.2759415833973866,0.08207343412526998
Epidermis 1,kcnma1,7.9382315,1.4950713,2.0508458858941424e-15,2.1029844020721845e-14,0.3528055342044581,0.16846652267818574
Epidermis 1,gchfr,7.9259953,2.9210305,2.2632613372411796e-15,2.3164458555318847e-14,0.23059185242121444,0.03455723542116631
Epidermis 1,fam20b,7.897712,2.1164775,2.840694358543173e-15,2.893874491025704e-14,0.26671790930053807,0.0734341252699784
Epidermis 1,sdf2,7.89467,1.2391065,2.910849068633602e-15,2.9625763771760176e-14,0.3627978478093774,0.1652267818574514
Epidermis 1,ildr1,7.8913937,1.7365017,2.9883086378688553e-15,3.038577949065065e-14,0.2982321291314374,0.10367170626349892
Epidermis 1,mfsd6l,7.8596334,3.4119883,3.852595764296999e-15,3.8920135265150376e-14,0.21829362029208302,0.023758099352051837
Epidermis 1,col1a2,7.852579,3.9431913,4.075672640171378e-15,4.107863865181508e-14,0.21060722521137587,0.016198704103671708
Epidermis 1,polk,7.849002,3.3111196,4.193608361186088e-15,4.2228300899603885e-14,0.22136817832436587,0.028077753779697623
Epidermis 1,dapk3,7.8087835,1.2418557,5.7742517935796614e-15,5.795765795202474e-14,0.361260568793236,0.1673866090712743
Epidermis 1,mpp1,7.8044376,2.0922036,5.976750292331425e-15,5.99350496916195e-14,0.26518063028439665,0.0734341252699784
Epidermis 1,pitpnm2,7.792569,1.4165338,6.56601560295201e-15,6.569327211004852e-14,0.3635664873174481,0.18142548596112312
Epidermis 1,aldob,7.7823725,2.940069,7.117687657026552e-15,7.114753200365386e-14,0.22444273635664874,0.03023758099352052
Epidermis 1,c3h12orf75,7.7697353,2.1236477,7.865025510773013e-15,7.843817260995334e-14,0.2644119907763259,0.0734341252699784
Epidermis 1,derl1,7.737474,1.7615385,1.0141159765782271e-14,1.0058647602233406e-13,0.2897770945426595,0.10151187904967603
Epidermis 1,vamp8,7.7319574,1.3935724,1.0590527822924745e-14,1.0494818693189866e-13,0.3305149884704074,0.14038876889848811
Epidermis 1,slc27a6,7.7215266,2.1910887,1.1494440024847422e-14,1.1349329220913828e-13,0.2544196771714066,0.06371490280777538
Epidermis 1,tcaf2,7.6885967,4.1924443,1.4875771256137588e-14,1.4654817362536267e-13,0.20599538816295157,0.016198704103671708
Epidermis 1,ggt1,7.6850863,1.9777371,1.528939638314503e-14,1.504871080183165e-13,0.27132974634896234,0.08423326133909287
Epidermis 1,arl1,7.6793694,1.6417681,1.598735908643501e-14,1.5714421739869294e-13,0.2920830130668716,0.10151187904967603
Epidermis 1,slc35a5,7.6610155,1.7449578,1.844687441802237e-14,1.8107478482935949e-13,0.2851652574942352,0.09611231101511879
Epidermis 1,snx33,7.6045494,1.2746803,2.858987015890427e-14,2.791317927236913e-13,0.35818601076095313,0.17494600431965443
Epidermis 1,sec23ip,7.5734577,1.1000254,3.634191250084131e-14,3.5370957746693054e-13,0.39046887009992315,0.20734341252699784
Epidermis 1,rcn1,7.5688777,1.553163,3.764628318985243e-14,3.6624143802308065e-13,0.29362029208301305,0.10475161987041037
Epidermis 1,tnik,7.55263,1.0845786,4.265564574773753e-14,4.1423624648926596e-13,0.40584166026133744,0.22354211663066956
Epidermis 1,sh3bp1,7.545442,3.913228,4.5075646384833124e-14,4.367653995397174e-13,0.2013835511145273,0.014038876889848811
Epidermis 1,selenow2,7.542199,2.5483234,4.621117921724346e-14,4.4756952583198826e-13,0.22982321291314373,0.042116630669546434
Epidermis 1,prss8,7.5235443,2.825431,5.331100454369765e-14,5.147342611274453e-13,0.22059953881629515,0.03347732181425486
Epidermis 1,LOC100145155,7.507664,4.193025,6.019173960344328e-14,5.80143087405802e-13,0.19830899308224442,0.011879049676025918
Epidermis 1,stxbp2,7.4731293,1.9960586,7.830997862763705e-14,7.521135755429877e-13,0.26518063028439665,0.08423326133909287
Epidermis 1,sned1,7.447186,1.7553097,9.535212453395366e-14,9.12578381340089e-13,0.28670253651037664,0.1079913606911447
Epidermis 1,LOC100497570,7.429434,6.1821165,1.0906353296794673e-13,1.0410653337242194e-12,0.18754803996925443,0.0032397408207343412
Epidermis 1,pi4k2a,7.4208417,2.8789346,1.1637823971276425e-13,1.1089474099442047e-12,0.21829362029208302,0.03455723542116631
Epidermis 1,LOC101734651,7.3913884,2.0401547,1.4530342064256915e-13,1.380350867149108e-12,0.2843966179861645,0.11123110151187905
Epidermis 1,LOC100490052,7.3735695,2.1062603,1.661192088865038e-13,1.573301760899479e-12,0.24212144504227517,0.058315334773218146
Epidermis 1,flii,7.3707943,1.0882444,1.696141080297905e-13,1.605704751114125e-12,0.388162951575711,0.20734341252699784
Epidermis 1,mfsd11,7.3188415,1.2748197,2.501206136865336e-13,2.3484861924500213e-12,0.3412759415833974,0.16414686825053995
Epidermis 1,cltb,7.3113194,1.1398166,2.6453176954899896e-13,2.4784661843403634e-12,0.361260568793236,0.17926565874730022
Epidermis 1,LOC100127624,7.2967434,3.9107444,2.948166534368907e-13,2.7562957132161064e-12,0.1960030745580323,0.01511879049676026
Epidermis 1,wdr20,7.287282,1.0330031,3.1627035842208756e-13,2.9543388232570087e-12,0.393543428132206,0.21382289416846653
Epidermis 1,pck2,7.282602,1.9946268,3.2744314748009414e-13,3.057397056552475e-12,0.25057647963105306,0.07127429805615551
Epidermis 1,aak1,7.2195826,1.0506003,5.214731401538502e-13,4.829824020075197e-12,0.39815526518063027,0.22894168466522677
Epidermis 1,ndfip1,7.198855,1.0285234,6.072022872582756e-13,5.600068093940335e-12,0.398923904688701,0.2267818574514039
Epidermis 1,LOC100486003,7.1956124,2.5928009,6.218111296233088e-13,5.732378816861099e-12,0.21829362029208302,0.03995680345572354
Epidermis 1,gmppa,7.1847467,2.8497672,6.733179069283975e-13,6.196739792106521e-12,0.2083013066871637,0.029157667386609073
Epidermis 1,map3k2,7.162983,1.1987456,7.894022109552748e-13,7.2498087732554925e-12,0.3481936971560338,0.17494600431965443
Epidermis 1,fam177b,7.1538224,2.482514,8.439413760655673e-13,7.734416113870955e-12,0.21829362029208302,0.04103671706263499
Epidermis 1,LOC101732279,7.1412187,2.5629194,9.25069585122446e-13,8.467258144696683e-12,0.21598770176787088,0.03779697624190065
Epidermis 1,slc4a4,7.126208,2.845193,1.0317180403700252e-12,9.411839196870535e-12,0.20983858570330516,0.03347732181425486
Epidermis 1,c1galt1c1,7.12574,3.200203,1.0352303911576437e-12,9.439934126807748e-12,0.202152190622598,0.02591792656587473
Epidermis 1,scyl1,7.1120663,1.7804722,1.1431828921017015e-12,1.04025829393458e-11,0.26364335126825517,0.08963282937365011
Epidermis 1,bcat1,7.0905027,2.9398534,1.3362554939891447e-12,1.2139230280739852e-11,0.207532667179093,0.032397408207343416
Epidermis 1,fam83g,7.082078,1.7292995,1.42008611665056e-12,1.2890057883291127e-11,0.27132974634896234,0.09935205183585313
Epidermis 1,LOC100492415,7.0739207,4.9955,1.506163495240601e-12,1.3660013977408626e-11,0.1813989239046887,0.005399568034557235
Epidermis 1,gadl1,7.0613837,5.287728,1.648525374836663e-12,1.492014608225252e-11,0.1813989239046887,0.0064794816414686825
Epidermis 1,tbc1d9,7.05891,2.4099002,1.678138592139682e-12,1.5175574893941155e-11,0.22213681783243658,0.047516198704103674
Epidermis 1,zbtb7b,7.043899,2.112211,1.8693362816421033e-12,1.6876618536082885e-11,0.23136049192928518,0.056155507559395246
Epidermis 1,ap3m2,7.043765,1.1450375,1.8711321499339176e-12,1.6885845592931353e-11,0.34435049961568026,0.1652267818574514
Epidermis 1,memo1,7.0348725,1.6907393,1.9944334745211198e-12,1.7968840977508404e-11,0.2682551883166795,0.09503239740820735
Epidermis 1,LOC100490565,7.0280523,1.1289474,2.094362679619784e-12,1.8845809497725072e-11,0.35818601076095313,0.1900647948164147
Epidermis 1,ift52,7.000237,1.9177822,2.5552954232417016e-12,2.283337486918803e-11,0.24596464258262873,0.07235421166306695
Epidermis 1,LOC100145533,6.967775,5.1989794,3.219926965865731e-12,2.872527650129032e-11,0.17755572636433511,0.004319654427645789
Epidermis 1,mvb12a,6.9556394,2.2266948,3.509669045515057e-12,3.127173876773543e-11,0.22674865488086088,0.0550755939524838
Epidermis 1,cyb5a,6.9333067,1.3068231,4.111150895275833e-12,3.652663830855617e-11,0.3074558032282859,0.13498920086393087
Epidermis 1,LOC733880,6.9171257,4.4718537,4.608984667046836e-12,4.084998148644557e-11,0.1813989239046887,0.009719222462203024
Epidermis 1,lrrc31,6.9155545,4.4036665,4.660364781050043e-12,4.1281577554882375e-11,0.18216756341275941,0.01079913606911447
Epidermis 1,rab3d,6.9102387,3.2659926,4.838379875824549e-12,4.2796225079192335e-11,0.19523443504996157,0.024838012958963283
Epidermis 1,tnk2l,6.903486,1.7831681,5.07417485085108e-12,4.477297590797469e-11,0.25672559569561876,0.08855291576673865
Epidermis 1,itln1,6.8696194,5.2424006,6.437341640263886e-12,5.659517805487439e-11,0.1767870868562644,0.0064794816414686825
Epidermis 1,atp6ap2,6.8404,1.2732471,7.897232018516609e-12,6.912374644045365e-11,0.2982321291314374,0.12419006479481641
Epidermis 1,tnfrsf11a,6.830471,3.56631,8.463637964731916e-12,7.405174179166606e-11,0.19062259800153727,0.02267818574514039
Epidermis 1,rell1,6.823216,1.4563316,8.90245444776105e-12,7.7797540450378e-11,0.28055342044581094,0.11123110151187905
Epidermis 1,atp6ap1.2,6.796872,1.248468,1.0691504180711079e-11,9.32078756401504e-11,0.30899308224442734,0.14038876889848811
Epidermis 1,grb7,6.7921247,2.0770705,1.1049401427126973e-11,9.613596034343607e-11,0.23674096848578016,0.07127429805615551
Epidermis 1,LOC100487727,6.789116,1.2273622,1.1282286536194716e-11,9.812306676217813e-11,0.3259031514219831,0.16198704103671707
Epidermis 1,cog2,6.7863073,1.8503355,1.1503980272209036e-11,9.997146695335459e-11,0.24058416602613375,0.07127429805615551
Epidermis 1,kctd9,6.785672,3.0484698,1.1554713959940419e-11,1.0037237791395696e-10,0.19446579554189086,0.02591792656587473
Epidermis 1,dusp1,6.7834992,1.1915878,1.1729939506390156e-11,1.0185396337801019e-10,0.30899308224442734,0.13606911447084233
Epidermis 1,sec23a,6.763942,2.5751364,1.3428714246280763e-11,1.164195365785032e-10,0.21137586471944658,0.04535637149028078
Epidermis 1,ggt6,6.745588,2.5773115,1.524088696260578e-11,1.317636269457293e-10,0.20599538816295157,0.038876889848812095
Epidermis 1,cog7,6.727735,1.7182614,1.7232423518930075e-11,1.4851055039754073e-10,0.24058416602613375,0.07127429805615551
Epidermis 1,kctd5,6.725094,2.7847302,1.7547909492032172e-11,1.5116973273811053e-10,0.20292083013066872,0.03779697624190065
Epidermis 1,zdhhc20,6.7231884,1.6214434,1.777904413966965e-11,1.530400481939769e-10,0.2759415833973866,0.11663066954643629
Epidermis 1,synj2,6.7180734,2.2288618,1.8414299048620737e-11,1.5832089028366945e-10,0.2167563412759416,0.04967602591792657
Epidermis 1,atp6v0b,6.715098,1.4483662,1.8793995189274792e-11,1.6152176802881656e-10,0.2797847809377402,0.11555075593952484
Epidermis 1,LOC100135371,6.708545,4.5568037,1.9657413021963638e-11,1.6874288338012138e-10,0.1767870868562644,0.01079913606911447
Epidermis 1,unc80,6.6922975,2.107993,2.196936613570601e-11,1.8814503078777112e-10,0.22905457340507301,0.06479481641468683
Epidermis 1,LOC100485319,6.684508,3.4763541,2.3170190714971303e-11,1.9835101278595086e-10,0.186010760953113,0.020518358531317494
Epidermis 1,slc35a2,6.679627,2.1323714,2.3955138922538577e-11,2.049566211617057e-10,0.22213681783243658,0.056155507559395246
Epidermis 1,cd38,6.677019,4.1132426,2.438510313666777e-11,2.083427312236599e-10,0.1767870868562644,0.01079913606911447
Epidermis 1,ano10l,6.666889,4.727765,2.612818830507259e-11,2.229734833809108e-10,0.17371252882398155,0.008639308855291577
Epidermis 1,mbnl2,6.629078,3.282188,3.3778987235076854e-11,2.8702931481955297e-10,0.18831667947732514,0.024838012958963283
Epidermis 1,far1,6.608752,1.0604957,3.8757442641784054e-11,3.2792793946737876e-10,0.35126825518831667,0.1900647948164147
Epidermis 1,bckdha,6.589428,1.4968361,4.415241390097972e-11,3.7285209896798704e-10,0.26364335126825517,0.09935205183585313
Epidermis 1,enc1,6.568567,1.3686205,5.0801893965987105e-11,4.2850720070808065e-10,0.28132205995388165,0.11987041036717062
Epidermis 1,vsig10,6.5455656,2.9860592,5.927062769198819e-11,4.980147735336443e-10,0.18985395849346656,0.028077753779697623
Epidermis 1,arf4,6.5335636,1.0419672,6.422289297185795e-11,5.385886808373991e-10,0.3358954650269024,0.17278617710583152
Epidermis 1,lman2,6.526209,1.0526956,6.745534083847932e-11,5.648284698528232e-10,0.3382013835511145,0.17818574514038876
Epidermis 1,c1galt1,6.50177,1.2793416,7.938038136267178e-11,6.636625677068432e-10,0.2920830130668716,0.13174946004319654
Epidermis 1,akr1c8p,6.487294,4.7823462,8.739164550337769e-11,7.289652509668214e-10,0.16756341275941583,0.0064794816414686825
Epidermis 1,stpg1,6.4869266,1.6008842,8.7605132510095e-11,7.304667927026302e-10,0.24673328209069947,0.08423326133909287
Epidermis 1,mfsd9,6.445638,1.4367782,1.1511500301836566e-10,9.551043653474362e-10,0.2682551883166795,0.1079913606911447
Epidermis 1,copz1,6.4447355,1.4860525,1.1580218668295653e-10,9.604407128881773e-10,0.26287471176018445,0.10367170626349892
Epidermis 1,creld2,6.4414926,2.4319916,1.1830419574533773e-10,9.808190939813886e-10,0.20292083013066872,0.04427645788336933
Epidermis 1,cmpk1,6.422336,1.0327615,1.3419858192039876e-10,1.1100634026099397e-09,0.34973097617217525,0.19330453563714903
Epidermis 1,plpp5,6.410635,1.782074,1.4491463325175477e-10,1.1959841952294026e-09,0.2328977709454266,0.0755939524838013
Epidermis 1,picalml,6.3918467,1.5294691,1.6389438073409726e-10,1.3500714541331584e-09,0.2490392006149116,0.08855291576673865
Epidermis 1,sh3bgrl2,6.383522,2.175242,1.7306071544809886e-10,1.4239660150048888e-09,0.2083013066871637,0.05075593952483801
Epidermis 1,LOC101732464,6.3157225,1.6035112,2.689022811221887e-10,2.190263783638402e-09,0.2482705611068409,0.0939524838012959
Epidermis 1,parp14.2,6.277577,4.9598746,3.438903200032162e-10,2.7896024805911453e-09,0.16218293620292082,0.0064794816414686825
Epidermis 1,LOC100494793,6.276641,1.3631269,3.459661960160459e-10,2.805398871522162e-09,0.2736356648731745,0.12095032397408208
Epidermis 1,sh2d4a,6.230505,2.1515262,4.64934106267353e-10,3.747812018049468e-09,0.207532667179093,0.05399568034557235
Epidermis 1,LOC116408733,6.226259,2.5362468,4.777037244604252e-10,3.8479043822262594e-09,0.1921598770176787,0.038876889848812095
Epidermis 1,dock9,6.209309,1.1430358,5.321800625287109e-10,4.280391133224843e-09,0.31975403535741737,0.17062634989200864
Epidermis 1,pex1,6.180023,1.8333069,6.409224576551303e-10,5.13231888018077e-09,0.22521137586471945,0.0734341252699784
Epidermis 1,prdx4,6.1676197,1.8854548,6.93255555683895e-10,5.541219589955411e-09,0.21598770176787088,0.06263498920086392
Epidermis 1,styk1,6.1536455,2.5292034,7.572188630369283e-10,6.0502646687399525e-09,0.18985395849346656,0.03779697624190065
Epidermis 1,mreg,6.1219854,3.7013109,9.241640403911397e-10,7.343839594091427e-09,0.16910069177555725,0.0183585313174946
Epidermis 1,npdc1.1,6.1186423,2.0511432,9.437593529324196e-10,7.494094920064895e-09,0.20522674865488086,0.05399568034557235
Epidermis 1,abo2,6.1080112,1.7455397,1.0088034547518058e-09,7.996040750504597e-09,0.23443504996156803,0.08531317494600432
Epidermis 1,LOC100489483,6.090025,3.676433,1.1289318561023934e-09,8.92875028343977e-09,0.16448885472713298,0.012958963282937365
Epidermis 1,apip,6.0855117,1.472062,1.1611996440156876e-09,9.177304394084143e-09,0.24212144504227517,0.09071274298056156
Epidermis 1,tmem30b,6.080129,2.7558393,1.200858778460546e-09,9.4804411739463e-09,0.17832436587240585,0.026997840172786176
Epidermis 1,LOC116411481,6.067425,5.917403,1.2997730815568517e-09,1.0250216267673315e-08,0.15372790161414296,0.0032397408207343412
Epidermis 1,galnt3,5.9811378,2.6529796,2.2158450103794524e-09,1.7237773251868105e-08,0.17909300538047657,0.03023758099352052
Epidermis 1,nt5c2,5.9752536,3.172184,2.2973241573839557e-09,1.784617673131908e-08,0.17140661029976942,0.023758099352051837
Epidermis 1,nus1,5.960577,1.0133144,2.5134860515970572e-09,1.9483758128561063e-08,0.3205226748654881,0.17494600431965443
Epidermis 1,rtn1,5.9430923,2.308957,2.7969475309883753e-09,2.1627282804286794e-08,0.1929285165257494,0.04643628509719223
Epidermis 1,edem2,5.9362054,2.8866496,2.916943031196602e-09,2.2523217934798672e-08,0.17140661029976942,0.023758099352051837
Epidermis 1,tbc1d13,5.8698435,1.3647481,4.362069024392857e-09,3.343333620698158e-08,0.2513451191391238,0.10691144708423327
Epidermis 1,nans,5.8620872,3.1317432,4.5708469581929014e-09,3.502122593915987e-08,0.16910069177555725,0.024838012958963283
Epidermis 1,znf850,5.8522916,1.8376411,4.84845106622655e-09,3.708308822857678e-08,0.20522674865488086,0.05939524838012959
Epidermis 1,riok3,5.836913,1.2663611,5.317679160690871e-09,4.0572404533369054e-08,0.26287471176018445,0.11879049676025918
Epidermis 1,gorasp1,5.831932,2.1689918,5.478930176345184e-09,4.1686100201544024e-08,0.18985395849346656,0.04535637149028078
Epidermis 1,krt12.5,5.810201,4.3772407,6.239780239324037e-09,4.742537255391494e-08,0.15526518063028438,0.011879049676025918
Epidermis 1,zfpl1,5.8077607,3.3512616,6.33139225741708e-09,4.809776963066459e-08,0.16218293620292082,0.0183585313174946
Epidermis 1,cops7b,5.8077273,1.2290598,6.3326562553915665e-09,4.809776963066459e-08,0.26287471176018445,0.11879049676025918
Epidermis 1,irf9,5.7110763,3.5046885,1.1226401379740452e-08,8.444374509042275e-08,0.15757109915449655,0.016198704103671708
Epidermis 1,cc2d1a,5.7005787,2.1910315,1.1940149274926334e-08,8.978152905863801e-08,0.18908531898539585,0.04967602591792657
Epidermis 1,nfatc3,5.6746354,1.4908185,1.3898424278739686e-08,1.0425490415482251e-07,0.2275172943889316,0.08747300215982722
Epidermis 1,LOC100488374,5.6663446,1.8275558,1.4587612436781607e-08,1.0919941371629896e-07,0.19907763259031513,0.058315334773218146
Epidermis 1,LOC100497855,5.6656756,3.923773,1.4644616475493249e-08,1.0958853776122708e-07,0.15142198308993082,0.01079913606911447
Epidermis 1,hspa13,5.6209106,1.1834003,1.899534055420637e-08,1.4156329447859878e-07,0.2674865488086088,0.12958963282937366
Epidermis 1,rab11fip2,5.6104465,1.1660974,2.0180513259561035e-08,1.5013944078993567e-07,0.2590315142198309,0.11771058315334773
Epidermis 1,dnah14,5.560934,1.3511357,2.68334349699812e-08,1.988225414193412e-07,0.25518831667947733,0.12311015118790497
Epidermis 1,nr3c2,5.55719,2.0241556,2.741525185015738e-08,2.0299566020437196e-07,0.19446579554189086,0.058315334773218146
Epidermis 1,ccdc18,5.5567884,1.6231568,2.7478310595919534e-08,2.0339356021491187e-07,0.21445042275172943,0.07667386609071274
Epidermis 1,tmed4,5.5505705,2.5629346,2.8473906434149047e-08,2.1054866563861958e-07,0.1706379707916987,0.03347732181425486
Epidermis 1,dbf4b,5.544018,1.0197232,2.9560884790037704e-08,2.1814273486757277e-07,0.2997694081475788,0.16630669546436286
Epidermis 1,LOC116410227,5.5259314,3.0913086,3.277425880005308e-08,2.411217468900736e-07,0.15757109915449655,0.020518358531317494
Epidermis 1,kdf1,5.450309,1.1188958,5.0282491087215615e-08,3.6708405420345664e-07,0.26671790930053807,0.1306695464362851
Epidermis 1,inpp5a.2,5.4120626,1.308019,6.230286458177272e-08,4.5241624227582775e-07,0.22674865488086088,0.08855291576673865
Epidermis 1,dse,5.368334,1.4110854,7.946728915089263e-08,5.732415591939267e-07,0.22598001537279017,0.0939524838012959
Epidermis 1,glb1l2,5.3614135,3.401631,8.257320369801162e-08,5.948596493543452e-07,0.14834742505764797,0.01511879049676026
Epidermis 1,surf4.1,5.3604107,2.2716594,8.303297710078082e-08,5.979744532396497e-07,0.1706379707916987,0.03779697624190065
Epidermis 1,amot,5.3296533,1.6702793,9.840033451778985e-08,7.044598751682062e-07,0.19830899308224442,0.06587473002159827
Epidermis 1,dagla,5.3151774,1.1989768,1.0655338689248346e-07,7.610806727924326e-07,0.25057647963105306,0.11987041036717062
Epidermis 1,axl,5.3047805,1.153814,1.1280879824857748e-07,8.041818969559651e-07,0.26594926979246736,0.13714902807775378
Epidermis 1,clpx,5.3034096,1.8077141,1.1365952203011534e-07,8.099818518024647e-07,0.18908531898539585,0.05723542116630669
Epidermis 1,mroh1,5.274224,1.7225873,1.3331923456378355e-07,9.473002336100034e-07,0.19446579554189086,0.06371490280777538
Epidermis 1,tnk2,5.272987,3.6414561,1.3422130137957847e-07,9.530891693471467e-07,0.14373558800922367,0.012958963282937365
Epidermis 1,fpgs,5.2704124,1.100293,1.3611754355137595e-07,9.65925501734821e-07,0.2521137586471945,0.11987041036717062
Epidermis 1,b3gnt2,5.2631245,1.8086936,1.4162773346188377e-07,1.0037215887858935e-06,0.18908531898539585,0.05939524838012959
Epidermis 1,sertad4,5.2538304,1.3194027,1.489681431443825e-07,1.054373613867522e-06,0.22598001537279017,0.0939524838012959
Epidermis 1,csk,5.2451715,1.1457024,1.5613703192820835e-07,1.1040395896647551e-06,0.2544196771714066,0.12419006479481641
Epidermis 1,nr3c1,5.212375,1.2716454,1.8643823355881812e-07,1.3131919607769431e-06,0.23136049192928518,0.10151187904967603
Epidermis 1,LOC100170429,5.205321,3.8044877,1.9366168958986582e-07,1.3627512829862824e-06,0.13912375096079937,0.009719222462203024
Epidermis 1,LOC100496167,5.2026796,2.3542862,1.9643520412361524e-07,1.3818222402261149e-06,0.1652574942352037,0.0367170626349892
Epidermis 1,rmc1,5.1835904,2.0577974,2.1765484918678827e-07,1.527153203892253e-06,0.17755572636433511,0.04967602591792657
Epidermis 1,LOC100493256,5.157313,5.3624473,2.5051898005703306e-07,1.7504241638887348e-06,0.13220599538816294,0.004319654427645789
Epidermis 1,atp7b,5.1403966,3.2077127,2.741594038837051e-07,1.911931080903269e-06,0.14219830899308225,0.014038876889848811
Epidermis 1,bag4,5.108904,1.3320646,3.2403337017733484e-07,2.248960614071127e-06,0.2175249807840123,0.091792656587473
Epidermis 1,krt18.3,5.099309,2.5979273,3.4089595540685357e-07,2.360739651835275e-06,0.15295926210607225,0.02591792656587473
Epidermis 1,itln2,5.0689864,5.488174,3.999401093591425e-07,2.759991501051818e-06,0.1299000768639508,0.004319654427645789
Epidermis 1,camkk1,5.066245,4.522008,4.05739963407522e-07,2.799131122831343e-06,0.13220599538816294,0.0064794816414686825
Epidermis 1,arid5b,5.061631,1.2945558,4.156843742121073e-07,2.8659237692519407e-06,0.2436587240584166,0.12095032397408208
Epidermis 1,muc22,5.0377946,1.6446997,4.7092677833110715e-07,3.2335095122602545e-06,0.18831667947732514,0.06263498920086392
Epidermis 1,mapk13,5.0287347,1.6158456,4.937275874008615e-07,3.3858044263589556e-06,0.20061491160645656,0.07775377969762419
Epidermis 1,ttc13,5.017234,1.660069,5.24207247404377e-07,3.5903095874484975e-06,0.18524212144504226,0.06047516198704104
Epidermis 1,chst4,5.0147266,2.7220683,5.310894244095152e-07,3.634655836461654e-06,0.1491160645657187,0.024838012958963283
Epidermis 1,fam221a,5.0020895,1.3665179,5.671229152654528e-07,3.875724752272923e-06,0.2121445042275173,0.08855291576673865
Epidermis 1,acaca,4.9898534,1.0566397,6.042515096896426e-07,4.123005688848559e-06,0.27056110684089163,0.1511879049676026
Epidermis 1,b3gnt5,4.971967,4.530668,6.627686432156376e-07,4.511002671119286e-06,0.13066871637202152,0.00755939524838013
Epidermis 1,sft2d1,4.9561543,2.2206461,7.190217663722549e-07,4.883216297544032e-06,0.15526518063028438,0.03131749460043196
Epidermis 1,rfx1,4.9160028,2.3579073,8.832920555875463e-07,5.967280478320695e-06,0.15757109915449655,0.0367170626349892
Epidermis 1,sowaha,4.87428,1.8499752,1.0920609698051826e-06,7.352626480135418e-06,0.1706379707916987,0.04967602591792657
Epidermis 1,adamtsl5,4.8606396,2.3466036,1.1700704427562102e-06,7.863291386320684e-06,0.15142198308993082,0.03023758099352052
Epidermis 1,alg12,4.8584332,1.882776,1.183183147279145e-06,7.948965349993294e-06,0.16679477325134512,0.04535637149028078
Epidermis 1,gdpd3,4.8523154,1.9816209,1.220284801184337e-06,8.180594361487995e-06,0.16295157571099156,0.042116630669546434
Epidermis 1,gas2l1,4.8214912,3.3592262,1.4248905611979163e-06,9.517152413804632e-06,0.13528055342044581,0.016198704103671708
Epidermis 1,cyp2d6,4.82002,5.242873,1.435437320810312e-06,9.575872142281206e-06,0.12298232129131437,0.0032397408207343412
Epidermis 1,ankrd22,4.8172455,4.4642606,1.4555370544955132e-06,9.706990851511796e-06,0.12605687932359724,0.0064794816414686825
Epidermis 1,trac,4.813033,2.8362076,1.4865680167758543e-06,9.910907636439328e-06,0.1398923904688701,0.020518358531317494
Epidermis 1,cacna1b,4.7827773,1.421757,1.7288973564344364e-06,1.1479326600720191e-05,0.191391237509608,0.07127429805615551
Epidermis 1,dnajc13,4.781674,1.0691206,1.7384149065943808e-06,1.1537089926032842e-05,0.23520368946963874,0.11663066954643629
Epidermis 1,cdkl5,4.757436,2.4111595,1.960674555085609e-06,1.298054595464899e-05,0.1491160645657187,0.03131749460043196
Epidermis 1,sars1,4.7348027,1.0361603,2.192683513426888e-06,1.4472639729730225e-05,0.24058416602613375,0.12419006479481641
Epidermis 1,slc3a2,4.723904,2.2462547,2.313597736775486e-06,1.5252270759570357e-05,0.1498847040737894,0.032397408207343416
Epidermis 1,baiap2,4.7047477,1.9684253,2.541803167949092e-06,1.6711264515762924e-05,0.1660261337432744,0.05075593952483801
Epidermis 1,ssh1,4.7005687,2.4828646,2.59438140381744e-06,1.702895226745812e-05,0.1498847040737894,0.03455723542116631
Epidermis 1,srgap3,4.68733,1.1712013,2.767930119615898e-06,1.812151309335089e-05,0.21598770176787088,0.09935205183585313
Epidermis 1,chid1,4.6800413,2.3495328,2.8681689665365426e-06,1.874964500263448e-05,0.1498847040737894,0.03455723542116631
Epidermis 1,slc2a12,4.6739235,4.517894,2.9549949292530145e-06,1.926529559343592e-05,0.12144504227517294,0.005399568034557235
Epidermis 1,LOC548809,4.670012,3.933247,3.011822156379068e-06,1.962139335894927e-05,0.1245196003074558,0.008639308855291577
Epidermis 1,arrdc1,4.640291,1.5453593,3.4791866200048847e-06,2.258159763091213e-05,0.18293620292083013,0.06803455723542116
Epidermis 1,unc50,4.6257815,2.0092466,3.7318808362687493e-06,2.416420526059952e-05,0.15987701767870868,0.04643628509719223
Epidermis 1,LOC100488748,4.610403,4.423391,4.018888016866149e-06,2.596096963174548e-05,0.11990776325903152,0.005399568034557235
Epidermis 1,galk1,4.60589,2.5906944,4.10705691012347e-06,2.650697688133814e-05,0.1398923904688701,0.02591792656587473
Epidermis 1,fam214a,4.5983343,1.5096791,4.258822109005418e-06,2.743777893138684e-05,0.1929285165257494,0.08099352051835854
Epidermis 1,wnt10a,4.579412,1.9477533,4.66285021829412e-06,2.9978802184265167e-05,0.16679477325134512,0.0550755939524838
Epidermis 1,dctn4,4.577406,1.0744843,4.707771106063684e-06,3.0249786014551133e-05,0.22521137586471945,0.1101511879049676
Epidermis 1,syvn1,4.5512958,1.5479411,5.331651138200354e-06,3.421822337843233e-05,0.17986164488854728,0.06803455723542116
Epidermis 1,trpv4l.3,4.5456457,1.8428499,5.476704354748162e-06,3.5097552342132053e-05,0.16372021521906227,0.05183585313174946
Epidermis 1,psen2,4.5451446,1.1005334,5.489759877987596e-06,3.5170889693942254e-05,0.21829362029208302,0.10367170626349892
Epidermis 1,borcs5,4.5434394,2.1857338,5.5343718820735785e-06,3.543589461230268e-05,0.1445042275172944,0.03131749460043196
Epidermis 1,commd1,4.542704,2.4628057,5.553723234715786e-06,3.553894272866075e-05,0.13604919292851653,0.02267818574514039
Epidermis 1,dedd2,4.5306683,1.0961313,5.879734147830506e-06,3.758104242525175e-05,0.22213681783243658,0.11123110151187905
Epidermis 1,itgb6,4.5202713,3.258412,6.176045699289508e-06,3.9405699767308877e-05,0.12605687932359724,0.014038876889848811
Epidermis 1,fam83a,4.515992,5.436422,6.302105705899154e-06,4.018651332800276e-05,0.11529592621060722,0.0032397408207343412
Epidermis 1,rab3gap2,4.5009475,1.820268,6.765115990499055e-06,4.3050917477013677e-05,0.15833973866256726,0.04643628509719223
Epidermis 1,sec22b,4.470525,1.1383058,7.802789591950311e-06,4.933777794434881e-05,0.20676402767102228,0.0939524838012959
Epidermis 1,slc12a8,4.467215,1.8527961,7.924445759924009e-06,5.007799911013664e-05,0.15449654112221367,0.04319654427645788
Epidermis 1,mxd1,4.4567842,1.5371825,8.319821951206882e-06,5.2515717326377023e-05,0.16679477325134512,0.0550755939524838
Epidermis 1,LOC105947542,4.4361234,3.0316207,9.159329443835735e-06,5.7664664683767914e-05,0.1245196003074558,0.014038876889848811
Epidermis 1,adipor1,4.429003,1.2588537,9.466988859245238e-06,5.956723295778268e-05,0.18831667947732514,0.07667386609071274
Epidermis 1,chst10,4.4190063,1.950529,9.915566724072467e-06,6.228197509671424e-05,0.1491160645657187,0.038876889848812095
Epidermis 1,sphk1,4.416566,3.2276092,1.0028130041518037e-05,6.296250201651717e-05,0.12375096079938509,0.014038876889848811
Epidermis 1,yipf3,4.3740745,1.3497397,1.2194887202094789e-05,7.631334489157165e-05,0.180630284396618,0.07127429805615551
Epidermis 1,dmpk,4.3684244,3.067154,1.2514618900193936e-05,7.824684785705785e-05,0.12375096079938509,0.01511879049676026
Epidermis 1,lpcat2,4.3679895,2.950351,1.253954219426217e-05,7.838022063047689e-05,0.12836279784780938,0.020518358531317494
Epidermis 1,spast,4.35231,1.2122308,1.3471048557147998e-05,8.389033977326668e-05,0.19984627209838585,0.091792656587473
Epidermis 1,rab27b,4.3452563,4.0026507,1.3911326994706312e-05,8.655804572326387e-05,0.11452728670253651,0.0064794816414686825
Epidermis 1,hbp1,4.345189,3.0727005,1.391556518630159e-05,8.655973430167816e-05,0.12298232129131437,0.01511879049676026
Epidermis 1,rabac1,4.335026,1.3831795,1.4574290694924452e-05,9.047669907651394e-05,0.17448116833205227,0.06587473002159827
Epidermis 1,vkorc1,4.323191,1.7339671,1.537883773150835e-05,9.533568697137605e-05,0.15526518063028438,0.047516198704103674
Epidermis 1,phldb3,4.2993546,1.2970514,1.712964264589067e-05,0.00010591837125984142,0.191391237509608,0.08531317494600432
Epidermis 1,galnt12,4.253854,2.412845,2.1012258077517152e-05,0.00012933948759083266,0.1299000768639508,0.023758099352051837
Epidermis 1,tmem184c,4.237472,3.9082284,2.2605041334311897e-05,0.0001387913919403545,0.1137586471944658,0.008639308855291577
Epidermis 1,sema4g,4.2040405,1.137084,2.6219204788136313e-05,0.00015994667813305075,0.20368946963873943,0.10043196544276457
Epidermis 1,slc2a10,4.1824436,3.281173,2.8839263457818715e-05,0.00017529291585322064,0.1191391237509608,0.016198704103671708
Epidermis 1,ano1,4.1805716,2.6726596,2.907775199225602e-05,0.0001766441052959406,0.12528823981552653,0.02159827213822894
Epidermis 1,acad11,4.1796355,1.5460013,2.919769811380539e-05,0.00017727405969430925,0.1606456571867794,0.056155507559395246
Epidermis 1,htatip2,4.160579,1.188973,3.174415087440253e-05,0.0001922534322038128,0.1813989239046887,0.07667386609071274
Epidermis 1,hebp1,4.1431947,3.0959606,3.425009324018385e-05,0.00020702805667425258,0.11606456571867795,0.012958963282937365
Epidermis 1,selenoi,4.13477,1.1614127,3.553104549421421e-05,0.00021447384335525541,0.19523443504996157,0.09287257019438445
Epidermis 1,slc25a39,4.131527,1.2548512,3.603613183907839e-05,0.00021725381973097376,0.17832436587240585,0.0755939524838013
Epidermis 1,traf3ip3,4.1296883,2.4872732,3.632554206285871e-05,0.00021890628372097208,0.1245196003074558,0.02159827213822894
Epidermis 1,alg11,4.1253085,1.5355744,3.702377843156022e-05,0.00022280636214977263,0.15987701767870868,0.05723542116630669
Epidermis 1,mall,4.1144433,3.9082382,3.8811476069988076e-05,0.00023292222753663636,0.11068408916218293,0.008639308855291577
Epidermis 1,pigg,4.110064,2.0170996,3.955497294185745e-05,0.00023725372857731484,0.13681783243658724,0.03455723542116631
Epidermis 1,cul9,4.0919437,1.7005041,4.277722429984597e-05,0.0002558776895413758,0.1498847040737894,0.04859611231101512
Epidermis 1,LOC100495980,4.0626245,2.3405085,4.8524110512609885e-05,0.00028843492658557895,0.13604919292851653,0.0367170626349892
Epidermis 1,LOC100498107,4.0574756,3.3853374,4.960596965456203e-05,0.00029446459843095706,0.11452728670253651,0.014038876889848811
Epidermis 1,mpzl3,4.036113,1.5871279,5.4344082792726884e-05,0.00032136645816262694,0.15142198308993082,0.05075593952483801
Epidermis 1,prkca,4.0228405,2.505844,5.750044839783763e-05,0.00033916093599094444,0.12144504227517294,0.02159827213822894
Epidermis 1,LOC100486607,4.0226398,1.6947128,5.754945768226609e-05,0.0003393101097229744,0.14681014604150652,0.047516198704103674
Epidermis 1,yipf5,3.9940224,1.001434,6.496174875400817e-05,0.0003812615168265767,0.196771714066103,0.09611231101511879
Epidermis 1,bicdl2,3.9835248,5.1150045,6.790059930563935e-05,0.0003976540465508202,0.10299769408147579,0.004319654427645789
Epidermis 1,papss2,3.9726593,1.1773286,7.107463538123866e-05,0.0004154619926745269,0.18524212144504226,0.08639308855291576
Epidermis 1,zc3h12a,3.9685807,3.9400878,7.23019561054878e-05,0.0004221838330687315,0.10607225211375865,0.00755939524838013
Epidermis 1,slc41a3,3.9384587,4.605875,8.200668448618099e-05,0.00047706421278937756,0.10299769408147579,0.005399568034557235
Epidermis 1,gulp1,3.9380577,1.4843348,8.214388418237086e-05,0.00047773499380157635,0.16218293620292082,0.06479481641468683
Epidermis 1,agr2,3.9327419,1.4594582,8.398238380656938e-05,0.0004880371763097605,0.15833973866256726,0.05939524838012959
Epidermis 1,fam98a,3.8832295,1.7862056,0.00010307817548085771,0.0005942586174815842,0.1337432744043044,0.0367170626349892
Epidermis 1,rps6kc1,3.8736012,1.8131161,0.00010723884506896186,0.0006174297726252815,0.1345119139123751,0.03779697624190065
Epidermis 1,exoc7,3.8269973,2.7921724,0.0001297159030675516,0.0007431164927374753,0.11299000768639508,0.0183585313174946
Epidermis 1,tlcd4.2,3.8205116,3.45252,0.00013317513658830552,0.0007621334003392119,0.1037663335895465,0.008639308855291577
Epidermis 1,c4bpa,3.7774181,1.9516139,0.00015846258668598452,0.0009025873411837295,0.12759415833973867,0.03347732181425486
Epidermis 1,gusb,3.7712667,2.1448445,0.00016242098950440615,0.0009236873630376979,0.1245196003074558,0.03131749460043196
Epidermis 1,nt5c3a,3.7711663,2.1628547,0.0001624862929469528,0.0009238179776955333,0.11990776325903152,0.02591792656587473
Epidermis 1,vps9d1,3.7710326,1.1113417,0.0001625734026342264,0.0009240724717065522,0.17294388931591084,0.07775377969762419
Epidermis 1,gramd1c,3.7353275,1.954853,0.000187471011756571,0.0010603434286003462,0.12836279784780938,0.035637149028077755
Epidermis 1,txlnb,3.7342243,1.9944868,0.00018829462583718013,0.0010644500078738621,0.13528055342044581,0.04427645788336933
Epidermis 1,ostc,3.727471,1.3282508,0.0001934107346853175,0.0010916750236855438,0.15757109915449655,0.06479481641468683
Epidermis 1,ppara,3.7250974,1.7784517,0.00019523979047239549,0.0011014290247926945,0.1345119139123751,0.042116630669546434
Epidermis 1,tnxb,3.7188122,4.487208,0.00020016173324532088,0.0011283206357907897,0.09761721752498079,0.005399568034557235
Epidermis 1,pparg,3.7174082,5.2929206,0.0002012771332611651,0.0011343151665526559,0.09454265949269793,0.0021598272138228943
Epidermis 1,chmp2b,3.7163718,1.2726684,0.0002021041474026093,0.001138681797178502,0.15142198308993082,0.05723542116630669
Epidermis 1,mgat1,3.7103207,2.797784,0.00020699692804889834,0.0011647447052488423,0.10914681014604151,0.017278617710583154
Epidermis 1,sec14l3,3.7091172,3.3627744,0.00020798324941201298,0.001169992906785134,0.1037663335895465,0.011879049676025918
Epidermis 1,cldn23,3.681703,3.6123412,0.0002316811634263599,0.001297616701007854,0.09915449654112221,0.00755939524838013
Epidermis 1,tmem167b,3.6478033,1.2045358,0.00026449202490835767,0.001477593567722804,0.1506533435818601,0.058315334773218146
Epidermis 1,tom1l2,3.6446607,1.0326198,0.00026774480549834916,0.0014953824931608593,0.18908531898539585,0.09935205183585313
Epidermis 1,scarb2,3.6042752,2.039078,0.00031302529689205985,0.0017393748417320188,0.12067640276710223,0.03131749460043196
Epidermis 1,alpk1,3.6023362,1.4144217,0.00031537022166405314,0.0017515127531003572,0.14834742505764797,0.05939524838012959
Epidermis 1,bak1,3.5817757,1.5064478,0.000341266867468412,0.0018890878526200451,0.1445042275172944,0.056155507559395246
Epidermis 1,LOC100491712,3.5690048,4.556211,0.000358340025890677,0.0019785773544940444,0.09377401998462721,0.005399568034557235
Epidermis 1,napa,3.5642574,1.3526982,0.00036488779120069404,0.0020137118087481904,0.13912375096079937,0.04967602591792657
Epidermis 1,hivep2,3.5621846,3.213784,0.0003677816150570212,0.0020281431948848266,0.0983858570330515,0.009719222462203024
Epidermis 1,glipr2,3.5555985,2.2206705,0.0003771195428650242,0.0020780620062771952,0.11222136817832437,0.023758099352051837
Epidermis 1,stoml1,3.5526567,1.1033351,0.0003813620052514552,0.002100378676575468,0.17294388931591084,0.08423326133909287
Epidermis 1,yipf1,3.538682,2.9224956,0.00040212981714989374,0.00221196741619053,0.1037663335895465,0.016198704103671708
Epidermis 1,fam72a,3.5325305,1.4633198,0.0004116024970240316,0.0022623622386804517,0.14066102997694083,0.052915766738660906
Epidermis 1,dock10,3.5128727,3.8636174,0.00044328964275837786,0.0024273584177241063,0.09377401998462721,0.0064794816414686825
Epidermis 1,sfmbt1,3.489036,1.0964404,0.00048476590552692136,0.0026504827924086574,0.16448885472713298,0.07667386609071274
Epidermis 1,arap1,3.482751,1.5543352,0.00049629009368764,0.0027087409040415194,0.13681783243658724,0.05075593952483801
Epidermis 1,taldo1,3.4700801,1.87111,0.0005203030181881875,0.002835547492478631,0.12836279784780938,0.04319654427645788
Epidermis 1,mindy4b,3.4670045,4.8727765,0.0005262931546949272,0.0028667605912626073,0.0883935434281322,0.0021598272138228943
Epidermis 1,tspan3,3.4662356,1.4678131,0.0005278006983081982,0.002873537684077643,0.13681783243658724,0.05075593952483801
Epidermis 1,inpp5d,3.4651322,1.7550817,0.000529970725802552,0.0028846323790814384,0.1191391237509608,0.032397408207343416
Epidermis 1,cdk5rap3,3.4497538,1.4109159,0.0005610982553177398,0.0030449452945258393,0.13758647194465795,0.05183585313174946
Epidermis 1,LOC100489718,3.4485836,3.3596227,0.0005635350432497229,0.0030566488140075076,0.09531129900076864,0.009719222462203024
Epidermis 1,sapcd1,3.433974,3.5833364,0.0005948014457511094,0.0032190382806882335,0.09377401998462721,0.008639308855291577
Epidermis 1,scin,3.4314332,3.2314873,0.0006004012058839602,0.003246123566301758,0.09607993850883935,0.01079913606911447
Epidermis 1,impact,3.4192975,1.1397762,0.0006278307143027608,0.0033893849620981057,0.1660261337432744,0.08099352051835854
Epidermis 1,lrrk1,3.3980348,1.499743,0.0006787178691678364,0.0036487564974405904,0.13297463489623368,0.04859611231101512
Epidermis 1,sgk3,3.3892088,2.07979,0.0007009460956722967,0.0037636182956853315,0.11683320522674866,0.03347732181425486
Epidermis 1,sprtn,3.3829236,1.3688897,0.0007171856697289156,0.0038460822067227004,0.14066102997694083,0.05723542116630669
Epidermis 1,LOC101731452,3.372961,4.0185027,0.0007436448600933656,0.003982104169839835,0.08916218293620293,0.005399568034557235
Epidermis 1,LOC100145277,3.36808,2.5791714,0.0007569363895337813,0.00404831101863153,0.09992313604919292,0.016198704103671708
Epidermis 1,arhgap11a.2,3.3607583,2.7432647,0.0007772878104752007,0.004152067885527382,0.09761721752498079,0.014038876889848811
Epidermis 1,cnfn.1,3.348957,3.6392918,0.0008111638045483678,0.004324555430991921,0.09069946195234435,0.00755939524838013
Epidermis 1,LOC116408858,3.3354506,4.6432724,0.0008516128582251552,0.004529135798033417,0.08608762490392007,0.0032397408207343412
Epidermis 1,LOC100494900,3.2990434,1.5451595,0.0009701489939651755,0.005123335236523256,0.11760184473481937,0.03455723542116631
Epidermis 1,prkd3,3.2687209,4.3569503,0.0010803482847746503,0.0056805493788114805,0.08455034588777863,0.0032397408207343412
Epidermis 1,serinc2,3.2542448,1.4668124,0.001136942160230446,0.005959455891998214,0.13220599538816294,0.05183585313174946
Epidermis 1,pofut2,3.2453187,1.0606855,0.0011731926829424354,0.006140618262050104,0.1614142966948501,0.08099352051835854
Epidermis 1,eef2k,3.240705,1.3734754,0.0011923448025204083,0.0062378700397501385,0.13143735588009223,0.05075593952483801
Epidermis 1,tmem248,3.2088447,2.036108,0.0013326949291937963,0.006937198485195093,0.10760953112990007,0.028077753779697623
Epidermis 1,adap1,3.2075074,1.9956143,0.0013389064003603178,0.006967869440081683,0.1037663335895465,0.023758099352051837
Epidermis 1,bach1,3.1495702,2.3320596,0.0016351084515073833,0.008413039735992127,0.09684857801691008,0.0183585313174946
Epidermis 1,wee2,3.1484334,2.359182,0.0016414808057342684,0.008443836082491154,0.09761721752498079,0.019438444924406047
Epidermis 1,nsun6,3.1466281,1.2800317,0.0016516485900453283,0.008490135190430886,0.13758647194465795,0.05939524838012959
Epidermis 1,tmem18,3.1344256,1.0362301,0.0017219092486442877,0.008836731353402398,0.1491160645657187,0.07019438444924406
Epidermis 1,hes5.10,3.1335897,2.589314,0.001726820791878098,0.008857770686312171,0.09761721752498079,0.020518358531317494
Epidermis 1,dhdds,3.1275053,1.1161804,0.0017629669488567136,0.009028327104201444,0.14219830899308225,0.06371490280777538
Epidermis 1,LOC101734060,3.087755,3.3245237,0.00201674744450941,0.010255672843340927,0.08531898539584935,0.008639308855291577
Epidermis 1,atp13a4,3.070738,1.8239467,0.0021353033974877756,0.010818308668813734,0.11452728670253651,0.038876889848812095
Epidermis 1,atp12a,3.0662582,4.1008196,0.0021675599249165968,0.010974089355360803,0.08147578785549578,0.005399568034557235
Epidermis 1,pacs1,3.0563624,1.4447125,0.002240402250916658,0.011324488653521517,0.11760184473481937,0.04103671706263499
Epidermis 1,myo1f,3.0329268,3.5162127,0.0024219431135526345,0.012209534717643283,0.08378170637970792,0.008639308855291577
Epidermis 1,slc9a2,3.0301185,4.202444,0.002444577465019513,0.01231089888395818,0.08147578785549578,0.0064794816414686825
Epidermis 1,ehbp1l1,3.027277,3.619294,0.0024676781726451964,0.012418635932954527,0.08455034588777863,0.009719222462203024
Epidermis 1,tbc1d16,3.020156,2.0861282,0.0025264459173294546,0.012705594920960137,0.09684857801691008,0.02159827213822894
Epidermis 1,etnk1,2.994079,1.649248,0.0027527451186291057,0.013783306845710353,0.10914681014604151,0.03455723542116631
Epidermis 1,smim14,2.983314,1.6845386,0.0028514515587410106,0.014254644779676424,0.11145272867025365,0.03779697624190065
Epidermis 1,nbr1,2.9768617,1.4043362,0.0029121522969300486,0.014531460158086118,0.12144504227517294,0.047516198704103674
Epidermis 1,LOC100492758,2.9591765,1.2950636,0.0030846244205190035,0.015332480519395257,0.13220599538816294,0.05939524838012959
Epidermis 1,mtmr9,2.9585078,1.3685493,0.0030913241910412123,0.015358785330762818,0.12605687932359724,0.052915766738660906
Epidermis 1,cry2,2.928486,2.733922,0.0034061705916397147,0.0168463391840821,0.08762490392006149,0.01511879049676026
Epidermis 1,per2,2.9109344,1.043416,0.0036034961606847327,0.01777795381467365,0.14373558800922367,0.07127429805615551
Epidermis 1,LOC100495056,2.9056523,2.094584,0.0036648852936829743,0.018068563486998687,0.09684857801691008,0.024838012958963283
Epidermis 1,LOC594905,2.8789403,3.5160115,0.0039901389283678885,0.019588036345537838,0.07993850883935434,0.008639308855291577
Epidermis 1,ovol1,2.8688438,2.2681782,0.004119750775359955,0.020183448960289535,0.09069946195234435,0.019438444924406047
Epidermis 1,smtnl2,2.8661695,1.1468444,0.0041547192128334855,0.020327382946914684,0.1299000768639508,0.058315334773218146
Epidermis 1,krt80,2.8605194,3.7236845,0.004229476895876305,0.02066996984208664,0.07840122982321292,0.00755939524838013
Epidermis 1,laptm4a,2.8583798,1.2571806,0.004258104536678523,0.020786599350081,0.12298232129131437,0.05183585313174946
Epidermis 1,adgrg4,2.854535,5.2164283,0.004309986759061003,0.021021059693667892,0.0730207532667179,0.0021598272138228943
Epidermis 1,sh2d3c,2.848417,1.4743849,0.004393729833761106,0.021410357012617485,0.1137586471944658,0.04319654427645788
Epidermis 1,rfk,2.8481832,1.8591316,0.004396962210356539,0.02142132449033044,0.09684857801691008,0.02591792656587473
Epidermis 1,vav1,2.8366492,1.749111,0.0045589681811172315,0.022175935060222716,0.09684857801691008,0.02591792656587473
Epidermis 1,LOC101734693,2.834175,3.2530158,0.0045944138131184505,0.022343370585259127,0.07993850883935434,0.009719222462203024
Epidermis 1,serp1,2.814484,1.5815265,0.004885562596796429,0.023690635872154416,0.10069177555726365,0.03023758099352052
Epidermis 1,LOC100491461,2.8113413,1.2659322,0.004933542064767687,0.023886137429619633,0.11683320522674866,0.04643628509719223
Epidermis 1,cdr2,2.8081987,1.1191392,0.004981947302947137,0.02410445057596662,0.1245196003074558,0.05399568034557235
Epidermis 1,drd4,2.801245,2.977827,0.005090586670805638,0.02458103380032083,0.07840122982321292,0.008639308855291577
Epidermis 1,LOC100491133,2.7866018,2.5514827,0.0053263880861994265,0.025668532338550726,0.08224442736356649,0.012958963282937365
Epidermis 1,macc1,2.7853315,2.8823135,0.005347303696653588,0.025757950102577913,0.07993850883935434,0.01079913606911447
Epidermis 1,cdhr3,2.7616618,1.3671517,0.005750802224788386,0.027598032845196255,0.1137586471944658,0.04535637149028078
Epidermis 1,mid1ip1,2.7441435,2.5041456,0.006066900613163207,0.02901289464822142,0.08224442736356649,0.014038876889848811
Epidermis 1,dnaja4.2,2.7425053,1.4804642,0.006097245277752088,0.029138850023177468,0.1137586471944658,0.04643628509719223
Epidermis 1,tmcc1,2.740767,1.317816,0.006129597229577939,0.02927422655868247,0.1137586471944658,0.04535637149028078
Epidermis 1,LOC116408024,2.7317739,1.0577002,0.006299437721114443,0.03006562347166191,0.1291314373558801,0.06047516198704104
Epidermis 1,c1orf116,2.7296677,3.3700874,0.006339821669262106,0.030238524293982164,0.07532667179093006,0.00755939524838013
Epidermis 1,fance,2.7202065,1.1774992,0.006524117868383641,0.03108357554716145,0.12605687932359724,0.058315334773218146
Epidermis 1,eml3,2.7193372,3.2582827,0.006541289035228501,0.03114498538898563,0.07609531129900077,0.008639308855291577
Epidermis 1,osgin2,2.7083046,4.2016025,0.006762790027279045,0.03212951038215894,0.07148347425057648,0.004319654427645789
Epidermis 1,abo.2,2.704694,3.2578576,0.006836731906604445,0.0324596011605778,0.07378939277478862,0.0064794816414686825
Epidermis 1,LOC101731169,2.7040255,4.0018473,0.0068505042946177515,0.03251084258652761,0.07148347425057648,0.004319654427645789
Epidermis 1,LOC101735110,2.6886468,4.6038275,0.007174227277542654,0.033972698992892465,0.06994619523443504,0.0032397408207343412
Epidermis 1,mal,2.6816597,2.8089075,0.007325795696914414,0.034638393911672685,0.07840122982321292,0.011879049676025918
Epidermis 1,gbe1,2.6752408,1.181846,0.007467560945033756,0.03523997564480571,0.11683320522674866,0.04967602591792657
Epidermis 1,tmem258,2.6739368,1.6319999,0.007496655866447627,0.0353543392396269,0.09607993850883935,0.029157667386609073
Epidermis 1,gas8,2.6693232,1.4534818,0.007600425111346852,0.03581275671662701,0.1083781706379708,0.042116630669546434
Epidermis 1,sel1l3,2.6659467,2.2937124,0.007677186315391763,0.0361198539431142,0.08455034588777863,0.0183585313174946
Epidermis 1,paqr5,2.649866,1.8350801,0.008052369225255889,0.03778725782028145,0.09454265949269793,0.029157667386609073
Epidermis 1,LOC100493666,2.6463892,3.1333218,0.008135616738635313,0.03813690501691969,0.07532667179093006,0.009719222462203024
Epidermis 1,rell2,2.6427784,4.01989,0.008222880639766839,0.03850460910737171,0.06994619523443504,0.004319654427645789
Epidermis 1,LOC100492479,2.6402378,2.0232506,0.008284789704270806,0.03874461983216743,0.08916218293620293,0.023758099352051837
Epidermis 1,crb3,2.6303084,1.2928399,0.00853074225417798,0.03984360589221269,0.10684089162182936,0.04103671706263499
Epidermis 1,LOC100486385,2.6140606,3.5597527,0.00894731516645781,0.04169999236379237,0.0722521137586472,0.00755939524838013
Epidermis 1,rap1gap,2.6102495,2.5793414,0.009047622537368584,0.04211351778752557,0.07686395080707148,0.011879049676025918
Epidermis 1,fnbp1,2.608511,1.5442705,0.009093709315689685,0.042309985283084134,0.0983858570330515,0.03347732181425486
Epidermis 1,napg,2.5993173,2.3562884,0.009340939858596835,0.043367797586051395,0.08070714834742505,0.016198704103671708
Epidermis 1,gramd1b,2.5847745,3.1023636,0.009744271743358865,0.045115585340936515,0.07378939277478862,0.009719222462203024
Epidermis 1,LOC733932,2.5840724,2.8074117,0.009764129894091169,0.04518835173254791,0.07686395080707148,0.012958963282937365
Epidermis 1,fam169a,2.5804617,1.2435317,0.009866828329163175,0.04562493345426354,0.10453497309761722,0.03995680345572354
Epidermis 1,snap29,2.5710673,1.9031527,0.01013855806122196,0.04678229550727943,0.08455034588777863,0.020518358531317494
Epidermis 1,LOC100135231,2.5643477,3.7856421,0.010336994448790975,0.04764756144213517,0.06994619523443504,0.0064794816414686825
Epidermis 1,ap1g2,2.5635452,3.1740124,0.010360917856618421,0.04773766650111287,0.0722521137586472,0.008639308855291577
Epidermis 1,sybu,2.5590653,2.6227903,0.010495397928737316,0.04827573317937964,0.07455803228285934,0.01079913606911447
Epidermis 1,abhd17b,2.5507743,1.0493245,0.010748388161678153,0.04938736114465761,0.12605687932359724,0.06263498920086392
Epidermis 1,itgb5,-2.5620074,-1.0689883,0.010406908812618704,0.04791195260130543,0.06917755572636433,0.13174946004319654
Epidermis 1,cldn12,-2.5628767,-1.2221285,0.010380891654155688,0.04781959822362914,0.07532667179093006,0.13606911447084233
Epidermis 1,naa50,-2.563679,-1.5044694,0.010356927203573509,0.04772935765769325,0.05149884704073789,0.11339092872570194
Epidermis 1,phkg2,-2.5645483,-1.1696056,0.010331021283406811,0.04763008988489753,0.0722521137586472,0.13390928725701945
Epidermis 1,clns1a,-2.567624,-1.7828226,0.010239816622977188,0.047229557922212055,0.035357417371252885,0.09827213822894168
Epidermis 1,foxm1,-2.568393,-1.1458743,0.010217127744396865,0.0471348719895315,0.07686395080707148,0.13822894168466524
Epidermis 1,LOC108644768,-2.5740094,-1.331062,0.010052753169107186,0.04641581187115699,0.06610299769408147,0.12742980561555076
Epidermis 1,gtpbp2,-2.574979,-1.3166912,0.010024618571194773,0.04630550420026273,0.05149884704073789,0.11447084233261338
Epidermis 1,slc16a3,-2.5754805,-1.0826646,0.01001009372861246,0.04625799560611022,0.10530361260568794,0.16414686825053995
Epidermis 1,cdk5,-2.5893211,-1.3186513,0.009616535723106055,0.04454307493396248,0.05918524212144504,0.12203023758099352
Epidermis 1,sapcd2,-2.5944362,-1.3603954,0.009474618953295615,0.04393235447935903,0.06840891621829362,0.12958963282937366
Epidermis 1,rps18,-2.5980804,-1.0880792,0.009374657285492707,0.04350582659011833,0.0883935434281322,0.1490280777537797
Epidermis 1,nob1,-2.5986152,-1.4467174,0.00936006347497666,0.04344733994628073,0.056110684089162186,0.11879049676025918
Epidermis 1,LOC108645395,-2.6032622,-1.4127465,0.009234130192674904,0.0428901564355809,0.04996156802459646,0.11339092872570194
Epidermis 1,serpina1,-2.603563,-1.6415193,0.009226028604672896,0.04286165002822381,0.04611837048424289,0.10907127429805616
Epidermis 1,LOC116412401,-2.611687,-2.228672,0.009009669964595237,0.04196371575185329,0.0207532667179093,0.08531317494600432
Epidermis 1,myo9a,-2.6119878,-1.7827674,0.009001744417264323,0.04193575254678155,0.0415065334358186,0.10475161987041037
Epidermis 1,glrx3,-2.619577,-1.059417,0.008803892376184856,0.0410666386363253,0.10530361260568794,0.16414686825053995
Epidermis 1,fsd1l,-2.6216497,-1.0329446,0.008750533375775865,0.04082646756313986,0.14066102997694083,0.19438444924406048
Epidermis 1,akr7a2,-2.627099,-1.2588785,0.008611626835400355,0.04019557415513821,0.06764027671022291,0.1306695464362851
Epidermis 1,baz2b,-2.627567,-1.1841475,0.008599788629391899,0.040148906222071165,0.08147578785549578,0.14362850971922247
Epidermis 1,jazf1,-2.6277676,-1.2879435,0.008594719567470122,0.04013382745169389,0.07378939277478862,0.13498920086393087
Epidermis 1,tbc1d24.2,-2.6394353,-2.0420957,0.008304426394400478,0.03881981327168227,0.029208301306687164,0.0939524838012959
Epidermis 1,mzt1,-2.640505,-1.078021,0.008278253379023775,0.03873065329838718,0.07916986933128363,0.14254859611231102
Epidermis 1,cpn1,-2.6484284,-1.2431428,0.00808669595126981,0.03793137783172104,0.10453497309761722,0.1630669546436285
Epidermis 1,slc38a9,-2.6495316,-1.223165,0.008060340522438302,0.0378165320447487,0.06764027671022291,0.13174946004319654
Epidermis 1,ints4,-2.6626036,-1.4071187,0.007753871327039049,0.0364570623200429,0.05149884704073789,0.11663066954643629
Epidermis 1,med20,-2.6661139,-1.8435607,0.007673369969537464,0.036109684301332115,0.043812451960030745,0.1079913606911447
Epidermis 1,sirt5,-2.6669161,-1.8329568,0.007655075167932764,0.03605469355481564,0.043812451960030745,0.1079913606911447
Epidermis 1,fbxo42,-2.6684206,-1.202728,0.007620877761128054,0.03590137599861297,0.07993850883935434,0.14254859611231102
Epidermis 1,zfat,-2.6747394,-1.232218,0.007478739293632948,0.03527746868274201,0.06764027671022291,0.13174946004319654
Epidermis 1,fam227b,-2.6754746,-1.5295788,0.007462349512109661,0.0352306206628613,0.05841660261337433,0.12203023758099352
Epidermis 1,cenpl,-2.6760097,-1.4995751,0.0074504499116016636,0.03518966829460171,0.053036126056879324,0.11771058315334773
Epidermis 1,hadha,-2.6802554,-1.5177381,0.007356598867527594,0.03476144302475522,0.04919292851652575,0.11447084233261338
Epidermis 1,rfc4,-2.6810913,-1.5013746,0.007338249679733579,0.034682249569301805,0.053036126056879324,0.11771058315334773
Epidermis 1,slc6a3,-2.6850362,-3.3284955,0.0072521946221859295,0.034305254465796485,0.01614142966948501,0.08207343412526998
Epidermis 1,mtfr1l,-2.6854374,-1.2548133,0.007243494191608382,0.03427152791740817,0.06994619523443504,0.13390928725701945
Epidermis 1,zfyve21,-2.689984,-1.0672683,0.007145541965201077,0.033844773436651335,0.1037663335895465,0.16414686825053995
Epidermis 1,acsf2,-2.6955004,-1.4706773,0.00702830031196698,0.03330391772148349,0.05995388162951576,0.12419006479481641
Epidermis 1,med17,-2.704594,-1.1967511,0.00683879617748944,0.03246233878377139,0.06840891621829362,0.13390928725701945
Epidermis 1,hmg20a,-2.708706,-1.0281382,0.0067546187894234845,0.03209767783188368,0.09761721752498079,0.16090712742980562
Epidermis 1,smad9,-2.710177,-2.63466,0.00672473344867569,0.03196262439197391,0.01614142966948501,0.08315334773218143
Epidermis 1,vdac2,-2.7110126,-1.2265972,0.006707806140818071,0.031892330407033244,0.07455803228285934,0.13930885529157666
Epidermis 1,aptx,-2.7127178,-1.327656,0.006673393147777583,0.03173934434996832,0.06456571867794005,0.12958963282937366
Epidermis 1,prtfdc1,-2.7147236,-1.876206,0.006633110534539814,0.031554633741921356,0.04304381245196003,0.1079913606911447
Epidermis 1,LOC100127805,-2.7186685,-1.131454,0.006554525272317141,0.031194393885983062,0.14373558800922367,0.19978401727861772
Epidermis 1,ctps2,-2.7198052,-2.454604,0.006532037978189104,0.031107726041480672,0.01921598770176787,0.08639308855291576
Epidermis 1,supt20hl1,-2.7200391,-1.1813505,0.006527416863855344,0.03109250455930746,0.09531129900076864,0.15766738660907129
Epidermis 1,xab2,-2.7280295,-1.0573155,0.006371392326542217,0.030382463277420828,0.09454265949269793,0.1587473002159827
Epidermis 1,rpl29,-2.733713,-1.0087572,0.006262463711183696,0.029895694736762075,0.09531129900076864,0.15982721382289417
Epidermis 1,pabpc1l,-2.7430737,-1.4306033,0.006086702085237046,0.0290948359697607,0.05918524212144504,0.12526997840172785
Epidermis 1,LOC108646161,-2.7446115,-1.5807741,0.006058255730735307,0.028977904055321156,0.06072252113758647,0.12526997840172785
Epidermis 1,LOC116407552,-2.745882,-1.2825872,0.006034846957666939,0.028878595496326813,0.07148347425057648,0.13714902807775378
Epidermis 1,pfas,-2.7549753,-1.5977416,0.005869654718168139,0.028143646584299485,0.05534204458109147,0.12095032397408208
Epidermis 1,nova2,-2.7559116,-1.7527912,0.00585288315747806,0.02807556899963261,0.05918524212144504,0.12419006479481641
Epidermis 1,rragc,-2.7645035,-1.8742772,0.005700950407700893,0.027370833629580017,0.033820138355111454,0.10151187904967603
Epidermis 1,LOC105945434,-2.7692509,-1.3578278,0.00561853741979905,0.027010818470463775,0.06917755572636433,0.13498920086393087
Epidermis 1,srcin1,-2.7732625,-1.6064346,0.005549732264544248,0.026697686892552922,0.03843197540353574,0.10691144708423327
Epidermis 1,ctdsp1,-2.7756696,-1.0838883,0.005508815051276017,0.02651253931051918,0.10146041506533436,0.1652267818574514
Epidermis 1,exosc3,-2.790179,-1.571945,0.005267890466816271,0.025392232797967276,0.05149884704073789,0.11879049676025918
Epidermis 1,efl1,-2.791951,-1.1404954,0.005239130476978151,0.025259183857300097,0.08147578785549578,0.14794816414686826
Epidermis 1,cep57l1,-2.7945585,-1.2478865,0.005197062411210132,0.02508407407100559,0.08455034588777863,0.1490280777537797
Epidermis 1,hectd4,-2.801412,-1.1981423,0.005087950225814981,0.02458103380032083,0.08762490392006149,0.15226781857451405
Epidermis 1,ctsd,-2.8071957,-1.4770498,0.004997485944688983,0.02416891418418845,0.05764796310530361,0.12526997840172785
Epidermis 1,LOC100495801,-2.8087337,-1.8286375,0.004973677903787222,0.02406977723187868,0.04073789392774789,0.10907127429805616
Epidermis 1,zyx,-2.8199668,-1.2879782,0.004802863380235481,0.023305154952216686,0.06917755572636433,0.13714902807775378
Epidermis 1,rufy3,-2.8246806,-1.1921865,0.004732777231279255,0.022990634898429344,0.08455034588777863,0.1511879049676026
Epidermis 1,otog,-2.8277228,-2.0698416,0.004688037214687391,0.022778370087217448,0.03228285933897002,0.10151187904967603
Epidermis 1,ints13,-2.8331053,-1.0174528,0.004609818808385541,0.022413292383641016,0.12067640276710223,0.183585313174946
Epidermis 1,lrch1,-2.8495204,-2.0470302,0.004378520478501632,0.02134100856854682,0.04073789392774789,0.10907127429805616
Epidermis 1,coro7,-2.854368,-1.7645342,0.004312255455353668,0.021027424869558074,0.0415065334358186,0.11123110151187905
Epidermis 1,rpa2,-2.8569422,-1.3861585,0.0042774373108380006,0.020876304978706333,0.0668716372021522,0.13498920086393087
Epidermis 1,snrpb2,-2.8588145,-1.2089252,0.0042522753643768,0.02076278825823812,0.0930053804765565,0.1587473002159827
Epidermis 1,mcmbp,-2.858948,-1.0214889,0.004250483229454026,0.020758682755128988,0.10222905457340507,0.1695464362850972
Epidermis 1,hbegf,-2.8603857,-1.2517575,0.004231260996138399,0.020674058709524407,0.10146041506533436,0.1652267818574514
Epidermis 1,carnmt1,-2.863595,-1.0236876,0.004188630452322582,0.02048411140746998,0.10453497309761722,0.17062634989200864
Epidermis 1,nek3,-2.8671722,-1.0741818,0.0041415746124295605,0.020272162318937963,0.09454265949269793,0.16198704103671707
Epidermis 1,ttbk2,-2.8679411,-1.4361246,0.0041315226520829435,0.020232036757428615,0.05995388162951576,0.1285097192224622
Epidermis 1,inka1,-2.8693788,-2.7230215,0.004112789219118134,0.020153867853217336,0.01921598770176787,0.08963282937365011
Epidermis 1,st6galnac5,-2.8710504,-1.3203675,0.004091103105302924,0.020056607697329837,0.07378939277478862,0.14254859611231102
Epidermis 1,lsm3,-2.872956,-1.0838286,0.004066507558630841,0.019940508188063723,0.09223674096848578,0.16090712742980562
Epidermis 1,brix1,-2.8805785,-1.1797177,0.003969461796588301,0.019499690649111508,0.08762490392006149,0.15550755939524838
Epidermis 1,c12orf10,-2.8857937,-1.390509,0.0039042788791755377,0.01919244636685952,0.05995388162951576,0.12958963282937366
Epidermis 1,insm1,-2.8933494,-3.2810972,0.0038115708801532712,0.018749388678048814,0.015372790161414296,0.08639308855291576
Epidermis 1,rpl22,-2.8969934,-1.5622988,0.003767576693760316,0.018541337626193925,0.04919292851652575,0.11987041036717062
Epidermis 1,cdca7l,-2.9040809,-1.8613504,0.003683329266237726,0.018151293567880176,0.044581091468101464,0.11447084233261338
Epidermis 1,sox9,-2.9052176,-2.617158,0.0036699783981705533,0.018089586317253138,0.021521906225980016,0.09287257019438445
Epidermis 1,rae1,-2.9071567,-1.0728873,0.0036473049051715537,0.017985952618248244,0.11222136817832437,0.1771058315334773
Epidermis 1,rpusd4,-2.9107003,-1.6241859,0.003606196008207131,0.017787252055851674,0.053036126056879324,0.12311015118790497
Epidermis 1,ipo9,-2.9143445,-1.3840357,0.0035643635435820744,0.017604793319263116,0.06764027671022291,0.13714902807775378
Epidermis 1,wdr77,-2.9159827,-1.4471909,0.0035457023520754187,0.017516588413999935,0.0668716372021522,0.13606911447084233
Epidermis 1,ddx31,-2.9234715,-1.436196,0.003461520868804284,0.01711621275281629,0.06533435818601076,0.13498920086393087
Epidermis 1,LOC100145428,-2.9323308,-1.8250692,0.0033642823893856267,0.016650489004033514,0.044581091468101464,0.11555075593952484
Epidermis 1,celsr3,-2.9335008,-1.6382395,0.0033516272283228904,0.01659538410465936,0.05226748654880861,0.12311015118790497
Epidermis 1,s100pbp,-2.93427,-1.5216892,0.0033433345994052922,0.016558080865552174,0.05918524212144504,0.12958963282937366
Epidermis 1,dimt1,-2.941558,-1.6849984,0.003265657751481836,0.01619175591799253,0.04996156802459646,0.12095032397408208
Epidermis 1,rrp7a,-2.9502835,-1.4803246,0.00317482368276414,0.015748540027641804,0.06072252113758647,0.13174946004319654
Epidermis 1,prdm12,-2.9512866,-3.263049,0.0031645319015519255,0.01570105744060131,0.01614142966948501,0.08855291576673865
Epidermis 1,c8orf76,-2.9530585,-1.4164529,0.003146424044729514,0.015614764403011763,0.07455803228285934,0.14362850971922247
Epidermis 1,lrrc8e,-2.9548972,-1.0326288,0.003127732784508173,0.015529068735097348,0.0983858570330515,0.16846652267818574
Epidermis 1,LOC101733063,-2.9657624,-1.573667,0.0030193356975202023,0.015028334912121704,0.0622598001537279,0.132829373650108
Epidermis 1,pdk1,-2.9707773,-1.0510684,0.0029704715145116357,0.014805541095970398,0.11452728670253651,0.183585313174946
Epidermis 1,vac14,-2.9717133,-1.9805855,0.0029614305152751118,0.014763850873616225,0.0415065334358186,0.11339092872570194
Epidermis 1,aebp2,-2.97509,-1.4310095,0.002929026582771717,0.014608980357179804,0.05995388162951576,0.13174946004319654
Epidermis 1,mapre2,-2.9773633,-1.9157081,0.002907392690973998,0.014511028341661394,0.03996925441967717,0.11231101511879049
Epidermis 1,septin9,-2.978199,-1.3330368,0.00289947579007481,0.014474825260860772,0.08070714834742505,0.15010799136069114
Epidermis 1,tpbg,-2.9798038,-1.4491369,0.002884330475365953,0.014405808034552632,0.05841660261337433,0.1306695464362851
Epidermis 1,tmem52,-2.9805727,-1.0061204,0.0028770989678994297,0.014372979985927988,0.11068408916218293,0.18034557235421167
Epidermis 1,LOC100485199,-2.9903014,-1.4469832,0.0027870231763743483,0.013945341144614688,0.08378170637970792,0.15226781857451405
Epidermis 1,pigl,-2.9914045,-1.2684419,0.002776972687073002,0.013898238762527519,0.07686395080707148,0.14794816414686826
Epidermis 1,atat1,-2.9914382,-1.4248658,0.002776668644220492,0.013898238762527519,0.07840122982321292,0.14794816414686826
Epidermis 1,wdr4,-2.996152,-1.7512045,0.002734101732828256,0.013699387809884129,0.05534204458109147,0.1263498920086393
Epidermis 1,fzd4,-3.002738,-1.2654189,0.0026756268475601687,0.01340947483707176,0.07071483474250577,0.14362850971922247
Epidermis 1,maco1,-3.008321,-1.0763837,0.0026269543297521526,0.013186742679899176,0.09223674096848578,0.16414686825053995
Epidermis 1,taf1c,-3.0094912,-1.1538262,0.0026168566603708586,0.013139077125161644,0.0883935434281322,0.15982721382289417
Epidermis 1,brsk2,-3.01133,-1.1695566,0.0026010605674063377,0.01306277160906184,0.09223674096848578,0.1630669546436285
Epidermis 1,usp44,-3.015576,-1.1980588,0.0025649184706509833,0.012890162585922411,0.08378170637970792,0.15550755939524838
Epidermis 1,lsm8,-3.0175483,-1.3666488,0.0025482847867872825,0.012809519081429462,0.07993850883935434,0.15010799136069114
Epidermis 1,ccdc51,-3.028915,-1.1097248,0.002454337027799593,0.012354345624824663,0.09761721752498079,0.16846652267818574
Epidermis 1,atmin,-3.0307872,-1.2579335,0.0024391708442975096,0.012286506692847634,0.07378939277478862,0.1468682505399568
Epidermis 1,dda1,-3.0336957,-1.3521847,0.0024157791507526407,0.01218274020073339,0.0622598001537279,0.13606911447084233
Epidermis 1,rps26,-3.044394,-1.234844,0.00233149636187221,0.011771305440169712,0.08147578785549578,0.15334773218142547
Epidermis 1,toe1,-3.0480046,-1.1593273,0.0023036644011636817,0.011638865685990436,0.0883935434281322,0.16090712742980562
Epidermis 1,znf577,-3.0528188,-1.2491623,0.002267028453157626,0.011456421462795867,0.08455034588777863,0.15658747300215983
Epidermis 1,rpl38,-3.0574658,-1.0383023,0.002232171639922119,0.01128549985049596,0.11990776325903152,0.1879049676025918
Epidermis 1,hps1,-3.0586023,-1.592261,0.0022237206043788037,0.011245378286940874,0.053036126056879324,0.12742980561555076
Epidermis 1,satb1,-3.0691,-1.1590018,0.002147047297355027,0.010875282979476333,0.10069177555726365,0.1717062634989201
Epidermis 1,twistnb,-3.0707715,-1.6886535,0.0021350643405354717,0.010818308668813734,0.056110684089162186,0.12958963282937366
Epidermis 1,bicd1,-3.0736468,-1.5184419,0.002114597010768071,0.010723360765040687,0.06533435818601076,0.13822894168466524
Epidermis 1,LOC100036702,-3.0741482,-1.924265,0.0021110456111361137,0.010707839674709702,0.03843197540353574,0.11339092872570194
Epidermis 1,pop4,-3.083576,-1.5484563,0.002045289215442364,0.010388793289145212,0.05841660261337433,0.132829373650108
Epidermis 1,vps26c,-3.087688,-2.0363905,0.002017201221008169,0.010255672843340927,0.03843197540353574,0.11339092872570194
Epidermis 1,rexo4,-3.0881896,-1.3694793,0.0020138001798493685,0.01024315471433405,0.08531898539584935,0.15658747300215983
Epidermis 1,LOC100496797,-3.0890253,-1.613607,0.002008143469774417,0.010216763500570658,0.061491160645657184,0.13498920086393087
Epidermis 1,LOC100486832,-3.0922348,-1.251969,0.001986556947984801,0.010109295513520602,0.09069946195234435,0.1630669546436285
Epidermis 1,mms22l,-3.0934384,-1.1693966,0.0019785170625783695,0.010070730306163424,0.0983858570330515,0.17062634989200864
Epidermis 1,sh3glb2,-3.104337,-1.6086916,0.0019070596368296398,0.009718343842891072,0.05073020753266718,0.1263498920086393
Epidermis 1,LOC116407738,-3.1106222,-1.0189879,0.0018669363989795974,0.009527226183847942,0.12528823981552653,0.19546436285097193
Epidermis 1,dusp4,-3.1134639,-1.3072615,0.0018490513976220087,0.009440372144948491,0.07455803228285934,0.1490280777537797
Epidermis 1,btbd11,-3.1152692,-6.2172127,0.0018377710738419974,0.009384976036111919,0.0015372790161414297,0.07883369330453564
Epidermis 1,tax1bp3,-3.1183784,-1.5026467,0.0018184919665936606,0.009290871740351267,0.05841660261337433,0.13390928725701945
Epidermis 1,exd3,-3.1223233,-1.0520035,0.0017942978409111637,0.009173705057760662,0.1083781706379708,0.18034557235421167
Epidermis 1,ier5l,-3.123694,-1.4242852,0.001785960907484654,0.00913750362537459,0.0730207532667179,0.1468682505399568
Epidermis 1,mettl2b,-3.1254659,-1.5450218,0.0017752366592171964,0.009086896350170875,0.0668716372021522,0.14038876889848811
Epidermis 1,eif2s1,-3.1349604,-1.2075582,0.0017187726066038899,0.008822709256340504,0.08147578785549578,0.15658747300215983
Epidermis 1,pth1r,-3.1400087,-2.0146852,0.0016894282964378823,0.008676162592744417,0.04304381245196003,0.11879049676025918
Epidermis 1,npm3,-3.1421149,-1.1008494,0.0016773221171167815,0.008616018342185802,0.11068408916218293,0.18250539956803455
Epidermis 1,bend2,-3.1554208,-1.651703,0.0016026682256188509,0.008251963980941232,0.056110684089162186,0.13174946004319654
Epidermis 1,msh4,-3.1600678,-1.3524818,0.0015773247344178164,0.00812722621717383,0.0983858570330515,0.1695464362850972
Epidermis 1,snrpf,-3.16769,-1.493476,0.0015365518740853236,0.007920883166646787,0.05995388162951576,0.13714902807775378
Epidermis 1,snrpg,-3.168593,-1.2793465,0.0015317883338464388,0.007898193107954428,0.08378170637970792,0.1587473002159827
Epidermis 1,opn8,-3.1688268,-2.0840492,0.0015305555641853038,0.007893701953695938,0.03843197540353574,0.11555075593952484
Epidermis 1,akna,-3.1702645,-1.7217463,0.0015230028621543235,0.00786032295531445,0.03843197540353574,0.11663066954643629
Epidermis 1,ogfod1,-3.1744099,-1.2765368,0.0015014147952323647,0.007756243429631968,0.08762490392006149,0.16198704103671707
Epidermis 1,rps28p9,-3.1822665,-1.603959,0.0014612734690276324,0.0075596131739336095,0.0622598001537279,0.13822894168466524
Epidermis 1,ptdss1,-3.1918614,-1.7520117,0.0014135919651020582,0.007323359513412159,0.04765564950038432,0.12526997840172785
Epidermis 1,gpatch11,-3.1931987,-1.4651706,0.001407061549088562,0.007291258623286989,0.06917755572636433,0.1447084233261339
Epidermis 1,pex5,-3.1980462,-1.2095379,0.0013836212717021276,0.007176610356503953,0.08993082244427364,0.1652267818574514
Epidermis 1,rpl31,-3.1981466,-1.1222712,0.0013831401252282446,0.007175820416691755,0.10607225211375865,0.17926565874730022
Epidermis 1,tmem260,-3.2006872,-1.604654,0.0013710024306167776,0.007116233120477807,0.06302843966179862,0.13930885529157666
Epidermis 1,slc38a3,-3.2108839,-1.3739485,0.0013232736082748411,0.006889800383241544,0.09146810146041506,0.1652267818574514
Epidermis 1,LOC100485124,-3.2164335,-1.3358653,0.0012979455564066755,0.00676276742749524,0.08531898539584935,0.16090712742980562
Epidermis 1,lpar4,-3.217069,-1.8052119,0.0012950752777570699,0.0067494238442648725,0.05534204458109147,0.13174946004319654
Epidermis 1,znf568,-3.2278004,-1.9527947,0.0012474597979133587,0.006510600394706386,0.0415065334358186,0.11987041036717062
Epidermis 1,boc,-3.2281682,-1.1651146,0.0012458571323067124,0.006505347806667809,0.11837048424289008,0.1900647948164147
Epidermis 1,entpd3,-3.2289705,-1.4831605,0.0012423670047531418,0.006490229928350085,0.07532667179093006,0.1511879049676026
Epidermis 1,st3gal3,-3.2329154,-1.0550873,0.0012253381605311102,0.006404336287652541,0.14373558800922367,0.21274298056155508
Epidermis 1,hyal2,-3.2387993,-1.7244626,0.0012003394284794459,0.006276685039264315,0.05226748654880861,0.1306695464362851
Epidermis 1,ndrg3,-3.2409391,-1.1337626,0.0011913664052479538,0.0062342461220421105,0.10146041506533436,0.1771058315334773
Epidermis 1,twnk,-3.2485616,-1.2401776,0.0011599012535749506,0.006072506059083252,0.0883935434281322,0.1652267818574514
Epidermis 1,foxn2,-3.2555153,-1.2739354,0.0011318679102909539,0.005934283918899305,0.08455034588777863,0.16198704103671707
Epidermis 1,whamm,-3.2583904,-1.1086794,0.0011204612917395584,0.005878717443387571,0.09761721752498079,0.17494600431965443
Epidermis 1,atad3a,-3.261834,-1.4437615,0.0011069397753477356,0.005811966515366443,0.07840122982321292,0.15442764578833693
Epidermis 1,dchs1,-3.2660797,-1.2385969,0.0010904753594975208,0.005729656349529352,0.09915449654112221,0.17278617710583152
Epidermis 1,snx27,-3.2670493,-1.3713882,0.0010867476701305811,0.005712821226191137,0.07993850883935434,0.15658747300215983
Epidermis 1,paics.1,-3.2692223,-1.4904208,0.0010784352767827536,0.005671857357116526,0.07686395080707148,0.15334773218142547
Epidermis 1,myb,-3.2692893,-1.5373571,0.0010781804459195007,0.005671857357116526,0.061491160645657184,0.14038876889848811
Epidermis 1,elovl6,-3.282361,-2.1439493,0.0010294172422012256,0.005420587268839996,0.04919292851652575,0.12742980561555076
Epidermis 1,pwwp2b,-3.2889805,-1.0310426,0.0010055099625577433,0.005299814708447467,0.11145272867025365,0.18898488120950324
Epidermis 1,LOC100145507,-3.2893147,-1.240025,0.001004316267925659,0.005294801952743611,0.09531129900076864,0.1717062634989201
Epidermis 1,zcchc9,-3.2943296,-1.5878379,0.0009865675521435824,0.005205002552061197,0.056110684089162186,0.13606911447084233
Epidermis 1,spsb4,-3.2943296,-1.679961,0.0009865675521435824,0.005205002552061197,0.05841660261337433,0.13714902807775378
Epidermis 1,snx17,-3.298308,-1.2283074,0.0009726939827225466,0.005135532397045413,0.09146810146041506,0.1695464362850972
Epidermis 1,adgre5,-3.3006482,-1.9566038,0.0009646176814705489,0.005095357644001174,0.04073789392774789,0.12095032397408208
Epidermis 1,znf276,-3.3083708,-1.2548182,0.0009384044326525154,0.004961696904509459,0.09607993850883935,0.17278617710583152
Epidermis 1,ubac1,-3.3105106,-1.0830748,0.0009312595221035158,0.004925112465298308,0.10146041506533436,0.18034557235421167
Epidermis 1,cct7,-3.3112125,-1.066102,0.0009289261027426607,0.004915154337523666,0.11222136817832437,0.18898488120950324
Epidermis 1,hlcs,-3.312951,-1.496771,0.0009231714067855317,0.004887075028497595,0.06533435818601076,0.14578833693304535
Epidermis 1,plekhg7,-3.3217435,-1.1089371,0.0008945686280371014,0.00474256123236093,0.11222136817832437,0.18898488120950324
Epidermis 1,LOC100485051,-3.3233817,-2.6275992,0.0008893312326825237,0.0047159409060426125,0.02843966179861645,0.10907127429805616
Epidermis 1,mipep,-3.324418,-1.1046553,0.0008860324732005152,0.004701860231733444,0.09607993850883935,0.17494600431965443
Epidermis 1,c1orf112,-3.3289313,-1.2972618,0.0008717987356338193,0.004629720177723429,0.07763259031514219,0.15766738660907129
Epidermis 1,polr2f,-3.331305,-1.2372807,0.0008643981974412131,0.004593773274808746,0.09377401998462721,0.1717062634989201
Epidermis 1,ndufaf6,-3.335785,-1.3916917,0.0008505894622892515,0.004524795869481657,0.08147578785549578,0.15982721382289417
Epidermis 1,mllt1,-3.337256,-1.0195364,0.0008461000557098312,0.0045020115375869856,0.12067640276710223,0.1976241900647948
Epidermis 1,poc1b,-3.3399305,-1.3284638,0.0008379937547118839,0.004459966273553175,0.0830130668716372,0.16198704103671707
Epidermis 1,stn1,-3.340432,-1.5562044,0.0008364818665050529,0.004453005808491524,0.06994619523443504,0.1490280777537797
Epidermis 1,ppil1,-3.343374,-1.3903286,0.0008276629666856335,0.004408209322930732,0.08070714834742505,0.15982721382289417
Epidermis 1,clcc1,-3.3477201,-1.2773226,0.000814792768952642,0.004341780955144225,0.08685626441199078,0.16630669546436286
Epidermis 1,rsph14,-3.349258,-1.0367389,0.0008102833540401965,0.00432091717216792,0.11683320522674866,0.19546436285097193
Epidermis 1,dars2,-3.3506286,-1.5218807,0.0008062836227608244,0.004301690692485073,0.06533435818601076,0.14578833693304535
Epidermis 1,cux2,-3.3589196,-1.1521479,0.0007824781008161181,0.004177747648130294,0.12375096079938509,0.1976241900647948
Epidermis 1,fkbp4,-3.3603573,-1.1062511,0.0007784175041041561,0.00415708476677846,0.10453497309761722,0.183585313174946
Epidermis 1,rnft2,-3.3665755,-1.0311265,0.0007610773575193825,0.004068463747778159,0.11837048424289008,0.19654427645788336
Epidermis 1,nop16,-3.3736966,-1.6449347,0.0007416609226669041,0.003972455324868561,0.06610299769408147,0.14578833693304535
Epidermis 1,trmt61a,-3.3792796,-1.7263664,0.0007267605569317015,0.0038964722635888597,0.056110684089162186,0.13714902807775378
Epidermis 1,rad51,-3.3902452,-1.18685,0.0006983013437619007,0.0037503405420202893,0.0983858570330515,0.17818574514038876
Epidermis 1,ankrd50,-3.3966308,-1.1131575,0.0006822097825740305,0.0036657226460349466,0.11068408916218293,0.18898488120950324
Epidermis 1,ptcd1,-3.4101706,-1.2783738,0.0006492227571860611,0.0034970846172690793,0.0830130668716372,0.1652267818574514
Epidermis 1,rbm23,-3.413447,-1.0986735,0.0006414667533615433,0.0034578671010628056,0.1083781706379708,0.1879049676025918
Epidermis 1,smad4.2,-3.416322,-1.2908663,0.000634731553632228,0.0034240982031665877,0.0830130668716372,0.16414686825053995
Epidermis 1,uba52,-3.4221056,-1.2908628,0.0006213816497186401,0.0033553994007697215,0.08608762490392007,0.1673866090712743
Epidermis 1,plxna3,-3.431734,-1.3683271,0.000599735524406922,0.0032441320966989204,0.08608762490392007,0.16630669546436286
Epidermis 1,chek2,-3.4324694,-1.2486116,0.0005981111938923559,0.0032361478705492434,0.0930053804765565,0.17386609071274298
Epidermis 1,LOC116406439,-3.439557,-1.5644495,0.000582667054931489,0.0031541497905383333,0.07071483474250577,0.15226781857451405
Epidermis 1,spc25,-3.4434016,-1.347835,0.0005744454700410953,0.0031104155339371567,0.08685626441199078,0.1673866090712743
Epidermis 1,fam49b,-3.444605,-1.3077747,0.0005718940400639594,0.003097369036543971,0.08455034588777863,0.16630669546436286
Epidermis 1,ercc6l2,-3.4462433,-1.3219042,0.0005684382141417688,0.003080181343627399,0.07840122982321292,0.16090712742980562
Epidermis 1,lrrc75a,-3.447146,-1.7017128,0.0005665423034343218,0.003072196720487161,0.05995388162951576,0.14254859611231102
Epidermis 1,rttn,-3.4490516,-1.3069334,0.0005625591477734113,0.0030521141629944325,0.09454265949269793,0.17494600431965443
Epidermis 1,immp2l,-3.452027,-1.2785132,0.0005563919550768512,0.0030201564307790973,0.12221368178324366,0.19870410367170627
Epidermis 1,paox,-3.4573426,-1.3664163,0.0005455306389091466,0.0029648876890750906,0.08531898539584935,0.16630669546436286
Epidermis 1,skor1,-3.4581785,-2.5049565,0.0005438409639182759,0.002956440875351445,0.03766333589546503,0.12095032397408208
Epidermis 1,grip1,-3.4610536,-2.3960996,0.0005380656439193803,0.0029257738390144027,0.0361260568793236,0.11987041036717062
Epidermis 1,map4,-3.462558,-1.21997,0.0005350664968838335,0.0029101909343225646,0.09684857801691008,0.17818574514038876
Epidermis 1,mrps27,-3.463494,-1.3870184,0.0005332082299990263,0.0029008069775140243,0.08608762490392007,0.1673866090712743
Epidermis 1,nup37,-3.463962,-1.8936272,0.0005322813532983486,0.0028964866359908388,0.04919292851652575,0.132829373650108
Epidermis 1,znf385b,-3.4693112,-1.6046879,0.0005217945661779996,0.0028429660995181343,0.07148347425057648,0.15334773218142547
Epidermis 1,pias3,-3.4798422,-1.1069825,0.000501709105493134,0.0027376330059929177,0.11299000768639508,0.19438444924406048
Epidermis 1,rpl21,-3.483854,-1.1748859,0.0004942489211733255,0.00269827513358097,0.11068408916218293,0.19114470842332612
Epidermis 1,snca,-3.5084598,-3.0377483,0.00045070932589349246,0.0024667489842793828,0.024596464258262875,0.1101511879049676
Epidermis 1,hectd2,-3.5094292,-1.2030568,0.00044906937800580273,0.0024583900896800355,0.12144504227517294,0.19870410367170627
Epidermis 1,dbn1,-3.5138423,-1.131948,0.00044167490947007436,0.0024191235440628746,0.14834742505764797,0.22462203023758098
Epidermis 1,nsmce4a,-3.514745,-1.108001,0.00044017647403315867,0.0024115216770970514,0.10991544965411222,0.19222462203023757
Epidermis 1,LOC101734072,-3.5158482,-1.7253118,0.00043835149730177215,0.002402729973027373,0.0568793235972329,0.14146868250539957
Epidermis 1,LOC100124771,-3.5190241,-1.0306907,0.00043313713372171734,0.0023759390133085956,0.13758647194465795,0.2159827213822894
Epidermis 1,kremen2,-3.5320292,-1.7213023,0.0004123838438062496,0.002266086088062496,0.053804765564950036,0.13930885529157666
Epidermis 1,rps9,-3.5359406,-1.025071,0.00040632589854060186,0.0022339222554936945,0.13528055342044581,0.21382289416846653
Epidermis 1,ubr3,-3.5396183,-1.5318842,0.00040070630486041563,0.0022046929597476375,0.06994619523443504,0.15442764578833693
Epidermis 1,nsfl1c,-3.5469062,-1.0089924,0.00038978319014355785,0.0021451346764495777,0.13297463489623368,0.21274298056155508
Epidermis 1,rfx4,-3.5469398,-1.0793816,0.0003897337314415474,0.0021451346764495777,0.15526518063028438,0.23218142548596113
Epidermis 1,cnn3,-3.5502496,-1.0154428,0.00038486624586993415,0.002119143666698923,0.12759415833973867,0.20950323974082075
Epidermis 1,slc19a2,-3.5677009,-1.8508915,0.0003601273256341757,0.001987942922505274,0.05226748654880861,0.13822894168466524
Epidermis 1,slc8a1,-3.5710106,-1.0241774,0.00035560652414028923,0.001964478471712722,0.14142966948501154,0.2224622030237581
Epidermis 1,utp15,-3.5777304,-1.2281723,0.00034659071940163345,0.001916613301587188,0.10299769408147579,0.1857451403887689
Epidermis 1,fermt1,-3.582277,-3.3522577,0.00034061224188213787,0.0018859425856661077,0.015372790161414296,0.10367170626349892
Epidermis 1,rars1,-3.6012328,-1.555922,0.00031671173266487713,0.0017580683588095353,0.06994619523443504,0.15550755939524838
Epidermis 1,stx1a,-3.6032722,-1.6489782,0.0003142361433914339,0.0017456585755968631,0.07993850883935434,0.1630669546436285
Epidermis 1,ptcd2,-3.6120648,-1.5743953,0.00030376868754043333,0.0016900909053594584,0.0830130668716372,0.16630669546436286
Epidermis 1,nup85,-3.6192527,-1.4287956,0.0002954551565606515,0.0016455147961485393,0.07686395080707148,0.1630669546436285
Epidermis 1,ppp1cc,-3.62069,-1.3583071,0.0002938182322857306,0.001636815840364291,0.07993850883935434,0.1673866090712743
Epidermis 1,c11orf53,-3.6233313,-5.4688187,0.00029083297827391135,0.0016205991876698212,0.005380476556495004,0.09503239740820735
Epidermis 1,tulp3,-3.628413,-1.397871,0.0002851689593705773,0.001589849734906839,0.0830130668716372,0.16846652267818574
Epidermis 1,septin6,-3.6351662,-1.8201072,0.0002778016124302569,0.0015491717313673998,0.056110684089162186,0.14362850971922247
Epidermis 1,rapgefl1,-3.6519487,-1.9883933,0.00026025777150752406,0.0014543110965597138,0.0415065334358186,0.1306695464362851
Epidermis 1,nifk,-3.65459,-1.0960957,0.00025759337624316474,0.0014397912558919309,0.11683320522674866,0.20302375809935205
Epidermis 1,hepacam2,-3.6600392,-2.433858,0.00025217657938731916,0.0014105986000540096,0.045349730976172176,0.132829373650108
Epidermis 1,mindy4,-3.662112,-1.0007595,0.00025014439095582023,0.0013995899371915266,0.13604919292851653,0.21922246220302377
Epidermis 1,znf385a,-3.6720078,-3.7803338,0.00024065228894540376,0.001347171266566869,0.010760953112990008,0.10151187904967603
Epidermis 1,plekha1,-3.6856146,-1.6742716,0.00022815142053972753,0.0012788317872071396,0.056110684089162186,0.14578833693304535
Epidermis 1,nectin1l1,-3.688824,-2.0704226,0.00022529298417187836,0.0012634588043213975,0.04073789392774789,0.1306695464362851
Epidermis 1,rassf4,-3.7002912,-1.3333576,0.0002153522966327608,0.0012095759240214861,0.10146041506533436,0.1879049676025918
Epidermis 1,prdm14,-3.702531,-2.8815823,0.0002134592499098198,0.0011995607242550033,0.019984627209838585,0.11123110151187905
Epidermis 1,mcm6.2,-3.7041023,-1.088059,0.00021214062965031096,0.0011924576712002667,0.13220599538816294,0.21706263498920086
Epidermis 1,dph6,-3.7162714,-1.5780222,0.00020218435021683316,0.0011388396246983779,0.07609531129900077,0.1630669546436285
Epidermis 1,dync1li1,-3.7306805,-1.7059547,0.0001909632405608867,0.0010786976112552701,0.06302843966179862,0.15226781857451405
Epidermis 1,hps3,-3.731182,-1.2376152,0.00019058345920692054,0.001076831088387937,0.10069177555726365,0.18898488120950324
Epidermis 1,abcc1,-3.7376344,-1.1296989,0.00018575983954849398,0.0010517554381908893,0.11145272867025365,0.19870410367170627
Epidermis 1,pla2g4a,-3.7409775,-2.1694255,0.0001833059213511077,0.0010381309394763875,0.03689469638739431,0.1285097192224622
Epidermis 1,septin2,-3.7417464,-1.0261577,0.00018274584715109225,0.0010352277078618858,0.1398923904688701,0.22462203023758098
Epidermis 1,abca1,-3.7540493,-1.3100727,0.00017400060204050813,0.0009869683226217643,0.09684857801691008,0.18466522678185746
Epidermis 1,irf6.2,-3.7560217,-1.0974587,0.00017263566577459667,0.0009797354649850388,0.11760184473481937,0.20626349892008639
Epidermis 1,nsun5,-3.7724369,-1.6634644,0.00016166093846650987,0.0009196046241599876,0.05764796310530361,0.1490280777537797
Epidermis 1,gpsm2,-3.7740414,-1.0121737,0.00016062402360101532,0.0009144212937640894,0.12682551883166795,0.2159827213822894
Epidermis 1,nova1,-3.774309,-1.2915967,0.00016045181410532624,0.0009136792890376628,0.15372790161414296,0.23218142548596113
Epidermis 1,dnm1,-3.7777858,-3.074458,0.000158228842694262,0.0009014912732197105,0.0207532667179093,0.11339092872570194
Epidermis 1,ggcx,-3.7778862,-1.261251,0.00015816515067039127,0.0009013637379938908,0.1137586471944658,0.19978401727861772
Epidermis 1,spice1,-3.7818646,-1.3183912,0.0001556580733310132,0.0008875398009291975,0.08531898539584935,0.17602591792656588
Epidermis 1,mrpl12,-3.7839372,-1.2469267,0.0001543667321951681,0.0008804068121355888,0.10991544965411222,0.1976241900647948
Epidermis 1,tubg1,-3.810482,-1.3302194,0.0001386960614404272,0.0007926890405163862,0.08147578785549578,0.17386609071274298
Epidermis 1,dgat2,-3.811251,-1.6170902,0.00013826527516912148,0.0007906411345559223,0.07532667179093006,0.1652267818574514
Epidermis 1,mrpl28,-3.8160317,-1.099735,0.00013561505848141026,0.0007756896962314162,0.1345119139123751,0.2203023758099352
Epidermis 1,capn8.5,-3.825727,-2.4575868,0.00013038674453929382,0.0007465676076074338,0.03151421983089931,0.12526997840172785
Epidermis 1,rab11fip5,-3.8372943,-2.1179576,0.00012439733812100366,0.0007133966662650252,0.03766333589546503,0.13174946004319654
Epidermis 1,mapk12,-3.8385646,-1.2857203,0.00012375558417265718,0.0007100895614597824,0.0930053804765565,0.18466522678185746
Epidermis 1,znf229,-3.841908,-1.5723614,0.00012208163896222497,0.0007008533132845859,0.06610299769408147,0.1587473002159827
Epidermis 1,exosc1,-3.844549,-1.7306203,0.00012077433953070667,0.000693713309528705,0.0622598001537279,0.15442764578833693
Epidermis 1,trdmt1,-3.8485608,-1.6756797,0.00011881379397787226,0.0006826318584494867,0.06072252113758647,0.15442764578833693
Epidermis 1,ppme1,-3.850667,-1.0421977,0.00011779655938696533,0.000677144025917537,0.13758647194465795,0.22462203023758098
Epidermis 1,lrrc75b,-3.8786495,-1.7891917,0.00010503801352488602,0.000604918050442475,0.0622598001537279,0.15442764578833693
Epidermis 1,fscn1,-3.8831627,-1.0036829,0.00010310653635849456,0.0005942651161856075,0.17294388931591084,0.25593952483801297
Epidermis 1,znf300,-3.883965,-1.0824608,0.00010276669138169954,0.000592619443086698,0.1299000768639508,0.21814254859611232
Epidermis 1,hgh1,-3.9117804,-1.1615964,9.161826262190915e-05,0.0005300111634869247,0.10760953112990007,0.20086393088552915
Epidermis 1,ush1c,-3.9118805,-2.8986442,9.15802136800283e-05,0.0005300049222590915,0.02536510376633359,0.12095032397408208
Epidermis 1,agap3,-3.9127831,-1.3329424,9.12384441853979e-05,0.0005282340383575398,0.1037663335895465,0.19438444924406048
Epidermis 1,rexo5,-3.9175973,-1.2272946,8.943592744583416e-05,0.0005182106672319563,0.10914681014604151,0.19978401727861772
Epidermis 1,hspbp1,-3.918099,-1.3341626,8.925011218532775e-05,0.0005172713673296246,0.10222905457340507,0.19222462203023757
Epidermis 1,nutf2,-3.9189012,-1.2699362,8.895356614383095e-05,0.0005156896298683675,0.10914681014604151,0.19978401727861772
Epidermis 1,LOC100490380,-3.9222777,-1.053733,8.771577244980342e-05,0.0005086489159253681,0.13297463489623368,0.22354211663066956
Epidermis 1,krr1,-3.922445,-1.5089259,8.765492024885554e-05,0.0005085017321319824,0.07840122982321292,0.1717062634989201
Epidermis 1,cfap300,-3.9243171,-1.2951815,8.697609493368685e-05,0.000504762065837229,0.08916218293620293,0.183585313174946
Epidermis 1,atp1b4,-3.9320734,-4.2755814,8.421637586389638e-05,0.0004892666500868165,0.009992313604919293,0.10691144708423327
Epidermis 1,crocc,-3.9431057,-1.0985173,8.043315881065435e-05,0.00046828494087707803,0.1291314373558801,0.21922246220302377
Epidermis 1,tomm40,-3.9509957,-1.4218619,7.782673492102575e-05,0.0004537155176894745,0.08993082244427364,0.18250539956803455
Epidermis 1,polr3k,-3.951096,-1.7844809,7.779412227046515e-05,0.00045364659061032073,0.06302843966179862,0.15766738660907129
Epidermis 1,pax8,-3.9529347,-2.7604234,7.719850867447079e-05,0.00045029368024208157,0.03228285933897002,0.1285097192224622
Epidermis 1,rbm8a,-3.9563112,-1.3603227,7.611595787976051e-05,0.00044409794569365084,0.08993082244427364,0.183585313174946
Epidermis 1,pif1,-3.9697175,-1.3107175,7.195791590095041e-05,0.00042039991509361147,0.10222905457340507,0.19438444924406048
Epidermis 1,LOC116407528,-3.9698846,-1.7557352,7.190745254947293e-05,0.0004202176009860869,0.0722521137586472,0.1652267818574514
Epidermis 1,rps15a,-3.9728935,-1.0154405,7.100481657918586e-05,0.00041516508643473063,0.1614142966948501,0.24838012958963282
Epidermis 1,wwc3,-3.9763036,-1.3750532,6.999478894673045e-05,0.0004096985755382525,0.0983858570330515,0.19114470842332612
Epidermis 1,htra1,-3.9932199,-1.2843924,6.518205505735138e-05,0.000382451633075145,0.15526518063028438,0.24190064794816415
Epidermis 1,btf3l4,-4.0001736,-1.0368385,6.329599577660437e-05,0.0003718852783632967,0.14834742505764797,0.23758099352051837
Epidermis 1,kars1,-4.0023804,-1.0641534,6.270841220605951e-05,0.0003686315363007609,0.13143735588009223,0.22354211663066956
Epidermis 1,rps21,-4.012744,-1.0787247,6.0016971376875294e-05,0.0003536673865554404,0.12221368178324366,0.21706263498920086
Epidermis 1,cpt1a,-4.0247793,-1.2432725,5.7028725613309906e-05,0.0003365126613326218,0.1245196003074558,0.21382289416846653
Epidermis 1,psma6,-4.0251136,-1.2773534,5.694776548102648e-05,0.0003361258292024557,0.1037663335895465,0.19870410367170627
Epidermis 1,pwp1,-4.0273204,-1.397876,5.6416152693948675e-05,0.00033316829984699706,0.09992313604919292,0.19330453563714903
Epidermis 1,stk33,-4.0419636,-1.5452161,5.3005505284684744e-05,0.00031370575829050873,0.07763259031514219,0.17386609071274298
Epidermis 1,rpl17,-4.0494523,-1.1371315,5.133768008728258e-05,0.0003040823879437006,0.1460415065334358,0.23326133909287258
Epidermis 1,cct8,-4.053397,-1.397107,5.047921716707112e-05,0.0002992412381968647,0.0830130668716372,0.18034557235421167
Epidermis 1,uchl5,-4.054199,-1.669663,5.030628773237534e-05,0.00029829714799134844,0.06533435818601076,0.1630669546436285
Epidermis 1,wdr24,-4.055871,-1.4106505,4.994781988487272e-05,0.00029625207331008635,0.08608762490392007,0.18250539956803455
Epidermis 1,dcaf4,-4.0559044,-1.1084647,4.994067528471318e-05,0.00029625207331008635,0.1345119139123751,0.2267818574514039
Epidermis 1,pacsin2,-4.0573087,-1.3533651,4.964147530517312e-05,0.0002945952223644772,0.09223674096848578,0.18898488120950324
Epidermis 1,imp4,-4.0657,-1.7511122,4.7888518124578885e-05,0.00028488968211462263,0.07455803228285934,0.1695464362850972
Epidermis 1,frs3,-4.0687757,-1.4710878,4.7260824294411196e-05,0.00028146245822280205,0.08147578785549578,0.17926565874730022
Epidermis 1,sntb2,-4.0720854,-1.786774,4.6594088352958374e-05,0.00027771909367656504,0.06840891621829362,0.1652267818574514
Epidermis 1,sh2b3,-4.0729547,-1.1416668,4.6420470459369744e-05,0.0002767598595338544,0.1452728670253651,0.234341252699784
Epidermis 1,tsen54,-4.07593,-1.153952,4.5830795532729346e-05,0.00027346835912488024,0.11683320522674866,0.21274298056155508
Epidermis 1,pop1,-4.0772004,-1.6838124,4.558119430625801e-05,0.0002720534028875427,0.0830130668716372,0.1771058315334773
Epidermis 1,bccip,-4.0889683,-1.5290054,4.332958205031467e-05,0.0002590060454351236,0.07686395080707148,0.17494600431965443
Epidermis 1,surf6,-4.1016054,-1.6724608,4.1029314536698156e-05,0.0002455569589976112,0.07532667179093006,0.1717062634989201
Epidermis 1,trim9,-4.1036115,-1.5725598,4.067502370467071e-05,0.00024357016801855643,0.08455034588777863,0.18142548596112312
Epidermis 1,ddx24,-4.103879,-1.387495,4.062800485806212e-05,0.0002433553922612609,0.09531129900076864,0.19222462203023757
Epidermis 1,ipo8,-4.106988,-1.3594152,4.008518201297224e-05,0.00024023585737573944,0.10530361260568794,0.19978401727861772
Epidermis 1,dhx35,-4.1077237,-1.2922065,3.995778272901477e-05,0.00023953812553017346,0.10453497309761722,0.20086393088552915
Epidermis 1,sox3,-4.1180873,-1.3217933,3.82029707809029e-05,0.00022933343202478188,0.11222136817832437,0.20734341252699784
Epidermis 1,ank2,-4.120227,-1.4101876,3.784991458231176e-05,0.00022733910985428708,0.11068408916218293,0.20518358531317496
Epidermis 1,bend4,-4.1211634,-2.1089141,3.769642843108633e-05,0.00022647956079150186,0.04304381245196003,0.14362850971922247
Epidermis 1,ceacam8l,-4.1230354,-3.3032055,3.7391226909009284e-05,0.00022489359492323363,0.018447348193697154,0.11987041036717062
Epidermis 1,pgm2l1,-4.1264787,-1.6764271,3.683598948190954e-05,0.0002217374142026891,0.0722521137586472,0.17062634989200864
Epidermis 1,prps1,-4.1278496,-1.2797291,3.661715827155299e-05,0.00022048096320186473,0.12682551883166795,0.21814254859611232
Epidermis 1,nipa2,-4.1288857,-1.2692872,3.64525205615323e-05,0.00021961083687829823,0.11068408916218293,0.20626349892008639
Epidermis 1,tp73,-4.1349034,-1.8636549,3.551036220040903e-05,0.00021440830480772704,0.07686395080707148,0.17278617710583152
Epidermis 1,ccdc150,-4.1375446,-1.4576201,3.5104202363938426e-05,0.0002120146138343483,0.0983858570330515,0.19330453563714903
Epidermis 1,myo5a,-4.142827,-1.1981132,3.430508016884614e-05,0.00020724561305769426,0.12067640276710223,0.2159827213822894
Epidermis 1,yaf2,-4.1475744,-1.2036068,3.360165063078753e-05,0.00020327741015093277,0.14219830899308225,0.23110151187904968
Epidermis 1,trmt44,-4.14841,-1.3695983,3.3479234478401365e-05,0.00020264920264998507,0.10453497309761722,0.20086393088552915
Epidermis 1,rtcb,-4.151486,-1.0409639,3.3032381056619044e-05,0.00019999988541522868,0.15372790161414296,0.2451403887688985
Epidermis 1,wbp4,-4.1685696,-1.1502382,3.065174585161908e-05,0.00018568899117939476,0.14219830899308225,0.234341252699784
Epidermis 1,ruvbl2,-4.1728487,-1.1072555,3.0081478433308056e-05,0.00018243689296642998,0.1291314373558801,0.22462203023758098
Epidermis 1,pimreg,-4.1748548,-1.3932006,2.9817650212930653e-05,0.000180937415265951,0.10760953112990007,0.20302375809935205
Epidermis 1,dcp1a,-4.179836,-1.0929424,2.917195584860151e-05,0.00017716706055450422,0.15295926210607225,0.24406047516198703
Epidermis 1,hnrnpr,-4.1941447,-1.4960787,2.7390315197208984e-05,0.0001668576404015347,0.08993082244427364,0.18898488120950324
Epidermis 1,fcho1,-4.1983237,-2.052959,2.6889816594870922e-05,0.00016390019215549675,0.05226748654880861,0.15334773218142547
Epidermis 1,wdr72,-4.2007976,-1.043209,2.659763246289111e-05,0.00016220987645968333,0.23674096848578016,0.31317494600431967
Epidermis 1,nceh1,-4.207551,-1.0549326,2.581534005587075e-05,0.00015757105884172187,0.1460415065334358,0.24190064794816415
Epidermis 1,polg,-4.2089214,-1.378425,2.5659252490682834e-05,0.00015677556716389032,0.10069177555726365,0.1976241900647948
Epidermis 1,runx1t1,-4.2185497,-1.6452292,2.4587864162414983e-05,0.0001504575950331064,0.09454265949269793,0.19114470842332612
Epidermis 1,sema3fl,-4.2196198,-2.8367512,2.4471483290804417e-05,0.00014978744372752965,0.029208301306687164,0.13174946004319654
Epidermis 1,il11ra,-4.223899,-1.2121099,2.4011179400321744e-05,0.00014705246862038192,0.1337432744043044,0.22786177105831534
Epidermis 1,ccdc82,-4.2268744,-1.3834131,2.3695992422975124e-05,0.00014516290024192593,0.10069177555726365,0.19978401727861772
Epidermis 1,urb2,-4.2283454,-1.5316906,2.3541627687279124e-05,0.0001442577528121645,0.08762490392006149,0.18682505399568033
Epidermis 1,LOC100492755,-4.237171,-1.0217,2.2635344322846666e-05,0.00013893835399967288,0.1491160645657187,0.2451403887688985
Epidermis 1,fbxo10,-4.239478,-1.8574241,2.2404005909727542e-05,0.00013763451941333467,0.06994619523443504,0.1695464362850972
Epidermis 1,rarb,-4.240481,-2.2164433,2.2304127433546725e-05,0.00013709813090913327,0.042275172943889314,0.14578833693304535
Epidermis 1,hprt1,-4.2443924,-1.6931574,2.191863589149818e-05,0.00013480455292795427,0.07993850883935434,0.17926565874730022
Epidermis 1,rpl35,-4.265254,-1.3288667,1.9967495118479887e-05,0.00012297790318384127,0.11299000768639508,0.21058315334773217
Epidermis 1,erf,-4.268062,-1.0180389,1.9717833542895024e-05,0.00012154317676257409,0.16295157571099156,0.2580993520518359
Epidermis 1,ppia,-4.281535,-1.034225,1.8560834788633197e-05,0.00011454071717272766,0.14373558800922367,0.24298056155507558
Epidermis 1,lbhd1,-4.2971144,-1.5970911,1.730359065156936e-05,0.00010690307236916619,0.0883935434281322,0.1879049676025918
Epidermis 1,mettl1,-4.3037004,-2.339715,1.6796873573962943e-05,0.00010389018658090856,0.04304381245196003,0.1468682505399568
Epidermis 1,asb7,-4.306977,-1.3844767,1.6550099176661833e-05,0.00010242192686725406,0.09607993850883935,0.1976241900647948
Epidermis 1,rpl15,-4.307545,-1.1587877,1.6507644600833888e-05,0.00010218817385384291,0.13912375096079937,0.23542116630669546
Epidermis 1,isca1,-4.3238263,-1.2978468,1.5334601472585255e-05,9.508847363832987e-05,0.1137586471944658,0.21274298056155508
Epidermis 1,nckap5l,-4.329677,-1.2973511,1.4932827010738959e-05,9.267611439173346e-05,0.11145272867025365,0.21166306695464362
Epidermis 1,ppp1r35,-4.336129,-1.1289008,1.450137081187221e-05,9.004963360440053e-05,0.1337432744043044,0.23218142548596113
Epidermis 1,dmrt2,-4.3445873,-3.2826624,1.3953764369717625e-05,8.677261108908756e-05,0.0207532667179093,0.12742980561555076
Epidermis 1,stx2,-4.346159,-1.198074,1.3854231771940385e-05,8.622737920579324e-05,0.1445042275172944,0.23974082073434125
Epidermis 1,ttc21b,-4.3624735,-1.8150747,1.2860020497996752e-05,8.019963054780998e-05,0.07071483474250577,0.17386609071274298
Epidermis 1,kiaa0753,-4.3626404,-1.3433896,1.2850195248505464e-05,8.016126658594561e-05,0.1037663335895465,0.20518358531317496
Epidermis 1,grwd1,-4.3644457,-1.9392447,1.2744537919076743e-05,7.955980904481914e-05,0.0668716372021522,0.1695464362850972
Epidermis 1,surf2,-4.3709316,-1.575323,1.2371751128861767e-05,7.737574702863072e-05,0.07993850883935434,0.183585313174946
Epidermis 1,eif4ebp2,-4.37267,-1.4525135,1.2273611233548394e-05,7.678396523143907e-05,0.09069946195234435,0.19438444924406048
Epidermis 1,ltv1,-4.3809276,-1.7076278,1.1817505368742836e-05,7.399419932606525e-05,0.07378939277478862,0.17818574514038876
Epidermis 1,ssx2ip,-4.381496,-1.7247744,1.1786715856890914e-05,7.382259664558457e-05,0.0722521137586472,0.1771058315334773
Epidermis 1,adgre2,-4.3925285,-4.0199823,1.1203990449855645e-05,7.021317507360713e-05,0.011529592621060722,0.11987041036717062
Epidermis 1,snx14,-4.40667,-1.3891912,1.0497183712637616e-05,6.584048456265176e-05,0.1083781706379708,0.21058315334773217
Epidermis 1,mrps15,-4.412822,-1.5328641,1.0203205742523508e-05,6.401499497055937e-05,0.08608762490392007,0.19114470842332612
Epidermis 1,zbtb17,-4.4138246,-1.2348742,1.0156026348622563e-05,6.373731692645756e-05,0.12144504227517294,0.22354211663066956
Epidermis 1,srek1ip1,-4.4218817,-1.1802213,9.784506059319532e-06,6.151187171432196e-05,0.13604919292851653,0.23542116630669546
Epidermis 1,gtf2b,-4.434519,-1.1785233,9.227815864777753e-06,5.807907989192828e-05,0.15757109915449655,0.25161987041036715
Epidermis 1,ccdc137,-4.438798,-1.6510736,9.046263361982463e-06,5.7002169454755804e-05,0.09223674096848578,0.19438444924406048
Epidermis 1,sdc2,-4.439801,-1.2672992,9.00420840122182e-06,5.675356196506683e-05,0.12067640276710223,0.2224622030237581
Epidermis 1,cry4,-4.450198,-1.2772993,8.579103550979488e-06,5.4121023008361776e-05,0.12759415833973867,0.22786177105831534
Epidermis 1,cbx1,-4.453575,-1.3184861,8.445222496553955e-06,5.3291845025246915e-05,0.11760184473481937,0.21922246220302377
Epidermis 1,rpl37,-4.463036,-1.1062428,8.08064366103421e-06,5.1035521078850216e-05,0.14219830899308225,0.24406047516198703
Epidermis 1,LOC101732101,-4.4653764,-1.2755,7.992813888657452e-06,5.049542323809909e-05,0.11145272867025365,0.2159827213822894
Epidermis 1,rasgef1a,-4.470157,-1.1428065,7.816218247109495e-06,4.940837148614608e-05,0.21983089930822444,0.30561555075593955
Epidermis 1,fam120a,-4.4735003,-1.1330532,7.694947838434172e-06,4.8684098806167604e-05,0.13681783243658724,0.23974082073434125
Epidermis 1,lrch2,-4.4740686,-1.7867671,7.67451160075801e-06,4.856888562649088e-05,0.0622598001537279,0.17062634989200864
Epidermis 1,cog6,-4.4758406,-1.0921417,7.611131181030354e-06,4.818175036300068e-05,0.14142966948501154,0.24406047516198703
Epidermis 1,irs1,-4.489882,-1.1596824,7.126271661867761e-06,4.524363512761606e-05,0.1345119139123751,0.2386609071274298
Epidermis 1,dusp11.2,-4.497805,-1.0159411,6.8658595481132915e-06,4.366654654601578e-05,0.1614142966948501,0.26457883369330454
Epidermis 1,unc45a,-4.5081687,-1.505864,6.5389504871295825e-06,4.166027403785536e-05,0.08916218293620293,0.19546436285097193
Epidermis 1,lzts2,-4.5126824,-1.8048784,6.401289884778189e-06,4.0807054214357244e-05,0.0668716372021522,0.17494600431965443
Epidermis 1,exosc2,-4.523146,-1.7954794,6.092708225272736e-06,3.889671918773446e-05,0.06764027671022291,0.17602591792656588
Epidermis 1,supv3l1,-4.5315375,-1.9966601,5.855588141849541e-06,3.743767619200084e-05,0.06379707916986933,0.17062634989200864
Epidermis 1,snrnp25,-4.53224,-1.2936631,5.8361549112482736e-06,3.7324365861180704e-05,0.10914681014604151,0.2159827213822894
Epidermis 1,ttc27,-4.5428376,-1.373434,5.550199995844901e-06,3.5526815520484475e-05,0.11683320522674866,0.2203023758099352
Epidermis 1,pcgf6,-4.5437737,-1.1261799,5.525597166616761e-06,3.539009561865111e-05,0.13220599538816294,0.2386609071274298
Epidermis 1,gfra1,-4.577707,-1.8695252,4.701006646244008e-06,3.021521827030648e-05,0.08378170637970792,0.1900647948164147
Epidermis 1,nudt21,-4.582989,-1.3278885,4.583758377200299e-06,2.947898365720239e-05,0.11452728670253651,0.2203023758099352
Epidermis 1,ldlrad3,-4.583357,-1.1115087,4.575700683448117e-06,2.9435838624269266e-05,0.16295157571099156,0.2634989200863931
Epidermis 1,rplp2,-4.586098,-1.5383958,4.516060389775507e-06,2.906073540704551e-05,0.0930053804765565,0.19978401727861772
Epidermis 1,kiaa1958,-4.593086,-1.4135227,4.3673995356569075e-06,2.8120692023478718e-05,0.11837048424289008,0.2224622030237581
Epidermis 1,slc39a6,-4.600307,-1.1405482,4.218691657952144e-06,2.7187262453683917e-05,0.1398923904688701,0.2451403887688985
Epidermis 1,LOC100486598,-4.6057563,-1.0851822,4.109697390851405e-06,2.6508337796561784e-05,0.1660261337432744,0.26673866090712745
Epidermis 1,s1pr5,-4.606893,-3.244189,4.087305062946669e-06,2.638730289306487e-05,0.01921598770176787,0.132829373650108
Epidermis 1,znf800,-4.6132116,-1.2002506,3.9649460038856696e-06,2.562010268012709e-05,0.15372790161414296,0.2548596112311015
Epidermis 1,neurl1,-4.614649,-3.7707214,3.9376020535275736e-06,2.5450952135670964e-05,0.014604150653343582,0.1285097192224622
Epidermis 1,gpam,-4.6197305,-1.7997395,3.842385769394574e-06,2.4857604469006525e-05,0.0730207532667179,0.18250539956803455
Epidermis 1,farsa,-4.6297603,-1.2476579,3.6608954218541635e-06,2.371864578393103e-05,0.12221368178324366,0.23002159827213822
Epidermis 1,rwdd1,-4.6336384,-1.31191,3.5929466668840936e-06,2.3292242786119374e-05,0.11837048424289008,0.22570194384449244
Epidermis 1,sall2,-4.650722,-1.3419925,3.3077522199297367e-06,2.1500882094455402e-05,0.13758647194465795,0.24190064794816415
Epidermis 1,mab21l3,-4.650889,-4.0129595,3.3050719650700875e-06,2.148986154642264e-05,0.011529592621060722,0.1263498920086393
Epidermis 1,apex1,-4.662423,-1.2576727,3.1250810966944696e-06,2.0337725801064725e-05,0.1245196003074558,0.23218142548596113
Epidermis 1,cthrc1,-4.666468,-3.6472461,3.0642106396078694e-06,1.9947535908974736e-05,0.016910069177555727,0.13174946004319654
Epidermis 1,otub2,-4.672285,-1.8485568,2.9786680392431516e-06,1.9413833716942897e-05,0.06456571867794005,0.1771058315334773
Epidermis 1,nol7,-4.675829,-1.137643,2.9276839213476693e-06,1.9110078028036938e-05,0.15372790161414296,0.2580993520518359
Epidermis 1,taf9b,-4.676063,-1.0688488,2.924346682452014e-06,1.9094006271030936e-05,0.16679477325134512,0.27213822894168466
Epidermis 1,c11orf49,-4.676264,-1.2831532,2.921489097177177e-06,1.9081057644269135e-05,0.12144504227517294,0.23110151187904968
Epidermis 1,LOC105945411,-4.684722,-1.2807537,2.803402897195476e-06,1.8337246588639835e-05,0.13220599538816294,0.2386609071274298
Epidermis 1,dcaf1,-4.6848555,-1.2594367,2.801573217516216e-06,1.8330773367142833e-05,0.1291314373558801,0.23650107991360692
Epidermis 1,pno1,-4.686661,-1.8707634,2.776984419822625e-06,1.8175338039876877e-05,0.07609531129900077,0.1857451403887689
Epidermis 1,rcc1,-4.6912746,-1.5199645,2.7150836555998854e-06,1.7786202476386998e-05,0.10530361260568794,0.21382289416846653
Epidermis 1,rnf150,-4.69776,-2.217531,2.6302987396526823e-06,1.7251502494127195e-05,0.05226748654880861,0.1652267818574514
Epidermis 1,LOC100486247,-4.7000337,-1.5780218,2.6011863057941793e-06,1.7065690432572094e-05,0.10299769408147579,0.21058315334773217
Epidermis 1,LOC116406464,-4.7014046,-1.8435394,2.5837829395734233e-06,1.6966815385023074e-05,0.0722521137586472,0.183585313174946
Epidermis 1,akap8,-4.701839,-1.0303478,2.5782881740807888e-06,1.693582969494789e-05,0.16679477325134512,0.2732181425485961
Epidermis 1,filip1l,-4.7035775,-1.9431056,2.5564210633490437e-06,1.6802308440764906e-05,0.0622598001537279,0.17494600431965443
Epidermis 1,tsr2,-4.705282,-1.575984,2.535147455554224e-06,1.6677555811772302e-05,0.08993082244427364,0.20086393088552915
Epidermis 1,exosc7,-4.7064524,-1.5202471,2.5206463577918928e-06,1.6587160486543094e-05,0.10991544965411222,0.2159827213822894
Epidermis 1,ddhd1,-4.7138076,-1.3218663,2.4313034089275074e-06,1.6013725229763698e-05,0.13220599538816294,0.23758099352051837
Epidermis 1,taf1a,-4.713841,-1.828987,2.4309043315651785e-06,1.6013725229763698e-05,0.07916986933128363,0.18898488120950324
Epidermis 1,cbx2,-4.725642,-1.6830704,2.2938907088841825e-06,1.5126923287567767e-05,0.08378170637970792,0.19546436285097193
Epidermis 1,terf1,-4.746604,-1.4363683,2.06860332744911e-06,1.3678482790383948e-05,0.10684089162182936,0.21706263498920086
Epidermis 1,parva,-4.7480416,-1.4787216,2.053957808659621e-06,1.358575730304989e-05,0.09684857801691008,0.20950323974082075
Epidermis 1,rpl7,-4.7548285,-1.199196,1.986151863134982e-06,1.3145228937054425e-05,0.13912375096079937,0.2473002159827214
Epidermis 1,eif6,-4.7580376,-1.9328151,1.9548399198866423e-06,1.2945845794187077e-05,0.0668716372021522,0.18034557235421167
Epidermis 1,hnf1b,-4.7662287,-1.3259838,1.8770639514759129e-06,1.2434551452688492e-05,0.20445810914681015,0.3002159827213823
Epidermis 1,ctu2,-4.7698393,-1.0401942,1.8437312351289755e-06,1.2217448916413415e-05,0.17448116833205227,0.2796976241900648
Epidermis 1,LOC101735263,-4.782744,-1.1431835,1.7291850298596428e-06,1.1479326600720191e-05,0.1498847040737894,0.2570194384449244
Epidermis 1,naa16,-4.7917705,-1.8415018,1.653160894050425e-06,1.0988006052109147e-05,0.07455803228285934,0.1879049676025918
Epidermis 1,kat14,-4.797086,-1.1255572,1.6099051972546083e-06,1.071028698454049e-05,0.16218293620292082,0.26997840172786175
Epidermis 1,svip,-4.799125,-1.2443165,1.5936007434748013e-06,1.0605050876292661e-05,0.12605687932359724,0.2386609071274298
Epidermis 1,nckipsd,-4.806146,-1.0059633,1.5386757886075475e-06,1.0248914646888063e-05,0.18524212144504226,0.28833693304535635
Epidermis 1,coq8a,-4.80862,-1.2742078,1.5197585267340796e-06,1.0126000247897512e-05,0.1299000768639508,0.2408207343412527
Epidermis 1,pmepa1,-4.810693,-1.5150228,1.5040812713348688e-06,1.0024605199083132e-05,0.1137586471944658,0.22462203023758098
Epidermis 1,col14a1,-4.820622,-4.4246492,1.4311136957369517e-06,9.549948609992669e-06,0.009223674096848577,0.1285097192224622
Epidermis 1,exosc9,-4.8211904,-1.5991356,1.4270417725634005e-06,9.528604198012842e-06,0.08685626441199078,0.20086393088552915
Epidermis 1,pak1ip1,-4.8229957,-1.3787614,1.4141811959752248e-06,9.45430388399981e-06,0.12144504227517294,0.23110151187904968
Epidermis 1,nfyb,-4.8258038,-1.0790316,1.394397119630915e-06,9.32489719505553e-06,0.1706379707916987,0.2775377969762419
Epidermis 1,ccne1,-4.831788,-1.0560125,1.353122270451289e-06,9.051649620943462e-06,0.18447348193697155,0.28833693304535635
Epidermis 1,LOC116410852,-4.835031,-1.6198511,1.3312489788425556e-06,8.910792628013315e-06,0.09531129900076864,0.2084233261339093
Epidermis 1,wnt3a,-4.8449936,-1.9326295,1.2661573399721632e-06,8.48550961779256e-06,0.07763259031514219,0.19222462203023757
Epidermis 1,twf2,-4.853485,-1.3257676,1.2131033719499842e-06,8.134950423884637e-06,0.12221368178324366,0.23542116630669546
Epidermis 1,prkar1a,-4.8545218,-1.3945878,1.2067766469163465e-06,8.09750098781107e-06,0.09607993850883935,0.21274298056155508
Epidermis 1,c1h12orf43,-4.864785,-1.9237082,1.1458116043731085e-06,7.70263555730918e-06,0.0722521137586472,0.18682505399568033
Epidermis 1,adam28.1,-4.866156,-1.6472756,1.1378975410664396e-06,7.654149890138958e-06,0.09146810146041506,0.20518358531317496
Epidermis 1,cd99l2,-4.879896,-2.2925894,1.0614159792466682e-06,7.150712591275563e-06,0.04842428900845504,0.16630669546436286
Epidermis 1,stxbp3,-4.886282,-1.0609016,1.0275807641808634e-06,6.927043514115113e-06,0.180630284396618,0.28833693304535635
Epidermis 1,mgmt,-4.9058394,-1.5857911,9.302862483228203e-07,6.275046746414919e-06,0.1083781706379708,0.2203023758099352
Epidermis 1,arl5c,-4.9126596,-1.5175784,8.984925138481026e-07,6.064338120841153e-06,0.10222905457340507,0.21706263498920086
Epidermis 1,ccnd2,-4.9153676,-1.3918636,8.861609568737191e-07,5.984809111711985e-06,0.13528055342044581,0.24622030237580994
Epidermis 1,rpl27,-4.920683,-1.4779508,8.624268117836773e-07,5.8317370498703505e-06,0.10299769408147579,0.21814254859611232
Epidermis 1,dlgap4,-4.932986,-1.3685905,8.098197707201997e-07,5.481103355113362e-06,0.1137586471944658,0.23002159827213822
Epidermis 1,trps1,-4.935527,-1.488529,7.993471307870418e-07,5.4152603976727854e-06,0.11683320522674866,0.23002159827213822
Epidermis 1,znf143,-4.9437175,-1.0689498,7.664672961459937e-07,5.195738698105539e-06,0.1660261337432744,0.2775377969762419
Epidermis 1,ncbp2,-4.9518747,-1.1030142,7.350185511536851e-07,4.988752660878557e-06,0.1813989239046887,0.2861771058315335
Epidermis 1,LOC105947943,-4.9541483,-2.1161242,7.26478043650483e-07,4.932320283290974e-06,0.05226748654880861,0.17278617710583152
Epidermis 1,eif2s3,-4.9683566,-1.0499301,6.75226583220717e-07,4.591498682598712e-06,0.18447348193697155,0.2937365010799136
Epidermis 1,usp28,-4.9769487,-1.2700794,6.45944347894424e-07,4.399235835020046e-06,0.1337432744043044,0.24838012958963282
Epidermis 1,ereg,-4.977283,-4.844808,6.448300621857978e-07,4.393018041509926e-06,0.007686395080707148,0.1306695464362851
Epidermis 1,batf2,-4.983167,-1.3682008,6.255192092120322e-07,4.262790338605796e-06,0.11068408916218293,0.22786177105831534
Epidermis 1,nip7,-4.984872,-2.1688,6.200284156833763e-07,4.226691677171806e-06,0.05764796310530361,0.1771058315334773
Epidermis 1,camsap2,-4.9985456,-1.528434,5.776434991421001e-07,3.946386598240378e-06,0.11683320522674866,0.23002159827213822
Epidermis 1,plppr3,-5.002357,-1.9723932,5.663364500606251e-07,3.871562555379981e-06,0.07071483474250577,0.18898488120950324
Epidermis 1,c1orf35,-5.010982,-1.6669726,5.41529250800863e-07,3.703136879262185e-06,0.0883935434281322,0.20734341252699784
Epidermis 1,cnot11,-5.0146933,-1.3012514,5.311817727178504e-07,3.634655836461654e-06,0.11452728670253651,0.234341252699784
Epidermis 1,stard7,-5.0336823,-1.9016384,4.811467151024263e-07,3.3016045503930954e-06,0.0668716372021522,0.1879049676025918
Epidermis 1,xkr5,-5.0365577,-1.307486,4.739788424284726e-07,3.2534420637407048e-06,0.13297463489623368,0.24838012958963282
Epidermis 1,hdac10,-5.0394993,-1.2392446,4.667509343614027e-07,3.205845810103925e-06,0.14296694850115296,0.2580993520518359
Epidermis 1,dhx33,-5.047657,-1.5375013,4.4726164126563093e-07,3.07779762663429e-06,0.09992313604919292,0.21814254859611232
Epidermis 1,heatr5a,-5.054209,-1.1776786,4.321771778161057e-07,2.975871946079281e-06,0.15449654112221367,0.2678185745140389
Epidermis 1,gar1,-5.0690866,-1.479276,3.997294437614364e-07,2.759410374032997e-06,0.11299000768639508,0.23002159827213822
Epidermis 1,xkr4,-5.0831947,-1.4826314,3.7113883618394637e-07,2.565290004551756e-06,0.12221368178324366,0.23974082073434125
Epidermis 1,clip2,-5.0876746,-1.6994201,3.624806332446944e-07,2.50703324818779e-06,0.11299000768639508,0.22786177105831534
Epidermis 1,gcsh,-5.099643,-1.0954599,3.402944218924712e-07,2.357322088925592e-06,0.16679477325134512,0.28293736501079914
Epidermis 1,c15orf39,-5.10195,-1.0641315,3.3617167850527635e-07,2.3302421209223745e-06,0.18831667947732514,0.2991360691144708
Epidermis 1,cdk5rap2,-5.1111436,-1.2063098,3.202143411756782e-07,2.2231616731767338e-06,0.15603382013835512,0.2710583153347732
Epidermis 1,nagpa,-5.11666,-1.4888916,3.109936399430282e-07,2.162279267906033e-06,0.10607225211375865,0.22570194384449244
Epidermis 1,hydin,-5.122042,-1.1557958,3.0224388128877093e-07,2.1030815477048054e-06,0.15680245964642583,0.27213822894168466
Epidermis 1,irx2,-5.1277595,-1.255855,2.932110741547544e-07,2.0415312218030935e-06,0.16448885472713298,0.275377969762419
Epidermis 1,nsmce2,-5.1279263,-1.1765286,2.929509193908879e-07,2.04037089435958e-06,0.15680245964642583,0.2732181425485961
Epidermis 1,ncs1,-5.135616,-1.1128182,2.812218051630527e-07,1.9593042817570156e-06,0.17140661029976942,0.28509719222462204
Epidermis 1,wdr74,-5.136151,-1.8657843,2.8042296098853325e-07,1.9543626418814384e-06,0.07763259031514219,0.19870410367170627
Epidermis 1,wdr82,-5.1422353,-1.3779426,2.714889669120255e-07,1.893913282284945e-06,0.1245196003074558,0.24406047516198703
Epidermis 1,mre11,-5.181785,-1.88689,2.1977255166223135e-07,1.5415161844492286e-06,0.07609531129900077,0.19870410367170627
Epidermis 1,naglu,-5.1862984,-2.161016,2.145152245468824e-07,1.5060928940918666e-06,0.04996156802459646,0.1771058315334773
Epidermis 1,ildr2,-5.1870003,-1.0319571,2.1370841909950962e-07,1.500911301310074e-06,0.21060722521137587,0.3185745140388769
Epidermis 1,cdc34,-5.190945,-1.3448156,2.0922918604943603e-07,1.4703993780305133e-06,0.12682551883166795,0.24622030237580994
Epidermis 1,cdk2,-5.205354,-1.4721572,1.9362682557851166e-07,1.3627512829862824e-06,0.10914681014604151,0.23218142548596113
Epidermis 1,ensa,-5.2060227,-1.117972,1.929308179961535e-07,1.3584844722471975e-06,0.16448885472713298,0.28293736501079914
Epidermis 1,zbtb8os,-5.213311,-1.6027154,1.854994695398527e-07,1.3070015901934536e-06,0.09684857801691008,0.21922246220302377
Epidermis 1,tmem209,-5.217724,-1.0215578,1.811350681181197e-07,1.276662894510817e-06,0.1975403535741737,0.3120950323974082
Epidermis 1,c2cd2l,-5.2281213,-1.3518802,1.7124115091539836e-07,1.2080999528370216e-06,0.1291314373558801,0.2473002159827214
Epidermis 1,tmem19,-5.229325,-1.1940902,1.7013019869610653e-07,1.2006504093621413e-06,0.15680245964642583,0.2732181425485961
Epidermis 1,pwp2,-5.2302275,-1.5956228,1.6930156094101004e-07,1.1951890525052671e-06,0.0983858570330515,0.22138228941684665
Epidermis 1,smpd4,-5.2363453,-1.5119884,1.6378721555995137e-07,1.156634573052977e-06,0.11299000768639508,0.23326133909287258
Epidermis 1,rpl23,-5.2406583,-1.1166365,1.600048428437171e-07,1.1302899565207999e-06,0.16448885472713298,0.2840172786177106
Epidermis 1,coro2a,-5.2410927,-2.80523,1.5962839245792771e-07,1.1279958393213862e-06,0.034588777863182166,0.16198704103671707
Epidermis 1,pfkfb1,-5.25597,-1.2916529,1.4724634360887086e-07,1.042863506617712e-06,0.14142966948501154,0.2602591792656587
Epidermis 1,neil1,-5.264261,-1.3314526,1.4075436593328577e-07,9.978560815562796e-07,0.13143735588009223,0.2526997840172786
Epidermis 1,fat3,-5.276865,-2.123874,1.3141278674789352e-07,9.340581171419493e-07,0.06456571867794005,0.19114470842332612
Epidermis 1,rab3a,-5.2828827,-1.1305717,1.271669703590821e-07,9.05058858514524e-07,0.18831667947732514,0.30561555075593955
Epidermis 1,hspa9,-5.2853565,-1.8781096,1.2546023531699188e-07,8.932031957103033e-07,0.08455034588777863,0.2084233261339093
Epidermis 1,jade2,-5.3064184,-1.3797046,1.1180016055885188e-07,7.972520599851983e-07,0.1245196003074558,0.24838012958963282
Epidermis 1,focad,-5.3068867,-1.709978,1.1151358499716939e-07,7.954684335479678e-07,0.08916218293620293,0.21490280777537796
Epidermis 1,impdh2,-5.312135,-1.2347852,1.0834813978660902e-07,7.736468449880875e-07,0.15987701767870868,0.27645788336933047
Epidermis 1,masp1,-5.3174844,-1.1041552,1.0521174422710602e-07,7.517437690830649e-07,0.26364335126825517,0.36069114470842334
Epidermis 1,fyn,-5.3219643,-1.7353915,1.0265278906053251e-07,7.337001343235768e-07,0.0983858570330515,0.22138228941684665
Epidermis 1,clcn6,-5.3252406,-1.3150359,1.008195611939438e-07,7.210696967594388e-07,0.1337432744043044,0.2570194384449244
Epidermis 1,dph1,-5.3284163,-1.2041408,9.907272378904193e-08,7.088084937051422e-07,0.1614142966948501,0.28077753779697623
Epidermis 1,znf646,-5.3332305,-1.0285115,9.648062164874624e-08,6.916240620884665e-07,0.20061491160645656,0.31641468682505397
Epidermis 1,trim69.1,-5.334568,-1.2598323,9.5772323344724e-08,6.867722207378319e-07,0.1445042275172944,0.2678185745140389
Epidermis 1,rpl26,-5.3396163,-1.07426,9.3143588242308e-08,6.685809996826984e-07,0.196771714066103,0.31101511879049676
Epidermis 1,grk4,-5.346269,-1.3918223,8.978571660884475e-08,6.446903988554133e-07,0.13528055342044581,0.25593952483801297
Epidermis 1,dhx30,-5.346804,-1.4235774,8.952088676684472e-08,6.430004180840416e-07,0.11683320522674866,0.24190064794816415
Epidermis 1,snrpb,-5.3510165,-1.2934481,8.7461616120432e-08,6.288302884230466e-07,0.1345119139123751,0.2580993520518359
Epidermis 1,slit1,-5.3517184,-2.1381514,8.712289358449861e-08,6.266014043860725e-07,0.10299769408147579,0.2224622030237581
Epidermis 1,sub1,-5.353758,-1.0961698,8.61461727435519e-08,6.197809546445915e-07,0.17371252882398155,0.2937365010799136
Epidermis 1,safb,-5.3567,-1.2515789,8.475579041276403e-08,6.099789256586161e-07,0.14219830899308225,0.265658747300216
Epidermis 1,rpl19,-5.3644557,-1.1941149,8.119358794337562e-08,5.851140298918095e-07,0.16910069177555725,0.28725701943844495
Epidermis 1,mycl,-5.3653584,-2.8875258,8.078856338141696e-08,5.823875921856292e-07,0.03228285933897002,0.1630669546436285
Epidermis 1,rpl8,-5.3684344,-1.1229364,7.942311839620494e-08,5.731123897234088e-07,0.16679477325134512,0.2894168466522678
Epidermis 1,rpl7a,-5.373984,-1.0797536,7.701571368584555e-08,5.559245412963399e-07,0.1929285165257494,0.3099352051835853
Epidermis 1,mtfr2,-5.3898306,-1.2867458,7.052413073049389e-08,5.099095615209103e-07,0.15603382013835512,0.27429805615550756
Epidermis 1,dip2a,-5.3935413,-1.7004228,6.90823535542636e-08,4.998163252346108e-07,0.09684857801691008,0.2224622030237581
Epidermis 1,ppp4r1l,-5.401665,-1.3445379,6.602500931954567e-08,4.783305871055133e-07,0.12528823981552653,0.25161987041036715
Epidermis 1,ercc3,-5.406747,-1.0522504,6.417967994562186e-08,4.655800518927576e-07,0.20522674865488086,0.31965442764578833
Epidermis 1,myh6,-5.4091206,-1.5707103,6.333493323723384e-08,4.597576773684895e-07,0.10914681014604151,0.23542116630669546
Epidermis 1,LOC116407600,-5.4218917,-1.033041,5.8971631510452804e-08,4.289399903965302e-07,0.19830899308224442,0.3174946004319654
Epidermis 1,epn2,-5.429447,-1.1285694,5.652887331084432e-08,4.1130928460017805e-07,0.1652574942352037,0.2894168466522678
Epidermis 1,polrmt,-5.435465,-1.4175231,5.465373966238274e-08,3.9806383617251467e-07,0.1398923904688701,0.2613390928725702
Epidermis 1,aggf1,-5.438106,-1.1635584,5.384992976216461e-08,3.9234033967953053e-07,0.16448885472713298,0.28725701943844495
Epidermis 1,LOC116407555,-5.4402456,-1.1895429,5.320715369448557e-08,3.879162381447944e-07,0.15910837817063797,0.28077753779697623
Epidermis 1,pde3b,-5.4407806,-1.4427053,5.3047625226025034e-08,3.868824298319159e-07,0.1245196003074558,0.24946004319654427
Epidermis 1,rpl24,-5.4566274,-1.0430968,4.85263686454744e-08,3.545008002051881e-07,0.18985395849346656,0.3120950323974082
Epidermis 1,septin5,-5.456895,-1.833927,4.845336229209536e-08,3.540860075605535e-07,0.08070714834742505,0.21058315334773217
Epidermis 1,slc66a3,-5.4662223,-2.19324,4.5972823522612126e-08,3.361839752302008e-07,0.04996156802459646,0.183585313174946
Epidermis 1,rassf2,-5.48588,-3.4817448,4.114161998400788e-08,3.012588220372604e-07,0.029208301306687164,0.16198704103671707
Epidermis 1,usp45,-5.490761,-1.2930287,4.0020560576240905e-08,2.9314825523133695e-07,0.15142198308993082,0.27429805615550756
Epidermis 1,mapkapk2,-5.5025625,-1.0212847,3.743106753034259e-08,2.746413330798943e-07,0.2175249807840123,0.33369330453563717
Epidermis 1,n4bp1,-5.5043344,-1.1360993,3.705658368491802e-08,2.7198510346067815e-07,0.17524980784012298,0.296976241900648
Epidermis 1,znf674,-5.51199,-1.323331,3.5479878059937704e-08,2.6076336111347275e-07,0.13066871637202152,0.2591792656587473
Epidermis 1,fam168a,-5.5162024,-1.3829918,3.4640300280774615e-08,2.547644059409447e-07,0.12605687932359724,0.25377969762419006
Epidermis 1,tet2,-5.530177,-1.1751006,3.19907807992687e-08,2.3567549892668547e-07,0.22521137586471945,0.33369330453563717
Epidermis 1,lars2,-5.548431,-1.7651634,2.8824502696678026e-08,2.1292466937854135e-07,0.09992313604919292,0.22786177105831534
Epidermis 1,efs,-5.548631,-1.0187814,2.8791457178575714e-08,2.1275258621527282e-07,0.20292083013066872,0.3250539956803456
Epidermis 1,plod3,-5.550303,-1.1205862,2.8517503633518204e-08,2.1079960934518995e-07,0.18216756341275941,0.30561555075593955
Epidermis 1,tango6,-5.5512056,-1.4537399,2.8370622112263638e-08,2.0985604919040842e-07,0.12221368178324366,0.2505399568034557
Epidermis 1,LOC101731710,-5.560633,-1.4072993,2.687974188951635e-08,1.9909804744437758e-07,0.1245196003074558,0.2526997840172786
Epidermis 1,tgif1,-5.5712314,-1.5090994,2.529454182697514e-08,1.874837626380518e-07,0.12221368178324366,0.24946004319654427
Epidermis 1,snai1,-5.588582,-1.601107,2.2893093894326627e-08,1.6985726007075867e-07,0.1291314373558801,0.2526997840172786
Epidermis 1,pnhd,-5.590053,-1.2474996,2.2699999210316608e-08,1.6848186488718323e-07,0.16218293620292082,0.28725701943844495
Epidermis 1,LOC100488689,-5.5978093,-1.5523828,2.1707720330814106e-08,1.612816361384728e-07,0.1083781706379708,0.23974082073434125
Epidermis 1,epb41l1,-5.617534,-1.4197328,1.937019185167954e-08,1.4425834689266188e-07,0.1452728670253651,0.2688984881209503
Epidermis 1,bach2,-5.6249228,-1.863846,1.8559122933774948e-08,1.383596247140086e-07,0.08916218293620293,0.22138228941684665
Epidermis 1,btf3,-5.649027,-1.5697814,1.613586783135117e-08,1.2049992195342707e-07,0.11145272867025365,0.24190064794816415
Epidermis 1,st7l,-5.6645727,-1.4309442,1.4739146524530934e-08,1.1018256810955447e-07,0.14142966948501154,0.2678185745140389
Epidermis 1,larp7,-5.6655755,-1.1127206,1.4653185722603496e-08,1.0961507221560881e-07,0.191391237509608,0.31317494600431967
Epidermis 1,jpt2,-5.6723623,-1.2037392,1.4084182241536477e-08,1.0557572679236259e-07,0.17217524980784013,0.2980561555075594
Epidermis 1,gpatch2,-5.672964,-1.2407407,1.4034777624539858e-08,1.0524154039349973e-07,0.16910069177555725,0.2915766738660907
Epidermis 1,raf1,-5.689747,-1.0354725,1.2722797494233788e-08,9.560060747991579e-08,0.22136817832436587,0.3390928725701944
Epidermis 1,prkag1,-5.699609,-1.3999697,1.200824995261933e-08,9.026249473513828e-08,0.13835511145272866,0.2688984881209503
Epidermis 1,atrip,-5.728561,-1.987148,1.0128618088599704e-08,7.629153445334282e-08,0.0722521137586472,0.20950323974082075
Epidermis 1,tbx2,-5.732138,-1.1838591,9.91724647792111e-09,7.475103122442714e-08,0.18370484242890084,0.3099352051835853
Epidermis 1,tktl2,-5.73284,-2.0475652,9.87626861741213e-09,7.446788441622326e-08,0.07993850883935434,0.21382289416846653
Epidermis 1,atxn10,-5.7356486,-1.515786,9.713996752696619e-09,7.326965888026025e-08,0.1137586471944658,0.24838012958963282
Epidermis 1,nol6,-5.7420673,-1.2034571,9.352761291344395e-09,7.056936519309336e-08,0.15987701767870868,0.2915766738660907
Epidermis 1,cspg4,-5.771989,-1.6140667,7.834135265760641e-09,5.9295409515838695e-08,0.10991544965411222,0.24406047516198703
Epidermis 1,skp2,-5.7755327,-1.150443,7.671008939605579e-09,5.812121044136575e-08,0.17371252882398155,0.30669546436285094
Epidermis 1,cstf2,-5.7958922,-1.0422608,6.795881544379409e-09,5.158014997561846e-08,0.207532667179093,0.33369330453563717
Epidermis 1,wwp1,-5.7959595,-1.0565765,6.79317413116323e-09,5.15775409589815e-08,0.202152190622598,0.32937365010799136
Epidermis 1,caskin2,-5.812809,-1.3064677,6.143318407996228e-09,4.670848466232951e-08,0.1606456571867794,0.28833693304535635
Epidermis 1,fbxl13,-5.8171883,-2.245967,5.984566355831351e-09,4.55173309343311e-08,0.05841660261337433,0.19870410367170627
Epidermis 1,rab34,-5.8321323,-1.4135448,5.4723458970819835e-09,4.165052662023926e-08,0.1337432744043044,0.2678185745140389
Epidermis 1,mak16,-5.836579,-1.3380243,5.3283552652265e-09,4.063965055662616e-08,0.1491160645657187,0.28077753779697623
Epidermis 1,gkap1,-5.8388186,-1.142442,5.257221609704181e-09,4.01251601068048e-08,0.17524980784012298,0.30885529157667385
Epidermis 1,lpp,-5.8421955,-1.5005491,5.151733363125621e-09,3.9347558178776396e-08,0.1345119139123751,0.265658747300216
Epidermis 1,esco2,-5.8451376,-1.1861817,5.061503976812514e-09,3.867194617577937e-08,0.17524980784012298,0.30669546436285094
Epidermis 1,cct4,-5.8518906,-1.2767394,4.860163442432544e-09,3.7159644876426257e-08,0.1660261337432744,0.2958963282937365
Epidermis 1,nfe2l3,-5.856404,-1.6628293,4.729971751893229e-09,3.620228467136519e-08,0.1245196003074558,0.25593952483801297
Epidermis 1,LOC100486629,-5.8725514,-2.5461535,4.291386056967297e-09,3.290313954641019e-08,0.04688700999231361,0.1900647948164147
Epidermis 1,znf282,-5.8738217,-1.6155882,4.258611491665053e-09,3.266332560970936e-08,0.11606456571867795,0.2505399568034557
Epidermis 1,gna11,-5.896589,-1.0025644,3.710930690740123e-09,2.854290398401136e-08,0.2175249807840123,0.34557235421166305
Epidermis 1,dis3l,-5.9110312,-1.7422166,3.3997238043142526e-09,2.6176913597015283e-08,0.10530361260568794,0.24298056155507558
Epidermis 1,nfasc,-5.917584,-1.4433739,3.2670514165374488e-09,2.5164253074572424e-08,0.18370484242890084,0.30885529157667385
Epidermis 1,notum,-5.9296193,-1.4304886,3.036377230896314e-09,2.3412292422398753e-08,0.14757878554957723,0.2818574514038877
Epidermis 1,acss3,-5.930923,-2.15048,3.012360995260381e-09,2.3235323180479596e-08,0.09454265949269793,0.23002159827213822
Epidermis 1,kcnab2,-5.9534564,-1.5742127,2.6253816178574852e-09,2.032947206645429e-08,0.11837048424289008,0.25593952483801297
Epidermis 1,LOC549154,-5.9547935,-1.3436646,2.6040048317359513e-09,2.017110026031601e-08,0.15372790161414296,0.28725701943844495
Epidermis 1,LOC100485259,-5.959006,-4.4386673,2.5377700719597854e-09,1.9665014467412814e-08,0.014604150653343582,0.16090712742980562
Epidermis 1,kcnt2,-5.9692693,-1.6080178,2.3831833234084092e-09,1.849997982927602e-08,0.1245196003074558,0.2613390928725702
Epidermis 1,rprd1a,-5.974786,-1.2142074,2.3039293259284504e-09,1.789111808579527e-08,0.16910069177555725,0.3045356371490281
Epidermis 1,msl2,-5.976056,-1.0084589,2.2860439005063955e-09,1.777120197825082e-08,0.2275172943889316,0.3542116630669546
Epidermis 1,cdk2ap1,-5.98301,-1.4794797,2.1905152921681367e-09,1.704680249301031e-08,0.1299000768639508,0.26673866090712745
Epidermis 1,LOC105945412,-5.983946,-1.5996816,2.1779564278369725e-09,1.696116602849057e-08,0.1083781706379708,0.24946004319654427
Epidermis 1,rfwd3,-5.9919696,-2.127513,2.0731475747373405e-09,1.6173812380530395e-08,0.0722521137586472,0.21382289416846653
Epidermis 1,fbln7,-6.000996,-1.963103,1.9611068709322983e-09,1.530519064041977e-08,0.09146810146041506,0.23110151187904968
Epidermis 1,jade3,-6.0168095,-1.2857351,1.778884099523684e-09,1.391291395545029e-08,0.16372021521906227,0.296976241900648
Epidermis 1,pitpna,-6.022994,-1.4011885,1.7121958907368757e-09,1.340575045991007e-08,0.14142966948501154,0.2796976241900648
Epidermis 1,mertk,-6.041783,-1.0216626,1.5242053749258466e-09,1.1968220757918999e-08,0.2582628747117602,0.37904967602591794
Epidermis 1,tmem132e,-6.0429864,-1.6033585,1.5128744011519951e-09,1.1887804215894016e-08,0.1345119139123751,0.26997840172786175
Epidermis 1,tagln2,-6.047232,-1.3684824,1.473553138544648e-09,1.1582998211881399e-08,0.15219062259800153,0.28725701943844495
Epidermis 1,gars1,-6.054654,-1.6157672,1.407197579557234e-09,1.1073371216559107e-08,0.12221368178324366,0.2580993520518359
Epidermis 1,polr1e,-6.0547543,-1.807788,1.406321137224605e-09,1.1070466643354295e-08,0.10684089162182936,0.2451403887688985
Epidermis 1,nat10,-6.0687957,-1.4396994,1.2887298444467078e-09,1.016680185671425e-08,0.14373558800922367,0.2786177105831533
Epidermis 1,rpl14,-6.090225,-1.0740418,1.1275182098871386e-09,8.920803066695885e-09,0.2175249807840123,0.3466522678185745
Epidermis 1,fblim1,-6.0944376,-1.6303395,1.0982271849425445e-09,8.695361176571575e-09,0.10530361260568794,0.24838012958963282
Epidermis 1,pcnx4,-6.105136,-1.2928972,1.0271320868770463e-09,8.13540808266571e-09,0.15680245964642583,0.2958963282937365
Epidermis 1,prpsap2,-6.10547,-1.2984675,1.0249842807391983e-09,8.121344222952087e-09,0.16218293620292082,0.2991360691144708
Epidermis 1,peli2,-6.1184416,-1.118551,9.449478691472985e-10,7.500803002060096e-09,0.22213681783243658,0.35205183585313177
Epidermis 1,c18orf21,-6.1204476,-1.7519026,9.331281004587034e-10,7.412372872264057e-09,0.10146041506533436,0.24298056155507558
Epidermis 1,vbp1,-6.1328173,-1.4632607,8.633620591433984e-10,6.873193539791352e-09,0.1291314373558801,0.27213822894168466
Epidermis 1,sox11,-6.1445184,-1.6034518,8.020642057959303e-10,6.394535270249541e-09,0.12375096079938509,0.26457883369330454
Epidermis 1,rpf2,-6.1740055,-1.7239388,6.658129407887703e-10,5.3257713273283566e-09,0.11145272867025365,0.2526997840172786
Epidermis 1,rpsa,-6.1816278,-1.1594986,6.34439813933824e-10,5.082272826670328e-09,0.18370484242890084,0.31965442764578833
Epidermis 1,zbtb47,-6.1880465,-1.7891991,6.09143001468679e-10,4.888602219583687e-09,0.10914681014604151,0.2505399568034557
Epidermis 1,rpl30,-6.2031245,-1.4595004,5.535305985797738e-10,4.450475752251011e-09,0.1337432744043044,0.27645788336933047
Epidermis 1,trmt11,-6.2139897,-1.4977677,5.165592064026413e-10,4.156282611693229e-09,0.14219830899308225,0.28077753779697623
Epidermis 1,pax6,-6.2245207,-1.2081709,4.830304328565863e-10,3.889375304562203e-09,0.30207532667179093,0.41252699784017277
Epidermis 1,ebna1bp2,-6.2268944,-1.488562,4.757717636236946e-10,3.833757627043072e-09,0.1345119139123751,0.2775377969762419
Epidermis 1,slc7a7,-6.2351184,-1.4175034,4.5143611546645377e-10,3.6416959244338216e-09,0.15757109915449655,0.29481641468682507
Epidermis 1,tasp1,-6.241872,-1.4191214,4.3236540518157067e-10,3.4917266863312557e-09,0.14066102997694083,0.2840172786177106
Epidermis 1,noc4l,-6.2470536,-1.5056067,4.1826737461174927e-10,3.381627410671723e-09,0.12605687932359724,0.27213822894168466
Epidermis 1,rps23,-6.248759,-1.3686726,4.13727546333798e-10,3.346163376037734e-09,0.14296694850115296,0.28833693304535635
Epidermis 1,akap1,-6.2677813,-1.188634,3.662285412060875e-10,2.9686006677778733e-09,0.1921598770176787,0.3282937365010799
Epidermis 1,krt19,-6.2789474,-1.1431022,3.4087256930636925e-10,2.7661511100164685e-09,0.19830899308224442,0.3369330453563715
Epidermis 1,dhcr7,-6.2879405,-1.6673942,3.2170478707814757e-10,2.613522024881704e-09,0.12605687932359724,0.26673866090712745
Epidermis 1,ift80,-6.306462,-1.2780279,2.8548629009833557e-10,2.3210120477778614e-09,0.16833205226748654,0.3120950323974082
Epidermis 1,tcea1,-6.3067627,-1.0670075,2.849320902308365e-10,2.3173697878967886e-09,0.22982321291314373,0.36393088552915764
Epidermis 1,zgrf1,-6.3086348,-1.3640474,2.8150726711978775e-10,2.2903691557870577e-09,0.14681014604150652,0.2915766738660907
Epidermis 1,cd81,-6.321807,-1.1115133,2.585221076696153e-10,2.1065014605894977e-09,0.20445810914681015,0.34557235421166305
Epidermis 1,etfa,-6.322275,-1.5438026,2.577400439503035e-10,2.100913522241155e-09,0.12528823981552653,0.27213822894168466
Epidermis 1,egflam,-6.3289614,-1.1159016,2.4681681388173237e-10,2.013379325500292e-09,0.28670253651037664,0.408207343412527
Epidermis 1,cfp,-6.351461,-2.0326827,2.1327953102787199e-10,1.7443675586803578e-09,0.07916986933128363,0.23110151187904968
Epidermis 1,nup160,-6.3536673,-1.5756353,2.1024106922941496e-10,1.7208065910184036e-09,0.1291314373558801,0.27213822894168466
Epidermis 1,rpl4,-6.356108,-1.0068322,2.0692959004603822e-10,1.6943379303544465e-09,0.24289008455034589,0.37365010799136067
Epidermis 1,ddx51,-6.3576794,-1.7792773,2.0482456343904464e-10,1.6783615466779546e-09,0.10069177555726365,0.2505399568034557
Epidermis 1,usp39,-6.36022,-1.0009415,2.0146487519815608e-10,1.6514519315172666e-09,0.2536510376633359,0.3833693304535637
Epidermis 1,dpysl3,-6.366004,-1.475317,1.940166582776205e-10,1.5909949268229826e-09,0.20368946963873943,0.33153347732181426
Epidermis 1,ssh3,-6.367742,-1.0366001,1.9183095521240278e-10,1.574254709924724e-09,0.2544196771714066,0.3855291576673866
Epidermis 1,fmr1,-6.372991,-1.1984557,1.8537675847369802e-10,1.5230068699753633e-09,0.16372021521906227,0.31317494600431967
Epidermis 1,dcun1d5,-6.387868,-1.3087947,1.6821429797346282e-10,1.3851336588977104e-09,0.16372021521906227,0.31101511879049676
Epidermis 1,ddx20,-6.410033,-1.8251884,1.454877903061451e-10,1.2002605188167835e-09,0.10299769408147579,0.2505399568034557
Epidermis 1,kansl1,-6.4158506,-1.1896409,1.4003883156776306e-10,1.1561813634658184e-09,0.18677940046118371,0.33153347732181426
Epidermis 1,tgs1,-6.418692,-1.1301682,1.3745000732553637e-10,1.135237172539943e-09,0.21060722521137587,0.3509719222462203
Epidermis 1,ppargc1a,-6.4219685,-2.1511252,1.345232667603832e-10,1.1123274740349836e-09,0.11145272867025365,0.2548596112311015
Epidermis 1,tma16,-6.42257,-1.6458625,1.3399236320070712e-10,1.1087779133115776e-09,0.12298232129131437,0.26997840172786175
Epidermis 1,zcchc7,-6.4575067,-1.3646594,1.0644223162741583e-10,8.844919788049661e-10,0.16295157571099156,0.3077753779697624
Epidermis 1,ddx49,-6.4613843,-1.1371661,1.0374932114344942e-10,8.624434044461752e-10,0.21983089930822444,0.3542116630669546
Epidermis 1,itgb4,-6.466466,-2.0261948,1.0032129760688494e-10,8.342648761737182e-10,0.08070714834742505,0.23542116630669546
Epidermis 1,cuedc1,-6.468071,-1.0542077,9.926195424457278e-11,8.267156883858101e-10,0.2444273635664873,0.3801295896328294
Epidermis 1,lmo4.2,-6.4840846,-1.6254373,8.927208814584936e-11,7.440818317152707e-10,0.11606456571867795,0.2688984881209503
Epidermis 1,dip2c,-6.4919744,-1.0690513,8.471857485618036e-11,7.069384405111709e-10,0.22059953881629515,0.36393088552915764
Epidermis 1,mrps31,-6.499062,-1.1372555,8.082231071070435e-11,6.749420750165632e-10,0.20983858570330516,0.3531317494600432
Epidermis 1,niban2,-6.500934,-1.592101,7.982271621678251e-11,6.671051285202647e-10,0.14757878554957723,0.29049676025917925
Epidermis 1,has1,-6.5119,-1.0491964,7.420618646453555e-11,6.206413165360791e-10,0.23136049192928518,0.3747300215982721
Epidermis 1,nhp2,-6.5139394,-1.4083652,7.320514050871556e-11,6.125035931904456e-10,0.1652574942352037,0.3099352051835853
Epidermis 1,zrsr2,-6.5410857,-1.1828418,6.107379364800737e-11,5.127707776810962e-10,0.20522674865488086,0.3466522678185745
Epidermis 1,src,-6.5507474,-1.2462761,5.72497751666262e-11,4.815911117621242e-10,0.18293620292083013,0.3282937365010799
Epidermis 1,mrpl22,-6.563485,-1.1963108,5.2564516802499934e-11,4.426902049970479e-10,0.1960030745580323,0.34233261339092874
Epidermis 1,maz,-6.564789,-1.2316012,5.210664109871267e-11,4.391730457377401e-10,0.20368946963873943,0.3390928725701944
Epidermis 1,usp3,-6.5902305,-1.1701726,4.391445205201703e-11,3.7098616268953297e-10,0.22213681783243658,0.357451403887689
Epidermis 1,rnf165,-6.598655,-1.3054599,4.149039766037812e-11,3.506436744179361e-10,0.21445042275172943,0.34773218142548595
Epidermis 1,rrn3,-6.599491,-1.6257367,4.1257179534080745e-11,3.4880779334102125e-10,0.12682551883166795,0.2786177105831533
Epidermis 1,LOC100485792,-6.613867,-1.18691,3.7440905245506e-11,3.1703453370670795e-10,0.24750192159877019,0.38120950323974084
Epidermis 1,efna1,-6.6274734,-2.1112833,3.4148123597083266e-11,2.9005301868896614e-10,0.08762490392006149,0.24190064794816415
Epidermis 1,samd11,-6.629613,-1.5997052,3.365681178426325e-11,2.861025671774088e-10,0.12682551883166795,0.28077753779697623
Epidermis 1,tril,-6.6318865,-1.5921711,3.314237309158685e-11,2.818393309553845e-10,0.13835511145272866,0.28725701943844495
Epidermis 1,znf782,-6.6465297,-1.1496736,3.0008443308622244e-11,2.556869353523803e-10,0.19907763259031513,0.3488120950323974
Epidermis 1,letm1,-6.6519456,-1.2223194,2.8924403343983934e-11,2.465466427222943e-10,0.23059185242121444,0.3650107991360691
Epidermis 1,heatr6,-6.6552553,-1.3632499,2.8280903736510876e-11,2.4115576414005624e-10,0.1506533435818601,0.3045356371490281
Epidermis 1,med26,-6.678891,-1.0152723,2.407565369024471e-11,2.0586004669860104e-10,0.2482705611068409,0.3898488120950324
Epidermis 1,LOC108647837,-6.6795936,-1.420101,2.396060403205679e-11,2.049566211617057e-10,0.16448885472713298,0.3120950323974082
Epidermis 1,tns1,-6.694136,-1.2037884,2.1694923190636584e-11,1.8594065944339391e-10,0.22136817832436587,0.36393088552915764
Epidermis 1,lsm14b,-6.7025943,-1.3500398,2.0475112331812012e-11,1.756930500167007e-10,0.17371252882398155,0.32397408207343414
Epidermis 1,riox1,-6.7115207,-1.7108226,1.9260641329380575e-11,1.6540198915718753e-10,0.1037663335895465,0.2634989200863931
Epidermis 1,qsox2,-6.711755,-1.1457462,1.9229769328879144e-11,1.6520188839585502e-10,0.20599538816295157,0.3542116630669546
Epidermis 1,mmp11,-6.7307105,-3.0419712,1.688365350722137e-11,1.4567742316373172e-10,0.043812451960030745,0.20626349892008639
Epidermis 1,rps3a,-6.7417097,-1.1392659,1.5653371880959876e-11,1.3522257633191823e-10,0.2121445042275173,0.3617710583153348
Epidermis 1,gask1a,-6.7474933,-2.0543196,1.504211985670155e-11,1.300967488676514e-10,0.09223674096848578,0.24946004319654427
Epidermis 1,LOC100493567,-6.755517,-1.0780909,1.423269168101983e-11,1.231937981640356e-10,0.2436587240584166,0.3833693304535637
Epidermis 1,nvl,-6.7561855,-1.918384,1.4167198220034488e-11,1.2267556839657643e-10,0.0983858570330515,0.2548596112311015
Epidermis 1,bambi,-6.760732,-1.0307046,1.3729604848887137e-11,1.1893358769653284e-10,0.27901614142966946,0.4136069114470842
Epidermis 1,tgif2,-6.7636743,-1.6446564,1.3453539776903814e-11,1.165884398220088e-10,0.13681783243658724,0.28833693304535635
Epidermis 1,clic4,-6.787344,-1.6375322,1.1421672331129403e-11,9.929574180779868e-11,0.15295926210607225,0.3002159827213823
Epidermis 1,cse1l,-6.7937627,-1.297286,1.0924595099882037e-11,9.516390805370296e-11,0.18370484242890084,0.33369330453563717
Epidermis 1,npr2,-6.7938633,-2.6687055,1.0916998922530155e-11,9.513571624941314e-11,0.0568793235972329,0.21922246220302377
Epidermis 1,rad51ap1,-6.811749,-1.2647148,9.641918018777382e-12,8.41921941127416e-11,0.191391237509608,0.34017278617710583
Epidermis 1,large2,-6.8254895,-2.693638,8.76260007023078e-12,7.660604813001036e-11,0.04996156802459646,0.21490280777537796
Epidermis 1,tbp,-6.828398,-1.5034406,8.586804213016377e-12,7.509926041371958e-11,0.1460415065334358,0.30129589632829373
Epidermis 1,foxh1,-6.8488917,-2.0383005,7.44242950000918e-12,6.51690425841494e-11,0.08916218293620293,0.2505399568034557
Epidermis 1,xpc,-6.8604927,-1.0833086,6.862352690087257e-12,6.018625323568892e-11,0.25518831667947733,0.3941684665226782
Epidermis 1,mphosph9,-6.8615956,-1.2753166,6.809551886470305e-12,5.974717801152736e-11,0.1975403535741737,0.34557235421166305
Epidermis 1,utp4,-6.864772,-1.7438464,6.659762474165919e-12,5.847995048240424e-11,0.1191391237509608,0.2775377969762419
Epidermis 1,cers5,-6.865173,-1.371057,6.641072934225627e-12,5.833931259973325e-11,0.18985395849346656,0.33801295896328293
Epidermis 1,fmnl3,-6.868215,-1.0722291,6.501007008333063e-12,5.7131886399047835e-11,0.24750192159877019,0.3930885529157667
Epidermis 1,LOC100489322,-6.879883,-1.0750682,5.9901760573554515e-12,5.272756423862578e-11,0.28209069946195237,0.41252699784017277
Epidermis 1,dnajc21,-6.8816214,-1.455718,5.917511455438697e-12,5.210896588746078e-11,0.15987701767870868,0.3120950323974082
Epidermis 1,nmt2,-6.8828917,-1.3331612,5.864957447945037e-12,5.166703127638622e-11,0.16833205226748654,0.3250539956803456
Epidermis 1,nup54,-6.890347,-1.1430123,5.565642710770129e-12,4.90500361840529e-11,0.23981552651806304,0.3779697624190065
Epidermis 1,utp11,-6.8983707,-1.5911537,5.260233810154692e-12,4.6377196756115364e-11,0.14681014604150652,0.3002159827213823
Epidermis 1,cdc16,-6.9099045,-1.0208964,4.8497959135813386e-12,4.287255537952922e-11,0.25595695618754805,0.4060475161987041
Epidermis 1,cenpn,-6.9179616,-1.0311577,4.5818814848224e-12,4.062626407164144e-11,0.25057647963105306,0.39956803455723544
Epidermis 1,rasal1,-6.920536,-2.4802892,4.499381646826679e-12,3.9910978420896324e-11,0.0722521137586472,0.23542116630669546
Epidermis 1,gls,-6.9431024,-1.1254079,3.835812872013585e-12,3.4149846054756605e-11,0.25749423520368947,0.39740820734341253
Epidermis 1,axin1,-6.9536333,-1.0071999,3.5599612198633498e-12,3.1706903583117614e-11,0.23750960799385087,0.3952483801295896
Epidermis 1,b4galt5,-6.9562078,-1.4986593,3.4955466951872916e-12,3.1158629262941946e-11,0.16910069177555725,0.32181425485961124
Epidermis 1,pald1,-6.962359,-1.0834451,3.346213733581703e-12,2.983969345340676e-11,0.26133743274404303,0.40280777537796975
Epidermis 1,ubtd2,-7.003246,-1.1947585,2.5009904940854725e-12,2.2357277169782507e-11,0.21060722521137587,0.3617710583153348
Epidermis 1,rap1gap2,-7.008729,-1.2421746,2.404930143232898e-12,2.1525012574029972e-11,0.31206764027671025,0.43088552915766737
Epidermis 1,ccdc43,-7.0124397,-1.1503673,2.341976937126631e-12,2.097876795773408e-11,0.23597232897770945,0.38120950323974084
Epidermis 1,sin3b,-7.0162177,-1.0569391,2.2795502274794586e-12,2.04279529830921e-11,0.2674865488086088,0.408207343412527
Epidermis 1,uri1,-7.019126,-1.2833431,2.2326019666352955e-12,2.003191098435394e-11,0.1960030745580323,0.3488120950323974
Epidermis 1,dhx36,-7.019193,-1.4443977,2.231533924871657e-12,2.0030564284090674e-11,0.16295157571099156,0.3185745140388769
Epidermis 1,colca2,-7.0249434,-4.6115327,2.141532922680882e-12,1.9254383974379698e-11,0.015372790161414296,0.1879049676025918
Epidermis 1,meis2,-7.0318637,-1.157126,2.0379297378114e-12,1.8345571290751878e-11,0.2736356648731745,0.40928725701943847
Epidermis 1,znf346,-7.0330005,-1.1461235,2.0213895403173265e-12,1.8204185373200322e-11,0.22905457340507301,0.3779697624190065
Epidermis 1,eif3l,-7.0381155,-1.2145846,1.948573668109313e-12,1.7562918633545363e-11,0.2121445042275173,0.3617710583153348
Epidermis 1,evc2,-7.0501842,-1.4348038,1.7868110289823834e-12,1.6138246466649252e-11,0.1706379707916987,0.3250539956803456
Epidermis 1,ddx55,-7.060314,-1.5717931,1.661267641314191e-12,1.502923764557088e-11,0.13912375096079937,0.3002159827213823
Epidermis 1,c16orf71,-7.0648274,-1.3128324,1.6081587594590768e-12,1.4560843273923866e-11,0.19523443504996157,0.34773218142548595
Epidermis 1,rps14,-7.065797,-1.3207533,1.5969694304332113e-12,1.4465533392064386e-11,0.180630284396618,0.3369330453563715
Epidermis 1,pros1,-7.0690064,-1.1202205,1.5604710832328244e-12,1.4140797137551272e-11,0.22367409684857803,0.38228941684665224
Epidermis 1,habp4,-7.0911045,-1.1734446,1.330456968787035e-12,1.2091587470179878e-11,0.22213681783243658,0.37365010799136067
Epidermis 1,apc,-7.1095257,-1.216062,1.1644256777127938e-12,1.059146840907498e-11,0.2229054573405073,0.3747300215982721
Epidermis 1,inppl1,-7.1148076,-1.1061063,1.1206894999515369e-12,1.0202155018123691e-11,0.23059185242121444,0.3876889848812095
Epidermis 1,cdk8,-7.1228647,-1.1221527,1.0570651357321362e-12,9.630988862969078e-12,0.24596464258262873,0.3952483801295896
Epidermis 1,pawr,-7.1363378,-1.5977813,9.58503089423635e-13,8.754916665681514e-12,0.1506533435818601,0.31101511879049676
Epidermis 1,tulp4,-7.1408176,-1.1432202,9.277738130367855e-13,8.484892026100459e-12,0.2436587240584166,0.39200863930885527
Epidermis 1,epb41l3,-7.1510143,-1.437363,8.613901357734766e-13,7.887702120316001e-12,0.16833205226748654,0.3282937365010799
Epidermis 1,nol11,-7.161813,-1.483744,7.961712543688891e-13,7.305825459034285e-12,0.15526518063028438,0.31641468682505397
Epidermis 1,LOC100492268,-7.189996,-1.8648249,6.479336090219087e-13,5.9681550369215154e-12,0.1037663335895465,0.27213822894168466
Epidermis 1,LOC116411661,-7.190731,-1.632995,6.44452467260511e-13,5.93859682774139e-12,0.1506533435818601,0.3077753779697624
Epidermis 1,slc4a1ap,-7.209018,-1.2346634,5.635666355071332e-13,5.206429954869243e-12,0.20676402767102228,0.36285097192224625
Epidermis 1,rpa1,-7.211526,-1.1945099,5.532838624017055e-13,5.11359896716121e-12,0.2644119907763259,0.40712742980561556
Epidermis 1,lims1,-7.218078,-1.4211024,5.272733257260039e-13,4.879402561775713e-12,0.16372021521906227,0.32721382289416845
Epidermis 1,LOC100488276,-7.221923,-2.1874993,5.125749248373413e-13,4.749425662367569e-12,0.08224442736356649,0.25377969762419006
Epidermis 1,rps16,-7.2304482,-1.3180602,4.814029381514967e-13,4.464383133618279e-12,0.18524212144504226,0.3466522678185745
Epidermis 1,fam122c,-7.2522454,-1.0110344,4.0991772693226345e-13,3.804685120965087e-12,0.2690238278247502,0.4244060475161987
Epidermis 1,fam117b,-7.267758,-1.2013308,3.6550303869303885e-13,3.398228294555092e-12,0.2121445042275173,0.37365010799136067
Epidermis 1,tsc2,-7.2775536,-1.4969434,3.3992843323893897e-13,3.1658464966738743e-12,0.15372790161414296,0.31965442764578833
Epidermis 1,limd2,-7.278222,-2.015089,3.382482743568826e-13,3.1515438064652157e-12,0.10069177555726365,0.26997840172786175
Epidermis 1,ttc34,-7.2787237,-1.8191448,3.369935100802675e-13,3.1425364886587682e-12,0.11837048424289008,0.2861771058315335
Epidermis 1,lhx5,-7.306004,-1.6984774,2.7520435612198867e-13,2.5751433340214044e-12,0.13758647194465795,0.30561555075593955
Epidermis 1,bicd2,-7.30704,-1.019129,2.7309087240546243e-13,2.5564632890431556e-12,0.3059185242121445,0.44168466522678185
Epidermis 1,ptgs2,-7.3115535,-1.590733,2.6407137036050857e-13,2.4752153662528596e-12,0.1506533435818601,0.3185745140388769
Epidermis 1,dcp1b,-7.3260627,-1.3641108,2.370126570264974e-13,2.2282865958531667e-12,0.17832436587240585,0.3466522678185745
Epidermis 1,alms1,-7.3399706,-1.1423826,2.1364100346378649e-13,2.012024314451137e-12,0.22136817832436587,0.3855291576673866
Epidermis 1,nle1,-7.34552,-1.7933472,2.0496048286372418e-13,1.9336111960956875e-12,0.1299000768639508,0.2937365010799136
Epidermis 1,nup43,-7.3495655,-1.0486257,1.9885239058543995e-13,1.8767984493792754e-12,0.27286702536510377,0.4287257019438445
Epidermis 1,pelp1,-7.3559175,-1.100825,1.8962025498173623e-13,1.791213672708427e-12,0.24212144504227517,0.4006479481641469
Epidermis 1,bap1,-7.369357,-1.0106341,1.7145302458040968e-13,1.62240956173856e-12,0.2890084550345888,0.43628509719222464
Epidermis 1,slx4ip,-7.378952,-1.2854464,1.5954049936074562e-13,1.511651427073743e-12,0.207532667179093,0.3650107991360691
Epidermis 1,rpl10,-7.3871093,-1.4507455,1.5005535622434086e-13,1.4230151795616436e-12,0.17294388931591084,0.3369330453563715
Epidermis 1,eef1b2,-7.388313,-1.0125264,1.4870365294917267e-13,1.4108097439147378e-12,0.2913143735588009,0.44168466522678185
Epidermis 1,lpar1,-7.3886805,-2.724298,1.4829302411282352e-13,1.4075259152526846e-12,0.04688700999231361,0.2267818574514039
Epidermis 1,tcf4,-7.3895497,-1.2652459,1.4732687082790375e-13,1.3989641637666178e-12,0.207532667179093,0.37041036717062636
Epidermis 1,brms1l,-7.4093747,-1.3172923,1.2689626870192064e-13,1.2075898296313172e-12,0.20292083013066872,0.36285097192224625
Epidermis 1,ccnyl1,-7.4293,-1.0600191,1.091738417276468e-13,1.0416626149274075e-12,0.2598001537279016,0.4190064794816415
Epidermis 1,kri1,-7.431239,-1.2279079,1.0758504240699791e-13,1.0274018426096725e-12,0.23366641045349731,0.38660907127429806
Epidermis 1,pde3a,-7.4352174,-2.5120173,1.0439607241777416e-13,9.978215927412397e-13,0.0730207532667179,0.24838012958963282
Epidermis 1,usp31,-7.4405665,-1.3219382,1.0025439921378268e-13,9.590755130398737e-13,0.196771714066103,0.36069114470842334
Epidermis 1,ddx47,-7.4552765,-1.2547516,8.96795518698178e-14,8.590419233324382e-13,0.207532667179093,0.37041036717062636
Epidermis 1,gja7,-7.458887,-1.288004,8.725630995126655e-14,8.369318415149835e-13,0.20599538816295157,0.36609071274298055
Epidermis 1,eif2d,-7.4679136,-1.3948976,8.147624574094455e-14,7.818351619670849e-13,0.18216756341275941,0.34773218142548595
Epidermis 1,dcaf13,-7.469017,-1.4372675,8.079613306334147e-14,7.756499866146828e-13,0.18216756341275941,0.34773218142548595
Epidermis 1,crabp2,-7.5003424,-1.0429689,6.365130455289713e-14,6.126753933166159e-13,0.40584166026133744,0.5280777537796977
Epidermis 1,wdr5,-7.515855,-1.3495609,5.6540274891754645e-14,5.451901627984879e-13,0.18447348193697155,0.35205183585313177
Epidermis 1,pias2,-7.520569,-1.4813582,5.4538493647426577e-14,5.26120455296417e-13,0.15910837817063797,0.33153347732181426
Epidermis 1,sos2,-7.521806,-1.156833,5.4024850608286767e-14,5.213959598069109e-13,0.2544196771714066,0.4103671706263499
Epidermis 1,kif18b,-7.5261183,-1.0044409,5.2270965447660424e-14,5.049157755791936e-13,0.31129900076863953,0.45464362850971923
Epidermis 1,cdan1,-7.5297623,-1.9242891,5.083273207280362e-14,4.912404989196847e-13,0.10299769408147579,0.2796976241900648
Epidermis 1,mpdz,-7.533741,-1.3453263,4.930696205000015e-14,4.769180934809633e-13,0.19523443504996157,0.357451403887689
Epidermis 1,paf1,-7.537552,-1.040927,4.788756956105409e-14,4.633945256726214e-13,0.2767102229054573,0.43412526997840173
Epidermis 1,zc3h3,-7.538822,-1.4670007,4.7423426859969133e-14,4.591067424629043e-13,0.15987701767870868,0.33153347732181426
Epidermis 1,pold1,-7.5504565,-1.5856193,4.3373474749005786e-14,4.206455966658024e-13,0.15219062259800153,0.32397408207343414
Epidermis 1,cenpp,-7.55049,-1.2357408,4.3362341775672015e-14,4.206455966658024e-13,0.22982321291314373,0.3941684665226782
Epidermis 1,prmt5,-7.551861,-1.6719534,4.2908301210338546e-14,4.1650446650836184e-13,0.13604919292851653,0.30885529157667385
Epidermis 1,kif24,-7.559182,-1.167383,4.0561099137686606e-14,3.940711239018074e-13,0.23597232897770945,0.398488120950324
Epidermis 1,pomt2,-7.5596504,-1.5658696,4.0415420172954697e-14,3.928306831153873e-13,0.15833973866256726,0.326133909287257
Epidermis 1,stam,-7.5859275,-1.2579615,3.301164225963319e-14,3.217271307491987e-13,0.20292083013066872,0.37257019438444927
Epidermis 1,arhgap33,-7.6210647,-2.053472,2.515922345509705e-14,2.458573287119e-13,0.09684857801691008,0.275377969762419
Epidermis 1,cep44,-7.629322,-1.0687546,2.3599132143175045e-14,2.307153505807449e-13,0.26210607225211374,0.4265658747300216
Epidermis 1,ddx56,-7.6471076,-1.0177566,2.055500146364489e-14,2.0131538911050052e-13,0.30284396617986165,0.45788336933045354
Epidermis 1,mettl3,-7.648445,-1.2360417,2.0342409023038165e-14,1.9932272442376103e-13,0.22367409684857803,0.38876889848812096
Epidermis 1,uhrf2,-7.64898,-1.7698601,2.0257978992991644e-14,1.985846179721791e-13,0.1291314373558801,0.3045356371490281
Epidermis 1,cadm4,-7.6619515,-1.2395692,1.8312882739997354e-14,1.7984042046331335e-13,0.34281322059953884,0.47516198704103674
Epidermis 1,dll1,-7.664158,-1.1063148,1.800082199309589e-14,1.768554420132127e-13,0.3674096848578017,0.49892008639308855
Epidermis 1,gpbp1l1,-7.679737,-1.1022521,1.5941532631347863e-14,1.5676439096378626e-13,0.2590315142198309,0.42332613390928725
Epidermis 1,fam193b,-7.6809072,-1.2008281,1.5796579278968306e-14,1.5540899749610795e-13,0.23366641045349731,0.3963282937365011
Epidermis 1,ckap2,-7.706583,-1.3743864,1.2923135750152711e-14,1.27484514106728e-13,0.19369715603382015,0.36285097192224625
Epidermis 1,ippk,-7.7304196,-1.173744,1.071926126194907e-14,1.0617566954016825e-13,0.24519600307455802,0.40712742980561556
Epidermis 1,rps4x,-7.743224,-1.1377088,9.69270382815011e-15,9.622588272705348e-14,0.2536510376633359,0.41576673866090713
Epidermis 1,trit1,-7.7492085,-1.6936401,9.246722665368915e-15,9.184011619527313e-14,0.1452728670253651,0.31641468682505397
Epidermis 1,dpp9,-7.7579675,-1.1756144,8.630131356802009e-15,8.583322531302491e-14,0.2436587240584166,0.40928725701943847
Epidermis 1,nol9,-7.764487,-1.1687621,8.197659443263913e-15,8.171819402076831e-14,0.2436587240584166,0.4114470842332613
Epidermis 1,anos1,-7.775051,-2.2624462,7.54169943680844e-15,7.528244437813219e-14,0.11990776325903152,0.29265658747300216
Epidermis 1,nlrc4,-7.7751513,-1.7069434,7.53572644214423e-15,7.525724791488753e-14,0.13143735588009223,0.31101511879049676
Epidermis 1,utp14a,-7.779832,-1.0981568,7.262105257532644e-15,7.255787491969771e-14,0.2744043043812452,0.43628509719222464
Epidermis 1,ctnnbl1,-7.789226,-1.107517,6.742087072698538e-15,6.742396059273822e-14,0.26671790930053807,0.43088552915766737
Epidermis 1,eif3i,-7.796347,-1.06003,6.372497766960315e-15,6.381563734412163e-14,0.27747886241352804,0.4406047516198704
Epidermis 1,plekhg1,-7.7975173,-1.1692756,6.3137054219831685e-15,6.325590726037407e-14,0.27209838585703305,0.42548596112311016
Epidermis 1,rbbp4,-7.8385377,-1.2938446,4.558226644181578e-15,4.5836434839947564e-14,0.23059185242121444,0.398488120950324
Epidermis 1,nufip1,-7.843352,-1.4765748,4.386758429698749e-15,4.413252913529571e-14,0.17524980784012298,0.34989200863930886
Epidermis 1,arhgap36,-7.8497043,-1.5333401,4.1702001411873514e-15,4.201197473723416e-14,0.18370484242890084,0.35205183585313177
Epidermis 1,wdr3,-7.8543844,-1.5309609,4.017399645987445e-15,4.0528746035641257e-14,0.16448885472713298,0.3412526997840173
Epidermis 1,rps27a,-7.854652,-1.0516276,4.0088366644258825e-15,4.046106607513283e-14,0.2744043043812452,0.4406047516198704
Epidermis 1,sav1,-7.8552537,-1.5512166,3.9896356017064496e-15,4.0285903963367165e-14,0.1506533435818601,0.33153347732181426
Epidermis 1,LOC105945436,-7.862007,-1.3348175,3.780269830134636e-15,3.82425906181585e-14,0.20983858570330516,0.38120950323974084
Epidermis 1,uck2,-7.869663,-1.1655499,3.55598280908956e-15,3.6073966005180516e-14,0.26210607225211374,0.42332613390928725
Epidermis 1,zfp160,-7.901891,-1.0439703,2.747035269102653e-15,2.801077411546215e-14,0.3228285933897002,0.4794816414686825
Epidermis 1,ubr7,-7.905502,-1.1637671,2.668567184983452e-15,2.7223377533204257e-14,0.2674865488086088,0.4319654427645788
Epidermis 1,smarcc2,-7.9135585,-1.5113056,2.501338056889323e-15,2.5541271754507217e-14,0.17217524980784013,0.34773218142548595
Epidermis 1,ptpra,-7.925427,-1.176645,2.2736373942312177e-15,2.3259747575958462e-14,0.25518831667947733,0.4222462203023758
Epidermis 1,dact1,-7.92994,-1.2561016,2.1925133946166574e-15,2.246142478118783e-14,0.2490392006149116,0.4114470842332613
Epidermis 1,tmem123,-7.9443827,-1.6442721,1.951601025706976e-15,2.002157309917815e-14,0.15680245964642583,0.3347732181425486
Epidermis 1,tle5,-7.945553,-1.3050811,1.9332656904012276e-15,1.9842798979419185e-14,0.24058416602613375,0.4006479481641469
Epidermis 1,snx7,-7.946957,-2.9702468,1.9114871252125183e-15,1.96284990867117e-14,0.04765564950038432,0.23974082073434125
Epidermis 1,trap1,-7.949364,-1.6601995,1.8747132244781463e-15,1.926901425875536e-14,0.1491160645657187,0.3304535637149028
Epidermis 1,rsu1,-7.950668,-2.226973,1.8550858730807893e-15,1.9076262411166777e-14,0.09607993850883935,0.28077753779697623
Epidermis 1,ciz1,-7.9561505,-1.1962065,1.7747416884727034e-15,1.8275902965626643e-14,0.24596464258262873,0.4146868250539957
Epidermis 1,patz1,-7.973335,-1.2710825,1.5444921681097684e-15,1.5965117764245977e-14,0.21521906225980014,0.38876889848812096
Epidermis 1,lsg1,-7.9737024,-1.2823247,1.5399010107344572e-15,1.592520377025431e-14,0.2167563412759416,0.3898488120950324
Epidermis 1,eif4h,-7.984735,-1.0453957,1.4082465475541395e-15,1.4584408122533876e-14,0.29515757109915447,0.4557235421166307
Epidermis 1,cdca7,-7.994831,-1.3152026,1.2975145830964863e-15,1.3460432149527065e-14,0.20292083013066872,0.3833693304535637
Epidermis 1,ube2e2,-7.998676,-1.0219724,1.257642662030599e-15,1.3068105013414143e-14,0.34050730207532665,0.49676025917926564
Epidermis 1,eea1,-8.010745,-1.0411656,1.140158640595267e-15,1.1869943557456738e-14,0.31975403535741737,0.4740820734341253
Epidermis 1,rpl11,-8.014289,-1.015025,1.1077639010636493e-15,1.1543703956594981e-14,0.31744811683320523,0.4708423326133909
Epidermis 1,znf44,-8.030402,-1.1126733,9.715330851962618e-16,1.0128917081733218e-14,0.36510376633358954,0.5043196544276458
Epidermis 1,prc1.2,-8.053671,-1.2522063,8.034694712850624e-16,8.384747648451146e-15,0.2513451191391238,0.4168466522678186
Epidermis 1,cecr2,-8.05902,-1.2954681,7.690840461854295e-16,8.033596444141817e-15,0.22136817832436587,0.3952483801295896
Epidermis 1,rbbp7,-8.062865,-1.521448,7.452691843784057e-16,7.79229462018265e-15,0.1760184473481937,0.357451403887689
Epidermis 1,cttnbp2,-8.072059,-1.0420892,6.912271028102904e-16,7.234180628500406e-15,0.3543428132205995,0.5107991360691144
Epidermis 1,eya1,-8.086434,-1.4352483,6.143688461810747e-16,6.4421636677161134e-15,0.34435049961568026,0.47516198704103674
Epidermis 1,ddx42,-8.092217,-1.0989434,5.858798248721792e-16,6.1463863742960686e-15,0.27901614142966946,0.4449244060475162
Epidermis 1,c15orf41,-8.108365,-1.8113985,5.130524855858525e-16,5.390138800177605e-15,0.13835511145272866,0.3228941684665227
Epidermis 1,kiz,-8.120167,-1.1995265,4.65543336327563e-16,4.898081553521578e-15,0.2490392006149116,0.42332613390928725
Epidermis 1,kif13a,-8.125783,-1.1799994,4.444823444948438e-16,4.678750235997099e-15,0.2444273635664873,0.42332613390928725
Epidermis 1,gart,-8.141931,-1.7639787,3.8902334466531284e-16,4.098927283409846e-15,0.13912375096079937,0.3250539956803456
Epidermis 1,atp13a3,-8.155437,-1.5320947,3.4791870179458296e-16,3.67292404057068e-15,0.180630284396618,0.36285097192224625
Epidermis 1,cd151,-8.162324,-2.8485014,3.286386034905267e-16,3.474429731960651e-15,0.053036126056879324,0.24946004319654427
Epidermis 1,bmpr1b,-8.172187,-1.3896208,3.0284964492669485e-16,3.20488947718012e-15,0.2682551883166795,0.4265658747300216
Epidermis 1,mbd3,-8.185292,-1.5319322,2.7164455979281183e-16,2.885859756202019e-15,0.1760184473481937,0.3563714902807775
Epidermis 1,pcdh18,-8.205752,-2.448,2.2915189591551754e-16,2.4379929404059035e-15,0.06994619523443504,0.2678185745140389
Epidermis 1,exosc5,-8.206254,-1.407734,2.2819728812028127e-16,2.4290209873525157e-15,0.20599538816295157,0.38228941684665224
Epidermis 1,pxn,-8.2105665,-1.3744261,2.2014784590800933e-16,2.344483233557185e-15,0.2013835511145273,0.38120950323974084
Epidermis 1,LOC100486894,-8.217119,-1.6547627,2.084504728379407e-16,2.2209950038069845e-15,0.1606456571867794,0.34233261339092874
Epidermis 1,sfi1,-8.2178545,-1.1005223,2.0717637759729717e-16,2.208498160991999e-15,0.2920830130668716,0.4557235421166307
Epidermis 1,rps10,-8.220696,-1.3210315,2.0232546606632247e-16,2.157841639801184e-15,0.207532667179093,0.39200863930885527
Epidermis 1,rnf20,-8.225911,-1.2028389,1.9371218922074145e-16,2.0669895750541803e-15,0.2582628747117602,0.4330453563714903
Epidermis 1,ddx18,-8.227984,-1.1621889,1.9039025636160326e-16,2.0335319550007563e-15,0.26133743274404303,0.4352051835853132
Epidermis 1,racgap1,-8.230023,-1.03092,1.8717673041421377e-16,2.002148742337529e-15,0.3312836279784781,0.48056155507559395
Epidermis 1,LOC100486773,-8.251687,-1.5275222,1.5617368504079124e-16,1.6713418250490957e-15,0.17832436587240585,0.36069114470842334
Epidermis 1,emx1,-8.257939,-4.390156,1.4820927064715699e-16,1.588445233198238e-15,0.021521906225980016,0.22354211663066956
Epidermis 1,phf21a,-8.272482,-1.196286,1.3119890273110234e-16,1.4075178252189697e-15,0.27056110684089163,0.4373650107991361
Epidermis 1,efr3a,-8.278098,-1.0729547,1.2515786867348312e-16,1.344692197106881e-15,0.30976172175249805,0.47516198704103674
Epidermis 1,araf,-8.279368,-1.2048268,1.2382995160950057e-16,1.3310804798378875e-15,0.24289008455034589,0.42332613390928725
Epidermis 1,eda,-8.280205,-1.2964802,1.2296390815947977e-16,1.3224225923844297e-15,0.24596464258262873,0.4136069114470842
Epidermis 1,znf827,-8.280238,-1.3951606,1.2292939092673818e-16,1.3224225923844297e-15,0.21368178324365872,0.39200863930885527
Epidermis 1,suv39h2,-8.282478,-1.0382191,1.2063836993703134e-16,1.298692585296478e-15,0.31283627978478096,0.4773218142548596
Epidermis 1,xxylt1,-8.287493,-1.638443,1.1566075383556037e-16,1.2457222652743154e-15,0.16756341275941583,0.3531317494600432
Epidermis 1,LOC100488540,-8.288295,-4.195534,1.1488335445244935e-16,1.2385719750528148e-15,0.0207532667179093,0.22354211663066956
Epidermis 1,skida1,-8.289833,-3.3501003,1.1340771277469117e-16,1.2232672765479665e-15,0.043812451960030745,0.24298056155507558
Epidermis 1,pkdcc.1,-8.290335,-1.4441929,1.1293057826596011e-16,1.2187231198523815e-15,0.196771714066103,0.3779697624190065
Epidermis 1,nedd9,-8.294179,-2.331432,1.0933771705529433e-16,1.1811179821106819e-15,0.09531129900076864,0.28833693304535635
Epidermis 1,tmc6,-8.297255,-1.1636055,1.0654478599493491e-16,1.1515174716173722e-15,0.27286702536510377,0.44600431965442766
Epidermis 1,rps12,-8.319755,-1.2194476,8.814586965707818e-17,9.540828481086821e-16,0.2436587240584166,0.4222462203023758
Epidermis 1,tmem266,-8.32303,-1.130682,8.574231821471857e-17,9.285276058379028e-16,0.2851652574942352,0.45680345572354214
Epidermis 1,foxp4,-8.364486,-1.6264755,6.03775951540915e-17,6.584205416578864e-16,0.17832436587240585,0.3596112311015119
Epidermis 1,ifrd1,-8.386216,-1.518571,5.0203817271423027e-17,5.482970453852461e-16,0.19830899308224442,0.3758099352051836
Epidermis 1,ext1,-8.400625,-1.0253145,4.441061426459848e-17,4.860000069547661e-16,0.3520368946963874,0.5053995680345572
Epidermis 1,eed,-8.40437,-1.2536991,4.301645694027651e-17,4.70979481632601e-16,0.2282859338970023,0.4168466522678186
Epidermis 1,LOC105947324,-8.405406,-2.087997,4.26382625561459e-17,4.670730558421986e-16,0.10069177555726365,0.2980561555075594
Epidermis 1,shq1,-8.440008,-1.4262804,3.173153782225782e-17,3.489989348888548e-16,0.20522674865488086,0.38876889848812096
Epidermis 1,znf219,-8.4551525,-1.5536362,2.787221539602931e-17,3.0701646247186045e-16,0.18677940046118371,0.37041036717062636
Epidermis 1,wdr12,-8.457092,-1.4062351,2.7412805683886484e-17,3.0210850142832676e-16,0.20983858570330516,0.3930885529157667
Epidermis 1,megf8,-8.463879,-1.3158022,2.586293377960323e-17,2.853160151692225e-16,0.2175249807840123,0.40496760259179265
Epidermis 1,ago1,-8.465651,-1.7293972,2.547272828579189e-17,2.814381792021594e-16,0.14219830899308225,0.3369330453563715
Epidermis 1,mfap2,-8.486177,-2.035222,2.1354531064311245e-17,2.367770438792356e-16,0.11529592621060722,0.31101511879049676
Epidermis 1,kif7,-8.487414,-1.0623841,2.1128525292371633e-17,2.3450943560775253e-16,0.31898539584934665,0.48488120950323976
Epidermis 1,nup107,-8.490156,-1.1565061,2.063602464057545e-17,2.2915964055063455e-16,0.2836279784780938,0.458963282937365
Epidermis 1,snrpa1,-8.494569,-1.2323054,1.986690889292463e-17,2.208435144944006e-16,0.24750192159877019,0.4265658747300216
Epidermis 1,capn2,-8.501757,-2.7685788,1.867430157786417e-17,2.0769211759968097e-16,0.061491160645657184,0.265658747300216
Epidermis 1,crcp,-8.513725,-1.7619498,1.684329347661778e-17,1.8742351195985548e-16,0.13758647194465795,0.33369330453563717
Epidermis 1,ppan,-8.531343,-1.1747464,1.4465755452457555e-17,1.6129649960555763e-16,0.27209838585703305,0.4470842332613391
Epidermis 1,pdlim1,-8.5368595,-1.270353,1.3791856500049447e-17,1.5401847527511718e-16,0.2767102229054573,0.4427645788336933
Epidermis 1,edrf1,-8.550133,-1.295896,1.2294746181777479e-17,1.376519530182485e-16,0.23136049192928518,0.41576673866090713
Epidermis 1,xrcc1,-8.563806,-1.4877098,1.0920160039139301e-17,1.2251352813062142e-16,0.186010760953113,0.37688984881209503
Epidermis 1,cfl1,-8.596636,-1.0528145,8.208691843978167e-18,9.237847587800287e-17,0.3220599538816295,0.4870410367170626
Epidermis 1,sema4a,-8.606999,-1.8485295,7.499763245891396e-18,8.448752389705532e-17,0.12759415833973867,0.32721382289416845
Epidermis 1,ruvbl1,-8.607702,-1.088397,7.453986736517876e-18,8.401520897601063e-17,0.31360491929285167,0.48488120950323976
Epidermis 1,ubl5,-8.610643,-1.3023411,7.265141882085959e-18,8.19290237772598e-17,0.2282859338970023,0.4168466522678186
Epidermis 1,polr2e,-8.610845,-1.533524,7.252439450276382e-18,8.182806682754962e-17,0.18985395849346656,0.3779697624190065
Epidermis 1,ssb,-8.613619,-1.4151543,7.078955249810747e-18,7.991199301920347e-17,0.21445042275172943,0.39956803455723544
Epidermis 1,kiaa0586,-8.619603,-1.258468,6.718636089206698e-18,7.588372572597275e-17,0.26671790930053807,0.4427645788336933
Epidermis 1,ppat,-8.6299,-1.5609484,6.140539298660672e-18,6.939032006011109e-17,0.18370484242890084,0.3714902807775378
Epidermis 1,nmd3,-8.635082,-1.5358362,5.868473494626303e-18,6.641906645551897e-17,0.17755572636433511,0.37041036717062636
Epidermis 1,tpm4,-8.6475525,-1.6924098,5.2615740135978275e-18,5.964301638998347e-17,0.1660261337432744,0.36069114470842334
Epidermis 1,pik3r2,-8.648589,-1.075275,5.21401751072719e-18,5.913465493845011e-17,0.31744811683320523,0.48812095032397407
Epidermis 1,ralgps2,-8.651397,-1.0014544,5.0872768647225624e-18,5.778733392249404e-17,0.393543428132206,0.5518358531317494
Epidermis 1,trim36,-8.653737,-1.1565815,4.9839865739412456e-18,5.664352657811037e-17,0.28823981552651806,0.4632829373650108
Epidermis 1,rassf1,-8.678243,-2.2227328,4.019304870351537e-18,4.582301545242471e-17,0.10069177555726365,0.3045356371490281
Epidermis 1,zc3h12c,-8.67948,-2.63214,3.975833735939636e-18,4.5351107136402925e-17,0.07532667179093006,0.2818574514038877
Epidermis 1,eif3m,-8.684862,-1.3625866,3.792017162761805e-18,4.3276990851791505e-17,0.2175249807840123,0.40712742980561556
Epidermis 1,elavl1,-8.700341,-1.0533392,3.3088802916169874e-18,3.7842283460887986e-17,0.3320522674865488,0.4978401727861771
Epidermis 1,cyp26a1,-8.729193,-1.514346,2.564968738398511e-18,2.938067340713591e-17,0.19369715603382015,0.39092872570194387
Epidermis 1,rrp9,-8.764397,-1.6123772,1.8778015125194542e-18,2.1554711627925836e-17,0.16986933128362797,0.367170626349892
Epidermis 1,uba1,-8.782383,-1.0719312,1.600476058234997e-18,1.8419824929718286e-17,0.3320522674865488,0.4946004319654428
Epidermis 1,znf532,-8.800135,-1.3896557,1.366518619255455e-18,1.575214093543227e-17,0.23981552651806304,0.42116630669546434
Epidermis 1,LOC733735,-8.816851,-1.7845932,1.1772404461831224e-18,1.3599027938677562e-17,0.1445042275172944,0.34557235421166305
Epidermis 1,ust,-8.827449,-1.310767,1.0709059460141427e-18,1.2396943579827379e-17,0.31283627978478096,0.4762419006479482
Epidermis 1,gabpb2,-8.871478,-1.6594319,7.218130788232389e-19,8.409334326215642e-18,0.15987701767870868,0.36393088552915764
Epidermis 1,rps3,-8.872715,-1.1420517,7.138376611738457e-19,8.320860899826115e-18,0.31360491929285167,0.4838012958963283
Epidermis 1,lrrcc1,-8.8736515,-1.3572458,7.078601272419981e-19,8.255593712745933e-18,0.21445042275172943,0.41252699784017277
Epidermis 1,phax,-8.901299,-1.2023276,5.51967138224622e-19,6.44779171477488e-18,0.28209069946195237,0.46436285097192226
Epidermis 1,e2f4,-8.905177,-1.1916403,5.330076657674663e-19,6.22965199502511e-18,0.2843966179861645,0.468682505399568
Epidermis 1,apbb2,-8.911262,-2.0078795,5.045496567840773e-19,5.900202604868891e-18,0.14681014604150652,0.3466522678185745
Epidermis 1,exd2,-8.928279,-1.4924362,4.326885468892773e-19,5.070728668996198e-18,0.2013835511145273,0.39956803455723544
Epidermis 1,mdk,-8.931488,-1.7404243,4.2031620060293715e-19,4.9283824897134294e-18,0.15833973866256726,0.35853131749460043
Epidermis 1,mtr,-8.933828,-1.2358005,4.1151566761578866e-19,4.827786765077486e-18,0.26594926979246736,0.4535637149028078
Epidermis 1,irf6,-8.949608,-1.1128511,3.567465691278443e-19,4.1875023587620714e-18,0.3228285933897002,0.5
Epidermis 1,grsf1,-8.9501095,-1.3788,3.5512959780820555e-19,4.1707658524073485e-18,0.23750960799385087,0.4244060475161987
Epidermis 1,MGC145244,-8.951781,-1.0956324,3.4979181085779816e-19,4.110289232486814e-18,0.3259031514219831,0.5021598272138229
Epidermis 1,hdac4,-8.963315,-1.7258708,3.150605662317326e-19,3.704168435206162e-18,0.15219062259800153,0.35853131749460043
Epidermis 1,espl1,-8.973846,-1.449901,2.863371975585657e-19,3.3700992383632484e-18,0.2229054573405073,0.4168466522678186
Epidermis 1,nfia,-8.980265,-1.0542526,2.7011534554148427e-19,3.1843257455757578e-18,0.38970023059185244,0.5464362850971922
Epidermis 1,gtpbp4,-8.99337,-1.272492,2.397628867782125e-19,2.8326291025378314e-18,0.25518831667947733,0.44600431965442766
Epidermis 1,stmn1,-8.999054,-2.3683257,2.2767163937155477e-19,2.691236642863866e-18,0.08455034588777863,0.2991360691144708
Epidermis 1,cspp1,-9.007311,-1.0455073,2.1117001091969296e-19,2.500239179749658e-18,0.3704842428900845,0.5323974082073434
Epidermis 1,ulk4,-9.02152,-1.3311007,1.8549774973020154e-19,2.2022559286521916e-18,0.3166794773251345,0.48272138228941686
Epidermis 1,ralgds,-9.024195,-1.154812,1.8102248031461529e-19,2.152638443021918e-18,0.3366641045349731,0.5064794816414687
Epidermis 1,zbtb16,-9.030513,-1.1767443,1.7086901694255894e-19,2.0330058989659644e-18,0.46041506533435816,0.5863930885529157
Epidermis 1,septin11,-9.03974,-1.0633974,1.570447969935646e-19,1.8695441981432476e-18,0.3543428132205995,0.5377969762419006
Epidermis 1,rpl13a,-9.053715,-1.1498113,1.3818575857078337e-19,1.6477330261054995e-18,0.3066871637202152,0.490280777537797
Epidermis 1,ncaph,-9.074509,-1.033614,1.1419110445154351e-19,1.364602459056479e-18,0.36587240584166025,0.5345572354211663
Epidermis 1,tbl3,-9.078688,-1.8969659,1.0989141472930426e-19,1.3139400333195332e-18,0.14066102997694083,0.34557235421166305
Epidermis 1,urb1,-9.079056,-1.6490549,1.0952079224733422e-19,1.310226539270329e-18,0.1706379707916987,0.37365010799136067
Epidermis 1,rad18,-9.093398,-1.0915896,9.599109821440305e-20,1.1515237790744853e-18,0.36510376633358954,0.5280777537796977
Epidermis 1,fbxl19,-9.096674,-1.3616225,9.314014539769167e-20,1.11855317155918e-18,0.23981552651806304,0.4287257019438445
Epidermis 1,rabgap1,-9.107472,-1.0710615,8.432325539452767e-20,1.0137838875834648e-18,0.35049961568024596,0.5248380129589633
Epidermis 1,lbr,-9.1380625,-1.2555231,6.358101175946918e-20,7.656739832248218e-19,0.2751729438893159,0.458963282937365
Epidermis 1,blmh,-9.168319,-1.0456809,4.804545754798495e-20,5.792264801959004e-19,0.36587240584166025,0.5367170626349892
Epidermis 1,ppip5k2,-9.189046,-1.0488286,3.9633998247970435e-20,4.783481613766387e-19,0.3674096848578017,0.5431965442764579
Epidermis 1,spout1,-9.202887,-1.7268445,3.484594939112528e-20,4.21726822886159e-19,0.15833973866256726,0.36609071274298055
Epidermis 1,gtf2f1,-9.205862,-1.2101694,3.389386197846005e-20,4.1043172154937665e-19,0.28747117601844735,0.47300215982721383
Epidermis 1,ehd1,-9.220773,-1.0775765,2.949662841216714e-20,3.5797882568514976e-19,0.35588009223674094,0.5302375809935205
Epidermis 1,mmp3,-9.227827,-1.803277,2.761776272999335e-20,3.353629385259794e-19,0.16295157571099156,0.37041036717062636
Epidermis 1,mipol1,-9.252333,-1.4097993,2.1964629748135455e-20,2.676103772942846e-19,0.23136049192928518,0.42764578833693306
Epidermis 1,hsf2.2,-9.260056,-1.9557296,2.0432656475965524e-20,2.4908435584471715e-19,0.13835511145272866,0.34557235421166305
Epidermis 1,LOC101733356,-9.261827,-1.0272803,2.0096346417954436e-20,2.4512150653224357e-19,0.39584934665641813,0.562634989200864
Epidermis 1,rpe,-9.2657385,-1.0236018,1.9373181209590942e-20,2.3643299058975614e-19,0.3781706379707917,0.5453563714902808
Epidermis 1,fto,-9.280582,-1.1711575,1.685548799047579e-20,2.0616793914807857e-19,0.3059185242121445,0.4978401727861771
Epidermis 1,rbm28,-9.281218,-1.2270892,1.6755291316051996e-20,2.0505732574737555e-19,0.2828593389700231,0.4762419006479482
Epidermis 1,setdb1,-9.310804,-1.1798486,1.2686763483314647e-20,1.5552689099404995e-19,0.2990007686395081,0.4870410367170626
Epidermis 1,abcc5,-9.329326,-1.7483071,1.0654652856977273e-20,1.3105703494481458e-19,0.17371252882398155,0.3801295896328294
Epidermis 1,pik3c3,-9.336647,-1.2599066,9.943283897434952e-21,1.225140586820599e-19,0.2982321291314374,0.4816414686825054
Epidermis 1,gemin5,-9.355135,-1.2583377,8.349299010674722e-21,1.0293223373555543e-19,0.2674865488086088,0.46976241900647947
Epidermis 1,LOC101731820,-9.358946,-1.4039004,8.053585289873087e-21,9.934272730939549e-20,0.22982321291314373,0.4319654427645788
Epidermis 1,rela,-9.368407,-1.0353069,7.363514659946473e-21,9.098485469688108e-20,0.36587240584166025,0.5529157667386609
Epidermis 1,tdp1,-9.377,-1.2767997,6.787689317368195e-21,8.391737597410278e-20,0.28747117601844735,0.47300215982721383
Epidermis 1,mtmr10,-9.38733,-1.4383868,6.1540576647394215e-21,7.612680969516946e-20,0.22674865488086088,0.43088552915766737
Epidermis 1,arhgef28,-9.390472,-1.1866244,5.9731757079576266e-21,7.401514317055273e-20,0.4827056110684089,0.5961123110151187
Epidermis 1,ncoa6,-9.397427,-1.2468338,5.591405779963476e-21,6.932390086624035e-20,0.2828593389700231,0.47516198704103674
Epidermis 1,mrto4,-9.398964,-1.6778344,5.510291407663223e-21,6.83570601515743e-20,0.1614142966948501,0.3779697624190065
Epidermis 1,ccdc88a,-9.408692,-1.6693393,5.02345897780829e-21,6.238867293953028e-20,0.20445810914681015,0.40280777537796975
Epidermis 1,tfdp2,-9.409529,-1.3789294,4.9836758328793946e-21,6.192983505083216e-20,0.2521137586471945,0.4449244060475162
Epidermis 1,arhgap19,-9.410331,-1.2347968,4.9457772390745246e-21,6.149390605917106e-20,0.3013066871637202,0.4816414686825054
Epidermis 1,kiaa1328,-9.415613,-1.3253495,4.7032964793953824e-21,5.851233322513491e-20,0.25749423520368947,0.45788336933045354
Epidermis 1,ptk2,-9.422901,-1.6314995,4.38793080117985e-21,5.465127740442095e-20,0.19369715603382015,0.39956803455723544
Epidermis 1,ptdss2,-9.450817,-1.7006775,3.3619730265522142e-21,4.196888639153082e-20,0.17755572636433511,0.38444924406047515
Epidermis 1,tmtc2,-9.472781,-1.4901965,2.724897185747069e-21,3.407448795999243e-20,0.2536510376633359,0.44600431965442766
Epidermis 1,ivns1abp,-9.474453,-1.1775292,2.6816224635647224e-21,3.355257097330608e-20,0.31206764027671025,0.5107991360691144
Epidermis 1,sap30bp,-9.488729,-1.026537,2.3386998789260825e-21,2.927869768103617e-20,0.3766333589546503,0.5604751619870411
Epidermis 1,uspl1,-9.514738,-1.4375854,1.8217112260482943e-21,2.285886179620462e-20,0.2382782475019216,0.4330453563714903
Epidermis 1,kcnq1,-9.565989,-1.6052583,1.1113378976537783e-21,1.4009534526113864e-20,0.2436587240584166,0.4373650107991361
Epidermis 1,mrps28,-9.569867,-1.6597952,1.070432195942549e-21,1.3509485799689046e-20,0.17986164488854728,0.3941684665226782
Epidermis 1,cpsf3,-9.570067,-1.2923069,1.0683573895315832e-21,1.3491103354727243e-20,0.27824750192159875,0.4708423326133909
Epidermis 1,ncapg,-9.571071,-1.576254,1.0580428933780287e-21,1.3368589447829741e-20,0.2121445042275173,0.41576673866090713
Epidermis 1,styx,-9.603868,-1.5780399,7.699998682648051e-22,9.774384598840205e-21,0.1975403535741737,0.4103671706263499
Epidermis 1,bard1,-9.604569,-1.3372549,7.647706235971943e-22,9.713655283768555e-21,0.28747117601844735,0.4816414686825054
Epidermis 1,mical3,-9.608614,-1.1163485,7.353176339495952e-22,9.345000635069375e-21,0.34973097617217525,0.5323974082073434
Epidermis 1,dlc1,-9.641679,-1.3370059,5.330910039493123e-22,6.790764038049003e-21,0.2590315142198309,0.46760259179265656
Epidermis 1,armh3,-9.657325,-1.2697892,4.576603024119335e-22,5.833297581151169e-21,0.2897770945426595,0.48596112311015116
Epidermis 1,gle1,-9.667354,-1.295665,4.1496812778874717e-22,5.29223817444667e-21,0.2682551883166795,0.46976241900647947
Epidermis 1,xpr1,-9.670196,-1.2232686,4.036055566910228e-22,5.156368180652699e-21,0.29669485011529595,0.5010799136069114
Epidermis 1,ddx43,-9.672636,-1.4369252,3.940932634060177e-22,5.037790920200769e-21,0.22521137586471945,0.43952483801295894
Epidermis 1,ccnb3,-9.6842375,-1.3164973,3.5182559064240505e-22,4.510685201767286e-21,0.28670253651037664,0.47840172786177104
Epidermis 1,lyar,-9.697008,-1.3065631,3.1046966600757217e-22,3.994551050678792e-21,0.27132974634896234,0.47516198704103674
Epidermis 1,sass6,-9.723453,-2.0900037,2.3951967558400404e-22,3.085335797472581e-21,0.10684089162182936,0.3390928725701944
Epidermis 1,rcor2,-9.7414055,-1.7043699,2.00758605451929e-22,2.5921618518145222e-21,0.19369715603382015,0.4017278617710583
Epidermis 1,uba2,-9.754945,-1.0612612,1.7569564533620532e-22,2.2712409223230665e-21,0.3474250576479631,0.5475161987041036
Epidermis 1,ppp5c,-9.759492,-1.3524809,1.6799483556051247e-22,2.176849944635358e-21,0.2598001537279016,0.46436285097192226
Epidermis 1,fam172a,-9.760462,-1.0130879,1.6639648272703798e-22,2.1574198749772408e-21,0.41199077632590314,0.5842332613390929
Epidermis 1,ttc33,-9.770725,-1.6743232,1.503722356648179e-22,1.9519765344687633e-21,0.19523443504996157,0.4060475161987041
Epidermis 1,smarcd1,-9.774971,-1.0245019,1.4419897877360946e-22,1.874071420976136e-21,0.3996925441967717,0.5680345572354212
Epidermis 1,cct6a,-9.786505,-1.6089721,1.2866702013914188e-22,1.6732080133827265e-21,0.19369715603382015,0.40928725701943847
Epidermis 1,wdr46,-9.789614,-1.5469984,1.2477148370020417e-22,1.6235173201086197e-21,0.20676402767102228,0.4200863930885529
Epidermis 1,rpl18a,-9.791486,-1.0354832,1.2248234098003507e-22,1.5946820778790844e-21,0.382782475019216,0.5615550755939525
Epidermis 1,hmgn2,-9.793759,-1.027908,1.197584964726728e-22,1.5601493441971304e-21,0.3835511145272867,0.5755939524838013
Epidermis 1,rbm19,-9.794863,-1.5183909,1.184583275387066e-22,1.5450562852493227e-21,0.22444273635664874,0.43088552915766737
Epidermis 1,abcf1,-9.834513,-1.3363395,7.995376051466556e-23,1.046593286257059e-21,0.2859338970023059,0.48056155507559395
Epidermis 1,zdhhc17,-9.83839,-1.0813603,7.69315002407299e-23,1.0082416016534336e-21,0.3674096848578017,0.5561555075593952
Epidermis 1,stx6,-9.842102,-1.4476663,7.414549614268459e-23,9.728976977327241e-22,0.24289008455034589,0.44600431965442766
Epidermis 1,dus3l,-9.885396,-1.7959727,4.8167472533929166e-23,6.354670000984694e-22,0.1652574942352037,0.3855291576673866
Epidermis 1,papss1,-9.886566,-1.1486785,4.76079709504545e-23,6.28465537876508e-22,0.3305149884704074,0.5291576673866091
Epidermis 1,fam122b,-9.909367,-1.2721676,3.790425761212645e-23,5.0097444297650595e-22,0.29438893159108376,0.4978401727861771
Epidermis 1,rcc2,-9.91622,-1.8630114,3.5390665155766577e-23,4.680361844630197e-22,0.15910837817063797,0.37904967602591794
Epidermis 1,lats2,-9.9418955,-1.3359326,2.7357150602312756e-23,3.6245317746998583e-22,0.28670253651037664,0.48488120950323976
Epidermis 1,elavl3,-9.945205,-1.8481696,2.6462825144907252e-23,3.5103058205897944e-22,0.22982321291314373,0.4265658747300216
Epidermis 1,tada2a,-9.953362,-1.6541543,2.4380340664836657e-23,3.2360304966386905e-22,0.2013835511145273,0.4168466522678186
Epidermis 1,resf1,-9.957708,-1.1991496,2.33379533272241e-23,3.0995586095761235e-22,0.32820906994619525,0.5161987041036717
Epidermis 1,tmem72,-9.96503,-1.674265,2.1680806975837323e-23,2.8812234410459576e-22,0.24289008455034589,0.4449244060475162
Epidermis 1,fam120c,-9.965398,-1.0792214,2.160071692136601e-23,2.8723293354121126e-22,0.37586471944657956,0.5647948164146869
Epidermis 1,sumo2,-9.979339,-1.6301513,1.877132089967269e-23,2.5006654050778864e-22,0.18754803996925443,0.4114470842332613
Epidermis 1,mettl14,-9.997626,-1.2573044,1.560940198362634e-23,2.0832584751358435e-22,0.30822444273635663,0.5064794816414687
Epidermis 1,znf384,-10.020092,-1.060516,1.24386834359996e-23,1.6651810506561182e-22,0.3873943120676403,0.5745140388768899
Epidermis 1,svil,-10.022901,-1.1616422,1.209017721396727e-23,1.6195196868384272e-22,0.3412759415833974,0.5496760259179265
Epidermis 1,prmt3,-10.026778,-1.3114669,1.1624752680226567e-23,1.5581310088158718e-22,0.2997694081475788,0.49136069114470843
Epidermis 1,lsm4,-10.037008,-1.5581946,1.0480421163029384e-23,1.4056132157250413e-22,0.21445042275172943,0.43628509719222464
Epidermis 1,dis3,-10.04092,-1.4571075,1.0073004956440131e-23,1.351802221122264e-22,0.24135280553420446,0.45464362850971923
Epidermis 1,cct2,-10.0413885,-1.4074794,1.0025317400880966e-23,1.3466868725936568e-22,0.24596464258262873,0.46004319654427644
Epidermis 1,hdac9,-10.064389,-1.8141623,7.937846365496587e-24,1.067889923190512e-22,0.17832436587240585,0.4017278617710583
Epidermis 1,mcm7,-10.064757,-1.116022,7.90823729442473e-24,1.064562899454917e-22,0.372021521906226,0.5604751619870411
Epidermis 1,frem1,-10.069705,-2.8711545,7.52033783441096e-24,1.0135966144822827e-22,0.10684089162182936,0.33369330453563717
Epidermis 1,ptgs1,-10.08037,-2.8218477,6.747182087949333e-24,9.11078343695188e-23,0.08224442736356649,0.31965442764578833
Epidermis 1,smo,-10.084214,-1.1530404,6.4882179144438455e-24,8.766526508425953e-23,0.3328209069946195,0.5399568034557235
Epidermis 1,mn1,-10.085117,-1.6443449,6.428859065234592e-24,8.69170592704362e-23,0.23674096848578016,0.43952483801295894
Epidermis 1,med15,-10.106748,-1.5024275,5.156800657411206e-24,6.993570363292102e-23,0.24596464258262873,0.4514038876889849
Epidermis 1,brip1,-10.129782,-1.7251039,4.0755816733151655e-24,5.547926867960713e-23,0.20599538816295157,0.42548596112311016
Epidermis 1,sdad1,-10.139176,-1.3229047,3.7020889246853396e-24,5.048955151597424e-23,0.2828593389700231,0.4924406047516199
Epidermis 1,carm1,-10.161742,-1.3607625,2.9377844674084178e-24,4.014113642036261e-23,0.2690238278247502,0.4773218142548596
Epidermis 1,traf3,-10.170368,-1.2402682,2.6889123476623755e-24,3.678668108986878e-23,0.3259031514219831,0.5205183585313174
Epidermis 1,rsl1d1,-10.188855,-1.6556228,2.223663355403239e-24,3.044075161747433e-23,0.19830899308224442,0.4200863930885529
Epidermis 1,emilin1,-10.190762,-3.4131868,2.1805009331670527e-24,2.9868619499459045e-23,0.05226748654880861,0.2958963282937365
Epidermis 1,pik3c2a,-10.191831,-1.1602901,2.1566342462441554e-24,2.957882833896525e-23,0.3466564181398924,0.5399568034557235
Epidermis 1,syn2,-10.195241,-1.3025855,2.0822729763651067e-24,2.85948889976482e-23,0.32820906994619525,0.5161987041036717
Epidermis 1,LOC100495307,-10.221385,-3.3512633,1.590524445324366e-24,2.189705610184416e-23,0.054573405073020755,0.3002159827213823
Epidermis 1,cdca2,-10.233554,-1.0043775,1.4027520662132318e-24,1.9348579542881752e-23,0.4242890084550346,0.6069114470842333
Epidermis 1,supt20h,-10.265716,-1.0751039,1.0057298439091495e-24,1.3933987888216857e-23,0.372021521906226,0.5734341252699784
Epidermis 1,utp25,-10.274641,-1.64539,9.16847322298107e-25,1.2710626060906602e-23,0.207532667179093,0.43088552915766737
Epidermis 1,wdr59,-10.280125,-1.1462046,8.66158792325125e-25,1.2023187663693737e-23,0.3689469638739431,0.562634989200864
Epidermis 1,hp1bp3,-10.285841,-1.133148,8.162627724535449e-25,1.135224344022231e-23,0.34973097617217525,0.5496760259179265
Epidermis 1,serinc5,-10.28875,-1.160402,7.919810605188329e-25,1.1028601609177697e-23,0.34050730207532665,0.5377969762419006
Epidermis 1,vwa8,-10.314793,-1.6989849,6.041138341171161e-25,8.444822533164377e-24,0.20292083013066872,0.42548596112311016
Epidermis 1,nepro,-10.320677,-1.6561332,5.682112185671424e-25,7.948036538688214e-24,0.20906994619523445,0.4287257019438445
Epidermis 1,atxn7l3,-10.335354,-1.151073,4.876111250255511e-25,6.829372502684564e-24,0.3520368946963874,0.5518358531317494
Epidermis 1,lmf1,-10.357051,-1.4670972,3.8876498217315526e-25,5.458970833977105e-24,0.2528823981552652,0.4654427645788337
Epidermis 1,polr1b,-10.38403,-1.8505535,2.931336601701189e-25,4.134757335857896e-24,0.1760184473481937,0.40280777537796975
Epidermis 1,elf2,-10.412982,-1.2837124,2.1633700621296303e-25,3.0614071417464758e-24,0.29669485011529595,0.5129589632829373
Epidermis 1,LOC100488469,-10.415824,-2.310947,2.099721236053428e-25,2.9751959150598606e-24,0.11145272867025365,0.3542116630669546
Epidermis 1,LOC100498440,-10.427525,-1.5343963,1.8566178763154764e-25,2.6375819452526045e-24,0.22905457340507301,0.4535637149028078
Epidermis 1,cep250,-10.451428,-1.0053196,1.443347334529717e-25,2.0544867701743612e-24,0.4550345887778632,0.6382289416846653
Epidermis 1,pex14,-10.454204,-1.3623624,1.4017189634399639e-25,1.9965345627430453e-24,0.2836279784780938,0.4978401727861771
Epidermis 1,erbin,-10.496461,-1.0059347,8.967950880797134e-26,1.2815301648321824e-24,0.44811683320522677,0.6349892008639308
Epidermis 1,syn1,-10.5081625,-2.593812,7.922237976886315e-26,1.132838498647682e-24,0.08993082244427364,0.3369330453563715
Epidermis 1,pde4a,-10.547177,-1.3326482,5.234632189519578e-26,7.5049217481936085e-25,0.47578785549577246,0.6187904967602592
Epidermis 1,bysl,-10.552492,-1.5245374,4.946707537500851e-26,7.096785350151616e-25,0.22598001537279017,0.4524838012958963
Epidermis 1,lmnb3,-10.559948,-1.8424002,4.569156285430519e-26,6.563762956180339e-25,0.16986933128362797,0.4060475161987041
Epidermis 1,enah,-10.562155,-1.0718113,4.462996175753996e-26,6.415483501391828e-25,0.4296694850115296,0.6274298056155507
Epidermis 1,sp5,-10.573087,-3.1476073,3.9720267664425914e-26,5.713486886654172e-25,0.05841660261337433,0.3120950323974082
Epidermis 1,c11orf95,-10.623869,-2.021986,2.307919088874119e-26,3.324165177447007e-25,0.15372790161414296,0.39200863930885527
Epidermis 1,ctr9,-10.628851,-1.1847134,2.1879216840027888e-26,3.155494981270645e-25,0.3627978478093774,0.5572354211663066
Epidermis 1,ube2g1,-10.62962,-1.0420219,2.1699580607131935e-26,3.131657066324246e-25,0.4657955418908532,0.6339092872570194
Epidermis 1,adcy7,-10.629653,-1.3933965,2.1691803592175736e-26,3.131657066324246e-25,0.27286702536510377,0.4956803455723542
Epidermis 1,plpp3,-10.657401,-1.2896829,1.6103414545203277e-26,2.327103369476031e-25,0.3458877786318217,0.5550755939524838
Epidermis 1,esyt1,-10.668801,-1.0575293,1.4245178805625282e-26,2.0599340405404192e-25,0.44427363566487316,0.6209503239740821
Epidermis 1,arhgap42,-10.721724,-2.069459,8.048887822440705e-27,1.1693394219272877e-25,0.14681014604150652,0.3898488120950324
Epidermis 1,ppm1g,-10.728811,-1.0497456,7.454877290944141e-27,1.08376334021114e-25,0.4404304381245196,0.6166306695464363
Epidermis 1,spats2,-10.729179,-1.239084,7.42527116896775e-27,1.080178947853635e-25,0.31053036126056877,0.5367170626349892
Epidermis 1,nrf1,-10.7415495,-1.1066991,6.494544165711685e-27,9.466763409485283e-26,0.42121445042275174,0.6274298056155507
Epidermis 1,cttnbp2nl,-10.747567,-2.185371,6.084557764328202e-27,8.875075867339953e-26,0.14373558800922367,0.38228941684665224
Epidermis 1,hspa14,-10.773844,-1.6013263,4.574922687244421e-27,6.695465322492321e-26,0.22367409684857803,0.45680345572354214
Epidermis 1,yeats2,-10.777421,-1.0653389,4.400493839635039e-27,6.444508461387664e-26,0.42275172943889316,0.6090712742980562
Epidermis 1,me3,-10.781098,-1.4962989,4.228048816622991e-27,6.196121774850927e-26,0.26287471176018445,0.48596112311015116
Epidermis 1,ablim1,-10.798316,-1.7933213,3.505738196147255e-27,5.1444998774801106e-26,0.17755572636433511,0.42332613390928725
Epidermis 1,znhit6,-10.8146305,-1.7740498,2.9347198312577254e-27,4.3123583459848364e-26,0.19907763259031513,0.4330453563714903
Epidermis 1,rhbdd2,-10.873605,-1.3139039,1.5399440106891805e-27,2.2704809633276087e-26,0.3051498847040738,0.5226781857451404
Epidermis 1,lsp1,-10.943477,-1.6322293,7.140795450984922e-28,1.0592746263490277e-26,0.2282859338970023,0.4632829373650108
Epidermis 1,ranbp1,-10.954944,-1.6288033,6.2917430435651595e-28,9.352324588122298e-27,0.22521137586471945,0.45788336933045354
Epidermis 1,add3,-10.960326,-1.0468801,5.928523691407985e-28,8.818426412420834e-27,0.43812451960030746,0.6306695464362851
Epidermis 1,taf2,-10.964873,-1.1017418,5.637965567716704e-28,8.391954069109563e-27,0.41275941583397385,0.6101511879049676
Epidermis 1,ptpru,-10.9742,-2.2152903,5.085374704103392e-28,7.579778785398916e-27,0.14373558800922367,0.39092872570194387
Epidermis 1,gnaq,-11.021373,-1.6037427,3.0142712969534727e-28,4.5205782797815614e-27,0.23366641045349731,0.4654427645788337
Epidermis 1,eif3c,-11.03431,-1.2446063,2.6104544590321543e-28,3.923052806511063e-27,0.33435818601076095,0.550755939524838
Epidermis 1,tbc1d4,-11.052631,-1.1811563,2.1288216835822186e-28,3.203656410858455e-27,0.38124519600307455,0.5896328293736501
Epidermis 1,pa2g4,-11.061558,-1.4304688,1.9272139152446394e-28,2.9082804180188985e-27,0.25518831667947733,0.49676025917926564
Epidermis 1,znf217,-11.067374,-1.4102265,1.8061446717475128e-28,2.7274659434050157e-27,0.2851652574942352,0.5140388768898488
Epidermis 1,srsf1,-11.072055,-1.1058586,1.7142355060956052e-28,2.5904662727501524e-27,0.39123750960799386,0.5907127429805615
Epidermis 1,sash1,-11.0809145,-1.388689,1.5527829875941569e-28,2.3481134838733263e-27,0.34435049961568026,0.5475161987041036
Epidermis 1,e2f3,-11.088838,-1.0823909,1.4212207250669226e-28,2.1506558558727684e-27,0.42813220599538815,0.6274298056155507
Epidermis 1,ddx54,-11.120564,-1.1549128,9.963945038214063e-29,1.5140894476244363e-27,0.3950807071483474,0.5982721382289417
Epidermis 1,prdm1,-11.124375,-2.5925045,9.547177837103564e-29,1.451769808943811e-27,0.10991544965411222,0.36609071274298055
Epidermis 1,anp32b,-11.127519,-1.2839882,9.216573393926625e-29,1.4034532311854354e-27,0.3420445810914681,0.550755939524838
Epidermis 1,kif21a,-11.13143,-1.0622475,8.820902967061075e-29,1.3441405282418975e-27,0.47578785549577246,0.6544276457883369
Epidermis 1,syne1,-11.172016,-1.1757234,5.589757386973489e-29,8.553583165578436e-28,0.47809377401998465,0.652267818574514
Epidermis 1,eif2s2,-11.185857,-1.0147191,4.78263723511922e-29,7.328787015978688e-28,0.4558032282859339,0.6501079913606912
Epidermis 1,cfdp1,-11.200734,-1.3420497,4.0436971572713914e-29,6.2051698782573155e-28,0.32744043043812454,0.5421166306695464
Epidermis 1,c9,-11.202205,-2.1271322,3.977099499025018e-29,6.107268695863822e-28,0.23136049192928518,0.4535637149028078
Epidermis 1,ctdp1,-11.216915,-1.2553972,3.3681660923149916e-29,5.183127806798691e-28,0.3697156033820138,0.5712742980561555
Epidermis 1,sufu,-11.220291,-1.6369004,3.242002643073605e-29,4.992501035604032e-28,0.23981552651806304,0.46760259179265656
Epidermis 1,xpo5,-11.228917,-1.4213107,2.9406127761177166e-29,4.534778189940968e-28,0.2897770945426595,0.5172786177105831
Epidermis 1,LOC779553,-11.23781,-1.4164103,2.658978176342727e-29,4.112088078382328e-28,0.2736356648731745,0.5129589632829373
Epidermis 1,tln1,-11.251116,-2.1396067,2.2868142554862022e-29,3.544074848648041e-28,0.14142966948501154,0.398488120950324
Epidermis 1,dus4l,-11.281371,-1.8671168,1.6219783760659228e-29,2.5226792690045975e-28,0.18293620292083013,0.4287257019438445
Epidermis 1,znf839,-11.300126,-1.4958909,1.3102924104349583e-29,2.0422779062929447e-28,0.2690238278247502,0.509719222462203
Epidermis 1,polr3b,-11.304807,-1.3822536,1.242271942234062e-29,1.9404163243729036e-28,0.30822444273635663,0.5280777537796977
Epidermis 1,kdm3b,-11.320821,-1.1695818,1.034984585599327e-29,1.6212777201983427e-28,0.3889315910837817,0.6015118790496761
Epidermis 1,rbm27,-11.337369,-1.1179583,8.568142271745835e-30,1.3470132025343362e-28,0.4189085318985396,0.6144708423326134
Epidermis 1,tle2,-11.373308,-1.2189293,5.6793254124886944e-30,8.97382764850947e-29,0.4342813220599539,0.6285097192224622
Epidermis 1,zfhx4,-11.379661,-1.4107324,5.280488765170931e-30,8.34967719889818e-29,0.3566487317448117,0.5593952483801296
Epidermis 1,tp53bp1,-11.38618,-1.6630884,4.900058124897085e-30,7.759373609824332e-29,0.23443504996156803,0.4719222462203024
Epidermis 1,wdr36,-11.386614,-1.8326718,4.875685911250628e-30,7.726386511938994e-29,0.1960030745580323,0.4406047516198704
Epidermis 1,ran,-11.386848,-1.3424988,4.86261228359111e-30,7.711269087226861e-29,0.32744043043812454,0.5453563714902808
Epidermis 1,rims2,-11.414263,-1.7477695,3.5490209104422974e-30,5.64043592765924e-29,0.2282859338970023,0.46220302375809935
Epidermis 1,epb41,-11.432249,-1.0234424,2.8853860533295805e-30,4.599124110277924e-29,0.5049961568024597,0.6911447084233261
Epidermis 1,bcl7a,-11.439437,-1.2867794,2.6560515134680615e-30,4.2366739821189017e-29,0.3235972328977709,0.5539956803455723
Epidermis 1,exosc10,-11.459194,-1.0927578,2.11472113912329e-30,3.3806102547113046e-29,0.43812451960030746,0.642548596112311
Epidermis 1,ddx27,-11.476813,-1.4214327,1.725229114619329e-30,2.766070867752269e-29,0.28747117601844735,0.5259179265658748
Epidermis 1,nsun2,-11.483299,-1.3166395,1.6005484047724798e-30,2.5680563779809034e-29,0.3374327440430438,0.550755939524838
Epidermis 1,riok1,-11.490621,-1.5359797,1.4705197557494436e-30,2.361163472421531e-29,0.2521137586471945,0.4956803455723542
Epidermis 1,hira,-11.493629,-1.1685566,1.420174524447525e-30,2.2820050293055552e-29,0.4104534973097617,0.6069114470842333
Epidermis 1,nfx1,-11.501051,-1.3129107,1.3031861932311144e-30,2.0971110562312794e-29,0.3458877786318217,0.5669546436285097
Epidermis 1,cnot2,-11.503726,-1.077104,1.2634163870974173e-30,2.034613209066623e-29,0.4573405073020753,0.6479481641468683
Epidermis 1,numa1,-11.522448,-1.012771,1.0168113804849579e-30,1.6386884145910091e-29,0.5065334358186011,0.6900647948164147
Epidermis 1,dgka,-11.523952,-1.2762206,9.992074631601705e-31,1.6127001518948286e-29,0.38970023059185244,0.5950323974082073
Epidermis 1,marchf6,-11.557952,-1.1608453,6.729465107593914e-31,1.0869256707091546e-29,0.41352805534204456,0.6166306695464363
Epidermis 1,slk,-11.55862,-1.1045848,6.6772777176721e-31,1.0792953857579473e-29,0.4396617986164489,0.6479481641468683
Epidermis 1,nom1,-11.576507,-1.6383024,5.421048633903782e-31,8.77542301486754e-30,0.2328977709454266,0.48272138228941686
Epidermis 1,rps6,-11.578212,-1.2785935,5.314317053871791e-31,8.609035815333061e-30,0.3297463489623367,0.562634989200864
Epidermis 1,cherp,-11.634745,-1.2028015,2.744101549567917e-31,4.458603120857894e-30,0.3850883935434281,0.5961123110151187
Epidermis 1,fam207a,-11.64113,-1.4348133,2.546192900096343e-31,4.149400692531912e-30,0.31283627978478096,0.5399568034557235
Epidermis 1,nrxn1,-11.671085,-3.05082,1.7912418210261814e-31,2.9256502826805617e-30,0.11299000768639508,0.37688984881209503
Epidermis 1,ripk4,-11.671754,-1.5158623,1.7772171502426252e-31,2.9049180101456422e-30,0.29285165257494233,0.5226781857451404
Epidermis 1,rbm34,-11.690174,-1.7657032,1.430923955394335e-31,2.342399972292557e-30,0.20061491160645656,0.458963282937365
Epidermis 1,paxip1,-11.693818,-1.0577556,1.3708167971569924e-31,2.2490671677265212e-30,0.4711760184473482,0.6684665226781857
Epidermis 1,arhgef11,-11.695623,-1.2589731,1.341974362625514e-31,2.203402751456083e-30,0.3697156033820138,0.5896328293736501
Epidermis 1,ephb4,-11.702912,-1.22155,1.2315359417222942e-31,2.0235953150845017e-30,0.4411990776325903,0.6295896328293736
Epidermis 1,sulf1,-11.705386,-1.2113336,1.1961382830625476e-31,1.9669128466245552e-30,0.5403535741737125,0.7051835853131749
Epidermis 1,eif3g,-11.757305,-1.31615,6.476850531294417e-32,1.0706920866922383e-30,0.32436587240584164,0.5658747300215983
Epidermis 1,prpf39.2,-11.758242,-1.1819315,6.405452264628306e-32,1.0596919929223219e-30,0.4019984627209839,0.6101511879049676
Epidermis 1,abce1,-11.763858,-1.266217,5.993181197248524e-32,9.929932187179957e-31,0.3458877786318217,0.5842332613390929
Epidermis 1,fstl1,-11.772851,-1.3669053,5.387246589117232e-32,8.932758952973186e-31,0.2851652574942352,0.5453563714902808
Epidermis 1,pkdcc.2,-11.794581,-1.0939416,4.1626354897762024e-32,6.917964129657769e-31,0.8093774019984628,0.8585313174946004
Epidermis 1,rasa2,-11.813972,-1.3850803,3.3056687733812714e-32,5.497941943898836e-31,0.33435818601076095,0.5691144708423326
Epidermis 1,LOC100486588,-11.817415,-1.3853353,3.172958507995559e-32,5.281245431195353e-31,0.3235972328977709,0.5561555075593952
Epidermis 1,fam53a,-11.831357,-1.7345705,2.687624092530266e-32,4.48026320268166e-31,0.22598001537279017,0.4762419006479482
Epidermis 1,adgra3,-11.842891,-1.319386,2.342380797606262e-32,3.910718545108358e-31,0.3412759415833974,0.5788336933045356
Epidermis 1,rtkn2,-11.849544,-1.0196996,2.1636618754931381e-32,3.620649216651516e-31,0.5411222136817833,0.6976241900647948
Epidermis 1,myo10.2,-11.855428,-2.0499518,2.0169221176667158e-32,3.3776866868461552e-31,0.18524212144504226,0.4427645788336933
Epidermis 1,rad9a,-11.878763,-1.272156,1.526092306392155e-32,2.5596356816128525e-31,0.40507302075326673,0.6069114470842333
Epidermis 1,marcks,-11.881537,-1.168474,1.47626405072494e-32,2.477965988528378e-31,0.39815526518063027,0.6123110151187905
Epidermis 1,bud23,-11.917845,-1.8257552,9.554859000265167e-33,1.612502538629437e-31,0.20522674865488086,0.46652267818574517
Epidermis 1,castor2,-11.952413,-1.000784,6.30671108792642e-33,1.0668119585243596e-31,0.547271329746349,0.724622030237581
Epidermis 1,mars1,-11.962142,-1.4278287,5.6096241788773186e-33,9.496323445095575e-32,0.32667179093005383,0.5518358531317494
Epidermis 1,mms19,-11.989087,-1.7293091,4.0534539999029596e-33,6.877948657222588e-32,0.23597232897770945,0.49136069114470843
Epidermis 1,cad,-11.999217,-1.6877383,3.586718076896217e-33,6.10021630210073e-32,0.2513451191391238,0.4978401727861771
Epidermis 1,pank4,-12.032682,-1.5156306,2.3925843393811788e-33,4.0851786282970816e-32,0.2697924673328209,0.5259179265658748
Epidermis 1,naa25,-12.05789,-1.6281691,1.76240153559262e-33,3.0162638359346324e-32,0.24058416602613375,0.5010799136069114
Epidermis 1,dcbld2,-12.093696,-1.0528089,1.1403933472315899e-33,1.9547936551406539e-32,0.49961568024596464,0.7051835853131749
Epidermis 1,fbl,-12.131841,-1.6835066,7.162089426850468e-34,1.2305823101047564e-32,0.23674096848578016,0.4978401727861771
Epidermis 1,smarcad1,-12.133312,-1.1405275,7.034559924932174e-34,1.209622790559062e-32,0.4657955418908532,0.6727861771058316
Epidermis 1,ipo7,-12.135318,-1.1168079,6.864283933493476e-34,1.1812739724981163e-32,0.45887778631821674,0.6587473002159827
Epidermis 1,rps24,-12.16086,-1.4381181,5.022722748435453e-34,8.670951985253957e-33,0.30438124519600307,0.5442764578833693
Epidermis 1,ola1,-12.166176,-1.1044483,4.706214737466639e-34,8.13098272258587e-33,0.4888547271329746,0.693304535637149
Epidermis 1,rpl5,-12.213147,-1.1688108,2.644581980207972e-34,4.590884915681635e-33,0.431206764027671,0.6414686825053996
Epidermis 1,pias4,-12.239257,-1.1986128,1.9177961675675581e-34,3.334520332469457e-33,0.39815526518063027,0.6317494600431965
Epidermis 1,abi2,-12.259885,-1.6157464,1.4871149307538126e-34,2.587746005101989e-33,0.26287471176018445,0.5161987041036717
Epidermis 1,rnf220.1,-12.267975,-1.3847544,1.3457691112950389e-34,2.3455293752051952e-33,0.34050730207532665,0.5842332613390929
Epidermis 1,amotl2,-12.311302,-1.4607797,7.8741937366946e-35,1.3745822522273028e-33,0.34050730207532665,0.572354211663067
Epidermis 1,ndst1,-12.313209,-1.6831206,7.690422004159971e-35,1.3435764495818633e-33,0.27824750192159875,0.519438444924406
Epidermis 1,mthfd1l,-12.316518,-1.5085268,7.381311385913631e-35,1.2906057351924786e-33,0.30976172175249805,0.5604751619870411
Epidermis 1,rapgef1,-12.325344,-1.1301773,6.616058884346024e-35,1.158659878935109e-33,0.4358186010760953,0.67170626349892
Epidermis 1,dhx37,-12.353025,-1.5012709,4.6913396861502306e-35,8.229077435006767e-34,0.2890084550345888,0.5464362850971922
Epidermis 1,chd9,-12.376394,-1.0643904,3.5075015694385975e-35,6.177335895619018e-34,0.531129900076864,0.7138228941684666
Epidermis 1,clstn1,-12.397121,-1.2093755,2.7087927354248873e-35,4.778380459151695e-34,0.4511913912375096,0.6576673866090713
Epidermis 1,hdac1,-12.440985,-1.2961818,1.5656258777917168e-35,2.770764175125146e-34,0.3627978478093774,0.6069114470842333
Epidermis 1,LOC100170590,-12.446568,-2.5100558,1.4598997632225722e-35,2.5857526569220574e-34,0.11990776325903152,0.408207343412527
Epidermis 1,wtip,-12.480701,-1.165593,9.514502160432146e-36,1.6879345662015435e-34,0.48962336664104533,0.6673866090712743
Epidermis 1,reep3,-12.484512,-2.0011275,9.069723003741767e-36,1.610337068060611e-34,0.25595695618754805,0.4978401727861771
Epidermis 1,acvr1b,-12.50845,-1.4590995,6.71215605461689e-36,1.1936915832746142e-34,0.3259031514219831,0.572354211663067
Epidermis 1,pomgnt1,-12.538638,-1.2754074,4.588109191908332e-36,8.179504140247689e-35,0.39738662567255956,0.6220302375809935
Epidermis 1,pcdh19,-12.542817,-1.3549898,4.3524181716337196e-36,7.772022661474583e-35,0.5157571099154497,0.6814254859611231
Epidermis 1,itga6,-12.563679,-1.9012641,3.344147697483053e-36,5.986271280293495e-35,0.22598001537279017,0.48596112311015116
Epidermis 1,ipo5,-12.603329,-1.7294953,2.0241768627395967e-36,3.635355005912818e-35,0.2521137586471945,0.5086393088552916
Epidermis 1,pdcd11,-12.610383,-1.1873258,1.850915622344051e-36,3.32966445137424e-35,0.4565718677940046,0.6673866090712743
Epidermis 1,usp4,-12.61844,-1.0113113,1.6709872209889132e-36,3.0084663489438184e-35,0.5572636433512682,0.7494600431965442
Epidermis 1,gas6,-12.629338,-1.1860073,1.454958267396522e-36,2.621688220715071e-35,0.46348962336664107,0.6792656587473002
Epidermis 1,fgd4,-12.636226,-1.8130047,1.3330072847595981e-36,2.4059182763225135e-35,0.22521137586471945,0.49352051835853133
Epidermis 1,ube2e3,-12.647426,-1.4265791,1.1560147929517069e-36,2.0881952646522514e-35,0.3259031514219831,0.5777537796976242
Epidermis 1,ppid,-12.658023,-1.4334112,1.0101100958596493e-36,1.8261485005595202e-35,0.3212913143735588,0.5701943844492441
Epidermis 1,bop1,-12.674572,-1.4958947,8.180414751899187e-37,1.4813678863169471e-35,0.3159108378170638,0.562634989200864
Epidermis 1,cebpz,-12.675709,-1.2333215,8.062685527800479e-37,1.4624759842238925e-35,0.42890084550345886,0.652267818574514
Epidermis 1,camta1,-12.701652,-1.2475005,5.789488889178973e-37,1.0536483490473259e-35,0.42890084550345886,0.652267818574514
Epidermis 1,naf1,-12.709341,-1.6913,5.247489330532149e-37,9.558052143701338e-36,0.2444273635664873,0.519438444924406
Epidermis 1,cs,-12.720507,-1.2189909,4.5489876613244876e-37,8.299620381083749e-36,0.44350499615680244,0.6727861771058316
Epidermis 1,enox1,-12.721376,-1.3378943,4.498661212491971e-37,8.214668311111908e-36,0.5165257494235204,0.6846652267818575
Epidermis 1,nup188,-12.724887,-1.499824,4.30098830814125e-37,7.866878949870094e-36,0.3074558032282859,0.5593952483801296
Epidermis 1,nxn,-12.728263,-1.3955302,4.118998612130088e-37,7.552997371032829e-36,0.37355880092236743,0.6079913606911447
Epidermis 1,ifngr1,-12.792653,-1.1081761,1.802157336519158e-37,3.3213577060966676e-36,0.5249807840122982,0.7192224622030238
Epidermis 1,gtf2f2,-12.798269,-1.7502683,1.6764603230484814e-37,3.092311133494583e-36,0.2536510376633359,0.5172786177105831
Epidermis 1,fnip2,-12.879676,-1.8168899,5.858133118679355e-38,1.0860690125972999e-36,0.22136817832436587,0.5010799136069114
Epidermis 1,rnmt,-12.905084,-1.3997045,4.213577818577808e-38,7.831727562111273e-37,0.35818601076095313,0.5971922246220303
Epidermis 1,LOC734009,-12.906387,-2.16185,4.142855532371982e-38,7.706841480979456e-37,0.16295157571099156,0.45464362850971923
Epidermis 1,rps7,-12.9105,-1.5226523,3.927446994110405e-38,7.318601268871319e-37,0.30284396617986165,0.562634989200864
Epidermis 1,asap1,-12.913508,-1.5350056,3.776920222964153e-38,7.044117622675281e-37,0.3059185242121445,0.5615550755939525
Epidermis 1,mphosph10,-12.919292,-1.4367968,3.503498019924821e-38,6.539763070383192e-37,0.33973866256725593,0.5950323974082073
Epidermis 1,wdr43,-12.953025,-1.4247011,2.258755620107091e-38,4.2235052601848186e-37,0.3412759415833974,0.5928725701943844
Epidermis 1,dstyk,-12.953158,-1.2757883,2.254823432553034e-38,4.219768621075451e-37,0.44350499615680244,0.661987041036717
Epidermis 1,fbxw4,-12.956201,-1.6405113,2.1671819535444824e-38,4.059234112299927e-37,0.3013066871637202,0.5550755939524838
Epidermis 1,pde7a,-12.962051,-1.542307,2.0080485664499176e-38,3.764401011039833e-37,0.30822444273635663,0.572354211663067
Epidermis 1,ptges3,-13.038209,-1.4720107,7.417932387604883e-39,1.4026577350946808e-37,0.33512682551883166,0.5831533477321814
Epidermis 1,cul4b,-13.091031,-1.0871648,3.705440334978633e-39,7.037111710145235e-38,0.5226748654880861,0.7116630669546437
Epidermis 1,srfbp1,-13.09531,-1.7860334,3.5024049809465824e-39,6.657315251675555e-38,0.24980784012298232,0.521598272138229
Epidermis 1,rnf44,-13.102264,-1.2644538,3.195803871324079e-39,6.07982879478315e-38,0.43197540353574176,0.6565874730021598
Epidermis 1,ppp1r9al,-13.109385,-1.082563,2.9094830663655204e-39,5.539950261008902e-38,0.5403535741737125,0.7257019438444925
Epidermis 1,bcam,-13.119649,-3.5044937,2.5411081566151388e-39,4.842752933231349e-38,0.07071483474250577,0.37904967602591794
Epidermis 1,cdc25b,-13.133255,-1.8678395,2.1232915080324058e-39,4.050030069648175e-38,0.26133743274404303,0.5237580993520519
Epidermis 1,topbp1,-13.146561,-1.3109212,1.780917850988385e-39,3.4059078375475504e-38,0.4081475787855496,0.6414686825053996
Epidermis 1,mettl24,-13.162575,-4.152061,1.4409038327859528e-39,2.7604883700809726e-38,0.03920061491160646,0.35853131749460043
Epidermis 1,supt16h,-13.164748,-1.1396316,1.400041514692197e-39,2.684561150448017e-38,0.4973097617217525,0.7051835853131749
Epidermis 1,dpysl4,-13.200586,-2.4313164,8.705435131384464e-40,1.6736678414267876e-38,0.14373558800922367,0.44168466522678185
Epidermis 1,lrp1,-13.21279,-1.2251933,7.402947192220548e-40,1.4245124398716455e-38,0.4765564950038432,0.6965442764578834
Epidermis 1,sdc1,-13.224524,-1.5794774,6.333705892093924e-40,1.2198393316097222e-38,0.3074558032282859,0.5799136069114471
Epidermis 1,ipmk,-13.231244,-2.4986231,5.7920988000629426e-40,1.1165140275280341e-38,0.1337432744043044,0.43628509719222464
Epidermis 1,nid2,-13.233985,-1.3952327,5.584606242008457e-40,1.078422060237757e-38,0.49269792467332824,0.6857451403887689
Epidermis 1,frmd6,-13.2732,-1.9276971,3.3113057398973045e-40,6.411357812803822e-39,0.26594926979246736,0.5269978401727862
Epidermis 1,dhrsx,-13.284634,-1.7957904,2.8424448032305056e-40,5.5133322712260324e-39,0.27901614142966946,0.5442764578833693
Epidermis 1,plekha7,-13.310945,-1.7794914,1.999370899960499e-40,3.891906548442288e-39,0.2521137586471945,0.5302375809935205
Epidermis 1,usp24,-13.322746,-1.3680092,1.7071044960953125e-40,3.328930045513478e-39,0.42121445042275174,0.6360691144708424
Epidermis 1,bcar3,-13.326792,-2.320069,1.6170386992483395e-40,3.156118198237748e-39,0.18370484242890084,0.468682505399568
Epidermis 1,cdc7,-13.3422365,-1.3024375,1.3145483760367891e-40,2.572624225425899e-39,0.4496541122213682,0.6684665226781857
Epidermis 1,gpm6b,-13.357883,-1.7157145,1.0655150086201276e-40,2.087127738159767e-39,0.30899308224442734,0.5647948164146869
Epidermis 1,necab2,-13.372726,-1.3743722,8.728158443266811e-41,1.712744113224146e-39,0.5826287471176018,0.7354211663066955
Epidermis 1,tcp1,-13.411574,-1.6594381,5.172888326177031e-41,1.017832246758422e-39,0.2897770945426595,0.5583153347732182
Epidermis 1,fam171a1,-13.42926,-1.4592135,4.074639924122819e-41,8.039124573624235e-40,0.3674096848578017,0.6079913606911447
Epidermis 1,eif4g3,-13.435278,-1.3587018,3.756575181792751e-41,7.418301089764673e-40,0.398923904688701,0.6382289416846653
Epidermis 1,actg1,-13.437785,-1.2343308,3.631452115176482e-41,7.177709837433515e-40,0.48347425057647964,0.6771058315334774
Epidermis 1,rcl1,-13.440493,-1.9457664,3.5009714357579036e-41,6.9260832003330205e-40,0.2083013066871637,0.5010799136069114
Epidermis 1,bub1,-13.446143,-1.5079991,3.2435567270056473e-41,6.4226543865689864e-40,0.3620292083013067,0.6047516198704104
Epidermis 1,bicc1,-13.471149,-1.1100625,2.3123697963449733e-41,4.599655544762412e-40,0.5995388162951576,0.7624190064794817
Epidermis 1,pinx1,-13.477669,-1.3292669,2.116898499924626e-41,4.218524398799567e-40,0.42198308993082245,0.6565874730021598
Epidermis 1,ssrp1,-13.483185,-1.0478195,1.9643983401122057e-41,3.921787390630233e-40,0.5903151421983089,0.7786177105831533
Epidermis 1,map3k5,-13.520762,-1.4978184,1.1794701966850635e-41,2.36772945371341e-40,0.3627978478093774,0.6166306695464363
Epidermis 1,ctps1,-13.544198,-1.992459,8.574516883619634e-42,1.7244657411747838e-40,0.1975403535741737,0.4946004319654428
Epidermis 1,clmn,-13.593276,-2.3484604,4.389838290532041e-42,8.844936411606618e-41,0.15833973866256726,0.4654427645788337
Epidermis 1,carmil1,-13.594111,-1.4383436,4.339981286299013e-42,8.752562998921512e-41,0.3835511145272867,0.6339092872570194
Epidermis 1,fgd1,-13.594914,-2.0909843,4.292648559452422e-42,8.665114173525559e-41,0.19523443504996157,0.49352051835853133
Epidermis 1,casp8ap2,-13.618684,-1.3689806,3.101054717185383e-42,6.283019032841434e-41,0.41275941583397385,0.6544276457883369
Epidermis 1,dnajc2,-13.625972,-1.4338851,2.8064820430984414e-42,5.702071197621144e-41,0.36664104534973097,0.6241900647948164
Epidermis 1,grb10,-13.639479,-1.5860599,2.3322234681676403e-42,4.742912236615665e-41,0.30899308224442734,0.5809935205183585
Epidermis 1,nsd2,-13.666391,-1.3620743,1.61193654260233e-42,3.287296008983686e-41,0.4458109146810146,0.6630669546436285
Epidermis 1,hmbox1,-13.713229,-1.1393247,8.460719317838643e-43,1.7286643842186988e-41,0.5196003074558032,0.734341252699784
Epidermis 1,cdc5l,-13.784104,-1.2469927,3.176855144113305e-43,6.515240234933875e-42,0.4488854727132975,0.6889848812095032
Epidermis 1,klhl32,-13.793733,-2.7342777,2.7799592486295326e-43,5.70663130426576e-42,0.13066871637202152,0.4427645788336933
Epidermis 1,cenpc,-13.805668,-1.16427,2.35579686506526e-43,4.845037077529598e-42,0.5588009223674096,0.7570194384449244
Epidermis 1,usp36,-13.80667,-1.2879436,2.3232340793604833e-43,4.782574608087274e-42,0.4404304381245196,0.6760259179265659
Epidermis 1,wdr70,-13.832747,-1.2037817,1.6172374701988242e-43,3.3355140677890875e-42,0.5057647963105304,0.7235421166306696
Epidermis 1,kpnb1,-13.83589,-1.167762,1.5480856302465488e-43,3.195910741495737e-42,0.49192928516525747,0.724622030237581
Epidermis 1,dus2,-13.868954,-1.3550674,9.769109368036461e-44,2.0225022345343796e-42,0.4081475787855496,0.6663066954643628
Epidermis 1,bcar1,-13.87681,-1.9251137,8.755420688784492e-44,1.8143593053178196e-42,0.22905457340507301,0.5259179265658748
Epidermis 1,smarcb1,-13.880789,-1.5221967,8.282742884230556e-44,1.7180392820988117e-42,0.33358954650269024,0.6004319654427646
Epidermis 1,efna3.1,-13.88928,-1.5356106,7.357070326700489e-44,1.530396869389241e-42,0.36049192928516527,0.6123110151187905
Epidermis 1,sh3pxd2b,-13.902486,-1.6465431,6.117897617176131e-44,1.2762776663900607e-42,0.32513451191391235,0.5961123110151187
Epidermis 1,mmp14,-13.906465,-2.0219033,5.787023256108173e-44,1.2084079853735545e-42,0.22213681783243658,0.5183585313174947
Epidermis 1,smc2,-13.925186,-1.1642454,4.453798574381736e-44,9.335863467010938e-43,0.5465026902382782,0.744060475161987
Epidermis 1,sestd1,-13.954071,-1.3148754,2.971478305541779e-44,6.246688642122077e-43,0.4350499615680246,0.6792656587473002
Epidermis 1,polr3a,-13.977741,-1.0611479,2.1314731510101834e-44,4.493804408521083e-43,0.5941583397386626,0.775377969762419
Epidermis 1,git1,-14.006024,-1.6036246,1.4320059760900302e-44,3.022031180295991e-43,0.30284396617986165,0.58207343412527
Epidermis 1,klhdc4,-14.011807,-1.911528,1.3200165357030515e-44,2.7883911738215185e-43,0.22367409684857803,0.5237580993520519
Epidermis 1,lmx1b.1,-14.0136795,-1.4640787,1.2856669978581768e-44,2.718463135684426e-43,0.7117601844734819,0.838012958963283
Epidermis 1,cdk4,-14.015518,-1.660954,1.2527967728672677e-44,2.6515303958037485e-43,0.3013066871637202,0.5799136069114471
Epidermis 1,map7d1,-14.039522,-1.5165088,8.93121939322472e-45,1.9013476915078696e-43,0.35588009223674094,0.6209503239740821
Epidermis 1,kpna2,-14.066669,-2.0474274,6.086949120577787e-45,1.2983706428164994e-43,0.21137586471944658,0.5086393088552916
Epidermis 1,eif3b,-14.08509,-1.3861436,4.6906024797568845e-45,1.0044517832264472e-43,0.3927747886241353,0.6555075593952484
Epidermis 1,ctnnal1,-14.105516,-1.7444713,3.512065365124981e-45,7.550421510580513e-44,0.30361260568793236,0.5809935205183585
Epidermis 1,baz1b,-14.124807,-1.0472974,2.6713074204426505e-45,5.754254612189445e-44,0.6579554189085319,0.8174946004319654
Epidermis 1,tcf7,-14.133867,-1.2691588,2.348839282557816e-45,5.064626678329457e-44,0.5618754803996926,0.7591792656587473
Epidermis 1,tcof1,-14.139785,-1.3310311,2.1594494401411366e-45,4.665479825081162e-44,0.45272867025365104,0.6943844492440605
Epidermis 1,cbfa2t2,-14.145769,-2.2268448,1.9833750368792888e-45,4.289318798785229e-44,0.1813989239046887,0.49136069114470843
Epidermis 1,ehmt2,-14.158238,-1.1622795,1.661052424989806e-45,3.595815968819698e-44,0.5288239815526518,0.7505399568034558
Epidermis 1,zmym2,-14.204274,-1.4732782,8.619099267188169e-46,1.8695563132138473e-44,0.3704842428900845,0.6328293736501079
Epidermis 1,ncapd2,-14.208755,-1.1965009,8.085119017887049e-46,1.7554764386996348e-44,0.5388162951575711,0.7419006479481641
Epidermis 1,nap1l1,-14.2186165,-1.808392,7.022768795037705e-46,1.5263330465788622e-44,0.25749423520368947,0.5550755939524838
Epidermis 1,nup205,-14.221725,-1.4779395,6.717582623056415e-46,1.4614593261985447e-44,0.3382013835511145,0.6263498920086393
Epidermis 1,galnt16,-14.274414,-2.7218103,3.159323190735659e-46,6.893959134504282e-45,0.14296694850115296,0.46220302375809935
Epidermis 1,mamdc2,-14.346526,-3.6623821,1.1200872275903354e-46,2.4613719429253485e-45,0.07071483474250577,0.408207343412527
Epidermis 1,ryk,-14.385842,-1.0731263,6.350058486866517e-47,1.3996426893122654e-45,0.5903151421983089,0.7807775377969762
Epidermis 1,nup210,-14.389051,-2.1284375,6.062166939415063e-47,1.3375383699188684e-45,0.202152190622598,0.5118790496760259
Epidermis 1,nop53,-14.397576,-1.6690911,5.358994054993418e-47,1.1835891626924228e-45,0.3005380476556495,0.591792656587473
Epidermis 1,ddx21,-14.410949,-1.3386241,4.415993549855002e-47,9.782882766638173e-46,0.431206764027671,0.6846652267818575
Epidermis 1,hells,-14.411618,-1.6375045,4.373444896667144e-47,9.698469622985138e-46,0.3674096848578017,0.6339092872570194
Epidermis 1,hsp90ab1,-14.417335,-1.2135044,4.025918453791617e-47,8.936883680588695e-46,0.5203689469638739,0.7354211663066955
Epidermis 1,shb,-14.427331,-1.0252303,3.4830194429051244e-47,7.747499211379482e-46,0.708685626441199,0.8390928725701944
Epidermis 1,npm1,-14.428066,-1.3338301,3.446080604452116e-47,7.673155598954044e-46,0.4458109146810146,0.6954643628509719
Epidermis 1,slc12a2,-14.437326,-1.0279626,3.013031214517194e-47,6.715766509905995e-46,0.7063797079169869,0.838012958963283
Epidermis 1,ccnj,-14.437861,-1.6647633,2.9897421219392437e-47,6.6706710473247684e-46,0.3166794773251345,0.5993520518358532
Epidermis 1,nol8,-14.473968,-1.3309517,1.7696178391262147e-47,3.960495473597245e-46,0.4465795541890853,0.6814254859611231
Epidermis 1,ahdc1,-14.526256,-1.2765121,8.26149484407805e-48,1.8546715945743534e-46,0.4704073789392775,0.7084233261339092
Epidermis 1,sin3a,-14.528094,-1.024459,8.0427283273998e-48,1.807418896315047e-46,0.6395080707148347,0.8120950323974082
Epidermis 1,mybbp1a,-14.530969,-1.7324941,7.712157975993259e-48,1.7349175174654525e-46,0.3059185242121445,0.5896328293736501
Epidermis 1,ugdhl,-14.53157,-3.55585,7.644699354892283e-48,1.7215168691754851e-46,0.09377401998462721,0.43088552915766737
Epidermis 1,fras1,-14.546616,-2.1105673,6.136515952645026e-48,1.3833152334986272e-46,0.2890084550345888,0.5593952483801296
Epidermis 1,yes1,-14.555541,-1.8005753,5.385781744433687e-48,1.2153375744083504e-46,0.26594926979246736,0.562634989200864
Epidermis 1,amotl1,-14.577171,-2.7544937,3.92441021795647e-48,8.86486080393666e-47,0.14834742505764797,0.4708423326133909
Epidermis 1,cwc27,-14.580047,-1.6476357,3.7625815028903716e-48,8.508113054359668e-47,0.3312836279784781,0.6155507559395248
Epidermis 1,ncam1,-14.581585,-1.7481506,3.678766627656195e-48,8.327216450423841e-47,0.4235203689469639,0.6371490280777538
Epidermis 1,dennd2c,-14.583022,-2.5658813,3.60209946963628e-48,8.162140449318097e-47,0.1614142966948501,0.48056155507559395
Epidermis 1,imp3,-14.600173,-1.5376455,2.8013442605581373e-48,6.354275791022777e-47,0.38047655649500384,0.6436285097192225
Epidermis 1,aqr,-14.6532955,-1.2380526,1.2833634211441374e-48,2.9232017967417766e-47,0.4888547271329746,0.7181425485961123
Epidermis 1,cstf3,-14.670848,-1.2802821,9.909952040123014e-49,2.259614038323138e-47,0.46348962336664107,0.7159827213822895
Epidermis 1,smurf2,-14.672385,-1.3786733,9.687852238074369e-49,2.211282674550427e-47,0.4189085318985396,0.6781857451403888
Epidermis 1,znf281,-14.724572,-1.415492,4.482970197638211e-49,1.0286318894076068e-47,0.415065334358186,0.6760259179265659
Epidermis 1,chaf1a,-14.750983,-1.0240303,3.0321423456951243e-49,6.979364781161742e-48,0.7740199846272099,0.9103671706263499
Epidermis 1,arhgef2,-14.775556,-1.2530326,2.1061298834674244e-49,4.8581247555119095e-48,0.5242121445042275,0.7570194384449244
Epidermis 1,lrig1,-14.781172,-1.2680199,1.937643018043293e-49,4.4742125181717135e-48,0.49423520368946966,0.7321814254859611
Epidermis 1,lfng,-14.833827,-1.683297,8.853780475579953e-50,2.046592624551167e-48,0.38970023059185244,0.6501079913606912
Epidermis 1,eif5b,-14.850041,-1.4131435,6.952552428240054e-50,1.6088191573343185e-48,0.4665641813989239,0.6987041036717062
Epidermis 1,tmeff1,-14.86435,-1.9350905,5.615698164455785e-50,1.305006918494033e-48,0.28823981552651806,0.5734341252699784
Epidermis 1,ngfr,-14.901158,-3.9707384,3.2391309824568274e-50,7.551397133353679e-49,0.05918524212144504,0.4136069114470842
Epidermis 1,celf3,-14.912158,-1.7516952,2.7472894765240424e-50,6.4184800500247455e-49,0.3566487317448117,0.6306695464362851
Epidermis 1,bsg,-14.927035,-1.5663545,2.1982591430721586e-50,5.141287541369515e-49,0.4957724827056111,0.7116630669546437
Epidermis 1,pitpnc1,-14.968189,-2.5197828,1.1850389625455718e-50,2.7835021745647924e-49,0.14219830899308225,0.48272138228941686
Epidermis 1,cbx5,-14.974675,-1.6986187,1.0749188465073256e-50,2.5302917097773844e-49,0.3013066871637202,0.6047516198704104
Epidermis 1,pard6g,-14.983902,-1.9566526,9.35586453018196e-51,2.207073728790276e-49,0.26210607225211374,0.5647948164146869
Epidermis 1,set,-14.986176,-1.2464482,9.04115224263286e-51,2.1351405095940654e-49,0.4973097617217525,0.7483801295896328
Epidermis 1,copg2,-14.999783,-1.8489821,7.366051357961884e-51,1.743325452083365e-49,0.28209069946195237,0.5799136069114471
Epidermis 1,LOC100490503,-15.046787,-2.0971808,3.6241158344756027e-51,8.62397291429576e-50,0.23136049192928518,0.541036717062635
Epidermis 1,rrp1b,-15.051401,-1.698437,3.3800018076963786e-51,8.051858018094179e-50,0.29438893159108376,0.6058315334773218
Epidermis 1,smtn,-15.063503,-1.4083637,2.8146835213478914e-51,6.727186102884155e-50,0.4873174481168332,0.7062634989200864
Epidermis 1,abcb9,-15.09279,-1.2958893,1.8064122116030642e-51,4.331617677954996e-50,0.7248270561106841,0.785097192224622
Epidermis 1,LOC116406446,-15.11355,-1.5036355,1.3184032359996305e-51,3.1753727387139003e-50,0.4089162182936203,0.67170626349892
Epidermis 1,naca,-15.124182,-1.2040719,1.1218634623146222e-51,2.704992553720151e-50,0.5342044581091469,0.7602591792656588
Epidermis 1,arhgap12,-15.14297,-1.44563,8.431764568851063e-52,2.0352824630187948e-50,0.41352805534204456,0.6965442764578834
Epidermis 1,pum3,-15.174664,-1.6254053,5.2043793470499996e-52,1.259032835166054e-50,0.35049961568024596,0.6349892008639308
Epidermis 1,esf1,-15.191915,-1.6109804,4.0006243663671594e-52,9.699736033166421e-51,0.3535741737125288,0.6447084233261339
Epidermis 1,ccnt2,-15.206692,-1.1459414,3.192770454598598e-52,7.758289987727841e-51,0.5810914681014604,0.7818574514038877
Epidermis 1,taok3,-15.23347,-1.4851443,2.120323512119998e-52,5.163792339059205e-51,0.4350499615680246,0.6943844492440605
Epidermis 1,rpl3,-15.23591,-1.3589414,2.0426118761328365e-52,4.980093156323422e-51,0.4811683320522675,0.7138228941684666
Epidermis 1,nop2,-15.236044,-1.5714421,2.038436631240051e-52,4.9754726767661245e-51,0.3797079169869331,0.6511879049676026
Epidermis 1,strbp,-15.302106,-1.4986178,7.402265947983701e-53,1.8230795175051056e-51,0.4388931591083782,0.6922246220302376
Epidermis 1,gab3,-15.314843,-1.3657523,6.085868954655689e-53,1.5005621068874778e-51,0.5995388162951576,0.7937365010799136
Epidermis 1,ctbs,-15.328984,-2.413597,4.895799153775884e-53,1.208498114644158e-51,0.27901614142966946,0.5615550755939525
Epidermis 1,ccser2,-15.335136,-1.391789,4.4533891743370105e-53,1.1017846391520172e-51,0.4727132974634896,0.7095032397408207
Epidermis 1,hsf2,-15.336105,-1.425817,4.387390055056631e-53,1.0866882904811661e-51,0.425826287471176,0.7041036717062635
Epidermis 1,schip1,-15.338546,-2.518236,4.22553438744202e-53,1.047788475776958e-51,0.1606456571867794,0.5
Epidermis 1,ssbp4,-15.352988,-1.6346596,3.382384875124661e-53,8.39670311263882e-52,0.5680245964642583,0.7462203023758099
Epidermis 1,ncbp1,-15.362516,-1.1920577,2.9201542773128257e-53,7.265756725797396e-52,0.5618754803996926,0.7742980561555075
Epidermis 1,depdc1,-15.371643,-1.3211976,2.536522926054855e-53,6.31843227961678e-52,0.5119139123750961,0.7311015118790497
Epidermis 1,utp18,-15.378932,-1.2281594,2.266568971974976e-53,5.658901777742099e-52,0.536510376633359,0.7710583153347732
Epidermis 1,kdm4b,-15.38398,-1.3144644,2.096550138075634e-53,5.2404147265691186e-52,0.6825518831667948,0.8401727861771058
Epidermis 1,actn1,-15.399994,-1.0048,1.636855801329035e-53,4.0960814725689074e-52,0.7878554957724827,0.8747300215982722
Epidermis 1,cep85l,-15.412531,-1.5083234,1.348271504063832e-53,3.377799367414108e-52,0.43735588009223675,0.6954643628509719
Epidermis 1,gnl3,-15.426839,-1.2973465,1.080329609855898e-53,2.709640507662707e-52,0.4827056110684089,0.7332613390928726
Epidermis 1,dnajc11,-15.430116,-1.3153975,1.0268615475939573e-53,2.578497794021604e-52,0.49423520368946966,0.7408207343412527
Epidermis 1,pprc1,-15.470836,-1.3931011,5.459391100806501e-54,1.3772181874069208e-52,0.49116064565718676,0.7321814254859611
Epidermis 1,dtx4,-15.481333,-2.3770483,4.637629333095513e-54,1.172626995104023e-52,0.191391237509608,0.5237580993520519
Epidermis 1,samd4a,-15.536395,-1.4239154,1.967437244666394e-54,5.003665281569392e-53,0.46887009992313605,0.7397408207343412
Epidermis 1,bms1,-15.5721,-1.5969013,1.1264702282065364e-54,2.8682271703261176e-53,0.37509607993850885,0.6576673866090713
Epidermis 1,pabpc4,-15.580391,-1.4663053,9.894731214158642e-55,2.5252974248439266e-53,0.4196771714066103,0.6954643628509719
Epidermis 1,dock7,-15.581762,-1.2693934,9.68480492576164e-55,2.474615085304974e-53,0.5588009223674096,0.787257019438445
Epidermis 1,c5,-15.609711,-1.583554,6.251968535961304e-55,1.6031046465712293e-53,0.4004611837048424,0.6803455723542117
Epidermis 1,sik2,-15.625691,-2.0938227,4.866158243431113e-55,1.2492286944695332e-53,0.2436587240584166,0.5680345572354212
Epidermis 1,caprin1,-15.63756,-1.0530853,4.039138115216111e-55,1.0381393735233303e-53,0.6587240584166026,0.8466522678185745
Epidermis 1,zmiz1,-15.64799,-1.2580663,3.428780860070721e-55,8.82304565419849e-54,0.5772482705611068,0.775377969762419
Epidermis 1,msantd4,-15.649394,-1.6062639,3.353963938265921e-55,8.640713942963478e-54,0.3766333589546503,0.6565874730021598
Epidermis 1,dcps,-15.649461,-2.1203032,3.3504420692983364e-55,8.640713942963478e-54,0.22521137586471945,0.5518358531317494
Epidermis 1,fgd6,-15.689044,-1.6268116,1.797411491687805e-55,4.652587919349892e-54,0.37432744043043814,0.6576673866090713
Epidermis 1,hnrnpa3,-15.692354,-1.0848271,1.7060933277758154e-55,4.421456354560103e-54,0.6425826287471176,0.8099352051835853
Epidermis 1,ankrd10,-15.704891,-1.8837231,1.4001814667730911e-55,3.6373047364828117e-54,0.30284396617986165,0.6090712742980562
Epidermis 1,pik3cb,-15.713416,-2.837037,1.2240211913725764e-55,3.1834763309822396e-54,0.14834742505764797,0.4956803455723542
Epidermis 1,rb1,-15.713616,-1.2076132,1.220153722095943e-55,3.177204578741715e-54,0.644119907763259,0.8596112311015118
Epidermis 1,spata5,-15.756108,-1.3678554,6.235640314444114e-56,1.6256619749281363e-54,0.531129900076864,0.744060475161987
Epidermis 1,LOC101731566,-15.842162,-1.3585131,1.5925076762186786e-56,4.191810615532906e-55,0.48424289008455035,0.7365010799136069
Epidermis 1,chtf18,-15.847778,-1.6488204,1.4563953757512207e-56,3.838164673220699e-55,0.372021521906226,0.6587473002159827
Epidermis 1,prkce,-15.84935,-1.2324091,1.4204353074676722e-56,3.747922472098195e-55,0.6026133743274404,0.8023758099352052
Epidermis 1,plcb3,-15.85871,-1.7634481,1.2238110344373506e-56,3.233024283590488e-55,0.3727901614142967,0.6598272138228942
Epidermis 1,c21orf91,-15.87877,-2.4277005,8.890550574389571e-57,2.351523685863695e-55,0.18216756341275941,0.5269978401727862
Epidermis 1,impdh1,-15.905849,-1.3095535,5.771541672581015e-57,1.5321266525229968e-55,0.5626441199077633,0.775377969762419
Epidermis 1,msi1,-15.936673,-1.7776619,3.5263392912457644e-57,9.383932887106563e-56,0.34358186010760955,0.6457883369330454
Epidermis 1,utp3,-15.942189,-1.7880577,3.228414783575075e-57,8.60161648258751e-56,0.31053036126056877,0.6231101511879049
Epidermis 1,nsd1,-15.943761,-1.2114158,3.1482362669085734e-57,8.398247381444008e-56,0.5826287471176018,0.7840172786177105
Epidermis 1,atrnl1,-16.006645,-1.7937987,1.1483591758826927e-57,3.074643629071931e-56,0.3366641045349731,0.6274298056155507
Epidermis 1,khsrp,-16.010424,-1.1267653,1.080715287312744e-57,2.904222695129481e-56,0.6379707916986933,0.8326133909287257
Epidermis 1,ksr2,-16.013666,-2.322034,1.02582486665727e-57,2.7601139846274093e-56,0.20983858570330516,0.5496760259179265
Epidermis 1,sall4,-16.092499,-1.3801758,2.8797738648828824e-58,7.796469665708359e-57,0.5134511913912375,0.7494600431965442
Epidermis 1,eftud2,-16.1156,-1.2962117,1.982310743097928e-58,5.380099841435309e-57,0.5119139123750961,0.7613390928725702
Epidermis 1,smarca5,-16.14385,-1.4201258,1.2546583086263703e-58,3.4137031112887816e-57,0.48962336664104533,0.7375809935205183
Epidermis 1,pxdn,-16.194933,-1.7323141,5.475702842412139e-59,1.4991883528767288e-57,0.3866256725595696,0.6749460043196545
Epidermis 1,ccdc9,-16.239298,-1.1248308,2.6595336606744684e-59,7.299834466613531e-58,0.6533435818601077,0.8390928725701944
Epidermis 1,rps8,-16.241705,-1.4050857,2.5571961839834473e-59,7.027780595806398e-58,0.45964642582628745,0.7311015118790497
Epidermis 1,atxn7,-16.255043,-1.5236117,2.0572193734096447e-59,5.6608554788363e-58,0.425826287471176,0.7062634989200864
Epidermis 1,gldc,-16.324682,-2.0793111,6.58832186661405e-60,1.8267315305131537e-58,0.34358186010760955,0.6317494600431965
Epidermis 1,eif4a2,-16.34016,-1.0678867,5.111792419333843e-60,1.4245775527750164e-58,0.6979246733282091,0.8606911447084233
Epidermis 1,tfap4,-16.385494,-1.9670339,2.4278760332943282e-60,6.8008578847901835e-59,0.2682551883166795,0.6090712742980562
Epidermis 1,vezf1,-16.513504,-1.5597758,2.9334353047576403e-61,8.291514479937366e-60,0.4104534973097617,0.712742980561555
Epidermis 1,auts2,-16.524069,-1.396084,2.4621322254196688e-61,6.977426920893843e-60,0.5426594926979247,0.7742980561555075
Epidermis 1,cass4,-16.527346,-2.3442957,2.331909750044446e-61,6.616983440275664e-60,0.20599538816295157,0.5637149028077754
Epidermis 1,dhx15,-16.568365,-1.3488762,1.1798900000337587e-61,3.361146173725411e-60,0.5057647963105304,0.7721382289416847
Epidermis 1,gnl3l,-16.57221,-1.7543832,1.1068121054887724e-61,3.1570911050811116e-60,0.3458877786318217,0.6501079913606912
Epidermis 1,plscr1,-16.576992,-1.5809758,1.0222015767336797e-61,2.91956290653215e-60,0.4304381245196003,0.7062634989200864
Epidermis 1,sipa1l1,-16.603436,-1.6297392,6.581359157350329e-62,1.8846697922905712e-60,0.4350499615680246,0.6987041036717062
Epidermis 1,trim28,-16.612127,-1.3665714,5.693713233984144e-62,1.6347699536680003e-60,0.5149884704073789,0.7688984881209503
Epidermis 1,bmper,-16.619751,-1.6607184,5.014096410601359e-62,1.4415362025788175e-60,0.6448885472713297,0.7937365010799136
Epidermis 1,sema6d,-16.635899,-1.619878,3.829716472091922e-62,1.1024834187007629e-60,0.40737893927747887,0.7051835853131749
Epidermis 1,zzz3,-16.638103,-1.4382218,3.6911927276919064e-62,1.0640094651382443e-60,0.47732513451191394,0.7365010799136069
Epidermis 1,ctnnd2,-16.656559,-1.3235097,2.7118574968391446e-62,7.827439475995632e-61,0.8162951575710992,0.9006479481641468
Epidermis 1,plcg1,-16.688787,-2.006128,1.5815168385823831e-62,4.5769600709159394e-61,0.2843966179861645,0.6209503239740821
Epidermis 1,bc014685,-16.728304,-1.4937875,8.152797260668507e-63,2.372029187000633e-61,0.4711760184473482,0.7451403887688985
Epidermis 1,map2k6,-16.747726,-1.1251936,5.88314975215292e-63,1.713968100690639e-61,0.6979246733282091,0.8671706263498921
Epidermis 1,phf14,-16.802454,-1.2841712,2.3414951903625878e-63,6.849030368485526e-62,0.627978478093774,0.8185745140388769
Epidermis 1,pes1,-16.824085,-1.8553716,1.6255326324337095e-63,4.773990251996766e-62,0.32820906994619525,0.6511879049676026
Epidermis 1,ilf2,-16.843576,-1.6894157,1.1695073480850747e-63,3.4393288197526164e-62,0.36433512682551883,0.6814254859611231
Epidermis 1,pbrm1,-16.883192,-1.0103477,5.982057933114244e-64,1.7639795426822424e-62,0.7747886241352806,0.896328293736501
Epidermis 1,ptma,-16.886168,-1.4620004,5.687953700541699e-64,1.6795241907918863e-62,0.5149884704073789,0.7526997840172787
Epidermis 1,etv1,-16.913816,-1.1902165,3.558980490298277e-64,1.0523104780325028e-62,0.7755572636433513,0.9308855291576674
Epidermis 1,polr1a,-16.922274,-2.0021417,3.0829314538312444e-64,9.140305333430922e-63,0.2690238278247502,0.6209503239740821
Epidermis 1,thada,-16.962593,-1.3362278,1.5533611704164902e-64,4.611686272062344e-63,0.5949269792467333,0.8218142548596112
Epidermis 1,tnpo2,-16.986965,-1.4419286,1.0256128469054391e-64,3.0531920780796163e-63,0.4819369715603382,0.7678185745140389
Epidermis 1,xnf7,-17.005386,-1.5025674,7.49109059287495e-65,2.2331022927202774e-63,0.46041506533435816,0.7408207343412527
Epidermis 1,cdc42bpa,-17.00903,-1.2921239,7.039423787500165e-65,2.101330594624365e-63,0.5780169100691775,0.826133909287257
Epidermis 1,ptk2b,-17.05443,-1.6632477,3.2401940795574026e-65,9.72548487070455e-64,0.5134511913912375,0.7365010799136069
Epidermis 1,ddx52,-17.060013,-1.8253882,2.944903245023222e-65,8.863549477193342e-64,0.32897770945426597,0.6609071274298056
Epidermis 1,znf326,-17.066364,-1.0149953,2.641429732543098e-65,7.961137872074993e-64,0.7770945426594927,0.8941684665226782
Epidermis 1,hmga2,-17.068838,-1.6376677,2.5318544047628887e-65,7.641437754679252e-64,0.43812451960030746,0.7224622030237581
Epidermis 1,cnot6l,-17.133127,-1.1053048,8.40136375598606e-66,2.5497379488090654e-64,0.7156033820138356,0.8714902807775378
Epidermis 1,marf1,-17.160542,-1.1960146,5.242205244881006e-66,1.5953997301052782e-64,0.6671790930053805,0.8628509719222462
Epidermis 1,nolc1,-17.163116,-1.3451328,5.014905285458041e-66,1.5283554222622894e-64,0.5749423520368947,0.8056155507559395
Epidermis 1,tent4b,-17.216574,-1.4562057,1.9945171665864163e-66,6.087043229661844e-65,0.5103766333589547,0.7710583153347732
Epidermis 1,kctd15,-17.228542,-1.4102383,1.6218742843038676e-66,4.956711310615503e-65,0.5787855495772483,0.8012958963282938
Epidermis 1,ppp2r2a,-17.279993,-1.3557675,6.65553207032815e-67,2.0426211716825675e-65,0.5511145272867025,0.7958963282937365
Epidermis 1,capn8.1,-17.294603,-1.3213217,5.165733834653574e-67,1.5921112712708425e-65,0.8109146810146042,0.9460043196544277
Epidermis 1,trim71,-17.335491,-1.1044898,2.538925143874764e-67,7.858423484324997e-66,0.8047655649500385,0.8855291576673866
Epidermis 1,gpc4,-17.358625,-1.482969,1.6973969831726107e-67,5.276196519915888e-66,0.5334358186010761,0.7904967602591793
Epidermis 1,srek1,-17.375809,-1.4065032,1.2581925291446555e-67,3.9165505247454394e-66,0.5188316679477325,0.7786177105831533
Epidermis 1,ninl,-17.41536,-1.7286123,6.30921768700973e-68,1.9809127934998463e-66,0.4019984627209839,0.703023758099352
Epidermis 1,dzip1,-17.427963,-2.0394297,5.061760950448568e-68,1.5915372579212995e-66,0.28209069946195237,0.6317494600431965
Epidermis 1,sema6a,-17.455578,-1.6165997,3.122062159205302e-68,9.844872597690592e-67,0.44273635664873173,0.7397408207343412
Epidermis 1,fer,-17.456648,-1.6386945,3.06411266928503e-68,9.67612193291876e-67,0.4166026133743274,0.714902807775378
Epidermis 1,mark4,-17.472326,-2.3310847,2.328052086200188e-68,7.362380372894826e-67,0.21983089930822444,0.591792656587473
Epidermis 1,dis3l2,-17.48326,-1.3205045,1.9219496745928053e-68,6.086917830085574e-67,0.6033820138355112,0.816414686825054
Epidermis 1,snrpc,-17.520067,-1.3476566,1.007068244052489e-68,3.208063672039323e-67,0.5710991544965411,0.826133909287257
Epidermis 1,sox13,-17.560686,-1.2999232,4.927566232535171e-69,1.5766044392983867e-67,0.6548808608762491,0.8542116630669546
Epidermis 1,syde2,-17.624073,-1.5700202,1.6098556213566456e-69,5.188871420032993e-68,0.5126825518831668,0.7634989200863931
Epidermis 1,etf1,-17.643028,-1.3333814,1.1512155483538487e-69,3.727103038669041e-68,0.5872405841660261,0.8272138228941684
Epidermis 1,fchsd2,-17.654428,-1.6843023,9.408016977658845e-70,3.0504062179716737e-68,0.43658724058416604,0.7332613390928726
Epidermis 1,rsf1,-17.716545,-1.0914032,3.1252599904776924e-70,1.0193766554889943e-68,0.7286702536510377,0.8898488120950324
Epidermis 1,gon4l,-17.725437,-1.6182828,2.668266033576967e-70,8.716202562677096e-69,0.4242890084550346,0.7365010799136069
Epidermis 1,luc7l3,-17.730387,-1.1023571,2.443510190340681e-70,7.993978390318441e-69,0.7148347425057648,0.8855291576673866
Epidermis 1,fgfr4,-17.750813,-1.4154286,1.6987758718621384e-70,5.591099291086534e-69,0.6310530361260569,0.82829373650108
Epidermis 1,zdhhc5,-17.756798,-1.1622403,1.527036925418574e-70,5.03345509812065e-69,0.681783243658724,0.8768898488120951
Epidermis 1,mta1,-17.79511,-1.4273889,7.711606004210578e-71,2.5496205245133186e-69,0.5395849346656418,0.8012958963282938
Epidermis 1,rasgef1b,-17.808147,-1.8585572,6.109801353211911e-71,2.0261698378181932e-69,0.46810146041506534,0.7408207343412527
Epidermis 1,slc9a3r2,-17.843687,-1.6540283,3.236254897957245e-71,1.0797907970691903e-69,0.6979246733282091,0.8315334773218143
Epidermis 1,noc3l,-17.871067,-1.7626158,1.981684911110114e-71,6.632261724744448e-70,0.393543428132206,0.7095032397408207
Epidermis 1,bcor,-17.906303,-1.3136591,1.0530022143233482e-71,3.529579311635911e-70,0.6756341275941583,0.8628509719222462
Epidermis 1,nup58,-17.912088,-1.6345277,9.490850545181117e-72,3.1861515345599565e-70,0.42736356648731744,0.7429805615550756
Epidermis 1,lin28b,-17.95341,-1.6431457,4.513296605901114e-72,1.5245301120335635e-70,0.431206764027671,0.7451403887688985
Epidermis 1,hnrnpa2b1,-17.96287,-1.0750291,3.8060770454868063e-72,1.2896336523224783e-70,0.776325903151422,0.9190064794816415
Epidermis 1,prkx,-17.97524,-1.5671802,3.045430458275185e-72,1.0367291424340532e-70,0.652574942352037,0.8250539956803455
Epidermis 1,tnpo1,-18.025822,-1.6771381,1.221821296339503e-72,4.172357199909905e-71,0.4142966948501153,0.7365010799136069
Epidermis 1,paxbp1,-18.047653,-1.1682695,8.231481949405665e-73,2.8153474548272887e-71,0.7071483474250576,0.8855291576673866
Epidermis 1,fip1l1,-18.109201,-1.6147343,2.6963373232223062e-73,9.265634130714007e-72,0.4504227517294389,0.7494600431965442
Epidermis 1,suz12,-18.111374,-1.4700854,2.5919752916549304e-73,8.921055652871015e-72,0.5149884704073789,0.8099352051835853
Epidermis 1,prmt1,-18.131935,-1.5110308,1.7837214939491365e-73,6.148907854575688e-72,0.5111452728670254,0.7775377969762419
Epidermis 1,ago2,-18.140995,-1.4289271,1.512689196381105e-73,5.231123764537574e-72,0.5495772482705611,0.8185745140388769
Epidermis 1,usp10,-18.180744,-1.4486912,7.333095935358003e-74,2.548017299449793e-72,0.5234435049961568,0.8023758099352052
Epidermis 1,dmd.3,-18.195522,-1.6901358,5.600339973880558e-74,1.9521568461668953e-72,0.44427363566487316,0.7483801295896328
Epidermis 1,nectin1,-18.211903,-1.6520698,4.1525713398684954e-74,1.4521355642190776e-72,0.6026133743274404,0.8174946004319654
Epidermis 1,slc23a2,-18.228184,-2.3166306,3.0838977273241426e-74,1.0836349808041887e-72,0.31898539584934665,0.6576673866090713
Epidermis 1,brd1,-18.27666,-1.0048767,1.2696603966362316e-74,4.475809291599226e-73,0.8224442736356649,0.9416846652267818
Epidermis 1,spag9,-18.303406,-1.6869878,7.773393917427797e-75,2.7536238420810384e-73,0.4411990776325903,0.7300215982721382
Epidermis 1,mib1,-18.30989,-1.2793654,6.900695504586987e-75,2.448456530172238e-73,0.6625672559569562,0.8596112311015118
Epidermis 1,snrnp200,-18.314571,-1.1602033,6.332269890127541e-75,2.2504309653497243e-73,0.7401998462720983,0.9136069114470843
Epidermis 1,nop14,-18.334564,-1.6900733,4.385160218775343e-75,1.566097890898474e-73,0.41122213681783243,0.7473002159827213
Epidermis 1,trim24,-18.37241,-1.7016232,2.1849515126034915e-75,7.828871421431985e-74,0.4242890084550346,0.7408207343412527
Epidermis 1,tcf12,-18.376621,-1.6022998,2.0217529766435955e-75,7.256031530154588e-74,0.5034588777863183,0.806695464362851
Epidermis 1,mga,-18.522284,-1.4124222,1.3652195386790302e-76,4.948580656730086e-75,0.595695618754804,0.847732181425486
Epidermis 1,pard3,-18.53452,-1.0338519,1.0875689276960729e-76,3.955306928542668e-75,0.8747117601844735,0.9503239740820735
Epidermis 1,lrpprc,-18.539467,-1.5439031,9.919925815220174e-77,3.61373457786176e-75,0.5234435049961568,0.7948164146868251
Epidermis 1,disp1,-18.550066,-2.4077864,8.14531095195065e-77,2.9722212421825275e-75,0.24289008455034589,0.6220302375809935
Epidermis 1,ezh2,-18.55167,-1.0794163,7.905726754727048e-77,2.8896292046046723e-75,0.8009223674096848,0.9319654427645788
Epidermis 1,srrm4,-18.56053,-2.1230617,6.704082138208704e-77,2.45452644862168e-75,0.4704073789392775,0.7300215982721382
Epidermis 1,hnrnpul1,-18.56852,-1.6709205,5.777405497891448e-77,2.1188027793191476e-75,0.4411990776325903,0.7473002159827213
Epidermis 1,nbeal2,-18.616962,-1.4353995,2.341247125403366e-77,8.644391459124679e-76,0.7340507302075326,0.8369330453563715
Epidermis 1,hnrnph1,-18.620005,-1.1536736,2.2119588753849484e-77,8.180873664368636e-76,0.7517294388931591,0.9103671706263499
Epidermis 1,rsrc1,-18.641535,-1.7260877,1.479358132391011e-77,5.4899785385891583e-76,0.43658724058416604,0.7462203023758099
Epidermis 1,eif4a1,-18.662563,-1.2152748,9.982630574041802e-78,3.710919621059049e-76,0.6740968485780169,0.8768898488120951
Epidermis 1,mast3,-18.670052,-1.8462962,8.676872844593951e-78,3.2310246133427406e-76,0.40661029976940816,0.712742980561555
Epidermis 1,ttyh3,-18.731667,-1.2114295,2.732282906799546e-78,1.0209100224190563e-76,0.7448116833205227,0.8898488120950324
Epidermis 1,xrn2,-18.757008,-1.234778,1.6968746780262734e-78,6.3730640876439435e-77,0.6971560338201384,0.8844492440604752
Epidermis 1,fgfr1,-18.762356,-1.1701224,1.5344278954025466e-78,5.7728881216515466e-77,0.7647963105303612,0.9308855291576674
Epidermis 1,arhgef1,-18.767706,-1.3416438,1.3874930295534421e-78,5.2290993778731715e-77,0.6518063028439662,0.8336933045356372
Epidermis 1,hspg2,-18.773222,-1.5626369,1.2506507313415635e-78,4.721531074152985e-77,0.5703305149884704,0.8196544276457883
Epidermis 1,baz2a,-18.790607,-1.245851,9.014320306350296e-79,3.4090378406389915e-77,0.6810146041506533,0.8779697624190065
Epidermis 1,nop58,-18.80224,-1.5996748,7.239244059909114e-79,2.7472616457613354e-77,0.4888547271329746,0.7829373650107991
Epidermis 1,eif3e,-18.828217,-1.6223155,4.434393667363294e-79,1.6916591646072454e-77,0.4488854727132975,0.7624190064794817
Epidermis 1,flot2,-18.844799,-1.5008287,3.241920346235024e-79,1.2389132027179416e-77,0.5411222136817833,0.8034557235421166
Epidermis 1,LOC116406756,-18.88679,-4.2536454,1.4648793651017598e-79,5.627664194698151e-78,0.05918524212144504,0.5086393088552916
Epidermis 1,itga3,-18.912766,-3.2639968,8.953476421859433e-80,3.4579435221485786e-78,0.14296694850115296,0.5593952483801296
Epidermis 1,aatf,-18.959938,-1.7211688,3.655729146532874e-80,1.4194246566991786e-78,0.42736356648731744,0.7483801295896328
Epidermis 1,ccdc88c,-18.975718,-1.6862657,2.7078638737127586e-80,1.0532673366895919e-78,0.4888547271329746,0.7742980561555075
Epidermis 1,rrp15,-18.98264,-1.7775358,2.3737109699403733e-80,9.249419120548015e-79,0.42813220599538815,0.7462203023758099
Epidermis 1,mcc,-19.017708,-1.3934605,1.216873550366727e-80,4.758673430564937e-79,0.6617986164488855,0.8617710583153347
Epidermis 1,phf10,-19.07919,-1.3869975,3.7604666888984218e-81,1.4838543149810573e-79,0.611837048424289,0.8509719222462203
Epidermis 1,cbx3,-19.082197,-1.7458454,3.550097873402509e-81,1.403381987237611e-79,0.41199077632590314,0.7397408207343412
Epidermis 1,nol10,-19.08718,-1.9427112,3.227308396073211e-81,1.2804199365584278e-79,0.345119139123751,0.6997840172786177
Epidermis 1,c9h7orf50,-19.09751,-2.111276,2.6481960320313473e-81,1.0525735084691445e-79,0.34281322059953884,0.6922246220302376
Epidermis 1,srgap1,-19.141941,-1.4901943,1.1298255144180031e-81,4.507115639874817e-80,0.5895465026902382,0.8390928725701944
Epidermis 1,tjp2,-19.210543,-1.0457335,3.020925156036478e-82,1.2207334783309627e-80,0.897770945426595,0.9449244060475162
Epidermis 1,kidins220,-19.2186,-2.211757,2.5865717066385372e-82,1.0471536402701209e-80,0.2859338970023059,0.6684665226781857
Epidermis 1,LOC100145045,-19.230736,-2.3373969,2.0470511240076066e-82,8.302732820998138e-81,0.35126825518831667,0.6814254859611231
Epidermis 1,ranbp2,-19.241165,-1.0005106,1.6740008468966108e-82,6.814994865696071e-81,0.8478093774019985,0.9514038876889849
Epidermis 1,khdrbs1,-19.253635,-1.535292,1.3159466001226103e-82,5.370805577136639e-81,0.5203689469638739,0.8120950323974082
Epidermis 1,dhx32,-19.281183,-2.2219453,7.7287367953312e-83,3.1700895791526715e-81,0.30822444273635663,0.6814254859611231
Epidermis 1,wdr75,-19.381145,-1.7553953,1.1134257572856996e-83,4.5841629150436326e-82,0.44734819369715606,0.7742980561555075
Epidermis 1,map4k4,-19.5475,-1.2004472,4.332291668421053e-85,1.8075513670481033e-83,0.7794004611837049,0.9200863930885529
Epidermis 1,capn8.3,-19.625797,-3.0242603,9.310349301815412e-86,3.906944848363733e-84,0.27286702536510377,0.6447084233261339
Epidermis 1,fbxo11,-19.662874,-1.0755044,4.485812306888991e-86,1.8896700839502832e-84,0.8239815526518063,0.9449244060475162
Epidermis 1,tenm4,-19.72011,-1.4496664,1.4491581251598182e-86,6.116456373135859e-85,0.7678708685626441,0.9017278617710583
Epidermis 1,ltbp1,-19.766045,-2.298866,5.837781322201285e-87,2.4783312496450242e-85,0.42121445042275174,0.7375809935205183
Epidermis 1,brd7,-19.797235,-1.3593067,3.1448206552950683e-87,1.3376828756178107e-85,0.6748654880860876,0.8855291576673866
Epidermis 1,pmm2,-19.833342,-1.9185921,1.5349344372552971e-87,6.541758663153875e-86,0.4550345887778632,0.7624190064794817
Epidermis 1,arhgef17,-19.843204,-1.5862378,1.2615495972693381e-87,5.387137722507677e-86,0.5549577248270561,0.8336933045356372
Epidermis 1,jag1,-19.849825,-2.4591491,1.1058732284825947e-87,4.7409154653671314e-86,0.27132974634896234,0.6630669546436285
Epidermis 1,rras,-19.906525,-3.0113773,3.5725706055028717e-88,1.5345878579267356e-86,0.15449654112221367,0.5971922246220303
Epidermis 1,plxnb1,-20.022633,-1.6149108,3.497428941251405e-89,1.5142340660128355e-87,0.5441967717140661,0.826133909287257
Epidermis 1,dlg5,-20.04453,-1.5749364,2.2529700487691703e-89,9.773769271211146e-88,0.6287471176018448,0.847732181425486
Epidermis 1,rapgef5,-20.118214,-1.3948165,5.111621041745484e-90,2.2442793310247124e-88,0.8232129131437356,0.8930885529157667
Epidermis 1,map3k4,-20.142185,-1.5315238,3.1512512871901943e-90,1.3891606936924693e-88,0.6287471176018448,0.8444924406047516
Epidermis 1,mtf2,-20.161743,-1.488807,2.1227459551904437e-90,9.395626671036647e-89,0.5887778631821675,0.8542116630669546
Epidermis 1,sh3rf1,-20.191496,-1.0791913,1.1628838002387043e-90,5.17863008265485e-89,0.940814757878555,0.9578833693304536
Epidermis 1,hnrnpab,-20.263409,-1.1835487,2.705699376078888e-91,1.2123422194130886e-89,0.7863182167563413,0.9308855291576674
Epidermis 1,slc4a7,-20.271599,-1.5177451,2.2909158803903467e-91,1.02860237502053e-89,0.6602613374327441,0.8790496760259179
Epidermis 1,ipo11,-20.278118,-1.9805735,2.006628753639058e-91,9.028174439826367e-90,0.36433512682551883,0.744060475161987
Epidermis 1,cenpf,-20.316965,-1.1919221,9.10318314180088e-92,4.121173430233133e-90,0.8093774019984628,0.9049676025917927
Epidermis 1,tns3,-20.32392,-1.7672204,7.900920521164583e-92,3.584324047657637e-90,0.4873174481168332,0.7958963282937365
Epidermis 1,yap1,-20.392756,-1.0331972,1.9391096112875963e-92,8.852157076967916e-91,0.8939277478862413,0.949244060475162
Epidermis 1,esrrg,-20.418798,-3.1217687,1.1382870018948055e-92,5.207245423133448e-91,0.3566487317448117,0.6922246220302376
Epidermis 1,ccdc86,-20.451529,-1.5589813,5.822207255962501e-93,2.6746607269970047e-91,0.6210607225211375,0.8801295896328294
Epidermis 1,znf521,-20.62962,-2.0969214,1.4881694210862567e-94,6.983515040327571e-93,0.5211375864719446,0.775377969762419
Epidermis 1,agrn,-20.647238,-1.1373873,1.033631611692452e-94,4.860964525590732e-93,0.9185242121445042,0.9751619870410367
Epidermis 1,pcsk5,-20.661146,-1.417446,7.750389029816165e-95,3.652726544700184e-93,0.760184473481937,0.9319654427645788
Epidermis 1,mcph1,-20.726671,-2.0118158,1.990922455644547e-95,9.444330196656449e-94,0.4166026133743274,0.7721382289416847
Epidermis 1,larp1,-20.74897,-1.0745912,1.2524426579710523e-95,5.967150925673872e-94,0.8716372021521906,0.9719222462203023
Epidermis 1,ubap2l,-20.783806,-1.4374198,6.065372229984222e-96,2.902466829615915e-94,0.6287471176018448,0.8758099352051836
Epidermis 1,taf15,-20.833887,-1.3382249,2.134170029620597e-96,1.0257648505804196e-94,0.7094542659492697,0.9190064794816415
Epidermis 1,znf423,-20.892527,-1.6099383,6.261764536037331e-97,3.036399198686013e-95,0.7478862413528056,0.8822894168466523
Epidermis 1,robo1,-21.000343,-1.4820424,6.511267272738926e-98,3.2000532242891015e-96,0.8578016910069177,0.9514038876889849
Epidermis 1,dkc1,-21.031403,-1.3083174,3.384987513000178e-98,1.6673546844509457e-96,0.7663335895465027,0.9352051835853131
Epidermis 1,gli3,-21.03411,-1.6113647,3.197169741820592e-98,1.5784036410920166e-96,0.6717909300538047,0.8995680345572354
Epidermis 1,hnrnpu,-21.096962,-1.208458,8.481411382688226e-99,4.21578309297585e-97,0.8047655649500385,0.9395248380129589
Epidermis 1,prrc2c,-21.222565,-1.0034852,5.911041607734836e-100,2.985760160240321e-98,0.9069946195234435,0.980561555075594
Epidermis 1,tnrc6b,-21.229084,-1.0619439,5.145595660110645e-100,2.6051518074077584e-98,0.8800922367409685,0.9568034557235421
Epidermis 1,tle1,-21.244596,-1.4857482,3.698699055745577e-100,1.8769607464052147e-98,0.7532667179093006,0.927645788336933
Epidermis 1,phldb1,-21.287756,-1.860306,1.4741838485468735e-100,7.49840693686278e-99,0.4873174481168332,0.816414686825054
Epidermis 1,smarcc1,-21.32968,-1.006751,6.021864778880965e-101,3.0773562374698255e-99,0.9269792467332821,0.9870410367170627
Epidermis 1,snrnp70,-21.383806,-1.0580097,1.890646895039922e-101,9.730142900157107e-100,0.8747117601844735,0.958963282937365
Epidermis 1,utp6,-21.424759,-1.9660714,7.853904278003041e-102,4.0515377127731527e-100,0.3927747886241353,0.7840172786177105
Epidermis 1,top2b,-21.450836,-1.2786242,4.485147905705454e-102,2.319204086502339e-100,0.7770945426594927,0.9136069114470843
Epidermis 1,usp7,-21.489683,-1.2263802,1.944296464151384e-102,1.0125654688364522e-100,0.7878554957724827,0.9341252699784017
Epidermis 1,LOC100486548,-21.555912,-1.5893534,4.659945525572511e-103,2.4384813264632556e-101,0.6026133743274404,0.8812095032397408
Epidermis 1,zmym4,-21.641264,-1.2675519,7.346236810461995e-104,3.900297650634822e-102,0.7863182167563413,0.9362850971922246
Epidermis 1,rbms2,-21.724842,-1.7763397,1.1949384578706139e-104,6.438210392393744e-103,0.5672559569561876,0.8455723542116631
Epidermis 1,smarca4,-21.752758,-1.3514099,6.504873033190264e-105,3.513436496466454e-103,0.7401998462720983,0.9125269978401728
Epidermis 1,rcor1,-21.820324,-1.7733725,1.4880164770954982e-105,8.077116305149469e-104,0.5649500384319754,0.8498920086393088
Epidermis 1,pbx1,-21.841686,-1.7335378,9.324837284062037e-106,5.0742462437784963e-104,0.5826287471176018,0.8563714902807775
Epidermis 1,itgb1,-21.843927,-1.927469,8.87868197991113e-106,4.854188222963016e-104,0.43658724058416604,0.8088552915766739
Epidermis 1,ptprg,-21.855627,-1.6009684,6.871986647207263e-106,3.767678910269087e-104,0.684857801691007,0.8855291576673866
Epidermis 1,u2surp,-21.971636,-1.0310884,5.379563046979246e-107,2.986957894354558e-105,0.9062259800153728,0.9676025917926566
Epidermis 1,fubp1,-22.06217,-1.0892296,7.299733742837098e-108,4.1159558140167523e-106,0.8785549577248271,0.9643628509719222
Epidermis 1,arid2,-22.175135,-1.1316379,5.969627641346454e-109,3.383460902904441e-107,0.8647194465795542,0.9654427645788337
Epidermis 1,rrp12,-22.184998,-1.9000103,4.794617181694954e-109,2.731679935294141e-107,0.48424289008455035,0.826133909287257
Epidermis 1,prmt7,-22.197033,-1.2903088,3.6688395739900186e-109,2.0957525744512097e-107,0.7940046118370484,0.937365010799136
Epidermis 1,ets1,-22.254602,-2.8818378,1.0179264133087676e-109,5.860731468287762e-108,0.23520368946963874,0.6889848812095032
Epidermis 1,dab2ip,-22.263094,-1.4825964,8.422933610835405e-110,4.8752475947490545e-108,0.7163720215219063,0.9092872570194385
Epidermis 1,abcb5,-22.273825,-1.5517111,6.629320337661648e-110,3.84729784808816e-108,0.744043043812452,0.9308855291576674
Epidermis 1,sbno1,-22.495144,-1.5104616,4.630817281788964e-112,2.7310557812409994e-110,0.6787086856264412,0.8995680345572354
Epidermis 1,rasal2,-22.579023,-1.4420707,6.967075829347841e-113,4.131210915005414e-111,0.8132205995388163,0.9460043196544277
Epidermis 1,nop56,-22.658691,-1.9216386,1.1453290387930255e-113,6.809870560082454e-112,0.4665641813989239,0.8185745140388769
Epidermis 1,pdgfa,-22.659193,-3.7799006,1.1323634578297314e-113,6.751175686694691e-112,0.15833973866256726,0.6490280777537797
Epidermis 1,tfap2a,-22.7183,-1.345045,2.954195403367775e-114,1.7709752169474787e-112,0.9000768639508071,0.9319654427645788
Epidermis 1,syncrip,-22.729399,-1.4027702,2.2945118681470797e-114,1.3792987183150806e-112,0.7248270561106841,0.9157667386609071
Epidermis 1,nrg1,-22.733646,-3.827658,2.0830223224440816e-114,1.2556251408301743e-112,0.1398923904688701,0.6436285097192225
Epidermis 1,ddx10,-22.7862,-1.6522095,6.28373248038805e-115,3.808814623737435e-113,0.6587240584166026,0.8833693304535637
Epidermis 1,mad1l1,-22.821873,-1.662361,2.7813823008927795e-115,1.6906000887961377e-113,0.722521137586472,0.9006479481641468
Epidermis 1,cdc42bpb,-22.960981,-1.6710478,1.1446118621341459e-116,6.996239620064201e-115,0.595695618754804,0.8866090712742981
Epidermis 1,LOC100488209,-22.96857,-2.0609362,9.612282465108123e-117,5.891843136829336e-115,0.4734819369715603,0.8455723542116631
Epidermis 1,mllt10,-23.092001,-1.1525524,5.571476959927732e-118,3.4440566216029186e-116,0.883935434281322,0.9708423326133909
Epidermis 1,smarce1,-23.187046,-1.5883437,6.152288534424493e-119,3.8466787423976174e-117,0.6541122213681784,0.9049676025917927
Epidermis 1,parp1,-23.245152,-1.8188268,1.5926100121839668e-119,1.0044029790712816e-117,0.5649500384319754,0.8693304535637149
Epidermis 1,fbxw7,-23.284601,-1.3784062,6.350181433899065e-120,4.016443741133666e-118,0.819369715603382,0.9470842332613391
Epidermis 1,rpusd1,-23.296068,-2.064253,4.859427353335825e-120,3.082487333637821e-118,0.4488854727132975,0.8250539956803455
Epidermis 1,arhgap21,-23.32562,-1.5202639,2.4369245997171613e-120,1.5594173516254596e-118,0.7048424289008455,0.9244060475161987
Epidermis 1,med27,-23.347954,-1.443354,1.4457336912571425e-120,9.278633787330032e-119,0.7632590315142198,0.937365010799136
Epidermis 1,smad6,-23.443703,-1.9785022,1.5326668501646586e-121,9.894770218178408e-120,0.5710991544965411,0.8779697624190065
Epidermis 1,g3bp1,-23.486227,-1.6177082,5.640299160460112e-122,3.652135548379825e-120,0.6487317448116833,0.9017278617710583
Epidermis 1,ssbp3,-23.490206,-1.3021557,5.13625068947529e-122,3.3356585206857235e-120,0.8739431206764028,0.9676025917926566
Epidermis 1,srsf6,-23.499767,-1.0769182,4.1011652387935085e-122,2.6713888559914373e-120,0.9185242121445042,0.978401727861771
Epidermis 1,plxna1,-23.50107,-1.4863238,3.977188353581283e-122,2.5983900318412328e-120,0.7709454265949269,0.9254859611231101
Epidermis 1,fat2,-23.53009,-1.9288874,2.0076259674663572e-122,1.3235168047155101e-120,0.7025365103766333,0.8822894168466523
Epidermis 1,LOC100488559,-23.547508,-1.7326,1.3313831663631013e-122,8.80367032521492e-121,0.7063797079169869,0.91792656587473
Epidermis 1,brf1,-23.656595,-1.8526772,1.0095486688572123e-123,6.716268750955254e-122,0.5726364335126826,0.8660907127429806
Epidermis 1,sox5,-23.941166,-1.6709776,1.142105865676349e-126,7.739718041901743e-125,0.7240584166026134,0.9157667386609071
Epidermis 1,sfpq,-24.07262,-1.1537981,4.839421796715698e-128,3.33126255602944e-126,0.9262106072252114,0.9816414686825053
Epidermis 1,flna,-24.144766,-3.82003,8.474485999408826e-129,5.8519543985158226e-127,0.24519600307455802,0.7170626349892009
Epidermis 1,ttc3,-24.901226,-1.5457517,7.216227228750979e-137,5.2140825946548054e-135,0.754803996925442,0.9438444924406048
Epidermis 1,cdkal1,-24.99908,-1.7143383,6.2558596722038e-138,4.550303796905304e-136,0.7071483474250576,0.9254859611231101
Epidermis 1,pkp2,-25.080452,-3.370107,8.127938552530196e-139,5.931764118888342e-137,0.20906994619523445,0.724622030237581
Epidermis 1,ubtd1,-25.121273,-1.4347247,2.9126558051246625e-139,2.1544766889364496e-137,0.9269792467332821,0.9730021598272138
Epidermis 1,eif3h,-25.38692,-1.4612515,3.5170403649579805e-142,2.619294805588672e-140,0.8308993082244427,0.9622030237580994
Epidermis 1,ptmap12,-25.509817,-2.114009,1.5340509290064392e-143,1.1623099070086635e-141,0.5411222136817833,0.8758099352051836
Epidermis 1,cdh26,-25.621946,-2.3245342,8.688552233575997e-145,6.699395699253068e-143,0.49884704073789393,0.8671706263498921
Epidermis 1,phf21b,-25.662634,-1.7323364,3.0560751607403992e-145,2.3647736199473845e-143,0.7056110684089162,0.9427645788336934
Epidermis 1,rbm25,-25.705526,-1.0110673,1.0138971454928885e-145,7.901517718500115e-144,0.9746348962336664,0.9967602591792657
Epidermis 1,mdn1,-25.839922,-1.712414,3.158296338794317e-147,2.5060794330483923e-145,0.7555726364335127,0.9395248380129589
Epidermis 1,ptpn13,-25.842964,-1.7744864,2.919166896541927e-147,2.324786162388372e-145,0.792467332820907,0.937365010799136
Epidermis 1,cfb,-25.924068,-1.9721941,3.5660787443989836e-148,2.8714171321597865e-146,0.8762490392006149,0.9740820734341252
Epidermis 1,LOC100489456,-26.019382,-4.1961274,2.9889639416608004e-149,2.4156363767029749e-147,0.18524212144504226,0.7289416846652268
Epidermis 1,frmd4a,-26.029547,-1.9714988,2.2934205150090993e-149,1.860398849740281e-147,0.6233666410453498,0.9222462203023758
Epidermis 1,stard13,-26.0933,-1.8637704,4.343420207901658e-150,3.576519711570645e-148,0.7709454265949269,0.9643628509719222
Epidermis 1,hgf,-26.17123,-3.5898268,5.650831923727612e-151,4.688471612458564e-149,0.3220599538816295,0.785097192224622
Epidermis 1,noc2l,-26.277878,-2.2144444,3.433420314050864e-152,2.870523550685973e-150,0.5242121445042275,0.8920086393088553
Epidermis 1,LOC100488102,-26.35467,-2.8171217,4.537312428743956e-153,3.837546298745034e-151,0.47886241352805536,0.8401727861771058
Epidermis 1,cpamd8,-26.418324,-2.7374976,8.439371663724097e-154,7.165584788876402e-152,0.3481936971560338,0.8293736501079914
Epidermis 1,sf1,-26.428354,-1.2667494,6.472199242618991e-154,5.516791393483945e-152,0.9262106072252114,0.9946004319654428
Epidermis 1,ptpn14,-26.667725,-3.561956,1.1150048338883334e-156,9.693434454293754e-155,0.1929285165257494,0.7516198704103672
Epidermis 1,srpk1,-26.766281,-1.583843,7.982161951375353e-158,7.080437233372423e-156,0.8439661798616449,0.9676025917926566
Epidermis 1,shroom4,-26.778786,-2.8585331,5.708715526655181e-158,5.084484959475213e-156,0.36587240584166025,0.8228941684665226
Epidermis 1,cdon,-26.929829,-2.6863327,9.829202687849638e-160,8.936792993815289e-158,0.3727901614142967,0.8369330453563715
Epidermis 1,camk2d,-27.135803,-2.8362918,3.7243845073709203e-162,3.473068133988925e-160,0.3697156033820138,0.8444924406047516
Epidermis 1,trim33,-27.391756,-1.7735823,3.438510246389974e-165,3.2481269301504596e-163,0.7132974634896234,0.9352051835853131
Epidermis 1,kdm1a,-27.53197,-2.284876,7.27624321163535e-167,6.963811540398903e-165,0.5034588777863183,0.9017278617710583
Epidermis 1,adam33,-27.724836,-2.668588,3.505021686672444e-169,3.429734449546162e-167,0.4811683320522675,0.8693304535637149
Epidermis 1,kmt2a,-27.800259,-1.3657994,4.306672533356911e-170,4.27163187956278e-168,0.92467332820907,0.9859611231101512
Epidermis 1,lamb1,-27.816305,-2.5053008,2.754797789650021e-170,2.7448603912307357e-168,0.5910837817063798,0.9168466522678186
Epidermis 1,notch3,-28.080317,-1.8377781,1.70409189063962e-173,1.7540089219644879e-171,0.7309761721752498,0.9600431965442765
Epidermis 1,lrp4,-28.700743,-3.2004385,3.734775441376625e-181,3.956142471178608e-179,0.33358954650269024,0.8455723542116631
Epidermis 1,lamc1,-28.734442,-2.6322489,1.4173055509538576e-181,1.5086353379202011e-179,0.4166026133743274,0.8844492440604752
Epidermis 1,olfm4,-28.779106,-4.6944475,3.9172026924581626e-182,4.2315485124816615e-180,0.13604919292851653,0.7710583153347732
Epidermis 1,itga5,-28.907082,-2.4613748,9.72673533277039e-184,1.0719550085675893e-181,0.584934665641814,0.9211663066954644
Epidermis 1,dock1,-29.05903,-1.9381201,1.1833367118027156e-185,1.337906237733008e-183,0.7524980784012298,0.9503239740820735
Epidermis 1,ddx5,-29.370312,-1.0561498,1.315243262157905e-189,1.5430066249219166e-187,0.9930822444273636,1.0
Epidermis 1,ptprs,-29.46001,-2.241483,9.37163665532559e-191,1.105397207869512e-188,0.749423520368947,0.9395248380129589
Epidermis 1,cxcl12,-29.516676,-2.6705549,1.7590269496589276e-191,2.1089959927751355e-189,0.5757109915449654,0.9038876889848813
Epidermis 1,c3,-29.563248,-2.7271917,4.437472602799621e-192,5.409502215960366e-190,0.6033820138355112,0.9211663066954644
Epidermis 1,cadm1,-29.75655,-1.6349715,1.426789180657255e-194,1.7893084316736758e-192,0.95695618754804,0.9935205183585313
Epidermis 1,ncl,-29.849188,-1.4121008,8.99417758079678e-196,1.1544820528856857e-193,0.962336664104535,0.9946004319654428
Epidermis 1,lama5,-30.057434,-2.9377923,1.7456819732616023e-198,2.3086379599116016e-196,0.46041506533435816,0.8952483801295896
Epidermis 1,ftsj3,-30.194204,-1.2641903,2.8221545804485164e-200,3.873096547167741e-198,0.9861644888547272,0.9967602591792657
Epidermis 1,cfh,-30.343376,-2.16394,3.0724808709573446e-202,4.297731095202578e-200,0.9823212913143735,0.9967602591792657
Epidermis 1,agap1,-30.47269,-1.5362699,5.996819783602787e-204,8.552719248235059e-202,0.9446579554189085,0.9870410367170627
Epidermis 1,myo10,-30.597591,-2.785331,1.3176692124083454e-205,1.9041629062226824e-203,0.5826287471176018,0.9254859611231101
Epidermis 1,tox3,-30.84532,-3.1974287,6.472471682314648e-209,9.607877862570608e-207,0.4166026133743274,0.8930885529157667
Epidermis 1,pcdh7,-30.968315,-3.285736,1.4401928912013277e-210,2.167341315786495e-208,0.5895465026902382,0.9200863930885529
Epidermis 1,hipk1,-30.9971,-1.7576407,5.8979590238459e-211,8.999955514639256e-209,0.9477325134511914,0.9870410367170627
Epidermis 1,notch1,-31.583761,-2.1801398,6.170192418064152e-219,9.899982996660136e-217,0.7694081475787855,0.9816414686825053
Epidermis 1,gse1,-31.60459,-2.4594822,3.193219280215417e-219,5.239040444630121e-217,0.6963873943120676,0.9654427645788337
Epidermis 1,ptprd,-32.381042,-3.6489043,5.075154478911183e-230,9.306297973472347e-228,0.4327440430438125,0.908207343412527
Epidermis 1,tox,-32.431923,-3.1112869,9.741865896526676e-231,1.801502167187361e-228,0.5826287471176018,0.9362850971922246
Epidermis 1,tp63,-32.524963,-5.2130027,4.731997262179343e-232,9.057623882282057e-230,0.44427363566487316,0.9006479481641468
Epidermis 1,mrtfa,-32.5264,-3.0364256,4.51563348868464e-232,8.719967996158187e-230,0.568793235972329,0.9427645788336934
Epidermis 1,aplp2,-32.559498,-2.3798978,1.5364011846606944e-232,2.993375915221519e-230,0.7317448116833205,0.9762419006479481
Epidermis 1,nhs,-33.163445,-2.8162751,3.625044064036745e-241,7.5335320496519815e-239,0.7755572636433513,0.978401727861771
Epidermis 1,chd7,-34.441505,-1.5877503,6.035061414470692e-260,1.6258157422859872e-257,0.9853958493466565,1.0
Epidermis 1,fat1,-35.797264,-2.2619925,1.2182167243483727e-280,4.357820842951777e-278,0.8993082244427364,0.9978401727861771
Epidermis 1,col18a1,-37.99961,-3.3817694,0.0,0.0,0.8009223674096848,0.9946004319654428
Epidermis 2,col18a1,37.99961,3.3817694,0.0,0.0,0.9946004319654428,0.8009223674096848
Epidermis 2,fat1,35.797264,2.2619925,1.2182167243483727e-280,4.357820842951777e-278,0.9978401727861771,0.8993082244427364
Epidermis 2,chd7,34.441505,1.5877503,6.035061414470692e-260,1.6258157422859872e-257,1.0,0.9853958493466565
Epidermis 2,nhs,33.163445,2.8162751,3.625044064036745e-241,7.5335320496519815e-239,0.978401727861771,0.7755572636433513
Epidermis 2,aplp2,32.559498,2.3798978,1.5364011846606944e-232,2.993375915221519e-230,0.9762419006479481,0.7317448116833205
Epidermis 2,mrtfa,32.5264,3.0364256,4.51563348868464e-232,8.719967996158187e-230,0.9427645788336934,0.568793235972329
Epidermis 2,tp63,32.524963,5.2130027,4.731997262179343e-232,9.057623882282057e-230,0.9006479481641468,0.44427363566487316
Epidermis 2,tox,32.431923,3.1112869,9.741865896526676e-231,1.801502167187361e-228,0.9362850971922246,0.5826287471176018
Epidermis 2,ptprd,32.381042,3.6489043,5.075154478911183e-230,9.306297973472347e-228,0.908207343412527,0.4327440430438125
Epidermis 2,gse1,31.60459,2.4594822,3.193219280215417e-219,5.239040444630121e-217,0.9654427645788337,0.6963873943120676
Epidermis 2,notch1,31.583761,2.1801398,6.170192418064152e-219,9.899982996660136e-217,0.9816414686825053,0.7694081475787855
Epidermis 2,hipk1,30.9971,1.7576407,5.8979590238459e-211,8.999955514639256e-209,0.9870410367170627,0.9477325134511914
Epidermis 2,pcdh7,30.968315,3.285736,1.4401928912013277e-210,2.167341315786495e-208,0.9200863930885529,0.5895465026902382
Epidermis 2,tox3,30.84532,3.1974287,6.472471682314648e-209,9.607877862570608e-207,0.8930885529157667,0.4166026133743274
Epidermis 2,myo10,30.597591,2.785331,1.3176692124083454e-205,1.9041629062226824e-203,0.9254859611231101,0.5826287471176018
Epidermis 2,agap1,30.47269,1.5362699,5.996819783602787e-204,8.552719248235059e-202,0.9870410367170627,0.9446579554189085
Epidermis 2,cfh,30.343376,2.16394,3.0724808709573446e-202,4.297731095202578e-200,0.9967602591792657,0.9823212913143735
Epidermis 2,ftsj3,30.194204,1.2641903,2.8221545804485164e-200,3.873096547167741e-198,0.9967602591792657,0.9861644888547272
Epidermis 2,lama5,30.057434,2.9377923,1.7456819732616023e-198,2.3086379599116016e-196,0.8952483801295896,0.46041506533435816
Epidermis 2,ncl,29.849188,1.4121008,8.99417758079678e-196,1.1544820528856857e-193,0.9946004319654428,0.962336664104535
Epidermis 2,cadm1,29.75655,1.6349715,1.426789180657255e-194,1.7893084316736758e-192,0.9935205183585313,0.95695618754804
Epidermis 2,c3,29.563248,2.7271917,4.437472602799621e-192,5.409502215960366e-190,0.9211663066954644,0.6033820138355112
Epidermis 2,cxcl12,29.516676,2.6705549,1.7590269496589276e-191,2.1089959927751355e-189,0.9038876889848813,0.5757109915449654
Epidermis 2,ptprs,29.46001,2.241483,9.37163665532559e-191,1.105397207869512e-188,0.9395248380129589,0.749423520368947
Epidermis 2,ddx5,29.370312,1.0561498,1.315243262157905e-189,1.5430066249219166e-187,1.0,0.9930822444273636
Epidermis 2,dock1,29.05903,1.9381201,1.1833367118027156e-185,1.337906237733008e-183,0.9503239740820735,0.7524980784012298
Epidermis 2,itga5,28.907082,2.4613748,9.72673533277039e-184,1.0719550085675893e-181,0.9211663066954644,0.584934665641814
Epidermis 2,olfm4,28.779106,4.6944475,3.9172026924581626e-182,4.2315485124816615e-180,0.7710583153347732,0.13604919292851653
Epidermis 2,lamc1,28.734442,2.6322489,1.4173055509538576e-181,1.5086353379202011e-179,0.8844492440604752,0.4166026133743274
Epidermis 2,lrp4,28.700743,3.2004385,3.734775441376625e-181,3.956142471178608e-179,0.8455723542116631,0.33358954650269024
Epidermis 2,notch3,28.080317,1.8377781,1.70409189063962e-173,1.7540089219644879e-171,0.9600431965442765,0.7309761721752498
Epidermis 2,lamb1,27.816305,2.5053008,2.754797789650021e-170,2.7448603912307357e-168,0.9168466522678186,0.5910837817063798
Epidermis 2,kmt2a,27.800259,1.3657994,4.306672533356911e-170,4.27163187956278e-168,0.9859611231101512,0.92467332820907
Epidermis 2,adam33,27.724836,2.668588,3.505021686672444e-169,3.429734449546162e-167,0.8693304535637149,0.4811683320522675
Epidermis 2,kdm1a,27.53197,2.284876,7.27624321163535e-167,6.963811540398903e-165,0.9017278617710583,0.5034588777863183
Epidermis 2,trim33,27.391756,1.7735823,3.438510246389974e-165,3.2481269301504596e-163,0.9352051835853131,0.7132974634896234
Epidermis 2,camk2d,27.135803,2.8362918,3.7243845073709203e-162,3.473068133988925e-160,0.8444924406047516,0.3697156033820138
Epidermis 2,cdon,26.929829,2.6863327,9.829202687849638e-160,8.936792993815289e-158,0.8369330453563715,0.3727901614142967
Epidermis 2,shroom4,26.778786,2.8585331,5.708715526655181e-158,5.084484959475213e-156,0.8228941684665226,0.36587240584166025
Epidermis 2,srpk1,26.766281,1.583843,7.982161951375353e-158,7.080437233372423e-156,0.9676025917926566,0.8439661798616449
Epidermis 2,ptpn14,26.667725,3.561956,1.1150048338883334e-156,9.693434454293754e-155,0.7516198704103672,0.1929285165257494
Epidermis 2,sf1,26.428354,1.2667494,6.472199242618991e-154,5.516791393483945e-152,0.9946004319654428,0.9262106072252114
Epidermis 2,cpamd8,26.418324,2.7374976,8.439371663724097e-154,7.165584788876402e-152,0.8293736501079914,0.3481936971560338
Epidermis 2,LOC100488102,26.35467,2.8171217,4.537312428743956e-153,3.837546298745034e-151,0.8401727861771058,0.47886241352805536
Epidermis 2,noc2l,26.277878,2.2144444,3.433420314050864e-152,2.870523550685973e-150,0.8920086393088553,0.5242121445042275
Epidermis 2,hgf,26.17123,3.5898268,5.650831923727612e-151,4.688471612458564e-149,0.785097192224622,0.3220599538816295
Epidermis 2,stard13,26.0933,1.8637704,4.343420207901658e-150,3.576519711570645e-148,0.9643628509719222,0.7709454265949269
Epidermis 2,frmd4a,26.029547,1.9714988,2.2934205150090993e-149,1.860398849740281e-147,0.9222462203023758,0.6233666410453498
Epidermis 2,LOC100489456,26.019382,4.1961274,2.9889639416608004e-149,2.4156363767029749e-147,0.7289416846652268,0.18524212144504226
Epidermis 2,cfb,25.924068,1.9721941,3.5660787443989836e-148,2.8714171321597865e-146,0.9740820734341252,0.8762490392006149
Epidermis 2,ptpn13,25.842964,1.7744864,2.919166896541927e-147,2.324786162388372e-145,0.937365010799136,0.792467332820907
Epidermis 2,mdn1,25.839922,1.712414,3.158296338794317e-147,2.5060794330483923e-145,0.9395248380129589,0.7555726364335127
Epidermis 2,rbm25,25.705526,1.0110673,1.0138971454928885e-145,7.901517718500115e-144,0.9967602591792657,0.9746348962336664
Epidermis 2,phf21b,25.662634,1.7323364,3.0560751607403992e-145,2.3647736199473845e-143,0.9427645788336934,0.7056110684089162
Epidermis 2,cdh26,25.621946,2.3245342,8.688552233575997e-145,6.699395699253068e-143,0.8671706263498921,0.49884704073789393
Epidermis 2,ptmap12,25.509817,2.114009,1.5340509290064392e-143,1.1623099070086635e-141,0.8758099352051836,0.5411222136817833
Epidermis 2,eif3h,25.38692,1.4612515,3.5170403649579805e-142,2.619294805588672e-140,0.9622030237580994,0.8308993082244427
Epidermis 2,ubtd1,25.121273,1.4347247,2.9126558051246625e-139,2.1544766889364496e-137,0.9730021598272138,0.9269792467332821
Epidermis 2,pkp2,25.080452,3.370107,8.127938552530196e-139,5.931764118888342e-137,0.724622030237581,0.20906994619523445
Epidermis 2,cdkal1,24.99908,1.7143383,6.2558596722038e-138,4.550303796905304e-136,0.9254859611231101,0.7071483474250576
Epidermis 2,ttc3,24.901226,1.5457517,7.216227228750979e-137,5.2140825946548054e-135,0.9438444924406048,0.754803996925442
Epidermis 2,flna,24.144766,3.82003,8.474485999408826e-129,5.8519543985158226e-127,0.7170626349892009,0.24519600307455802
Epidermis 2,sfpq,24.07262,1.1537981,4.839421796715698e-128,3.33126255602944e-126,0.9816414686825053,0.9262106072252114
Epidermis 2,sox5,23.941166,1.6709776,1.142105865676349e-126,7.739718041901743e-125,0.9157667386609071,0.7240584166026134
Epidermis 2,brf1,23.656595,1.8526772,1.0095486688572123e-123,6.716268750955254e-122,0.8660907127429806,0.5726364335126826
Epidermis 2,LOC100488559,23.547508,1.7326,1.3313831663631013e-122,8.80367032521492e-121,0.91792656587473,0.7063797079169869
Epidermis 2,fat2,23.53009,1.9288874,2.0076259674663572e-122,1.3235168047155101e-120,0.8822894168466523,0.7025365103766333
Epidermis 2,plxna1,23.50107,1.4863238,3.977188353581283e-122,2.5983900318412328e-120,0.9254859611231101,0.7709454265949269
Epidermis 2,srsf6,23.499767,1.0769182,4.1011652387935085e-122,2.6713888559914373e-120,0.978401727861771,0.9185242121445042
Epidermis 2,ssbp3,23.490206,1.3021557,5.13625068947529e-122,3.3356585206857235e-120,0.9676025917926566,0.8739431206764028
Epidermis 2,g3bp1,23.486227,1.6177082,5.640299160460112e-122,3.652135548379825e-120,0.9017278617710583,0.6487317448116833
Epidermis 2,smad6,23.443703,1.9785022,1.5326668501646586e-121,9.894770218178408e-120,0.8779697624190065,0.5710991544965411
Epidermis 2,med27,23.347954,1.443354,1.4457336912571425e-120,9.278633787330032e-119,0.937365010799136,0.7632590315142198
Epidermis 2,arhgap21,23.32562,1.5202639,2.4369245997171613e-120,1.5594173516254596e-118,0.9244060475161987,0.7048424289008455
Epidermis 2,rpusd1,23.296068,2.064253,4.859427353335825e-120,3.082487333637821e-118,0.8250539956803455,0.4488854727132975
Epidermis 2,fbxw7,23.284601,1.3784062,6.350181433899065e-120,4.016443741133666e-118,0.9470842332613391,0.819369715603382
Epidermis 2,parp1,23.245152,1.8188268,1.5926100121839668e-119,1.0044029790712816e-117,0.8693304535637149,0.5649500384319754
Epidermis 2,smarce1,23.187046,1.5883437,6.152288534424493e-119,3.8466787423976174e-117,0.9049676025917927,0.6541122213681784
Epidermis 2,mllt10,23.092001,1.1525524,5.571476959927732e-118,3.4440566216029186e-116,0.9708423326133909,0.883935434281322
Epidermis 2,LOC100488209,22.96857,2.0609362,9.612282465108123e-117,5.891843136829336e-115,0.8455723542116631,0.4734819369715603
Epidermis 2,cdc42bpb,22.960981,1.6710478,1.1446118621341459e-116,6.996239620064201e-115,0.8866090712742981,0.595695618754804
Epidermis 2,mad1l1,22.821873,1.662361,2.7813823008927795e-115,1.6906000887961377e-113,0.9006479481641468,0.722521137586472
Epidermis 2,ddx10,22.7862,1.6522095,6.28373248038805e-115,3.808814623737435e-113,0.8833693304535637,0.6587240584166026
Epidermis 2,nrg1,22.733646,3.827658,2.0830223224440816e-114,1.2556251408301743e-112,0.6436285097192225,0.1398923904688701
Epidermis 2,syncrip,22.729399,1.4027702,2.2945118681470797e-114,1.3792987183150806e-112,0.9157667386609071,0.7248270561106841
Epidermis 2,tfap2a,22.7183,1.345045,2.954195403367775e-114,1.7709752169474787e-112,0.9319654427645788,0.9000768639508071
Epidermis 2,pdgfa,22.659193,3.7799006,1.1323634578297314e-113,6.751175686694691e-112,0.6490280777537797,0.15833973866256726
Epidermis 2,nop56,22.658691,1.9216386,1.1453290387930255e-113,6.809870560082454e-112,0.8185745140388769,0.4665641813989239
Epidermis 2,rasal2,22.579023,1.4420707,6.967075829347841e-113,4.131210915005414e-111,0.9460043196544277,0.8132205995388163
Epidermis 2,sbno1,22.495144,1.5104616,4.630817281788964e-112,2.7310557812409994e-110,0.8995680345572354,0.6787086856264412
Epidermis 2,abcb5,22.273825,1.5517111,6.629320337661648e-110,3.84729784808816e-108,0.9308855291576674,0.744043043812452
Epidermis 2,dab2ip,22.263094,1.4825964,8.422933610835405e-110,4.8752475947490545e-108,0.9092872570194385,0.7163720215219063
Epidermis 2,ets1,22.254602,2.8818378,1.0179264133087676e-109,5.860731468287762e-108,0.6889848812095032,0.23520368946963874
Epidermis 2,prmt7,22.197033,1.2903088,3.6688395739900186e-109,2.0957525744512097e-107,0.937365010799136,0.7940046118370484
Epidermis 2,rrp12,22.184998,1.9000103,4.794617181694954e-109,2.731679935294141e-107,0.826133909287257,0.48424289008455035
Epidermis 2,arid2,22.175135,1.1316379,5.969627641346454e-109,3.383460902904441e-107,0.9654427645788337,0.8647194465795542
Epidermis 2,fubp1,22.06217,1.0892296,7.299733742837098e-108,4.1159558140167523e-106,0.9643628509719222,0.8785549577248271
Epidermis 2,u2surp,21.971636,1.0310884,5.379563046979246e-107,2.986957894354558e-105,0.9676025917926566,0.9062259800153728
Epidermis 2,ptprg,21.855627,1.6009684,6.871986647207263e-106,3.767678910269087e-104,0.8855291576673866,0.684857801691007
Epidermis 2,itgb1,21.843927,1.927469,8.87868197991113e-106,4.854188222963016e-104,0.8088552915766739,0.43658724058416604
Epidermis 2,pbx1,21.841686,1.7335378,9.324837284062037e-106,5.0742462437784963e-104,0.8563714902807775,0.5826287471176018
Epidermis 2,rcor1,21.820324,1.7733725,1.4880164770954982e-105,8.077116305149469e-104,0.8498920086393088,0.5649500384319754
Epidermis 2,smarca4,21.752758,1.3514099,6.504873033190264e-105,3.513436496466454e-103,0.9125269978401728,0.7401998462720983
Epidermis 2,rbms2,21.724842,1.7763397,1.1949384578706139e-104,6.438210392393744e-103,0.8455723542116631,0.5672559569561876
Epidermis 2,zmym4,21.641264,1.2675519,7.346236810461995e-104,3.900297650634822e-102,0.9362850971922246,0.7863182167563413
Epidermis 2,LOC100486548,21.555912,1.5893534,4.659945525572511e-103,2.4384813264632556e-101,0.8812095032397408,0.6026133743274404
Epidermis 2,usp7,21.489683,1.2263802,1.944296464151384e-102,1.0125654688364522e-100,0.9341252699784017,0.7878554957724827
Epidermis 2,top2b,21.450836,1.2786242,4.485147905705454e-102,2.319204086502339e-100,0.9136069114470843,0.7770945426594927
Epidermis 2,utp6,21.424759,1.9660714,7.853904278003041e-102,4.0515377127731527e-100,0.7840172786177105,0.3927747886241353
Epidermis 2,snrnp70,21.383806,1.0580097,1.890646895039922e-101,9.730142900157107e-100,0.958963282937365,0.8747117601844735
Epidermis 2,smarcc1,21.32968,1.006751,6.021864778880965e-101,3.0773562374698255e-99,0.9870410367170627,0.9269792467332821
Epidermis 2,phldb1,21.287756,1.860306,1.4741838485468735e-100,7.49840693686278e-99,0.816414686825054,0.4873174481168332
Epidermis 2,tle1,21.244596,1.4857482,3.698699055745577e-100,1.8769607464052147e-98,0.927645788336933,0.7532667179093006
Epidermis 2,tnrc6b,21.229084,1.0619439,5.145595660110645e-100,2.6051518074077584e-98,0.9568034557235421,0.8800922367409685
Epidermis 2,prrc2c,21.222565,1.0034852,5.911041607734836e-100,2.985760160240321e-98,0.980561555075594,0.9069946195234435
Epidermis 2,hnrnpu,21.096962,1.208458,8.481411382688226e-99,4.21578309297585e-97,0.9395248380129589,0.8047655649500385
Epidermis 2,gli3,21.03411,1.6113647,3.197169741820592e-98,1.5784036410920166e-96,0.8995680345572354,0.6717909300538047
Epidermis 2,dkc1,21.031403,1.3083174,3.384987513000178e-98,1.6673546844509457e-96,0.9352051835853131,0.7663335895465027
Epidermis 2,robo1,21.000343,1.4820424,6.511267272738926e-98,3.2000532242891015e-96,0.9514038876889849,0.8578016910069177
Epidermis 2,znf423,20.892527,1.6099383,6.261764536037331e-97,3.036399198686013e-95,0.8822894168466523,0.7478862413528056
Epidermis 2,taf15,20.833887,1.3382249,2.134170029620597e-96,1.0257648505804196e-94,0.9190064794816415,0.7094542659492697
Epidermis 2,ubap2l,20.783806,1.4374198,6.065372229984222e-96,2.902466829615915e-94,0.8758099352051836,0.6287471176018448
Epidermis 2,larp1,20.74897,1.0745912,1.2524426579710523e-95,5.967150925673872e-94,0.9719222462203023,0.8716372021521906
Epidermis 2,mcph1,20.726671,2.0118158,1.990922455644547e-95,9.444330196656449e-94,0.7721382289416847,0.4166026133743274
Epidermis 2,pcsk5,20.661146,1.417446,7.750389029816165e-95,3.652726544700184e-93,0.9319654427645788,0.760184473481937
Epidermis 2,agrn,20.647238,1.1373873,1.033631611692452e-94,4.860964525590732e-93,0.9751619870410367,0.9185242121445042
Epidermis 2,znf521,20.62962,2.0969214,1.4881694210862567e-94,6.983515040327571e-93,0.775377969762419,0.5211375864719446
Epidermis 2,ccdc86,20.451529,1.5589813,5.822207255962501e-93,2.6746607269970047e-91,0.8801295896328294,0.6210607225211375
Epidermis 2,esrrg,20.418798,3.1217687,1.1382870018948055e-92,5.207245423133448e-91,0.6922246220302376,0.3566487317448117
Epidermis 2,yap1,20.392756,1.0331972,1.9391096112875963e-92,8.852157076967916e-91,0.949244060475162,0.8939277478862413
Epidermis 2,tns3,20.32392,1.7672204,7.900920521164583e-92,3.584324047657637e-90,0.7958963282937365,0.4873174481168332
Epidermis 2,cenpf,20.316965,1.1919221,9.10318314180088e-92,4.121173430233133e-90,0.9049676025917927,0.8093774019984628
Epidermis 2,ipo11,20.278118,1.9805735,2.006628753639058e-91,9.028174439826367e-90,0.744060475161987,0.36433512682551883
Epidermis 2,slc4a7,20.271599,1.5177451,2.2909158803903467e-91,1.02860237502053e-89,0.8790496760259179,0.6602613374327441
Epidermis 2,hnrnpab,20.263409,1.1835487,2.705699376078888e-91,1.2123422194130886e-89,0.9308855291576674,0.7863182167563413
Epidermis 2,sh3rf1,20.191496,1.0791913,1.1628838002387043e-90,5.17863008265485e-89,0.9578833693304536,0.940814757878555
Epidermis 2,mtf2,20.161743,1.488807,2.1227459551904437e-90,9.395626671036647e-89,0.8542116630669546,0.5887778631821675
Epidermis 2,map3k4,20.142185,1.5315238,3.1512512871901943e-90,1.3891606936924693e-88,0.8444924406047516,0.6287471176018448
Epidermis 2,rapgef5,20.118214,1.3948165,5.111621041745484e-90,2.2442793310247124e-88,0.8930885529157667,0.8232129131437356
Epidermis 2,dlg5,20.04453,1.5749364,2.2529700487691703e-89,9.773769271211146e-88,0.847732181425486,0.6287471176018448
Epidermis 2,plxnb1,20.022633,1.6149108,3.497428941251405e-89,1.5142340660128355e-87,0.826133909287257,0.5441967717140661
Epidermis 2,rras,19.906525,3.0113773,3.5725706055028717e-88,1.5345878579267356e-86,0.5971922246220303,0.15449654112221367
Epidermis 2,jag1,19.849825,2.4591491,1.1058732284825947e-87,4.7409154653671314e-86,0.6630669546436285,0.27132974634896234
Epidermis 2,arhgef17,19.843204,1.5862378,1.2615495972693381e-87,5.387137722507677e-86,0.8336933045356372,0.5549577248270561
Epidermis 2,pmm2,19.833342,1.9185921,1.5349344372552971e-87,6.541758663153875e-86,0.7624190064794817,0.4550345887778632
Epidermis 2,brd7,19.797235,1.3593067,3.1448206552950683e-87,1.3376828756178107e-85,0.8855291576673866,0.6748654880860876
Epidermis 2,ltbp1,19.766045,2.298866,5.837781322201285e-87,2.4783312496450242e-85,0.7375809935205183,0.42121445042275174
Epidermis 2,tenm4,19.72011,1.4496664,1.4491581251598182e-86,6.116456373135859e-85,0.9017278617710583,0.7678708685626441
Epidermis 2,fbxo11,19.662874,1.0755044,4.485812306888991e-86,1.8896700839502832e-84,0.9449244060475162,0.8239815526518063
Epidermis 2,capn8.3,19.625797,3.0242603,9.310349301815412e-86,3.906944848363733e-84,0.6447084233261339,0.27286702536510377
Epidermis 2,map4k4,19.5475,1.2004472,4.332291668421053e-85,1.8075513670481033e-83,0.9200863930885529,0.7794004611837049
Epidermis 2,wdr75,19.381145,1.7553953,1.1134257572856996e-83,4.5841629150436326e-82,0.7742980561555075,0.44734819369715606
Epidermis 2,dhx32,19.281183,2.2219453,7.7287367953312e-83,3.1700895791526715e-81,0.6814254859611231,0.30822444273635663
Epidermis 2,khdrbs1,19.253635,1.535292,1.3159466001226103e-82,5.370805577136639e-81,0.8120950323974082,0.5203689469638739
Epidermis 2,ranbp2,19.241165,1.0005106,1.6740008468966108e-82,6.814994865696071e-81,0.9514038876889849,0.8478093774019985
Epidermis 2,LOC100145045,19.230736,2.3373969,2.0470511240076066e-82,8.302732820998138e-81,0.6814254859611231,0.35126825518831667
Epidermis 2,kidins220,19.2186,2.211757,2.5865717066385372e-82,1.0471536402701209e-80,0.6684665226781857,0.2859338970023059
Epidermis 2,tjp2,19.210543,1.0457335,3.020925156036478e-82,1.2207334783309627e-80,0.9449244060475162,0.897770945426595
Epidermis 2,srgap1,19.141941,1.4901943,1.1298255144180031e-81,4.507115639874817e-80,0.8390928725701944,0.5895465026902382
Epidermis 2,c9h7orf50,19.09751,2.111276,2.6481960320313473e-81,1.0525735084691445e-79,0.6922246220302376,0.34281322059953884
Epidermis 2,nol10,19.08718,1.9427112,3.227308396073211e-81,1.2804199365584278e-79,0.6997840172786177,0.345119139123751
Epidermis 2,cbx3,19.082197,1.7458454,3.550097873402509e-81,1.403381987237611e-79,0.7397408207343412,0.41199077632590314
Epidermis 2,phf10,19.07919,1.3869975,3.7604666888984218e-81,1.4838543149810573e-79,0.8509719222462203,0.611837048424289
Epidermis 2,mcc,19.017708,1.3934605,1.216873550366727e-80,4.758673430564937e-79,0.8617710583153347,0.6617986164488855
Epidermis 2,rrp15,18.98264,1.7775358,2.3737109699403733e-80,9.249419120548015e-79,0.7462203023758099,0.42813220599538815
Epidermis 2,ccdc88c,18.975718,1.6862657,2.7078638737127586e-80,1.0532673366895919e-78,0.7742980561555075,0.4888547271329746
Epidermis 2,aatf,18.959938,1.7211688,3.655729146532874e-80,1.4194246566991786e-78,0.7483801295896328,0.42736356648731744
Epidermis 2,itga3,18.912766,3.2639968,8.953476421859433e-80,3.4579435221485786e-78,0.5593952483801296,0.14296694850115296
Epidermis 2,LOC116406756,18.88679,4.2536454,1.4648793651017598e-79,5.627664194698151e-78,0.5086393088552916,0.05918524212144504
Epidermis 2,flot2,18.844799,1.5008287,3.241920346235024e-79,1.2389132027179416e-77,0.8034557235421166,0.5411222136817833
Epidermis 2,eif3e,18.828217,1.6223155,4.434393667363294e-79,1.6916591646072454e-77,0.7624190064794817,0.4488854727132975
Epidermis 2,nop58,18.80224,1.5996748,7.239244059909114e-79,2.7472616457613354e-77,0.7829373650107991,0.4888547271329746
Epidermis 2,baz2a,18.790607,1.245851,9.014320306350296e-79,3.4090378406389915e-77,0.8779697624190065,0.6810146041506533
Epidermis 2,hspg2,18.773222,1.5626369,1.2506507313415635e-78,4.721531074152985e-77,0.8196544276457883,0.5703305149884704
Epidermis 2,arhgef1,18.767706,1.3416438,1.3874930295534421e-78,5.2290993778731715e-77,0.8336933045356372,0.6518063028439662
Epidermis 2,fgfr1,18.762356,1.1701224,1.5344278954025466e-78,5.7728881216515466e-77,0.9308855291576674,0.7647963105303612
Epidermis 2,xrn2,18.757008,1.234778,1.6968746780262734e-78,6.3730640876439435e-77,0.8844492440604752,0.6971560338201384
Epidermis 2,ttyh3,18.731667,1.2114295,2.732282906799546e-78,1.0209100224190563e-76,0.8898488120950324,0.7448116833205227
Epidermis 2,mast3,18.670052,1.8462962,8.676872844593951e-78,3.2310246133427406e-76,0.712742980561555,0.40661029976940816
Epidermis 2,eif4a1,18.662563,1.2152748,9.982630574041802e-78,3.710919621059049e-76,0.8768898488120951,0.6740968485780169
Epidermis 2,rsrc1,18.641535,1.7260877,1.479358132391011e-77,5.4899785385891583e-76,0.7462203023758099,0.43658724058416604
Epidermis 2,hnrnph1,18.620005,1.1536736,2.2119588753849484e-77,8.180873664368636e-76,0.9103671706263499,0.7517294388931591
Epidermis 2,nbeal2,18.616962,1.4353995,2.341247125403366e-77,8.644391459124679e-76,0.8369330453563715,0.7340507302075326
Epidermis 2,hnrnpul1,18.56852,1.6709205,5.777405497891448e-77,2.1188027793191476e-75,0.7473002159827213,0.4411990776325903
Epidermis 2,srrm4,18.56053,2.1230617,6.704082138208704e-77,2.45452644862168e-75,0.7300215982721382,0.4704073789392775
Epidermis 2,ezh2,18.55167,1.0794163,7.905726754727048e-77,2.8896292046046723e-75,0.9319654427645788,0.8009223674096848
Epidermis 2,disp1,18.550066,2.4077864,8.14531095195065e-77,2.9722212421825275e-75,0.6220302375809935,0.24289008455034589
Epidermis 2,lrpprc,18.539467,1.5439031,9.919925815220174e-77,3.61373457786176e-75,0.7948164146868251,0.5234435049961568
Epidermis 2,pard3,18.53452,1.0338519,1.0875689276960729e-76,3.955306928542668e-75,0.9503239740820735,0.8747117601844735
Epidermis 2,mga,18.522284,1.4124222,1.3652195386790302e-76,4.948580656730086e-75,0.847732181425486,0.595695618754804
Epidermis 2,tcf12,18.376621,1.6022998,2.0217529766435955e-75,7.256031530154588e-74,0.806695464362851,0.5034588777863183
Epidermis 2,trim24,18.37241,1.7016232,2.1849515126034915e-75,7.828871421431985e-74,0.7408207343412527,0.4242890084550346
Epidermis 2,nop14,18.334564,1.6900733,4.385160218775343e-75,1.566097890898474e-73,0.7473002159827213,0.41122213681783243
Epidermis 2,snrnp200,18.314571,1.1602033,6.332269890127541e-75,2.2504309653497243e-73,0.9136069114470843,0.7401998462720983
Epidermis 2,mib1,18.30989,1.2793654,6.900695504586987e-75,2.448456530172238e-73,0.8596112311015118,0.6625672559569562
Epidermis 2,spag9,18.303406,1.6869878,7.773393917427797e-75,2.7536238420810384e-73,0.7300215982721382,0.4411990776325903
Epidermis 2,brd1,18.27666,1.0048767,1.2696603966362316e-74,4.475809291599226e-73,0.9416846652267818,0.8224442736356649
Epidermis 2,slc23a2,18.228184,2.3166306,3.0838977273241426e-74,1.0836349808041887e-72,0.6576673866090713,0.31898539584934665
Epidermis 2,nectin1,18.211903,1.6520698,4.1525713398684954e-74,1.4521355642190776e-72,0.8174946004319654,0.6026133743274404
Epidermis 2,dmd.3,18.195522,1.6901358,5.600339973880558e-74,1.9521568461668953e-72,0.7483801295896328,0.44427363566487316
Epidermis 2,usp10,18.180744,1.4486912,7.333095935358003e-74,2.548017299449793e-72,0.8023758099352052,0.5234435049961568
Epidermis 2,ago2,18.140995,1.4289271,1.512689196381105e-73,5.231123764537574e-72,0.8185745140388769,0.5495772482705611
Epidermis 2,prmt1,18.131935,1.5110308,1.7837214939491365e-73,6.148907854575688e-72,0.7775377969762419,0.5111452728670254
Epidermis 2,suz12,18.111374,1.4700854,2.5919752916549304e-73,8.921055652871015e-72,0.8099352051835853,0.5149884704073789
Epidermis 2,fip1l1,18.109201,1.6147343,2.6963373232223062e-73,9.265634130714007e-72,0.7494600431965442,0.4504227517294389
Epidermis 2,paxbp1,18.047653,1.1682695,8.231481949405665e-73,2.8153474548272887e-71,0.8855291576673866,0.7071483474250576
Epidermis 2,tnpo1,18.025822,1.6771381,1.221821296339503e-72,4.172357199909905e-71,0.7365010799136069,0.4142966948501153
Epidermis 2,prkx,17.97524,1.5671802,3.045430458275185e-72,1.0367291424340532e-70,0.8250539956803455,0.652574942352037
Epidermis 2,hnrnpa2b1,17.96287,1.0750291,3.8060770454868063e-72,1.2896336523224783e-70,0.9190064794816415,0.776325903151422
Epidermis 2,lin28b,17.95341,1.6431457,4.513296605901114e-72,1.5245301120335635e-70,0.7451403887688985,0.431206764027671
Epidermis 2,nup58,17.912088,1.6345277,9.490850545181117e-72,3.1861515345599565e-70,0.7429805615550756,0.42736356648731744
Epidermis 2,bcor,17.906303,1.3136591,1.0530022143233482e-71,3.529579311635911e-70,0.8628509719222462,0.6756341275941583
Epidermis 2,noc3l,17.871067,1.7626158,1.981684911110114e-71,6.632261724744448e-70,0.7095032397408207,0.393543428132206
Epidermis 2,slc9a3r2,17.843687,1.6540283,3.236254897957245e-71,1.0797907970691903e-69,0.8315334773218143,0.6979246733282091
Epidermis 2,rasgef1b,17.808147,1.8585572,6.109801353211911e-71,2.0261698378181932e-69,0.7408207343412527,0.46810146041506534
Epidermis 2,mta1,17.79511,1.4273889,7.711606004210578e-71,2.5496205245133186e-69,0.8012958963282938,0.5395849346656418
Epidermis 2,zdhhc5,17.756798,1.1622403,1.527036925418574e-70,5.03345509812065e-69,0.8768898488120951,0.681783243658724
Epidermis 2,fgfr4,17.750813,1.4154286,1.6987758718621384e-70,5.591099291086534e-69,0.82829373650108,0.6310530361260569
Epidermis 2,luc7l3,17.730387,1.1023571,2.443510190340681e-70,7.993978390318441e-69,0.8855291576673866,0.7148347425057648
Epidermis 2,gon4l,17.725437,1.6182828,2.668266033576967e-70,8.716202562677096e-69,0.7365010799136069,0.4242890084550346
Epidermis 2,rsf1,17.716545,1.0914032,3.1252599904776924e-70,1.0193766554889943e-68,0.8898488120950324,0.7286702536510377
Epidermis 2,fchsd2,17.654428,1.6843023,9.408016977658845e-70,3.0504062179716737e-68,0.7332613390928726,0.43658724058416604
Epidermis 2,etf1,17.643028,1.3333814,1.1512155483538487e-69,3.727103038669041e-68,0.8272138228941684,0.5872405841660261
Epidermis 2,syde2,17.624073,1.5700202,1.6098556213566456e-69,5.188871420032993e-68,0.7634989200863931,0.5126825518831668
Epidermis 2,sox13,17.560686,1.2999232,4.927566232535171e-69,1.5766044392983867e-67,0.8542116630669546,0.6548808608762491
Epidermis 2,snrpc,17.520067,1.3476566,1.007068244052489e-68,3.208063672039323e-67,0.826133909287257,0.5710991544965411
Epidermis 2,dis3l2,17.48326,1.3205045,1.9219496745928053e-68,6.086917830085574e-67,0.816414686825054,0.6033820138355112
Epidermis 2,mark4,17.472326,2.3310847,2.328052086200188e-68,7.362380372894826e-67,0.591792656587473,0.21983089930822444
Epidermis 2,fer,17.456648,1.6386945,3.06411266928503e-68,9.67612193291876e-67,0.714902807775378,0.4166026133743274
Epidermis 2,sema6a,17.455578,1.6165997,3.122062159205302e-68,9.844872597690592e-67,0.7397408207343412,0.44273635664873173
Epidermis 2,dzip1,17.427963,2.0394297,5.061760950448568e-68,1.5915372579212995e-66,0.6317494600431965,0.28209069946195237
Epidermis 2,ninl,17.41536,1.7286123,6.30921768700973e-68,1.9809127934998463e-66,0.703023758099352,0.4019984627209839
Epidermis 2,srek1,17.375809,1.4065032,1.2581925291446555e-67,3.9165505247454394e-66,0.7786177105831533,0.5188316679477325
Epidermis 2,gpc4,17.358625,1.482969,1.6973969831726107e-67,5.276196519915888e-66,0.7904967602591793,0.5334358186010761
Epidermis 2,trim71,17.335491,1.1044898,2.538925143874764e-67,7.858423484324997e-66,0.8855291576673866,0.8047655649500385
Epidermis 2,capn8.1,17.294603,1.3213217,5.165733834653574e-67,1.5921112712708425e-65,0.9460043196544277,0.8109146810146042
Epidermis 2,ppp2r2a,17.279993,1.3557675,6.65553207032815e-67,2.0426211716825675e-65,0.7958963282937365,0.5511145272867025
Epidermis 2,kctd15,17.228542,1.4102383,1.6218742843038676e-66,4.956711310615503e-65,0.8012958963282938,0.5787855495772483
Epidermis 2,tent4b,17.216574,1.4562057,1.9945171665864163e-66,6.087043229661844e-65,0.7710583153347732,0.5103766333589547
Epidermis 2,nolc1,17.163116,1.3451328,5.014905285458041e-66,1.5283554222622894e-64,0.8056155507559395,0.5749423520368947
Epidermis 2,marf1,17.160542,1.1960146,5.242205244881006e-66,1.5953997301052782e-64,0.8628509719222462,0.6671790930053805
Epidermis 2,cnot6l,17.133127,1.1053048,8.40136375598606e-66,2.5497379488090654e-64,0.8714902807775378,0.7156033820138356
Epidermis 2,hmga2,17.068838,1.6376677,2.5318544047628887e-65,7.641437754679252e-64,0.7224622030237581,0.43812451960030746
Epidermis 2,znf326,17.066364,1.0149953,2.641429732543098e-65,7.961137872074993e-64,0.8941684665226782,0.7770945426594927
Epidermis 2,ddx52,17.060013,1.8253882,2.944903245023222e-65,8.863549477193342e-64,0.6609071274298056,0.32897770945426597
Epidermis 2,ptk2b,17.05443,1.6632477,3.2401940795574026e-65,9.72548487070455e-64,0.7365010799136069,0.5134511913912375
Epidermis 2,cdc42bpa,17.00903,1.2921239,7.039423787500165e-65,2.101330594624365e-63,0.826133909287257,0.5780169100691775
Epidermis 2,xnf7,17.005386,1.5025674,7.49109059287495e-65,2.2331022927202774e-63,0.7408207343412527,0.46041506533435816
Epidermis 2,tnpo2,16.986965,1.4419286,1.0256128469054391e-64,3.0531920780796163e-63,0.7678185745140389,0.4819369715603382
Epidermis 2,thada,16.962593,1.3362278,1.5533611704164902e-64,4.611686272062344e-63,0.8218142548596112,0.5949269792467333
Epidermis 2,polr1a,16.922274,2.0021417,3.0829314538312444e-64,9.140305333430922e-63,0.6209503239740821,0.2690238278247502
Epidermis 2,etv1,16.913816,1.1902165,3.558980490298277e-64,1.0523104780325028e-62,0.9308855291576674,0.7755572636433513
Epidermis 2,ptma,16.886168,1.4620004,5.687953700541699e-64,1.6795241907918863e-62,0.7526997840172787,0.5149884704073789
Epidermis 2,pbrm1,16.883192,1.0103477,5.982057933114244e-64,1.7639795426822424e-62,0.896328293736501,0.7747886241352806
Epidermis 2,ilf2,16.843576,1.6894157,1.1695073480850747e-63,3.4393288197526164e-62,0.6814254859611231,0.36433512682551883
Epidermis 2,pes1,16.824085,1.8553716,1.6255326324337095e-63,4.773990251996766e-62,0.6511879049676026,0.32820906994619525
Epidermis 2,phf14,16.802454,1.2841712,2.3414951903625878e-63,6.849030368485526e-62,0.8185745140388769,0.627978478093774
Epidermis 2,map2k6,16.747726,1.1251936,5.88314975215292e-63,1.713968100690639e-61,0.8671706263498921,0.6979246733282091
Epidermis 2,bc014685,16.728304,1.4937875,8.152797260668507e-63,2.372029187000633e-61,0.7451403887688985,0.4711760184473482
Epidermis 2,plcg1,16.688787,2.006128,1.5815168385823831e-62,4.5769600709159394e-61,0.6209503239740821,0.2843966179861645
Epidermis 2,ctnnd2,16.656559,1.3235097,2.7118574968391446e-62,7.827439475995632e-61,0.9006479481641468,0.8162951575710992
Epidermis 2,zzz3,16.638103,1.4382218,3.6911927276919064e-62,1.0640094651382443e-60,0.7365010799136069,0.47732513451191394
Epidermis 2,sema6d,16.635899,1.619878,3.829716472091922e-62,1.1024834187007629e-60,0.7051835853131749,0.40737893927747887
Epidermis 2,bmper,16.619751,1.6607184,5.014096410601359e-62,1.4415362025788175e-60,0.7937365010799136,0.6448885472713297
Epidermis 2,trim28,16.612127,1.3665714,5.693713233984144e-62,1.6347699536680003e-60,0.7688984881209503,0.5149884704073789
Epidermis 2,sipa1l1,16.603436,1.6297392,6.581359157350329e-62,1.8846697922905712e-60,0.6987041036717062,0.4350499615680246
Epidermis 2,plscr1,16.576992,1.5809758,1.0222015767336797e-61,2.91956290653215e-60,0.7062634989200864,0.4304381245196003
Epidermis 2,gnl3l,16.57221,1.7543832,1.1068121054887724e-61,3.1570911050811116e-60,0.6501079913606912,0.3458877786318217
Epidermis 2,dhx15,16.568365,1.3488762,1.1798900000337587e-61,3.361146173725411e-60,0.7721382289416847,0.5057647963105304
Epidermis 2,cass4,16.527346,2.3442957,2.331909750044446e-61,6.616983440275664e-60,0.5637149028077754,0.20599538816295157
Epidermis 2,auts2,16.524069,1.396084,2.4621322254196688e-61,6.977426920893843e-60,0.7742980561555075,0.5426594926979247
Epidermis 2,vezf1,16.513504,1.5597758,2.9334353047576403e-61,8.291514479937366e-60,0.712742980561555,0.4104534973097617
Epidermis 2,tfap4,16.385494,1.9670339,2.4278760332943282e-60,6.8008578847901835e-59,0.6090712742980562,0.2682551883166795
Epidermis 2,eif4a2,16.34016,1.0678867,5.111792419333843e-60,1.4245775527750164e-58,0.8606911447084233,0.6979246733282091
Epidermis 2,gldc,16.324682,2.0793111,6.58832186661405e-60,1.8267315305131537e-58,0.6317494600431965,0.34358186010760955
Epidermis 2,atxn7,16.255043,1.5236117,2.0572193734096447e-59,5.6608554788363e-58,0.7062634989200864,0.425826287471176
Epidermis 2,rps8,16.241705,1.4050857,2.5571961839834473e-59,7.027780595806398e-58,0.7311015118790497,0.45964642582628745
Epidermis 2,ccdc9,16.239298,1.1248308,2.6595336606744684e-59,7.299834466613531e-58,0.8390928725701944,0.6533435818601077
Epidermis 2,pxdn,16.194933,1.7323141,5.475702842412139e-59,1.4991883528767288e-57,0.6749460043196545,0.3866256725595696
Epidermis 2,smarca5,16.14385,1.4201258,1.2546583086263703e-58,3.4137031112887816e-57,0.7375809935205183,0.48962336664104533
Epidermis 2,eftud2,16.1156,1.2962117,1.982310743097928e-58,5.380099841435309e-57,0.7613390928725702,0.5119139123750961
Epidermis 2,sall4,16.092499,1.3801758,2.8797738648828824e-58,7.796469665708359e-57,0.7494600431965442,0.5134511913912375
Epidermis 2,ksr2,16.013666,2.322034,1.02582486665727e-57,2.7601139846274093e-56,0.5496760259179265,0.20983858570330516
Epidermis 2,khsrp,16.010424,1.1267653,1.080715287312744e-57,2.904222695129481e-56,0.8326133909287257,0.6379707916986933
Epidermis 2,atrnl1,16.006645,1.7937987,1.1483591758826927e-57,3.074643629071931e-56,0.6274298056155507,0.3366641045349731
Epidermis 2,nsd1,15.943761,1.2114158,3.1482362669085734e-57,8.398247381444008e-56,0.7840172786177105,0.5826287471176018
Epidermis 2,utp3,15.942189,1.7880577,3.228414783575075e-57,8.60161648258751e-56,0.6231101511879049,0.31053036126056877
Epidermis 2,msi1,15.936673,1.7776619,3.5263392912457644e-57,9.383932887106563e-56,0.6457883369330454,0.34358186010760955
Epidermis 2,impdh1,15.905849,1.3095535,5.771541672581015e-57,1.5321266525229968e-55,0.775377969762419,0.5626441199077633
Epidermis 2,c21orf91,15.87877,2.4277005,8.890550574389571e-57,2.351523685863695e-55,0.5269978401727862,0.18216756341275941
Epidermis 2,plcb3,15.85871,1.7634481,1.2238110344373506e-56,3.233024283590488e-55,0.6598272138228942,0.3727901614142967
Epidermis 2,prkce,15.84935,1.2324091,1.4204353074676722e-56,3.747922472098195e-55,0.8023758099352052,0.6026133743274404
Epidermis 2,chtf18,15.847778,1.6488204,1.4563953757512207e-56,3.838164673220699e-55,0.6587473002159827,0.372021521906226
Epidermis 2,LOC101731566,15.842162,1.3585131,1.5925076762186786e-56,4.191810615532906e-55,0.7365010799136069,0.48424289008455035
Epidermis 2,spata5,15.756108,1.3678554,6.235640314444114e-56,1.6256619749281363e-54,0.744060475161987,0.531129900076864
Epidermis 2,rb1,15.713616,1.2076132,1.220153722095943e-55,3.177204578741715e-54,0.8596112311015118,0.644119907763259
Epidermis 2,pik3cb,15.713416,2.837037,1.2240211913725764e-55,3.1834763309822396e-54,0.4956803455723542,0.14834742505764797
Epidermis 2,ankrd10,15.704891,1.8837231,1.4001814667730911e-55,3.6373047364828117e-54,0.6090712742980562,0.30284396617986165
Epidermis 2,hnrnpa3,15.692354,1.0848271,1.7060933277758154e-55,4.421456354560103e-54,0.8099352051835853,0.6425826287471176
Epidermis 2,fgd6,15.689044,1.6268116,1.797411491687805e-55,4.652587919349892e-54,0.6576673866090713,0.37432744043043814
Epidermis 2,dcps,15.649461,2.1203032,3.3504420692983364e-55,8.640713942963478e-54,0.5518358531317494,0.22521137586471945
Epidermis 2,msantd4,15.649394,1.6062639,3.353963938265921e-55,8.640713942963478e-54,0.6565874730021598,0.3766333589546503
Epidermis 2,zmiz1,15.64799,1.2580663,3.428780860070721e-55,8.82304565419849e-54,0.775377969762419,0.5772482705611068
Epidermis 2,caprin1,15.63756,1.0530853,4.039138115216111e-55,1.0381393735233303e-53,0.8466522678185745,0.6587240584166026
Epidermis 2,sik2,15.625691,2.0938227,4.866158243431113e-55,1.2492286944695332e-53,0.5680345572354212,0.2436587240584166
Epidermis 2,c5,15.609711,1.583554,6.251968535961304e-55,1.6031046465712293e-53,0.6803455723542117,0.4004611837048424
Epidermis 2,dock7,15.581762,1.2693934,9.68480492576164e-55,2.474615085304974e-53,0.787257019438445,0.5588009223674096
Epidermis 2,pabpc4,15.580391,1.4663053,9.894731214158642e-55,2.5252974248439266e-53,0.6954643628509719,0.4196771714066103
Epidermis 2,bms1,15.5721,1.5969013,1.1264702282065364e-54,2.8682271703261176e-53,0.6576673866090713,0.37509607993850885
Epidermis 2,samd4a,15.536395,1.4239154,1.967437244666394e-54,5.003665281569392e-53,0.7397408207343412,0.46887009992313605
Epidermis 2,dtx4,15.481333,2.3770483,4.637629333095513e-54,1.172626995104023e-52,0.5237580993520519,0.191391237509608
Epidermis 2,pprc1,15.470836,1.3931011,5.459391100806501e-54,1.3772181874069208e-52,0.7321814254859611,0.49116064565718676
Epidermis 2,dnajc11,15.430116,1.3153975,1.0268615475939573e-53,2.578497794021604e-52,0.7408207343412527,0.49423520368946966
Epidermis 2,gnl3,15.426839,1.2973465,1.080329609855898e-53,2.709640507662707e-52,0.7332613390928726,0.4827056110684089
Epidermis 2,cep85l,15.412531,1.5083234,1.348271504063832e-53,3.377799367414108e-52,0.6954643628509719,0.43735588009223675
Epidermis 2,actn1,15.399994,1.0048,1.636855801329035e-53,4.0960814725689074e-52,0.8747300215982722,0.7878554957724827
Epidermis 2,kdm4b,15.38398,1.3144644,2.096550138075634e-53,5.2404147265691186e-52,0.8401727861771058,0.6825518831667948
Epidermis 2,utp18,15.378932,1.2281594,2.266568971974976e-53,5.658901777742099e-52,0.7710583153347732,0.536510376633359
Epidermis 2,depdc1,15.371643,1.3211976,2.536522926054855e-53,6.31843227961678e-52,0.7311015118790497,0.5119139123750961
Epidermis 2,ncbp1,15.362516,1.1920577,2.9201542773128257e-53,7.265756725797396e-52,0.7742980561555075,0.5618754803996926
Epidermis 2,ssbp4,15.352988,1.6346596,3.382384875124661e-53,8.39670311263882e-52,0.7462203023758099,0.5680245964642583
Epidermis 2,schip1,15.338546,2.518236,4.22553438744202e-53,1.047788475776958e-51,0.5,0.1606456571867794
Epidermis 2,hsf2,15.336105,1.425817,4.387390055056631e-53,1.0866882904811661e-51,0.7041036717062635,0.425826287471176
Epidermis 2,ccser2,15.335136,1.391789,4.4533891743370105e-53,1.1017846391520172e-51,0.7095032397408207,0.4727132974634896
Epidermis 2,ctbs,15.328984,2.413597,4.895799153775884e-53,1.208498114644158e-51,0.5615550755939525,0.27901614142966946
Epidermis 2,gab3,15.314843,1.3657523,6.085868954655689e-53,1.5005621068874778e-51,0.7937365010799136,0.5995388162951576
Epidermis 2,strbp,15.302106,1.4986178,7.402265947983701e-53,1.8230795175051056e-51,0.6922246220302376,0.4388931591083782
Epidermis 2,nop2,15.236044,1.5714421,2.038436631240051e-52,4.9754726767661245e-51,0.6511879049676026,0.3797079169869331
Epidermis 2,rpl3,15.23591,1.3589414,2.0426118761328365e-52,4.980093156323422e-51,0.7138228941684666,0.4811683320522675
Epidermis 2,taok3,15.23347,1.4851443,2.120323512119998e-52,5.163792339059205e-51,0.6943844492440605,0.4350499615680246
Epidermis 2,ccnt2,15.206692,1.1459414,3.192770454598598e-52,7.758289987727841e-51,0.7818574514038877,0.5810914681014604
Epidermis 2,esf1,15.191915,1.6109804,4.0006243663671594e-52,9.699736033166421e-51,0.6447084233261339,0.3535741737125288
Epidermis 2,pum3,15.174664,1.6254053,5.2043793470499996e-52,1.259032835166054e-50,0.6349892008639308,0.35049961568024596
Epidermis 2,arhgap12,15.14297,1.44563,8.431764568851063e-52,2.0352824630187948e-50,0.6965442764578834,0.41352805534204456
Epidermis 2,naca,15.124182,1.2040719,1.1218634623146222e-51,2.704992553720151e-50,0.7602591792656588,0.5342044581091469
Epidermis 2,LOC116406446,15.11355,1.5036355,1.3184032359996305e-51,3.1753727387139003e-50,0.67170626349892,0.4089162182936203
Epidermis 2,abcb9,15.09279,1.2958893,1.8064122116030642e-51,4.331617677954996e-50,0.785097192224622,0.7248270561106841
Epidermis 2,smtn,15.063503,1.4083637,2.8146835213478914e-51,6.727186102884155e-50,0.7062634989200864,0.4873174481168332
Epidermis 2,rrp1b,15.051401,1.698437,3.3800018076963786e-51,8.051858018094179e-50,0.6058315334773218,0.29438893159108376
Epidermis 2,LOC100490503,15.046787,2.0971808,3.6241158344756027e-51,8.62397291429576e-50,0.541036717062635,0.23136049192928518
Epidermis 2,copg2,14.999783,1.8489821,7.366051357961884e-51,1.743325452083365e-49,0.5799136069114471,0.28209069946195237
Epidermis 2,set,14.986176,1.2464482,9.04115224263286e-51,2.1351405095940654e-49,0.7483801295896328,0.4973097617217525
Epidermis 2,pard6g,14.983902,1.9566526,9.35586453018196e-51,2.207073728790276e-49,0.5647948164146869,0.26210607225211374
Epidermis 2,cbx5,14.974675,1.6986187,1.0749188465073256e-50,2.5302917097773844e-49,0.6047516198704104,0.3013066871637202
Epidermis 2,pitpnc1,14.968189,2.5197828,1.1850389625455718e-50,2.7835021745647924e-49,0.48272138228941686,0.14219830899308225
Epidermis 2,bsg,14.927035,1.5663545,2.1982591430721586e-50,5.141287541369515e-49,0.7116630669546437,0.4957724827056111
Epidermis 2,celf3,14.912158,1.7516952,2.7472894765240424e-50,6.4184800500247455e-49,0.6306695464362851,0.3566487317448117
Epidermis 2,ngfr,14.901158,3.9707384,3.2391309824568274e-50,7.551397133353679e-49,0.4136069114470842,0.05918524212144504
Epidermis 2,tmeff1,14.86435,1.9350905,5.615698164455785e-50,1.305006918494033e-48,0.5734341252699784,0.28823981552651806
Epidermis 2,eif5b,14.850041,1.4131435,6.952552428240054e-50,1.6088191573343185e-48,0.6987041036717062,0.4665641813989239
Epidermis 2,lfng,14.833827,1.683297,8.853780475579953e-50,2.046592624551167e-48,0.6501079913606912,0.38970023059185244
Epidermis 2,lrig1,14.781172,1.2680199,1.937643018043293e-49,4.4742125181717135e-48,0.7321814254859611,0.49423520368946966
Epidermis 2,arhgef2,14.775556,1.2530326,2.1061298834674244e-49,4.8581247555119095e-48,0.7570194384449244,0.5242121445042275
Epidermis 2,chaf1a,14.750983,1.0240303,3.0321423456951243e-49,6.979364781161742e-48,0.9103671706263499,0.7740199846272099
Epidermis 2,znf281,14.724572,1.415492,4.482970197638211e-49,1.0286318894076068e-47,0.6760259179265659,0.415065334358186
Epidermis 2,smurf2,14.672385,1.3786733,9.687852238074369e-49,2.211282674550427e-47,0.6781857451403888,0.4189085318985396
Epidermis 2,cstf3,14.670848,1.2802821,9.909952040123014e-49,2.259614038323138e-47,0.7159827213822895,0.46348962336664107
Epidermis 2,aqr,14.6532955,1.2380526,1.2833634211441374e-48,2.9232017967417766e-47,0.7181425485961123,0.4888547271329746
Epidermis 2,imp3,14.600173,1.5376455,2.8013442605581373e-48,6.354275791022777e-47,0.6436285097192225,0.38047655649500384
Epidermis 2,dennd2c,14.583022,2.5658813,3.60209946963628e-48,8.162140449318097e-47,0.48056155507559395,0.1614142966948501
Epidermis 2,ncam1,14.581585,1.7481506,3.678766627656195e-48,8.327216450423841e-47,0.6371490280777538,0.4235203689469639
Epidermis 2,cwc27,14.580047,1.6476357,3.7625815028903716e-48,8.508113054359668e-47,0.6155507559395248,0.3312836279784781
Epidermis 2,amotl1,14.577171,2.7544937,3.92441021795647e-48,8.86486080393666e-47,0.4708423326133909,0.14834742505764797
Epidermis 2,yes1,14.555541,1.8005753,5.385781744433687e-48,1.2153375744083504e-46,0.562634989200864,0.26594926979246736
Epidermis 2,fras1,14.546616,2.1105673,6.136515952645026e-48,1.3833152334986272e-46,0.5593952483801296,0.2890084550345888
Epidermis 2,ugdhl,14.53157,3.55585,7.644699354892283e-48,1.7215168691754851e-46,0.43088552915766737,0.09377401998462721
Epidermis 2,mybbp1a,14.530969,1.7324941,7.712157975993259e-48,1.7349175174654525e-46,0.5896328293736501,0.3059185242121445
Epidermis 2,sin3a,14.528094,1.024459,8.0427283273998e-48,1.807418896315047e-46,0.8120950323974082,0.6395080707148347
Epidermis 2,ahdc1,14.526256,1.2765121,8.26149484407805e-48,1.8546715945743534e-46,0.7084233261339092,0.4704073789392775
Epidermis 2,nol8,14.473968,1.3309517,1.7696178391262147e-47,3.960495473597245e-46,0.6814254859611231,0.4465795541890853
Epidermis 2,ccnj,14.437861,1.6647633,2.9897421219392437e-47,6.6706710473247684e-46,0.5993520518358532,0.3166794773251345
Epidermis 2,slc12a2,14.437326,1.0279626,3.013031214517194e-47,6.715766509905995e-46,0.838012958963283,0.7063797079169869
Epidermis 2,npm1,14.428066,1.3338301,3.446080604452116e-47,7.673155598954044e-46,0.6954643628509719,0.4458109146810146
Epidermis 2,shb,14.427331,1.0252303,3.4830194429051244e-47,7.747499211379482e-46,0.8390928725701944,0.708685626441199
Epidermis 2,hsp90ab1,14.417335,1.2135044,4.025918453791617e-47,8.936883680588695e-46,0.7354211663066955,0.5203689469638739
Epidermis 2,hells,14.411618,1.6375045,4.373444896667144e-47,9.698469622985138e-46,0.6339092872570194,0.3674096848578017
Epidermis 2,ddx21,14.410949,1.3386241,4.415993549855002e-47,9.782882766638173e-46,0.6846652267818575,0.431206764027671
Epidermis 2,nop53,14.397576,1.6690911,5.358994054993418e-47,1.1835891626924228e-45,0.591792656587473,0.3005380476556495
Epidermis 2,nup210,14.389051,2.1284375,6.062166939415063e-47,1.3375383699188684e-45,0.5118790496760259,0.202152190622598
Epidermis 2,ryk,14.385842,1.0731263,6.350058486866517e-47,1.3996426893122654e-45,0.7807775377969762,0.5903151421983089
Epidermis 2,mamdc2,14.346526,3.6623821,1.1200872275903354e-46,2.4613719429253485e-45,0.408207343412527,0.07071483474250577
Epidermis 2,galnt16,14.274414,2.7218103,3.159323190735659e-46,6.893959134504282e-45,0.46220302375809935,0.14296694850115296
Epidermis 2,nup205,14.221725,1.4779395,6.717582623056415e-46,1.4614593261985447e-44,0.6263498920086393,0.3382013835511145
Epidermis 2,nap1l1,14.2186165,1.808392,7.022768795037705e-46,1.5263330465788622e-44,0.5550755939524838,0.25749423520368947
Epidermis 2,ncapd2,14.208755,1.1965009,8.085119017887049e-46,1.7554764386996348e-44,0.7419006479481641,0.5388162951575711
Epidermis 2,zmym2,14.204274,1.4732782,8.619099267188169e-46,1.8695563132138473e-44,0.6328293736501079,0.3704842428900845
Epidermis 2,ehmt2,14.158238,1.1622795,1.661052424989806e-45,3.595815968819698e-44,0.7505399568034558,0.5288239815526518
Epidermis 2,cbfa2t2,14.145769,2.2268448,1.9833750368792888e-45,4.289318798785229e-44,0.49136069114470843,0.1813989239046887
Epidermis 2,tcof1,14.139785,1.3310311,2.1594494401411366e-45,4.665479825081162e-44,0.6943844492440605,0.45272867025365104
Epidermis 2,tcf7,14.133867,1.2691588,2.348839282557816e-45,5.064626678329457e-44,0.7591792656587473,0.5618754803996926
Epidermis 2,baz1b,14.124807,1.0472974,2.6713074204426505e-45,5.754254612189445e-44,0.8174946004319654,0.6579554189085319
Epidermis 2,ctnnal1,14.105516,1.7444713,3.512065365124981e-45,7.550421510580513e-44,0.5809935205183585,0.30361260568793236
Epidermis 2,eif3b,14.08509,1.3861436,4.6906024797568845e-45,1.0044517832264472e-43,0.6555075593952484,0.3927747886241353
Epidermis 2,kpna2,14.066669,2.0474274,6.086949120577787e-45,1.2983706428164994e-43,0.5086393088552916,0.21137586471944658
Epidermis 2,map7d1,14.039522,1.5165088,8.93121939322472e-45,1.9013476915078696e-43,0.6209503239740821,0.35588009223674094
Epidermis 2,cdk4,14.015518,1.660954,1.2527967728672677e-44,2.6515303958037485e-43,0.5799136069114471,0.3013066871637202
Epidermis 2,lmx1b.1,14.0136795,1.4640787,1.2856669978581768e-44,2.718463135684426e-43,0.838012958963283,0.7117601844734819
Epidermis 2,klhdc4,14.011807,1.911528,1.3200165357030515e-44,2.7883911738215185e-43,0.5237580993520519,0.22367409684857803
Epidermis 2,git1,14.006024,1.6036246,1.4320059760900302e-44,3.022031180295991e-43,0.58207343412527,0.30284396617986165
Epidermis 2,polr3a,13.977741,1.0611479,2.1314731510101834e-44,4.493804408521083e-43,0.775377969762419,0.5941583397386626
Epidermis 2,sestd1,13.954071,1.3148754,2.971478305541779e-44,6.246688642122077e-43,0.6792656587473002,0.4350499615680246
Epidermis 2,smc2,13.925186,1.1642454,4.453798574381736e-44,9.335863467010938e-43,0.744060475161987,0.5465026902382782
Epidermis 2,mmp14,13.906465,2.0219033,5.787023256108173e-44,1.2084079853735545e-42,0.5183585313174947,0.22213681783243658
Epidermis 2,sh3pxd2b,13.902486,1.6465431,6.117897617176131e-44,1.2762776663900607e-42,0.5961123110151187,0.32513451191391235
Epidermis 2,efna3.1,13.88928,1.5356106,7.357070326700489e-44,1.530396869389241e-42,0.6123110151187905,0.36049192928516527
Epidermis 2,smarcb1,13.880789,1.5221967,8.282742884230556e-44,1.7180392820988117e-42,0.6004319654427646,0.33358954650269024
Epidermis 2,bcar1,13.87681,1.9251137,8.755420688784492e-44,1.8143593053178196e-42,0.5259179265658748,0.22905457340507301
Epidermis 2,dus2,13.868954,1.3550674,9.769109368036461e-44,2.0225022345343796e-42,0.6663066954643628,0.4081475787855496
Epidermis 2,kpnb1,13.83589,1.167762,1.5480856302465488e-43,3.195910741495737e-42,0.724622030237581,0.49192928516525747
Epidermis 2,wdr70,13.832747,1.2037817,1.6172374701988242e-43,3.3355140677890875e-42,0.7235421166306696,0.5057647963105304
Epidermis 2,usp36,13.80667,1.2879436,2.3232340793604833e-43,4.782574608087274e-42,0.6760259179265659,0.4404304381245196
Epidermis 2,cenpc,13.805668,1.16427,2.35579686506526e-43,4.845037077529598e-42,0.7570194384449244,0.5588009223674096
Epidermis 2,klhl32,13.793733,2.7342777,2.7799592486295326e-43,5.70663130426576e-42,0.4427645788336933,0.13066871637202152
Epidermis 2,cdc5l,13.784104,1.2469927,3.176855144113305e-43,6.515240234933875e-42,0.6889848812095032,0.4488854727132975
Epidermis 2,hmbox1,13.713229,1.1393247,8.460719317838643e-43,1.7286643842186988e-41,0.734341252699784,0.5196003074558032
Epidermis 2,nsd2,13.666391,1.3620743,1.61193654260233e-42,3.287296008983686e-41,0.6630669546436285,0.4458109146810146
Epidermis 2,grb10,13.639479,1.5860599,2.3322234681676403e-42,4.742912236615665e-41,0.5809935205183585,0.30899308224442734
Epidermis 2,dnajc2,13.625972,1.4338851,2.8064820430984414e-42,5.702071197621144e-41,0.6241900647948164,0.36664104534973097
Epidermis 2,casp8ap2,13.618684,1.3689806,3.101054717185383e-42,6.283019032841434e-41,0.6544276457883369,0.41275941583397385
Epidermis 2,fgd1,13.594914,2.0909843,4.292648559452422e-42,8.665114173525559e-41,0.49352051835853133,0.19523443504996157
Epidermis 2,carmil1,13.594111,1.4383436,4.339981286299013e-42,8.752562998921512e-41,0.6339092872570194,0.3835511145272867
Epidermis 2,clmn,13.593276,2.3484604,4.389838290532041e-42,8.844936411606618e-41,0.4654427645788337,0.15833973866256726
Epidermis 2,ctps1,13.544198,1.992459,8.574516883619634e-42,1.7244657411747838e-40,0.4946004319654428,0.1975403535741737
Epidermis 2,map3k5,13.520762,1.4978184,1.1794701966850635e-41,2.36772945371341e-40,0.6166306695464363,0.3627978478093774
Epidermis 2,ssrp1,13.483185,1.0478195,1.9643983401122057e-41,3.921787390630233e-40,0.7786177105831533,0.5903151421983089
Epidermis 2,pinx1,13.477669,1.3292669,2.116898499924626e-41,4.218524398799567e-40,0.6565874730021598,0.42198308993082245
Epidermis 2,bicc1,13.471149,1.1100625,2.3123697963449733e-41,4.599655544762412e-40,0.7624190064794817,0.5995388162951576
Epidermis 2,bub1,13.446143,1.5079991,3.2435567270056473e-41,6.4226543865689864e-40,0.6047516198704104,0.3620292083013067
Epidermis 2,rcl1,13.440493,1.9457664,3.5009714357579036e-41,6.9260832003330205e-40,0.5010799136069114,0.2083013066871637
Epidermis 2,actg1,13.437785,1.2343308,3.631452115176482e-41,7.177709837433515e-40,0.6771058315334774,0.48347425057647964
Epidermis 2,eif4g3,13.435278,1.3587018,3.756575181792751e-41,7.418301089764673e-40,0.6382289416846653,0.398923904688701
Epidermis 2,fam171a1,13.42926,1.4592135,4.074639924122819e-41,8.039124573624235e-40,0.6079913606911447,0.3674096848578017
Epidermis 2,tcp1,13.411574,1.6594381,5.172888326177031e-41,1.017832246758422e-39,0.5583153347732182,0.2897770945426595
Epidermis 2,necab2,13.372726,1.3743722,8.728158443266811e-41,1.712744113224146e-39,0.7354211663066955,0.5826287471176018
Epidermis 2,gpm6b,13.357883,1.7157145,1.0655150086201276e-40,2.087127738159767e-39,0.5647948164146869,0.30899308224442734
Epidermis 2,cdc7,13.3422365,1.3024375,1.3145483760367891e-40,2.572624225425899e-39,0.6684665226781857,0.4496541122213682
Epidermis 2,bcar3,13.326792,2.320069,1.6170386992483395e-40,3.156118198237748e-39,0.468682505399568,0.18370484242890084
Epidermis 2,usp24,13.322746,1.3680092,1.7071044960953125e-40,3.328930045513478e-39,0.6360691144708424,0.42121445042275174
Epidermis 2,plekha7,13.310945,1.7794914,1.999370899960499e-40,3.891906548442288e-39,0.5302375809935205,0.2521137586471945
Epidermis 2,dhrsx,13.284634,1.7957904,2.8424448032305056e-40,5.5133322712260324e-39,0.5442764578833693,0.27901614142966946
Epidermis 2,frmd6,13.2732,1.9276971,3.3113057398973045e-40,6.411357812803822e-39,0.5269978401727862,0.26594926979246736
Epidermis 2,nid2,13.233985,1.3952327,5.584606242008457e-40,1.078422060237757e-38,0.6857451403887689,0.49269792467332824
Epidermis 2,ipmk,13.231244,2.4986231,5.7920988000629426e-40,1.1165140275280341e-38,0.43628509719222464,0.1337432744043044
Epidermis 2,sdc1,13.224524,1.5794774,6.333705892093924e-40,1.2198393316097222e-38,0.5799136069114471,0.3074558032282859
Epidermis 2,lrp1,13.21279,1.2251933,7.402947192220548e-40,1.4245124398716455e-38,0.6965442764578834,0.4765564950038432
Epidermis 2,dpysl4,13.200586,2.4313164,8.705435131384464e-40,1.6736678414267876e-38,0.44168466522678185,0.14373558800922367
Epidermis 2,supt16h,13.164748,1.1396316,1.400041514692197e-39,2.684561150448017e-38,0.7051835853131749,0.4973097617217525
Epidermis 2,mettl24,13.162575,4.152061,1.4409038327859528e-39,2.7604883700809726e-38,0.35853131749460043,0.03920061491160646
Epidermis 2,topbp1,13.146561,1.3109212,1.780917850988385e-39,3.4059078375475504e-38,0.6414686825053996,0.4081475787855496
Epidermis 2,cdc25b,13.133255,1.8678395,2.1232915080324058e-39,4.050030069648175e-38,0.5237580993520519,0.26133743274404303
Epidermis 2,bcam,13.119649,3.5044937,2.5411081566151388e-39,4.842752933231349e-38,0.37904967602591794,0.07071483474250577
Epidermis 2,ppp1r9al,13.109385,1.082563,2.9094830663655204e-39,5.539950261008902e-38,0.7257019438444925,0.5403535741737125
Epidermis 2,rnf44,13.102264,1.2644538,3.195803871324079e-39,6.07982879478315e-38,0.6565874730021598,0.43197540353574176
Epidermis 2,srfbp1,13.09531,1.7860334,3.5024049809465824e-39,6.657315251675555e-38,0.521598272138229,0.24980784012298232
Epidermis 2,cul4b,13.091031,1.0871648,3.705440334978633e-39,7.037111710145235e-38,0.7116630669546437,0.5226748654880861
Epidermis 2,ptges3,13.038209,1.4720107,7.417932387604883e-39,1.4026577350946808e-37,0.5831533477321814,0.33512682551883166
Epidermis 2,pde7a,12.962051,1.542307,2.0080485664499176e-38,3.764401011039833e-37,0.572354211663067,0.30822444273635663
Epidermis 2,fbxw4,12.956201,1.6405113,2.1671819535444824e-38,4.059234112299927e-37,0.5550755939524838,0.3013066871637202
Epidermis 2,dstyk,12.953158,1.2757883,2.254823432553034e-38,4.219768621075451e-37,0.661987041036717,0.44350499615680244
Epidermis 2,wdr43,12.953025,1.4247011,2.258755620107091e-38,4.2235052601848186e-37,0.5928725701943844,0.3412759415833974
Epidermis 2,mphosph10,12.919292,1.4367968,3.503498019924821e-38,6.539763070383192e-37,0.5950323974082073,0.33973866256725593
Epidermis 2,asap1,12.913508,1.5350056,3.776920222964153e-38,7.044117622675281e-37,0.5615550755939525,0.3059185242121445
Epidermis 2,rps7,12.9105,1.5226523,3.927446994110405e-38,7.318601268871319e-37,0.562634989200864,0.30284396617986165
Epidermis 2,LOC734009,12.906387,2.16185,4.142855532371982e-38,7.706841480979456e-37,0.45464362850971923,0.16295157571099156
Epidermis 2,rnmt,12.905084,1.3997045,4.213577818577808e-38,7.831727562111273e-37,0.5971922246220303,0.35818601076095313
Epidermis 2,fnip2,12.879676,1.8168899,5.858133118679355e-38,1.0860690125972999e-36,0.5010799136069114,0.22136817832436587
Epidermis 2,gtf2f2,12.798269,1.7502683,1.6764603230484814e-37,3.092311133494583e-36,0.5172786177105831,0.2536510376633359
Epidermis 2,ifngr1,12.792653,1.1081761,1.802157336519158e-37,3.3213577060966676e-36,0.7192224622030238,0.5249807840122982
Epidermis 2,nxn,12.728263,1.3955302,4.118998612130088e-37,7.552997371032829e-36,0.6079913606911447,0.37355880092236743
Epidermis 2,nup188,12.724887,1.499824,4.30098830814125e-37,7.866878949870094e-36,0.5593952483801296,0.3074558032282859
Epidermis 2,enox1,12.721376,1.3378943,4.498661212491971e-37,8.214668311111908e-36,0.6846652267818575,0.5165257494235204
Epidermis 2,cs,12.720507,1.2189909,4.5489876613244876e-37,8.299620381083749e-36,0.6727861771058316,0.44350499615680244
Epidermis 2,naf1,12.709341,1.6913,5.247489330532149e-37,9.558052143701338e-36,0.519438444924406,0.2444273635664873
Epidermis 2,camta1,12.701652,1.2475005,5.789488889178973e-37,1.0536483490473259e-35,0.652267818574514,0.42890084550345886
Epidermis 2,cebpz,12.675709,1.2333215,8.062685527800479e-37,1.4624759842238925e-35,0.652267818574514,0.42890084550345886
Epidermis 2,bop1,12.674572,1.4958947,8.180414751899187e-37,1.4813678863169471e-35,0.562634989200864,0.3159108378170638
Epidermis 2,ppid,12.658023,1.4334112,1.0101100958596493e-36,1.8261485005595202e-35,0.5701943844492441,0.3212913143735588
Epidermis 2,ube2e3,12.647426,1.4265791,1.1560147929517069e-36,2.0881952646522514e-35,0.5777537796976242,0.3259031514219831
Epidermis 2,fgd4,12.636226,1.8130047,1.3330072847595981e-36,2.4059182763225135e-35,0.49352051835853133,0.22521137586471945
Epidermis 2,gas6,12.629338,1.1860073,1.454958267396522e-36,2.621688220715071e-35,0.6792656587473002,0.46348962336664107
Epidermis 2,usp4,12.61844,1.0113113,1.6709872209889132e-36,3.0084663489438184e-35,0.7494600431965442,0.5572636433512682
Epidermis 2,pdcd11,12.610383,1.1873258,1.850915622344051e-36,3.32966445137424e-35,0.6673866090712743,0.4565718677940046
Epidermis 2,ipo5,12.603329,1.7294953,2.0241768627395967e-36,3.635355005912818e-35,0.5086393088552916,0.2521137586471945
Epidermis 2,itga6,12.563679,1.9012641,3.344147697483053e-36,5.986271280293495e-35,0.48596112311015116,0.22598001537279017
Epidermis 2,pcdh19,12.542817,1.3549898,4.3524181716337196e-36,7.772022661474583e-35,0.6814254859611231,0.5157571099154497
Epidermis 2,pomgnt1,12.538638,1.2754074,4.588109191908332e-36,8.179504140247689e-35,0.6220302375809935,0.39738662567255956
Epidermis 2,acvr1b,12.50845,1.4590995,6.71215605461689e-36,1.1936915832746142e-34,0.572354211663067,0.3259031514219831
Epidermis 2,reep3,12.484512,2.0011275,9.069723003741767e-36,1.610337068060611e-34,0.4978401727861771,0.25595695618754805
Epidermis 2,wtip,12.480701,1.165593,9.514502160432146e-36,1.6879345662015435e-34,0.6673866090712743,0.48962336664104533
Epidermis 2,LOC100170590,12.446568,2.5100558,1.4598997632225722e-35,2.5857526569220574e-34,0.408207343412527,0.11990776325903152
Epidermis 2,hdac1,12.440985,1.2961818,1.5656258777917168e-35,2.770764175125146e-34,0.6069114470842333,0.3627978478093774
Epidermis 2,clstn1,12.397121,1.2093755,2.7087927354248873e-35,4.778380459151695e-34,0.6576673866090713,0.4511913912375096
Epidermis 2,chd9,12.376394,1.0643904,3.5075015694385975e-35,6.177335895619018e-34,0.7138228941684666,0.531129900076864
Epidermis 2,dhx37,12.353025,1.5012709,4.6913396861502306e-35,8.229077435006767e-34,0.5464362850971922,0.2890084550345888
Epidermis 2,rapgef1,12.325344,1.1301773,6.616058884346024e-35,1.158659878935109e-33,0.67170626349892,0.4358186010760953
Epidermis 2,mthfd1l,12.316518,1.5085268,7.381311385913631e-35,1.2906057351924786e-33,0.5604751619870411,0.30976172175249805
Epidermis 2,ndst1,12.313209,1.6831206,7.690422004159971e-35,1.3435764495818633e-33,0.519438444924406,0.27824750192159875
Epidermis 2,amotl2,12.311302,1.4607797,7.8741937366946e-35,1.3745822522273028e-33,0.572354211663067,0.34050730207532665
Epidermis 2,rnf220.1,12.267975,1.3847544,1.3457691112950389e-34,2.3455293752051952e-33,0.5842332613390929,0.34050730207532665
Epidermis 2,abi2,12.259885,1.6157464,1.4871149307538126e-34,2.587746005101989e-33,0.5161987041036717,0.26287471176018445
Epidermis 2,pias4,12.239257,1.1986128,1.9177961675675581e-34,3.334520332469457e-33,0.6317494600431965,0.39815526518063027
Epidermis 2,rpl5,12.213147,1.1688108,2.644581980207972e-34,4.590884915681635e-33,0.6414686825053996,0.431206764027671
Epidermis 2,ola1,12.166176,1.1044483,4.706214737466639e-34,8.13098272258587e-33,0.693304535637149,0.4888547271329746
Epidermis 2,rps24,12.16086,1.4381181,5.022722748435453e-34,8.670951985253957e-33,0.5442764578833693,0.30438124519600307
Epidermis 2,ipo7,12.135318,1.1168079,6.864283933493476e-34,1.1812739724981163e-32,0.6587473002159827,0.45887778631821674
Epidermis 2,smarcad1,12.133312,1.1405275,7.034559924932174e-34,1.209622790559062e-32,0.6727861771058316,0.4657955418908532
Epidermis 2,fbl,12.131841,1.6835066,7.162089426850468e-34,1.2305823101047564e-32,0.4978401727861771,0.23674096848578016
Epidermis 2,dcbld2,12.093696,1.0528089,1.1403933472315899e-33,1.9547936551406539e-32,0.7051835853131749,0.49961568024596464
Epidermis 2,naa25,12.05789,1.6281691,1.76240153559262e-33,3.0162638359346324e-32,0.5010799136069114,0.24058416602613375
Epidermis 2,pank4,12.032682,1.5156306,2.3925843393811788e-33,4.0851786282970816e-32,0.5259179265658748,0.2697924673328209
Epidermis 2,cad,11.999217,1.6877383,3.586718076896217e-33,6.10021630210073e-32,0.4978401727861771,0.2513451191391238
Epidermis 2,mms19,11.989087,1.7293091,4.0534539999029596e-33,6.877948657222588e-32,0.49136069114470843,0.23597232897770945
Epidermis 2,mars1,11.962142,1.4278287,5.6096241788773186e-33,9.496323445095575e-32,0.5518358531317494,0.32667179093005383
Epidermis 2,castor2,11.952413,1.000784,6.30671108792642e-33,1.0668119585243596e-31,0.724622030237581,0.547271329746349
Epidermis 2,bud23,11.917845,1.8257552,9.554859000265167e-33,1.612502538629437e-31,0.46652267818574517,0.20522674865488086
Epidermis 2,marcks,11.881537,1.168474,1.47626405072494e-32,2.477965988528378e-31,0.6123110151187905,0.39815526518063027
Epidermis 2,rad9a,11.878763,1.272156,1.526092306392155e-32,2.5596356816128525e-31,0.6069114470842333,0.40507302075326673
Epidermis 2,myo10.2,11.855428,2.0499518,2.0169221176667158e-32,3.3776866868461552e-31,0.4427645788336933,0.18524212144504226
Epidermis 2,rtkn2,11.849544,1.0196996,2.1636618754931381e-32,3.620649216651516e-31,0.6976241900647948,0.5411222136817833
Epidermis 2,adgra3,11.842891,1.319386,2.342380797606262e-32,3.910718545108358e-31,0.5788336933045356,0.3412759415833974
Epidermis 2,fam53a,11.831357,1.7345705,2.687624092530266e-32,4.48026320268166e-31,0.4762419006479482,0.22598001537279017
Epidermis 2,LOC100486588,11.817415,1.3853353,3.172958507995559e-32,5.281245431195353e-31,0.5561555075593952,0.3235972328977709
Epidermis 2,rasa2,11.813972,1.3850803,3.3056687733812714e-32,5.497941943898836e-31,0.5691144708423326,0.33435818601076095
Epidermis 2,pkdcc.2,11.794581,1.0939416,4.1626354897762024e-32,6.917964129657769e-31,0.8585313174946004,0.8093774019984628
Epidermis 2,fstl1,11.772851,1.3669053,5.387246589117232e-32,8.932758952973186e-31,0.5453563714902808,0.2851652574942352
Epidermis 2,abce1,11.763858,1.266217,5.993181197248524e-32,9.929932187179957e-31,0.5842332613390929,0.3458877786318217
Epidermis 2,prpf39.2,11.758242,1.1819315,6.405452264628306e-32,1.0596919929223219e-30,0.6101511879049676,0.4019984627209839
Epidermis 2,eif3g,11.757305,1.31615,6.476850531294417e-32,1.0706920866922383e-30,0.5658747300215983,0.32436587240584164
Epidermis 2,sulf1,11.705386,1.2113336,1.1961382830625476e-31,1.9669128466245552e-30,0.7051835853131749,0.5403535741737125
Epidermis 2,ephb4,11.702912,1.22155,1.2315359417222942e-31,2.0235953150845017e-30,0.6295896328293736,0.4411990776325903
Epidermis 2,arhgef11,11.695623,1.2589731,1.341974362625514e-31,2.203402751456083e-30,0.5896328293736501,0.3697156033820138
Epidermis 2,paxip1,11.693818,1.0577556,1.3708167971569924e-31,2.2490671677265212e-30,0.6684665226781857,0.4711760184473482
Epidermis 2,rbm34,11.690174,1.7657032,1.430923955394335e-31,2.342399972292557e-30,0.458963282937365,0.20061491160645656
Epidermis 2,ripk4,11.671754,1.5158623,1.7772171502426252e-31,2.9049180101456422e-30,0.5226781857451404,0.29285165257494233
Epidermis 2,nrxn1,11.671085,3.05082,1.7912418210261814e-31,2.9256502826805617e-30,0.37688984881209503,0.11299000768639508
Epidermis 2,fam207a,11.64113,1.4348133,2.546192900096343e-31,4.149400692531912e-30,0.5399568034557235,0.31283627978478096
Epidermis 2,cherp,11.634745,1.2028015,2.744101549567917e-31,4.458603120857894e-30,0.5961123110151187,0.3850883935434281
Epidermis 2,rps6,11.578212,1.2785935,5.314317053871791e-31,8.609035815333061e-30,0.562634989200864,0.3297463489623367
Epidermis 2,nom1,11.576507,1.6383024,5.421048633903782e-31,8.77542301486754e-30,0.48272138228941686,0.2328977709454266
Epidermis 2,slk,11.55862,1.1045848,6.6772777176721e-31,1.0792953857579473e-29,0.6479481641468683,0.4396617986164489
Epidermis 2,marchf6,11.557952,1.1608453,6.729465107593914e-31,1.0869256707091546e-29,0.6166306695464363,0.41352805534204456
Epidermis 2,dgka,11.523952,1.2762206,9.992074631601705e-31,1.6127001518948286e-29,0.5950323974082073,0.38970023059185244
Epidermis 2,numa1,11.522448,1.012771,1.0168113804849579e-30,1.6386884145910091e-29,0.6900647948164147,0.5065334358186011
Epidermis 2,cnot2,11.503726,1.077104,1.2634163870974173e-30,2.034613209066623e-29,0.6479481641468683,0.4573405073020753
Epidermis 2,nfx1,11.501051,1.3129107,1.3031861932311144e-30,2.0971110562312794e-29,0.5669546436285097,0.3458877786318217
Epidermis 2,hira,11.493629,1.1685566,1.420174524447525e-30,2.2820050293055552e-29,0.6069114470842333,0.4104534973097617
Epidermis 2,riok1,11.490621,1.5359797,1.4705197557494436e-30,2.361163472421531e-29,0.4956803455723542,0.2521137586471945
Epidermis 2,nsun2,11.483299,1.3166395,1.6005484047724798e-30,2.5680563779809034e-29,0.550755939524838,0.3374327440430438
Epidermis 2,ddx27,11.476813,1.4214327,1.725229114619329e-30,2.766070867752269e-29,0.5259179265658748,0.28747117601844735
Epidermis 2,exosc10,11.459194,1.0927578,2.11472113912329e-30,3.3806102547113046e-29,0.642548596112311,0.43812451960030746
Epidermis 2,bcl7a,11.439437,1.2867794,2.6560515134680615e-30,4.2366739821189017e-29,0.5539956803455723,0.3235972328977709
Epidermis 2,epb41,11.432249,1.0234424,2.8853860533295805e-30,4.599124110277924e-29,0.6911447084233261,0.5049961568024597
Epidermis 2,rims2,11.414263,1.7477695,3.5490209104422974e-30,5.64043592765924e-29,0.46220302375809935,0.2282859338970023
Epidermis 2,ran,11.386848,1.3424988,4.86261228359111e-30,7.711269087226861e-29,0.5453563714902808,0.32744043043812454
Epidermis 2,wdr36,11.386614,1.8326718,4.875685911250628e-30,7.726386511938994e-29,0.4406047516198704,0.1960030745580323
Epidermis 2,tp53bp1,11.38618,1.6630884,4.900058124897085e-30,7.759373609824332e-29,0.4719222462203024,0.23443504996156803
Epidermis 2,zfhx4,11.379661,1.4107324,5.280488765170931e-30,8.34967719889818e-29,0.5593952483801296,0.3566487317448117
Epidermis 2,tle2,11.373308,1.2189293,5.6793254124886944e-30,8.97382764850947e-29,0.6285097192224622,0.4342813220599539
Epidermis 2,rbm27,11.337369,1.1179583,8.568142271745835e-30,1.3470132025343362e-28,0.6144708423326134,0.4189085318985396
Epidermis 2,kdm3b,11.320821,1.1695818,1.034984585599327e-29,1.6212777201983427e-28,0.6015118790496761,0.3889315910837817
Epidermis 2,polr3b,11.304807,1.3822536,1.242271942234062e-29,1.9404163243729036e-28,0.5280777537796977,0.30822444273635663
Epidermis 2,znf839,11.300126,1.4958909,1.3102924104349583e-29,2.0422779062929447e-28,0.509719222462203,0.2690238278247502
Epidermis 2,dus4l,11.281371,1.8671168,1.6219783760659228e-29,2.5226792690045975e-28,0.4287257019438445,0.18293620292083013
Epidermis 2,tln1,11.251116,2.1396067,2.2868142554862022e-29,3.544074848648041e-28,0.398488120950324,0.14142966948501154
Epidermis 2,LOC779553,11.23781,1.4164103,2.658978176342727e-29,4.112088078382328e-28,0.5129589632829373,0.2736356648731745
Epidermis 2,xpo5,11.228917,1.4213107,2.9406127761177166e-29,4.534778189940968e-28,0.5172786177105831,0.2897770945426595
Epidermis 2,sufu,11.220291,1.6369004,3.242002643073605e-29,4.992501035604032e-28,0.46760259179265656,0.23981552651806304
Epidermis 2,ctdp1,11.216915,1.2553972,3.3681660923149916e-29,5.183127806798691e-28,0.5712742980561555,0.3697156033820138
Epidermis 2,c9,11.202205,2.1271322,3.977099499025018e-29,6.107268695863822e-28,0.4535637149028078,0.23136049192928518
Epidermis 2,cfdp1,11.200734,1.3420497,4.0436971572713914e-29,6.2051698782573155e-28,0.5421166306695464,0.32744043043812454
Epidermis 2,eif2s2,11.185857,1.0147191,4.78263723511922e-29,7.328787015978688e-28,0.6501079913606912,0.4558032282859339
Epidermis 2,syne1,11.172016,1.1757234,5.589757386973489e-29,8.553583165578436e-28,0.652267818574514,0.47809377401998465
Epidermis 2,kif21a,11.13143,1.0622475,8.820902967061075e-29,1.3441405282418975e-27,0.6544276457883369,0.47578785549577246
Epidermis 2,anp32b,11.127519,1.2839882,9.216573393926625e-29,1.4034532311854354e-27,0.550755939524838,0.3420445810914681
Epidermis 2,prdm1,11.124375,2.5925045,9.547177837103564e-29,1.451769808943811e-27,0.36609071274298055,0.10991544965411222
Epidermis 2,ddx54,11.120564,1.1549128,9.963945038214063e-29,1.5140894476244363e-27,0.5982721382289417,0.3950807071483474
Epidermis 2,e2f3,11.088838,1.0823909,1.4212207250669226e-28,2.1506558558727684e-27,0.6274298056155507,0.42813220599538815
Epidermis 2,sash1,11.0809145,1.388689,1.5527829875941569e-28,2.3481134838733263e-27,0.5475161987041036,0.34435049961568026
Epidermis 2,srsf1,11.072055,1.1058586,1.7142355060956052e-28,2.5904662727501524e-27,0.5907127429805615,0.39123750960799386
Epidermis 2,znf217,11.067374,1.4102265,1.8061446717475128e-28,2.7274659434050157e-27,0.5140388768898488,0.2851652574942352
Epidermis 2,pa2g4,11.061558,1.4304688,1.9272139152446394e-28,2.9082804180188985e-27,0.49676025917926564,0.25518831667947733
Epidermis 2,tbc1d4,11.052631,1.1811563,2.1288216835822186e-28,3.203656410858455e-27,0.5896328293736501,0.38124519600307455
Epidermis 2,eif3c,11.03431,1.2446063,2.6104544590321543e-28,3.923052806511063e-27,0.550755939524838,0.33435818601076095
Epidermis 2,gnaq,11.021373,1.6037427,3.0142712969534727e-28,4.5205782797815614e-27,0.4654427645788337,0.23366641045349731
Epidermis 2,ptpru,10.9742,2.2152903,5.085374704103392e-28,7.579778785398916e-27,0.39092872570194387,0.14373558800922367
Epidermis 2,taf2,10.964873,1.1017418,5.637965567716704e-28,8.391954069109563e-27,0.6101511879049676,0.41275941583397385
Epidermis 2,add3,10.960326,1.0468801,5.928523691407985e-28,8.818426412420834e-27,0.6306695464362851,0.43812451960030746
Epidermis 2,ranbp1,10.954944,1.6288033,6.2917430435651595e-28,9.352324588122298e-27,0.45788336933045354,0.22521137586471945
Epidermis 2,lsp1,10.943477,1.6322293,7.140795450984922e-28,1.0592746263490277e-26,0.4632829373650108,0.2282859338970023
Epidermis 2,rhbdd2,10.873605,1.3139039,1.5399440106891805e-27,2.2704809633276087e-26,0.5226781857451404,0.3051498847040738
Epidermis 2,znhit6,10.8146305,1.7740498,2.9347198312577254e-27,4.3123583459848364e-26,0.4330453563714903,0.19907763259031513
Epidermis 2,ablim1,10.798316,1.7933213,3.505738196147255e-27,5.1444998774801106e-26,0.42332613390928725,0.17755572636433511
Epidermis 2,me3,10.781098,1.4962989,4.228048816622991e-27,6.196121774850927e-26,0.48596112311015116,0.26287471176018445
Epidermis 2,yeats2,10.777421,1.0653389,4.400493839635039e-27,6.444508461387664e-26,0.6090712742980562,0.42275172943889316
Epidermis 2,hspa14,10.773844,1.6013263,4.574922687244421e-27,6.695465322492321e-26,0.45680345572354214,0.22367409684857803
Epidermis 2,cttnbp2nl,10.747567,2.185371,6.084557764328202e-27,8.875075867339953e-26,0.38228941684665224,0.14373558800922367
Epidermis 2,nrf1,10.7415495,1.1066991,6.494544165711685e-27,9.466763409485283e-26,0.6274298056155507,0.42121445042275174
Epidermis 2,spats2,10.729179,1.239084,7.42527116896775e-27,1.080178947853635e-25,0.5367170626349892,0.31053036126056877
Epidermis 2,ppm1g,10.728811,1.0497456,7.454877290944141e-27,1.08376334021114e-25,0.6166306695464363,0.4404304381245196
Epidermis 2,arhgap42,10.721724,2.069459,8.048887822440705e-27,1.1693394219272877e-25,0.3898488120950324,0.14681014604150652
Epidermis 2,esyt1,10.668801,1.0575293,1.4245178805625282e-26,2.0599340405404192e-25,0.6209503239740821,0.44427363566487316
Epidermis 2,plpp3,10.657401,1.2896829,1.6103414545203277e-26,2.327103369476031e-25,0.5550755939524838,0.3458877786318217
Epidermis 2,adcy7,10.629653,1.3933965,2.1691803592175736e-26,3.131657066324246e-25,0.4956803455723542,0.27286702536510377
Epidermis 2,ube2g1,10.62962,1.0420219,2.1699580607131935e-26,3.131657066324246e-25,0.6339092872570194,0.4657955418908532
Epidermis 2,ctr9,10.628851,1.1847134,2.1879216840027888e-26,3.155494981270645e-25,0.5572354211663066,0.3627978478093774
Epidermis 2,c11orf95,10.623869,2.021986,2.307919088874119e-26,3.324165177447007e-25,0.39200863930885527,0.15372790161414296
Epidermis 2,sp5,10.573087,3.1476073,3.9720267664425914e-26,5.713486886654172e-25,0.3120950323974082,0.05841660261337433
Epidermis 2,enah,10.562155,1.0718113,4.462996175753996e-26,6.415483501391828e-25,0.6274298056155507,0.4296694850115296
Epidermis 2,lmnb3,10.559948,1.8424002,4.569156285430519e-26,6.563762956180339e-25,0.4060475161987041,0.16986933128362797
Epidermis 2,bysl,10.552492,1.5245374,4.946707537500851e-26,7.096785350151616e-25,0.4524838012958963,0.22598001537279017
Epidermis 2,pde4a,10.547177,1.3326482,5.234632189519578e-26,7.5049217481936085e-25,0.6187904967602592,0.47578785549577246
Epidermis 2,syn1,10.5081625,2.593812,7.922237976886315e-26,1.132838498647682e-24,0.3369330453563715,0.08993082244427364
Epidermis 2,erbin,10.496461,1.0059347,8.967950880797134e-26,1.2815301648321824e-24,0.6349892008639308,0.44811683320522677
Epidermis 2,pex14,10.454204,1.3623624,1.4017189634399639e-25,1.9965345627430453e-24,0.4978401727861771,0.2836279784780938
Epidermis 2,cep250,10.451428,1.0053196,1.443347334529717e-25,2.0544867701743612e-24,0.6382289416846653,0.4550345887778632
Epidermis 2,LOC100498440,10.427525,1.5343963,1.8566178763154764e-25,2.6375819452526045e-24,0.4535637149028078,0.22905457340507301
Epidermis 2,LOC100488469,10.415824,2.310947,2.099721236053428e-25,2.9751959150598606e-24,0.3542116630669546,0.11145272867025365
Epidermis 2,elf2,10.412982,1.2837124,2.1633700621296303e-25,3.0614071417464758e-24,0.5129589632829373,0.29669485011529595
Epidermis 2,polr1b,10.38403,1.8505535,2.931336601701189e-25,4.134757335857896e-24,0.40280777537796975,0.1760184473481937
Epidermis 2,lmf1,10.357051,1.4670972,3.8876498217315526e-25,5.458970833977105e-24,0.4654427645788337,0.2528823981552652
Epidermis 2,atxn7l3,10.335354,1.151073,4.876111250255511e-25,6.829372502684564e-24,0.5518358531317494,0.3520368946963874
Epidermis 2,nepro,10.320677,1.6561332,5.682112185671424e-25,7.948036538688214e-24,0.4287257019438445,0.20906994619523445
Epidermis 2,vwa8,10.314793,1.6989849,6.041138341171161e-25,8.444822533164377e-24,0.42548596112311016,0.20292083013066872
Epidermis 2,serinc5,10.28875,1.160402,7.919810605188329e-25,1.1028601609177697e-23,0.5377969762419006,0.34050730207532665
Epidermis 2,hp1bp3,10.285841,1.133148,8.162627724535449e-25,1.135224344022231e-23,0.5496760259179265,0.34973097617217525
Epidermis 2,wdr59,10.280125,1.1462046,8.66158792325125e-25,1.2023187663693737e-23,0.562634989200864,0.3689469638739431
Epidermis 2,utp25,10.274641,1.64539,9.16847322298107e-25,1.2710626060906602e-23,0.43088552915766737,0.207532667179093
Epidermis 2,supt20h,10.265716,1.0751039,1.0057298439091495e-24,1.3933987888216857e-23,0.5734341252699784,0.372021521906226
Epidermis 2,cdca2,10.233554,1.0043775,1.4027520662132318e-24,1.9348579542881752e-23,0.6069114470842333,0.4242890084550346
Epidermis 2,LOC100495307,10.221385,3.3512633,1.590524445324366e-24,2.189705610184416e-23,0.3002159827213823,0.054573405073020755
Epidermis 2,syn2,10.195241,1.3025855,2.0822729763651067e-24,2.85948889976482e-23,0.5161987041036717,0.32820906994619525
Epidermis 2,pik3c2a,10.191831,1.1602901,2.1566342462441554e-24,2.957882833896525e-23,0.5399568034557235,0.3466564181398924
Epidermis 2,emilin1,10.190762,3.4131868,2.1805009331670527e-24,2.9868619499459045e-23,0.2958963282937365,0.05226748654880861
Epidermis 2,rsl1d1,10.188855,1.6556228,2.223663355403239e-24,3.044075161747433e-23,0.4200863930885529,0.19830899308224442
Epidermis 2,traf3,10.170368,1.2402682,2.6889123476623755e-24,3.678668108986878e-23,0.5205183585313174,0.3259031514219831
Epidermis 2,carm1,10.161742,1.3607625,2.9377844674084178e-24,4.014113642036261e-23,0.4773218142548596,0.2690238278247502
Epidermis 2,sdad1,10.139176,1.3229047,3.7020889246853396e-24,5.048955151597424e-23,0.4924406047516199,0.2828593389700231
Epidermis 2,brip1,10.129782,1.7251039,4.0755816733151655e-24,5.547926867960713e-23,0.42548596112311016,0.20599538816295157
Epidermis 2,med15,10.106748,1.5024275,5.156800657411206e-24,6.993570363292102e-23,0.4514038876889849,0.24596464258262873
Epidermis 2,mn1,10.085117,1.6443449,6.428859065234592e-24,8.69170592704362e-23,0.43952483801295894,0.23674096848578016
Epidermis 2,smo,10.084214,1.1530404,6.4882179144438455e-24,8.766526508425953e-23,0.5399568034557235,0.3328209069946195
Epidermis 2,ptgs1,10.08037,2.8218477,6.747182087949333e-24,9.11078343695188e-23,0.31965442764578833,0.08224442736356649
Epidermis 2,frem1,10.069705,2.8711545,7.52033783441096e-24,1.0135966144822827e-22,0.33369330453563717,0.10684089162182936
Epidermis 2,mcm7,10.064757,1.116022,7.90823729442473e-24,1.064562899454917e-22,0.5604751619870411,0.372021521906226
Epidermis 2,hdac9,10.064389,1.8141623,7.937846365496587e-24,1.067889923190512e-22,0.4017278617710583,0.17832436587240585
Epidermis 2,cct2,10.0413885,1.4074794,1.0025317400880966e-23,1.3466868725936568e-22,0.46004319654427644,0.24596464258262873
Epidermis 2,dis3,10.04092,1.4571075,1.0073004956440131e-23,1.351802221122264e-22,0.45464362850971923,0.24135280553420446
Epidermis 2,lsm4,10.037008,1.5581946,1.0480421163029384e-23,1.4056132157250413e-22,0.43628509719222464,0.21445042275172943
Epidermis 2,prmt3,10.026778,1.3114669,1.1624752680226567e-23,1.5581310088158718e-22,0.49136069114470843,0.2997694081475788
Epidermis 2,svil,10.022901,1.1616422,1.209017721396727e-23,1.6195196868384272e-22,0.5496760259179265,0.3412759415833974
Epidermis 2,znf384,10.020092,1.060516,1.24386834359996e-23,1.6651810506561182e-22,0.5745140388768899,0.3873943120676403
Epidermis 2,mettl14,9.997626,1.2573044,1.560940198362634e-23,2.0832584751358435e-22,0.5064794816414687,0.30822444273635663
Epidermis 2,sumo2,9.979339,1.6301513,1.877132089967269e-23,2.5006654050778864e-22,0.4114470842332613,0.18754803996925443
Epidermis 2,fam120c,9.965398,1.0792214,2.160071692136601e-23,2.8723293354121126e-22,0.5647948164146869,0.37586471944657956
Epidermis 2,tmem72,9.96503,1.674265,2.1680806975837323e-23,2.8812234410459576e-22,0.4449244060475162,0.24289008455034589
Epidermis 2,resf1,9.957708,1.1991496,2.33379533272241e-23,3.0995586095761235e-22,0.5161987041036717,0.32820906994619525
Epidermis 2,tada2a,9.953362,1.6541543,2.4380340664836657e-23,3.2360304966386905e-22,0.4168466522678186,0.2013835511145273
Epidermis 2,elavl3,9.945205,1.8481696,2.6462825144907252e-23,3.5103058205897944e-22,0.4265658747300216,0.22982321291314373
Epidermis 2,lats2,9.9418955,1.3359326,2.7357150602312756e-23,3.6245317746998583e-22,0.48488120950323976,0.28670253651037664
Epidermis 2,rcc2,9.91622,1.8630114,3.5390665155766577e-23,4.680361844630197e-22,0.37904967602591794,0.15910837817063797
Epidermis 2,fam122b,9.909367,1.2721676,3.790425761212645e-23,5.0097444297650595e-22,0.4978401727861771,0.29438893159108376
Epidermis 2,papss1,9.886566,1.1486785,4.76079709504545e-23,6.28465537876508e-22,0.5291576673866091,0.3305149884704074
Epidermis 2,dus3l,9.885396,1.7959727,4.8167472533929166e-23,6.354670000984694e-22,0.3855291576673866,0.1652574942352037
Epidermis 2,stx6,9.842102,1.4476663,7.414549614268459e-23,9.728976977327241e-22,0.44600431965442766,0.24289008455034589
Epidermis 2,zdhhc17,9.83839,1.0813603,7.69315002407299e-23,1.0082416016534336e-21,0.5561555075593952,0.3674096848578017
Epidermis 2,abcf1,9.834513,1.3363395,7.995376051466556e-23,1.046593286257059e-21,0.48056155507559395,0.2859338970023059
Epidermis 2,rbm19,9.794863,1.5183909,1.184583275387066e-22,1.5450562852493227e-21,0.43088552915766737,0.22444273635664874
Epidermis 2,hmgn2,9.793759,1.027908,1.197584964726728e-22,1.5601493441971304e-21,0.5755939524838013,0.3835511145272867
Epidermis 2,rpl18a,9.791486,1.0354832,1.2248234098003507e-22,1.5946820778790844e-21,0.5615550755939525,0.382782475019216
Epidermis 2,wdr46,9.789614,1.5469984,1.2477148370020417e-22,1.6235173201086197e-21,0.4200863930885529,0.20676402767102228
Epidermis 2,cct6a,9.786505,1.6089721,1.2866702013914188e-22,1.6732080133827265e-21,0.40928725701943847,0.19369715603382015
Epidermis 2,smarcd1,9.774971,1.0245019,1.4419897877360946e-22,1.874071420976136e-21,0.5680345572354212,0.3996925441967717
Epidermis 2,ttc33,9.770725,1.6743232,1.503722356648179e-22,1.9519765344687633e-21,0.4060475161987041,0.19523443504996157
Epidermis 2,fam172a,9.760462,1.0130879,1.6639648272703798e-22,2.1574198749772408e-21,0.5842332613390929,0.41199077632590314
Epidermis 2,ppp5c,9.759492,1.3524809,1.6799483556051247e-22,2.176849944635358e-21,0.46436285097192226,0.2598001537279016
Epidermis 2,uba2,9.754945,1.0612612,1.7569564533620532e-22,2.2712409223230665e-21,0.5475161987041036,0.3474250576479631
Epidermis 2,rcor2,9.7414055,1.7043699,2.00758605451929e-22,2.5921618518145222e-21,0.4017278617710583,0.19369715603382015
Epidermis 2,sass6,9.723453,2.0900037,2.3951967558400404e-22,3.085335797472581e-21,0.3390928725701944,0.10684089162182936
Epidermis 2,lyar,9.697008,1.3065631,3.1046966600757217e-22,3.994551050678792e-21,0.47516198704103674,0.27132974634896234
Epidermis 2,ccnb3,9.6842375,1.3164973,3.5182559064240505e-22,4.510685201767286e-21,0.47840172786177104,0.28670253651037664
Epidermis 2,ddx43,9.672636,1.4369252,3.940932634060177e-22,5.037790920200769e-21,0.43952483801295894,0.22521137586471945
Epidermis 2,xpr1,9.670196,1.2232686,4.036055566910228e-22,5.156368180652699e-21,0.5010799136069114,0.29669485011529595
Epidermis 2,gle1,9.667354,1.295665,4.1496812778874717e-22,5.29223817444667e-21,0.46976241900647947,0.2682551883166795
Epidermis 2,armh3,9.657325,1.2697892,4.576603024119335e-22,5.833297581151169e-21,0.48596112311015116,0.2897770945426595
Epidermis 2,dlc1,9.641679,1.3370059,5.330910039493123e-22,6.790764038049003e-21,0.46760259179265656,0.2590315142198309
Epidermis 2,mical3,9.608614,1.1163485,7.353176339495952e-22,9.345000635069375e-21,0.5323974082073434,0.34973097617217525
Epidermis 2,bard1,9.604569,1.3372549,7.647706235971943e-22,9.713655283768555e-21,0.4816414686825054,0.28747117601844735
Epidermis 2,styx,9.603868,1.5780399,7.699998682648051e-22,9.774384598840205e-21,0.4103671706263499,0.1975403535741737
Epidermis 2,ncapg,9.571071,1.576254,1.0580428933780287e-21,1.3368589447829741e-20,0.41576673866090713,0.2121445042275173
Epidermis 2,cpsf3,9.570067,1.2923069,1.0683573895315832e-21,1.3491103354727243e-20,0.4708423326133909,0.27824750192159875
Epidermis 2,mrps28,9.569867,1.6597952,1.070432195942549e-21,1.3509485799689046e-20,0.3941684665226782,0.17986164488854728
Epidermis 2,kcnq1,9.565989,1.6052583,1.1113378976537783e-21,1.4009534526113864e-20,0.4373650107991361,0.2436587240584166
Epidermis 2,uspl1,9.514738,1.4375854,1.8217112260482943e-21,2.285886179620462e-20,0.4330453563714903,0.2382782475019216
Epidermis 2,sap30bp,9.488729,1.026537,2.3386998789260825e-21,2.927869768103617e-20,0.5604751619870411,0.3766333589546503
Epidermis 2,ivns1abp,9.474453,1.1775292,2.6816224635647224e-21,3.355257097330608e-20,0.5107991360691144,0.31206764027671025
Epidermis 2,tmtc2,9.472781,1.4901965,2.724897185747069e-21,3.407448795999243e-20,0.44600431965442766,0.2536510376633359
Epidermis 2,ptdss2,9.450817,1.7006775,3.3619730265522142e-21,4.196888639153082e-20,0.38444924406047515,0.17755572636433511
Epidermis 2,ptk2,9.422901,1.6314995,4.38793080117985e-21,5.465127740442095e-20,0.39956803455723544,0.19369715603382015
Epidermis 2,kiaa1328,9.415613,1.3253495,4.7032964793953824e-21,5.851233322513491e-20,0.45788336933045354,0.25749423520368947
Epidermis 2,arhgap19,9.410331,1.2347968,4.9457772390745246e-21,6.149390605917106e-20,0.4816414686825054,0.3013066871637202
Epidermis 2,tfdp2,9.409529,1.3789294,4.9836758328793946e-21,6.192983505083216e-20,0.4449244060475162,0.2521137586471945
Epidermis 2,ccdc88a,9.408692,1.6693393,5.02345897780829e-21,6.238867293953028e-20,0.40280777537796975,0.20445810914681015
Epidermis 2,mrto4,9.398964,1.6778344,5.510291407663223e-21,6.83570601515743e-20,0.3779697624190065,0.1614142966948501
Epidermis 2,ncoa6,9.397427,1.2468338,5.591405779963476e-21,6.932390086624035e-20,0.47516198704103674,0.2828593389700231
Epidermis 2,arhgef28,9.390472,1.1866244,5.9731757079576266e-21,7.401514317055273e-20,0.5961123110151187,0.4827056110684089
Epidermis 2,mtmr10,9.38733,1.4383868,6.1540576647394215e-21,7.612680969516946e-20,0.43088552915766737,0.22674865488086088
Epidermis 2,tdp1,9.377,1.2767997,6.787689317368195e-21,8.391737597410278e-20,0.47300215982721383,0.28747117601844735
Epidermis 2,rela,9.368407,1.0353069,7.363514659946473e-21,9.098485469688108e-20,0.5529157667386609,0.36587240584166025
Epidermis 2,LOC101731820,9.358946,1.4039004,8.053585289873087e-21,9.934272730939549e-20,0.4319654427645788,0.22982321291314373
Epidermis 2,gemin5,9.355135,1.2583377,8.349299010674722e-21,1.0293223373555543e-19,0.46976241900647947,0.2674865488086088
Epidermis 2,pik3c3,9.336647,1.2599066,9.943283897434952e-21,1.225140586820599e-19,0.4816414686825054,0.2982321291314374
Epidermis 2,abcc5,9.329326,1.7483071,1.0654652856977273e-20,1.3105703494481458e-19,0.3801295896328294,0.17371252882398155
Epidermis 2,setdb1,9.310804,1.1798486,1.2686763483314647e-20,1.5552689099404995e-19,0.4870410367170626,0.2990007686395081
Epidermis 2,rbm28,9.281218,1.2270892,1.6755291316051996e-20,2.0505732574737555e-19,0.4762419006479482,0.2828593389700231
Epidermis 2,fto,9.280582,1.1711575,1.685548799047579e-20,2.0616793914807857e-19,0.4978401727861771,0.3059185242121445
Epidermis 2,rpe,9.2657385,1.0236018,1.9373181209590942e-20,2.3643299058975614e-19,0.5453563714902808,0.3781706379707917
Epidermis 2,LOC101733356,9.261827,1.0272803,2.0096346417954436e-20,2.4512150653224357e-19,0.562634989200864,0.39584934665641813
Epidermis 2,hsf2.2,9.260056,1.9557296,2.0432656475965524e-20,2.4908435584471715e-19,0.34557235421166305,0.13835511145272866
Epidermis 2,mipol1,9.252333,1.4097993,2.1964629748135455e-20,2.676103772942846e-19,0.42764578833693306,0.23136049192928518
Epidermis 2,mmp3,9.227827,1.803277,2.761776272999335e-20,3.353629385259794e-19,0.37041036717062636,0.16295157571099156
Epidermis 2,ehd1,9.220773,1.0775765,2.949662841216714e-20,3.5797882568514976e-19,0.5302375809935205,0.35588009223674094
Epidermis 2,gtf2f1,9.205862,1.2101694,3.389386197846005e-20,4.1043172154937665e-19,0.47300215982721383,0.28747117601844735
Epidermis 2,spout1,9.202887,1.7268445,3.484594939112528e-20,4.21726822886159e-19,0.36609071274298055,0.15833973866256726
Epidermis 2,ppip5k2,9.189046,1.0488286,3.9633998247970435e-20,4.783481613766387e-19,0.5431965442764579,0.3674096848578017
Epidermis 2,blmh,9.168319,1.0456809,4.804545754798495e-20,5.792264801959004e-19,0.5367170626349892,0.36587240584166025
Epidermis 2,lbr,9.1380625,1.2555231,6.358101175946918e-20,7.656739832248218e-19,0.458963282937365,0.2751729438893159
Epidermis 2,rabgap1,9.107472,1.0710615,8.432325539452767e-20,1.0137838875834648e-18,0.5248380129589633,0.35049961568024596
Epidermis 2,fbxl19,9.096674,1.3616225,9.314014539769167e-20,1.11855317155918e-18,0.4287257019438445,0.23981552651806304
Epidermis 2,rad18,9.093398,1.0915896,9.599109821440305e-20,1.1515237790744853e-18,0.5280777537796977,0.36510376633358954
Epidermis 2,urb1,9.079056,1.6490549,1.0952079224733422e-19,1.310226539270329e-18,0.37365010799136067,0.1706379707916987
Epidermis 2,tbl3,9.078688,1.8969659,1.0989141472930426e-19,1.3139400333195332e-18,0.34557235421166305,0.14066102997694083
Epidermis 2,ncaph,9.074509,1.033614,1.1419110445154351e-19,1.364602459056479e-18,0.5345572354211663,0.36587240584166025
Epidermis 2,rpl13a,9.053715,1.1498113,1.3818575857078337e-19,1.6477330261054995e-18,0.490280777537797,0.3066871637202152
Epidermis 2,septin11,9.03974,1.0633974,1.570447969935646e-19,1.8695441981432476e-18,0.5377969762419006,0.3543428132205995
Epidermis 2,zbtb16,9.030513,1.1767443,1.7086901694255894e-19,2.0330058989659644e-18,0.5863930885529157,0.46041506533435816
Epidermis 2,ralgds,9.024195,1.154812,1.8102248031461529e-19,2.152638443021918e-18,0.5064794816414687,0.3366641045349731
Epidermis 2,ulk4,9.02152,1.3311007,1.8549774973020154e-19,2.2022559286521916e-18,0.48272138228941686,0.3166794773251345
Epidermis 2,cspp1,9.007311,1.0455073,2.1117001091969296e-19,2.500239179749658e-18,0.5323974082073434,0.3704842428900845
Epidermis 2,stmn1,8.999054,2.3683257,2.2767163937155477e-19,2.691236642863866e-18,0.2991360691144708,0.08455034588777863
Epidermis 2,gtpbp4,8.99337,1.272492,2.397628867782125e-19,2.8326291025378314e-18,0.44600431965442766,0.25518831667947733
Epidermis 2,nfia,8.980265,1.0542526,2.7011534554148427e-19,3.1843257455757578e-18,0.5464362850971922,0.38970023059185244
Epidermis 2,espl1,8.973846,1.449901,2.863371975585657e-19,3.3700992383632484e-18,0.4168466522678186,0.2229054573405073
Epidermis 2,hdac4,8.963315,1.7258708,3.150605662317326e-19,3.704168435206162e-18,0.35853131749460043,0.15219062259800153
Epidermis 2,MGC145244,8.951781,1.0956324,3.4979181085779816e-19,4.110289232486814e-18,0.5021598272138229,0.3259031514219831
Epidermis 2,grsf1,8.9501095,1.3788,3.5512959780820555e-19,4.1707658524073485e-18,0.4244060475161987,0.23750960799385087
Epidermis 2,irf6,8.949608,1.1128511,3.567465691278443e-19,4.1875023587620714e-18,0.5,0.3228285933897002
Epidermis 2,mtr,8.933828,1.2358005,4.1151566761578866e-19,4.827786765077486e-18,0.4535637149028078,0.26594926979246736
Epidermis 2,mdk,8.931488,1.7404243,4.2031620060293715e-19,4.9283824897134294e-18,0.35853131749460043,0.15833973866256726
Epidermis 2,exd2,8.928279,1.4924362,4.326885468892773e-19,5.070728668996198e-18,0.39956803455723544,0.2013835511145273
Epidermis 2,apbb2,8.911262,2.0078795,5.045496567840773e-19,5.900202604868891e-18,0.3466522678185745,0.14681014604150652
Epidermis 2,e2f4,8.905177,1.1916403,5.330076657674663e-19,6.22965199502511e-18,0.468682505399568,0.2843966179861645
Epidermis 2,phax,8.901299,1.2023276,5.51967138224622e-19,6.44779171477488e-18,0.46436285097192226,0.28209069946195237
Epidermis 2,lrrcc1,8.8736515,1.3572458,7.078601272419981e-19,8.255593712745933e-18,0.41252699784017277,0.21445042275172943
Epidermis 2,rps3,8.872715,1.1420517,7.138376611738457e-19,8.320860899826115e-18,0.4838012958963283,0.31360491929285167
Epidermis 2,gabpb2,8.871478,1.6594319,7.218130788232389e-19,8.409334326215642e-18,0.36393088552915764,0.15987701767870868
Epidermis 2,ust,8.827449,1.310767,1.0709059460141427e-18,1.2396943579827379e-17,0.4762419006479482,0.31283627978478096
Epidermis 2,LOC733735,8.816851,1.7845932,1.1772404461831224e-18,1.3599027938677562e-17,0.34557235421166305,0.1445042275172944
Epidermis 2,znf532,8.800135,1.3896557,1.366518619255455e-18,1.575214093543227e-17,0.42116630669546434,0.23981552651806304
Epidermis 2,uba1,8.782383,1.0719312,1.600476058234997e-18,1.8419824929718286e-17,0.4946004319654428,0.3320522674865488
Epidermis 2,rrp9,8.764397,1.6123772,1.8778015125194542e-18,2.1554711627925836e-17,0.367170626349892,0.16986933128362797
Epidermis 2,cyp26a1,8.729193,1.514346,2.564968738398511e-18,2.938067340713591e-17,0.39092872570194387,0.19369715603382015
Epidermis 2,elavl1,8.700341,1.0533392,3.3088802916169874e-18,3.7842283460887986e-17,0.4978401727861771,0.3320522674865488
Epidermis 2,eif3m,8.684862,1.3625866,3.792017162761805e-18,4.3276990851791505e-17,0.40712742980561556,0.2175249807840123
Epidermis 2,zc3h12c,8.67948,2.63214,3.975833735939636e-18,4.5351107136402925e-17,0.2818574514038877,0.07532667179093006
Epidermis 2,rassf1,8.678243,2.2227328,4.019304870351537e-18,4.582301545242471e-17,0.3045356371490281,0.10069177555726365
Epidermis 2,trim36,8.653737,1.1565815,4.9839865739412456e-18,5.664352657811037e-17,0.4632829373650108,0.28823981552651806
Epidermis 2,ralgps2,8.651397,1.0014544,5.0872768647225624e-18,5.778733392249404e-17,0.5518358531317494,0.393543428132206
Epidermis 2,pik3r2,8.648589,1.075275,5.21401751072719e-18,5.913465493845011e-17,0.48812095032397407,0.31744811683320523
Epidermis 2,tpm4,8.6475525,1.6924098,5.2615740135978275e-18,5.964301638998347e-17,0.36069114470842334,0.1660261337432744
Epidermis 2,nmd3,8.635082,1.5358362,5.868473494626303e-18,6.641906645551897e-17,0.37041036717062636,0.17755572636433511
Epidermis 2,ppat,8.6299,1.5609484,6.140539298660672e-18,6.939032006011109e-17,0.3714902807775378,0.18370484242890084
Epidermis 2,kiaa0586,8.619603,1.258468,6.718636089206698e-18,7.588372572597275e-17,0.4427645788336933,0.26671790930053807
Epidermis 2,ssb,8.613619,1.4151543,7.078955249810747e-18,7.991199301920347e-17,0.39956803455723544,0.21445042275172943
Epidermis 2,polr2e,8.610845,1.533524,7.252439450276382e-18,8.182806682754962e-17,0.3779697624190065,0.18985395849346656
Epidermis 2,ubl5,8.610643,1.3023411,7.265141882085959e-18,8.19290237772598e-17,0.4168466522678186,0.2282859338970023
Epidermis 2,ruvbl1,8.607702,1.088397,7.453986736517876e-18,8.401520897601063e-17,0.48488120950323976,0.31360491929285167
Epidermis 2,sema4a,8.606999,1.8485295,7.499763245891396e-18,8.448752389705532e-17,0.32721382289416845,0.12759415833973867
Epidermis 2,cfl1,8.596636,1.0528145,8.208691843978167e-18,9.237847587800287e-17,0.4870410367170626,0.3220599538816295
Epidermis 2,xrcc1,8.563806,1.4877098,1.0920160039139301e-17,1.2251352813062142e-16,0.37688984881209503,0.186010760953113
Epidermis 2,edrf1,8.550133,1.295896,1.2294746181777479e-17,1.376519530182485e-16,0.41576673866090713,0.23136049192928518
Epidermis 2,pdlim1,8.5368595,1.270353,1.3791856500049447e-17,1.5401847527511718e-16,0.4427645788336933,0.2767102229054573
Epidermis 2,ppan,8.531343,1.1747464,1.4465755452457555e-17,1.6129649960555763e-16,0.4470842332613391,0.27209838585703305
Epidermis 2,crcp,8.513725,1.7619498,1.684329347661778e-17,1.8742351195985548e-16,0.33369330453563717,0.13758647194465795
Epidermis 2,capn2,8.501757,2.7685788,1.867430157786417e-17,2.0769211759968097e-16,0.265658747300216,0.061491160645657184
Epidermis 2,snrpa1,8.494569,1.2323054,1.986690889292463e-17,2.208435144944006e-16,0.4265658747300216,0.24750192159877019
Epidermis 2,nup107,8.490156,1.1565061,2.063602464057545e-17,2.2915964055063455e-16,0.458963282937365,0.2836279784780938
Epidermis 2,kif7,8.487414,1.0623841,2.1128525292371633e-17,2.3450943560775253e-16,0.48488120950323976,0.31898539584934665
Epidermis 2,mfap2,8.486177,2.035222,2.1354531064311245e-17,2.367770438792356e-16,0.31101511879049676,0.11529592621060722
Epidermis 2,ago1,8.465651,1.7293972,2.547272828579189e-17,2.814381792021594e-16,0.3369330453563715,0.14219830899308225
Epidermis 2,megf8,8.463879,1.3158022,2.586293377960323e-17,2.853160151692225e-16,0.40496760259179265,0.2175249807840123
Epidermis 2,wdr12,8.457092,1.4062351,2.7412805683886484e-17,3.0210850142832676e-16,0.3930885529157667,0.20983858570330516
Epidermis 2,znf219,8.4551525,1.5536362,2.787221539602931e-17,3.0701646247186045e-16,0.37041036717062636,0.18677940046118371
Epidermis 2,shq1,8.440008,1.4262804,3.173153782225782e-17,3.489989348888548e-16,0.38876889848812096,0.20522674865488086
Epidermis 2,LOC105947324,8.405406,2.087997,4.26382625561459e-17,4.670730558421986e-16,0.2980561555075594,0.10069177555726365
Epidermis 2,eed,8.40437,1.2536991,4.301645694027651e-17,4.70979481632601e-16,0.4168466522678186,0.2282859338970023
Epidermis 2,ext1,8.400625,1.0253145,4.441061426459848e-17,4.860000069547661e-16,0.5053995680345572,0.3520368946963874
Epidermis 2,ifrd1,8.386216,1.518571,5.0203817271423027e-17,5.482970453852461e-16,0.3758099352051836,0.19830899308224442
Epidermis 2,foxp4,8.364486,1.6264755,6.03775951540915e-17,6.584205416578864e-16,0.3596112311015119,0.17832436587240585
Epidermis 2,tmem266,8.32303,1.130682,8.574231821471857e-17,9.285276058379028e-16,0.45680345572354214,0.2851652574942352
Epidermis 2,rps12,8.319755,1.2194476,8.814586965707818e-17,9.540828481086821e-16,0.4222462203023758,0.2436587240584166
Epidermis 2,tmc6,8.297255,1.1636055,1.0654478599493491e-16,1.1515174716173722e-15,0.44600431965442766,0.27286702536510377
Epidermis 2,nedd9,8.294179,2.331432,1.0933771705529433e-16,1.1811179821106819e-15,0.28833693304535635,0.09531129900076864
Epidermis 2,pkdcc.1,8.290335,1.4441929,1.1293057826596011e-16,1.2187231198523815e-15,0.3779697624190065,0.196771714066103
Epidermis 2,skida1,8.289833,3.3501003,1.1340771277469117e-16,1.2232672765479665e-15,0.24298056155507558,0.043812451960030745
Epidermis 2,LOC100488540,8.288295,4.195534,1.1488335445244935e-16,1.2385719750528148e-15,0.22354211663066956,0.0207532667179093
Epidermis 2,xxylt1,8.287493,1.638443,1.1566075383556037e-16,1.2457222652743154e-15,0.3531317494600432,0.16756341275941583
Epidermis 2,suv39h2,8.282478,1.0382191,1.2063836993703134e-16,1.298692585296478e-15,0.4773218142548596,0.31283627978478096
Epidermis 2,znf827,8.280238,1.3951606,1.2292939092673818e-16,1.3224225923844297e-15,0.39200863930885527,0.21368178324365872
Epidermis 2,eda,8.280205,1.2964802,1.2296390815947977e-16,1.3224225923844297e-15,0.4136069114470842,0.24596464258262873
Epidermis 2,araf,8.279368,1.2048268,1.2382995160950057e-16,1.3310804798378875e-15,0.42332613390928725,0.24289008455034589
Epidermis 2,efr3a,8.278098,1.0729547,1.2515786867348312e-16,1.344692197106881e-15,0.47516198704103674,0.30976172175249805
Epidermis 2,phf21a,8.272482,1.196286,1.3119890273110234e-16,1.4075178252189697e-15,0.4373650107991361,0.27056110684089163
Epidermis 2,emx1,8.257939,4.390156,1.4820927064715699e-16,1.588445233198238e-15,0.22354211663066956,0.021521906225980016
Epidermis 2,LOC100486773,8.251687,1.5275222,1.5617368504079124e-16,1.6713418250490957e-15,0.36069114470842334,0.17832436587240585
Epidermis 2,racgap1,8.230023,1.03092,1.8717673041421377e-16,2.002148742337529e-15,0.48056155507559395,0.3312836279784781
Epidermis 2,ddx18,8.227984,1.1621889,1.9039025636160326e-16,2.0335319550007563e-15,0.4352051835853132,0.26133743274404303
Epidermis 2,rnf20,8.225911,1.2028389,1.9371218922074145e-16,2.0669895750541803e-15,0.4330453563714903,0.2582628747117602
Epidermis 2,rps10,8.220696,1.3210315,2.0232546606632247e-16,2.157841639801184e-15,0.39200863930885527,0.207532667179093
Epidermis 2,sfi1,8.2178545,1.1005223,2.0717637759729717e-16,2.208498160991999e-15,0.4557235421166307,0.2920830130668716
Epidermis 2,LOC100486894,8.217119,1.6547627,2.084504728379407e-16,2.2209950038069845e-15,0.34233261339092874,0.1606456571867794
Epidermis 2,pxn,8.2105665,1.3744261,2.2014784590800933e-16,2.344483233557185e-15,0.38120950323974084,0.2013835511145273
Epidermis 2,exosc5,8.206254,1.407734,2.2819728812028127e-16,2.4290209873525157e-15,0.38228941684665224,0.20599538816295157
Epidermis 2,pcdh18,8.205752,2.448,2.2915189591551754e-16,2.4379929404059035e-15,0.2678185745140389,0.06994619523443504
Epidermis 2,mbd3,8.185292,1.5319322,2.7164455979281183e-16,2.885859756202019e-15,0.3563714902807775,0.1760184473481937
Epidermis 2,bmpr1b,8.172187,1.3896208,3.0284964492669485e-16,3.20488947718012e-15,0.4265658747300216,0.2682551883166795
Epidermis 2,cd151,8.162324,2.8485014,3.286386034905267e-16,3.474429731960651e-15,0.24946004319654427,0.053036126056879324
Epidermis 2,atp13a3,8.155437,1.5320947,3.4791870179458296e-16,3.67292404057068e-15,0.36285097192224625,0.180630284396618
Epidermis 2,gart,8.141931,1.7639787,3.8902334466531284e-16,4.098927283409846e-15,0.3250539956803456,0.13912375096079937
Epidermis 2,kif13a,8.125783,1.1799994,4.444823444948438e-16,4.678750235997099e-15,0.42332613390928725,0.2444273635664873
Epidermis 2,kiz,8.120167,1.1995265,4.65543336327563e-16,4.898081553521578e-15,0.42332613390928725,0.2490392006149116
Epidermis 2,c15orf41,8.108365,1.8113985,5.130524855858525e-16,5.390138800177605e-15,0.3228941684665227,0.13835511145272866
Epidermis 2,ddx42,8.092217,1.0989434,5.858798248721792e-16,6.1463863742960686e-15,0.4449244060475162,0.27901614142966946
Epidermis 2,eya1,8.086434,1.4352483,6.143688461810747e-16,6.4421636677161134e-15,0.47516198704103674,0.34435049961568026
Epidermis 2,cttnbp2,8.072059,1.0420892,6.912271028102904e-16,7.234180628500406e-15,0.5107991360691144,0.3543428132205995
Epidermis 2,rbbp7,8.062865,1.521448,7.452691843784057e-16,7.79229462018265e-15,0.357451403887689,0.1760184473481937
Epidermis 2,cecr2,8.05902,1.2954681,7.690840461854295e-16,8.033596444141817e-15,0.3952483801295896,0.22136817832436587
Epidermis 2,prc1.2,8.053671,1.2522063,8.034694712850624e-16,8.384747648451146e-15,0.4168466522678186,0.2513451191391238
Epidermis 2,znf44,8.030402,1.1126733,9.715330851962618e-16,1.0128917081733218e-14,0.5043196544276458,0.36510376633358954
Epidermis 2,rpl11,8.014289,1.015025,1.1077639010636493e-15,1.1543703956594981e-14,0.4708423326133909,0.31744811683320523
Epidermis 2,eea1,8.010745,1.0411656,1.140158640595267e-15,1.1869943557456738e-14,0.4740820734341253,0.31975403535741737
Epidermis 2,ube2e2,7.998676,1.0219724,1.257642662030599e-15,1.3068105013414143e-14,0.49676025917926564,0.34050730207532665
Epidermis 2,cdca7,7.994831,1.3152026,1.2975145830964863e-15,1.3460432149527065e-14,0.3833693304535637,0.20292083013066872
Epidermis 2,eif4h,7.984735,1.0453957,1.4082465475541395e-15,1.4584408122533876e-14,0.4557235421166307,0.29515757109915447
Epidermis 2,lsg1,7.9737024,1.2823247,1.5399010107344572e-15,1.592520377025431e-14,0.3898488120950324,0.2167563412759416
Epidermis 2,patz1,7.973335,1.2710825,1.5444921681097684e-15,1.5965117764245977e-14,0.38876889848812096,0.21521906225980014
Epidermis 2,ciz1,7.9561505,1.1962065,1.7747416884727034e-15,1.8275902965626643e-14,0.4146868250539957,0.24596464258262873
Epidermis 2,rsu1,7.950668,2.226973,1.8550858730807893e-15,1.9076262411166777e-14,0.28077753779697623,0.09607993850883935
Epidermis 2,trap1,7.949364,1.6601995,1.8747132244781463e-15,1.926901425875536e-14,0.3304535637149028,0.1491160645657187
Epidermis 2,snx7,7.946957,2.9702468,1.9114871252125183e-15,1.96284990867117e-14,0.23974082073434125,0.04765564950038432
Epidermis 2,tle5,7.945553,1.3050811,1.9332656904012276e-15,1.9842798979419185e-14,0.4006479481641469,0.24058416602613375
Epidermis 2,tmem123,7.9443827,1.6442721,1.951601025706976e-15,2.002157309917815e-14,0.3347732181425486,0.15680245964642583
Epidermis 2,dact1,7.92994,1.2561016,2.1925133946166574e-15,2.246142478118783e-14,0.4114470842332613,0.2490392006149116
Epidermis 2,ptpra,7.925427,1.176645,2.2736373942312177e-15,2.3259747575958462e-14,0.4222462203023758,0.25518831667947733
Epidermis 2,smarcc2,7.9135585,1.5113056,2.501338056889323e-15,2.5541271754507217e-14,0.34773218142548595,0.17217524980784013
Epidermis 2,ubr7,7.905502,1.1637671,2.668567184983452e-15,2.7223377533204257e-14,0.4319654427645788,0.2674865488086088
Epidermis 2,zfp160,7.901891,1.0439703,2.747035269102653e-15,2.801077411546215e-14,0.4794816414686825,0.3228285933897002
Epidermis 2,uck2,7.869663,1.1655499,3.55598280908956e-15,3.6073966005180516e-14,0.42332613390928725,0.26210607225211374
Epidermis 2,LOC105945436,7.862007,1.3348175,3.780269830134636e-15,3.82425906181585e-14,0.38120950323974084,0.20983858570330516
Epidermis 2,sav1,7.8552537,1.5512166,3.9896356017064496e-15,4.0285903963367165e-14,0.33153347732181426,0.1506533435818601
Epidermis 2,rps27a,7.854652,1.0516276,4.0088366644258825e-15,4.046106607513283e-14,0.4406047516198704,0.2744043043812452
Epidermis 2,wdr3,7.8543844,1.5309609,4.017399645987445e-15,4.0528746035641257e-14,0.3412526997840173,0.16448885472713298
Epidermis 2,arhgap36,7.8497043,1.5333401,4.1702001411873514e-15,4.201197473723416e-14,0.35205183585313177,0.18370484242890084
Epidermis 2,nufip1,7.843352,1.4765748,4.386758429698749e-15,4.413252913529571e-14,0.34989200863930886,0.17524980784012298
Epidermis 2,rbbp4,7.8385377,1.2938446,4.558226644181578e-15,4.5836434839947564e-14,0.398488120950324,0.23059185242121444
Epidermis 2,plekhg1,7.7975173,1.1692756,6.3137054219831685e-15,6.325590726037407e-14,0.42548596112311016,0.27209838585703305
Epidermis 2,eif3i,7.796347,1.06003,6.372497766960315e-15,6.381563734412163e-14,0.4406047516198704,0.27747886241352804
Epidermis 2,ctnnbl1,7.789226,1.107517,6.742087072698538e-15,6.742396059273822e-14,0.43088552915766737,0.26671790930053807
Epidermis 2,utp14a,7.779832,1.0981568,7.262105257532644e-15,7.255787491969771e-14,0.43628509719222464,0.2744043043812452
Epidermis 2,nlrc4,7.7751513,1.7069434,7.53572644214423e-15,7.525724791488753e-14,0.31101511879049676,0.13143735588009223
Epidermis 2,anos1,7.775051,2.2624462,7.54169943680844e-15,7.528244437813219e-14,0.29265658747300216,0.11990776325903152
Epidermis 2,nol9,7.764487,1.1687621,8.197659443263913e-15,8.171819402076831e-14,0.4114470842332613,0.2436587240584166
Epidermis 2,dpp9,7.7579675,1.1756144,8.630131356802009e-15,8.583322531302491e-14,0.40928725701943847,0.2436587240584166
Epidermis 2,trit1,7.7492085,1.6936401,9.246722665368915e-15,9.184011619527313e-14,0.31641468682505397,0.1452728670253651
Epidermis 2,rps4x,7.743224,1.1377088,9.69270382815011e-15,9.622588272705348e-14,0.41576673866090713,0.2536510376633359
Epidermis 2,ippk,7.7304196,1.173744,1.071926126194907e-14,1.0617566954016825e-13,0.40712742980561556,0.24519600307455802
Epidermis 2,ckap2,7.706583,1.3743864,1.2923135750152711e-14,1.27484514106728e-13,0.36285097192224625,0.19369715603382015
Epidermis 2,fam193b,7.6809072,1.2008281,1.5796579278968306e-14,1.5540899749610795e-13,0.3963282937365011,0.23366641045349731
Epidermis 2,gpbp1l1,7.679737,1.1022521,1.5941532631347863e-14,1.5676439096378626e-13,0.42332613390928725,0.2590315142198309
Epidermis 2,dll1,7.664158,1.1063148,1.800082199309589e-14,1.768554420132127e-13,0.49892008639308855,0.3674096848578017
Epidermis 2,cadm4,7.6619515,1.2395692,1.8312882739997354e-14,1.7984042046331335e-13,0.47516198704103674,0.34281322059953884
Epidermis 2,uhrf2,7.64898,1.7698601,2.0257978992991644e-14,1.985846179721791e-13,0.3045356371490281,0.1291314373558801
Epidermis 2,mettl3,7.648445,1.2360417,2.0342409023038165e-14,1.9932272442376103e-13,0.38876889848812096,0.22367409684857803
Epidermis 2,ddx56,7.6471076,1.0177566,2.055500146364489e-14,2.0131538911050052e-13,0.45788336933045354,0.30284396617986165
Epidermis 2,cep44,7.629322,1.0687546,2.3599132143175045e-14,2.307153505807449e-13,0.4265658747300216,0.26210607225211374
Epidermis 2,arhgap33,7.6210647,2.053472,2.515922345509705e-14,2.458573287119e-13,0.275377969762419,0.09684857801691008
Epidermis 2,stam,7.5859275,1.2579615,3.301164225963319e-14,3.217271307491987e-13,0.37257019438444927,0.20292083013066872
Epidermis 2,pomt2,7.5596504,1.5658696,4.0415420172954697e-14,3.928306831153873e-13,0.326133909287257,0.15833973866256726
Epidermis 2,kif24,7.559182,1.167383,4.0561099137686606e-14,3.940711239018074e-13,0.398488120950324,0.23597232897770945
Epidermis 2,prmt5,7.551861,1.6719534,4.2908301210338546e-14,4.1650446650836184e-13,0.30885529157667385,0.13604919292851653
Epidermis 2,cenpp,7.55049,1.2357408,4.3362341775672015e-14,4.206455966658024e-13,0.3941684665226782,0.22982321291314373
Epidermis 2,pold1,7.5504565,1.5856193,4.3373474749005786e-14,4.206455966658024e-13,0.32397408207343414,0.15219062259800153
Epidermis 2,zc3h3,7.538822,1.4670007,4.7423426859969133e-14,4.591067424629043e-13,0.33153347732181426,0.15987701767870868
Epidermis 2,paf1,7.537552,1.040927,4.788756956105409e-14,4.633945256726214e-13,0.43412526997840173,0.2767102229054573
Epidermis 2,mpdz,7.533741,1.3453263,4.930696205000015e-14,4.769180934809633e-13,0.357451403887689,0.19523443504996157
Epidermis 2,cdan1,7.5297623,1.9242891,5.083273207280362e-14,4.912404989196847e-13,0.2796976241900648,0.10299769408147579
Epidermis 2,kif18b,7.5261183,1.0044409,5.2270965447660424e-14,5.049157755791936e-13,0.45464362850971923,0.31129900076863953
Epidermis 2,sos2,7.521806,1.156833,5.4024850608286767e-14,5.213959598069109e-13,0.4103671706263499,0.2544196771714066
Epidermis 2,pias2,7.520569,1.4813582,5.4538493647426577e-14,5.26120455296417e-13,0.33153347732181426,0.15910837817063797
Epidermis 2,wdr5,7.515855,1.3495609,5.6540274891754645e-14,5.451901627984879e-13,0.35205183585313177,0.18447348193697155
Epidermis 2,crabp2,7.5003424,1.0429689,6.365130455289713e-14,6.126753933166159e-13,0.5280777537796977,0.40584166026133744
Epidermis 2,dcaf13,7.469017,1.4372675,8.079613306334147e-14,7.756499866146828e-13,0.34773218142548595,0.18216756341275941
Epidermis 2,eif2d,7.4679136,1.3948976,8.147624574094455e-14,7.818351619670849e-13,0.34773218142548595,0.18216756341275941
Epidermis 2,gja7,7.458887,1.288004,8.725630995126655e-14,8.369318415149835e-13,0.36609071274298055,0.20599538816295157
Epidermis 2,ddx47,7.4552765,1.2547516,8.96795518698178e-14,8.590419233324382e-13,0.37041036717062636,0.207532667179093
Epidermis 2,usp31,7.4405665,1.3219382,1.0025439921378268e-13,9.590755130398737e-13,0.36069114470842334,0.196771714066103
Epidermis 2,pde3a,7.4352174,2.5120173,1.0439607241777416e-13,9.978215927412397e-13,0.24838012958963282,0.0730207532667179
Epidermis 2,kri1,7.431239,1.2279079,1.0758504240699791e-13,1.0274018426096725e-12,0.38660907127429806,0.23366641045349731
Epidermis 2,ccnyl1,7.4293,1.0600191,1.091738417276468e-13,1.0416626149274075e-12,0.4190064794816415,0.2598001537279016
Epidermis 2,brms1l,7.4093747,1.3172923,1.2689626870192064e-13,1.2075898296313172e-12,0.36285097192224625,0.20292083013066872
Epidermis 2,tcf4,7.3895497,1.2652459,1.4732687082790375e-13,1.3989641637666178e-12,0.37041036717062636,0.207532667179093
Epidermis 2,lpar1,7.3886805,2.724298,1.4829302411282352e-13,1.4075259152526846e-12,0.2267818574514039,0.04688700999231361
Epidermis 2,eef1b2,7.388313,1.0125264,1.4870365294917267e-13,1.4108097439147378e-12,0.44168466522678185,0.2913143735588009
Epidermis 2,rpl10,7.3871093,1.4507455,1.5005535622434086e-13,1.4230151795616436e-12,0.3369330453563715,0.17294388931591084
Epidermis 2,slx4ip,7.378952,1.2854464,1.5954049936074562e-13,1.511651427073743e-12,0.3650107991360691,0.207532667179093
Epidermis 2,bap1,7.369357,1.0106341,1.7145302458040968e-13,1.62240956173856e-12,0.43628509719222464,0.2890084550345888
Epidermis 2,pelp1,7.3559175,1.100825,1.8962025498173623e-13,1.791213672708427e-12,0.4006479481641469,0.24212144504227517
Epidermis 2,nup43,7.3495655,1.0486257,1.9885239058543995e-13,1.8767984493792754e-12,0.4287257019438445,0.27286702536510377
Epidermis 2,nle1,7.34552,1.7933472,2.0496048286372418e-13,1.9336111960956875e-12,0.2937365010799136,0.1299000768639508
Epidermis 2,alms1,7.3399706,1.1423826,2.1364100346378649e-13,2.012024314451137e-12,0.3855291576673866,0.22136817832436587
Epidermis 2,dcp1b,7.3260627,1.3641108,2.370126570264974e-13,2.2282865958531667e-12,0.3466522678185745,0.17832436587240585
Epidermis 2,ptgs2,7.3115535,1.590733,2.6407137036050857e-13,2.4752153662528596e-12,0.3185745140388769,0.1506533435818601
Epidermis 2,bicd2,7.30704,1.019129,2.7309087240546243e-13,2.5564632890431556e-12,0.44168466522678185,0.3059185242121445
Epidermis 2,lhx5,7.306004,1.6984774,2.7520435612198867e-13,2.5751433340214044e-12,0.30561555075593955,0.13758647194465795
Epidermis 2,ttc34,7.2787237,1.8191448,3.369935100802675e-13,3.1425364886587682e-12,0.2861771058315335,0.11837048424289008
Epidermis 2,limd2,7.278222,2.015089,3.382482743568826e-13,3.1515438064652157e-12,0.26997840172786175,0.10069177555726365
Epidermis 2,tsc2,7.2775536,1.4969434,3.3992843323893897e-13,3.1658464966738743e-12,0.31965442764578833,0.15372790161414296
Epidermis 2,fam117b,7.267758,1.2013308,3.6550303869303885e-13,3.398228294555092e-12,0.37365010799136067,0.2121445042275173
Epidermis 2,fam122c,7.2522454,1.0110344,4.0991772693226345e-13,3.804685120965087e-12,0.4244060475161987,0.2690238278247502
Epidermis 2,rps16,7.2304482,1.3180602,4.814029381514967e-13,4.464383133618279e-12,0.3466522678185745,0.18524212144504226
Epidermis 2,LOC100488276,7.221923,2.1874993,5.125749248373413e-13,4.749425662367569e-12,0.25377969762419006,0.08224442736356649
Epidermis 2,lims1,7.218078,1.4211024,5.272733257260039e-13,4.879402561775713e-12,0.32721382289416845,0.16372021521906227
Epidermis 2,rpa1,7.211526,1.1945099,5.532838624017055e-13,5.11359896716121e-12,0.40712742980561556,0.2644119907763259
Epidermis 2,slc4a1ap,7.209018,1.2346634,5.635666355071332e-13,5.206429954869243e-12,0.36285097192224625,0.20676402767102228
Epidermis 2,LOC116411661,7.190731,1.632995,6.44452467260511e-13,5.93859682774139e-12,0.3077753779697624,0.1506533435818601
Epidermis 2,LOC100492268,7.189996,1.8648249,6.479336090219087e-13,5.9681550369215154e-12,0.27213822894168466,0.1037663335895465
Epidermis 2,nol11,7.161813,1.483744,7.961712543688891e-13,7.305825459034285e-12,0.31641468682505397,0.15526518063028438
Epidermis 2,epb41l3,7.1510143,1.437363,8.613901357734766e-13,7.887702120316001e-12,0.3282937365010799,0.16833205226748654
Epidermis 2,tulp4,7.1408176,1.1432202,9.277738130367855e-13,8.484892026100459e-12,0.39200863930885527,0.2436587240584166
Epidermis 2,pawr,7.1363378,1.5977813,9.58503089423635e-13,8.754916665681514e-12,0.31101511879049676,0.1506533435818601
Epidermis 2,cdk8,7.1228647,1.1221527,1.0570651357321362e-12,9.630988862969078e-12,0.3952483801295896,0.24596464258262873
Epidermis 2,inppl1,7.1148076,1.1061063,1.1206894999515369e-12,1.0202155018123691e-11,0.3876889848812095,0.23059185242121444
Epidermis 2,apc,7.1095257,1.216062,1.1644256777127938e-12,1.059146840907498e-11,0.3747300215982721,0.2229054573405073
Epidermis 2,habp4,7.0911045,1.1734446,1.330456968787035e-12,1.2091587470179878e-11,0.37365010799136067,0.22213681783243658
Epidermis 2,pros1,7.0690064,1.1202205,1.5604710832328244e-12,1.4140797137551272e-11,0.38228941684665224,0.22367409684857803
Epidermis 2,rps14,7.065797,1.3207533,1.5969694304332113e-12,1.4465533392064386e-11,0.3369330453563715,0.180630284396618
Epidermis 2,c16orf71,7.0648274,1.3128324,1.6081587594590768e-12,1.4560843273923866e-11,0.34773218142548595,0.19523443504996157
Epidermis 2,ddx55,7.060314,1.5717931,1.661267641314191e-12,1.502923764557088e-11,0.3002159827213823,0.13912375096079937
Epidermis 2,evc2,7.0501842,1.4348038,1.7868110289823834e-12,1.6138246466649252e-11,0.3250539956803456,0.1706379707916987
Epidermis 2,eif3l,7.0381155,1.2145846,1.948573668109313e-12,1.7562918633545363e-11,0.3617710583153348,0.2121445042275173
Epidermis 2,znf346,7.0330005,1.1461235,2.0213895403173265e-12,1.8204185373200322e-11,0.3779697624190065,0.22905457340507301
Epidermis 2,meis2,7.0318637,1.157126,2.0379297378114e-12,1.8345571290751878e-11,0.40928725701943847,0.2736356648731745
Epidermis 2,colca2,7.0249434,4.6115327,2.141532922680882e-12,1.9254383974379698e-11,0.1879049676025918,0.015372790161414296
Epidermis 2,dhx36,7.019193,1.4443977,2.231533924871657e-12,2.0030564284090674e-11,0.3185745140388769,0.16295157571099156
Epidermis 2,uri1,7.019126,1.2833431,2.2326019666352955e-12,2.003191098435394e-11,0.3488120950323974,0.1960030745580323
Epidermis 2,sin3b,7.0162177,1.0569391,2.2795502274794586e-12,2.04279529830921e-11,0.408207343412527,0.2674865488086088
Epidermis 2,ccdc43,7.0124397,1.1503673,2.341976937126631e-12,2.097876795773408e-11,0.38120950323974084,0.23597232897770945
Epidermis 2,rap1gap2,7.008729,1.2421746,2.404930143232898e-12,2.1525012574029972e-11,0.43088552915766737,0.31206764027671025
Epidermis 2,ubtd2,7.003246,1.1947585,2.5009904940854725e-12,2.2357277169782507e-11,0.3617710583153348,0.21060722521137587
Epidermis 2,pald1,6.962359,1.0834451,3.346213733581703e-12,2.983969345340676e-11,0.40280777537796975,0.26133743274404303
Epidermis 2,b4galt5,6.9562078,1.4986593,3.4955466951872916e-12,3.1158629262941946e-11,0.32181425485961124,0.16910069177555725
Epidermis 2,axin1,6.9536333,1.0071999,3.5599612198633498e-12,3.1706903583117614e-11,0.3952483801295896,0.23750960799385087
Epidermis 2,gls,6.9431024,1.1254079,3.835812872013585e-12,3.4149846054756605e-11,0.39740820734341253,0.25749423520368947
Epidermis 2,rasal1,6.920536,2.4802892,4.499381646826679e-12,3.9910978420896324e-11,0.23542116630669546,0.0722521137586472
Epidermis 2,cenpn,6.9179616,1.0311577,4.5818814848224e-12,4.062626407164144e-11,0.39956803455723544,0.25057647963105306
Epidermis 2,cdc16,6.9099045,1.0208964,4.8497959135813386e-12,4.287255537952922e-11,0.4060475161987041,0.25595695618754805
Epidermis 2,utp11,6.8983707,1.5911537,5.260233810154692e-12,4.6377196756115364e-11,0.3002159827213823,0.14681014604150652
Epidermis 2,nup54,6.890347,1.1430123,5.565642710770129e-12,4.90500361840529e-11,0.3779697624190065,0.23981552651806304
Epidermis 2,nmt2,6.8828917,1.3331612,5.864957447945037e-12,5.166703127638622e-11,0.3250539956803456,0.16833205226748654
Epidermis 2,dnajc21,6.8816214,1.455718,5.917511455438697e-12,5.210896588746078e-11,0.3120950323974082,0.15987701767870868
Epidermis 2,LOC100489322,6.879883,1.0750682,5.9901760573554515e-12,5.272756423862578e-11,0.41252699784017277,0.28209069946195237
Epidermis 2,fmnl3,6.868215,1.0722291,6.501007008333063e-12,5.7131886399047835e-11,0.3930885529157667,0.24750192159877019
Epidermis 2,cers5,6.865173,1.371057,6.641072934225627e-12,5.833931259973325e-11,0.33801295896328293,0.18985395849346656
Epidermis 2,utp4,6.864772,1.7438464,6.659762474165919e-12,5.847995048240424e-11,0.2775377969762419,0.1191391237509608
Epidermis 2,mphosph9,6.8615956,1.2753166,6.809551886470305e-12,5.974717801152736e-11,0.34557235421166305,0.1975403535741737
Epidermis 2,xpc,6.8604927,1.0833086,6.862352690087257e-12,6.018625323568892e-11,0.3941684665226782,0.25518831667947733
Epidermis 2,foxh1,6.8488917,2.0383005,7.44242950000918e-12,6.51690425841494e-11,0.2505399568034557,0.08916218293620293
Epidermis 2,tbp,6.828398,1.5034406,8.586804213016377e-12,7.509926041371958e-11,0.30129589632829373,0.1460415065334358
Epidermis 2,large2,6.8254895,2.693638,8.76260007023078e-12,7.660604813001036e-11,0.21490280777537796,0.04996156802459646
Epidermis 2,rad51ap1,6.811749,1.2647148,9.641918018777382e-12,8.41921941127416e-11,0.34017278617710583,0.191391237509608
Epidermis 2,npr2,6.7938633,2.6687055,1.0916998922530155e-11,9.513571624941314e-11,0.21922246220302377,0.0568793235972329
Epidermis 2,cse1l,6.7937627,1.297286,1.0924595099882037e-11,9.516390805370296e-11,0.33369330453563717,0.18370484242890084
Epidermis 2,clic4,6.787344,1.6375322,1.1421672331129403e-11,9.929574180779868e-11,0.3002159827213823,0.15295926210607225
Epidermis 2,tgif2,6.7636743,1.6446564,1.3453539776903814e-11,1.165884398220088e-10,0.28833693304535635,0.13681783243658724
Epidermis 2,bambi,6.760732,1.0307046,1.3729604848887137e-11,1.1893358769653284e-10,0.4136069114470842,0.27901614142966946
Epidermis 2,nvl,6.7561855,1.918384,1.4167198220034488e-11,1.2267556839657643e-10,0.2548596112311015,0.0983858570330515
Epidermis 2,LOC100493567,6.755517,1.0780909,1.423269168101983e-11,1.231937981640356e-10,0.3833693304535637,0.2436587240584166
Epidermis 2,gask1a,6.7474933,2.0543196,1.504211985670155e-11,1.300967488676514e-10,0.24946004319654427,0.09223674096848578
Epidermis 2,rps3a,6.7417097,1.1392659,1.5653371880959876e-11,1.3522257633191823e-10,0.3617710583153348,0.2121445042275173
Epidermis 2,mmp11,6.7307105,3.0419712,1.688365350722137e-11,1.4567742316373172e-10,0.20626349892008639,0.043812451960030745
Epidermis 2,qsox2,6.711755,1.1457462,1.9229769328879144e-11,1.6520188839585502e-10,0.3542116630669546,0.20599538816295157
Epidermis 2,riox1,6.7115207,1.7108226,1.9260641329380575e-11,1.6540198915718753e-10,0.2634989200863931,0.1037663335895465
Epidermis 2,lsm14b,6.7025943,1.3500398,2.0475112331812012e-11,1.756930500167007e-10,0.32397408207343414,0.17371252882398155
Epidermis 2,tns1,6.694136,1.2037884,2.1694923190636584e-11,1.8594065944339391e-10,0.36393088552915764,0.22136817832436587
Epidermis 2,LOC108647837,6.6795936,1.420101,2.396060403205679e-11,2.049566211617057e-10,0.3120950323974082,0.16448885472713298
Epidermis 2,med26,6.678891,1.0152723,2.407565369024471e-11,2.0586004669860104e-10,0.3898488120950324,0.2482705611068409
Epidermis 2,heatr6,6.6552553,1.3632499,2.8280903736510876e-11,2.4115576414005624e-10,0.3045356371490281,0.1506533435818601
Epidermis 2,letm1,6.6519456,1.2223194,2.8924403343983934e-11,2.465466427222943e-10,0.3650107991360691,0.23059185242121444
Epidermis 2,znf782,6.6465297,1.1496736,3.0008443308622244e-11,2.556869353523803e-10,0.3488120950323974,0.19907763259031513
Epidermis 2,tril,6.6318865,1.5921711,3.314237309158685e-11,2.818393309553845e-10,0.28725701943844495,0.13835511145272866
Epidermis 2,samd11,6.629613,1.5997052,3.365681178426325e-11,2.861025671774088e-10,0.28077753779697623,0.12682551883166795
Epidermis 2,efna1,6.6274734,2.1112833,3.4148123597083266e-11,2.9005301868896614e-10,0.24190064794816415,0.08762490392006149
Epidermis 2,LOC100485792,6.613867,1.18691,3.7440905245506e-11,3.1703453370670795e-10,0.38120950323974084,0.24750192159877019
Epidermis 2,rrn3,6.599491,1.6257367,4.1257179534080745e-11,3.4880779334102125e-10,0.2786177105831533,0.12682551883166795
Epidermis 2,rnf165,6.598655,1.3054599,4.149039766037812e-11,3.506436744179361e-10,0.34773218142548595,0.21445042275172943
Epidermis 2,usp3,6.5902305,1.1701726,4.391445205201703e-11,3.7098616268953297e-10,0.357451403887689,0.22213681783243658
Epidermis 2,maz,6.564789,1.2316012,5.210664109871267e-11,4.391730457377401e-10,0.3390928725701944,0.20368946963873943
Epidermis 2,mrpl22,6.563485,1.1963108,5.2564516802499934e-11,4.426902049970479e-10,0.34233261339092874,0.1960030745580323
Epidermis 2,src,6.5507474,1.2462761,5.72497751666262e-11,4.815911117621242e-10,0.3282937365010799,0.18293620292083013
Epidermis 2,zrsr2,6.5410857,1.1828418,6.107379364800737e-11,5.127707776810962e-10,0.3466522678185745,0.20522674865488086
Epidermis 2,nhp2,6.5139394,1.4083652,7.320514050871556e-11,6.125035931904456e-10,0.3099352051835853,0.1652574942352037
Epidermis 2,has1,6.5119,1.0491964,7.420618646453555e-11,6.206413165360791e-10,0.3747300215982721,0.23136049192928518
Epidermis 2,niban2,6.500934,1.592101,7.982271621678251e-11,6.671051285202647e-10,0.29049676025917925,0.14757878554957723
Epidermis 2,mrps31,6.499062,1.1372555,8.082231071070435e-11,6.749420750165632e-10,0.3531317494600432,0.20983858570330516
Epidermis 2,dip2c,6.4919744,1.0690513,8.471857485618036e-11,7.069384405111709e-10,0.36393088552915764,0.22059953881629515
Epidermis 2,lmo4.2,6.4840846,1.6254373,8.927208814584936e-11,7.440818317152707e-10,0.2688984881209503,0.11606456571867795
Epidermis 2,cuedc1,6.468071,1.0542077,9.926195424457278e-11,8.267156883858101e-10,0.3801295896328294,0.2444273635664873
Epidermis 2,itgb4,6.466466,2.0261948,1.0032129760688494e-10,8.342648761737182e-10,0.23542116630669546,0.08070714834742505
Epidermis 2,ddx49,6.4613843,1.1371661,1.0374932114344942e-10,8.624434044461752e-10,0.3542116630669546,0.21983089930822444
Epidermis 2,zcchc7,6.4575067,1.3646594,1.0644223162741583e-10,8.844919788049661e-10,0.3077753779697624,0.16295157571099156
Epidermis 2,tma16,6.42257,1.6458625,1.3399236320070712e-10,1.1087779133115776e-09,0.26997840172786175,0.12298232129131437
Epidermis 2,ppargc1a,6.4219685,2.1511252,1.345232667603832e-10,1.1123274740349836e-09,0.2548596112311015,0.11145272867025365
Epidermis 2,tgs1,6.418692,1.1301682,1.3745000732553637e-10,1.135237172539943e-09,0.3509719222462203,0.21060722521137587
Epidermis 2,kansl1,6.4158506,1.1896409,1.4003883156776306e-10,1.1561813634658184e-09,0.33153347732181426,0.18677940046118371
Epidermis 2,ddx20,6.410033,1.8251884,1.454877903061451e-10,1.2002605188167835e-09,0.2505399568034557,0.10299769408147579
Epidermis 2,dcun1d5,6.387868,1.3087947,1.6821429797346282e-10,1.3851336588977104e-09,0.31101511879049676,0.16372021521906227
Epidermis 2,fmr1,6.372991,1.1984557,1.8537675847369802e-10,1.5230068699753633e-09,0.31317494600431967,0.16372021521906227
Epidermis 2,ssh3,6.367742,1.0366001,1.9183095521240278e-10,1.574254709924724e-09,0.3855291576673866,0.2544196771714066
Epidermis 2,dpysl3,6.366004,1.475317,1.940166582776205e-10,1.5909949268229826e-09,0.33153347732181426,0.20368946963873943
Epidermis 2,usp39,6.36022,1.0009415,2.0146487519815608e-10,1.6514519315172666e-09,0.3833693304535637,0.2536510376633359
Epidermis 2,ddx51,6.3576794,1.7792773,2.0482456343904464e-10,1.6783615466779546e-09,0.2505399568034557,0.10069177555726365
Epidermis 2,rpl4,6.356108,1.0068322,2.0692959004603822e-10,1.6943379303544465e-09,0.37365010799136067,0.24289008455034589
Epidermis 2,nup160,6.3536673,1.5756353,2.1024106922941496e-10,1.7208065910184036e-09,0.27213822894168466,0.1291314373558801
Epidermis 2,cfp,6.351461,2.0326827,2.1327953102787199e-10,1.7443675586803578e-09,0.23110151187904968,0.07916986933128363
Epidermis 2,egflam,6.3289614,1.1159016,2.4681681388173237e-10,2.013379325500292e-09,0.408207343412527,0.28670253651037664
Epidermis 2,etfa,6.322275,1.5438026,2.577400439503035e-10,2.100913522241155e-09,0.27213822894168466,0.12528823981552653
Epidermis 2,cd81,6.321807,1.1115133,2.585221076696153e-10,2.1065014605894977e-09,0.34557235421166305,0.20445810914681015
Epidermis 2,zgrf1,6.3086348,1.3640474,2.8150726711978775e-10,2.2903691557870577e-09,0.2915766738660907,0.14681014604150652
Epidermis 2,tcea1,6.3067627,1.0670075,2.849320902308365e-10,2.3173697878967886e-09,0.36393088552915764,0.22982321291314373
Epidermis 2,ift80,6.306462,1.2780279,2.8548629009833557e-10,2.3210120477778614e-09,0.3120950323974082,0.16833205226748654
Epidermis 2,dhcr7,6.2879405,1.6673942,3.2170478707814757e-10,2.613522024881704e-09,0.26673866090712745,0.12605687932359724
Epidermis 2,krt19,6.2789474,1.1431022,3.4087256930636925e-10,2.7661511100164685e-09,0.3369330453563715,0.19830899308224442
Epidermis 2,akap1,6.2677813,1.188634,3.662285412060875e-10,2.9686006677778733e-09,0.3282937365010799,0.1921598770176787
Epidermis 2,rps23,6.248759,1.3686726,4.13727546333798e-10,3.346163376037734e-09,0.28833693304535635,0.14296694850115296
Epidermis 2,noc4l,6.2470536,1.5056067,4.1826737461174927e-10,3.381627410671723e-09,0.27213822894168466,0.12605687932359724
Epidermis 2,tasp1,6.241872,1.4191214,4.3236540518157067e-10,3.4917266863312557e-09,0.2840172786177106,0.14066102997694083
Epidermis 2,slc7a7,6.2351184,1.4175034,4.5143611546645377e-10,3.6416959244338216e-09,0.29481641468682507,0.15757109915449655
Epidermis 2,ebna1bp2,6.2268944,1.488562,4.757717636236946e-10,3.833757627043072e-09,0.2775377969762419,0.1345119139123751
Epidermis 2,pax6,6.2245207,1.2081709,4.830304328565863e-10,3.889375304562203e-09,0.41252699784017277,0.30207532667179093
Epidermis 2,trmt11,6.2139897,1.4977677,5.165592064026413e-10,4.156282611693229e-09,0.28077753779697623,0.14219830899308225
Epidermis 2,rpl30,6.2031245,1.4595004,5.535305985797738e-10,4.450475752251011e-09,0.27645788336933047,0.1337432744043044
Epidermis 2,zbtb47,6.1880465,1.7891991,6.09143001468679e-10,4.888602219583687e-09,0.2505399568034557,0.10914681014604151
Epidermis 2,rpsa,6.1816278,1.1594986,6.34439813933824e-10,5.082272826670328e-09,0.31965442764578833,0.18370484242890084
Epidermis 2,rpf2,6.1740055,1.7239388,6.658129407887703e-10,5.3257713273283566e-09,0.2526997840172786,0.11145272867025365
Epidermis 2,sox11,6.1445184,1.6034518,8.020642057959303e-10,6.394535270249541e-09,0.26457883369330454,0.12375096079938509
Epidermis 2,vbp1,6.1328173,1.4632607,8.633620591433984e-10,6.873193539791352e-09,0.27213822894168466,0.1291314373558801
Epidermis 2,c18orf21,6.1204476,1.7519026,9.331281004587034e-10,7.412372872264057e-09,0.24298056155507558,0.10146041506533436
Epidermis 2,peli2,6.1184416,1.118551,9.449478691472985e-10,7.500803002060096e-09,0.35205183585313177,0.22213681783243658
Epidermis 2,prpsap2,6.10547,1.2984675,1.0249842807391983e-09,8.121344222952087e-09,0.2991360691144708,0.16218293620292082
Epidermis 2,pcnx4,6.105136,1.2928972,1.0271320868770463e-09,8.13540808266571e-09,0.2958963282937365,0.15680245964642583
Epidermis 2,fblim1,6.0944376,1.6303395,1.0982271849425445e-09,8.695361176571575e-09,0.24838012958963282,0.10530361260568794
Epidermis 2,rpl14,6.090225,1.0740418,1.1275182098871386e-09,8.920803066695885e-09,0.3466522678185745,0.2175249807840123
Epidermis 2,nat10,6.0687957,1.4396994,1.2887298444467078e-09,1.016680185671425e-08,0.2786177105831533,0.14373558800922367
Epidermis 2,polr1e,6.0547543,1.807788,1.406321137224605e-09,1.1070466643354295e-08,0.2451403887688985,0.10684089162182936
Epidermis 2,gars1,6.054654,1.6157672,1.407197579557234e-09,1.1073371216559107e-08,0.2580993520518359,0.12221368178324366
Epidermis 2,tagln2,6.047232,1.3684824,1.473553138544648e-09,1.1582998211881399e-08,0.28725701943844495,0.15219062259800153
Epidermis 2,tmem132e,6.0429864,1.6033585,1.5128744011519951e-09,1.1887804215894016e-08,0.26997840172786175,0.1345119139123751
Epidermis 2,mertk,6.041783,1.0216626,1.5242053749258466e-09,1.1968220757918999e-08,0.37904967602591794,0.2582628747117602
Epidermis 2,pitpna,6.022994,1.4011885,1.7121958907368757e-09,1.340575045991007e-08,0.2796976241900648,0.14142966948501154
Epidermis 2,jade3,6.0168095,1.2857351,1.778884099523684e-09,1.391291395545029e-08,0.296976241900648,0.16372021521906227
Epidermis 2,fbln7,6.000996,1.963103,1.9611068709322983e-09,1.530519064041977e-08,0.23110151187904968,0.09146810146041506
Epidermis 2,rfwd3,5.9919696,2.127513,2.0731475747373405e-09,1.6173812380530395e-08,0.21382289416846653,0.0722521137586472
Epidermis 2,LOC105945412,5.983946,1.5996816,2.1779564278369725e-09,1.696116602849057e-08,0.24946004319654427,0.1083781706379708
Epidermis 2,cdk2ap1,5.98301,1.4794797,2.1905152921681367e-09,1.704680249301031e-08,0.26673866090712745,0.1299000768639508
Epidermis 2,msl2,5.976056,1.0084589,2.2860439005063955e-09,1.777120197825082e-08,0.3542116630669546,0.2275172943889316
Epidermis 2,rprd1a,5.974786,1.2142074,2.3039293259284504e-09,1.789111808579527e-08,0.3045356371490281,0.16910069177555725
Epidermis 2,kcnt2,5.9692693,1.6080178,2.3831833234084092e-09,1.849997982927602e-08,0.2613390928725702,0.1245196003074558
Epidermis 2,LOC100485259,5.959006,4.4386673,2.5377700719597854e-09,1.9665014467412814e-08,0.16090712742980562,0.014604150653343582
Epidermis 2,LOC549154,5.9547935,1.3436646,2.6040048317359513e-09,2.017110026031601e-08,0.28725701943844495,0.15372790161414296
Epidermis 2,kcnab2,5.9534564,1.5742127,2.6253816178574852e-09,2.032947206645429e-08,0.25593952483801297,0.11837048424289008
Epidermis 2,acss3,5.930923,2.15048,3.012360995260381e-09,2.3235323180479596e-08,0.23002159827213822,0.09454265949269793
Epidermis 2,notum,5.9296193,1.4304886,3.036377230896314e-09,2.3412292422398753e-08,0.2818574514038877,0.14757878554957723
Epidermis 2,nfasc,5.917584,1.4433739,3.2670514165374488e-09,2.5164253074572424e-08,0.30885529157667385,0.18370484242890084
Epidermis 2,dis3l,5.9110312,1.7422166,3.3997238043142526e-09,2.6176913597015283e-08,0.24298056155507558,0.10530361260568794
Epidermis 2,gna11,5.896589,1.0025644,3.710930690740123e-09,2.854290398401136e-08,0.34557235421166305,0.2175249807840123
Epidermis 2,znf282,5.8738217,1.6155882,4.258611491665053e-09,3.266332560970936e-08,0.2505399568034557,0.11606456571867795
Epidermis 2,LOC100486629,5.8725514,2.5461535,4.291386056967297e-09,3.290313954641019e-08,0.1900647948164147,0.04688700999231361
Epidermis 2,nfe2l3,5.856404,1.6628293,4.729971751893229e-09,3.620228467136519e-08,0.25593952483801297,0.1245196003074558
Epidermis 2,cct4,5.8518906,1.2767394,4.860163442432544e-09,3.7159644876426257e-08,0.2958963282937365,0.1660261337432744
Epidermis 2,esco2,5.8451376,1.1861817,5.061503976812514e-09,3.867194617577937e-08,0.30669546436285094,0.17524980784012298
Epidermis 2,lpp,5.8421955,1.5005491,5.151733363125621e-09,3.9347558178776396e-08,0.265658747300216,0.1345119139123751
Epidermis 2,gkap1,5.8388186,1.142442,5.257221609704181e-09,4.01251601068048e-08,0.30885529157667385,0.17524980784012298
Epidermis 2,mak16,5.836579,1.3380243,5.3283552652265e-09,4.063965055662616e-08,0.28077753779697623,0.1491160645657187
Epidermis 2,rab34,5.8321323,1.4135448,5.4723458970819835e-09,4.165052662023926e-08,0.2678185745140389,0.1337432744043044
Epidermis 2,fbxl13,5.8171883,2.245967,5.984566355831351e-09,4.55173309343311e-08,0.19870410367170627,0.05841660261337433
Epidermis 2,caskin2,5.812809,1.3064677,6.143318407996228e-09,4.670848466232951e-08,0.28833693304535635,0.1606456571867794
Epidermis 2,wwp1,5.7959595,1.0565765,6.79317413116323e-09,5.15775409589815e-08,0.32937365010799136,0.202152190622598
Epidermis 2,cstf2,5.7958922,1.0422608,6.795881544379409e-09,5.158014997561846e-08,0.33369330453563717,0.207532667179093
Epidermis 2,skp2,5.7755327,1.150443,7.671008939605579e-09,5.812121044136575e-08,0.30669546436285094,0.17371252882398155
Epidermis 2,cspg4,5.771989,1.6140667,7.834135265760641e-09,5.9295409515838695e-08,0.24406047516198703,0.10991544965411222
Epidermis 2,nol6,5.7420673,1.2034571,9.352761291344395e-09,7.056936519309336e-08,0.2915766738660907,0.15987701767870868
Epidermis 2,atxn10,5.7356486,1.515786,9.713996752696619e-09,7.326965888026025e-08,0.24838012958963282,0.1137586471944658
Epidermis 2,tktl2,5.73284,2.0475652,9.87626861741213e-09,7.446788441622326e-08,0.21382289416846653,0.07993850883935434
Epidermis 2,tbx2,5.732138,1.1838591,9.91724647792111e-09,7.475103122442714e-08,0.3099352051835853,0.18370484242890084
Epidermis 2,atrip,5.728561,1.987148,1.0128618088599704e-08,7.629153445334282e-08,0.20950323974082075,0.0722521137586472
Epidermis 2,prkag1,5.699609,1.3999697,1.200824995261933e-08,9.026249473513828e-08,0.2688984881209503,0.13835511145272866
Epidermis 2,raf1,5.689747,1.0354725,1.2722797494233788e-08,9.560060747991579e-08,0.3390928725701944,0.22136817832436587
Epidermis 2,gpatch2,5.672964,1.2407407,1.4034777624539858e-08,1.0524154039349973e-07,0.2915766738660907,0.16910069177555725
Epidermis 2,jpt2,5.6723623,1.2037392,1.4084182241536477e-08,1.0557572679236259e-07,0.2980561555075594,0.17217524980784013
Epidermis 2,larp7,5.6655755,1.1127206,1.4653185722603496e-08,1.0961507221560881e-07,0.31317494600431967,0.191391237509608
Epidermis 2,st7l,5.6645727,1.4309442,1.4739146524530934e-08,1.1018256810955447e-07,0.2678185745140389,0.14142966948501154
Epidermis 2,btf3,5.649027,1.5697814,1.613586783135117e-08,1.2049992195342707e-07,0.24190064794816415,0.11145272867025365
Epidermis 2,bach2,5.6249228,1.863846,1.8559122933774948e-08,1.383596247140086e-07,0.22138228941684665,0.08916218293620293
Epidermis 2,epb41l1,5.617534,1.4197328,1.937019185167954e-08,1.4425834689266188e-07,0.2688984881209503,0.1452728670253651
Epidermis 2,LOC100488689,5.5978093,1.5523828,2.1707720330814106e-08,1.612816361384728e-07,0.23974082073434125,0.1083781706379708
Epidermis 2,pnhd,5.590053,1.2474996,2.2699999210316608e-08,1.6848186488718323e-07,0.28725701943844495,0.16218293620292082
Epidermis 2,snai1,5.588582,1.601107,2.2893093894326627e-08,1.6985726007075867e-07,0.2526997840172786,0.1291314373558801
Epidermis 2,tgif1,5.5712314,1.5090994,2.529454182697514e-08,1.874837626380518e-07,0.24946004319654427,0.12221368178324366
Epidermis 2,LOC101731710,5.560633,1.4072993,2.687974188951635e-08,1.9909804744437758e-07,0.2526997840172786,0.1245196003074558
Epidermis 2,tango6,5.5512056,1.4537399,2.8370622112263638e-08,2.0985604919040842e-07,0.2505399568034557,0.12221368178324366
Epidermis 2,plod3,5.550303,1.1205862,2.8517503633518204e-08,2.1079960934518995e-07,0.30561555075593955,0.18216756341275941
Epidermis 2,efs,5.548631,1.0187814,2.8791457178575714e-08,2.1275258621527282e-07,0.3250539956803456,0.20292083013066872
Epidermis 2,lars2,5.548431,1.7651634,2.8824502696678026e-08,2.1292466937854135e-07,0.22786177105831534,0.09992313604919292
Epidermis 2,tet2,5.530177,1.1751006,3.19907807992687e-08,2.3567549892668547e-07,0.33369330453563717,0.22521137586471945
Epidermis 2,fam168a,5.5162024,1.3829918,3.4640300280774615e-08,2.547644059409447e-07,0.25377969762419006,0.12605687932359724
Epidermis 2,znf674,5.51199,1.323331,3.5479878059937704e-08,2.6076336111347275e-07,0.2591792656587473,0.13066871637202152
Epidermis 2,n4bp1,5.5043344,1.1360993,3.705658368491802e-08,2.7198510346067815e-07,0.296976241900648,0.17524980784012298
Epidermis 2,mapkapk2,5.5025625,1.0212847,3.743106753034259e-08,2.746413330798943e-07,0.33369330453563717,0.2175249807840123
Epidermis 2,usp45,5.490761,1.2930287,4.0020560576240905e-08,2.9314825523133695e-07,0.27429805615550756,0.15142198308993082
Epidermis 2,rassf2,5.48588,3.4817448,4.114161998400788e-08,3.012588220372604e-07,0.16198704103671707,0.029208301306687164
Epidermis 2,slc66a3,5.4662223,2.19324,4.5972823522612126e-08,3.361839752302008e-07,0.183585313174946,0.04996156802459646
Epidermis 2,septin5,5.456895,1.833927,4.845336229209536e-08,3.540860075605535e-07,0.21058315334773217,0.08070714834742505
Epidermis 2,rpl24,5.4566274,1.0430968,4.85263686454744e-08,3.545008002051881e-07,0.3120950323974082,0.18985395849346656
Epidermis 2,pde3b,5.4407806,1.4427053,5.3047625226025034e-08,3.868824298319159e-07,0.24946004319654427,0.1245196003074558
Epidermis 2,LOC116407555,5.4402456,1.1895429,5.320715369448557e-08,3.879162381447944e-07,0.28077753779697623,0.15910837817063797
Epidermis 2,aggf1,5.438106,1.1635584,5.384992976216461e-08,3.9234033967953053e-07,0.28725701943844495,0.16448885472713298
Epidermis 2,polrmt,5.435465,1.4175231,5.465373966238274e-08,3.9806383617251467e-07,0.2613390928725702,0.1398923904688701
Epidermis 2,epn2,5.429447,1.1285694,5.652887331084432e-08,4.1130928460017805e-07,0.2894168466522678,0.1652574942352037
Epidermis 2,LOC116407600,5.4218917,1.033041,5.8971631510452804e-08,4.289399903965302e-07,0.3174946004319654,0.19830899308224442
Epidermis 2,myh6,5.4091206,1.5707103,6.333493323723384e-08,4.597576773684895e-07,0.23542116630669546,0.10914681014604151
Epidermis 2,ercc3,5.406747,1.0522504,6.417967994562186e-08,4.655800518927576e-07,0.31965442764578833,0.20522674865488086
Epidermis 2,ppp4r1l,5.401665,1.3445379,6.602500931954567e-08,4.783305871055133e-07,0.25161987041036715,0.12528823981552653
Epidermis 2,dip2a,5.3935413,1.7004228,6.90823535542636e-08,4.998163252346108e-07,0.2224622030237581,0.09684857801691008
Epidermis 2,mtfr2,5.3898306,1.2867458,7.052413073049389e-08,5.099095615209103e-07,0.27429805615550756,0.15603382013835512
Epidermis 2,rpl7a,5.373984,1.0797536,7.701571368584555e-08,5.559245412963399e-07,0.3099352051835853,0.1929285165257494
Epidermis 2,rpl8,5.3684344,1.1229364,7.942311839620494e-08,5.731123897234088e-07,0.2894168466522678,0.16679477325134512
Epidermis 2,mycl,5.3653584,2.8875258,8.078856338141696e-08,5.823875921856292e-07,0.1630669546436285,0.03228285933897002
Epidermis 2,rpl19,5.3644557,1.1941149,8.119358794337562e-08,5.851140298918095e-07,0.28725701943844495,0.16910069177555725
Epidermis 2,safb,5.3567,1.2515789,8.475579041276403e-08,6.099789256586161e-07,0.265658747300216,0.14219830899308225
Epidermis 2,sub1,5.353758,1.0961698,8.61461727435519e-08,6.197809546445915e-07,0.2937365010799136,0.17371252882398155
Epidermis 2,slit1,5.3517184,2.1381514,8.712289358449861e-08,6.266014043860725e-07,0.2224622030237581,0.10299769408147579
Epidermis 2,snrpb,5.3510165,1.2934481,8.7461616120432e-08,6.288302884230466e-07,0.2580993520518359,0.1345119139123751
Epidermis 2,dhx30,5.346804,1.4235774,8.952088676684472e-08,6.430004180840416e-07,0.24190064794816415,0.11683320522674866
Epidermis 2,grk4,5.346269,1.3918223,8.978571660884475e-08,6.446903988554133e-07,0.25593952483801297,0.13528055342044581
Epidermis 2,rpl26,5.3396163,1.07426,9.3143588242308e-08,6.685809996826984e-07,0.31101511879049676,0.196771714066103
Epidermis 2,trim69.1,5.334568,1.2598323,9.5772323344724e-08,6.867722207378319e-07,0.2678185745140389,0.1445042275172944
Epidermis 2,znf646,5.3332305,1.0285115,9.648062164874624e-08,6.916240620884665e-07,0.31641468682505397,0.20061491160645656
Epidermis 2,dph1,5.3284163,1.2041408,9.907272378904193e-08,7.088084937051422e-07,0.28077753779697623,0.1614142966948501
Epidermis 2,clcn6,5.3252406,1.3150359,1.008195611939438e-07,7.210696967594388e-07,0.2570194384449244,0.1337432744043044
Epidermis 2,fyn,5.3219643,1.7353915,1.0265278906053251e-07,7.337001343235768e-07,0.22138228941684665,0.0983858570330515
Epidermis 2,masp1,5.3174844,1.1041552,1.0521174422710602e-07,7.517437690830649e-07,0.36069114470842334,0.26364335126825517
Epidermis 2,impdh2,5.312135,1.2347852,1.0834813978660902e-07,7.736468449880875e-07,0.27645788336933047,0.15987701767870868
Epidermis 2,focad,5.3068867,1.709978,1.1151358499716939e-07,7.954684335479678e-07,0.21490280777537796,0.08916218293620293
Epidermis 2,jade2,5.3064184,1.3797046,1.1180016055885188e-07,7.972520599851983e-07,0.24838012958963282,0.1245196003074558
Epidermis 2,hspa9,5.2853565,1.8781096,1.2546023531699188e-07,8.932031957103033e-07,0.2084233261339093,0.08455034588777863
Epidermis 2,rab3a,5.2828827,1.1305717,1.271669703590821e-07,9.05058858514524e-07,0.30561555075593955,0.18831667947732514
Epidermis 2,fat3,5.276865,2.123874,1.3141278674789352e-07,9.340581171419493e-07,0.19114470842332612,0.06456571867794005
Epidermis 2,neil1,5.264261,1.3314526,1.4075436593328577e-07,9.978560815562796e-07,0.2526997840172786,0.13143735588009223
Epidermis 2,pfkfb1,5.25597,1.2916529,1.4724634360887086e-07,1.042863506617712e-06,0.2602591792656587,0.14142966948501154
Epidermis 2,coro2a,5.2410927,2.80523,1.5962839245792771e-07,1.1279958393213862e-06,0.16198704103671707,0.034588777863182166
Epidermis 2,rpl23,5.2406583,1.1166365,1.600048428437171e-07,1.1302899565207999e-06,0.2840172786177106,0.16448885472713298
Epidermis 2,smpd4,5.2363453,1.5119884,1.6378721555995137e-07,1.156634573052977e-06,0.23326133909287258,0.11299000768639508
Epidermis 2,pwp2,5.2302275,1.5956228,1.6930156094101004e-07,1.1951890525052671e-06,0.22138228941684665,0.0983858570330515
Epidermis 2,tmem19,5.229325,1.1940902,1.7013019869610653e-07,1.2006504093621413e-06,0.2732181425485961,0.15680245964642583
Epidermis 2,c2cd2l,5.2281213,1.3518802,1.7124115091539836e-07,1.2080999528370216e-06,0.2473002159827214,0.1291314373558801
Epidermis 2,tmem209,5.217724,1.0215578,1.811350681181197e-07,1.276662894510817e-06,0.3120950323974082,0.1975403535741737
Epidermis 2,zbtb8os,5.213311,1.6027154,1.854994695398527e-07,1.3070015901934536e-06,0.21922246220302377,0.09684857801691008
Epidermis 2,ensa,5.2060227,1.117972,1.929308179961535e-07,1.3584844722471975e-06,0.28293736501079914,0.16448885472713298
Epidermis 2,cdk2,5.205354,1.4721572,1.9362682557851166e-07,1.3627512829862824e-06,0.23218142548596113,0.10914681014604151
Epidermis 2,cdc34,5.190945,1.3448156,2.0922918604943603e-07,1.4703993780305133e-06,0.24622030237580994,0.12682551883166795
Epidermis 2,ildr2,5.1870003,1.0319571,2.1370841909950962e-07,1.500911301310074e-06,0.3185745140388769,0.21060722521137587
Epidermis 2,naglu,5.1862984,2.161016,2.145152245468824e-07,1.5060928940918666e-06,0.1771058315334773,0.04996156802459646
Epidermis 2,mre11,5.181785,1.88689,2.1977255166223135e-07,1.5415161844492286e-06,0.19870410367170627,0.07609531129900077
Epidermis 2,wdr82,5.1422353,1.3779426,2.714889669120255e-07,1.893913282284945e-06,0.24406047516198703,0.1245196003074558
Epidermis 2,wdr74,5.136151,1.8657843,2.8042296098853325e-07,1.9543626418814384e-06,0.19870410367170627,0.07763259031514219
Epidermis 2,ncs1,5.135616,1.1128182,2.812218051630527e-07,1.9593042817570156e-06,0.28509719222462204,0.17140661029976942
Epidermis 2,nsmce2,5.1279263,1.1765286,2.929509193908879e-07,2.04037089435958e-06,0.2732181425485961,0.15680245964642583
Epidermis 2,irx2,5.1277595,1.255855,2.932110741547544e-07,2.0415312218030935e-06,0.275377969762419,0.16448885472713298
Epidermis 2,hydin,5.122042,1.1557958,3.0224388128877093e-07,2.1030815477048054e-06,0.27213822894168466,0.15680245964642583
Epidermis 2,nagpa,5.11666,1.4888916,3.109936399430282e-07,2.162279267906033e-06,0.22570194384449244,0.10607225211375865
Epidermis 2,cdk5rap2,5.1111436,1.2063098,3.202143411756782e-07,2.2231616731767338e-06,0.2710583153347732,0.15603382013835512
Epidermis 2,c15orf39,5.10195,1.0641315,3.3617167850527635e-07,2.3302421209223745e-06,0.2991360691144708,0.18831667947732514
Epidermis 2,gcsh,5.099643,1.0954599,3.402944218924712e-07,2.357322088925592e-06,0.28293736501079914,0.16679477325134512
Epidermis 2,clip2,5.0876746,1.6994201,3.624806332446944e-07,2.50703324818779e-06,0.22786177105831534,0.11299000768639508
Epidermis 2,xkr4,5.0831947,1.4826314,3.7113883618394637e-07,2.565290004551756e-06,0.23974082073434125,0.12221368178324366
Epidermis 2,gar1,5.0690866,1.479276,3.997294437614364e-07,2.759410374032997e-06,0.23002159827213822,0.11299000768639508
Epidermis 2,heatr5a,5.054209,1.1776786,4.321771778161057e-07,2.975871946079281e-06,0.2678185745140389,0.15449654112221367
Epidermis 2,dhx33,5.047657,1.5375013,4.4726164126563093e-07,3.07779762663429e-06,0.21814254859611232,0.09992313604919292
Epidermis 2,hdac10,5.0394993,1.2392446,4.667509343614027e-07,3.205845810103925e-06,0.2580993520518359,0.14296694850115296
Epidermis 2,xkr5,5.0365577,1.307486,4.739788424284726e-07,3.2534420637407048e-06,0.24838012958963282,0.13297463489623368
Epidermis 2,stard7,5.0336823,1.9016384,4.811467151024263e-07,3.3016045503930954e-06,0.1879049676025918,0.0668716372021522
Epidermis 2,cnot11,5.0146933,1.3012514,5.311817727178504e-07,3.634655836461654e-06,0.234341252699784,0.11452728670253651
Epidermis 2,c1orf35,5.010982,1.6669726,5.41529250800863e-07,3.703136879262185e-06,0.20734341252699784,0.0883935434281322
Epidermis 2,plppr3,5.002357,1.9723932,5.663364500606251e-07,3.871562555379981e-06,0.18898488120950324,0.07071483474250577
Epidermis 2,camsap2,4.9985456,1.528434,5.776434991421001e-07,3.946386598240378e-06,0.23002159827213822,0.11683320522674866
Epidermis 2,nip7,4.984872,2.1688,6.200284156833763e-07,4.226691677171806e-06,0.1771058315334773,0.05764796310530361
Epidermis 2,batf2,4.983167,1.3682008,6.255192092120322e-07,4.262790338605796e-06,0.22786177105831534,0.11068408916218293
Epidermis 2,ereg,4.977283,4.844808,6.448300621857978e-07,4.393018041509926e-06,0.1306695464362851,0.007686395080707148
Epidermis 2,usp28,4.9769487,1.2700794,6.45944347894424e-07,4.399235835020046e-06,0.24838012958963282,0.1337432744043044
Epidermis 2,eif2s3,4.9683566,1.0499301,6.75226583220717e-07,4.591498682598712e-06,0.2937365010799136,0.18447348193697155
Epidermis 2,LOC105947943,4.9541483,2.1161242,7.26478043650483e-07,4.932320283290974e-06,0.17278617710583152,0.05226748654880861
Epidermis 2,ncbp2,4.9518747,1.1030142,7.350185511536851e-07,4.988752660878557e-06,0.2861771058315335,0.1813989239046887
Epidermis 2,znf143,4.9437175,1.0689498,7.664672961459937e-07,5.195738698105539e-06,0.2775377969762419,0.1660261337432744
Epidermis 2,trps1,4.935527,1.488529,7.993471307870418e-07,5.4152603976727854e-06,0.23002159827213822,0.11683320522674866
Epidermis 2,dlgap4,4.932986,1.3685905,8.098197707201997e-07,5.481103355113362e-06,0.23002159827213822,0.1137586471944658
Epidermis 2,rpl27,4.920683,1.4779508,8.624268117836773e-07,5.8317370498703505e-06,0.21814254859611232,0.10299769408147579
Epidermis 2,ccnd2,4.9153676,1.3918636,8.861609568737191e-07,5.984809111711985e-06,0.24622030237580994,0.13528055342044581
Epidermis 2,arl5c,4.9126596,1.5175784,8.984925138481026e-07,6.064338120841153e-06,0.21706263498920086,0.10222905457340507
Epidermis 2,mgmt,4.9058394,1.5857911,9.302862483228203e-07,6.275046746414919e-06,0.2203023758099352,0.1083781706379708
Epidermis 2,stxbp3,4.886282,1.0609016,1.0275807641808634e-06,6.927043514115113e-06,0.28833693304535635,0.180630284396618
Epidermis 2,cd99l2,4.879896,2.2925894,1.0614159792466682e-06,7.150712591275563e-06,0.16630669546436286,0.04842428900845504
Epidermis 2,adam28.1,4.866156,1.6472756,1.1378975410664396e-06,7.654149890138958e-06,0.20518358531317496,0.09146810146041506
Epidermis 2,c1h12orf43,4.864785,1.9237082,1.1458116043731085e-06,7.70263555730918e-06,0.18682505399568033,0.0722521137586472
Epidermis 2,prkar1a,4.8545218,1.3945878,1.2067766469163465e-06,8.09750098781107e-06,0.21274298056155508,0.09607993850883935
Epidermis 2,twf2,4.853485,1.3257676,1.2131033719499842e-06,8.134950423884637e-06,0.23542116630669546,0.12221368178324366
Epidermis 2,wnt3a,4.8449936,1.9326295,1.2661573399721632e-06,8.48550961779256e-06,0.19222462203023757,0.07763259031514219
Epidermis 2,LOC116410852,4.835031,1.6198511,1.3312489788425556e-06,8.910792628013315e-06,0.2084233261339093,0.09531129900076864
Epidermis 2,ccne1,4.831788,1.0560125,1.353122270451289e-06,9.051649620943462e-06,0.28833693304535635,0.18447348193697155
Epidermis 2,nfyb,4.8258038,1.0790316,1.394397119630915e-06,9.32489719505553e-06,0.2775377969762419,0.1706379707916987
Epidermis 2,pak1ip1,4.8229957,1.3787614,1.4141811959752248e-06,9.45430388399981e-06,0.23110151187904968,0.12144504227517294
Epidermis 2,exosc9,4.8211904,1.5991356,1.4270417725634005e-06,9.528604198012842e-06,0.20086393088552915,0.08685626441199078
Epidermis 2,col14a1,4.820622,4.4246492,1.4311136957369517e-06,9.549948609992669e-06,0.1285097192224622,0.009223674096848577
Epidermis 2,pmepa1,4.810693,1.5150228,1.5040812713348688e-06,1.0024605199083132e-05,0.22462203023758098,0.1137586471944658
Epidermis 2,coq8a,4.80862,1.2742078,1.5197585267340796e-06,1.0126000247897512e-05,0.2408207343412527,0.1299000768639508
Epidermis 2,nckipsd,4.806146,1.0059633,1.5386757886075475e-06,1.0248914646888063e-05,0.28833693304535635,0.18524212144504226
Epidermis 2,svip,4.799125,1.2443165,1.5936007434748013e-06,1.0605050876292661e-05,0.2386609071274298,0.12605687932359724
Epidermis 2,kat14,4.797086,1.1255572,1.6099051972546083e-06,1.071028698454049e-05,0.26997840172786175,0.16218293620292082
Epidermis 2,naa16,4.7917705,1.8415018,1.653160894050425e-06,1.0988006052109147e-05,0.1879049676025918,0.07455803228285934
Epidermis 2,LOC101735263,4.782744,1.1431835,1.7291850298596428e-06,1.1479326600720191e-05,0.2570194384449244,0.1498847040737894
Epidermis 2,ctu2,4.7698393,1.0401942,1.8437312351289755e-06,1.2217448916413415e-05,0.2796976241900648,0.17448116833205227
Epidermis 2,hnf1b,4.7662287,1.3259838,1.8770639514759129e-06,1.2434551452688492e-05,0.3002159827213823,0.20445810914681015
Epidermis 2,eif6,4.7580376,1.9328151,1.9548399198866423e-06,1.2945845794187077e-05,0.18034557235421167,0.0668716372021522
Epidermis 2,rpl7,4.7548285,1.199196,1.986151863134982e-06,1.3145228937054425e-05,0.2473002159827214,0.13912375096079937
Epidermis 2,parva,4.7480416,1.4787216,2.053957808659621e-06,1.358575730304989e-05,0.20950323974082075,0.09684857801691008
Epidermis 2,terf1,4.746604,1.4363683,2.06860332744911e-06,1.3678482790383948e-05,0.21706263498920086,0.10684089162182936
Epidermis 2,cbx2,4.725642,1.6830704,2.2938907088841825e-06,1.5126923287567767e-05,0.19546436285097193,0.08378170637970792
Epidermis 2,taf1a,4.713841,1.828987,2.4309043315651785e-06,1.6013725229763698e-05,0.18898488120950324,0.07916986933128363
Epidermis 2,ddhd1,4.7138076,1.3218663,2.4313034089275074e-06,1.6013725229763698e-05,0.23758099352051837,0.13220599538816294
Epidermis 2,exosc7,4.7064524,1.5202471,2.5206463577918928e-06,1.6587160486543094e-05,0.2159827213822894,0.10991544965411222
Epidermis 2,tsr2,4.705282,1.575984,2.535147455554224e-06,1.6677555811772302e-05,0.20086393088552915,0.08993082244427364
Epidermis 2,filip1l,4.7035775,1.9431056,2.5564210633490437e-06,1.6802308440764906e-05,0.17494600431965443,0.0622598001537279
Epidermis 2,akap8,4.701839,1.0303478,2.5782881740807888e-06,1.693582969494789e-05,0.2732181425485961,0.16679477325134512
Epidermis 2,LOC116406464,4.7014046,1.8435394,2.5837829395734233e-06,1.6966815385023074e-05,0.183585313174946,0.0722521137586472
Epidermis 2,LOC100486247,4.7000337,1.5780218,2.6011863057941793e-06,1.7065690432572094e-05,0.21058315334773217,0.10299769408147579
Epidermis 2,rnf150,4.69776,2.217531,2.6302987396526823e-06,1.7251502494127195e-05,0.1652267818574514,0.05226748654880861
Epidermis 2,rcc1,4.6912746,1.5199645,2.7150836555998854e-06,1.7786202476386998e-05,0.21382289416846653,0.10530361260568794
Epidermis 2,pno1,4.686661,1.8707634,2.776984419822625e-06,1.8175338039876877e-05,0.1857451403887689,0.07609531129900077
Epidermis 2,dcaf1,4.6848555,1.2594367,2.801573217516216e-06,1.8330773367142833e-05,0.23650107991360692,0.1291314373558801
Epidermis 2,LOC105945411,4.684722,1.2807537,2.803402897195476e-06,1.8337246588639835e-05,0.2386609071274298,0.13220599538816294
Epidermis 2,c11orf49,4.676264,1.2831532,2.921489097177177e-06,1.9081057644269135e-05,0.23110151187904968,0.12144504227517294
Epidermis 2,taf9b,4.676063,1.0688488,2.924346682452014e-06,1.9094006271030936e-05,0.27213822894168466,0.16679477325134512
Epidermis 2,nol7,4.675829,1.137643,2.9276839213476693e-06,1.9110078028036938e-05,0.2580993520518359,0.15372790161414296
Epidermis 2,otub2,4.672285,1.8485568,2.9786680392431516e-06,1.9413833716942897e-05,0.1771058315334773,0.06456571867794005
Epidermis 2,cthrc1,4.666468,3.6472461,3.0642106396078694e-06,1.9947535908974736e-05,0.13174946004319654,0.016910069177555727
Epidermis 2,apex1,4.662423,1.2576727,3.1250810966944696e-06,2.0337725801064725e-05,0.23218142548596113,0.1245196003074558
Epidermis 2,mab21l3,4.650889,4.0129595,3.3050719650700875e-06,2.148986154642264e-05,0.1263498920086393,0.011529592621060722
Epidermis 2,sall2,4.650722,1.3419925,3.3077522199297367e-06,2.1500882094455402e-05,0.24190064794816415,0.13758647194465795
Epidermis 2,rwdd1,4.6336384,1.31191,3.5929466668840936e-06,2.3292242786119374e-05,0.22570194384449244,0.11837048424289008
Epidermis 2,farsa,4.6297603,1.2476579,3.6608954218541635e-06,2.371864578393103e-05,0.23002159827213822,0.12221368178324366
Epidermis 2,gpam,4.6197305,1.7997395,3.842385769394574e-06,2.4857604469006525e-05,0.18250539956803455,0.0730207532667179
Epidermis 2,neurl1,4.614649,3.7707214,3.9376020535275736e-06,2.5450952135670964e-05,0.1285097192224622,0.014604150653343582
Epidermis 2,znf800,4.6132116,1.2002506,3.9649460038856696e-06,2.562010268012709e-05,0.2548596112311015,0.15372790161414296
Epidermis 2,s1pr5,4.606893,3.244189,4.087305062946669e-06,2.638730289306487e-05,0.132829373650108,0.01921598770176787
Epidermis 2,LOC100486598,4.6057563,1.0851822,4.109697390851405e-06,2.6508337796561784e-05,0.26673866090712745,0.1660261337432744
Epidermis 2,slc39a6,4.600307,1.1405482,4.218691657952144e-06,2.7187262453683917e-05,0.2451403887688985,0.1398923904688701
Epidermis 2,kiaa1958,4.593086,1.4135227,4.3673995356569075e-06,2.8120692023478718e-05,0.2224622030237581,0.11837048424289008
Epidermis 2,rplp2,4.586098,1.5383958,4.516060389775507e-06,2.906073540704551e-05,0.19978401727861772,0.0930053804765565
Epidermis 2,ldlrad3,4.583357,1.1115087,4.575700683448117e-06,2.9435838624269266e-05,0.2634989200863931,0.16295157571099156
Epidermis 2,nudt21,4.582989,1.3278885,4.583758377200299e-06,2.947898365720239e-05,0.2203023758099352,0.11452728670253651
Epidermis 2,gfra1,4.577707,1.8695252,4.701006646244008e-06,3.021521827030648e-05,0.1900647948164147,0.08378170637970792
Epidermis 2,pcgf6,4.5437737,1.1261799,5.525597166616761e-06,3.539009561865111e-05,0.2386609071274298,0.13220599538816294
Epidermis 2,ttc27,4.5428376,1.373434,5.550199995844901e-06,3.5526815520484475e-05,0.2203023758099352,0.11683320522674866
Epidermis 2,snrnp25,4.53224,1.2936631,5.8361549112482736e-06,3.7324365861180704e-05,0.2159827213822894,0.10914681014604151
Epidermis 2,supv3l1,4.5315375,1.9966601,5.855588141849541e-06,3.743767619200084e-05,0.17062634989200864,0.06379707916986933
Epidermis 2,exosc2,4.523146,1.7954794,6.092708225272736e-06,3.889671918773446e-05,0.17602591792656588,0.06764027671022291
Epidermis 2,lzts2,4.5126824,1.8048784,6.401289884778189e-06,4.0807054214357244e-05,0.17494600431965443,0.0668716372021522
Epidermis 2,unc45a,4.5081687,1.505864,6.5389504871295825e-06,4.166027403785536e-05,0.19546436285097193,0.08916218293620293
Epidermis 2,dusp11.2,4.497805,1.0159411,6.8658595481132915e-06,4.366654654601578e-05,0.26457883369330454,0.1614142966948501
Epidermis 2,irs1,4.489882,1.1596824,7.126271661867761e-06,4.524363512761606e-05,0.2386609071274298,0.1345119139123751
Epidermis 2,cog6,4.4758406,1.0921417,7.611131181030354e-06,4.818175036300068e-05,0.24406047516198703,0.14142966948501154
Epidermis 2,lrch2,4.4740686,1.7867671,7.67451160075801e-06,4.856888562649088e-05,0.17062634989200864,0.0622598001537279
Epidermis 2,fam120a,4.4735003,1.1330532,7.694947838434172e-06,4.8684098806167604e-05,0.23974082073434125,0.13681783243658724
Epidermis 2,rasgef1a,4.470157,1.1428065,7.816218247109495e-06,4.940837148614608e-05,0.30561555075593955,0.21983089930822444
Epidermis 2,LOC101732101,4.4653764,1.2755,7.992813888657452e-06,5.049542323809909e-05,0.2159827213822894,0.11145272867025365
Epidermis 2,rpl37,4.463036,1.1062428,8.08064366103421e-06,5.1035521078850216e-05,0.24406047516198703,0.14219830899308225
Epidermis 2,cbx1,4.453575,1.3184861,8.445222496553955e-06,5.3291845025246915e-05,0.21922246220302377,0.11760184473481937
Epidermis 2,cry4,4.450198,1.2772993,8.579103550979488e-06,5.4121023008361776e-05,0.22786177105831534,0.12759415833973867
Epidermis 2,sdc2,4.439801,1.2672992,9.00420840122182e-06,5.675356196506683e-05,0.2224622030237581,0.12067640276710223
Epidermis 2,ccdc137,4.438798,1.6510736,9.046263361982463e-06,5.7002169454755804e-05,0.19438444924406048,0.09223674096848578
Epidermis 2,gtf2b,4.434519,1.1785233,9.227815864777753e-06,5.807907989192828e-05,0.25161987041036715,0.15757109915449655
Epidermis 2,srek1ip1,4.4218817,1.1802213,9.784506059319532e-06,6.151187171432196e-05,0.23542116630669546,0.13604919292851653
Epidermis 2,zbtb17,4.4138246,1.2348742,1.0156026348622563e-05,6.373731692645756e-05,0.22354211663066956,0.12144504227517294
Epidermis 2,mrps15,4.412822,1.5328641,1.0203205742523508e-05,6.401499497055937e-05,0.19114470842332612,0.08608762490392007
Epidermis 2,snx14,4.40667,1.3891912,1.0497183712637616e-05,6.584048456265176e-05,0.21058315334773217,0.1083781706379708
Epidermis 2,adgre2,4.3925285,4.0199823,1.1203990449855645e-05,7.021317507360713e-05,0.11987041036717062,0.011529592621060722
Epidermis 2,ssx2ip,4.381496,1.7247744,1.1786715856890914e-05,7.382259664558457e-05,0.1771058315334773,0.0722521137586472
Epidermis 2,ltv1,4.3809276,1.7076278,1.1817505368742836e-05,7.399419932606525e-05,0.17818574514038876,0.07378939277478862
Epidermis 2,eif4ebp2,4.37267,1.4525135,1.2273611233548394e-05,7.678396523143907e-05,0.19438444924406048,0.09069946195234435
Epidermis 2,surf2,4.3709316,1.575323,1.2371751128861767e-05,7.737574702863072e-05,0.183585313174946,0.07993850883935434
Epidermis 2,grwd1,4.3644457,1.9392447,1.2744537919076743e-05,7.955980904481914e-05,0.1695464362850972,0.0668716372021522
Epidermis 2,kiaa0753,4.3626404,1.3433896,1.2850195248505464e-05,8.016126658594561e-05,0.20518358531317496,0.1037663335895465
Epidermis 2,ttc21b,4.3624735,1.8150747,1.2860020497996752e-05,8.019963054780998e-05,0.17386609071274298,0.07071483474250577
Epidermis 2,stx2,4.346159,1.198074,1.3854231771940385e-05,8.622737920579324e-05,0.23974082073434125,0.1445042275172944
Epidermis 2,dmrt2,4.3445873,3.2826624,1.3953764369717625e-05,8.677261108908756e-05,0.12742980561555076,0.0207532667179093
Epidermis 2,ppp1r35,4.336129,1.1289008,1.450137081187221e-05,9.004963360440053e-05,0.23218142548596113,0.1337432744043044
Epidermis 2,nckap5l,4.329677,1.2973511,1.4932827010738959e-05,9.267611439173346e-05,0.21166306695464362,0.11145272867025365
Epidermis 2,isca1,4.3238263,1.2978468,1.5334601472585255e-05,9.508847363832987e-05,0.21274298056155508,0.1137586471944658
Epidermis 2,rpl15,4.307545,1.1587877,1.6507644600833888e-05,0.00010218817385384291,0.23542116630669546,0.13912375096079937
Epidermis 2,asb7,4.306977,1.3844767,1.6550099176661833e-05,0.00010242192686725406,0.1976241900647948,0.09607993850883935
Epidermis 2,mettl1,4.3037004,2.339715,1.6796873573962943e-05,0.00010389018658090856,0.1468682505399568,0.04304381245196003
Epidermis 2,lbhd1,4.2971144,1.5970911,1.730359065156936e-05,0.00010690307236916619,0.1879049676025918,0.0883935434281322
Epidermis 2,ppia,4.281535,1.034225,1.8560834788633197e-05,0.00011454071717272766,0.24298056155507558,0.14373558800922367
Epidermis 2,erf,4.268062,1.0180389,1.9717833542895024e-05,0.00012154317676257409,0.2580993520518359,0.16295157571099156
Epidermis 2,rpl35,4.265254,1.3288667,1.9967495118479887e-05,0.00012297790318384127,0.21058315334773217,0.11299000768639508
Epidermis 2,hprt1,4.2443924,1.6931574,2.191863589149818e-05,0.00013480455292795427,0.17926565874730022,0.07993850883935434
Epidermis 2,rarb,4.240481,2.2164433,2.2304127433546725e-05,0.00013709813090913327,0.14578833693304535,0.042275172943889314
Epidermis 2,fbxo10,4.239478,1.8574241,2.2404005909727542e-05,0.00013763451941333467,0.1695464362850972,0.06994619523443504
Epidermis 2,LOC100492755,4.237171,1.0217,2.2635344322846666e-05,0.00013893835399967288,0.2451403887688985,0.1491160645657187
Epidermis 2,urb2,4.2283454,1.5316906,2.3541627687279124e-05,0.0001442577528121645,0.18682505399568033,0.08762490392006149
Epidermis 2,ccdc82,4.2268744,1.3834131,2.3695992422975124e-05,0.00014516290024192593,0.19978401727861772,0.10069177555726365
Epidermis 2,il11ra,4.223899,1.2121099,2.4011179400321744e-05,0.00014705246862038192,0.22786177105831534,0.1337432744043044
Epidermis 2,sema3fl,4.2196198,2.8367512,2.4471483290804417e-05,0.00014978744372752965,0.13174946004319654,0.029208301306687164
Epidermis 2,runx1t1,4.2185497,1.6452292,2.4587864162414983e-05,0.0001504575950331064,0.19114470842332612,0.09454265949269793
Epidermis 2,polg,4.2089214,1.378425,2.5659252490682834e-05,0.00015677556716389032,0.1976241900647948,0.10069177555726365
Epidermis 2,nceh1,4.207551,1.0549326,2.581534005587075e-05,0.00015757105884172187,0.24190064794816415,0.1460415065334358
Epidermis 2,wdr72,4.2007976,1.043209,2.659763246289111e-05,0.00016220987645968333,0.31317494600431967,0.23674096848578016
Epidermis 2,fcho1,4.1983237,2.052959,2.6889816594870922e-05,0.00016390019215549675,0.15334773218142547,0.05226748654880861
Epidermis 2,hnrnpr,4.1941447,1.4960787,2.7390315197208984e-05,0.0001668576404015347,0.18898488120950324,0.08993082244427364
Epidermis 2,dcp1a,4.179836,1.0929424,2.917195584860151e-05,0.00017716706055450422,0.24406047516198703,0.15295926210607225
Epidermis 2,pimreg,4.1748548,1.3932006,2.9817650212930653e-05,0.000180937415265951,0.20302375809935205,0.10760953112990007
Epidermis 2,ruvbl2,4.1728487,1.1072555,3.0081478433308056e-05,0.00018243689296642998,0.22462203023758098,0.1291314373558801
Epidermis 2,wbp4,4.1685696,1.1502382,3.065174585161908e-05,0.00018568899117939476,0.234341252699784,0.14219830899308225
Epidermis 2,rtcb,4.151486,1.0409639,3.3032381056619044e-05,0.00019999988541522868,0.2451403887688985,0.15372790161414296
Epidermis 2,trmt44,4.14841,1.3695983,3.3479234478401365e-05,0.00020264920264998507,0.20086393088552915,0.10453497309761722
Epidermis 2,yaf2,4.1475744,1.2036068,3.360165063078753e-05,0.00020327741015093277,0.23110151187904968,0.14219830899308225
Epidermis 2,myo5a,4.142827,1.1981132,3.430508016884614e-05,0.00020724561305769426,0.2159827213822894,0.12067640276710223
Epidermis 2,ccdc150,4.1375446,1.4576201,3.5104202363938426e-05,0.0002120146138343483,0.19330453563714903,0.0983858570330515
Epidermis 2,tp73,4.1349034,1.8636549,3.551036220040903e-05,0.00021440830480772704,0.17278617710583152,0.07686395080707148
Epidermis 2,nipa2,4.1288857,1.2692872,3.64525205615323e-05,0.00021961083687829823,0.20626349892008639,0.11068408916218293
Epidermis 2,prps1,4.1278496,1.2797291,3.661715827155299e-05,0.00022048096320186473,0.21814254859611232,0.12682551883166795
Epidermis 2,pgm2l1,4.1264787,1.6764271,3.683598948190954e-05,0.0002217374142026891,0.17062634989200864,0.0722521137586472
Epidermis 2,ceacam8l,4.1230354,3.3032055,3.7391226909009284e-05,0.00022489359492323363,0.11987041036717062,0.018447348193697154
Epidermis 2,bend4,4.1211634,2.1089141,3.769642843108633e-05,0.00022647956079150186,0.14362850971922247,0.04304381245196003
Epidermis 2,ank2,4.120227,1.4101876,3.784991458231176e-05,0.00022733910985428708,0.20518358531317496,0.11068408916218293
Epidermis 2,sox3,4.1180873,1.3217933,3.82029707809029e-05,0.00022933343202478188,0.20734341252699784,0.11222136817832437
Epidermis 2,dhx35,4.1077237,1.2922065,3.995778272901477e-05,0.00023953812553017346,0.20086393088552915,0.10453497309761722
Epidermis 2,ipo8,4.106988,1.3594152,4.008518201297224e-05,0.00024023585737573944,0.19978401727861772,0.10530361260568794
Epidermis 2,ddx24,4.103879,1.387495,4.062800485806212e-05,0.0002433553922612609,0.19222462203023757,0.09531129900076864
Epidermis 2,trim9,4.1036115,1.5725598,4.067502370467071e-05,0.00024357016801855643,0.18142548596112312,0.08455034588777863
Epidermis 2,surf6,4.1016054,1.6724608,4.1029314536698156e-05,0.0002455569589976112,0.1717062634989201,0.07532667179093006
Epidermis 2,bccip,4.0889683,1.5290054,4.332958205031467e-05,0.0002590060454351236,0.17494600431965443,0.07686395080707148
Epidermis 2,pop1,4.0772004,1.6838124,4.558119430625801e-05,0.0002720534028875427,0.1771058315334773,0.0830130668716372
Epidermis 2,tsen54,4.07593,1.153952,4.5830795532729346e-05,0.00027346835912488024,0.21274298056155508,0.11683320522674866
Epidermis 2,sh2b3,4.0729547,1.1416668,4.6420470459369744e-05,0.0002767598595338544,0.234341252699784,0.1452728670253651
Epidermis 2,sntb2,4.0720854,1.786774,4.6594088352958374e-05,0.00027771909367656504,0.1652267818574514,0.06840891621829362
Epidermis 2,frs3,4.0687757,1.4710878,4.7260824294411196e-05,0.00028146245822280205,0.17926565874730022,0.08147578785549578
Epidermis 2,imp4,4.0657,1.7511122,4.7888518124578885e-05,0.00028488968211462263,0.1695464362850972,0.07455803228285934
Epidermis 2,pacsin2,4.0573087,1.3533651,4.964147530517312e-05,0.0002945952223644772,0.18898488120950324,0.09223674096848578
Epidermis 2,dcaf4,4.0559044,1.1084647,4.994067528471318e-05,0.00029625207331008635,0.2267818574514039,0.1345119139123751
Epidermis 2,wdr24,4.055871,1.4106505,4.994781988487272e-05,0.00029625207331008635,0.18250539956803455,0.08608762490392007
Epidermis 2,uchl5,4.054199,1.669663,5.030628773237534e-05,0.00029829714799134844,0.1630669546436285,0.06533435818601076
Epidermis 2,cct8,4.053397,1.397107,5.047921716707112e-05,0.0002992412381968647,0.18034557235421167,0.0830130668716372
Epidermis 2,rpl17,4.0494523,1.1371315,5.133768008728258e-05,0.0003040823879437006,0.23326133909287258,0.1460415065334358
Epidermis 2,stk33,4.0419636,1.5452161,5.3005505284684744e-05,0.00031370575829050873,0.17386609071274298,0.07763259031514219
Epidermis 2,pwp1,4.0273204,1.397876,5.6416152693948675e-05,0.00033316829984699706,0.19330453563714903,0.09992313604919292
Epidermis 2,psma6,4.0251136,1.2773534,5.694776548102648e-05,0.0003361258292024557,0.19870410367170627,0.1037663335895465
Epidermis 2,cpt1a,4.0247793,1.2432725,5.7028725613309906e-05,0.0003365126613326218,0.21382289416846653,0.1245196003074558
Epidermis 2,rps21,4.012744,1.0787247,6.0016971376875294e-05,0.0003536673865554404,0.21706263498920086,0.12221368178324366
Epidermis 2,kars1,4.0023804,1.0641534,6.270841220605951e-05,0.0003686315363007609,0.22354211663066956,0.13143735588009223
Epidermis 2,btf3l4,4.0001736,1.0368385,6.329599577660437e-05,0.0003718852783632967,0.23758099352051837,0.14834742505764797
Epidermis 2,htra1,3.9932199,1.2843924,6.518205505735138e-05,0.000382451633075145,0.24190064794816415,0.15526518063028438
Epidermis 2,wwc3,3.9763036,1.3750532,6.999478894673045e-05,0.0004096985755382525,0.19114470842332612,0.0983858570330515
Epidermis 2,rps15a,3.9728935,1.0154405,7.100481657918586e-05,0.00041516508643473063,0.24838012958963282,0.1614142966948501
Epidermis 2,LOC116407528,3.9698846,1.7557352,7.190745254947293e-05,0.0004202176009860869,0.1652267818574514,0.0722521137586472
Epidermis 2,pif1,3.9697175,1.3107175,7.195791590095041e-05,0.00042039991509361147,0.19438444924406048,0.10222905457340507
Epidermis 2,rbm8a,3.9563112,1.3603227,7.611595787976051e-05,0.00044409794569365084,0.183585313174946,0.08993082244427364
Epidermis 2,pax8,3.9529347,2.7604234,7.719850867447079e-05,0.00045029368024208157,0.1285097192224622,0.03228285933897002
Epidermis 2,polr3k,3.951096,1.7844809,7.779412227046515e-05,0.00045364659061032073,0.15766738660907129,0.06302843966179862
Epidermis 2,tomm40,3.9509957,1.4218619,7.782673492102575e-05,0.0004537155176894745,0.18250539956803455,0.08993082244427364
Epidermis 2,crocc,3.9431057,1.0985173,8.043315881065435e-05,0.00046828494087707803,0.21922246220302377,0.1291314373558801
Epidermis 2,atp1b4,3.9320734,4.2755814,8.421637586389638e-05,0.0004892666500868165,0.10691144708423327,0.009992313604919293
Epidermis 2,cfap300,3.9243171,1.2951815,8.697609493368685e-05,0.000504762065837229,0.183585313174946,0.08916218293620293
Epidermis 2,krr1,3.922445,1.5089259,8.765492024885554e-05,0.0005085017321319824,0.1717062634989201,0.07840122982321292
Epidermis 2,LOC100490380,3.9222777,1.053733,8.771577244980342e-05,0.0005086489159253681,0.22354211663066956,0.13297463489623368
Epidermis 2,nutf2,3.9189012,1.2699362,8.895356614383095e-05,0.0005156896298683675,0.19978401727861772,0.10914681014604151
Epidermis 2,hspbp1,3.918099,1.3341626,8.925011218532775e-05,0.0005172713673296246,0.19222462203023757,0.10222905457340507
Epidermis 2,rexo5,3.9175973,1.2272946,8.943592744583416e-05,0.0005182106672319563,0.19978401727861772,0.10914681014604151
Epidermis 2,agap3,3.9127831,1.3329424,9.12384441853979e-05,0.0005282340383575398,0.19438444924406048,0.1037663335895465
Epidermis 2,ush1c,3.9118805,2.8986442,9.15802136800283e-05,0.0005300049222590915,0.12095032397408208,0.02536510376633359
Epidermis 2,hgh1,3.9117804,1.1615964,9.161826262190915e-05,0.0005300111634869247,0.20086393088552915,0.10760953112990007
Epidermis 2,znf300,3.883965,1.0824608,0.00010276669138169954,0.000592619443086698,0.21814254859611232,0.1299000768639508
Epidermis 2,fscn1,3.8831627,1.0036829,0.00010310653635849456,0.0005942651161856075,0.25593952483801297,0.17294388931591084
Epidermis 2,lrrc75b,3.8786495,1.7891917,0.00010503801352488602,0.000604918050442475,0.15442764578833693,0.0622598001537279
Epidermis 2,ppme1,3.850667,1.0421977,0.00011779655938696533,0.000677144025917537,0.22462203023758098,0.13758647194465795
Epidermis 2,trdmt1,3.8485608,1.6756797,0.00011881379397787226,0.0006826318584494867,0.15442764578833693,0.06072252113758647
Epidermis 2,exosc1,3.844549,1.7306203,0.00012077433953070667,0.000693713309528705,0.15442764578833693,0.0622598001537279
Epidermis 2,znf229,3.841908,1.5723614,0.00012208163896222497,0.0007008533132845859,0.1587473002159827,0.06610299769408147
Epidermis 2,mapk12,3.8385646,1.2857203,0.00012375558417265718,0.0007100895614597824,0.18466522678185746,0.0930053804765565
Epidermis 2,rab11fip5,3.8372943,2.1179576,0.00012439733812100366,0.0007133966662650252,0.13174946004319654,0.03766333589546503
Epidermis 2,capn8.5,3.825727,2.4575868,0.00013038674453929382,0.0007465676076074338,0.12526997840172785,0.03151421983089931
Epidermis 2,mrpl28,3.8160317,1.099735,0.00013561505848141026,0.0007756896962314162,0.2203023758099352,0.1345119139123751
Epidermis 2,dgat2,3.811251,1.6170902,0.00013826527516912148,0.0007906411345559223,0.1652267818574514,0.07532667179093006
Epidermis 2,tubg1,3.810482,1.3302194,0.0001386960614404272,0.0007926890405163862,0.17386609071274298,0.08147578785549578
Epidermis 2,mrpl12,3.7839372,1.2469267,0.0001543667321951681,0.0008804068121355888,0.1976241900647948,0.10991544965411222
Epidermis 2,spice1,3.7818646,1.3183912,0.0001556580733310132,0.0008875398009291975,0.17602591792656588,0.08531898539584935
Epidermis 2,ggcx,3.7778862,1.261251,0.00015816515067039127,0.0009013637379938908,0.19978401727861772,0.1137586471944658
Epidermis 2,dnm1,3.7777858,3.074458,0.000158228842694262,0.0009014912732197105,0.11339092872570194,0.0207532667179093
Epidermis 2,nova1,3.774309,1.2915967,0.00016045181410532624,0.0009136792890376628,0.23218142548596113,0.15372790161414296
Epidermis 2,gpsm2,3.7740414,1.0121737,0.00016062402360101532,0.0009144212937640894,0.2159827213822894,0.12682551883166795
Epidermis 2,nsun5,3.7724369,1.6634644,0.00016166093846650987,0.0009196046241599876,0.1490280777537797,0.05764796310530361
Epidermis 2,irf6.2,3.7560217,1.0974587,0.00017263566577459667,0.0009797354649850388,0.20626349892008639,0.11760184473481937
Epidermis 2,abca1,3.7540493,1.3100727,0.00017400060204050813,0.0009869683226217643,0.18466522678185746,0.09684857801691008
Epidermis 2,septin2,3.7417464,1.0261577,0.00018274584715109225,0.0010352277078618858,0.22462203023758098,0.1398923904688701
Epidermis 2,pla2g4a,3.7409775,2.1694255,0.0001833059213511077,0.0010381309394763875,0.1285097192224622,0.03689469638739431
Epidermis 2,abcc1,3.7376344,1.1296989,0.00018575983954849398,0.0010517554381908893,0.19870410367170627,0.11145272867025365
Epidermis 2,hps3,3.731182,1.2376152,0.00019058345920692054,0.001076831088387937,0.18898488120950324,0.10069177555726365
Epidermis 2,dync1li1,3.7306805,1.7059547,0.0001909632405608867,0.0010786976112552701,0.15226781857451405,0.06302843966179862
Epidermis 2,dph6,3.7162714,1.5780222,0.00020218435021683316,0.0011388396246983779,0.1630669546436285,0.07609531129900077
Epidermis 2,mcm6.2,3.7041023,1.088059,0.00021214062965031096,0.0011924576712002667,0.21706263498920086,0.13220599538816294
Epidermis 2,prdm14,3.702531,2.8815823,0.0002134592499098198,0.0011995607242550033,0.11123110151187905,0.019984627209838585
Epidermis 2,rassf4,3.7002912,1.3333576,0.0002153522966327608,0.0012095759240214861,0.1879049676025918,0.10146041506533436
Epidermis 2,nectin1l1,3.688824,2.0704226,0.00022529298417187836,0.0012634588043213975,0.1306695464362851,0.04073789392774789
Epidermis 2,plekha1,3.6856146,1.6742716,0.00022815142053972753,0.0012788317872071396,0.14578833693304535,0.056110684089162186
Epidermis 2,znf385a,3.6720078,3.7803338,0.00024065228894540376,0.001347171266566869,0.10151187904967603,0.010760953112990008
Epidermis 2,mindy4,3.662112,1.0007595,0.00025014439095582023,0.0013995899371915266,0.21922246220302377,0.13604919292851653
Epidermis 2,hepacam2,3.6600392,2.433858,0.00025217657938731916,0.0014105986000540096,0.132829373650108,0.045349730976172176
Epidermis 2,nifk,3.65459,1.0960957,0.00025759337624316474,0.0014397912558919309,0.20302375809935205,0.11683320522674866
Epidermis 2,rapgefl1,3.6519487,1.9883933,0.00026025777150752406,0.0014543110965597138,0.1306695464362851,0.0415065334358186
Epidermis 2,septin6,3.6351662,1.8201072,0.0002778016124302569,0.0015491717313673998,0.14362850971922247,0.056110684089162186
Epidermis 2,tulp3,3.628413,1.397871,0.0002851689593705773,0.001589849734906839,0.16846652267818574,0.0830130668716372
Epidermis 2,c11orf53,3.6233313,5.4688187,0.00029083297827391135,0.0016205991876698212,0.09503239740820735,0.005380476556495004
Epidermis 2,ppp1cc,3.62069,1.3583071,0.0002938182322857306,0.001636815840364291,0.1673866090712743,0.07993850883935434
Epidermis 2,nup85,3.6192527,1.4287956,0.0002954551565606515,0.0016455147961485393,0.1630669546436285,0.07686395080707148
Epidermis 2,ptcd2,3.6120648,1.5743953,0.00030376868754043333,0.0016900909053594584,0.16630669546436286,0.0830130668716372
Epidermis 2,stx1a,3.6032722,1.6489782,0.0003142361433914339,0.0017456585755968631,0.1630669546436285,0.07993850883935434
Epidermis 2,rars1,3.6012328,1.555922,0.00031671173266487713,0.0017580683588095353,0.15550755939524838,0.06994619523443504
Epidermis 2,fermt1,3.582277,3.3522577,0.00034061224188213787,0.0018859425856661077,0.10367170626349892,0.015372790161414296
Epidermis 2,utp15,3.5777304,1.2281723,0.00034659071940163345,0.001916613301587188,0.1857451403887689,0.10299769408147579
Epidermis 2,slc8a1,3.5710106,1.0241774,0.00035560652414028923,0.001964478471712722,0.2224622030237581,0.14142966948501154
Epidermis 2,slc19a2,3.5677009,1.8508915,0.0003601273256341757,0.001987942922505274,0.13822894168466524,0.05226748654880861
Epidermis 2,cnn3,3.5502496,1.0154428,0.00038486624586993415,0.002119143666698923,0.20950323974082075,0.12759415833973867
Epidermis 2,rfx4,3.5469398,1.0793816,0.0003897337314415474,0.0021451346764495777,0.23218142548596113,0.15526518063028438
Epidermis 2,nsfl1c,3.5469062,1.0089924,0.00038978319014355785,0.0021451346764495777,0.21274298056155508,0.13297463489623368
Epidermis 2,ubr3,3.5396183,1.5318842,0.00040070630486041563,0.0022046929597476375,0.15442764578833693,0.06994619523443504
Epidermis 2,rps9,3.5359406,1.025071,0.00040632589854060186,0.0022339222554936945,0.21382289416846653,0.13528055342044581
Epidermis 2,kremen2,3.5320292,1.7213023,0.0004123838438062496,0.002266086088062496,0.13930885529157666,0.053804765564950036
Epidermis 2,LOC100124771,3.5190241,1.0306907,0.00043313713372171734,0.0023759390133085956,0.2159827213822894,0.13758647194465795
Epidermis 2,LOC101734072,3.5158482,1.7253118,0.00043835149730177215,0.002402729973027373,0.14146868250539957,0.0568793235972329
Epidermis 2,nsmce4a,3.514745,1.108001,0.00044017647403315867,0.0024115216770970514,0.19222462203023757,0.10991544965411222
Epidermis 2,dbn1,3.5138423,1.131948,0.00044167490947007436,0.0024191235440628746,0.22462203023758098,0.14834742505764797
Epidermis 2,hectd2,3.5094292,1.2030568,0.00044906937800580273,0.0024583900896800355,0.19870410367170627,0.12144504227517294
Epidermis 2,snca,3.5084598,3.0377483,0.00045070932589349246,0.0024667489842793828,0.1101511879049676,0.024596464258262875
Epidermis 2,rpl21,3.483854,1.1748859,0.0004942489211733255,0.00269827513358097,0.19114470842332612,0.11068408916218293
Epidermis 2,pias3,3.4798422,1.1069825,0.000501709105493134,0.0027376330059929177,0.19438444924406048,0.11299000768639508
Epidermis 2,znf385b,3.4693112,1.6046879,0.0005217945661779996,0.0028429660995181343,0.15334773218142547,0.07148347425057648
Epidermis 2,nup37,3.463962,1.8936272,0.0005322813532983486,0.0028964866359908388,0.132829373650108,0.04919292851652575
Epidermis 2,mrps27,3.463494,1.3870184,0.0005332082299990263,0.0029008069775140243,0.1673866090712743,0.08608762490392007
Epidermis 2,map4,3.462558,1.21997,0.0005350664968838335,0.0029101909343225646,0.17818574514038876,0.09684857801691008
Epidermis 2,grip1,3.4610536,2.3960996,0.0005380656439193803,0.0029257738390144027,0.11987041036717062,0.0361260568793236
Epidermis 2,skor1,3.4581785,2.5049565,0.0005438409639182759,0.002956440875351445,0.12095032397408208,0.03766333589546503
Epidermis 2,paox,3.4573426,1.3664163,0.0005455306389091466,0.0029648876890750906,0.16630669546436286,0.08531898539584935
Epidermis 2,immp2l,3.452027,1.2785132,0.0005563919550768512,0.0030201564307790973,0.19870410367170627,0.12221368178324366
Epidermis 2,rttn,3.4490516,1.3069334,0.0005625591477734113,0.0030521141629944325,0.17494600431965443,0.09454265949269793
Epidermis 2,lrrc75a,3.447146,1.7017128,0.0005665423034343218,0.003072196720487161,0.14254859611231102,0.05995388162951576
Epidermis 2,ercc6l2,3.4462433,1.3219042,0.0005684382141417688,0.003080181343627399,0.16090712742980562,0.07840122982321292
Epidermis 2,fam49b,3.444605,1.3077747,0.0005718940400639594,0.003097369036543971,0.16630669546436286,0.08455034588777863
Epidermis 2,spc25,3.4434016,1.347835,0.0005744454700410953,0.0031104155339371567,0.1673866090712743,0.08685626441199078
Epidermis 2,LOC116406439,3.439557,1.5644495,0.000582667054931489,0.0031541497905383333,0.15226781857451405,0.07071483474250577
Epidermis 2,chek2,3.4324694,1.2486116,0.0005981111938923559,0.0032361478705492434,0.17386609071274298,0.0930053804765565
Epidermis 2,plxna3,3.431734,1.3683271,0.000599735524406922,0.0032441320966989204,0.16630669546436286,0.08608762490392007
Epidermis 2,uba52,3.4221056,1.2908628,0.0006213816497186401,0.0033553994007697215,0.1673866090712743,0.08608762490392007
Epidermis 2,smad4.2,3.416322,1.2908663,0.000634731553632228,0.0034240982031665877,0.16414686825053995,0.0830130668716372
Epidermis 2,rbm23,3.413447,1.0986735,0.0006414667533615433,0.0034578671010628056,0.1879049676025918,0.1083781706379708
Epidermis 2,ptcd1,3.4101706,1.2783738,0.0006492227571860611,0.0034970846172690793,0.1652267818574514,0.0830130668716372
Epidermis 2,ankrd50,3.3966308,1.1131575,0.0006822097825740305,0.0036657226460349466,0.18898488120950324,0.11068408916218293
Epidermis 2,rad51,3.3902452,1.18685,0.0006983013437619007,0.0037503405420202893,0.17818574514038876,0.0983858570330515
Epidermis 2,trmt61a,3.3792796,1.7263664,0.0007267605569317015,0.0038964722635888597,0.13714902807775378,0.056110684089162186
Epidermis 2,nop16,3.3736966,1.6449347,0.0007416609226669041,0.003972455324868561,0.14578833693304535,0.06610299769408147
Epidermis 2,rnft2,3.3665755,1.0311265,0.0007610773575193825,0.004068463747778159,0.19654427645788336,0.11837048424289008
Epidermis 2,fkbp4,3.3603573,1.1062511,0.0007784175041041561,0.00415708476677846,0.183585313174946,0.10453497309761722
Epidermis 2,cux2,3.3589196,1.1521479,0.0007824781008161181,0.004177747648130294,0.1976241900647948,0.12375096079938509
Epidermis 2,dars2,3.3506286,1.5218807,0.0008062836227608244,0.004301690692485073,0.14578833693304535,0.06533435818601076
Epidermis 2,rsph14,3.349258,1.0367389,0.0008102833540401965,0.00432091717216792,0.19546436285097193,0.11683320522674866
Epidermis 2,clcc1,3.3477201,1.2773226,0.000814792768952642,0.004341780955144225,0.16630669546436286,0.08685626441199078
Epidermis 2,ppil1,3.343374,1.3903286,0.0008276629666856335,0.004408209322930732,0.15982721382289417,0.08070714834742505
Epidermis 2,stn1,3.340432,1.5562044,0.0008364818665050529,0.004453005808491524,0.1490280777537797,0.06994619523443504
Epidermis 2,poc1b,3.3399305,1.3284638,0.0008379937547118839,0.004459966273553175,0.16198704103671707,0.0830130668716372
Epidermis 2,mllt1,3.337256,1.0195364,0.0008461000557098312,0.0045020115375869856,0.1976241900647948,0.12067640276710223
Epidermis 2,ndufaf6,3.335785,1.3916917,0.0008505894622892515,0.004524795869481657,0.15982721382289417,0.08147578785549578
Epidermis 2,polr2f,3.331305,1.2372807,0.0008643981974412131,0.004593773274808746,0.1717062634989201,0.09377401998462721
Epidermis 2,c1orf112,3.3289313,1.2972618,0.0008717987356338193,0.004629720177723429,0.15766738660907129,0.07763259031514219
Epidermis 2,mipep,3.324418,1.1046553,0.0008860324732005152,0.004701860231733444,0.17494600431965443,0.09607993850883935
Epidermis 2,LOC100485051,3.3233817,2.6275992,0.0008893312326825237,0.0047159409060426125,0.10907127429805616,0.02843966179861645
Epidermis 2,plekhg7,3.3217435,1.1089371,0.0008945686280371014,0.00474256123236093,0.18898488120950324,0.11222136817832437
Epidermis 2,hlcs,3.312951,1.496771,0.0009231714067855317,0.004887075028497595,0.14578833693304535,0.06533435818601076
Epidermis 2,cct7,3.3112125,1.066102,0.0009289261027426607,0.004915154337523666,0.18898488120950324,0.11222136817832437
Epidermis 2,ubac1,3.3105106,1.0830748,0.0009312595221035158,0.004925112465298308,0.18034557235421167,0.10146041506533436
Epidermis 2,znf276,3.3083708,1.2548182,0.0009384044326525154,0.004961696904509459,0.17278617710583152,0.09607993850883935
Epidermis 2,adgre5,3.3006482,1.9566038,0.0009646176814705489,0.005095357644001174,0.12095032397408208,0.04073789392774789
Epidermis 2,snx17,3.298308,1.2283074,0.0009726939827225466,0.005135532397045413,0.1695464362850972,0.09146810146041506
Epidermis 2,zcchc9,3.2943296,1.5878379,0.0009865675521435824,0.005205002552061197,0.13606911447084233,0.056110684089162186
Epidermis 2,spsb4,3.2943296,1.679961,0.0009865675521435824,0.005205002552061197,0.13714902807775378,0.05841660261337433
Epidermis 2,LOC100145507,3.2893147,1.240025,0.001004316267925659,0.005294801952743611,0.1717062634989201,0.09531129900076864
Epidermis 2,pwwp2b,3.2889805,1.0310426,0.0010055099625577433,0.005299814708447467,0.18898488120950324,0.11145272867025365
Epidermis 2,elovl6,3.282361,2.1439493,0.0010294172422012256,0.005420587268839996,0.12742980561555076,0.04919292851652575
Epidermis 2,myb,3.2692893,1.5373571,0.0010781804459195007,0.005671857357116526,0.14038876889848811,0.061491160645657184
Epidermis 2,paics.1,3.2692223,1.4904208,0.0010784352767827536,0.005671857357116526,0.15334773218142547,0.07686395080707148
Epidermis 2,snx27,3.2670493,1.3713882,0.0010867476701305811,0.005712821226191137,0.15658747300215983,0.07993850883935434
Epidermis 2,dchs1,3.2660797,1.2385969,0.0010904753594975208,0.005729656349529352,0.17278617710583152,0.09915449654112221
Epidermis 2,atad3a,3.261834,1.4437615,0.0011069397753477356,0.005811966515366443,0.15442764578833693,0.07840122982321292
Epidermis 2,whamm,3.2583904,1.1086794,0.0011204612917395584,0.005878717443387571,0.17494600431965443,0.09761721752498079
Epidermis 2,foxn2,3.2555153,1.2739354,0.0011318679102909539,0.005934283918899305,0.16198704103671707,0.08455034588777863
Epidermis 2,twnk,3.2485616,1.2401776,0.0011599012535749506,0.006072506059083252,0.1652267818574514,0.0883935434281322
Epidermis 2,ndrg3,3.2409391,1.1337626,0.0011913664052479538,0.0062342461220421105,0.1771058315334773,0.10146041506533436
Epidermis 2,hyal2,3.2387993,1.7244626,0.0012003394284794459,0.006276685039264315,0.1306695464362851,0.05226748654880861
Epidermis 2,st3gal3,3.2329154,1.0550873,0.0012253381605311102,0.006404336287652541,0.21274298056155508,0.14373558800922367
Epidermis 2,entpd3,3.2289705,1.4831605,0.0012423670047531418,0.006490229928350085,0.1511879049676026,0.07532667179093006
Epidermis 2,boc,3.2281682,1.1651146,0.0012458571323067124,0.006505347806667809,0.1900647948164147,0.11837048424289008
Epidermis 2,znf568,3.2278004,1.9527947,0.0012474597979133587,0.006510600394706386,0.11987041036717062,0.0415065334358186
Epidermis 2,lpar4,3.217069,1.8052119,0.0012950752777570699,0.0067494238442648725,0.13174946004319654,0.05534204458109147
Epidermis 2,LOC100485124,3.2164335,1.3358653,0.0012979455564066755,0.00676276742749524,0.16090712742980562,0.08531898539584935
Epidermis 2,slc38a3,3.2108839,1.3739485,0.0013232736082748411,0.006889800383241544,0.1652267818574514,0.09146810146041506
Epidermis 2,tmem260,3.2006872,1.604654,0.0013710024306167776,0.007116233120477807,0.13930885529157666,0.06302843966179862
Epidermis 2,rpl31,3.1981466,1.1222712,0.0013831401252282446,0.007175820416691755,0.17926565874730022,0.10607225211375865
Epidermis 2,pex5,3.1980462,1.2095379,0.0013836212717021276,0.007176610356503953,0.1652267818574514,0.08993082244427364
Epidermis 2,gpatch11,3.1931987,1.4651706,0.001407061549088562,0.007291258623286989,0.1447084233261339,0.06917755572636433
Epidermis 2,ptdss1,3.1918614,1.7520117,0.0014135919651020582,0.007323359513412159,0.12526997840172785,0.04765564950038432
Epidermis 2,rps28p9,3.1822665,1.603959,0.0014612734690276324,0.0075596131739336095,0.13822894168466524,0.0622598001537279
Epidermis 2,ogfod1,3.1744099,1.2765368,0.0015014147952323647,0.007756243429631968,0.16198704103671707,0.08762490392006149
Epidermis 2,akna,3.1702645,1.7217463,0.0015230028621543235,0.00786032295531445,0.11663066954643629,0.03843197540353574
Epidermis 2,opn8,3.1688268,2.0840492,0.0015305555641853038,0.007893701953695938,0.11555075593952484,0.03843197540353574
Epidermis 2,snrpg,3.168593,1.2793465,0.0015317883338464388,0.007898193107954428,0.1587473002159827,0.08378170637970792
Epidermis 2,snrpf,3.16769,1.493476,0.0015365518740853236,0.007920883166646787,0.13714902807775378,0.05995388162951576
Epidermis 2,msh4,3.1600678,1.3524818,0.0015773247344178164,0.00812722621717383,0.1695464362850972,0.0983858570330515
Epidermis 2,bend2,3.1554208,1.651703,0.0016026682256188509,0.008251963980941232,0.13174946004319654,0.056110684089162186
Epidermis 2,npm3,3.1421149,1.1008494,0.0016773221171167815,0.008616018342185802,0.18250539956803455,0.11068408916218293
Epidermis 2,pth1r,3.1400087,2.0146852,0.0016894282964378823,0.008676162592744417,0.11879049676025918,0.04304381245196003
Epidermis 2,eif2s1,3.1349604,1.2075582,0.0017187726066038899,0.008822709256340504,0.15658747300215983,0.08147578785549578
Epidermis 2,mettl2b,3.1254659,1.5450218,0.0017752366592171964,0.009086896350170875,0.14038876889848811,0.0668716372021522
Epidermis 2,ier5l,3.123694,1.4242852,0.001785960907484654,0.00913750362537459,0.1468682505399568,0.0730207532667179
Epidermis 2,exd3,3.1223233,1.0520035,0.0017942978409111637,0.009173705057760662,0.18034557235421167,0.1083781706379708
Epidermis 2,tax1bp3,3.1183784,1.5026467,0.0018184919665936606,0.009290871740351267,0.13390928725701945,0.05841660261337433
Epidermis 2,btbd11,3.1152692,6.2172127,0.0018377710738419974,0.009384976036111919,0.07883369330453564,0.0015372790161414297
Epidermis 2,dusp4,3.1134639,1.3072615,0.0018490513976220087,0.009440372144948491,0.1490280777537797,0.07455803228285934
Epidermis 2,LOC116407738,3.1106222,1.0189879,0.0018669363989795974,0.009527226183847942,0.19546436285097193,0.12528823981552653
Epidermis 2,sh3glb2,3.104337,1.6086916,0.0019070596368296398,0.009718343842891072,0.1263498920086393,0.05073020753266718
Epidermis 2,mms22l,3.0934384,1.1693966,0.0019785170625783695,0.010070730306163424,0.17062634989200864,0.0983858570330515
Epidermis 2,LOC100486832,3.0922348,1.251969,0.001986556947984801,0.010109295513520602,0.1630669546436285,0.09069946195234435
Epidermis 2,LOC100496797,3.0890253,1.613607,0.002008143469774417,0.010216763500570658,0.13498920086393087,0.061491160645657184
Epidermis 2,rexo4,3.0881896,1.3694793,0.0020138001798493685,0.01024315471433405,0.15658747300215983,0.08531898539584935
Epidermis 2,vps26c,3.087688,2.0363905,0.002017201221008169,0.010255672843340927,0.11339092872570194,0.03843197540353574
Epidermis 2,pop4,3.083576,1.5484563,0.002045289215442364,0.010388793289145212,0.132829373650108,0.05841660261337433
Epidermis 2,LOC100036702,3.0741482,1.924265,0.0021110456111361137,0.010707839674709702,0.11339092872570194,0.03843197540353574
Epidermis 2,bicd1,3.0736468,1.5184419,0.002114597010768071,0.010723360765040687,0.13822894168466524,0.06533435818601076
Epidermis 2,twistnb,3.0707715,1.6886535,0.0021350643405354717,0.010818308668813734,0.12958963282937366,0.056110684089162186
Epidermis 2,satb1,3.0691,1.1590018,0.002147047297355027,0.010875282979476333,0.1717062634989201,0.10069177555726365
Epidermis 2,hps1,3.0586023,1.592261,0.0022237206043788037,0.011245378286940874,0.12742980561555076,0.053036126056879324
Epidermis 2,rpl38,3.0574658,1.0383023,0.002232171639922119,0.01128549985049596,0.1879049676025918,0.11990776325903152
Epidermis 2,znf577,3.0528188,1.2491623,0.002267028453157626,0.011456421462795867,0.15658747300215983,0.08455034588777863
Epidermis 2,toe1,3.0480046,1.1593273,0.0023036644011636817,0.011638865685990436,0.16090712742980562,0.0883935434281322
Epidermis 2,rps26,3.044394,1.234844,0.00233149636187221,0.011771305440169712,0.15334773218142547,0.08147578785549578
Epidermis 2,dda1,3.0336957,1.3521847,0.0024157791507526407,0.01218274020073339,0.13606911447084233,0.0622598001537279
Epidermis 2,atmin,3.0307872,1.2579335,0.0024391708442975096,0.012286506692847634,0.1468682505399568,0.07378939277478862
Epidermis 2,ccdc51,3.028915,1.1097248,0.002454337027799593,0.012354345624824663,0.16846652267818574,0.09761721752498079
Epidermis 2,lsm8,3.0175483,1.3666488,0.0025482847867872825,0.012809519081429462,0.15010799136069114,0.07993850883935434
Epidermis 2,usp44,3.015576,1.1980588,0.0025649184706509833,0.012890162585922411,0.15550755939524838,0.08378170637970792
Epidermis 2,brsk2,3.01133,1.1695566,0.0026010605674063377,0.01306277160906184,0.1630669546436285,0.09223674096848578
Epidermis 2,taf1c,3.0094912,1.1538262,0.0026168566603708586,0.013139077125161644,0.15982721382289417,0.0883935434281322
Epidermis 2,maco1,3.008321,1.0763837,0.0026269543297521526,0.013186742679899176,0.16414686825053995,0.09223674096848578
Epidermis 2,fzd4,3.002738,1.2654189,0.0026756268475601687,0.01340947483707176,0.14362850971922247,0.07071483474250577
Epidermis 2,wdr4,2.996152,1.7512045,0.002734101732828256,0.013699387809884129,0.1263498920086393,0.05534204458109147
Epidermis 2,atat1,2.9914382,1.4248658,0.002776668644220492,0.013898238762527519,0.14794816414686826,0.07840122982321292
Epidermis 2,pigl,2.9914045,1.2684419,0.002776972687073002,0.013898238762527519,0.14794816414686826,0.07686395080707148
Epidermis 2,LOC100485199,2.9903014,1.4469832,0.0027870231763743483,0.013945341144614688,0.15226781857451405,0.08378170637970792
Epidermis 2,tmem52,2.9805727,1.0061204,0.0028770989678994297,0.014372979985927988,0.18034557235421167,0.11068408916218293
Epidermis 2,tpbg,2.9798038,1.4491369,0.002884330475365953,0.014405808034552632,0.1306695464362851,0.05841660261337433
Epidermis 2,septin9,2.978199,1.3330368,0.00289947579007481,0.014474825260860772,0.15010799136069114,0.08070714834742505
Epidermis 2,mapre2,2.9773633,1.9157081,0.002907392690973998,0.014511028341661394,0.11231101511879049,0.03996925441967717
Epidermis 2,aebp2,2.97509,1.4310095,0.002929026582771717,0.014608980357179804,0.13174946004319654,0.05995388162951576
Epidermis 2,vac14,2.9717133,1.9805855,0.0029614305152751118,0.014763850873616225,0.11339092872570194,0.0415065334358186
Epidermis 2,pdk1,2.9707773,1.0510684,0.0029704715145116357,0.014805541095970398,0.183585313174946,0.11452728670253651
Epidermis 2,LOC101733063,2.9657624,1.573667,0.0030193356975202023,0.015028334912121704,0.132829373650108,0.0622598001537279
Epidermis 2,lrrc8e,2.9548972,1.0326288,0.003127732784508173,0.015529068735097348,0.16846652267818574,0.0983858570330515
Epidermis 2,c8orf76,2.9530585,1.4164529,0.003146424044729514,0.015614764403011763,0.14362850971922247,0.07455803228285934
Epidermis 2,prdm12,2.9512866,3.263049,0.0031645319015519255,0.01570105744060131,0.08855291576673865,0.01614142966948501
Epidermis 2,rrp7a,2.9502835,1.4803246,0.00317482368276414,0.015748540027641804,0.13174946004319654,0.06072252113758647
Epidermis 2,dimt1,2.941558,1.6849984,0.003265657751481836,0.01619175591799253,0.12095032397408208,0.04996156802459646
Epidermis 2,s100pbp,2.93427,1.5216892,0.0033433345994052922,0.016558080865552174,0.12958963282937366,0.05918524212144504
Epidermis 2,celsr3,2.9335008,1.6382395,0.0033516272283228904,0.01659538410465936,0.12311015118790497,0.05226748654880861
Epidermis 2,LOC100145428,2.9323308,1.8250692,0.0033642823893856267,0.016650489004033514,0.11555075593952484,0.044581091468101464
Epidermis 2,ddx31,2.9234715,1.436196,0.003461520868804284,0.01711621275281629,0.13498920086393087,0.06533435818601076
Epidermis 2,wdr77,2.9159827,1.4471909,0.0035457023520754187,0.017516588413999935,0.13606911447084233,0.0668716372021522
Epidermis 2,ipo9,2.9143445,1.3840357,0.0035643635435820744,0.017604793319263116,0.13714902807775378,0.06764027671022291
Epidermis 2,rpusd4,2.9107003,1.6241859,0.003606196008207131,0.017787252055851674,0.12311015118790497,0.053036126056879324
Epidermis 2,rae1,2.9071567,1.0728873,0.0036473049051715537,0.017985952618248244,0.1771058315334773,0.11222136817832437
Epidermis 2,sox9,2.9052176,2.617158,0.0036699783981705533,0.018089586317253138,0.09287257019438445,0.021521906225980016
Epidermis 2,cdca7l,2.9040809,1.8613504,0.003683329266237726,0.018151293567880176,0.11447084233261338,0.044581091468101464
Epidermis 2,rpl22,2.8969934,1.5622988,0.003767576693760316,0.018541337626193925,0.11987041036717062,0.04919292851652575
Epidermis 2,insm1,2.8933494,3.2810972,0.0038115708801532712,0.018749388678048814,0.08639308855291576,0.015372790161414296
Epidermis 2,c12orf10,2.8857937,1.390509,0.0039042788791755377,0.01919244636685952,0.12958963282937366,0.05995388162951576
Epidermis 2,brix1,2.8805785,1.1797177,0.003969461796588301,0.019499690649111508,0.15550755939524838,0.08762490392006149
Epidermis 2,lsm3,2.872956,1.0838286,0.004066507558630841,0.019940508188063723,0.16090712742980562,0.09223674096848578
Epidermis 2,st6galnac5,2.8710504,1.3203675,0.004091103105302924,0.020056607697329837,0.14254859611231102,0.07378939277478862
Epidermis 2,inka1,2.8693788,2.7230215,0.004112789219118134,0.020153867853217336,0.08963282937365011,0.01921598770176787
Epidermis 2,ttbk2,2.8679411,1.4361246,0.0041315226520829435,0.020232036757428615,0.1285097192224622,0.05995388162951576
Epidermis 2,nek3,2.8671722,1.0741818,0.0041415746124295605,0.020272162318937963,0.16198704103671707,0.09454265949269793
Epidermis 2,carnmt1,2.863595,1.0236876,0.004188630452322582,0.02048411140746998,0.17062634989200864,0.10453497309761722
Epidermis 2,hbegf,2.8603857,1.2517575,0.004231260996138399,0.020674058709524407,0.1652267818574514,0.10146041506533436
Epidermis 2,mcmbp,2.858948,1.0214889,0.004250483229454026,0.020758682755128988,0.1695464362850972,0.10222905457340507
Epidermis 2,snrpb2,2.8588145,1.2089252,0.0042522753643768,0.02076278825823812,0.1587473002159827,0.0930053804765565
Epidermis 2,rpa2,2.8569422,1.3861585,0.0042774373108380006,0.020876304978706333,0.13498920086393087,0.0668716372021522
Epidermis 2,coro7,2.854368,1.7645342,0.004312255455353668,0.021027424869558074,0.11123110151187905,0.0415065334358186
Epidermis 2,lrch1,2.8495204,2.0470302,0.004378520478501632,0.02134100856854682,0.10907127429805616,0.04073789392774789
Epidermis 2,ints13,2.8331053,1.0174528,0.004609818808385541,0.022413292383641016,0.183585313174946,0.12067640276710223
Epidermis 2,otog,2.8277228,2.0698416,0.004688037214687391,0.022778370087217448,0.10151187904967603,0.03228285933897002
Epidermis 2,rufy3,2.8246806,1.1921865,0.004732777231279255,0.022990634898429344,0.1511879049676026,0.08455034588777863
Epidermis 2,zyx,2.8199668,1.2879782,0.004802863380235481,0.023305154952216686,0.13714902807775378,0.06917755572636433
Epidermis 2,LOC100495801,2.8087337,1.8286375,0.004973677903787222,0.02406977723187868,0.10907127429805616,0.04073789392774789
Epidermis 2,ctsd,2.8071957,1.4770498,0.004997485944688983,0.02416891418418845,0.12526997840172785,0.05764796310530361
Epidermis 2,hectd4,2.801412,1.1981423,0.005087950225814981,0.02458103380032083,0.15226781857451405,0.08762490392006149
Epidermis 2,cep57l1,2.7945585,1.2478865,0.005197062411210132,0.02508407407100559,0.1490280777537797,0.08455034588777863
Epidermis 2,efl1,2.791951,1.1404954,0.005239130476978151,0.025259183857300097,0.14794816414686826,0.08147578785549578
Epidermis 2,exosc3,2.790179,1.571945,0.005267890466816271,0.025392232797967276,0.11879049676025918,0.05149884704073789
Epidermis 2,ctdsp1,2.7756696,1.0838883,0.005508815051276017,0.02651253931051918,0.1652267818574514,0.10146041506533436
Epidermis 2,srcin1,2.7732625,1.6064346,0.005549732264544248,0.026697686892552922,0.10691144708423327,0.03843197540353574
Epidermis 2,LOC105945434,2.7692509,1.3578278,0.00561853741979905,0.027010818470463775,0.13498920086393087,0.06917755572636433
Epidermis 2,rragc,2.7645035,1.8742772,0.005700950407700893,0.027370833629580017,0.10151187904967603,0.033820138355111454
Epidermis 2,nova2,2.7559116,1.7527912,0.00585288315747806,0.02807556899963261,0.12419006479481641,0.05918524212144504
Epidermis 2,pfas,2.7549753,1.5977416,0.005869654718168139,0.028143646584299485,0.12095032397408208,0.05534204458109147
Epidermis 2,LOC116407552,2.745882,1.2825872,0.006034846957666939,0.028878595496326813,0.13714902807775378,0.07148347425057648
Epidermis 2,LOC108646161,2.7446115,1.5807741,0.006058255730735307,0.028977904055321156,0.12526997840172785,0.06072252113758647
Epidermis 2,pabpc1l,2.7430737,1.4306033,0.006086702085237046,0.0290948359697607,0.12526997840172785,0.05918524212144504
Epidermis 2,rpl29,2.733713,1.0087572,0.006262463711183696,0.029895694736762075,0.15982721382289417,0.09531129900076864
Epidermis 2,xab2,2.7280295,1.0573155,0.006371392326542217,0.030382463277420828,0.1587473002159827,0.09454265949269793
Epidermis 2,supt20hl1,2.7200391,1.1813505,0.006527416863855344,0.03109250455930746,0.15766738660907129,0.09531129900076864
Epidermis 2,ctps2,2.7198052,2.454604,0.006532037978189104,0.031107726041480672,0.08639308855291576,0.01921598770176787
Epidermis 2,LOC100127805,2.7186685,1.131454,0.006554525272317141,0.031194393885983062,0.19978401727861772,0.14373558800922367
Epidermis 2,prtfdc1,2.7147236,1.876206,0.006633110534539814,0.031554633741921356,0.1079913606911447,0.04304381245196003
Epidermis 2,aptx,2.7127178,1.327656,0.006673393147777583,0.03173934434996832,0.12958963282937366,0.06456571867794005
Epidermis 2,vdac2,2.7110126,1.2265972,0.006707806140818071,0.031892330407033244,0.13930885529157666,0.07455803228285934
Epidermis 2,smad9,2.710177,2.63466,0.00672473344867569,0.03196262439197391,0.08315334773218143,0.01614142966948501
Epidermis 2,hmg20a,2.708706,1.0281382,0.0067546187894234845,0.03209767783188368,0.16090712742980562,0.09761721752498079
Epidermis 2,med17,2.704594,1.1967511,0.00683879617748944,0.03246233878377139,0.13390928725701945,0.06840891621829362
Epidermis 2,acsf2,2.6955004,1.4706773,0.00702830031196698,0.03330391772148349,0.12419006479481641,0.05995388162951576
Epidermis 2,zfyve21,2.689984,1.0672683,0.007145541965201077,0.033844773436651335,0.16414686825053995,0.1037663335895465
Epidermis 2,mtfr1l,2.6854374,1.2548133,0.007243494191608382,0.03427152791740817,0.13390928725701945,0.06994619523443504
Epidermis 2,slc6a3,2.6850362,3.3284955,0.0072521946221859295,0.034305254465796485,0.08207343412526998,0.01614142966948501
Epidermis 2,rfc4,2.6810913,1.5013746,0.007338249679733579,0.034682249569301805,0.11771058315334773,0.053036126056879324
Epidermis 2,hadha,2.6802554,1.5177381,0.007356598867527594,0.03476144302475522,0.11447084233261338,0.04919292851652575
Epidermis 2,cenpl,2.6760097,1.4995751,0.0074504499116016636,0.03518966829460171,0.11771058315334773,0.053036126056879324
Epidermis 2,fam227b,2.6754746,1.5295788,0.007462349512109661,0.0352306206628613,0.12203023758099352,0.05841660261337433
Epidermis 2,zfat,2.6747394,1.232218,0.007478739293632948,0.03527746868274201,0.13174946004319654,0.06764027671022291
Epidermis 2,fbxo42,2.6684206,1.202728,0.007620877761128054,0.03590137599861297,0.14254859611231102,0.07993850883935434
Epidermis 2,sirt5,2.6669161,1.8329568,0.007655075167932764,0.03605469355481564,0.1079913606911447,0.043812451960030745
Epidermis 2,med20,2.6661139,1.8435607,0.007673369969537464,0.036109684301332115,0.1079913606911447,0.043812451960030745
Epidermis 2,ints4,2.6626036,1.4071187,0.007753871327039049,0.0364570623200429,0.11663066954643629,0.05149884704073789
Epidermis 2,slc38a9,2.6495316,1.223165,0.008060340522438302,0.0378165320447487,0.13174946004319654,0.06764027671022291
Epidermis 2,cpn1,2.6484284,1.2431428,0.00808669595126981,0.03793137783172104,0.1630669546436285,0.10453497309761722
Epidermis 2,mzt1,2.640505,1.078021,0.008278253379023775,0.03873065329838718,0.14254859611231102,0.07916986933128363
Epidermis 2,tbc1d24.2,2.6394353,2.0420957,0.008304426394400478,0.03881981327168227,0.0939524838012959,0.029208301306687164
Epidermis 2,jazf1,2.6277676,1.2879435,0.008594719567470122,0.04013382745169389,0.13498920086393087,0.07378939277478862
Epidermis 2,baz2b,2.627567,1.1841475,0.008599788629391899,0.040148906222071165,0.14362850971922247,0.08147578785549578
Epidermis 2,akr7a2,2.627099,1.2588785,0.008611626835400355,0.04019557415513821,0.1306695464362851,0.06764027671022291
Epidermis 2,fsd1l,2.6216497,1.0329446,0.008750533375775865,0.04082646756313986,0.19438444924406048,0.14066102997694083
Epidermis 2,glrx3,2.619577,1.059417,0.008803892376184856,0.0410666386363253,0.16414686825053995,0.10530361260568794
Epidermis 2,myo9a,2.6119878,1.7827674,0.009001744417264323,0.04193575254678155,0.10475161987041037,0.0415065334358186
Epidermis 2,LOC116412401,2.611687,2.228672,0.009009669964595237,0.04196371575185329,0.08531317494600432,0.0207532667179093
Epidermis 2,serpina1,2.603563,1.6415193,0.009226028604672896,0.04286165002822381,0.10907127429805616,0.04611837048424289
Epidermis 2,LOC108645395,2.6032622,1.4127465,0.009234130192674904,0.0428901564355809,0.11339092872570194,0.04996156802459646
Epidermis 2,nob1,2.5986152,1.4467174,0.00936006347497666,0.04344733994628073,0.11879049676025918,0.056110684089162186
Epidermis 2,rps18,2.5980804,1.0880792,0.009374657285492707,0.04350582659011833,0.1490280777537797,0.0883935434281322
Epidermis 2,sapcd2,2.5944362,1.3603954,0.009474618953295615,0.04393235447935903,0.12958963282937366,0.06840891621829362
Epidermis 2,cdk5,2.5893211,1.3186513,0.009616535723106055,0.04454307493396248,0.12203023758099352,0.05918524212144504
Epidermis 2,slc16a3,2.5754805,1.0826646,0.01001009372861246,0.04625799560611022,0.16414686825053995,0.10530361260568794
Epidermis 2,gtpbp2,2.574979,1.3166912,0.010024618571194773,0.04630550420026273,0.11447084233261338,0.05149884704073789
Epidermis 2,LOC108644768,2.5740094,1.331062,0.010052753169107186,0.04641581187115699,0.12742980561555076,0.06610299769408147
Epidermis 2,foxm1,2.568393,1.1458743,0.010217127744396865,0.0471348719895315,0.13822894168466524,0.07686395080707148
Epidermis 2,clns1a,2.567624,1.7828226,0.010239816622977188,0.047229557922212055,0.09827213822894168,0.035357417371252885
Epidermis 2,phkg2,2.5645483,1.1696056,0.010331021283406811,0.04763008988489753,0.13390928725701945,0.0722521137586472
Epidermis 2,naa50,2.563679,1.5044694,0.010356927203573509,0.04772935765769325,0.11339092872570194,0.05149884704073789
Epidermis 2,cldn12,2.5628767,1.2221285,0.010380891654155688,0.04781959822362914,0.13606911447084233,0.07532667179093006
Epidermis 2,itgb5,2.5620074,1.0689883,0.010406908812618704,0.04791195260130543,0.13174946004319654,0.06917755572636433
Epidermis 2,abhd17b,-2.5507743,-1.0493245,0.010748388161678153,0.04938736114465761,0.06263498920086392,0.12605687932359724
Epidermis 2,sybu,-2.5590653,-2.6227903,0.010495397928737316,0.04827573317937964,0.01079913606911447,0.07455803228285934
Epidermis 2,ap1g2,-2.5635452,-3.1740124,0.010360917856618421,0.04773766650111287,0.008639308855291577,0.0722521137586472
Epidermis 2,LOC100135231,-2.5643477,-3.7856421,0.010336994448790975,0.04764756144213517,0.0064794816414686825,0.06994619523443504
Epidermis 2,snap29,-2.5710673,-1.9031527,0.01013855806122196,0.04678229550727943,0.020518358531317494,0.08455034588777863
Epidermis 2,fam169a,-2.5804617,-1.2435317,0.009866828329163175,0.04562493345426354,0.03995680345572354,0.10453497309761722
Epidermis 2,LOC733932,-2.5840724,-2.8074117,0.009764129894091169,0.04518835173254791,0.012958963282937365,0.07686395080707148
Epidermis 2,gramd1b,-2.5847745,-3.1023636,0.009744271743358865,0.045115585340936515,0.009719222462203024,0.07378939277478862
Epidermis 2,napg,-2.5993173,-2.3562884,0.009340939858596835,0.043367797586051395,0.016198704103671708,0.08070714834742505
Epidermis 2,fnbp1,-2.608511,-1.5442705,0.009093709315689685,0.042309985283084134,0.03347732181425486,0.0983858570330515
Epidermis 2,rap1gap,-2.6102495,-2.5793414,0.009047622537368584,0.04211351778752557,0.011879049676025918,0.07686395080707148
Epidermis 2,LOC100486385,-2.6140606,-3.5597527,0.00894731516645781,0.04169999236379237,0.00755939524838013,0.0722521137586472
Epidermis 2,crb3,-2.6303084,-1.2928399,0.00853074225417798,0.03984360589221269,0.04103671706263499,0.10684089162182936
Epidermis 2,LOC100492479,-2.6402378,-2.0232506,0.008284789704270806,0.03874461983216743,0.023758099352051837,0.08916218293620293
Epidermis 2,rell2,-2.6427784,-4.01989,0.008222880639766839,0.03850460910737171,0.004319654427645789,0.06994619523443504
Epidermis 2,LOC100493666,-2.6463892,-3.1333218,0.008135616738635313,0.03813690501691969,0.009719222462203024,0.07532667179093006
Epidermis 2,paqr5,-2.649866,-1.8350801,0.008052369225255889,0.03778725782028145,0.029157667386609073,0.09454265949269793
Epidermis 2,sel1l3,-2.6659467,-2.2937124,0.007677186315391763,0.0361198539431142,0.0183585313174946,0.08455034588777863
Epidermis 2,gas8,-2.6693232,-1.4534818,0.007600425111346852,0.03581275671662701,0.042116630669546434,0.1083781706379708
Epidermis 2,tmem258,-2.6739368,-1.6319999,0.007496655866447627,0.0353543392396269,0.029157667386609073,0.09607993850883935
Epidermis 2,gbe1,-2.6752408,-1.181846,0.007467560945033756,0.03523997564480571,0.04967602591792657,0.11683320522674866
Epidermis 2,mal,-2.6816597,-2.8089075,0.007325795696914414,0.034638393911672685,0.011879049676025918,0.07840122982321292
Epidermis 2,LOC101735110,-2.6886468,-4.6038275,0.007174227277542654,0.033972698992892465,0.0032397408207343412,0.06994619523443504
Epidermis 2,LOC101731169,-2.7040255,-4.0018473,0.0068505042946177515,0.03251084258652761,0.004319654427645789,0.07148347425057648
Epidermis 2,abo.2,-2.704694,-3.2578576,0.006836731906604445,0.0324596011605778,0.0064794816414686825,0.07378939277478862
Epidermis 2,osgin2,-2.7083046,-4.2016025,0.006762790027279045,0.03212951038215894,0.004319654427645789,0.07148347425057648
Epidermis 2,eml3,-2.7193372,-3.2582827,0.006541289035228501,0.03114498538898563,0.008639308855291577,0.07609531129900077
Epidermis 2,fance,-2.7202065,-1.1774992,0.006524117868383641,0.03108357554716145,0.058315334773218146,0.12605687932359724
Epidermis 2,c1orf116,-2.7296677,-3.3700874,0.006339821669262106,0.030238524293982164,0.00755939524838013,0.07532667179093006
Epidermis 2,LOC116408024,-2.7317739,-1.0577002,0.006299437721114443,0.03006562347166191,0.06047516198704104,0.1291314373558801
Epidermis 2,tmcc1,-2.740767,-1.317816,0.006129597229577939,0.02927422655868247,0.04535637149028078,0.1137586471944658
Epidermis 2,dnaja4.2,-2.7425053,-1.4804642,0.006097245277752088,0.029138850023177468,0.04643628509719223,0.1137586471944658
Epidermis 2,mid1ip1,-2.7441435,-2.5041456,0.006066900613163207,0.02901289464822142,0.014038876889848811,0.08224442736356649
Epidermis 2,cdhr3,-2.7616618,-1.3671517,0.005750802224788386,0.027598032845196255,0.04535637149028078,0.1137586471944658
Epidermis 2,macc1,-2.7853315,-2.8823135,0.005347303696653588,0.025757950102577913,0.01079913606911447,0.07993850883935434
Epidermis 2,LOC100491133,-2.7866018,-2.5514827,0.0053263880861994265,0.025668532338550726,0.012958963282937365,0.08224442736356649
Epidermis 2,drd4,-2.801245,-2.977827,0.005090586670805638,0.02458103380032083,0.008639308855291577,0.07840122982321292
Epidermis 2,cdr2,-2.8081987,-1.1191392,0.004981947302947137,0.02410445057596662,0.05399568034557235,0.1245196003074558
Epidermis 2,LOC100491461,-2.8113413,-1.2659322,0.004933542064767687,0.023886137429619633,0.04643628509719223,0.11683320522674866
Epidermis 2,serp1,-2.814484,-1.5815265,0.004885562596796429,0.023690635872154416,0.03023758099352052,0.10069177555726365
Epidermis 2,LOC101734693,-2.834175,-3.2530158,0.0045944138131184505,0.022343370585259127,0.009719222462203024,0.07993850883935434
Epidermis 2,vav1,-2.8366492,-1.749111,0.0045589681811172315,0.022175935060222716,0.02591792656587473,0.09684857801691008
Epidermis 2,rfk,-2.8481832,-1.8591316,0.004396962210356539,0.02142132449033044,0.02591792656587473,0.09684857801691008
Epidermis 2,sh2d3c,-2.848417,-1.4743849,0.004393729833761106,0.021410357012617485,0.04319654427645788,0.1137586471944658
Epidermis 2,adgrg4,-2.854535,-5.2164283,0.004309986759061003,0.021021059693667892,0.0021598272138228943,0.0730207532667179
Epidermis 2,laptm4a,-2.8583798,-1.2571806,0.004258104536678523,0.020786599350081,0.05183585313174946,0.12298232129131437
Epidermis 2,krt80,-2.8605194,-3.7236845,0.004229476895876305,0.02066996984208664,0.00755939524838013,0.07840122982321292
Epidermis 2,smtnl2,-2.8661695,-1.1468444,0.0041547192128334855,0.020327382946914684,0.058315334773218146,0.1299000768639508
Epidermis 2,ovol1,-2.8688438,-2.2681782,0.004119750775359955,0.020183448960289535,0.019438444924406047,0.09069946195234435
Epidermis 2,LOC594905,-2.8789403,-3.5160115,0.0039901389283678885,0.019588036345537838,0.008639308855291577,0.07993850883935434
Epidermis 2,LOC100495056,-2.9056523,-2.094584,0.0036648852936829743,0.018068563486998687,0.024838012958963283,0.09684857801691008
Epidermis 2,per2,-2.9109344,-1.043416,0.0036034961606847327,0.01777795381467365,0.07127429805615551,0.14373558800922367
Epidermis 2,cry2,-2.928486,-2.733922,0.0034061705916397147,0.0168463391840821,0.01511879049676026,0.08762490392006149
Epidermis 2,mtmr9,-2.9585078,-1.3685493,0.0030913241910412123,0.015358785330762818,0.052915766738660906,0.12605687932359724
Epidermis 2,LOC100492758,-2.9591765,-1.2950636,0.0030846244205190035,0.015332480519395257,0.05939524838012959,0.13220599538816294
Epidermis 2,nbr1,-2.9768617,-1.4043362,0.0029121522969300486,0.014531460158086118,0.047516198704103674,0.12144504227517294
Epidermis 2,smim14,-2.983314,-1.6845386,0.0028514515587410106,0.014254644779676424,0.03779697624190065,0.11145272867025365
Epidermis 2,etnk1,-2.994079,-1.649248,0.0027527451186291057,0.013783306845710353,0.03455723542116631,0.10914681014604151
Epidermis 2,tbc1d16,-3.020156,-2.0861282,0.0025264459173294546,0.012705594920960137,0.02159827213822894,0.09684857801691008
Epidermis 2,ehbp1l1,-3.027277,-3.619294,0.0024676781726451964,0.012418635932954527,0.009719222462203024,0.08455034588777863
Epidermis 2,slc9a2,-3.0301185,-4.202444,0.002444577465019513,0.01231089888395818,0.0064794816414686825,0.08147578785549578
Epidermis 2,myo1f,-3.0329268,-3.5162127,0.0024219431135526345,0.012209534717643283,0.008639308855291577,0.08378170637970792
Epidermis 2,pacs1,-3.0563624,-1.4447125,0.002240402250916658,0.011324488653521517,0.04103671706263499,0.11760184473481937
Epidermis 2,atp12a,-3.0662582,-4.1008196,0.0021675599249165968,0.010974089355360803,0.005399568034557235,0.08147578785549578
Epidermis 2,atp13a4,-3.070738,-1.8239467,0.0021353033974877756,0.010818308668813734,0.038876889848812095,0.11452728670253651
Epidermis 2,LOC101734060,-3.087755,-3.3245237,0.00201674744450941,0.010255672843340927,0.008639308855291577,0.08531898539584935
Epidermis 2,dhdds,-3.1275053,-1.1161804,0.0017629669488567136,0.009028327104201444,0.06371490280777538,0.14219830899308225
Epidermis 2,hes5.10,-3.1335897,-2.589314,0.001726820791878098,0.008857770686312171,0.020518358531317494,0.09761721752498079
Epidermis 2,tmem18,-3.1344256,-1.0362301,0.0017219092486442877,0.008836731353402398,0.07019438444924406,0.1491160645657187
Epidermis 2,nsun6,-3.1466281,-1.2800317,0.0016516485900453283,0.008490135190430886,0.05939524838012959,0.13758647194465795
Epidermis 2,wee2,-3.1484334,-2.359182,0.0016414808057342684,0.008443836082491154,0.019438444924406047,0.09761721752498079
Epidermis 2,bach1,-3.1495702,-2.3320596,0.0016351084515073833,0.008413039735992127,0.0183585313174946,0.09684857801691008
Epidermis 2,adap1,-3.2075074,-1.9956143,0.0013389064003603178,0.006967869440081683,0.023758099352051837,0.1037663335895465
Epidermis 2,tmem248,-3.2088447,-2.036108,0.0013326949291937963,0.006937198485195093,0.028077753779697623,0.10760953112990007
Epidermis 2,eef2k,-3.240705,-1.3734754,0.0011923448025204083,0.0062378700397501385,0.05075593952483801,0.13143735588009223
Epidermis 2,pofut2,-3.2453187,-1.0606855,0.0011731926829424354,0.006140618262050104,0.08099352051835854,0.1614142966948501
Epidermis 2,serinc2,-3.2542448,-1.4668124,0.001136942160230446,0.005959455891998214,0.05183585313174946,0.13220599538816294
Epidermis 2,prkd3,-3.2687209,-4.3569503,0.0010803482847746503,0.0056805493788114805,0.0032397408207343412,0.08455034588777863
Epidermis 2,LOC100494900,-3.2990434,-1.5451595,0.0009701489939651755,0.005123335236523256,0.03455723542116631,0.11760184473481937
Epidermis 2,LOC116408858,-3.3354506,-4.6432724,0.0008516128582251552,0.004529135798033417,0.0032397408207343412,0.08608762490392007
Epidermis 2,cnfn.1,-3.348957,-3.6392918,0.0008111638045483678,0.004324555430991921,0.00755939524838013,0.09069946195234435
Epidermis 2,arhgap11a.2,-3.3607583,-2.7432647,0.0007772878104752007,0.004152067885527382,0.014038876889848811,0.09761721752498079
Epidermis 2,LOC100145277,-3.36808,-2.5791714,0.0007569363895337813,0.00404831101863153,0.016198704103671708,0.09992313604919292
Epidermis 2,LOC101731452,-3.372961,-4.0185027,0.0007436448600933656,0.003982104169839835,0.005399568034557235,0.08916218293620293
Epidermis 2,sprtn,-3.3829236,-1.3688897,0.0007171856697289156,0.0038460822067227004,0.05723542116630669,0.14066102997694083
Epidermis 2,sgk3,-3.3892088,-2.07979,0.0007009460956722967,0.0037636182956853315,0.03347732181425486,0.11683320522674866
Epidermis 2,lrrk1,-3.3980348,-1.499743,0.0006787178691678364,0.0036487564974405904,0.04859611231101512,0.13297463489623368
Epidermis 2,impact,-3.4192975,-1.1397762,0.0006278307143027608,0.0033893849620981057,0.08099352051835854,0.1660261337432744
Epidermis 2,scin,-3.4314332,-3.2314873,0.0006004012058839602,0.003246123566301758,0.01079913606911447,0.09607993850883935
Epidermis 2,sapcd1,-3.433974,-3.5833364,0.0005948014457511094,0.0032190382806882335,0.008639308855291577,0.09377401998462721
Epidermis 2,LOC100489718,-3.4485836,-3.3596227,0.0005635350432497229,0.0030566488140075076,0.009719222462203024,0.09531129900076864
Epidermis 2,cdk5rap3,-3.4497538,-1.4109159,0.0005610982553177398,0.0030449452945258393,0.05183585313174946,0.13758647194465795
Epidermis 2,inpp5d,-3.4651322,-1.7550817,0.000529970725802552,0.0028846323790814384,0.032397408207343416,0.1191391237509608
Epidermis 2,tspan3,-3.4662356,-1.4678131,0.0005278006983081982,0.002873537684077643,0.05075593952483801,0.13681783243658724
Epidermis 2,mindy4b,-3.4670045,-4.8727765,0.0005262931546949272,0.0028667605912626073,0.0021598272138228943,0.0883935434281322
Epidermis 2,taldo1,-3.4700801,-1.87111,0.0005203030181881875,0.002835547492478631,0.04319654427645788,0.12836279784780938
Epidermis 2,arap1,-3.482751,-1.5543352,0.00049629009368764,0.0027087409040415194,0.05075593952483801,0.13681783243658724
Epidermis 2,sfmbt1,-3.489036,-1.0964404,0.00048476590552692136,0.0026504827924086574,0.07667386609071274,0.16448885472713298
Epidermis 2,dock10,-3.5128727,-3.8636174,0.00044328964275837786,0.0024273584177241063,0.0064794816414686825,0.09377401998462721
Epidermis 2,fam72a,-3.5325305,-1.4633198,0.0004116024970240316,0.0022623622386804517,0.052915766738660906,0.14066102997694083
Epidermis 2,yipf1,-3.538682,-2.9224956,0.00040212981714989374,0.00221196741619053,0.016198704103671708,0.1037663335895465
Epidermis 2,stoml1,-3.5526567,-1.1033351,0.0003813620052514552,0.002100378676575468,0.08423326133909287,0.17294388931591084
Epidermis 2,glipr2,-3.5555985,-2.2206705,0.0003771195428650242,0.0020780620062771952,0.023758099352051837,0.11222136817832437
Epidermis 2,hivep2,-3.5621846,-3.213784,0.0003677816150570212,0.0020281431948848266,0.009719222462203024,0.0983858570330515
Epidermis 2,napa,-3.5642574,-1.3526982,0.00036488779120069404,0.0020137118087481904,0.04967602591792657,0.13912375096079937
Epidermis 2,LOC100491712,-3.5690048,-4.556211,0.000358340025890677,0.0019785773544940444,0.005399568034557235,0.09377401998462721
Epidermis 2,bak1,-3.5817757,-1.5064478,0.000341266867468412,0.0018890878526200451,0.056155507559395246,0.1445042275172944
Epidermis 2,alpk1,-3.6023362,-1.4144217,0.00031537022166405314,0.0017515127531003572,0.05939524838012959,0.14834742505764797
Epidermis 2,scarb2,-3.6042752,-2.039078,0.00031302529689205985,0.0017393748417320188,0.03131749460043196,0.12067640276710223
Epidermis 2,tom1l2,-3.6446607,-1.0326198,0.00026774480549834916,0.0014953824931608593,0.09935205183585313,0.18908531898539585
Epidermis 2,tmem167b,-3.6478033,-1.2045358,0.00026449202490835767,0.001477593567722804,0.058315334773218146,0.1506533435818601
Epidermis 2,cldn23,-3.681703,-3.6123412,0.0002316811634263599,0.001297616701007854,0.00755939524838013,0.09915449654112221
Epidermis 2,sec14l3,-3.7091172,-3.3627744,0.00020798324941201298,0.001169992906785134,0.011879049676025918,0.1037663335895465
Epidermis 2,mgat1,-3.7103207,-2.797784,0.00020699692804889834,0.0011647447052488423,0.017278617710583154,0.10914681014604151
Epidermis 2,chmp2b,-3.7163718,-1.2726684,0.0002021041474026093,0.001138681797178502,0.05723542116630669,0.15142198308993082
Epidermis 2,pparg,-3.7174082,-5.2929206,0.0002012771332611651,0.0011343151665526559,0.0021598272138228943,0.09454265949269793
Epidermis 2,tnxb,-3.7188122,-4.487208,0.00020016173324532088,0.0011283206357907897,0.005399568034557235,0.09761721752498079
Epidermis 2,ppara,-3.7250974,-1.7784517,0.00019523979047239549,0.0011014290247926945,0.042116630669546434,0.1345119139123751
Epidermis 2,ostc,-3.727471,-1.3282508,0.0001934107346853175,0.0010916750236855438,0.06479481641468683,0.15757109915449655
Epidermis 2,txlnb,-3.7342243,-1.9944868,0.00018829462583718013,0.0010644500078738621,0.04427645788336933,0.13528055342044581
Epidermis 2,gramd1c,-3.7353275,-1.954853,0.000187471011756571,0.0010603434286003462,0.035637149028077755,0.12836279784780938
Epidermis 2,vps9d1,-3.7710326,-1.1113417,0.0001625734026342264,0.0009240724717065522,0.07775377969762419,0.17294388931591084
Epidermis 2,nt5c3a,-3.7711663,-2.1628547,0.0001624862929469528,0.0009238179776955333,0.02591792656587473,0.11990776325903152
Epidermis 2,gusb,-3.7712667,-2.1448445,0.00016242098950440615,0.0009236873630376979,0.03131749460043196,0.1245196003074558
Epidermis 2,c4bpa,-3.7774181,-1.9516139,0.00015846258668598452,0.0009025873411837295,0.03347732181425486,0.12759415833973867
Epidermis 2,tlcd4.2,-3.8205116,-3.45252,0.00013317513658830552,0.0007621334003392119,0.008639308855291577,0.1037663335895465
Epidermis 2,exoc7,-3.8269973,-2.7921724,0.0001297159030675516,0.0007431164927374753,0.0183585313174946,0.11299000768639508
Epidermis 2,rps6kc1,-3.8736012,-1.8131161,0.00010723884506896186,0.0006174297726252815,0.03779697624190065,0.1345119139123751
Epidermis 2,fam98a,-3.8832295,-1.7862056,0.00010307817548085771,0.0005942586174815842,0.0367170626349892,0.1337432744043044
Epidermis 2,agr2,-3.9327419,-1.4594582,8.398238380656938e-05,0.0004880371763097605,0.05939524838012959,0.15833973866256726
Epidermis 2,gulp1,-3.9380577,-1.4843348,8.214388418237086e-05,0.00047773499380157635,0.06479481641468683,0.16218293620292082
Epidermis 2,slc41a3,-3.9384587,-4.605875,8.200668448618099e-05,0.00047706421278937756,0.005399568034557235,0.10299769408147579
Epidermis 2,zc3h12a,-3.9685807,-3.9400878,7.23019561054878e-05,0.0004221838330687315,0.00755939524838013,0.10607225211375865
Epidermis 2,papss2,-3.9726593,-1.1773286,7.107463538123866e-05,0.0004154619926745269,0.08639308855291576,0.18524212144504226
Epidermis 2,bicdl2,-3.9835248,-5.1150045,6.790059930563935e-05,0.0003976540465508202,0.004319654427645789,0.10299769408147579
Epidermis 2,yipf5,-3.9940224,-1.001434,6.496174875400817e-05,0.0003812615168265767,0.09611231101511879,0.196771714066103
Epidermis 2,LOC100486607,-4.0226398,-1.6947128,5.754945768226609e-05,0.0003393101097229744,0.047516198704103674,0.14681014604150652
Epidermis 2,prkca,-4.0228405,-2.505844,5.750044839783763e-05,0.00033916093599094444,0.02159827213822894,0.12144504227517294
Epidermis 2,mpzl3,-4.036113,-1.5871279,5.4344082792726884e-05,0.00032136645816262694,0.05075593952483801,0.15142198308993082
Epidermis 2,LOC100498107,-4.0574756,-3.3853374,4.960596965456203e-05,0.00029446459843095706,0.014038876889848811,0.11452728670253651
Epidermis 2,LOC100495980,-4.0626245,-2.3405085,4.8524110512609885e-05,0.00028843492658557895,0.0367170626349892,0.13604919292851653
Epidermis 2,cul9,-4.0919437,-1.7005041,4.277722429984597e-05,0.0002558776895413758,0.04859611231101512,0.1498847040737894
Epidermis 2,pigg,-4.110064,-2.0170996,3.955497294185745e-05,0.00023725372857731484,0.03455723542116631,0.13681783243658724
Epidermis 2,mall,-4.1144433,-3.9082382,3.8811476069988076e-05,0.00023292222753663636,0.008639308855291577,0.11068408916218293
Epidermis 2,alg11,-4.1253085,-1.5355744,3.702377843156022e-05,0.00022280636214977263,0.05723542116630669,0.15987701767870868
Epidermis 2,traf3ip3,-4.1296883,-2.4872732,3.632554206285871e-05,0.00021890628372097208,0.02159827213822894,0.1245196003074558
Epidermis 2,slc25a39,-4.131527,-1.2548512,3.603613183907839e-05,0.00021725381973097376,0.0755939524838013,0.17832436587240585
Epidermis 2,selenoi,-4.13477,-1.1614127,3.553104549421421e-05,0.00021447384335525541,0.09287257019438445,0.19523443504996157
Epidermis 2,hebp1,-4.1431947,-3.0959606,3.425009324018385e-05,0.00020702805667425258,0.012958963282937365,0.11606456571867795
Epidermis 2,htatip2,-4.160579,-1.188973,3.174415087440253e-05,0.0001922534322038128,0.07667386609071274,0.1813989239046887
Epidermis 2,acad11,-4.1796355,-1.5460013,2.919769811380539e-05,0.00017727405969430925,0.056155507559395246,0.1606456571867794
Epidermis 2,ano1,-4.1805716,-2.6726596,2.907775199225602e-05,0.0001766441052959406,0.02159827213822894,0.12528823981552653
Epidermis 2,slc2a10,-4.1824436,-3.281173,2.8839263457818715e-05,0.00017529291585322064,0.016198704103671708,0.1191391237509608
Epidermis 2,sema4g,-4.2040405,-1.137084,2.6219204788136313e-05,0.00015994667813305075,0.10043196544276457,0.20368946963873943
Epidermis 2,tmem184c,-4.237472,-3.9082284,2.2605041334311897e-05,0.0001387913919403545,0.008639308855291577,0.1137586471944658
Epidermis 2,galnt12,-4.253854,-2.412845,2.1012258077517152e-05,0.00012933948759083266,0.023758099352051837,0.1299000768639508
Epidermis 2,phldb3,-4.2993546,-1.2970514,1.712964264589067e-05,0.00010591837125984142,0.08531317494600432,0.191391237509608
Epidermis 2,vkorc1,-4.323191,-1.7339671,1.537883773150835e-05,9.533568697137605e-05,0.047516198704103674,0.15526518063028438
Epidermis 2,rabac1,-4.335026,-1.3831795,1.4574290694924452e-05,9.047669907651394e-05,0.06587473002159827,0.17448116833205227
Epidermis 2,hbp1,-4.345189,-3.0727005,1.391556518630159e-05,8.655973430167816e-05,0.01511879049676026,0.12298232129131437
Epidermis 2,rab27b,-4.3452563,-4.0026507,1.3911326994706312e-05,8.655804572326387e-05,0.0064794816414686825,0.11452728670253651
Epidermis 2,spast,-4.35231,-1.2122308,1.3471048557147998e-05,8.389033977326668e-05,0.091792656587473,0.19984627209838585
Epidermis 2,lpcat2,-4.3679895,-2.950351,1.253954219426217e-05,7.838022063047689e-05,0.020518358531317494,0.12836279784780938
Epidermis 2,dmpk,-4.3684244,-3.067154,1.2514618900193936e-05,7.824684785705785e-05,0.01511879049676026,0.12375096079938509
Epidermis 2,yipf3,-4.3740745,-1.3497397,1.2194887202094789e-05,7.631334489157165e-05,0.07127429805615551,0.180630284396618
Epidermis 2,sphk1,-4.416566,-3.2276092,1.0028130041518037e-05,6.296250201651717e-05,0.014038876889848811,0.12375096079938509
Epidermis 2,chst10,-4.4190063,-1.950529,9.915566724072467e-06,6.228197509671424e-05,0.038876889848812095,0.1491160645657187
Epidermis 2,adipor1,-4.429003,-1.2588537,9.466988859245238e-06,5.956723295778268e-05,0.07667386609071274,0.18831667947732514
Epidermis 2,LOC105947542,-4.4361234,-3.0316207,9.159329443835735e-06,5.7664664683767914e-05,0.014038876889848811,0.1245196003074558
Epidermis 2,mxd1,-4.4567842,-1.5371825,8.319821951206882e-06,5.2515717326377023e-05,0.0550755939524838,0.16679477325134512
Epidermis 2,slc12a8,-4.467215,-1.8527961,7.924445759924009e-06,5.007799911013664e-05,0.04319654427645788,0.15449654112221367
Epidermis 2,sec22b,-4.470525,-1.1383058,7.802789591950311e-06,4.933777794434881e-05,0.0939524838012959,0.20676402767102228
Epidermis 2,rab3gap2,-4.5009475,-1.820268,6.765115990499055e-06,4.3050917477013677e-05,0.04643628509719223,0.15833973866256726
Epidermis 2,fam83a,-4.515992,-5.436422,6.302105705899154e-06,4.018651332800276e-05,0.0032397408207343412,0.11529592621060722
Epidermis 2,itgb6,-4.5202713,-3.258412,6.176045699289508e-06,3.9405699767308877e-05,0.014038876889848811,0.12605687932359724
Epidermis 2,dedd2,-4.5306683,-1.0961313,5.879734147830506e-06,3.758104242525175e-05,0.11123110151187905,0.22213681783243658
Epidermis 2,commd1,-4.542704,-2.4628057,5.553723234715786e-06,3.553894272866075e-05,0.02267818574514039,0.13604919292851653
Epidermis 2,borcs5,-4.5434394,-2.1857338,5.5343718820735785e-06,3.543589461230268e-05,0.03131749460043196,0.1445042275172944
Epidermis 2,psen2,-4.5451446,-1.1005334,5.489759877987596e-06,3.5170889693942254e-05,0.10367170626349892,0.21829362029208302
Epidermis 2,trpv4l.3,-4.5456457,-1.8428499,5.476704354748162e-06,3.5097552342132053e-05,0.05183585313174946,0.16372021521906227
Epidermis 2,syvn1,-4.5512958,-1.5479411,5.331651138200354e-06,3.421822337843233e-05,0.06803455723542116,0.17986164488854728
Epidermis 2,dctn4,-4.577406,-1.0744843,4.707771106063684e-06,3.0249786014551133e-05,0.1101511879049676,0.22521137586471945
Epidermis 2,wnt10a,-4.579412,-1.9477533,4.66285021829412e-06,2.9978802184265167e-05,0.0550755939524838,0.16679477325134512
Epidermis 2,fam214a,-4.5983343,-1.5096791,4.258822109005418e-06,2.743777893138684e-05,0.08099352051835854,0.1929285165257494
Epidermis 2,galk1,-4.60589,-2.5906944,4.10705691012347e-06,2.650697688133814e-05,0.02591792656587473,0.1398923904688701
Epidermis 2,LOC100488748,-4.610403,-4.423391,4.018888016866149e-06,2.596096963174548e-05,0.005399568034557235,0.11990776325903152
Epidermis 2,unc50,-4.6257815,-2.0092466,3.7318808362687493e-06,2.416420526059952e-05,0.04643628509719223,0.15987701767870868
Epidermis 2,arrdc1,-4.640291,-1.5453593,3.4791866200048847e-06,2.258159763091213e-05,0.06803455723542116,0.18293620292083013
Epidermis 2,LOC548809,-4.670012,-3.933247,3.011822156379068e-06,1.962139335894927e-05,0.008639308855291577,0.1245196003074558
Epidermis 2,slc2a12,-4.6739235,-4.517894,2.9549949292530145e-06,1.926529559343592e-05,0.005399568034557235,0.12144504227517294
Epidermis 2,chid1,-4.6800413,-2.3495328,2.8681689665365426e-06,1.874964500263448e-05,0.03455723542116631,0.1498847040737894
Epidermis 2,srgap3,-4.68733,-1.1712013,2.767930119615898e-06,1.812151309335089e-05,0.09935205183585313,0.21598770176787088
Epidermis 2,ssh1,-4.7005687,-2.4828646,2.59438140381744e-06,1.702895226745812e-05,0.03455723542116631,0.1498847040737894
Epidermis 2,baiap2,-4.7047477,-1.9684253,2.541803167949092e-06,1.6711264515762924e-05,0.05075593952483801,0.1660261337432744
Epidermis 2,slc3a2,-4.723904,-2.2462547,2.313597736775486e-06,1.5252270759570357e-05,0.032397408207343416,0.1498847040737894
Epidermis 2,sars1,-4.7348027,-1.0361603,2.192683513426888e-06,1.4472639729730225e-05,0.12419006479481641,0.24058416602613375
Epidermis 2,cdkl5,-4.757436,-2.4111595,1.960674555085609e-06,1.298054595464899e-05,0.03131749460043196,0.1491160645657187
Epidermis 2,dnajc13,-4.781674,-1.0691206,1.7384149065943808e-06,1.1537089926032842e-05,0.11663066954643629,0.23520368946963874
Epidermis 2,cacna1b,-4.7827773,-1.421757,1.7288973564344364e-06,1.1479326600720191e-05,0.07127429805615551,0.191391237509608
Epidermis 2,trac,-4.813033,-2.8362076,1.4865680167758543e-06,9.910907636439328e-06,0.020518358531317494,0.1398923904688701
Epidermis 2,ankrd22,-4.8172455,-4.4642606,1.4555370544955132e-06,9.706990851511796e-06,0.0064794816414686825,0.12605687932359724
Epidermis 2,cyp2d6,-4.82002,-5.242873,1.435437320810312e-06,9.575872142281206e-06,0.0032397408207343412,0.12298232129131437
Epidermis 2,gas2l1,-4.8214912,-3.3592262,1.4248905611979163e-06,9.517152413804632e-06,0.016198704103671708,0.13528055342044581
Epidermis 2,gdpd3,-4.8523154,-1.9816209,1.220284801184337e-06,8.180594361487995e-06,0.042116630669546434,0.16295157571099156
Epidermis 2,alg12,-4.8584332,-1.882776,1.183183147279145e-06,7.948965349993294e-06,0.04535637149028078,0.16679477325134512
Epidermis 2,adamtsl5,-4.8606396,-2.3466036,1.1700704427562102e-06,7.863291386320684e-06,0.03023758099352052,0.15142198308993082
Epidermis 2,sowaha,-4.87428,-1.8499752,1.0920609698051826e-06,7.352626480135418e-06,0.04967602591792657,0.1706379707916987
Epidermis 2,rfx1,-4.9160028,-2.3579073,8.832920555875463e-07,5.967280478320695e-06,0.0367170626349892,0.15757109915449655
Epidermis 2,sft2d1,-4.9561543,-2.2206461,7.190217663722549e-07,4.883216297544032e-06,0.03131749460043196,0.15526518063028438
Epidermis 2,b3gnt5,-4.971967,-4.530668,6.627686432156376e-07,4.511002671119286e-06,0.00755939524838013,0.13066871637202152
Epidermis 2,acaca,-4.9898534,-1.0566397,6.042515096896426e-07,4.123005688848559e-06,0.1511879049676026,0.27056110684089163
Epidermis 2,fam221a,-5.0020895,-1.3665179,5.671229152654528e-07,3.875724752272923e-06,0.08855291576673865,0.2121445042275173
Epidermis 2,chst4,-5.0147266,-2.7220683,5.310894244095152e-07,3.634655836461654e-06,0.024838012958963283,0.1491160645657187
Epidermis 2,ttc13,-5.017234,-1.660069,5.24207247404377e-07,3.5903095874484975e-06,0.06047516198704104,0.18524212144504226
Epidermis 2,mapk13,-5.0287347,-1.6158456,4.937275874008615e-07,3.3858044263589556e-06,0.07775377969762419,0.20061491160645656
Epidermis 2,muc22,-5.0377946,-1.6446997,4.7092677833110715e-07,3.2335095122602545e-06,0.06263498920086392,0.18831667947732514
Epidermis 2,arid5b,-5.061631,-1.2945558,4.156843742121073e-07,2.8659237692519407e-06,0.12095032397408208,0.2436587240584166
Epidermis 2,camkk1,-5.066245,-4.522008,4.05739963407522e-07,2.799131122831343e-06,0.0064794816414686825,0.13220599538816294
Epidermis 2,itln2,-5.0689864,-5.488174,3.999401093591425e-07,2.759991501051818e-06,0.004319654427645789,0.1299000768639508
Epidermis 2,krt18.3,-5.099309,-2.5979273,3.4089595540685357e-07,2.360739651835275e-06,0.02591792656587473,0.15295926210607225
Epidermis 2,bag4,-5.108904,-1.3320646,3.2403337017733484e-07,2.248960614071127e-06,0.091792656587473,0.2175249807840123
Epidermis 2,atp7b,-5.1403966,-3.2077127,2.741594038837051e-07,1.911931080903269e-06,0.014038876889848811,0.14219830899308225
Epidermis 2,LOC100493256,-5.157313,-5.3624473,2.5051898005703306e-07,1.7504241638887348e-06,0.004319654427645789,0.13220599538816294
Epidermis 2,rmc1,-5.1835904,-2.0577974,2.1765484918678827e-07,1.527153203892253e-06,0.04967602591792657,0.17755572636433511
Epidermis 2,LOC100496167,-5.2026796,-2.3542862,1.9643520412361524e-07,1.3818222402261149e-06,0.0367170626349892,0.1652574942352037
Epidermis 2,LOC100170429,-5.205321,-3.8044877,1.9366168958986582e-07,1.3627512829862824e-06,0.009719222462203024,0.13912375096079937
Epidermis 2,nr3c1,-5.212375,-1.2716454,1.8643823355881812e-07,1.3131919607769431e-06,0.10151187904967603,0.23136049192928518
Epidermis 2,csk,-5.2451715,-1.1457024,1.5613703192820835e-07,1.1040395896647551e-06,0.12419006479481641,0.2544196771714066
Epidermis 2,sertad4,-5.2538304,-1.3194027,1.489681431443825e-07,1.054373613867522e-06,0.0939524838012959,0.22598001537279017
Epidermis 2,b3gnt2,-5.2631245,-1.8086936,1.4162773346188377e-07,1.0037215887858935e-06,0.05939524838012959,0.18908531898539585
Epidermis 2,fpgs,-5.2704124,-1.100293,1.3611754355137595e-07,9.65925501734821e-07,0.11987041036717062,0.2521137586471945
Epidermis 2,tnk2,-5.272987,-3.6414561,1.3422130137957847e-07,9.530891693471467e-07,0.012958963282937365,0.14373558800922367
Epidermis 2,mroh1,-5.274224,-1.7225873,1.3331923456378355e-07,9.473002336100034e-07,0.06371490280777538,0.19446579554189086
Epidermis 2,clpx,-5.3034096,-1.8077141,1.1365952203011534e-07,8.099818518024647e-07,0.05723542116630669,0.18908531898539585
Epidermis 2,axl,-5.3047805,-1.153814,1.1280879824857748e-07,8.041818969559651e-07,0.13714902807775378,0.26594926979246736
Epidermis 2,dagla,-5.3151774,-1.1989768,1.0655338689248346e-07,7.610806727924326e-07,0.11987041036717062,0.25057647963105306
Epidermis 2,amot,-5.3296533,-1.6702793,9.840033451778985e-08,7.044598751682062e-07,0.06587473002159827,0.19830899308224442
Epidermis 2,surf4.1,-5.3604107,-2.2716594,8.303297710078082e-08,5.979744532396497e-07,0.03779697624190065,0.1706379707916987
Epidermis 2,glb1l2,-5.3614135,-3.401631,8.257320369801162e-08,5.948596493543452e-07,0.01511879049676026,0.14834742505764797
Epidermis 2,dse,-5.368334,-1.4110854,7.946728915089263e-08,5.732415591939267e-07,0.0939524838012959,0.22598001537279017
Epidermis 2,inpp5a.2,-5.4120626,-1.308019,6.230286458177272e-08,4.5241624227582775e-07,0.08855291576673865,0.22674865488086088
Epidermis 2,kdf1,-5.450309,-1.1188958,5.0282491087215615e-08,3.6708405420345664e-07,0.1306695464362851,0.26671790930053807
Epidermis 2,LOC116410227,-5.5259314,-3.0913086,3.277425880005308e-08,2.411217468900736e-07,0.020518358531317494,0.15757109915449655
Epidermis 2,dbf4b,-5.544018,-1.0197232,2.9560884790037704e-08,2.1814273486757277e-07,0.16630669546436286,0.2997694081475788
Epidermis 2,tmed4,-5.5505705,-2.5629346,2.8473906434149047e-08,2.1054866563861958e-07,0.03347732181425486,0.1706379707916987
Epidermis 2,ccdc18,-5.5567884,-1.6231568,2.7478310595919534e-08,2.0339356021491187e-07,0.07667386609071274,0.21445042275172943
Epidermis 2,nr3c2,-5.55719,-2.0241556,2.741525185015738e-08,2.0299566020437196e-07,0.058315334773218146,0.19446579554189086
Epidermis 2,dnah14,-5.560934,-1.3511357,2.68334349699812e-08,1.988225414193412e-07,0.12311015118790497,0.25518831667947733
Epidermis 2,rab11fip2,-5.6104465,-1.1660974,2.0180513259561035e-08,1.5013944078993567e-07,0.11771058315334773,0.2590315142198309
Epidermis 2,hspa13,-5.6209106,-1.1834003,1.899534055420637e-08,1.4156329447859878e-07,0.12958963282937366,0.2674865488086088
Epidermis 2,LOC100497855,-5.6656756,-3.923773,1.4644616475493249e-08,1.0958853776122708e-07,0.01079913606911447,0.15142198308993082
Epidermis 2,LOC100488374,-5.6663446,-1.8275558,1.4587612436781607e-08,1.0919941371629896e-07,0.058315334773218146,0.19907763259031513
Epidermis 2,nfatc3,-5.6746354,-1.4908185,1.3898424278739686e-08,1.0425490415482251e-07,0.08747300215982722,0.2275172943889316
Epidermis 2,cc2d1a,-5.7005787,-2.1910315,1.1940149274926334e-08,8.978152905863801e-08,0.04967602591792657,0.18908531898539585
Epidermis 2,irf9,-5.7110763,-3.5046885,1.1226401379740452e-08,8.444374509042275e-08,0.016198704103671708,0.15757109915449655
Epidermis 2,cops7b,-5.8077273,-1.2290598,6.3326562553915665e-09,4.809776963066459e-08,0.11879049676025918,0.26287471176018445
Epidermis 2,zfpl1,-5.8077607,-3.3512616,6.33139225741708e-09,4.809776963066459e-08,0.0183585313174946,0.16218293620292082
Epidermis 2,krt12.5,-5.810201,-4.3772407,6.239780239324037e-09,4.742537255391494e-08,0.011879049676025918,0.15526518063028438
Epidermis 2,gorasp1,-5.831932,-2.1689918,5.478930176345184e-09,4.1686100201544024e-08,0.04535637149028078,0.18985395849346656
Epidermis 2,riok3,-5.836913,-1.2663611,5.317679160690871e-09,4.0572404533369054e-08,0.11879049676025918,0.26287471176018445
Epidermis 2,znf850,-5.8522916,-1.8376411,4.84845106622655e-09,3.708308822857678e-08,0.05939524838012959,0.20522674865488086
Epidermis 2,nans,-5.8620872,-3.1317432,4.5708469581929014e-09,3.502122593915987e-08,0.024838012958963283,0.16910069177555725
Epidermis 2,tbc1d13,-5.8698435,-1.3647481,4.362069024392857e-09,3.343333620698158e-08,0.10691144708423327,0.2513451191391238
Epidermis 2,edem2,-5.9362054,-2.8866496,2.916943031196602e-09,2.2523217934798672e-08,0.023758099352051837,0.17140661029976942
Epidermis 2,rtn1,-5.9430923,-2.308957,2.7969475309883753e-09,2.1627282804286794e-08,0.04643628509719223,0.1929285165257494
Epidermis 2,nus1,-5.960577,-1.0133144,2.5134860515970572e-09,1.9483758128561063e-08,0.17494600431965443,0.3205226748654881
Epidermis 2,nt5c2,-5.9752536,-3.172184,2.2973241573839557e-09,1.784617673131908e-08,0.023758099352051837,0.17140661029976942
Epidermis 2,galnt3,-5.9811378,-2.6529796,2.2158450103794524e-09,1.7237773251868105e-08,0.03023758099352052,0.17909300538047657
Epidermis 2,LOC116411481,-6.067425,-5.917403,1.2997730815568517e-09,1.0250216267673315e-08,0.0032397408207343412,0.15372790161414296
Epidermis 2,tmem30b,-6.080129,-2.7558393,1.200858778460546e-09,9.4804411739463e-09,0.026997840172786176,0.17832436587240585
Epidermis 2,apip,-6.0855117,-1.472062,1.1611996440156876e-09,9.177304394084143e-09,0.09071274298056156,0.24212144504227517
Epidermis 2,LOC100489483,-6.090025,-3.676433,1.1289318561023934e-09,8.92875028343977e-09,0.012958963282937365,0.16448885472713298
Epidermis 2,abo2,-6.1080112,-1.7455397,1.0088034547518058e-09,7.996040750504597e-09,0.08531317494600432,0.23443504996156803
Epidermis 2,npdc1.1,-6.1186423,-2.0511432,9.437593529324196e-10,7.494094920064895e-09,0.05399568034557235,0.20522674865488086
Epidermis 2,mreg,-6.1219854,-3.7013109,9.241640403911397e-10,7.343839594091427e-09,0.0183585313174946,0.16910069177555725
Epidermis 2,styk1,-6.1536455,-2.5292034,7.572188630369283e-10,6.0502646687399525e-09,0.03779697624190065,0.18985395849346656
Epidermis 2,prdx4,-6.1676197,-1.8854548,6.93255555683895e-10,5.541219589955411e-09,0.06263498920086392,0.21598770176787088
Epidermis 2,pex1,-6.180023,-1.8333069,6.409224576551303e-10,5.13231888018077e-09,0.0734341252699784,0.22521137586471945
Epidermis 2,dock9,-6.209309,-1.1430358,5.321800625287109e-10,4.280391133224843e-09,0.17062634989200864,0.31975403535741737
Epidermis 2,LOC116408733,-6.226259,-2.5362468,4.777037244604252e-10,3.8479043822262594e-09,0.038876889848812095,0.1921598770176787
Epidermis 2,sh2d4a,-6.230505,-2.1515262,4.64934106267353e-10,3.747812018049468e-09,0.05399568034557235,0.207532667179093
Epidermis 2,LOC100494793,-6.276641,-1.3631269,3.459661960160459e-10,2.805398871522162e-09,0.12095032397408208,0.2736356648731745
Epidermis 2,parp14.2,-6.277577,-4.9598746,3.438903200032162e-10,2.7896024805911453e-09,0.0064794816414686825,0.16218293620292082
Epidermis 2,LOC101732464,-6.3157225,-1.6035112,2.689022811221887e-10,2.190263783638402e-09,0.0939524838012959,0.2482705611068409
Epidermis 2,sh3bgrl2,-6.383522,-2.175242,1.7306071544809886e-10,1.4239660150048888e-09,0.05075593952483801,0.2083013066871637
Epidermis 2,picalml,-6.3918467,-1.5294691,1.6389438073409726e-10,1.3500714541331584e-09,0.08855291576673865,0.2490392006149116
Epidermis 2,plpp5,-6.410635,-1.782074,1.4491463325175477e-10,1.1959841952294026e-09,0.0755939524838013,0.2328977709454266
Epidermis 2,cmpk1,-6.422336,-1.0327615,1.3419858192039876e-10,1.1100634026099397e-09,0.19330453563714903,0.34973097617217525
Epidermis 2,creld2,-6.4414926,-2.4319916,1.1830419574533773e-10,9.808190939813886e-10,0.04427645788336933,0.20292083013066872
Epidermis 2,copz1,-6.4447355,-1.4860525,1.1580218668295653e-10,9.604407128881773e-10,0.10367170626349892,0.26287471176018445
Epidermis 2,mfsd9,-6.445638,-1.4367782,1.1511500301836566e-10,9.551043653474362e-10,0.1079913606911447,0.2682551883166795
Epidermis 2,stpg1,-6.4869266,-1.6008842,8.7605132510095e-11,7.304667927026302e-10,0.08423326133909287,0.24673328209069947
Epidermis 2,akr1c8p,-6.487294,-4.7823462,8.739164550337769e-11,7.289652509668214e-10,0.0064794816414686825,0.16756341275941583
Epidermis 2,c1galt1,-6.50177,-1.2793416,7.938038136267178e-11,6.636625677068432e-10,0.13174946004319654,0.2920830130668716
Epidermis 2,lman2,-6.526209,-1.0526956,6.745534083847932e-11,5.648284698528232e-10,0.17818574514038876,0.3382013835511145
Epidermis 2,arf4,-6.5335636,-1.0419672,6.422289297185795e-11,5.385886808373991e-10,0.17278617710583152,0.3358954650269024
Epidermis 2,vsig10,-6.5455656,-2.9860592,5.927062769198819e-11,4.980147735336443e-10,0.028077753779697623,0.18985395849346656
Epidermis 2,enc1,-6.568567,-1.3686205,5.0801893965987105e-11,4.2850720070808065e-10,0.11987041036717062,0.28132205995388165
Epidermis 2,bckdha,-6.589428,-1.4968361,4.415241390097972e-11,3.7285209896798704e-10,0.09935205183585313,0.26364335126825517
Epidermis 2,far1,-6.608752,-1.0604957,3.8757442641784054e-11,3.2792793946737876e-10,0.1900647948164147,0.35126825518831667
Epidermis 2,mbnl2,-6.629078,-3.282188,3.3778987235076854e-11,2.8702931481955297e-10,0.024838012958963283,0.18831667947732514
Epidermis 2,ano10l,-6.666889,-4.727765,2.612818830507259e-11,2.229734833809108e-10,0.008639308855291577,0.17371252882398155
Epidermis 2,cd38,-6.677019,-4.1132426,2.438510313666777e-11,2.083427312236599e-10,0.01079913606911447,0.1767870868562644
Epidermis 2,slc35a2,-6.679627,-2.1323714,2.3955138922538577e-11,2.049566211617057e-10,0.056155507559395246,0.22213681783243658
Epidermis 2,LOC100485319,-6.684508,-3.4763541,2.3170190714971303e-11,1.9835101278595086e-10,0.020518358531317494,0.186010760953113
Epidermis 2,unc80,-6.6922975,-2.107993,2.196936613570601e-11,1.8814503078777112e-10,0.06479481641468683,0.22905457340507301
Epidermis 2,LOC100135371,-6.708545,-4.5568037,1.9657413021963638e-11,1.6874288338012138e-10,0.01079913606911447,0.1767870868562644
Epidermis 2,atp6v0b,-6.715098,-1.4483662,1.8793995189274792e-11,1.6152176802881656e-10,0.11555075593952484,0.2797847809377402
Epidermis 2,synj2,-6.7180734,-2.2288618,1.8414299048620737e-11,1.5832089028366945e-10,0.04967602591792657,0.2167563412759416
Epidermis 2,zdhhc20,-6.7231884,-1.6214434,1.777904413966965e-11,1.530400481939769e-10,0.11663066954643629,0.2759415833973866
Epidermis 2,kctd5,-6.725094,-2.7847302,1.7547909492032172e-11,1.5116973273811053e-10,0.03779697624190065,0.20292083013066872
Epidermis 2,cog7,-6.727735,-1.7182614,1.7232423518930075e-11,1.4851055039754073e-10,0.07127429805615551,0.24058416602613375
Epidermis 2,ggt6,-6.745588,-2.5773115,1.524088696260578e-11,1.317636269457293e-10,0.038876889848812095,0.20599538816295157
Epidermis 2,sec23a,-6.763942,-2.5751364,1.3428714246280763e-11,1.164195365785032e-10,0.04535637149028078,0.21137586471944658
Epidermis 2,dusp1,-6.7834992,-1.1915878,1.1729939506390156e-11,1.0185396337801019e-10,0.13606911447084233,0.30899308224442734
Epidermis 2,kctd9,-6.785672,-3.0484698,1.1554713959940419e-11,1.0037237791395696e-10,0.02591792656587473,0.19446579554189086
Epidermis 2,cog2,-6.7863073,-1.8503355,1.1503980272209036e-11,9.997146695335459e-11,0.07127429805615551,0.24058416602613375
Epidermis 2,LOC100487727,-6.789116,-1.2273622,1.1282286536194716e-11,9.812306676217813e-11,0.16198704103671707,0.3259031514219831
Epidermis 2,grb7,-6.7921247,-2.0770705,1.1049401427126973e-11,9.613596034343607e-11,0.07127429805615551,0.23674096848578016
Epidermis 2,atp6ap1.2,-6.796872,-1.248468,1.0691504180711079e-11,9.32078756401504e-11,0.14038876889848811,0.30899308224442734
Epidermis 2,rell1,-6.823216,-1.4563316,8.90245444776105e-12,7.7797540450378e-11,0.11123110151187905,0.28055342044581094
Epidermis 2,tnfrsf11a,-6.830471,-3.56631,8.463637964731916e-12,7.405174179166606e-11,0.02267818574514039,0.19062259800153727
Epidermis 2,atp6ap2,-6.8404,-1.2732471,7.897232018516609e-12,6.912374644045365e-11,0.12419006479481641,0.2982321291314374
Epidermis 2,itln1,-6.8696194,-5.2424006,6.437341640263886e-12,5.659517805487439e-11,0.0064794816414686825,0.1767870868562644
Epidermis 2,tnk2l,-6.903486,-1.7831681,5.07417485085108e-12,4.477297590797469e-11,0.08855291576673865,0.25672559569561876
Epidermis 2,rab3d,-6.9102387,-3.2659926,4.838379875824549e-12,4.2796225079192335e-11,0.024838012958963283,0.19523443504996157
Epidermis 2,lrrc31,-6.9155545,-4.4036665,4.660364781050043e-12,4.1281577554882375e-11,0.01079913606911447,0.18216756341275941
Epidermis 2,LOC733880,-6.9171257,-4.4718537,4.608984667046836e-12,4.084998148644557e-11,0.009719222462203024,0.1813989239046887
Epidermis 2,cyb5a,-6.9333067,-1.3068231,4.111150895275833e-12,3.652663830855617e-11,0.13498920086393087,0.3074558032282859
Epidermis 2,mvb12a,-6.9556394,-2.2266948,3.509669045515057e-12,3.127173876773543e-11,0.0550755939524838,0.22674865488086088
Epidermis 2,LOC100145533,-6.967775,-5.1989794,3.219926965865731e-12,2.872527650129032e-11,0.004319654427645789,0.17755572636433511
Epidermis 2,ift52,-7.000237,-1.9177822,2.5552954232417016e-12,2.283337486918803e-11,0.07235421166306695,0.24596464258262873
Epidermis 2,LOC100490565,-7.0280523,-1.1289474,2.094362679619784e-12,1.8845809497725072e-11,0.1900647948164147,0.35818601076095313
Epidermis 2,memo1,-7.0348725,-1.6907393,1.9944334745211198e-12,1.7968840977508404e-11,0.09503239740820735,0.2682551883166795
Epidermis 2,ap3m2,-7.043765,-1.1450375,1.8711321499339176e-12,1.6885845592931353e-11,0.1652267818574514,0.34435049961568026
Epidermis 2,zbtb7b,-7.043899,-2.112211,1.8693362816421033e-12,1.6876618536082885e-11,0.056155507559395246,0.23136049192928518
Epidermis 2,tbc1d9,-7.05891,-2.4099002,1.678138592139682e-12,1.5175574893941155e-11,0.047516198704103674,0.22213681783243658
Epidermis 2,gadl1,-7.0613837,-5.287728,1.648525374836663e-12,1.492014608225252e-11,0.0064794816414686825,0.1813989239046887
Epidermis 2,LOC100492415,-7.0739207,-4.9955,1.506163495240601e-12,1.3660013977408626e-11,0.005399568034557235,0.1813989239046887
Epidermis 2,fam83g,-7.082078,-1.7292995,1.42008611665056e-12,1.2890057883291127e-11,0.09935205183585313,0.27132974634896234
Epidermis 2,bcat1,-7.0905027,-2.9398534,1.3362554939891447e-12,1.2139230280739852e-11,0.032397408207343416,0.207532667179093
Epidermis 2,scyl1,-7.1120663,-1.7804722,1.1431828921017015e-12,1.04025829393458e-11,0.08963282937365011,0.26364335126825517
Epidermis 2,c1galt1c1,-7.12574,-3.200203,1.0352303911576437e-12,9.439934126807748e-12,0.02591792656587473,0.202152190622598
Epidermis 2,slc4a4,-7.126208,-2.845193,1.0317180403700252e-12,9.411839196870535e-12,0.03347732181425486,0.20983858570330516
Epidermis 2,LOC101732279,-7.1412187,-2.5629194,9.25069585122446e-13,8.467258144696683e-12,0.03779697624190065,0.21598770176787088
Epidermis 2,fam177b,-7.1538224,-2.482514,8.439413760655673e-13,7.734416113870955e-12,0.04103671706263499,0.21829362029208302
Epidermis 2,map3k2,-7.162983,-1.1987456,7.894022109552748e-13,7.2498087732554925e-12,0.17494600431965443,0.3481936971560338
Epidermis 2,gmppa,-7.1847467,-2.8497672,6.733179069283975e-13,6.196739792106521e-12,0.029157667386609073,0.2083013066871637
Epidermis 2,LOC100486003,-7.1956124,-2.5928009,6.218111296233088e-13,5.732378816861099e-12,0.03995680345572354,0.21829362029208302
Epidermis 2,ndfip1,-7.198855,-1.0285234,6.072022872582756e-13,5.600068093940335e-12,0.2267818574514039,0.398923904688701
Epidermis 2,aak1,-7.2195826,-1.0506003,5.214731401538502e-13,4.829824020075197e-12,0.22894168466522677,0.39815526518063027
Epidermis 2,pck2,-7.282602,-1.9946268,3.2744314748009414e-13,3.057397056552475e-12,0.07127429805615551,0.25057647963105306
Epidermis 2,wdr20,-7.287282,-1.0330031,3.1627035842208756e-13,2.9543388232570087e-12,0.21382289416846653,0.393543428132206
Epidermis 2,LOC100127624,-7.2967434,-3.9107444,2.948166534368907e-13,2.7562957132161064e-12,0.01511879049676026,0.1960030745580323
Epidermis 2,cltb,-7.3113194,-1.1398166,2.6453176954899896e-13,2.4784661843403634e-12,0.17926565874730022,0.361260568793236
Epidermis 2,mfsd11,-7.3188415,-1.2748197,2.501206136865336e-13,2.3484861924500213e-12,0.16414686825053995,0.3412759415833974
Epidermis 2,flii,-7.3707943,-1.0882444,1.696141080297905e-13,1.605704751114125e-12,0.20734341252699784,0.388162951575711
Epidermis 2,LOC100490052,-7.3735695,-2.1062603,1.661192088865038e-13,1.573301760899479e-12,0.058315334773218146,0.24212144504227517
Epidermis 2,LOC101734651,-7.3913884,-2.0401547,1.4530342064256915e-13,1.380350867149108e-12,0.11123110151187905,0.2843966179861645
Epidermis 2,pi4k2a,-7.4208417,-2.8789346,1.1637823971276425e-13,1.1089474099442047e-12,0.03455723542116631,0.21829362029208302
Epidermis 2,LOC100497570,-7.429434,-6.1821165,1.0906353296794673e-13,1.0410653337242194e-12,0.0032397408207343412,0.18754803996925443
Epidermis 2,sned1,-7.447186,-1.7553097,9.535212453395366e-14,9.12578381340089e-13,0.1079913606911447,0.28670253651037664
Epidermis 2,stxbp2,-7.4731293,-1.9960586,7.830997862763705e-14,7.521135755429877e-13,0.08423326133909287,0.26518063028439665
Epidermis 2,LOC100145155,-7.507664,-4.193025,6.019173960344328e-14,5.80143087405802e-13,0.011879049676025918,0.19830899308224442
Epidermis 2,prss8,-7.5235443,-2.825431,5.331100454369765e-14,5.147342611274453e-13,0.03347732181425486,0.22059953881629515
Epidermis 2,selenow2,-7.542199,-2.5483234,4.621117921724346e-14,4.4756952583198826e-13,0.042116630669546434,0.22982321291314373
Epidermis 2,sh3bp1,-7.545442,-3.913228,4.5075646384833124e-14,4.367653995397174e-13,0.014038876889848811,0.2013835511145273
Epidermis 2,tnik,-7.55263,-1.0845786,4.265564574773753e-14,4.1423624648926596e-13,0.22354211663066956,0.40584166026133744
Epidermis 2,rcn1,-7.5688777,-1.553163,3.764628318985243e-14,3.6624143802308065e-13,0.10475161987041037,0.29362029208301305
Epidermis 2,sec23ip,-7.5734577,-1.1000254,3.634191250084131e-14,3.5370957746693054e-13,0.20734341252699784,0.39046887009992315
Epidermis 2,snx33,-7.6045494,-1.2746803,2.858987015890427e-14,2.791317927236913e-13,0.17494600431965443,0.35818601076095313
Epidermis 2,slc35a5,-7.6610155,-1.7449578,1.844687441802237e-14,1.8107478482935949e-13,0.09611231101511879,0.2851652574942352
Epidermis 2,arl1,-7.6793694,-1.6417681,1.598735908643501e-14,1.5714421739869294e-13,0.10151187904967603,0.2920830130668716
Epidermis 2,ggt1,-7.6850863,-1.9777371,1.528939638314503e-14,1.504871080183165e-13,0.08423326133909287,0.27132974634896234
Epidermis 2,tcaf2,-7.6885967,-4.1924443,1.4875771256137588e-14,1.4654817362536267e-13,0.016198704103671708,0.20599538816295157
Epidermis 2,slc27a6,-7.7215266,-2.1910887,1.1494440024847422e-14,1.1349329220913828e-13,0.06371490280777538,0.2544196771714066
Epidermis 2,vamp8,-7.7319574,-1.3935724,1.0590527822924745e-14,1.0494818693189866e-13,0.14038876889848811,0.3305149884704074
Epidermis 2,derl1,-7.737474,-1.7615385,1.0141159765782271e-14,1.0058647602233406e-13,0.10151187904967603,0.2897770945426595
Epidermis 2,c3h12orf75,-7.7697353,-2.1236477,7.865025510773013e-15,7.843817260995334e-14,0.0734341252699784,0.2644119907763259
Epidermis 2,aldob,-7.7823725,-2.940069,7.117687657026552e-15,7.114753200365386e-14,0.03023758099352052,0.22444273635664874
Epidermis 2,pitpnm2,-7.792569,-1.4165338,6.56601560295201e-15,6.569327211004852e-14,0.18142548596112312,0.3635664873174481
Epidermis 2,mpp1,-7.8044376,-2.0922036,5.976750292331425e-15,5.99350496916195e-14,0.0734341252699784,0.26518063028439665
Epidermis 2,dapk3,-7.8087835,-1.2418557,5.7742517935796614e-15,5.795765795202474e-14,0.1673866090712743,0.361260568793236
Epidermis 2,polk,-7.849002,-3.3111196,4.193608361186088e-15,4.2228300899603885e-14,0.028077753779697623,0.22136817832436587
Epidermis 2,col1a2,-7.852579,-3.9431913,4.075672640171378e-15,4.107863865181508e-14,0.016198704103671708,0.21060722521137587
Epidermis 2,mfsd6l,-7.8596334,-3.4119883,3.852595764296999e-15,3.8920135265150376e-14,0.023758099352051837,0.21829362029208302
Epidermis 2,ildr1,-7.8913937,-1.7365017,2.9883086378688553e-15,3.038577949065065e-14,0.10367170626349892,0.2982321291314374
Epidermis 2,sdf2,-7.89467,-1.2391065,2.910849068633602e-15,2.9625763771760176e-14,0.1652267818574514,0.3627978478093774
Epidermis 2,fam20b,-7.897712,-2.1164775,2.840694358543173e-15,2.893874491025704e-14,0.0734341252699784,0.26671790930053807
Epidermis 2,gchfr,-7.9259953,-2.9210305,2.2632613372411796e-15,2.3164458555318847e-14,0.03455723542116631,0.23059185242121444
Epidermis 2,kcnma1,-7.9382315,-1.4950713,2.0508458858941424e-15,2.1029844020721845e-14,0.16846652267818574,0.3528055342044581
Epidermis 2,atp9a,-7.9481273,-2.0382955,1.8935230400375856e-15,1.9453185619896494e-14,0.08207343412526998,0.2759415833973866
Epidermis 2,wdr1,-7.951938,-1.1187335,1.836156499030198e-15,1.8890509648909927e-14,0.19978401727861772,0.39738662567255956
Epidermis 2,snx31,-7.960898,-4.174524,1.7079508653291916e-15,1.7613041508671214e-14,0.012958963282937365,0.21060722521137587
Epidermis 2,tbcd,-7.97514,-1.4869214,1.5220823856096456e-15,1.5748392478135645e-14,0.12203023758099352,0.3220599538816295
Epidermis 2,dym,-7.9763103,-2.8332782,1.5077289088817782e-15,1.5607282979463605e-14,0.04103671706263499,0.23750960799385087
Epidermis 2,rhoc,-7.987309,-3.174279,1.379159747356424e-15,1.428995481816929e-14,0.03023758099352052,0.2275172943889316
Epidermis 2,ttc22,-7.9947977,-4.9591246,1.2978666991707503e-15,1.3460432149527065e-14,0.008639308855291577,0.20676402767102228
Epidermis 2,LOC100145541,-7.9961686,-4.7503667,1.2835068400212503e-15,1.3330510593100288e-14,0.01079913606911447,0.2083013066871637
Epidermis 2,slc30a6,-8.004794,-1.3055437,1.1966691809695123e-15,1.2452321505930248e-14,0.1673866090712743,0.3635664873174481
Epidermis 2,LOC100497727,-8.05678,-6.7390876,7.833028224357624e-16,8.17820616668458e-15,0.0021598272138228943,0.202152190622598
Epidermis 2,maff,-8.068113,-1.5528259,7.139260112837633e-16,7.46815891285858e-15,0.11879049676025918,0.31898539584934665
Epidermis 2,rassf3,-8.105758,-1.0160764,5.24177974345458e-16,5.501725626836093e-15,0.2818574514038877,0.47501921598770175
Epidermis 2,kdelr3,-8.11669,-1.5297494,4.790707643044517e-16,5.0355506492714075e-15,0.12526997840172785,0.32744043043812454
Epidermis 2,dpagt1,-8.148383,-1.2962223,3.68822038578165e-16,3.887954446287023e-15,0.1717062634989201,0.3727901614142967
Epidermis 2,gnpnat1,-8.1718855,-1.9967386,3.036060885322113e-16,3.2113371099667396e-15,0.07991360691144708,0.28132205995388165
Epidermis 2,triqk,-8.173925,-2.038285,2.985153168386593e-16,3.16208870327009e-15,0.08639308855291576,0.2859338970023059
Epidermis 2,smoc1,-8.184356,-3.272681,2.7376425434149255e-16,2.9055495106934385e-15,0.035637149028077755,0.23597232897770945
Epidermis 2,rffl,-8.226112,-1.5620033,1.9338823051667805e-16,2.064542357193949e-15,0.11879049676025918,0.32513451191391235
Epidermis 2,nos2,-8.22902,-1.5755873,1.8875041411331848e-16,2.017004302824056e-15,0.14146868250539957,0.3374327440430438
Epidermis 2,sms,-8.274588,-3.035369,1.2890054994441677e-16,1.3842218997722039e-15,0.04427645788336933,0.24673328209069947
Epidermis 2,dennd11,-8.287793,-1.4817835,1.1536862308732966e-16,1.2431894935252447e-15,0.1468682505399568,0.3474250576479631
Epidermis 2,epha7,-8.291872,-1.3411876,1.1147967446881676e-16,1.2036605524908711e-15,0.19978401727861772,0.3889315910837817
Epidermis 2,galnt5,-8.30929,-3.149499,9.627626564005446e-17,1.0415688609477583e-15,0.03347732181425486,0.2382782475019216
Epidermis 2,angpt4,-8.334799,-3.588907,7.763025616926829e-17,8.423519740773761e-16,0.028077753779697623,0.2328977709454266
Epidermis 2,tmem43,-8.342655,-2.2907026,7.26408595907141e-17,7.886050731984937e-16,0.06047516198704104,0.2674865488086088
Epidermis 2,gclm,-8.343157,-1.0607862,7.233335087945788e-17,7.856575657245647e-16,0.25161987041036715,0.4558032282859339
Epidermis 2,lmbrd2,-8.345062,-1.5558262,7.117648201215155e-17,7.734770985991828e-16,0.13390928725701945,0.3382013835511145
Epidermis 2,larp6,-8.35138,-3.0433064,6.746958017375102e-17,7.346575394068966e-16,0.03455723542116631,0.24135280553420446
Epidermis 2,arfgap3,-8.363349,-1.713021,6.096241049893578e-17,6.64465913834804e-16,0.1079913606911447,0.3143735588009224
Epidermis 2,LOC116412462,-8.377391,-5.810042,5.411403756279573e-17,5.907065601089374e-16,0.005399568034557235,0.212913143735588
Epidermis 2,tgds,-8.3898945,-2.8153932,4.8658052264528456e-17,5.319475743808995e-16,0.04103671706263499,0.2490392006149116
Epidermis 2,sec61b,-8.415302,-1.13288,3.91883465747504e-17,4.297130204058435e-16,0.21274298056155508,0.42198308993082245
Epidermis 2,rasa4,-8.435394,-2.2239661,3.300871029213257e-17,3.626802957122985e-16,0.06911447084233262,0.2767102229054573
Epidermis 2,ube2a,-8.457961,-1.1218902,2.7209296195696605e-17,3.000172068147022e-16,0.22894168466522677,0.4358186010760953
Epidermis 2,LOC100487889,-8.465049,-4.2927165,2.560459512889198e-17,2.82608937940087e-16,0.011879049676025918,0.22213681783243658
Epidermis 2,smim7,-8.475881,-1.4163506,2.3330823197429453e-17,2.5816526013747876e-16,0.16198704103671707,0.36587240584166025
Epidermis 2,ap1m2,-8.482867,-2.0984907,2.197104522297827e-17,2.4336557249269486e-16,0.07127429805615551,0.2828593389700231
Epidermis 2,ddr1,-8.490356,-1.564206,2.0600436024239586e-17,2.2888091368886556e-16,0.13930885529157666,0.345119139123751
Epidermis 2,grasp,-8.5329485,-1.0256056,1.4266429575216334e-17,1.5923670575999777e-16,0.26997840172786175,0.47732513451191394
Epidermis 2,aox1,-8.560931,-3.353216,1.1195990633667389e-17,1.2554353114966912e-16,0.04103671706263499,0.2490392006149116
Epidermis 2,alg5,-8.597973,-1.0965184,8.113627589663378e-18,9.135576245306738e-17,0.2634989200863931,0.4665641813989239
Epidermis 2,arid4b,-8.633945,-2.1680548,5.927114768511149e-18,6.704798930206417e-17,0.0939524838012959,0.3005380476556495
Epidermis 2,esyt3,-8.673562,-2.0394115,4.188078533674171e-18,4.7672436976162794e-17,0.09287257019438445,0.30361260568793236
Epidermis 2,parp16,-8.689978,-2.8251936,3.625119849645834e-18,4.1415570805822906e-17,0.04427645788336933,0.2582628747117602
Epidermis 2,ganc,-8.741128,-3.551846,2.3079469554701416e-18,2.6464377569791886e-17,0.024838012958963283,0.24135280553420446
Epidermis 2,mybpc3,-8.764697,-4.013821,1.872793317849722e-18,2.150853841515725e-17,0.0183585313174946,0.23520368946963874
Epidermis 2,slc4a1,-8.769043,-2.8392444,1.8019069868432646e-18,2.0716234120077384e-17,0.04103671706263499,0.25749423520368947
Epidermis 2,rabep1,-8.819793,-1.2270188,1.1467181858060738e-18,1.3253462676098696e-17,0.22462203023758098,0.4327440430438125
Epidermis 2,scnn1a,-8.827382,-3.340015,1.071546135428676e-18,1.2397777423748218e-17,0.03455723542116631,0.2513451191391238
Epidermis 2,lonrf2,-8.847742,-1.3357862,8.93081208087233e-19,1.0371434295727255e-17,0.21706263498920086,0.42198308993082245
Epidermis 2,selenos,-8.854762,-1.502984,8.386233946745334e-19,9.744196536311499e-18,0.15226781857451405,0.3681783243658724
Epidermis 2,pde4b,-8.864892,-3.2160857,7.657819044347317e-19,8.91682333867144e-18,0.03455723542116631,0.2536510376633359
Epidermis 2,spryd7,-8.878399,-1.2406634,6.782983591322367e-19,7.915052670922213e-18,0.22462203023758098,0.43735588009223675
Epidermis 2,mfge8,-8.899326,-1.0130422,5.618643662025067e-19,6.559894240184537e-18,0.34233261339092874,0.5342044581091469
Epidermis 2,slc35a3.2,-8.918249,-1.8528389,4.737177117637784e-19,5.542624229703704e-18,0.1079913606911447,0.32513451191391235
Epidermis 2,arpc1b,-8.9762535,-1.1837503,2.801442097912221e-19,3.2989890997594486e-18,0.23002159827213822,0.4488854727132975
Epidermis 2,gca,-9.006877,-2.1185622,2.1200826800706343e-19,2.508802828732175e-18,0.08315334773218143,0.30361260568793236
Epidermis 2,ufm1,-9.010019,-1.6553849,2.0602030703577985e-19,2.4419169580813427e-18,0.12095032397408208,0.345119139123751
Epidermis 2,tmed5,-9.018779,-1.0804725,1.901983505204927e-19,2.2568342613962325e-18,0.2688984881209503,0.48578016910069177
Epidermis 2,c5orf15,-9.02396,-2.05443,1.8140976909005196e-19,2.1560689386241962e-18,0.08315334773218143,0.3059185242121445
Epidermis 2,efhd1,-9.049168,-1.261012,1.4406202432535106e-19,1.7159265462901122e-18,0.19222462203023757,0.4181398923904689
Epidermis 2,mcf2l.2,-9.082666,-2.6631343,1.0594692997941044e-19,1.2681667356449344e-18,0.052915766738660906,0.27747886241352804
Epidermis 2,LOC100494753,-9.082767,-2.4333112,1.0584931918385413e-19,1.26769373979741e-18,0.07451403887688984,0.29592621060722524
Epidermis 2,mideas,-9.0856085,-1.442668,1.0312031313630499e-19,1.2356882772912199e-18,0.1673866090712743,0.38970023059185244
Epidermis 2,LOC100038305,-9.094067,-3.0937338,9.540235159325269e-20,1.1450906018241842e-18,0.042116630669546434,0.26594926979246736
Epidermis 2,rhbdl2,-9.104732,-1.6337956,8.648019013062789e-20,1.0391432978196206e-18,0.14146868250539957,0.361260568793236
Epidermis 2,ago3,-9.163303,-2.0223582,5.0332286138275586e-20,6.064609695324746e-19,0.11447084233261338,0.3320522674865488
Epidermis 2,LOC100493548,-9.191988,-3.4966893,3.8564644584988855e-20,4.662155731241229e-19,0.02591792656587473,0.2536510376633359
Epidermis 2,mfsd12,-9.212048,-2.0814288,3.1996326682063604e-20,3.8766898641272066e-19,0.0939524838012959,0.31744811683320523
Epidermis 2,znf750,-9.213251,-2.43253,3.163947540204609e-20,3.8355832930447096e-19,0.06371490280777538,0.2890084550345888
Epidermis 2,nsf,-9.214889,-2.089057,3.1160076035017305e-20,3.7795665322963456e-19,0.08855291576673865,0.3143735588009224
Epidermis 2,cope,-9.251496,-1.0623106,2.2137089275746353e-20,2.695610631060609e-19,0.29265658747300216,0.5126825518831668
Epidermis 2,ahnak2,-9.269684,-4.8221207,1.8669903820919496e-20,2.2797760004268847e-19,0.01511879049676026,0.2436587240584166
Epidermis 2,stoml3,-9.274498,-4.759386,1.7845789700607746e-20,2.1803638133088554e-19,0.012958963282937365,0.24212144504227517
Epidermis 2,tmbim6,-9.306358,-1.3475374,1.3229064994657248e-20,1.6208390075711163e-19,0.21058315334773217,0.431206764027671
Epidermis 2,acsbg1,-9.3156185,-5.0190525,1.212437866223613e-20,1.487161702016046e-19,0.008639308855291577,0.23981552651806304
Epidermis 2,epn3,-9.321636,-5.6459594,1.1455955028884676e-20,1.4075472673721424e-19,0.0064794816414686825,0.23750960799385087
Epidermis 2,aadacl3,-9.359849,-4.8231583,7.985079102647579e-21,9.855339994280137e-20,0.009719222462203024,0.24212144504227517
Epidermis 2,ganab,-9.360049,-2.0172343,7.969933944943302e-21,9.842214409315665e-20,0.10151187904967603,0.3297463489623367
Epidermis 2,LOC116411534,-9.417987,-3.9431891,4.598199199996049e-21,5.723748131381277e-20,0.019438444924406047,0.2528823981552652
Epidermis 2,fam219b,-9.454126,-2.7635458,3.2573046538919573e-21,4.068554370496646e-20,0.05183585313174946,0.2843966179861645
Epidermis 2,sh3tc2,-9.472179,-5.107674,2.740644601218741e-21,3.4251778833444527e-20,0.008639308855291577,0.2436587240584166
Epidermis 2,mpp5,-9.509189,-1.2744731,1.921556880779979e-21,2.4084027969844872e-20,0.23110151187904968,0.4565718677940046
Epidermis 2,bspry,-9.529582,-4.2598467,1.5791805575686294e-21,1.9838398933048395e-20,0.016198704103671708,0.2521137586471945
Epidermis 2,sort1,-9.550376,-3.2433808,1.2922596540455327e-21,1.6262051851746003e-20,0.032397408207343416,0.2690238278247502
Epidermis 2,LOC100498522,-9.567862,-3.11933,1.0914007818522758e-21,1.3766159803929774e-20,0.042116630669546434,0.2767102229054573
Epidermis 2,pgm3,-9.577389,-1.8505236,9.952900081195902e-22,1.2582979876696163e-20,0.11987041036717062,0.3535741737125288
Epidermis 2,stk17a,-9.602998,-1.0671786,7.765232123918397e-22,9.845736791169281e-21,0.3228941684665227,0.5403535741737125
Epidermis 2,tmed7,-9.614031,-1.3047773,6.976351787068148e-22,8.871268784709444e-21,0.22462203023758098,0.4496541122213682
Epidermis 2,zdhhc13,-9.668925,-1.7599164,4.086467266097337e-22,5.214666796111695e-21,0.1306695464362851,0.3674096848578017
Epidermis 2,mcf2l,-9.669394,-3.2462013,4.0678224485093256e-22,5.193911857748508e-21,0.03779697624190065,0.2759415833973866
Epidermis 2,siae,-9.678855,-5.2899528,3.7084762341551675e-22,4.748982388820417e-21,0.00755939524838013,0.24750192159877019
Epidermis 2,ap1ar,-9.68641,-1.5660956,3.4442244341214224e-22,4.418366923983749e-21,0.15334773218142547,0.39123750960799386
Epidermis 2,LOC100216133,-9.687982,-4.0820985,3.391656436013209e-22,4.3534902994261315e-21,0.019438444924406047,0.2590315142198309
Epidermis 2,LOC100216148,-9.691057,-2.0951743,3.2910451317956407e-22,4.226833185456897e-21,0.08855291576673865,0.32897770945426597
Epidermis 2,ppp1r14c,-9.73064,-1.9566859,2.231836964658579e-22,2.8766045130428147e-21,0.1101511879049676,0.3481936971560338
Epidermis 2,kif16b,-9.735521,-1.6266916,2.127241537691742e-22,2.7434123873505618e-21,0.1630669546436285,0.39661798616448884
Epidermis 2,tmem39a,-9.747022,-1.0336146,1.8995927169841806e-22,2.4541748180764834e-21,0.3326133909287257,0.5618754803996926
Epidermis 2,fam83h,-9.764339,-1.3460166,1.6015221294047077e-22,2.07769407763021e-21,0.21058315334773217,0.44427363566487316
Epidermis 2,atp6v0a2,-9.7748375,-2.0406153,1.4438953029318206e-22,1.87543091698067e-21,0.10043196544276457,0.33973866256725593
Epidermis 2,rnf144b,-9.803221,-1.5729545,1.0905206926997576e-22,1.4240725335368885e-21,0.15658747300215983,0.398923904688701
Epidermis 2,amd1,-9.835683,-1.4410313,7.902969674304262e-23,1.0351182548799119e-21,0.19978401727861772,0.4296694850115296
Epidermis 2,LOC100489443,-9.850894,-2.5936322,6.793681739178925e-23,8.919670832167469e-22,0.06911447084233262,0.30899308224442734
Epidermis 2,zfyve27,-9.853067,-1.3006793,6.648344050880665e-23,8.734106895500721e-22,0.24298056155507558,0.4719446579554189
Epidermis 2,LOC100485638,-9.878275,-3.4718544,5.171555727667118e-23,6.814524005641556e-22,0.03023758099352052,0.2744043043812452
Epidermis 2,tmem181,-9.968708,-2.5781553,2.0892963745822877e-23,2.7799107432780546e-22,0.06263498920086392,0.30899308224442734
Epidermis 2,gan,-10.001237,-1.099783,1.5050557107026357e-23,2.0099033453636607e-22,0.3488120950323974,0.5649500384319754
Epidermis 2,marveld2,-10.008893,-1.2091538,1.3930308604721533e-23,1.8625812748996846e-22,0.265658747300216,0.5026902382782475
Epidermis 2,LOC100493583,-10.060612,-3.4334755,8.248441963260189e-24,1.1089910787449203e-22,0.03455723542116631,0.28209069946195237
Epidermis 2,nomo3,-10.085551,-1.4528321,6.400471026166819e-24,8.658690530811293e-23,0.20734341252699784,0.4458109146810146
Epidermis 2,LOC100495391,-10.114771,-4.2011514,4.7512738262939775e-24,6.451620794247721e-23,0.017278617710583154,0.2682551883166795
Epidermis 2,arcn1,-10.11875,-1.1630447,4.5620795709423955e-24,6.198576483034496e-23,0.296976241900648,0.5272867025365103
Epidermis 2,sun1,-10.128678,-1.2449169,4.121822474912232e-24,5.607374577622183e-23,0.25593952483801297,0.4965411222136818
Epidermis 2,pcyt2,-10.136168,-2.7268453,3.817864804585917e-24,5.203599494120506e-23,0.047516198704103674,0.3013066871637202
Epidermis 2,spryd3,-10.1585,-1.911212,3.0371422440537464e-24,4.1472766525342175e-23,0.11987041036717062,0.3697156033820138
Epidermis 2,pard3b,-10.191162,-1.1243598,2.1715204181112997e-24,2.976428834397404e-23,0.37041036717062636,0.5872405841660261
Epidermis 2,pm20d1,-10.225731,-2.6755059,1.5207651558221829e-24,2.0949884132068086e-23,0.06047516198704104,0.31129900076863953
Epidermis 2,cd63,-10.247428,-1.2033674,1.2153445493013682e-24,1.6784831272345036e-23,0.265658747300216,0.5165257494235204
Epidermis 2,ssr4,-10.260265,-1.1204697,1.0641343882677156e-24,1.4724461944445037e-23,0.3282937365010799,0.5511145272867025
Epidermis 2,rtn3,-10.264478,-1.4676408,1.0187022028977573e-24,1.410475937146698e-23,0.19870410367170627,0.44734819369715606
Epidermis 2,il17rc,-10.284504,-4.453031,8.27672912812294e-25,1.1496276658483175e-23,0.0183585313174946,0.27209838585703305
Epidermis 2,gmppb,-10.300718,-2.5395663,6.993719462887536e-25,9.745207688356892e-24,0.06587473002159827,0.31975403535741737
Epidermis 2,dnaja4.1,-10.301722,-2.1882892,6.921173177352426e-25,9.650282421917397e-24,0.09935205183585313,0.34973097617217525
Epidermis 2,mpzl2,-10.308341,-1.6581311,6.460718413571179e-25,9.014024073052218e-24,0.19654427645788336,0.43735588009223675
Epidermis 2,tef,-10.314124,-1.2513568,6.083332934518589e-25,8.49836158541166e-24,0.2894168466522678,0.5257494235203689
Epidermis 2,arc3,-10.351869,-1.195491,4.10395978548767e-25,5.755302472951571e-24,0.2937365010799136,0.536510376633359
Epidermis 2,nedd4l,-10.352872,-1.2538897,4.0611826576219206e-25,5.698975355110478e-24,0.24298056155507558,0.49500384319754037
Epidermis 2,ap3s1,-10.357986,-2.3831096,3.8497972914872414e-25,5.409299851741346e-24,0.0734341252699784,0.3305149884704074
Epidermis 2,f11r,-10.358723,-1.127772,3.8203124232291865e-25,5.371329728562118e-24,0.3077753779697624,0.5495772482705611
Epidermis 2,scn3b,-10.3682165,-4.5809503,3.4591926915448456e-25,4.869873788529037e-24,0.0183585313174946,0.2736356648731745
Epidermis 2,ly6g6c,-10.404056,-2.609298,2.3760012881368176e-25,3.355775023199579e-24,0.06479481641468683,0.3205226748654881
Epidermis 2,plaat1,-10.404858,-4.532475,2.3560701797489163e-25,3.329780271522092e-24,0.014038876889848811,0.27209838585703305
Epidermis 2,slc35b4,-10.4078665,-2.359263,2.2827931972538653e-25,3.228310457373726e-24,0.08099352051835854,0.33512682551883166
Epidermis 2,gnptab,-10.413717,-1.7074218,2.1467151500580673e-25,3.039809947398902e-24,0.17278617710583152,0.4158339738662567
Epidermis 2,derl2,-10.4582815,-1.2508829,1.3426811797356475e-25,1.9136934045076138e-24,0.265658747300216,0.5157571099154497
Epidermis 2,chmp4c,-10.535376,-2.8729591,5.934594256280843e-26,8.497295358681383e-25,0.04967602591792657,0.31053036126056877
Epidermis 2,epb41l4a,-10.555635,-1.003138,4.783930797310713e-26,6.8677732847445445e-25,0.4946004319654428,0.7063797079169869
Epidermis 2,rundc1,-10.624471,-2.15937,2.2930832095908637e-26,3.3049781186580076e-25,0.091792656587473,0.3543428132205995
Epidermis 2,slc9a7,-10.685184,-1.4180185,1.1941316559459348e-26,1.7290741117714827e-25,0.23758099352051837,0.4827056110684089
Epidermis 2,eps15,-10.692705,-1.0475966,1.1011153495062928e-26,1.5954474131193106e-25,0.42332613390928725,0.6372021521906226
Epidermis 2,LOC105948358,-10.7203865,-4.3360257,8.166116939603229e-27,1.1847928041162372e-25,0.017278617710583154,0.2828593389700231
Epidermis 2,plcxd2,-10.721356,-4.5960455,8.080958463387288e-27,1.1732175291388821e-25,0.017278617710583154,0.28132205995388165
Epidermis 2,syne3,-10.749439,-2.017665,5.962319953681654e-27,8.702594228045977e-26,0.12203023758099352,0.38047655649500384
Epidermis 2,ergic1,-10.762544,-1.4259722,5.172217993229567e-27,7.559475474230568e-26,0.2602591792656587,0.4957724827056111
Epidermis 2,ttc39c,-10.813929,-2.85365,2.957274857670766e-27,4.3425770302310754e-26,0.061555075593952485,0.3259031514219831
Epidermis 2,sgpp2,-10.887813,-6.4598117,1.3176673266993888e-27,1.9440715845779147e-26,0.0032397408207343412,0.2736356648731745
Epidermis 2,grhl2,-10.897307,-1.1787136,1.1871848249232955e-27,1.7551192455725766e-26,0.296976241900648,0.5664873174481169
Epidermis 2,ppp1r37,-10.915294,-2.1089175,9.74138862659698e-28,1.4430878562184163e-26,0.11339092872570194,0.3766333589546503
Epidermis 2,idh1,-10.923451,-2.3087585,8.904667658606721e-28,1.3200322892558238e-26,0.09719222462203024,0.3620292083013067
Epidermis 2,micu2,-10.948358,-2.6223037,6.7663244505957245e-28,1.0044079308601992e-26,0.0734341252699784,0.34050730207532665
Epidermis 2,pfkfb4,-10.950698,-1.4648867,6.593757715954542e-28,9.794580471058138e-27,0.2084233261339093,0.47732513451191394
Epidermis 2,nipal2,-10.970958,-1.3193573,5.271116912522292e-28,7.851265675641566e-27,0.28077753779697623,0.5272867025365103
Epidermis 2,alas1,-10.987339,-1.1238189,4.396982655147853e-28,6.562692101093112e-27,0.3758099352051836,0.6149116064565718
Epidermis 2,gcm1,-10.999575,-5.973941,3.8393655034375795e-28,5.738273606199412e-27,0.0064794816414686825,0.27901614142966946
Epidermis 2,slc35e1,-11.00322,-1.5519215,3.687288648146327e-28,5.514758436682728e-27,0.20734341252699784,0.4657955418908532
Epidermis 2,ssr3,-11.036717,-1.0603768,2.5414790929340205e-28,3.8220272423785845e-27,0.38660907127429806,0.6264411990776326
Epidermis 2,syngr2,-11.056075,-2.6437633,2.048682098846065e-28,3.0873129888756895e-27,0.06911447084233262,0.33973866256725593
Epidermis 2,abcd1,-11.057612,-4.2390623,2.013865347926783e-28,3.0369423467249715e-27,0.0183585313174946,0.29285165257494233
Epidermis 2,LOC733482,-11.089172,-4.005648,1.4159196428578725e-28,2.1441209248300927e-27,0.02159827213822894,0.29669485011529595
Epidermis 2,dip2b,-11.097964,-1.192327,1.2833301011027248e-28,1.944690703900178e-27,0.33585313174946,0.5757109915449654
Epidermis 2,slc25a24,-11.106122,-1.7731109,1.17136750203043e-28,1.777497236565091e-27,0.16090712742980562,0.425826287471176
Epidermis 2,copb1,-11.124677,-1.1228113,9.515021496987493e-29,1.447889010360977e-27,0.3617710583153348,0.606456571867794
Epidermis 2,slc25a16,-11.154297,-3.3381138,6.822981745018668e-29,1.0418774293775531e-27,0.03779697624190065,0.31360491929285167
Epidermis 2,pdia3,-11.164928,-1.0642476,6.053989947060094e-29,9.257471242802964e-28,0.40712742980561556,0.6433512682551883
Epidermis 2,dgkq,-11.208824,-1.4185698,3.6906271014949165e-29,5.671350280402857e-28,0.2678185745140389,0.5165257494235204
Epidermis 2,sec16a,-11.216781,-1.0504435,3.3732617150107435e-29,5.187311055902003e-28,0.40928725701943847,0.6425826287471176
Epidermis 2,zfhx2,-11.221829,-1.492919,3.186107224276827e-29,4.909890235942418e-28,0.234341252699784,0.49039200614911604
Epidermis 2,syt13,-11.23567,-4.8857293,2.7241920575476863e-29,4.20995714502465e-28,0.012958963282937365,0.2913143735588009
Epidermis 2,osbpl1a,-11.24239,-1.9314662,2.5245411337039626e-29,3.9097240651919214e-28,0.1771058315334773,0.43197540353574176
Epidermis 2,aftph,-11.25603,-1.0790313,2.162844695399373e-29,3.3543307816851258e-28,0.40496760259179265,0.6448885472713297
Epidermis 2,sfmbt2,-11.26723,-3.3171706,1.904689215254046e-29,2.9602723195198385e-28,0.04643628509719223,0.3220599538816295
Epidermis 2,vps4b,-11.292938,-1.6997055,1.4220144337716725e-29,2.213250853019377e-28,0.17278617710583152,0.44427363566487316
Epidermis 2,clcn2,-11.3106575,-2.0841477,1.1621547490490945e-29,1.8165744111031728e-28,0.15766738660907129,0.4142966948501153
Epidermis 2,slc9a1,-11.314602,-1.2067657,1.1110490454484905e-29,1.737935571378603e-28,0.31965442764578833,0.5818601076095311
Epidermis 2,avpr2,-11.314903,-3.3929074,1.1072439685576741e-29,1.733226014196342e-28,0.03995680345572354,0.31821675634127594
Epidermis 2,shroom1,-11.329814,-1.5058764,9.340309205968682e-30,1.4652400228860002e-28,0.24298056155507558,0.49961568024596464
Epidermis 2,atp6v1b2,-11.331385,-1.5703028,9.174235691003606e-30,1.4402230000963284e-28,0.19654427645788336,0.46733282090699463
Epidermis 2,lnpk,-11.34322,-1.8388877,8.014046057321437e-30,1.261720772127064e-28,0.1717062634989201,0.43735588009223675
Epidermis 2,kdelr1,-11.34673,-1.0089282,7.698814410015256e-30,1.2138426968276223e-28,0.4406047516198704,0.6725595695618755
Epidermis 2,pdcd6,-11.361406,-1.6936185,6.508797357980853e-30,1.0277023672105658e-28,0.183585313174946,0.45426594926979247
Epidermis 2,nipal1,-11.403096,-4.0694003,4.035085943670458e-30,6.408268586377953e-29,0.02591792656587473,0.3066871637202152
Epidermis 2,LOC100493994,-11.441911,-4.1531076,2.581379473291968e-30,4.120576553526265e-29,0.020518358531317494,0.30438124519600307
Epidermis 2,ssbp2,-11.4949,-1.050048,1.3994348485724753e-30,2.250336612431834e-29,0.5010799136069114,0.7117601844734819
Epidermis 2,cap1,-11.572628,-1.2794179,5.671800465203284e-31,9.174526163914075e-30,0.3142548596112311,0.5749423520368947
Epidermis 2,slc37a4,-11.587238,-3.4701326,4.783077416205137e-31,7.754200022214881e-30,0.0367170626349892,0.3228285933897002
Epidermis 2,ptprz1,-11.604723,-2.3816602,3.899485392050859e-31,6.326443921185263e-30,0.09935205183585313,0.38124519600307455
Epidermis 2,nadk,-11.624247,-3.816111,3.1031722154732366e-31,5.038267925137016e-30,0.032397408207343416,0.31821675634127594
Epidermis 2,tpd52,-11.638657,-4.0456142,2.62112933666122e-31,4.268333078752574e-30,0.02267818574514039,0.31129900076863953
Epidermis 2,gns,-11.652831,-3.0243187,2.219598552844119e-31,3.6225774137330976e-30,0.061555075593952485,0.34435049961568026
Epidermis 2,use1,-11.690709,-1.6587226,1.421939721978731e-31,2.32944044093828e-30,0.19654427645788336,0.4719446579554189
Epidermis 2,tmem184a,-11.691111,-2.7502718,1.4152383206065697e-31,2.3202040115669387e-30,0.06479481641468683,0.3528055342044581
Epidermis 2,msantd3,-11.707893,-1.1253405,1.161293081058709e-31,1.9110540212505346e-30,0.43088552915766737,0.6625672559569562
Epidermis 2,LOC100498095,-11.721366,-4.378984,9.906134506619902e-32,1.633875745041216e-30,0.019438444924406047,0.30899308224442734
Epidermis 2,rpn1,-11.760916,-1.1801759,6.205734832843843e-32,1.0274304991463241e-30,0.34989200863930886,0.6087624903920061
Epidermis 2,itpka,-11.773721,-2.3275254,5.332008417316545e-32,8.847890165343294e-31,0.11123110151187905,0.3920061491160646
Epidermis 2,prr5,-11.775493,-1.5826558,5.221143205426414e-32,8.670514907580652e-31,0.21058315334773217,0.49116064565718676
Epidermis 2,dock6,-11.832126,-2.5783436,2.663112883373414e-32,4.442797112239394e-31,0.07883369330453564,0.3697156033820138
Epidermis 2,LOC733495,-11.844094,-5.8203654,2.3089975772367735e-32,3.8579353853662813e-31,0.0064794816414686825,0.3005380476556495
Epidermis 2,c2cd2,-11.888358,-1.015117,1.36055458360697e-32,2.285501275510985e-31,0.4924406047516199,0.7109915449654112
Epidermis 2,map7d2,-11.894342,-1.7957425,1.2664717192557208e-32,2.1290970251062467e-31,0.1879049676025918,0.4650269023827825
Epidermis 2,cracr2a,-11.897183,-2.717637,1.2240867826379785e-32,2.059429274012593e-31,0.07991360691144708,0.3681783243658724
Epidermis 2,casp3.2,-11.907915,-1.403646,1.076346595324898e-32,1.8150663876804173e-31,0.27213822894168466,0.541890853189854
Epidermis 2,capn5,-11.920452,-2.1872296,9.260450984809869e-33,1.5640270970552334e-31,0.11879049676025918,0.40584166026133744
Epidermis 2,tbc1d8b,-11.935998,-1.8899611,7.68318293316183e-33,1.2986424073162223e-31,0.1630669546436285,0.44504227517294387
Epidermis 2,eif1,-11.963412,-1.8868243,5.524437224872267e-33,9.359374587262247e-32,0.1490280777537797,0.4404304381245196
Epidermis 2,pcyt1a,-11.995874,-2.203947,3.734531537581989e-33,6.346667654328394e-32,0.1101511879049676,0.4027671022290546
Epidermis 2,igf2r,-12.003497,-1.8857297,3.4059669309880633e-33,5.7973170359665e-32,0.15982721382289417,0.44734819369715606
Epidermis 2,arhgap10,-12.021049,-1.1367041,2.7545442197685563e-33,4.6958522984038806e-32,0.4244060475161987,0.6733282090699462
Epidermis 2,rgs12,-12.038433,-1.0155708,2.2315471617152496e-33,3.813202084243419e-32,0.5118790496760259,0.7094542659492697
Epidermis 2,c3orf52,-12.110779,-3.9447098,9.261031241641454e-34,1.58871826040769e-32,0.024838012958963283,0.32513451191391235
Epidermis 2,nectin4,-12.111047,-1.4563627,9.230881103897407e-34,1.584791947821757e-32,0.2548596112311015,0.5318985395849347
Epidermis 2,LOC105945488,-12.1408,-4.368433,6.419468674982429e-34,1.1055976792169817e-32,0.023758099352051837,0.3220599538816295
Epidermis 2,gtpbp1,-12.156213,-1.7398107,5.316686203386089e-34,9.16393441106539e-33,0.1900647948164147,0.47425057647963104
Epidermis 2,cdhr4,-12.174901,-3.8324363,4.229061438006875e-34,7.312389036350871e-33,0.04103671706263499,0.3366641045349731
Epidermis 2,liph,-12.1758375,-2.1610167,4.180818257978484e-34,7.234705408988779e-33,0.12742980561555076,0.42198308993082245
Epidermis 2,edem3,-12.344032,-1.9785937,5.246122404796126e-35,9.19483028072741e-34,0.1447084233261339,0.44273635664873173
Epidermis 2,faah.2,-12.384284,-4.5105743,3.1790907978735325e-35,5.603468521841547e-34,0.0183585313174946,0.32513451191391235
Epidermis 2,ufsp2,-12.408321,-1.9919084,2.3553881349003336e-35,4.158327224244351e-34,0.14146868250539957,0.441967717140661
Epidermis 2,txndc11,-12.455494,-2.231428,1.3054117870402683e-35,2.314004110885922e-34,0.11771058315334773,0.4196771714066103
Epidermis 2,pmm1,-12.498654,-3.8112857,7.592587443693697e-36,1.3491681645671023e-34,0.03131749460043196,0.34050730207532665
Epidermis 2,notch2,-12.534894,-1.2621472,4.8100384388434245e-36,8.568150920326723e-35,0.36609071274298055,0.6425826287471176
Epidermis 2,hk1,-12.54041,-1.3895295,4.4866659761684356e-36,8.005195279310829e-35,0.31533477321814257,0.5872405841660261
Epidermis 2,cmtm4,-12.549871,-2.0071585,3.981557846813649e-36,7.115608007806768e-35,0.22462203023758098,0.4873174481168332
Epidermis 2,bcr,-12.563512,-1.4013069,3.3512222079401554e-36,5.994018016349355e-35,0.31965442764578833,0.5857033051498847
Epidermis 2,kank1,-12.566788,-2.4608462,3.2152343596616015e-36,5.760232262904418e-35,0.10043196544276457,0.4035357417371253
Epidermis 2,dennd3,-12.606939,-1.1324304,1.9335694417823863e-36,3.475487544409675e-35,0.43844492440604754,0.7109915449654112
Epidermis 2,peak1,-12.633517,-4.723238,1.3796972414778996e-36,2.488130041842087e-35,0.019438444924406047,0.3305149884704074
Epidermis 2,LOC100216037,-12.671697,-3.5295615,8.485882294367456e-37,1.5354099298954582e-35,0.03779697624190065,0.35126825518831667
Epidermis 2,pi4ka,-12.716929,-1.2382137,4.762058048308261e-37,8.681108493912662e-36,0.38120950323974084,0.6571867794004612
Epidermis 2,reep5,-12.724117,-2.447951,4.343536116584127e-37,7.938048710216268e-36,0.09935205183585313,0.4081475787855496
Epidermis 2,LOC116408821,-12.725221,-1.3668827,4.282618715518086e-37,7.839850922090616e-36,0.41576673866090713,0.6794773251345119
Epidermis 2,astl2c,-12.726892,-2.486177,4.191933938555815e-37,7.680284674494245e-36,0.15442764578833693,0.44273635664873173
Epidermis 2,kcnj2,-12.748723,-4.907317,3.1689196752170675e-37,5.820622578527915e-36,0.014038876889848811,0.3297463489623367
Epidermis 2,LOC100488554,-12.755711,-1.5138004,2.897205491608678e-37,5.3260253607744706e-36,0.2915766738660907,0.5803228285933897
Epidermis 2,prrc1,-12.805324,-1.5539211,1.5308682038761568e-37,2.8261484836532672e-36,0.2526997840172786,0.5441967717140661
Epidermis 2,MGC75872,-12.816356,-4.174632,1.327966474333427e-37,2.453645760916995e-36,0.02591792656587473,0.3420445810914681
Epidermis 2,abo.1,-12.853565,-4.1336064,8.21355866643036e-38,1.518881895425228e-36,0.02591792656587473,0.34358186010760955
Epidermis 2,trappc12,-12.88693,-2.518807,5.332446486549893e-38,9.894499556377994e-37,0.091792656587473,0.40661029976940816
Epidermis 2,trabd,-12.90154,-2.1040843,4.411919469828959e-38,8.193403808607465e-37,0.14146868250539957,0.4488854727132975
Epidermis 2,stt3b,-12.909329,-1.2108395,3.98758268443973e-38,7.424320969040899e-37,0.4244060475161987,0.6871637202152191
Epidermis 2,klf5,-12.932531,-1.1143457,2.949465254836522e-38,5.510298058714704e-37,0.5183585313174947,0.7794004611837049
Epidermis 2,larp4,-12.968537,-1.3252894,1.8451843525250754e-38,3.4680247852239165e-37,0.36069114470842334,0.633358954650269
Epidermis 2,agpat4,-12.979703,-3.9241257,1.5949730975900198e-38,3.0003368933199847e-37,0.03455723542116631,0.3535741737125288
Epidermis 2,c-answer,-12.991505,-1.5638312,1.36712528769122e-38,2.573946583495264e-37,0.26241900647948163,0.5541890853189854
Epidermis 2,ccdc125,-13.022563,-1.5928011,9.106254072275046e-39,1.7189236168781469e-37,0.23542116630669546,0.5449654112221368
Epidermis 2,kiaa1217,-13.032893,-2.4882486,7.953370887899185e-39,1.5026017848038798e-37,0.09827213822894168,0.4158339738662567
Epidermis 2,slc17a9,-13.079029,-1.6844311,4.339483556442803e-39,8.219780441418263e-38,0.21922246220302377,0.5257494235203689
Epidermis 2,LOC116409572,-13.079396,-4.7182274,4.318541281787533e-39,8.187218880094331e-38,0.016198704103671708,0.34050730207532665
Epidermis 2,wwc1,-13.090061,-1.9443036,3.7530426064482075e-39,7.121316757852725e-38,0.16630669546436286,0.4796310530361261
Epidermis 2,rbm47,-13.135495,-2.4976218,2.061386543213559e-39,3.9388367565204093e-38,0.09287257019438445,0.4142966948501153
Epidermis 2,ppt1,-13.147264,-2.769736,1.764462430403034e-39,3.377397780160053e-38,0.08639308855291576,0.40507302075326673
Epidermis 2,sgms2,-13.232313,-3.9562445,5.71022939998874e-40,1.1017057094354932e-38,0.03023758099352052,0.3574173712528824
Epidermis 2,marveld3,-13.264809,-1.5707717,3.70362871680358e-40,7.16461721891586e-39,0.24190064794816415,0.5595695618754803
Epidermis 2,srp68,-13.276811,-1.0048704,3.155485964497896e-40,6.115085189281403e-39,0.5745140388768899,0.8032282859338971
Epidermis 2,LOC100485231,-13.31372,-3.3706677,1.926465387642617e-40,3.7533393949776384e-39,0.06695464362850972,0.3873943120676403
Epidermis 2,arhgef18,-13.337523,-1.6211803,1.4003541766435048e-40,2.738093950585835e-39,0.2570194384449244,0.5564950038431975
Epidermis 2,sgk2,-13.358351,-3.2900174,1.058837292602286e-40,2.0759109220013015e-39,0.05723542116630669,0.38201383551114526
Epidermis 2,LOC100496311,-13.385531,-4.7090397,7.347033808334114e-41,1.443020924677396e-39,0.019438444924406047,0.34973097617217525
Epidermis 2,entpd6,-13.426285,-3.1821911,4.2416608152020647e-41,8.361091296162985e-40,0.06371490280777538,0.3889315910837817
Epidermis 2,ryr1,-13.459516,-1.2058069,2.7068526470928945e-41,5.374543367808376e-40,0.5831533477321814,0.7724827056110684
Epidermis 2,golga3,-13.462893,-1.5669581,2.5859301308099214e-41,5.139123987650573e-40,0.2796976241900648,0.5757109915449654
Epidermis 2,srpra,-13.487498,-1.413727,1.8528249650622628e-41,3.7024261504234095e-40,0.31533477321814257,0.6156802459646425
Epidermis 2,clta,-13.496525,-1.7331647,1.6392897238997605e-41,3.2817377124051992e-40,0.22462203023758098,0.5342044581091469
Epidermis 2,afmid,-13.503311,-4.392474,1.4950304884463375e-41,2.9956896499896723e-40,0.026997840172786176,0.35895465026902384
Epidermis 2,adipor2,-13.519024,-2.8577013,1.207674037433536e-41,2.4221190414372415e-40,0.07019438444924406,0.4027671022290546
Epidermis 2,rab11fip3,-13.543095,-1.4205554,8.704300684771706e-42,1.7489552968913757e-40,0.35205183585313177,0.638739431206764
Epidermis 2,nucb1,-13.578834,-1.4852449,5.3471351103131767e-42,1.076382243931216e-40,0.2818574514038877,0.595695618754804
Epidermis 2,MGC147226,-13.609524,-3.359698,3.515273290607652e-42,7.109061953137124e-41,0.05075593952483801,0.3858570330514988
Epidermis 2,LOC100493455,-13.618383,-1.7626274,3.113855806271798e-42,6.303102741062792e-41,0.2505399568034557,0.5480399692544197
Epidermis 2,kif13b,-13.654924,-2.6225462,1.886861470904156e-42,3.844370136003696e-41,0.09935205183585313,0.42813220599538815
Epidermis 2,LOC733461,-13.711691,-4.133042,8.641991240561787e-43,1.7640494935481643e-41,0.029157667386609073,0.3674096848578017
Epidermis 2,lasp1,-13.729711,-2.0854783,6.7402049003228076e-43,1.3784255963443673e-41,0.16198704103671707,0.48501152959262106
Epidermis 2,LOC549052,-13.837027,-4.6150956,1.5238044956756656e-43,3.148763058725256e-42,0.02159827213822894,0.3627978478093774
Epidermis 2,alg9,-13.84866,-1.1834631,1.2960578764721097e-43,2.6806899452604648e-42,0.4870410367170626,0.7524980784012298
Epidermis 2,vapa,-13.883496,-1.9440895,7.975614136676463e-44,1.6559074793189068e-42,0.18034557235421167,0.5088393543428132
Epidermis 2,mdm4,-13.884132,-1.0635005,7.905228099868889e-44,1.6428569749260858e-42,0.6371490280777538,0.8270561106840891
Epidermis 2,abhd17a,-13.889815,-2.433897,7.302334205791835e-44,1.5204602548147293e-42,0.1101511879049676,0.4465795541890853
Epidermis 2,ddrgk1,-13.892657,-1.2916532,7.018270795419857e-44,1.4627095227015922e-42,0.41252699784017277,0.7048424289008455
Epidermis 2,pof1b,-13.923414,-2.9740882,4.565625521597245e-44,9.551918936411647e-43,0.07991360691144708,0.4158339738662567
Epidermis 2,prdm2,-13.924317,-1.3054713,4.50831235325881e-44,9.441063710216939e-43,0.41576673866090713,0.7017678708685626
Epidermis 2,avl9,-13.943006,-1.632732,3.470151107493334e-44,7.28798530477498e-43,0.28509719222462204,0.5949269792467333
Epidermis 2,tfg,-13.965271,-1.7875602,2.5393856007582404e-44,5.348642200207101e-43,0.22462203023758098,0.5457340507302075
Epidermis 2,cyb561,-14.022974,-1.8250912,1.1278741784258208e-44,2.391772832597652e-43,0.21490280777537796,0.5434281322059954
Epidermis 2,fmn1,-14.035276,-2.3738399,9.482545766650479e-45,2.0167507911703714e-43,0.12311015118790497,0.46272098385857036
Epidermis 2,LOC100489903,-14.04905,-4.7223754,7.807358118186618e-45,1.6637144677436542e-43,0.02267818574514039,0.3681783243658724
Epidermis 2,dgkk,-14.07262,-5.6694756,5.5957192152925606e-45,1.1947572308894222e-43,0.01079913606911447,0.35895465026902384
Epidermis 2,asb9,-14.083218,-1.9468088,4.816563394044227e-45,1.0304140178572458e-43,0.1717062634989201,0.5149884704073789
Epidermis 2,ywhaq,-14.101605,-1.3400866,3.712276010364079e-45,7.965149933348532e-44,0.3801295896328294,0.6833205226748655
Epidermis 2,rin3,-14.104481,-1.2463628,3.5640417870205305e-45,7.654621637261319e-44,0.5032397408207343,0.7517294388931591
Epidermis 2,LOC101731739,-14.135471,-2.4126077,2.2959039182743502e-45,4.955382730036063e-44,0.1511879049676026,0.4827056110684089
Epidermis 2,lman1,-14.164289,-1.5247881,1.5239968701095048e-45,3.3023967927169315e-44,0.3174946004319654,0.6187548039969254
Epidermis 2,hcfc2,-14.228011,-1.739685,6.140370762358006e-46,1.3372158723095214e-44,0.2613390928725702,0.5718677940046119
Epidermis 2,tmprss4,-14.333354,-3.2827387,1.354190106209594e-46,2.963869840280798e-45,0.058315334773218146,0.4089162182936203
Epidermis 2,rasa1,-14.33419,-1.3031846,1.3379863259189986e-46,2.931345343160489e-45,0.45680345572354214,0.7340507302075326
Epidermis 2,slc16a12,-14.335159,-1.4246372,1.3194315402203526e-46,2.8935995617234487e-45,0.35529157667386607,0.6717909300538047
Epidermis 2,ap1b1,-14.338803,-1.9348503,1.2519526221944494e-46,2.748376073330491e-45,0.183585313174946,0.5257494235203689
Epidermis 2,rnf31,-14.35338,-1.8083141,1.0146929121730996e-46,2.2320175440049602e-45,0.23002159827213822,0.563412759415834
Epidermis 2,iffo2,-14.368925,-1.4962234,8.10794058826265e-47,1.7853014286223945e-45,0.3326133909287257,0.6433512682551883
Epidermis 2,atg2a,-14.400887,-2.0398586,5.108423563791173e-47,1.129391191342322e-45,0.18142548596112312,0.5172943889315911
Epidermis 2,slc22a5,-14.456684,-3.372653,2.274974859637582e-47,5.081087657333846e-46,0.061555075593952485,0.41275941583397385
Epidermis 2,selenom,-14.4940605,-3.1262026,1.3209744323388993e-47,2.9624854150120372e-46,0.06479481641468683,0.42044581091468103
Epidermis 2,trpv6,-14.637683,-4.4932666,1.6147741122814847e-48,3.666595827689311e-47,0.023758099352051837,0.3858570330514988
Epidermis 2,LOC100491113,-14.638251,-1.8561684,1.601334383936226e-48,3.6398664158200406e-47,0.21166306695464362,0.5534204458109147
Epidermis 2,zw10,-14.673222,-2.46258,9.569231298868144e-49,2.186494200760228e-47,0.12095032397408208,0.47501921598770175
Epidermis 2,ranbp9,-14.680643,-1.1224618,8.577323130203332e-49,1.9619053252009109e-47,0.5712742980561555,0.808608762490392
Epidermis 2,fam126b,-14.684154,-1.9777,8.144516408207858e-49,1.8648635104250122e-47,0.19438444924406048,0.5380476556495004
Epidermis 2,atp2c1,-14.723369,-1.2728618,4.563490280421095e-49,1.046007577826352e-47,0.46976241900647947,0.7425057647963106
Epidermis 2,mocos,-14.746804,-1.6804153,3.2258140724735157e-49,7.417332863587417e-48,0.3347732181425486,0.6310530361260569
Epidermis 2,pnliprp2,-14.853652,-5.0673914,6.58795783586257e-50,1.5276921140951876e-48,0.017278617710583154,0.3843197540353574
Epidermis 2,ift46,-14.856728,-1.8296759,6.29243302018987e-50,1.460714690782587e-48,0.24946004319654427,0.5803228285933897
Epidermis 2,mon2,-14.893002,-1.8813125,3.659653319016564e-50,8.513570903439278e-49,0.22894168466522677,0.5695618754803997
Epidermis 2,slc19a3,-14.898049,-4.6618443,3.393415834396733e-50,7.902638945824024e-49,0.019438444924406047,0.3889315910837817
Epidermis 2,sertad2,-14.950905,-1.3941333,1.5364658012151205e-50,3.601205182418383e-49,0.4244060475161987,0.722521137586472
Epidermis 2,scamp1,-14.9770155,-1.6562241,1.0377381322827836e-50,2.4454086160413194e-49,0.296976241900648,0.6195234435049961
Epidermis 2,grin1,-15.000116,-4.3940296,7.329043037635323e-51,1.7364500339222624e-49,0.026997840172786176,0.39661798616448884
Epidermis 2,slc19a3.2,-15.02061,-4.416247,5.381000587021762e-51,1.277680237316669e-49,0.026997840172786176,0.39738662567255956
Epidermis 2,hid1,-15.056115,-3.3146653,3.1474867879953985e-51,7.506154011021595e-50,0.05723542116630669,0.42813220599538815
Epidermis 2,abca3,-15.060093,-1.7480198,2.963691337869041e-51,7.075569877859995e-50,0.26457883369330454,0.5987701767870869
Epidermis 2,patj,-15.07477,-2.2341647,2.3734207848804352e-51,5.678773568736401e-50,0.17494600431965443,0.5226748654880861
Epidermis 2,kiaa0232,-15.077277,-1.0276865,2.2850001290801327e-51,5.473214908524432e-50,0.7235421166306696,0.9016141429669485
Epidermis 2,herpud1,-15.099309,-1.7384262,1.6364030249572866e-51,3.9282673715723815e-50,0.2548596112311015,0.6026133743274404
Epidermis 2,fam160a1,-15.168546,-3.068959,5.7128627966778565e-52,1.3805136111440478e-50,0.08315334773218143,0.4511913912375096
Epidermis 2,slc30a7,-15.192918,-1.2924613,3.939869969209432e-52,9.563059243394774e-51,0.4892008639308855,0.7417371252882398
Epidermis 2,creb3l4,-15.250688,-4.1607227,1.6290882671860443e-52,3.985239358550075e-51,0.032397408207343416,0.4081475787855496
Epidermis 2,slc66a2.1,-15.254298,-1.734656,1.5414364122187903e-52,3.7750487038188804e-51,0.3002159827213823,0.6302843966179862
Epidermis 2,cgnl1,-15.2561035,-2.392884,1.4993878886486522e-52,3.67619585597778e-51,0.1447084233261339,0.504227517294389
Epidermis 2,acacb,-15.290504,-1.4227571,8.846198076704132e-53,2.1713485740355552e-51,0.43088552915766737,0.7248270561106841
Epidermis 2,atp6v1c1,-15.296723,-1.803492,8.040443679476722e-53,1.9757941613723148e-51,0.26241900647948163,0.5980015372790162
Epidermis 2,tmco4,-15.299766,-2.454926,7.673289518005212e-53,1.8876984280991175e-51,0.132829373650108,0.4965411222136818
Epidermis 2,cog1,-15.361915,-2.3069193,2.9473894181386515e-53,7.32516907667466e-52,0.15658747300215983,0.5188316679477325
Epidermis 2,plpp2,-15.447634,-1.4656696,7.826419425636114e-54,1.969784293965463e-52,0.3758099352051836,0.6971560338201384
Epidermis 2,mpc2,-15.470134,-5.331999,5.519258824074568e-54,1.3907130115488586e-52,0.016198704103671708,0.39738662567255956
Epidermis 2,eipr1,-15.472006,-2.9486234,5.361045318203417e-54,1.3539741885244994e-52,0.08855291576673865,0.4619523443504996
Epidermis 2,edem1,-15.503598,-3.056749,3.279955439081193e-54,8.312648970521569e-53,0.08099352051835854,0.4565718677940046
Epidermis 2,med13l,-15.518642,-1.0267057,2.594812324531067e-54,6.591548280976998e-53,0.693304535637149,0.8747117601844735
Epidermis 2,ap3d1,-15.575343,-1.2274636,1.0707708675759705e-54,2.729590081936361e-53,0.5669546436285097,0.8170637970791699
Epidermis 2,abo.4,-15.592426,-1.5655068,8.196009841182918e-55,2.0966603838740027e-53,0.34557235421166305,0.6863950807071484
Epidermis 2,sipa1l3,-15.595703,-1.8401008,7.786161852530815e-55,1.994153025634682e-53,0.2775377969762419,0.6033820138355112
Epidermis 2,rassf7,-15.665408,-2.829221,2.607505019059233e-55,6.741512680200417e-54,0.09611231101511879,0.47501921598770175
Epidermis 2,rnd1,-15.701548,-1.6429511,1.4759644435184993e-55,3.829610002617976e-54,0.31533477321814257,0.6602613374327441
Epidermis 2,snap23,-15.7664385,-1.3667213,5.295252508667802e-56,1.382149581239714e-54,0.4427645788336933,0.7671022290545734
Epidermis 2,tmem131,-15.768445,-1.4672145,5.12974770151402e-56,1.3405535879609275e-54,0.44168466522678185,0.7194465795541891
Epidermis 2,ag1,-15.806457,-2.0359344,2.8082373291921334e-56,7.356368158499585e-55,0.23758099352051837,0.5941583397386626
Epidermis 2,slc1a5,-15.807025,-2.1565893,2.7830229629320674e-56,7.299079816603443e-55,0.183585313174946,0.5511145272867025
Epidermis 2,slco4c1,-15.904044,-2.423678,5.940333489510862e-57,1.5750184334704315e-55,0.15550755939524838,0.528055342044581
Epidermis 2,hkdc1,-15.973548,-3.3644137,1.9534929004670377e-57,5.217523694136013e-56,0.07991360691144708,0.46041506533435816
Epidermis 2,adcy9,-16.00882,-1.6298469,1.1089499794232816e-57,2.972776105773394e-56,0.42116630669546434,0.7132974634896234
Epidermis 2,fam174b,-16.017042,-2.8183923,9.716207615644883e-58,2.6174983503825553e-56,0.10259179265658748,0.4865488086087625
Epidermis 2,pcsk7,-16.029982,-2.6274686,7.890666556590973e-58,2.128334177149217e-56,0.12419006479481641,0.5057647963105304
Epidermis 2,man2a1,-16.068562,-1.4003866,4.238081303523492e-58,1.1459624798536075e-56,0.4773218142548596,0.7770945426594927
Epidermis 2,LOC100380178,-16.162203,-3.752255,9.317064892762605e-59,2.5381731963167644e-57,0.04859611231101512,0.44427363566487316
Epidermis 2,meis1,-16.164042,-1.0299197,9.043216145142803e-59,2.4666502437895135e-57,0.8369330453563715,0.9454265949269792
Epidermis 2,pick1,-16.175676,-1.6621349,7.487063773285286e-59,2.0447461651671868e-57,0.30669546436285094,0.6802459646425826
Epidermis 2,tmem87a,-16.176645,-1.6518358,7.370120817839574e-59,2.0153309068430747e-57,0.3563714902807775,0.6687163720215219
Epidermis 2,irak2,-16.277678,-4.5741158,1.4216426779313046e-59,3.916876878174116e-58,0.028077753779697623,0.42813220599538815
Epidermis 2,csgalnact1,-16.31278,-3.3279974,8.006415921128279e-60,2.2086978737666265e-58,0.09287257019438445,0.47809377401998465
Epidermis 2,b4galt6,-16.313114,-2.6495104,7.96270818771043e-60,2.1994209539750544e-58,0.12311015118790497,0.5111452728670254
Epidermis 2,tep1,-16.315422,-2.0338655,7.66753536397459e-60,2.120574007316724e-58,0.22786177105831534,0.5949269792467333
Epidermis 2,rapgef3,-16.335114,-3.173234,5.55296683850517e-60,1.5435833042423099e-58,0.1101511879049676,0.49116064565718676
Epidermis 2,dennd1b,-16.3535,-2.0470192,4.106969646189669e-60,1.147479957099933e-58,0.24190064794816415,0.5995388162951576
Epidermis 2,erp44,-16.402979,-1.137852,1.820858686746606e-60,5.107063933611528e-59,0.6457883369330454,0.8708685626441199
Epidermis 2,mob2.2,-16.423573,-1.9554253,1.2969929669840823e-60,3.6424303130707413e-59,0.2775377969762419,0.627978478093774
Epidermis 2,uba5,-16.455267,-2.011635,7.688306380878411e-61,2.16193986516943e-59,0.23758099352051837,0.6041506533435819
Epidermis 2,ralbp1,-16.484753,-1.6814204,4.722203146791491e-61,1.3313074272110739e-59,0.33369330453563717,0.6925441967717141
Epidermis 2,gopc,-16.49368,-1.7823815,4.0736963786680615e-61,1.1499628548372027e-59,0.2937365010799136,0.6579554189085319
Epidermis 2,tpm1,-16.522564,-1.2189354,2.524331478055608e-61,7.144414679980729e-60,0.6339092872570194,0.8708685626441199
Epidermis 2,pdia6,-16.551582,-1.5559552,1.5594746261197728e-61,4.430897892781193e-60,0.3898488120950324,0.7325134511913912
Epidermis 2,xbp1,-16.558136,-1.2740715,1.3986091985216977e-61,3.9790158175934764e-60,0.5863930885529157,0.8754803996925442
Epidermis 2,micall2,-16.691027,-2.3086264,1.523281654521186e-62,4.414280077464382e-61,0.19546436285097193,0.5726364335126826
Epidermis 2,tspan15,-16.774773,-2.288504,3.73280747532033e-63,1.0889517636225258e-61,0.17818574514038876,0.5695618754803997
Epidermis 2,myo1e.1,-16.803959,-2.829362,2.28284294422107e-63,6.686431662529929e-62,0.1447084233261339,0.5303612605687933
Epidermis 2,sppl2a,-16.818602,-1.9886705,1.783160496792114e-63,5.2298851075941826e-62,0.24622030237580994,0.6202920830130668
Epidermis 2,itpk1,-16.986061,-3.083189,1.0415147068407376e-64,3.096306868933479e-63,0.10259179265658748,0.5057647963105304
Epidermis 2,gadd45a,-17.047476,-2.0835226,3.6495622182087577e-65,1.0924155989510742e-63,0.22894168466522677,0.6156802459646425
Epidermis 2,sel1l,-17.051655,-2.1653104,3.3977525756456945e-65,1.0184389966094054e-63,0.21058315334773217,0.5987701767870869
Epidermis 2,hook2,-17.05463,-1.3494796,3.2290906720738827e-65,9.705507927730605e-64,0.5280777537796977,0.8124519600307456
Epidermis 2,slc35b1,-17.114006,-2.1799843,1.1669241494692056e-65,3.5316854182479244e-64,0.20734341252699784,0.5987701767870869
Epidermis 2,vtcn1,-17.131289,-4.6654406,8.671158650391337e-66,2.6279632348637413e-64,0.03023758099352052,0.4496541122213682
Epidermis 2,scfd1,-17.138077,-1.7660564,7.716200221980809e-66,2.34505856607024e-64,0.32181425485961124,0.6825518831667948
Epidermis 2,stim1,-17.237135,-1.3885901,1.3979730838621698e-66,4.27842505791815e-65,0.5140388768898488,0.7986164488854727
Epidermis 2,iqsec2,-17.259567,-2.1501343,9.481945913976747e-67,2.90597671051807e-65,0.24406047516198703,0.6218293620292084
Epidermis 2,slc37a1,-17.286947,-3.3912697,5.8994722879354214e-67,1.8131321802118144e-65,0.0734341252699784,0.49039200614911604
Epidermis 2,anxa7,-17.290926,-1.4594147,5.506077116800646e-67,1.6946136638322554e-65,0.458963282937365,0.781706379707917
Epidermis 2,cd164,-17.326565,-2.6085203,2.9652281229958538e-67,9.164906922364379e-66,0.13606911447084233,0.5488086087624904
Epidermis 2,b4galnt1,-17.378784,-2.840467,1.1945878746237853e-67,3.72387171602366e-66,0.1101511879049676,0.5272867025365103
Epidermis 2,naaladl2,-17.388212,-4.2503686,1.0134650366915273e-67,3.163779766186812e-66,0.05183585313174946,0.4711760184473482
Epidermis 2,tab2,-17.40232,-1.7244614,7.922753209838938e-68,2.4768251832649777e-66,0.35529157667386607,0.6963873943120676
Epidermis 2,tead1,-17.406332,-1.2192625,7.386743307903259e-68,2.3125699529663847e-66,0.6954643628509719,0.8870099923136049
Epidermis 2,tbc1d23,-17.407736,-1.6520572,7.207808990368108e-68,2.2597931031440014e-66,0.3801295896328294,0.7194465795541891
Epidermis 2,rab3b,-17.445414,-2.8498435,3.7300665193398474e-68,1.1745134418256105e-66,0.13822894168466524,0.541890853189854
Epidermis 2,sytl1,-17.500477,-3.1303403,1.4207695767401245e-68,4.5061937404137e-67,0.11339092872570194,0.5265180630284396
Epidermis 2,slc39a5,-17.516623,-2.2651608,1.0698971842396706e-68,3.398286238325161e-67,0.17386609071274298,0.5972328977709455
Epidermis 2,lin54,-17.517326,-1.1827004,1.0567779964013294e-68,3.361509134034024e-67,0.6889848812095032,0.8962336664104535
Epidermis 2,znf534,-17.522642,-2.7496188,9.625138450908184e-69,3.070616171597478e-67,0.12526997840172785,0.5457340507302075
Epidermis 2,LOC733712,-17.524681,-5.3245087,9.286168237049202e-69,2.9668151844897607e-67,0.020518358531317494,0.4511913912375096
Epidermis 2,atp6v0a1,-17.574293,-2.5028164,3.876915125268759e-69,1.2422638024741497e-67,0.18898488120950324,0.5810914681014604
Epidermis 2,krt18.1,-17.577503,-1.2992688,3.6636115492923785e-69,1.1756421708398381e-67,0.6857451403887689,0.9077632590315142
Epidermis 2,cnksr1,-17.584188,-1.8840939,3.256066577257896e-69,1.046401012994765e-67,0.30345572354211664,0.6825518831667948
Epidermis 2,erbb2,-17.604013,-1.6535362,2.2946879982036325e-69,7.385307788908771e-68,0.39740820734341253,0.7478862413528056
Epidermis 2,kiaa0319l,-17.629856,-1.7250475,1.4533475686515882e-69,4.69134575377904e-68,0.408207343412527,0.7232897770945427
Epidermis 2,ugdh,-17.636911,-2.2999558,1.282850400049293e-69,4.147122752514907e-68,0.19654427645788336,0.6018447348193697
Epidermis 2,elovl1,-17.682379,-2.6024082,5.732646871281503e-70,1.864263597291113e-68,0.14362850971922247,0.5588009223674096
Epidermis 2,nipal4,-17.69321,-2.0828846,4.730243720333467e-70,1.5405768391253221e-68,0.24190064794816415,0.6356648731744812
Epidermis 2,appl2,-17.737005,-3.8569279,2.1720616226958773e-70,7.116600100427438e-69,0.0550755939524838,0.4873174481168332
Epidermis 2,dnajc3,-17.76579,-2.8376844,1.300951996331578e-70,4.2947161137596616e-69,0.13822894168466524,0.5480399692544197
Epidermis 2,tmed10l,-17.808014,-3.9650137,6.124414400101991e-71,2.027933939675653e-69,0.04427645788336933,0.4827056110684089
Epidermis 2,cant1,-17.833557,-2.5500305,3.879409866291582e-71,1.2904360166516557e-69,0.15334773218142547,0.5718677940046119
Epidermis 2,stk10,-17.83847,-1.3500602,3.552866544275804e-71,1.183619860498356e-69,0.6414686825053996,0.9139123750960799
Epidermis 2,rint1,-17.91269,-2.6029925,9.388783063325252e-72,3.1567432238030865e-70,0.15550755939524838,0.5703305149884704
Epidermis 2,card14,-17.92556,-4.781839,7.449603780708345e-72,2.5086080879450122e-70,0.03455723542116631,0.4711760184473482
Epidermis 2,bmp7.1,-17.937662,-1.2467718,5.992307422439265e-72,2.0209913487642535e-70,0.8725701943844493,0.9746348962336664
Epidermis 2,krt12.4,-17.974571,-3.6970556,3.0823672001318426e-72,1.0476687643937219e-70,0.06263498920086392,0.5003843197540354
Epidermis 2,slco2b1,-18.087404,-2.0006287,4.005181979891618e-73,1.3720106119813971e-71,0.2958963282937365,0.6840891621829363
Epidermis 2,hk2,-18.108633,-2.0646734,2.7243163424616124e-73,9.347060834725604e-72,0.3077753779697624,0.6840891621829363
Epidermis 2,hal.1,-18.138353,-2.105444,1.5871540975118607e-73,5.479950880032644e-72,0.28077753779697623,0.6802459646425826
Epidermis 2,atp8b1,-18.153967,-1.2448201,1.1945603594622092e-73,4.1375399371150585e-72,0.6652267818574514,0.9123750960799385
Epidermis 2,kalrn,-18.171751,-1.939545,8.639555131329698e-74,2.997197655337764e-72,0.29049676025917925,0.6917755572636434
Epidermis 2,mpc1,-18.194685,-3.478108,5.686416801078131e-74,1.9790000162093444e-72,0.07235421166306695,0.5134511913912375
Epidermis 2,p4hb,-18.212572,-1.2960594,4.1021610229546254e-74,1.436809882534396e-72,0.6166306695464363,0.8823981552651806
Epidermis 2,psme4,-18.269037,-1.5517672,1.4600165232973606e-74,5.1385517023986623e-73,0.48272138228941686,0.8016910069177555
Epidermis 2,hspa5,-18.281609,-1.9847087,1.1595559218772903e-74,4.094283134512031e-73,0.29049676025917925,0.6794773251345119
Epidermis 2,nampt,-18.290869,-3.022629,9.78428374074159e-75,3.46033801469566e-73,0.11663066954643629,0.5495772482705611
Epidermis 2,b4galt3l2,-18.327343,-3.0889633,5.007767812550755e-75,1.7826182942523656e-73,0.10367170626349892,0.5388162951575711
Epidermis 2,cpeb3,-18.330385,-1.8889087,4.735387597942774e-75,1.6884132806325046e-73,0.3369330453563715,0.7063797079169869
Epidermis 2,tmf1,-18.368597,-1.7070254,2.343894530358865e-75,8.38461025360013e-74,0.3833693304535637,0.7594158339738662
Epidermis 2,prkcz,-18.42219,-2.5303438,8.720476390253669e-76,3.134917879929577e-74,0.22354211663066956,0.6141429669485011
Epidermis 2,mboat1,-18.427437,-4.6249475,7.91439154401927e-76,2.8498339584495793e-74,0.03023758099352052,0.48424289008455035
Epidermis 2,hivep1,-18.45736,-1.570931,4.550546769215171e-76,1.6412806785296572e-74,0.5269978401727862,0.8209069946195234
Epidermis 2,rhof,-18.510416,-2.1629148,1.7018390690527072e-76,6.158512491840651e-75,0.2408207343412527,0.6564181398923905
Epidermis 2,slc2a11.3,-18.527098,-2.5777514,1.2484163931469835e-76,4.5327278061331665e-75,0.16846652267818574,0.6033820138355112
Epidermis 2,pygm,-18.605093,-1.3367018,2.921795822659807e-77,1.0769680176733049e-75,0.7008639308855291,0.8816295157571099
Epidermis 2,LOC100486185,-18.620173,-4.589926,2.2050651535219666e-77,8.169223550934267e-76,0.03131749460043196,0.48962336664104533
Epidermis 2,spint2,-18.680683,-1.6381444,7.110352886191412e-78,2.6522223987962875e-76,0.4406047516198704,0.797847809377402
Epidermis 2,vgll1,-18.747211,-4.9654427,2.0400897957064613e-78,7.635814653878336e-77,0.026997840172786176,0.4873174481168332
Epidermis 2,clec16a,-18.755001,-1.4242542,1.7621192902580369e-78,6.6067362599176325e-77,0.6015118790496761,0.8593389700230591
Epidermis 2,kazn,-18.79338,-1.112759,8.555060345395413e-79,3.240971732584606e-77,0.8390928725701944,0.9469638739431206
Epidermis 2,tm9sf3,-18.806118,-1.0964867,6.728737755256738e-79,2.557975375565458e-77,0.7980561555075594,0.95695618754804
Epidermis 2,ugt8,-18.814009,-2.3263493,5.798278960769872e-79,2.208102010522851e-77,0.21706263498920086,0.6471944657955419
Epidermis 2,tmem63a,-18.87315,-3.612501,1.8965129797462937e-79,7.260317496674364e-78,0.06479481641468683,0.5257494235203689
Epidermis 2,elf1,-18.879402,-1.7612315,1.6848526463890655e-79,6.461365482751459e-78,0.38228941684665224,0.7640276710222905
Epidermis 2,slc30a8,-18.888529,-4.503869,1.417431043426622e-79,5.454984620566546e-78,0.06371490280777538,0.5111452728670254
Epidermis 2,rasef,-18.899593,-1.8676747,1.1493353325773967e-79,4.431032913811196e-78,0.3369330453563715,0.7394312067640276
Epidermis 2,asap2,-18.919552,-1.8360972,7.871966372506391e-80,3.045641457703226e-78,0.4136069114470842,0.7532667179093006
Epidermis 2,hacl1,-18.952583,-3.0361507,4.204285563391363e-80,1.6295153690721656e-78,0.1101511879049676,0.5641813989239047
Epidermis 2,sh3gl2,-19.015202,-1.7754583,1.2764688024708964e-80,4.9827953020961414e-79,0.48812095032397407,0.808608762490392
Epidermis 2,znf238.2,-19.031649,-2.1636722,9.327038392266745e-81,3.6539552021122557e-79,0.24298056155507558,0.6687163720215219
Epidermis 2,ufl1,-19.07705,-2.5569284,3.9175824692955633e-81,1.5430607773014168e-79,0.17278617710583152,0.6141429669485011
Epidermis 2,pfkfb2,-19.111584,-1.7382448,2.0223374869979372e-81,8.052815018938319e-80,0.4287257019438445,0.776325903151422
Epidermis 2,nfxl1,-19.15421,-1.8308476,8.926949235430857e-82,3.567673246636203e-80,0.36069114470842334,0.7524980784012298
Epidermis 2,LOC100492897,-19.169455,-5.657054,6.660294773513546e-82,2.666684261519983e-80,0.020518358531317494,0.49039200614911604
Epidermis 2,gak,-19.199577,-1.8293715,3.731186254333835e-82,1.4966583686731362e-80,0.38660907127429806,0.7524980784012298
Epidermis 2,copg1,-19.204191,-2.1730068,3.4140450558382815e-82,1.3737358455762365e-80,0.24190064794816415,0.671022290545734
Epidermis 2,rnf43,-19.210108,-1.2996676,3.0463211386336105e-82,1.228720398634455e-80,0.7516198704103672,0.93543428132206
Epidermis 2,wipf3,-19.237957,-4.0655875,1.7809211742029803e-82,7.236774849587194e-81,0.0550755939524838,0.5203689469638739
Epidermis 2,mboat2,-19.253603,-5.063334,1.316796198051465e-82,5.370805577136639e-81,0.03347732181425486,0.5011529592621061
Epidermis 2,LOC100487973,-19.255642,-2.690219,1.2659586664889474e-82,5.182830030291805e-81,0.1511879049676026,0.6056879323597233
Epidermis 2,dock5,-19.407824,-2.7184193,6.627595583389343e-84,2.733851856807918e-82,0.18682505399568033,0.6126056879323597
Epidermis 2,iqgap1,-19.438614,-1.1920707,3.6386475658399867e-84,1.5037675858748931e-82,0.847732181425486,0.9700230591852421
Epidermis 2,slc44a4,-19.488695,-3.9262836,1.3692981353775342e-84,5.6697257328412094e-83,0.07019438444924406,0.5357417371252883
Epidermis 2,eps8l2,-19.496717,-4.657043,1.170565336472414e-84,4.856065818852575e-83,0.04103671706263499,0.5142198308993082
Epidermis 2,LOC100495090,-19.517881,-3.4305358,7.738235097840241e-85,3.2163052965708933e-83,0.08963282937365011,0.5580322828593389
Epidermis 2,ptbp3,-19.560205,-2.5685966,3.377166416706807e-85,1.4117461375279548e-83,0.19330453563714903,0.6302843966179862
Epidermis 2,zmynd11,-19.602497,-1.6747131,1.472218850030768e-85,6.166082058833279e-84,0.4719222462203024,0.8039969254419678
Epidermis 2,atp10b,-19.661036,-1.8606875,4.6513893630659175e-86,1.955644841839333e-84,0.4136069114470842,0.7986164488854727
Epidermis 2,acy3,-19.720844,-2.7021182,1.4282376960763495e-86,6.039840070946128e-85,0.1673866090712743,0.6202920830130668
Epidermis 2,golga1,-19.763336,-2.017246,6.159584524012782e-87,2.6098697844365616e-85,0.3282937365010799,0.7286702536510377
Epidermis 2,tmem184b,-19.970846,-2.5593991,9.876431831420014e-89,4.2507617158464715e-87,0.21166306695464362,0.6487317448116833
Epidermis 2,fam3a,-20.016014,-2.7109125,3.9943254131521105e-89,1.7259440562453902e-87,0.1630669546436285,0.6272098385857033
Epidermis 2,pik3r6,-20.082777,-4.2148776,1.0439378447518613e-89,4.5559535420660733e-88,0.0550755939524838,0.5403535741737125
Epidermis 2,clcn5,-20.1023,-2.767027,7.0450744377461935e-90,3.080772931985164e-88,0.1652267818574514,0.6249039200614912
Epidermis 2,tram1,-20.103872,-1.577868,6.825483110545926e-90,2.990740300305676e-88,0.5237580993520519,0.8562644119907763
Epidermis 2,il17re,-20.141783,-4.386701,3.1768813431472747e-90,1.397635640903562e-88,0.05183585313174946,0.5388162951575711
Epidermis 2,copb2,-20.153786,-1.6114606,2.493017078145486e-90,1.1012171186682723e-88,0.5043196544276458,0.830130668716372
Epidermis 2,ssr1,-20.179127,-1.4869161,1.4936157738744907e-90,6.624428821486842e-89,0.5831533477321814,0.8831667947732513
Epidermis 2,lrrfip1,-20.181433,-2.6188824,1.4255168640355263e-90,6.335275659902082e-89,0.21814254859611232,0.6518063028439662
Epidermis 2,slc13a4l,-20.21082,-1.8968092,7.863078510231445e-91,3.508798285721071e-89,0.4222462203023758,0.7940046118370484
Epidermis 2,kifc3,-20.256487,-2.0995462,3.113995641260388e-91,1.3924282559004699e-89,0.30885529157667385,0.7371252882398155
Epidermis 2,ppp1r1a,-20.283602,-4.326248,1.7949749196538237e-91,8.092592504497126e-90,0.07775377969762419,0.5557263643351268
Epidermis 2,crybg3,-20.299448,-2.0054815,1.300386253415222e-91,5.8748920156881075e-90,0.5205183585313174,0.8308993082244427
Epidermis 2,asph,-20.338663,-1.2126769,5.850372526352626e-92,2.659603727032097e-90,0.8088552915766739,0.9554189085318986
Epidermis 2,copa,-20.35344,-1.3306174,4.32811654319879e-92,1.9716874966417703e-90,0.703023758099352,0.9223674096848578
Epidermis 2,slc35d1,-20.446413,-2.0188549,6.465795252096056e-93,2.9640781133610934e-91,0.34989200863930886,0.7517294388931591
Epidermis 2,tbc1d14,-20.491713,-1.882722,2.552503939985161e-93,1.1750672673927468e-91,0.41792656587473004,0.8039969254419678
Epidermis 2,pank1,-20.51575,-2.728401,1.557452137137973e-93,7.185023907925519e-92,0.17602591792656588,0.6433512682551883
Epidermis 2,tat,-20.5206,-2.5270371,1.409665103092928e-93,6.517013181057369e-92,0.21166306695464362,0.6756341275941583
Epidermis 2,plekha8,-20.552225,-3.3502162,7.351550785528367e-94,3.4059063628665494e-92,0.12095032397408208,0.595695618754804
Epidermis 2,LOC100497729,-20.586927,-5.186457,3.5945680024726395e-94,1.6724321616621635e-92,0.023758099352051837,0.531129900076864
Epidermis 2,slc25a1,-20.59104,-2.2318788,3.3021078363889983e-94,1.5396430576462465e-92,0.275377969762419,0.7163720215219063
Epidermis 2,stard10,-20.591373,-3.9687867,3.279401202423451e-94,1.5323300564899813e-92,0.06803455723542116,0.5611068408916219
Epidermis 2,slc22a23,-20.609661,-1.4808196,2.2480257038360136e-94,1.052664568313426e-92,0.6587473002159827,0.9254419677171407
Epidermis 2,tll2l,-20.674183,-3.6900733,5.915892176950697e-95,2.7941706318883367e-93,0.1673866090712743,0.6141429669485011
Epidermis 2,galnt10,-20.687523,-3.503518,4.486769620072824e-95,2.123770062464405e-93,0.091792656587473,0.5872405841660261
Epidermis 2,sec61a1,-20.746264,-1.3204377,1.3249962410035325e-95,6.299072543559496e-94,0.7321814254859611,0.9392774788624135
Epidermis 2,dnajb11,-20.75004,-1.8711458,1.2248841978888896e-95,5.848621024536862e-94,0.4762419006479482,0.8209069946195234
Epidermis 2,trip11,-20.8718,-1.1017394,9.66285151739996e-97,4.654593442851756e-95,0.8585313174946004,0.9661798616448886
Epidermis 2,slc25a22l,-20.872902,-2.1083272,9.442387051032348e-97,4.5584585805437356e-95,0.3714902807775378,0.7594158339738662
Epidermis 2,osbpl8,-20.891422,-2.62405,6.408105034656929e-97,3.10047139603656e-95,0.2084233261339093,0.6694850115295926
Epidermis 2,camk1,-20.912685,-1.9866874,4.1046451742661753e-97,1.9948209876984904e-95,0.41252699784017277,0.7947732513451191
Epidermis 2,pdia4,-20.961931,-2.183131,1.4604160180400717e-97,7.113334359297412e-96,0.31317494600431967,0.7386625672559569
Epidermis 2,vmp1,-20.969954,-2.0949402,1.233823262027275e-97,6.023100089641425e-96,0.34557235421166305,0.765564950038432
Epidermis 2,degs3,-20.994093,-4.091912,7.426833067221718e-98,3.633653012552581e-96,0.05399568034557235,0.5672559569561876
Epidermis 2,slc2a9,-20.994427,-4.0979857,7.374771616173526e-98,3.616289695202753e-96,0.06803455723542116,0.5734050730207533
Epidermis 2,inf2,-21.045744,-4.325072,2.501603300320931e-98,1.2378114652222912e-96,0.0734341252699784,0.568793235972329
Epidermis 2,fam83f,-21.091043,-2.1798925,9.611671659103865e-99,4.766733801666032e-97,0.296976241900648,0.7517294388931591
Epidermis 2,clic1,-21.104383,-2.6161983,7.249415063035796e-99,3.6116321025229244e-97,0.19546436285097193,0.676402767102229
Epidermis 2,acsl4,-21.128956,-1.916174,4.309736031946236e-99,2.1520080080800645e-97,0.44168466522678185,0.8039969254419678
Epidermis 2,upk3a,-21.142363,-3.2837782,3.2442944258111384e-99,1.6237098317803863e-97,0.12311015118790497,0.6141429669485011
Epidermis 2,galnt4,-21.146875,-4.096017,2.94837367108706e-99,1.4789991236043847e-97,0.05939524838012959,0.5726364335126826
Epidermis 2,erlec1,-21.165596,-1.8263776,1.9823648587305243e-99,9.967092991326905e-98,0.43952483801295894,0.8162951575710992
Epidermis 2,mast1,-21.288225,-2.555097,1.459536473584512e-100,7.441248922917672e-99,0.2526997840172786,0.6994619523443505
Epidermis 2,stard9,-21.356792,-2.725741,3.371811343938828e-101,1.7271430830067879e-99,0.2408207343412527,0.6956187548039969
Epidermis 2,ocln,-21.361574,-1.4132001,3.0438238774146035e-101,1.5628066077426838e-99,0.7019438444924406,0.9454265949269792
Epidermis 2,itprid2,-21.475977,-1.4979545,2.6116988052956747e-102,1.3536788510773616e-100,0.6846652267818575,0.9008455034588778
Epidermis 2,LOC100493336,-21.485806,-3.8860605,2.1136390258922738e-102,1.0981361234284597e-100,0.09503239740820735,0.5949269792467333
Epidermis 2,septin8,-21.582056,-1.0445452,2.6482673471810235e-103,1.3891308120874307e-101,0.927645788336933,0.9746348962336664
Epidermis 2,LOC100496743,-21.583326,-1.844956,2.5764905095780714e-103,1.3547373351687493e-101,0.46652267818574517,0.8401229823212913
Epidermis 2,nxpe2,-21.58493,-5.04481,2.488593326543718e-103,1.311681038128272e-101,0.035637149028077755,0.5611068408916219
Epidermis 2,sptlc3,-21.589579,-1.5377184,2.250577976423677e-103,1.1891007753884034e-101,0.8434125269978402,0.9877017678708686
Epidermis 2,arfip2,-21.644173,-2.161531,6.897128744339643e-104,3.670786495859398e-102,0.37041036717062636,0.7701767870868562
Epidermis 2,ero1a,-21.668745,-4.473002,4.046392886130348e-104,2.158834698490228e-102,0.052915766738660906,0.5764796310530361
Epidermis 2,hsp90b1,-21.675833,-1.7188655,3.469107122880759e-104,1.8553771207936526e-102,0.550755939524838,0.8770176787086856
Epidermis 2,aldh1l1,-21.6875,-2.5037954,2.6922755076071555e-104,1.4434433378745883e-102,0.2688984881209503,0.7340507302075326
Epidermis 2,zfhx3,-21.70709,-1.6431625,1.7584205770335166e-104,9.450860938780385e-103,0.6069114470842333,0.8954650269023828
Epidermis 2,actn4,-21.843826,-1.6686157,8.89819572515103e-106,4.854188222963016e-104,0.5453563714902808,0.851652574942352
Epidermis 2,stim2,-21.910255,-1.9024078,2.0741633528837824e-106,1.1400584010901011e-104,0.45464362850971923,0.8355111452728671
Epidermis 2,mansc1,-21.917543,-1.9997827,1.7674106737766418e-106,9.739057654666692e-105,0.3898488120950324,0.8224442736356649
Epidermis 2,dipk1c,-21.93787,-3.6639793,1.1307476200486695e-106,6.246593371413169e-105,0.09719222462203024,0.6187548039969254
Epidermis 2,cd9,-21.949003,-3.607427,8.852214884460892e-107,4.9026441876604345e-105,0.08963282937365011,0.6141429669485011
Epidermis 2,mfsd1,-21.988419,-2.0737264,3.717167194674389e-107,2.0691914631374956e-105,0.37257019438444927,0.7909300538047656
Epidermis 2,vps53,-21.992565,-2.7374647,3.392651530410676e-107,1.8933772134294465e-105,0.19546436285097193,0.6940814757878555
Epidermis 2,nbas,-21.994068,-2.977678,3.282010832258735e-107,1.836327137710714e-105,0.16414686825053995,0.6671790930053805
Epidermis 2,hpgd,-22.018373,-3.5759525,1.9203318502768577e-107,1.0772123728763834e-105,0.11123110151187905,0.627978478093774
Epidermis 2,pard6b,-22.02282,-2.8291795,1.7408684189472317e-107,9.790590146867922e-106,0.17818574514038876,0.6794773251345119
Epidermis 2,rab11fip1,-22.071095,-3.097201,5.992221585405032e-108,3.3874680625679586e-106,0.1447084233261339,0.6556495003843198
Epidermis 2,cltc,-22.180819,-1.0896047,5.261326224245319e-109,2.989776029668153e-107,0.8909287257019438,0.9754035357417371
Epidermis 2,golga2,-22.202448,-1.5179777,3.252422017303044e-109,1.8627585522196778e-107,0.6684665226781857,0.9177555726364335
Epidermis 2,slc13a3,-22.231367,-4.712185,1.708515752407666e-109,9.810926903496759e-108,0.04427645788336933,0.584934665641814
Epidermis 2,astl2d.1,-22.29452,-2.9358492,4.176289858655485e-110,2.4301552268192358e-108,0.26241900647948163,0.7194465795541891
Epidermis 2,slc39a11,-22.30338,-2.0208123,3.4262693633934956e-110,1.999054111727526e-108,0.4838012958963283,0.8308993082244427
Epidermis 2,uso1,-22.371212,-1.6396221,7.506932545584858e-111,4.391656168289737e-109,0.6079913606911447,0.9162182936202921
Epidermis 2,cluh,-22.421093,-2.114731,2.4509733093110266e-111,1.4377066823246213e-109,0.39200863930885527,0.792467332820907
Epidermis 2,spire1,-22.487488,-3.1616483,5.502832441142313e-112,3.236585086203947e-110,0.13930885529157666,0.6679477325134512
Epidermis 2,vill,-22.507547,-3.0688717,3.501166617866109e-112,2.070432432749495e-110,0.15982721382289417,0.676402767102229
Epidermis 2,gale,-22.71011,-3.909618,3.5595441217441374e-114,2.1280222542624336e-112,0.0734341252699784,0.6218293620292084
Epidermis 2,frk,-22.738594,-4.241831,1.8609872453217325e-114,1.1248920410018151e-112,0.06695464362850972,0.6110684089162183
Epidermis 2,vsig8,-22.932564,-4.9999332,2.1998235408695666e-116,1.3408477509864473e-114,0.032397408207343416,0.5949269792467333
Epidermis 2,ezr,-22.98134,-3.0260777,7.164057845476134e-117,4.403574823834781e-115,0.18142548596112312,0.6940814757878555
Epidermis 2,slc33a1,-23.004978,-2.6565945,4.1561148930987774e-117,2.5618808780313116e-115,0.21922246220302377,0.727901614142967
Epidermis 2,stt3a,-23.095678,-2.0137053,5.11702981119545e-118,3.172122372445907e-116,0.4330453563714903,0.8455034588777863
Epidermis 2,ralgps1,-23.13429,-3.2102296,2.092492381913576e-118,1.3008625716733943e-116,0.1652267818574514,0.6840891621829363
Epidermis 2,cat1,-23.17929,-3.890691,7.366700199518317e-119,4.592821858676834e-117,0.08207343412526998,0.6356648731744812
Epidermis 2,gramd2a,-23.198214,-3.953791,4.74632642597701e-119,2.976137613254148e-117,0.08531317494600432,0.6348962336664105
Epidermis 2,misp3,-23.200218,-4.775204,4.530124349538848e-119,2.8487562948497752e-117,0.04103671706263499,0.6079938508839354
Epidermis 2,ugcg,-23.304827,-2.7115848,3.960834676151772e-120,2.519806806656204e-118,0.23542116630669546,0.7386625672559569
Epidermis 2,slc35f2,-23.31763,-3.0818274,2.937098776105765e-120,1.8739892512691198e-118,0.17278617710583152,0.6971560338201384
Epidermis 2,frrs1,-23.439524,-4.321653,1.690710073943371e-121,1.0882886290123392e-119,0.06047516198704104,0.6272098385857033
Epidermis 2,b4galt1l,-23.521196,-4.0159345,2.475740073944352e-122,1.622316040646838e-120,0.09071274298056156,0.644119907763259
Epidermis 2,ophn1,-23.523972,-4.276563,2.3190336435817082e-122,1.5242058173673631e-120,0.08639308855291576,0.6372021521906226
Epidermis 2,prkcd,-23.583681,-2.3601294,5.66797847754016e-123,3.7592996461520923e-121,0.31641468682505397,0.7986164488854727
Epidermis 2,wasl,-23.658133,-2.2251213,9.73416613184581e-124,6.495695387247933e-122,0.357451403887689,0.8155265180630284
Epidermis 2,plcd3,-23.698084,-2.5166457,3.7734829740360035e-124,2.525802821363179e-122,0.3444924406047516,0.792467332820907
Epidermis 2,mast4,-23.813055,-3.7270367,2.4462145781366207e-125,1.64242610183136e-123,0.16414686825053995,0.6787086856264412
Epidermis 2,anxa4,-23.845217,-2.0886972,1.135212830056311e-125,7.645518260697149e-124,0.47516198704103674,0.8931591083781706
Epidermis 2,grhl1,-23.920506,-1.6400396,1.874167674544078e-126,1.2661366200070072e-124,0.8304535637149028,0.9915449654112222
Epidermis 2,esyt2,-23.980381,-1.8721223,4.45575276006522e-127,3.0289402173639615e-125,0.5572354211663066,0.8747117601844735
Epidermis 2,tmem164,-23.98202,-3.2319255,4.283810939258261e-127,2.9211574532985787e-125,0.1695464362850972,0.7102229054573405
Epidermis 2,epb41l5,-24.004953,-1.6928984,2.468522465203011e-127,1.6885777026079907e-125,0.6263498920086393,0.9292851652574943
Epidermis 2,rab15,-24.027988,-3.7896736,1.4182977993802695e-127,9.732288138451844e-126,0.10475161987041037,0.665641813989239
Epidermis 2,gnb5,-24.150682,-3.742283,7.344293644469495e-129,5.087613702094249e-127,0.1079913606911447,0.6748654880860876
Epidermis 2,tmprss11f,-24.345757,-4.911709,6.429358751304224e-131,4.4679948188601745e-129,0.047516198704103674,0.6348962336664105
Epidermis 2,arhgef37,-24.437193,-4.658964,6.885859240968124e-132,4.81590815696043e-130,0.05939524838012959,0.6448885472713297
Epidermis 2,LOC101734002,-24.44077,-4.4581184,6.308519513626942e-132,4.4263088201560615e-130,0.12311015118790497,0.6664104534973098
Epidermis 2,cldn4,-24.47166,-3.4529424,2.959934287428792e-132,2.0835072930962474e-130,0.12095032397408208,0.6979246733282091
Epidermis 2,hdlbp,-24.779835,-1.4507536,1.4791100642144735e-135,1.0479110620527281e-133,0.7840172786177105,0.9661798616448886
Epidermis 2,LOC108645188,-24.799625,-4.5548735,9.048525413928306e-136,6.431526809685002e-134,0.10691144708423327,0.6725595695618755
Epidermis 2,parm1,-24.860672,-3.2898588,1.982505193713882e-136,1.4137335239225692e-134,0.15982721382289417,0.7255956956187548
Epidermis 2,b4galnt3,-24.865051,-3.4985962,1.777659100694039e-136,1.2718130897129383e-134,0.13390928725701945,0.7048424289008455
Epidermis 2,acer3,-24.883373,-3.2942514,1.1262043269554175e-136,8.083850203452028e-135,0.1673866090712743,0.7209838585703305
Epidermis 2,syt8,-24.891296,-3.4788218,9.24359045322968e-137,6.656910471284649e-135,0.1263498920086393,0.7040737893927748
Epidermis 2,ap1g1,-24.981628,-1.9241266,9.682600049604527e-138,7.019402514366126e-136,0.5377969762419006,0.9077632590315142
Epidermis 2,slc38a10,-25.085835,-2.123616,7.099917547487523e-139,5.198902711534404e-137,0.46760259179265656,0.8708685626441199
Epidermis 2,trpv5,-25.100712,-3.476763,4.885035181010558e-139,3.589102784001057e-137,0.14362850971922247,0.7094542659492697
Epidermis 2,LOC100497279,-25.11188,-4.684512,3.689132150553082e-139,2.719613265446581e-137,0.0939524838012959,0.6717909300538047
Epidermis 2,cab39l,-25.216187,-3.8817182,2.6619510729385998e-140,1.975729059952149e-138,0.1101511879049676,0.6948501152959262
Epidermis 2,ndrg2,-25.407682,-3.0105689,2.0741030675516603e-142,1.5499658574330402e-140,0.2386609071274298,0.7678708685626441
Epidermis 2,fbp1,-25.42684,-3.5478492,1.2736345407833419e-142,9.550508355475361e-141,0.13390928725701945,0.7209838585703305
Epidermis 2,LOC100494266,-25.449505,-4.8397684,7.148993836511858e-143,5.379248086431906e-141,0.06695464362850972,0.6687163720215219
Epidermis 2,erbb3,-25.479828,-4.025647,3.2990351398832833e-143,2.4909427608094507e-141,0.09827213822894168,0.6956187548039969
Epidermis 2,esrp1,-25.510519,-1.1350468,1.5067795635828318e-143,1.145624977593762e-141,0.9568034557235421,0.9984627209838586
Epidermis 2,sgms1,-25.578518,-3.390268,2.645538965049251e-144,2.0184722292426468e-142,0.1673866090712743,0.7355880092236741
Epidermis 2,scamp2,-25.616196,-3.698316,1.0069855640633676e-144,7.709976138044471e-143,0.12203023758099352,0.717140661029977
Epidermis 2,mgat5,-25.619707,-3.5393822,9.202564954085702e-145,7.0707454177149335e-143,0.17494600431965443,0.7325134511913912
Epidermis 2,atp10d,-25.704155,-2.087328,1.0503130707211006e-145,8.156185592955564e-144,0.5161987041036717,0.8939277478862413
Epidermis 2,golgb1,-25.707264,-1.4125725,9.695189635565465e-146,7.582750288088674e-144,0.8650107991360692,0.9800153727901614
Epidermis 2,sacm1l,-25.748085,-2.4033685,3.3866476829071674e-146,2.658274787363931e-144,0.367170626349892,0.8593389700230591
Epidermis 2,man1a1,-25.756577,-2.0590398,2.7205437049772745e-146,2.1431402233324585e-144,0.6749460043196545,0.9415833973866257
Epidermis 2,upk1a,-25.771889,-3.3488529,1.832615467817717e-146,1.448895004465594e-144,0.1587473002159827,0.7471176018447349
Epidermis 2,frmd4b,-25.86359,-2.6948302,1.7112385547195e-147,1.3677998718877e-145,0.2786177105831533,0.8109146810146042
Epidermis 2,slc10a7,-25.910328,-1.9046978,5.094232306377945e-148,4.086810410201218e-146,0.6673866090712743,0.930053804765565
Epidermis 2,cgn,-26.038239,-2.797342,1.8283581087316422e-149,1.4886791899489986e-147,0.26457883369330454,0.8101460415065335
Epidermis 2,hagh,-26.045193,-4.331047,1.5251049356025937e-149,1.2464162846361124e-147,0.0755939524838013,0.6956187548039969
Epidermis 2,slc35d2,-26.086481,-2.9462383,5.190643727129841e-150,4.2580840890864765e-148,0.22138228941684665,0.7940046118370484
Epidermis 2,acly,-26.154882,-3.8577757,8.672373674760513e-151,7.1681767407935284e-149,0.12311015118790497,0.7255956956187548
Epidermis 2,slc45a3,-26.195835,-4.8328896,2.964179144834868e-151,2.4687539358565516e-149,0.05399568034557235,0.6856264411990777
Epidermis 2,gramd4,-26.277878,-2.8067167,3.433420314050864e-152,2.870523550685973e-150,0.29481641468682507,0.8178324365872406
Epidermis 2,spata13,-26.290213,-3.2459543,2.4814444333789398e-152,2.0906408872881022e-150,0.19978401727861772,0.7663335895465027
Epidermis 2,LOC101733293,-26.45199,-3.8103237,3.461418352787938e-154,2.962023916713161e-152,0.21274298056155508,0.7501921598770177
Epidermis 2,atf6,-26.53714,-1.8189304,3.61477629368016e-155,3.105434389936802e-153,0.6673866090712743,0.9500384319754035
Epidermis 2,itsn2,-26.56392,-2.8860488,1.7736372877260481e-155,1.5297446346035613e-153,0.2840172786177106,0.813989239046887
Epidermis 2,rtbdn,-26.629812,-3.5493565,3.066615404886638e-156,2.6554212202393385e-154,0.15010799136069114,0.7524980784012298
Epidermis 2,cpeb2,-26.673409,-1.8990939,9.57975462156842e-157,8.36159302388978e-155,0.6792656587473002,0.9661798616448886
Epidermis 2,gfod1,-26.67752,-3.4485567,8.583193047886871e-157,7.521841586262627e-155,0.19870410367170627,0.7747886241352806
Epidermis 2,hyou1,-26.750502,-2.5812073,1.2182967299707916e-157,1.0719537477698647e-155,0.36069114470842334,0.8547271329746349
Epidermis 2,fam3b,-26.75953,-3.610639,9.56582116519144e-158,8.450841443143419e-156,0.13174946004319654,0.7517294388931591
Epidermis 2,atp12a-like,-26.798342,-4.03503,3.3782132643914675e-158,3.0211471984543533e-156,0.15442764578833693,0.7471176018447349
Epidermis 2,nek2,-26.8403,-2.0429254,1.0947579489351976e-158,9.830746174368291e-157,0.7483801295896328,0.9654112221368178
Epidermis 2,rab27a,-26.890781,-4.806933,2.81516399418561e-159,2.538417087484471e-157,0.05939524838012959,0.703305149884704
Epidermis 2,itfg1,-26.924849,-2.403604,1.1242218706716809e-159,1.017910599167085e-157,0.4406047516198704,0.8785549577248271
Epidermis 2,LOC100488176,-26.978607,-5.0792556,2.6348071468113527e-160,2.4056119979318214e-158,0.058315334773218146,0.7025365103766333
Epidermis 2,LOC595077,-27.031294,-4.1760597,6.338241625283918e-161,5.81120884476136e-159,0.10583153347732181,0.7332820906994619
Epidermis 2,sh3d21,-27.070543,-3.246395,2.1889824437866483e-161,2.0154340044670233e-159,0.21490280777537796,0.8024596464258262
Epidermis 2,gal3st4.1,-27.08054,-5.108287,1.6693245823332528e-161,1.5434886318260132e-159,0.052915766738660906,0.7009992313604919
Epidermis 2,map3k10,-27.12019,-3.7154388,5.691732288773658e-162,5.28507618184383e-160,0.13498920086393087,0.7524980784012298
Epidermis 2,cpne1,-27.280294,-2.959769,7.267638518887807e-164,6.806315026637374e-162,0.24838012958963282,0.8262874711760184
Epidermis 2,scn5a,-27.281698,-4.0687118,6.99414898160032e-164,6.578419177909507e-162,0.17278617710583152,0.7563412759415834
Epidermis 2,ccdc186,-27.39637,-2.4232488,3.02976683311321e-165,2.874458350667972e-163,0.4352051835853132,0.883935434281322
Epidermis 2,chmp5,-27.456512,-1.745951,5.808697246705185e-166,5.535003607875714e-164,0.7840172786177105,0.9669485011529593
Epidermis 2,itprid1,-27.609028,-3.339919,8.669624253132216e-168,8.333915014431634e-166,0.21814254859611232,0.808608762490392
Epidermis 2,dhfr,-27.610533,-5.0350103,8.316439155519226e-168,8.029779593477214e-166,0.05183585313174946,0.717140661029977
Epidermis 2,ica1,-27.636744,-2.996863,4.0279558772264806e-168,3.906401119864846e-166,0.24946004319654427,0.8278247501921598
Epidermis 2,spag1,-27.656034,-3.1309829,2.3614154669247625e-168,2.3003770939180912e-166,0.22786177105831534,0.8147578785549577
Epidermis 2,rreb1,-27.790897,-1.4181247,5.588398182768678e-170,5.492992646225014e-168,0.9514038876889849,0.9953881629515757
Epidermis 2,flvcr2,-27.799122,-2.4633005,4.445114715999893e-170,4.388997656915551e-168,0.42332613390928725,0.8985395849346657
Epidermis 2,chpf,-27.817944,-2.1850374,2.6319277015272644e-170,2.6344630447259834e-168,0.5388768898488121,0.9362029208301307
Epidermis 2,plcb4,-27.946856,-2.6222582,7.198537548371746e-172,7.238676859125339e-170,0.6555075593952484,0.8854727132974635
Epidermis 2,tmem63c,-28.012215,-4.6257825,1.1535363453827566e-172,1.165338731138756e-170,0.08423326133909287,0.7401998462720983
Epidermis 2,atp13a2,-28.032074,-3.6807346,6.607690394886835e-173,6.706344749154681e-171,0.15010799136069114,0.781706379707917
Epidermis 2,clcn3,-28.056812,-2.5556972,3.298768571584724e-173,3.363664906567769e-171,0.3963282937365011,0.8862413528055342
Epidermis 2,atp11c,-28.061594,-3.0107603,2.884165467290675e-173,2.954712425434264e-171,0.3390928725701944,0.8455034588777863
Epidermis 2,angpt4.2,-28.46478,-3.6218631,3.1982046377648853e-178,3.307489260695145e-176,0.19330453563714903,0.8016910069177555
Epidermis 2,LOC100486640,-28.46799,-3.8347094,2.918634282749361e-178,3.0327389849463717e-176,0.1468682505399568,0.7909300538047656
Epidermis 2,lrba,-28.587141,-2.8411422,9.708872749393945e-180,1.0136713505479678e-177,0.5205183585313174,0.9139123750960799
Epidermis 2,galnt6.3,-28.617697,-4.159963,4.047023449450527e-180,4.2456778216567283e-178,0.1101511879049676,0.7724827056110684
Epidermis 2,rapgef2,-28.646048,-1.9109725,1.795488583452434e-180,1.8927225304113796e-178,0.7365010799136069,0.9692544196771714
Epidermis 2,galnt1,-28.737885,-1.8501811,1.2836222395839257e-181,1.3730353377431785e-179,0.7634989200863931,0.9684857801691007
Epidermis 2,nr1i3,-28.772654,-4.398719,4.7174707692259493e-182,5.070932495333962e-180,0.09287257019438445,0.7671022290545734
Epidermis 2,ehd4,-28.78917,-4.074761,2.9310937758943748e-182,3.1820595663577687e-180,0.12311015118790497,0.7824750192159877
Epidermis 2,LOC100497498,-28.840588,-3.457292,6.649735295909313e-183,7.255193694601855e-181,0.26457883369330454,0.8339738662567256
Epidermis 2,slc41a2,-28.875824,-3.1321597,2.4024306449079136e-183,2.6343436734942504e-181,0.24838012958963282,0.8508839354342813
Epidermis 2,ncoa2,-28.907417,-2.5080388,9.633075888832043e-184,1.0670220759908832e-181,0.4557235421166307,0.9046887009992314
Epidermis 2,LOC100489305,-28.942553,-4.7888765,3.4821875265616147e-184,3.8767762253622954e-182,0.07235421166306695,0.7578785549577248
Epidermis 2,krt8.1,-28.975885,-1.9027176,1.3247980400242845e-184,1.4824829759676877e-182,0.9006479481641468,0.9961568024596464
Epidermis 2,cndp2,-29.047094,-4.061663,1.6744756035338524e-185,1.883439801273824e-183,0.14794816414686826,0.792467332820907
Epidermis 2,cpt1al,-29.080158,-4.2639346,6.398034833997081e-186,7.271433235033869e-184,0.11987041036717062,0.7824750192159877
Epidermis 2,grk3,-29.133282,-1.587232,1.36060991686188e-186,1.5544434029237218e-184,0.8585313174946004,0.9792467332820907
Epidermis 2,stk24,-29.152103,-3.1478505,7.856554380151687e-187,9.023045954173157e-185,0.2526997840172786,0.8539584934665642
Epidermis 2,slain2,-29.192455,-2.6617775,2.417672569101947e-187,2.7913245042525706e-185,0.4060475161987041,0.9023827824750192
Epidermis 2,ap1s3,-29.240498,-4.477458,5.930742866941117e-188,6.883762771251177e-186,0.09287257019438445,0.7747886241352806
Epidermis 2,LOC100487159,-29.331398,-2.5592535,4.126870516215358e-189,4.815638584723815e-187,0.48488120950323976,0.9323597232897771
Epidermis 2,jup,-29.466362,-2.1453078,7.770399914805464e-191,9.215103072878807e-189,0.6447084233261339,0.9538816295157571
Epidermis 2,sidt1,-29.48622,-4.9271154,4.324497830414047e-191,5.156550117894258e-189,0.0734341252699784,0.7709454265949269
Epidermis 2,nedd4,-29.523998,-3.2885702,1.416768708867989e-191,1.7080281765860988e-189,0.26997840172786175,0.8554957724827056
Epidermis 2,wdr7,-29.552883,-1.7236779,6.030137342970044e-192,7.310201497830518e-190,0.847732181425486,0.9746348962336664
Epidermis 2,fam3d,-29.603666,-4.6935115,1.3404281896274302e-192,1.6432294115651772e-190,0.07883369330453564,0.7778631821675634
Epidermis 2,upk1b,-29.682198,-3.988515,1.3034801250421744e-193,1.6069627010477566e-191,0.13606911447084233,0.8109146810146042
Epidermis 2,rhpn2,-29.700985,-3.9158328,7.456804616249435e-194,9.245166677907893e-192,0.1587473002159827,0.8170637970791699
Epidermis 2,cert1,-29.721714,-2.8925931,4.0252367795215535e-194,5.01912524376799e-192,0.357451403887689,0.8962336664104535
Epidermis 2,slc6a16,-29.816727,-4.5046983,2.371498093642832e-195,2.991240456727182e-193,0.11339092872570194,0.7916986933128363
Epidermis 2,ccdc149,-29.832573,-4.320916,1.4775291347122323e-195,1.8744862353811407e-193,0.11447084233261338,0.7963105303612605
Epidermis 2,tanc2,-29.838524,-1.66126,1.2369211519975155e-195,1.578412658347239e-193,0.8930885529157667,0.9830899308224442
Epidermis 2,camsap3,-29.882118,-2.9165537,3.360176881956943e-196,4.3386047184131635e-194,0.35205183585313177,0.8939277478862413
Epidermis 2,dnase1l3,-29.882118,-5.112265,3.360176881956943e-196,4.3386047184131635e-194,0.07883369330453564,0.7770945426594927
Epidermis 2,baiap2l1,-29.913511,-3.1651273,1.3130883288077215e-196,1.715742540294209e-194,0.38660907127429806,0.8793235972328978
Epidermis 2,rrbp1,-29.924143,-2.5896747,9.5499569759655e-197,1.2553591034490553e-194,0.5107991360691144,0.9231360491929285
Epidermis 2,eppk1,-30.075153,-1.6973614,1.0241039659957528e-198,1.3626202830483733e-196,0.9676025917926566,0.9976940814757879
Epidermis 2,rab1a,-30.088728,-2.124964,6.8048950542963675e-199,9.109792330049144e-197,0.6252699784017278,0.9600307455803229
Epidermis 2,mtmr12,-30.138575,-4.4021826,1.5142557012545205e-199,2.0396650405601784e-197,0.11879049676025918,0.8001537279016141
Epidermis 2,cers2,-30.158833,-3.3574975,8.215618320442362e-200,1.1134969401886509e-197,0.23542116630669546,0.8585703305149884
Epidermis 2,sytl5,-30.158867,-4.463461,8.207329915957744e-200,1.1134969401886509e-197,0.12095032397408208,0.8016910069177555
Epidermis 2,kiaa1671,-30.209682,-2.242669,1.767377121752891e-200,2.4408820363145464e-198,0.7311015118790497,0.9815526518063028
Epidermis 2,lgals3,-30.318937,-5.0064316,6.452968442786641e-202,8.968804101276898e-200,0.0755939524838013,0.7886241352805534
Epidermis 2,atp1b2,-30.409103,-4.5750995,4.163594102112175e-203,5.8615346388509536e-201,0.10691144708423327,0.8047655649500385
Epidermis 2,golm1,-30.417929,-4.397551,3.182477813536001e-203,4.509405738257733e-201,0.10583153347732181,0.8116833205226749
Epidermis 2,adgrf1,-30.59184,-4.571031,1.5714197237714609e-205,2.2559177495011215e-203,0.10907127429805616,0.8109146810146042
Epidermis 2,galnt7,-30.609661,-2.476995,9.103921488387918e-206,1.3243778053207516e-203,0.6155507559395248,0.9669485011529593
Epidermis 2,vwf,-30.70922,-4.922231,4.287077335967561e-207,6.278410372358936e-205,0.08963282937365011,0.8024596464258262
Epidermis 2,dcbld1,-30.752247,-3.2064848,1.1410716201347387e-207,1.6823867447946036e-205,0.32937365010799136,0.8993082244427364
Epidermis 2,arhgef16,-30.943676,-3.6243935,3.090404354561955e-210,4.618884480883316e-208,0.22462203023758098,0.865488086087625
Epidermis 2,LOC108647843,-30.96835,-4.7254305,1.4387010451259957e-210,2.167341315786495e-208,0.14794816414686826,0.8186010760953113
Epidermis 2,hdac7,-31.248573,-3.0124152,2.3343404621371713e-214,3.5871579735419166e-212,0.43088552915766737,0.9162182936202921
Epidermis 2,arhgap27,-31.264755,-3.7176743,1.406986189654316e-214,2.1774358613082858e-212,0.20086393088552915,0.8647194465795542
Epidermis 2,rab25,-31.26636,-4.683969,1.3380671887092523e-214,2.0855688660588997e-212,0.09503239740820735,0.8224442736356649
Epidermis 2,LOC100486361,-31.302599,-4.6517134,4.30125013656421e-215,6.752343829494074e-213,0.10367170626349892,0.8224442736356649
Epidermis 2,LOC100496053,-31.326069,-4.7006545,2.0610988171914498e-215,3.259075165937291e-213,0.11771058315334773,0.8255188316679477
Epidermis 2,gch1,-31.34994,-5.2068763,9.74756931809849e-216,1.5525672269359646e-213,0.09071274298056156,0.8109146810146042
Epidermis 2,fam83e,-31.601814,-4.897252,3.4861948722601676e-219,5.634982096858453e-217,0.10583153347732181,0.8232129131437356
Epidermis 2,akap9,-31.604021,-2.5010085,3.2511523649771384e-219,5.294283265385533e-217,0.6252699784017278,0.9584934665641814
Epidermis 2,tbc1d30,-31.607397,-4.0645227,2.921750401509879e-219,4.8299632963141715e-217,0.15766738660907129,0.8539584934665642
Epidermis 2,LOC100486856,-31.63665,-4.8677063,1.1574600440677207e-219,1.9280103527940256e-217,0.0939524838012959,0.8239815526518063
Epidermis 2,strn,-31.744165,-3.3551204,3.821992524949156e-221,6.415361452839657e-219,0.2980561555075594,0.9000768639508071
Epidermis 2,pfkp,-31.8349,-3.1000617,2.130007891902676e-222,3.603015675132426e-220,0.42116630669546434,0.9392774788624135
Epidermis 2,cyp4f22,-31.861277,-5.112555,9.18715975275784e-223,1.5661954137885065e-220,0.08423326133909287,0.8255188316679477
Epidermis 2,lmo7,-31.952312,-2.4418912,5.017449545956765e-224,8.620926499395478e-222,0.6749460043196545,0.9669485011529593
Epidermis 2,magi1,-31.978657,-2.1971307,2.1597531028097474e-224,3.740315274318373e-222,0.8110151187904968,0.9738662567255957
Epidermis 2,calcrl,-32.033016,-3.6656759,3.7850029111726273e-225,6.6074038819758326e-223,0.28077753779697623,0.897770945426595
Epidermis 2,cep170b,-32.053444,-2.4847689,1.965742669591179e-225,3.4592315155765415e-223,0.6565874730021598,0.9700230591852421
Epidermis 2,gbf1,-32.1857,-2.842828,2.7980609893173366e-227,4.963942182755578e-225,0.4794816414686825,0.9469638739431206
Epidermis 2,rbbp8nl,-32.199574,-4.795902,1.7893464542943142e-227,3.2004368015701826e-225,0.09827213822894168,0.8393543428132206
Epidermis 2,capn1,-32.35938,-2.8934236,1.0239834716852278e-229,1.8466399450944922e-227,0.4924406047516199,0.9508070714834742
Epidermis 2,b3gnt3.2,-32.379066,-3.2290363,5.410202503494799e-230,9.838002402396668e-228,0.3488120950323974,0.9277478862413528
Epidermis 2,sptlc2,-32.504604,-3.9183197,9.179483605516373e-232,1.7120129209912203e-229,0.19654427645788336,0.8808608762490392
Epidermis 2,gcc2,-32.50942,-2.6638234,7.848550520601013e-232,1.476407076810644e-229,0.5496760259179265,0.9508070714834742
Epidermis 2,fcgbp,-32.51791,-4.7393675,5.953463769942545e-232,1.1296568080340546e-229,0.2548596112311015,0.8724058416602614
Epidermis 2,syt16,-32.6154,-5.542732,2.4812121887167454e-233,4.8777055108097386e-231,0.06803455723542116,0.8355111452728671
Epidermis 2,nipal3,-32.705196,-4.496337,1.3175456571857488e-234,2.6136512532227475e-232,0.14578833693304535,0.862413528055342
Epidermis 2,capn13,-32.78279,-2.7378492,1.0358461049666396e-235,2.073687876741013e-233,0.5701943844492441,0.9684857801691007
Epidermis 2,grk6,-32.785065,-3.415897,9.613850953112917e-236,1.942442978221083e-233,0.3650107991360691,0.9223674096848578
Epidermis 2,atp2a3,-32.91441,-3.9536457,1.3672923661455195e-237,2.7883819366038674e-235,0.4168466522678186,0.9139123750960799
Epidermis 2,sec24d,-33.077457,-4.10861,6.270033487777997e-240,1.2907396295924875e-237,0.19438444924406048,0.8854727132974635
Epidermis 2,LOC100216141,-33.19614,-4.425052,1.2238829263343068e-241,2.5679182053404717e-239,0.1468682505399568,0.8793235972328978
Epidermis 2,LOC100493464,-33.200687,-5.030666,1.0522682537136453e-241,2.2292762683772284e-239,0.12095032397408208,0.8647194465795542
Epidermis 2,capns2,-33.20637,-4.1169543,8.711583310424527e-242,1.8636809746742509e-239,0.1857451403887689,0.8870099923136049
Epidermis 2,pc.2,-33.236927,-4.6626315,3.1537577574613644e-242,6.813678022333112e-240,0.46760259179265656,0.9146810146041506
Epidermis 2,map7,-33.267685,-4.081143,1.1330620700599001e-242,2.4724547430777077e-240,0.2451403887688985,0.8954650269023828
Epidermis 2,ttc39a,-33.35982,-5.5451508,5.248148684594118e-244,1.156766186328568e-241,0.07235421166306695,0.8508839354342813
Epidermis 2,golph3l,-33.429962,-4.008793,5.033188577937488e-245,1.12070620366504e-242,0.21382289416846653,0.897770945426595
Epidermis 2,kitlg,-33.444004,-2.811286,3.1460096728371227e-245,7.077224440307098e-243,0.6565874730021598,0.9761721752498078
Epidermis 2,slc18a2,-33.553024,-5.189976,8.133724147877721e-247,1.8488124440712473e-244,0.11123110151187905,0.8639508070714835
Epidermis 2,LOC733521,-33.64055,-5.2068477,4.2864935616348625e-248,9.845850106150983e-246,0.11231101511879049,0.8670253651037664
Epidermis 2,anxa9,-33.66295,-4.840597,2.0158285765143e-248,4.679510145544526e-246,0.13498920086393087,0.8762490392006149
Epidermis 2,plxna2,-33.67184,-1.9767181,1.493866705029149e-248,3.5051253086495767e-246,0.9578833693304536,0.9930822444273636
Epidermis 2,tmem45b,-33.720047,-4.6522107,2.939066009363759e-249,6.971017325035499e-247,0.132829373650108,0.8823981552651806
Epidermis 2,ikzf2,-33.73787,-4.892678,1.6104994153709342e-249,3.8618360156933137e-247,0.17062634989200864,0.8785549577248271
Epidermis 2,lgalsl,-33.935215,-4.0465846,2.0156057954384438e-252,4.886948229140254e-250,0.23218142548596113,0.9085318985395849
Epidermis 2,LOC100489670,-33.957783,-5.109795,9.36323016889716e-253,2.2956746687135387e-250,0.1306695464362851,0.8762490392006149
Epidermis 2,trpm4,-33.972424,-2.9596503,5.691680713180089e-253,1.4113427822988945e-250,0.5259179265658748,0.9754035357417371
Epidermis 2,tspan13,-33.988873,-4.146245,3.2530552437174976e-253,8.159186031397646e-251,0.20518358531317496,0.9054573405073021
Epidermis 2,elovl7,-34.055737,-4.5549383,3.337989188164605e-254,8.469565357551145e-252,0.15010799136069114,0.8946963873943121
Epidermis 2,gad1.2,-34.111134,-4.8663588,5.044165261029234e-255,1.2949262371872814e-252,0.14038876889848811,0.8847040737893928
Epidermis 2,mtus1,-34.18572,-4.907875,3.941792641964598e-256,1.0239744909560654e-253,0.2526997840172786,0.8970023059185243
Epidermis 2,prkcb,-34.397575,-3.7188542,2.7409410778679094e-259,7.206033163874175e-257,0.4017278617710583,0.940814757878555
Epidermis 2,LOC100485898,-34.43482,-3.7924144,7.599218017943866e-260,2.0222260532872332e-257,0.2602591792656587,0.9338970023059185
Epidermis 2,abcg2,-34.516026,-4.839825,4.612079567405187e-261,1.2580023530043574e-258,0.18034557235421167,0.8993082244427364
Epidermis 2,LOC101730864,-34.54588,-5.334661,1.6436347793041791e-261,4.539968926480569e-259,0.11339092872570194,0.8870099923136049
Epidermis 2,slc18a1,-34.580315,-5.4808493,4.994469696356659e-262,1.397234913387162e-259,0.10583153347732181,0.8823981552651806
Epidermis 2,ap3b1,-34.665764,-2.755442,2.5853512034939515e-263,7.3266167027846125e-261,0.6630669546436285,0.9800153727901614
Epidermis 2,kiaa1324,-34.785618,-3.5416563,4.0133074748371125e-265,1.1522945053739556e-262,0.3963282937365011,0.9577248270561107
Epidermis 2,armh4,-34.980526,-5.359071,4.4497044522545247e-268,1.2946266780352797e-265,0.13714902807775378,0.8970023059185243
Epidermis 2,eps8l1,-35.044044,-4.189278,4.80482618461888e-269,1.4168393537103863e-266,0.28077753779697623,0.9331283627978478
Epidermis 2,epas1,-35.104992,-2.8150132,5.656570645497469e-270,1.6908496993890447e-267,0.8293736501079914,0.9938508839354343
Epidermis 2,rabgap1l,-35.132572,-3.812461,2.1455936411241754e-270,6.502638728190366e-268,0.31101511879049676,0.9538816295157571
Epidermis 2,dsc3,-35.147583,-4.4432273,1.265550757847047e-270,3.8895187446451283e-268,0.19330453563714903,0.9185242121445042
Epidermis 2,acp3,-35.16517,-4.946051,6.816628647672483e-271,2.1249379102980178e-268,0.14362850971922247,0.9085318985395849
Epidermis 2,LOC100497338,-35.280575,-4.4237385,1.1661830737309648e-272,3.688011717664258e-270,0.17494600431965443,0.9292851652574943
Epidermis 2,dop1b,-35.539703,-4.7471695,1.198371016063447e-276,3.845537344341246e-274,0.15550755939524838,0.9200614911606456
Epidermis 2,gmds,-35.579185,-3.5921652,2.9401201163358173e-277,9.575576277397592e-275,0.5118790496760259,0.9700230591852421
Epidermis 2,fa2h,-35.627228,-4.776097,5.308239951277134e-278,1.75501672692149e-275,0.19654427645788336,0.9262106072252114
Epidermis 2,ppl,-35.6519,-4.032774,2.2017394686631045e-278,7.391408760876555e-276,0.3412526997840173,0.9500384319754035
Epidermis 2,dmxl1,-35.661263,-4.1252203,1.5765019345144803e-278,5.375132611412575e-276,0.34557235421166305,0.940814757878555
Epidermis 2,magi3,-35.673298,-3.0593197,1.0259311978903084e-278,3.5534674078038764e-276,0.6436285097192225,0.9830899308224442
Epidermis 2,LOC100492585,-35.74016,-5.2109976,9.406731339365024e-280,3.3107142670368416e-277,0.16090712742980562,0.9185242121445042
Epidermis 2,abo.3,-35.868137,-3.498379,9.592014671549664e-282,3.4884558691314204e-279,0.44924406047516197,0.9800153727901614
Epidermis 2,LOC394967,-35.869778,-5.145983,9.044225061419151e-282,3.3449836451733443e-279,0.31101511879049676,0.9315910837817064
Epidermis 2,ugt3a2,-35.892845,-4.9495225,3.950247444418559e-282,1.4861784393906443e-279,0.21490280777537796,0.9285165257494236
Epidermis 2,gnb3,-35.893078,-3.9792638,3.9171798308598555e-282,1.4861784393906443e-279,0.2861771058315335,0.9523443504996156
Epidermis 2,krt70,-35.895653,-2.3949046,3.5711923222222414e-282,1.3915533511287773e-279,0.8822894168466523,1.0
Epidermis 2,camk2g,-35.96606,-3.5270276,2.8398070297146667e-283,1.1266805308255225e-280,0.6177105831533477,0.9692544196771714
Epidermis 2,dsg2,-36.006878,-2.8717198,6.528751189467681e-284,2.6382199945439678e-281,0.6544276457883369,0.9907763259031515
Epidermis 2,mfsd6,-36.03092,-3.8339279,2.744909511445618e-284,1.1301258575331099e-281,0.3617710583153348,0.9592621060722522
Epidermis 2,capn9,-36.054485,-5.292156,1.173031411851243e-284,4.922445853462687e-282,0.18682505399568033,0.9208301306687163
Epidermis 2,trim29,-36.073544,-2.809606,5.8967999919131905e-285,2.523021031834073e-282,0.7462203023758099,0.9953881629515757
Epidermis 2,elovl3,-36.11045,-4.405509,1.5546998370353e-285,6.785021028789455e-283,0.23326133909287258,0.9431206764027671
Epidermis 2,sgsm3,-36.141777,-4.127328,5.009479391784811e-286,2.230854077717068e-283,0.27213822894168466,0.9538816295157571
Epidermis 2,arfgef2,-36.183064,-2.8899338,1.124244310861892e-286,5.110861480691113e-284,0.6447084233261339,0.9838585703305149
Epidermis 2,kiaa1324l,-36.30305,-3.3643048,1.4481666437847132e-288,6.723498794473666e-286,0.541036717062635,0.9869331283627979
Epidermis 2,upk2,-36.313583,-5.0121646,9.877220295144015e-289,4.68545269696386e-286,0.1468682505399568,0.9323597232897771
Epidermis 2,ankdd1b,-36.340794,-5.337542,3.672584719246634e-289,1.7808771368595733e-286,0.15442764578833693,0.9285165257494236
Epidermis 2,smap1,-36.403145,-3.3587058,3.79608447247399e-290,1.882599074405794e-287,0.5053995680345572,0.9792467332820907
Epidermis 2,rbbp8,-36.412975,-3.5131807,2.653417189975688e-290,1.346516662847895e-287,0.46976241900647947,0.97847809377402
Epidermis 2,gna14,-36.453194,-3.737426,6.122997350533672e-291,3.181188694904649e-288,0.5075593952483801,0.9554189085318986
Epidermis 2,anxa11,-36.492176,-4.5516195,1.4758413767244041e-291,7.854715775976396e-289,0.23002159827213822,0.9454265949269792
Epidermis 2,pkp3,-36.644123,-4.3017526,5.6769029991402164e-294,3.0968925086059665e-291,0.296976241900648,0.9584934665641814
Epidermis 2,tjp3,-36.65562,-4.4035316,3.723261616532968e-294,2.0832126085734845e-291,0.23110151187904968,0.9546502690238279
Epidermis 2,pcdh1,-36.65743,-2.81601,3.484673539405019e-294,2.001027929035708e-291,0.6889848812095032,0.9930822444273636
Epidermis 2,scel,-36.689857,-4.898371,1.0599374678845983e-294,6.251052834245896e-292,0.18142548596112312,0.9438893159108378
Epidermis 2,grhl3,-36.715397,-3.5343828,4.148087314517232e-295,2.5143170358355697e-292,0.67170626349892,0.9884704073789393
Epidermis 2,gfpt1,-36.729675,-3.08859,2.454767680188067e-295,1.5304424442681087e-292,0.8369330453563715,0.9953881629515757
Epidermis 2,lpcat4,-36.73696,-4.6549306,1.877830771934756e-295,1.205180743364362e-292,0.2451403887688985,0.9508070714834742
Epidermis 2,cast,-36.798344,-4.7053614,1.9624870687876611e-296,1.2976797069095624e-293,0.468682505399568,0.9584934665641814
Epidermis 2,chsy1,-36.827496,-3.8646948,6.704771118147935e-297,4.572025330284565e-294,0.7354211663066955,0.9830899308224442
Epidermis 2,LOC101732788,-36.858955,-5.3761683,2.102035493897249e-297,1.4796295649139315e-294,0.25377969762419006,0.9446579554189085
Epidermis 2,hexdl,-36.915653,-5.3543544,2.592021687489403e-298,1.8853501747568755e-295,0.1468682505399568,0.9377401998462721
Epidermis 2,flnb,-36.922707,-4.263623,1.997339247873466e-298,1.502894473374031e-295,0.4719222462203024,0.9661798616448886
Epidermis 2,pdxdc1,-36.976032,-4.032725,2.7806535814484276e-299,2.167022921456648e-296,0.357451403887689,0.96771714066103
Epidermis 2,tm9sf2,-37.100597,-3.4398315,2.7476870658970197e-301,2.220639980182921e-298,0.4740820734341253,0.9807840122982321
Epidermis 2,macf1,-37.19434,-2.3328154,8.42421367858512e-303,7.070183333861766e-300,0.9470842332613391,0.994619523443505
Epidermis 2,crybg1,-37.202465,-4.279524,6.225760095409437e-303,5.4340924416771725e-300,0.4103671706263499,0.9723289777094543
Epidermis 2,LOC100492852,-37.3163,-4.8556256,8.929774777216384e-305,8.119025642234945e-302,0.5183585313174947,0.9669485011529593
Epidermis 2,fucolectin,-37.32432,-5.4065714,6.61759914936007e-305,6.27837526252983e-302,0.2267818574514039,0.9508070714834742
Epidermis 2,krt12.3,-37.328167,-3.6287766,5.732337899217664e-305,5.685697513583121e-302,0.6177105831533477,0.9838585703305149
Epidermis 2,slc22a4,-37.357723,-4.7909427,1.8997318909819592e-305,1.9740023615770159e-302,0.20734341252699784,0.9607993850883936
Epidermis 2,gclc,-37.36745,-5.163245,1.320441054338628e-305,1.4406672123361602e-302,0.4103671706263499,0.9638739431206764
Epidermis 2,znf185,-37.437992,-3.8379102,9.41994226474001e-307,1.0818555797836408e-303,0.5075593952483801,0.9846272098385856
Epidermis 2,LOC100489839,-37.469517,-4.249639,2.889884954504704e-307,3.503343310680397e-304,0.4168466522678186,0.97847809377402
Epidermis 2,evpl,-37.603714,-4.2055287,1.869351686537305e-309,2.399477832466502e-306,0.4136069114470842,0.9792467332820907
Epidermis 2,clint1,-37.682377,-3.623612,0.0,0.0,0.5280777537796977,0.9823212913143735
Epidermis 2,arhgef25,-37.735935,-3.5573597,0.0,0.0,0.5863930885529157,0.9853958493466565
Epidermis 2,casd1,-37.884274,-4.7422295,0.0,0.0,0.275377969762419,0.9738662567255957
Epidermis 2,upk3b,-38.032974,-4.7841606,0.0,0.0,0.22354211663066956,0.9715603382013835
Epidermis 2,myo5c,-38.146008,-4.0651293,0.0,0.0,0.4265658747300216,0.9838585703305149
Epidermis 2,golga4,-38.35653,-3.432208,0.0,0.0,0.6285097192224622,0.9930822444273636
Epidermis 2,msln,-38.441612,-5.3072424,0.0,0.0,0.5755939524838013,0.9846272098385856
Epidermis 2,osbpl2,-38.457493,-4.499464,0.0,0.0,0.3228941684665227,0.9792467332820907
Epidermis 2,muc4,-38.515297,-4.3926425,0.0,0.0,0.7365010799136069,0.9923136049192929
Epidermis 2,atp13a-like,-38.662563,-5.2706723,0.0,0.0,0.7904967602591793,0.98923904688701
Epidermis 2,krt7,-38.703182,-3.6554797,0.0,0.0,0.683585313174946,0.9961568024596464
Epidermis 2,otogl2,-38.72227,-5.0981646,0.0,0.0,0.9568034557235421,0.9961568024596464
Epidermis 2,itpr3,-38.826447,-3.3262403,0.0,0.0,0.9751619870410367,0.9984627209838586
Epidermis 2,LOC101734097,-38.845535,-4.294477,0.0,0.0,0.40712742980561556,0.9953881629515757
Epidermis 2,sytl2,-39.002796,-4.273641,0.0,0.0,0.7224622030237581,0.9907763259031515
