group,names,scores,logfoldchanges,pvals,pvals_adj,pct_nz_group,pct_nz_reference
Neural Plate 1,epas1,28.146723,3.6610649,2.6283071310031633e-174,5.735228990562003e-170,0.9722222222222222,0.6263888888888889
Neural Plate 1,lmo7,27.861355,4.1215453,7.847242230022089e-171,8.561733635065601e-167,0.9705882352941176,0.5527777777777778
Neural Plate 1,itpr3,26.394503,2.5641303,1.58449923390654e-153,1.1525119261024867e-149,0.9869281045751634,0.9402777777777778
Neural Plate 1,nectin2,24.955877,2.7181242,1.8436267357838436e-137,1.0057444750384814e-133,0.9493464052287581,0.5652777777777778
Neural Plate 1,spint2,24.702457,3.69551,1.0064021094990083e-134,4.3921400862755723e-131,0.8905228758169934,0.2777777777777778
Neural Plate 1,nectin3,24.552664,4.557398,4.050837705287049e-133,1.473222159451145e-129,0.8480392156862745,0.25277777777777777
Neural Plate 1,ocln,22.910717,2.6796248,3.633233792591175e-116,1.1325827798304576e-112,0.9084967320261438,0.41388888888888886
Neural Plate 1,phldb3,22.811878,4.939403,3.4953005862105246e-115,9.533869261462482e-112,0.7647058823529411,0.09861111111111111
Neural Plate 1,epcam,22.10643,2.2651918,2.7411260885468735e-108,5.437646579834666e-105,0.9281045751633987,0.6097222222222223
Neural Plate 1,dcbld1,21.702501,2.4429467,1.943045615311782e-104,3.533266530976532e-101,0.9101307189542484,0.5319444444444444
Neural Plate 1,astl2d.1,21.01106,3.6360924,5.196153185674654e-98,8.72194297420051e-95,0.795751633986928,0.25972222222222224
Neural Plate 1,arhgap6,20.91894,1.9269559,3.6002922489239306e-97,5.611569797412078e-94,0.9738562091503268,0.8583333333333333
Neural Plate 1,usp54,20.8742,2.33915,9.189118113783392e-97,1.3367716424057827e-93,0.9166666666666666,0.7041666666666667
Neural Plate 1,kiaa1671,20.666592,2.228235,6.923739732684255e-95,9.442682794181447e-92,0.9264705882352942,0.7125
Neural Plate 1,arhgap45,20.405952,2.573978,1.4805087776662543e-92,1.9003636492620784e-89,0.8888888888888888,0.4847222222222222
Neural Plate 1,usp53,20.27288,3.235996,2.23199887439137e-91,2.7058026354496714e-88,0.7696078431372549,0.21666666666666667
Neural Plate 1,plpp3,20.200914,3.2020667,9.610192836598351e-91,1.1037053573021718e-87,0.8186274509803921,0.3638888888888889
Neural Plate 1,crb2,20.07449,3.336111,1.2334331763019224e-89,1.3457372670042125e-86,0.7679738562091504,0.2763888888888889
Neural Plate 1,angpt4.2,19.505615,3.4019332,9.83674250606992e-85,1.0221312296426273e-81,0.7238562091503268,0.16111111111111112
Neural Plate 1,mst1,19.369757,2.394466,1.389126945337416e-83,1.3778245033730798e-80,0.8333333333333334,0.5111111111111111
Neural Plate 1,kalrn,19.27492,3.0502543,8.72346356328873e-83,8.276291235414061e-80,0.75,0.22916666666666666
Neural Plate 1,dtna,18.604277,3.3495533,2.9666674250952674e-77,2.589425995320153e-74,0.7140522875816994,0.23055555555555557
Neural Plate 1,plcb4,18.160826,2.3850853,1.0542596737189156e-73,8.216071550078735e-71,0.815359477124183,0.5041666666666667
Neural Plate 1,osbpl1a,17.844229,3.6626008,3.20496615491198e-71,2.2559860150430427e-68,0.6552287581699346,0.14444444444444443
Neural Plate 1,LOC595077,17.399635,4.007256,8.303074758090531e-68,5.661918571759172e-65,0.6111111111111112,0.08333333333333333
Neural Plate 1,arhgef25,17.387413,1.8593967,1.0276777622039532e-67,6.795441348197716e-65,0.8643790849673203,0.6
Neural Plate 1,calcrl,17.119772,3.1872478,1.0568996624975893e-65,6.783119863341146e-63,0.673202614379085,0.21388888888888888
Neural Plate 1,eppk1,17.105835,1.7757243,1.3426331589126726e-65,8.370742331609551e-63,0.9264705882352942,0.7763888888888889
Neural Plate 1,ahcyl2,16.427689,1.7513942,1.2119248313928228e-60,6.95931888047968e-58,0.8774509803921569,0.6625
Neural Plate 1,slc22a23,16.12567,1.713977,1.6842339920303456e-58,9.187917485023544e-56,0.8529411764705882,0.5333333333333333
Neural Plate 1,prickle2,16.083576,1.2835814,3.3261344480870885e-58,1.7702336534563016e-55,0.9526143790849673,0.9375
Neural Plate 1,cnn2,15.670427,2.387893,2.4095532940372012e-55,1.1949741461178585e-52,0.6797385620915033,0.2777777777777778
Neural Plate 1,astl2c,15.659564,3.6483886,2.85850029780537e-55,1.386118555520244e-52,0.5816993464052288,0.13333333333333333
Neural Plate 1,tjp3,15.395138,2.784852,1.7644955590976247e-53,8.192139913844526e-51,0.619281045751634,0.19444444444444445
Neural Plate 1,dennd3,15.330246,2.628372,4.801678801012036e-53,2.138314961569054e-50,0.6241830065359477,0.17916666666666667
Neural Plate 1,rbbp8,14.961978,1.6754739,1.301013253739246e-50,5.3564924924234125e-48,0.8120915032679739,0.5319444444444444
Neural Plate 1,plcd3,14.53089,1.8570231,7.720983142182388e-48,3.119992095288183e-45,0.761437908496732,0.4041666666666667
Neural Plate 1,myo5c,14.376951,2.4950428,7.220562478392126e-47,2.864725342563538e-44,0.6454248366013072,0.2833333333333333
Neural Plate 1,iqgap1,14.159264,1.8358512,1.6369950347038334e-45,6.158770457288336e-43,0.7287581699346405,0.42083333333333334
Neural Plate 1,lsr,14.030624,1.5961643,1.0125664456538421e-44,3.682535401768748e-42,0.7875816993464052,0.4486111111111111
Neural Plate 1,gprc5cl2,14.01433,4.204594,1.2739553580425536e-44,4.557209814401076e-42,0.4820261437908497,0.04583333333333333
Neural Plate 1,itpkb,13.960801,2.1955125,2.703775704330883e-44,9.515982200678097e-42,0.6699346405228758,0.31805555555555554
Neural Plate 1,adap1l,13.881402,2.3682268,8.212222142135322e-44,2.844426974024363e-41,0.6176470588235294,0.22361111111111112
Neural Plate 1,dnmbp,13.873255,1.6799747,9.200575868979237e-44,3.1369650943280616e-41,0.7581699346405228,0.4041666666666667
Neural Plate 1,rapgef2,13.859462,1.1433048,1.1150789825976294e-43,3.686687648373162e-41,0.9068627450980392,0.7569444444444444
Neural Plate 1,spata13,13.803718,2.1913447,2.4204236890544548e-43,7.65450222012424e-41,0.630718954248366,0.24722222222222223
Neural Plate 1,wdfy3,13.654281,1.552532,1.9036018522131555e-42,5.850492396780741e-40,0.8137254901960784,0.6180555555555556
Neural Plate 1,depdc1b,13.64792,1.6572312,2.0772339126217223e-42,6.29546127879425e-40,0.7320261437908496,0.4361111111111111
Neural Plate 1,LOC108647650,13.3308935,4.163598,1.5305291511773427e-40,4.5131995416001075e-38,0.4820261437908497,0.08611111111111111
Neural Plate 1,rassf7,13.147511,3.8879468,1.7587047636196525e-39,4.857809702144865e-37,0.4591503267973856,0.04722222222222222
Neural Plate 1,LOC101733293,12.933825,3.1854239,2.9002341982403897e-38,7.910751304975443e-36,0.5196078431372549,0.1625
Neural Plate 1,chmp5,12.812832,1.0595076,1.3896873243726819e-37,3.743749025325468e-35,0.8937908496732027,0.75
Neural Plate 1,dsg2,12.348513,1.6543219,4.962019358448901e-35,1.2590258653571333e-32,0.7075163398692811,0.41944444444444445
Neural Plate 1,hal.1,12.241027,2.114341,1.8764324371378815e-34,4.652912751225649e-32,0.5735294117647058,0.24444444444444444
Neural Plate 1,clcn3,12.175707,1.961278,4.187527501896617e-34,1.0266970518975964e-31,0.5784313725490197,0.23194444444444445
Neural Plate 1,kifc3,11.978601,2.892261,4.600193203606662e-33,1.0910958249554453e-30,0.47058823529411764,0.1111111111111111
Neural Plate 1,MGC89056,11.969954,3.0140417,5.105701808889923e-33,1.1979733244278174e-30,0.4542483660130719,0.08333333333333333
Neural Plate 1,camsap3,11.966952,2.3005807,5.293765664977657e-33,1.2288857508029517e-30,0.5277777777777778,0.18055555555555555
Neural Plate 1,metrnl,11.942797,1.2021981,7.080198068429823e-33,1.609343771366741e-30,0.8431372549019608,0.5888888888888889
Neural Plate 1,LOC100496743,11.934006,1.632428,7.869319158899951e-33,1.7702723027459363e-30,0.6486928104575164,0.3347222222222222
Neural Plate 1,stard13,11.926002,1.0890318,8.663547826490692e-33,1.9290538481821772e-30,0.9313725490196079,0.7791666666666667
Neural Plate 1,unc80,11.774064,3.7939703,5.310345179479811e-32,1.1704751733477671e-29,0.42483660130718953,0.0625
Neural Plate 1,LOC100489839,11.689876,2.1137888,1.4359621668735655e-31,3.071973572877262e-29,0.5996732026143791,0.32916666666666666
Neural Plate 1,rhpn2,11.461683,2.6660483,2.054829318440501e-30,4.270326719780016e-28,0.47058823529411764,0.13055555555555556
Neural Plate 1,lpin2,11.344335,1.7079595,7.912587543135306e-30,1.6136502128855656e-27,0.6143790849673203,0.3194444444444444
Neural Plate 1,sh3d19,11.313533,2.2337146,1.1246852491548819e-29,2.2515373231017136e-27,0.49836601307189543,0.16944444444444445
Neural Plate 1,ncoa2,11.254501,1.2570211,2.200682832024752e-29,4.326225232217307e-27,0.7336601307189542,0.4777777777777778
Neural Plate 1,sema3f,11.162881,1.6300752,6.195107953548152e-29,1.1963137226050817e-26,0.6290849673202614,0.33611111111111114
Neural Plate 1,fastkd3,10.927755,1.1069275,8.492317287254513e-28,1.5838534660271858e-25,0.869281045751634,0.7375
Neural Plate 1,kiaa1324l,10.870439,1.689404,1.594318322796531e-27,2.8751752166729837e-25,0.6290849673202614,0.36527777777777776
Neural Plate 1,grk5,10.862221,1.3226161,1.7445507261509644e-27,3.120314868470508e-25,0.6895424836601307,0.4444444444444444
Neural Plate 1,gnb3,10.694631,2.0710342,1.0784808804884524e-26,1.8530339600896473e-24,0.5098039215686274,0.20972222222222223
Neural Plate 1,upk3b,10.637029,2.1702397,2.004185455292088e-26,3.390180683715399e-24,0.5049019607843137,0.20277777777777778
Neural Plate 1,atp8b1,10.610229,1.8932761,2.670941027572679e-26,4.483277243281802e-24,0.5261437908496732,0.22916666666666666
Neural Plate 1,cgn,10.552127,1.8948607,4.966025945491081e-26,8.147643019290292e-24,0.5032679738562091,0.2013888888888889
Neural Plate 1,plekhg7,10.541049,1.409412,5.587210985345914e-26,9.098397829196506e-24,0.6928104575163399,0.4222222222222222
Neural Plate 1,lekr1,10.436065,2.0578842,1.6970082547871012e-25,2.683363559978937e-23,0.5016339869281046,0.2125
Neural Plate 1,slc39a11,10.411051,1.4936067,2.20770219765013e-25,3.441019261065963e-23,0.6143790849673203,0.37083333333333335
Neural Plate 1,slc22a4,10.293918,2.138215,7.505917439363776e-25,1.1453610101003982e-22,0.48856209150326796,0.20277777777777778
Neural Plate 1,upk1b,10.04071,2.3195605,1.0094402686206591e-23,1.4783218860115034e-21,0.43300653594771243,0.12916666666666668
Neural Plate 1,pitpnc1l,9.992256,1.4411103,1.6478712363205818e-23,2.381337632301418e-21,0.6078431372549019,0.3472222222222222
Neural Plate 1,lyn,9.970173,1.6113837,2.0586936525322165e-23,2.9361277249611435e-21,0.553921568627451,0.2638888888888889
Neural Plate 1,gramd4,9.965456,1.1709834,2.1587987945470796e-23,3.039170870697537e-21,0.7173202614379085,0.4583333333333333
Neural Plate 1,nedd4,9.9388,1.7137722,2.822078076888045e-23,3.922329026482423e-21,0.5245098039215687,0.24722222222222223
Neural Plate 1,rabgap1l,9.92808,1.7363551,3.142499018180889e-23,4.312734029919823e-21,0.5424836601307189,0.2902777777777778
Neural Plate 1,myo5b,9.898635,1.6566131,4.219946752774107e-23,5.719469446725701e-21,0.545751633986928,0.2847222222222222
Neural Plate 1,nipal4,9.867047,2.7163088,5.784247767602693e-23,7.791238922028294e-21,0.39215686274509803,0.08888888888888889
Neural Plate 1,golga4,9.844678,1.3422446,7.227042739162895e-23,9.615932903126436e-21,0.6944444444444444,0.5
Neural Plate 1,pank1,9.79215,2.1916306,1.21680780036636e-22,1.5995158440839966e-20,0.4297385620915033,0.13194444444444445
Neural Plate 1,pdcd6ip,9.751485,1.8105959,1.8178888029250596e-22,2.3334206805075133e-20,0.4803921568627451,0.18611111111111112
Neural Plate 1,slco4c1,9.67716,1.3658185,3.770445522988307e-22,4.811397178779406e-20,0.6421568627450981,0.4111111111111111
Neural Plate 1,itpr2,9.62942,1.0096711,6.006746908564838e-22,7.620536296034496e-20,0.7565359477124183,0.5486111111111112
Neural Plate 1,LOC100495222,9.596903,2.7159798,8.238273554382365e-22,1.0272420984581577e-19,0.3839869281045752,0.0875
Neural Plate 1,oxr1,9.580823,1.5722651,9.627485184660954e-22,1.193644058036856e-19,0.5228758169934641,0.25416666666666665
Neural Plate 1,ripk4,9.507641,1.2519112,1.950351604281817e-21,2.364367908724085e-19,0.6225490196078431,0.3638888888888889
Neural Plate 1,stk10,9.503067,1.5530533,2.0379756312388757e-21,2.4569428866996416e-19,0.5816993464052288,0.3486111111111111
Neural Plate 1,pard6b,9.480341,2.0123487,2.534542612766551e-21,3.0057746931075495e-19,0.4362745098039216,0.14305555555555555
Neural Plate 1,nek2,9.427526,1.7528738,4.198721112554893e-21,4.85093776143832e-19,0.5555555555555556,0.3375
Neural Plate 1,plcb3,9.392722,1.4871252,5.84690198774635e-21,6.645065014302766e-19,0.545751633986928,0.26944444444444443
Neural Plate 1,ano5,9.390435,1.7222772,5.975263165734039e-21,6.755762566812562e-19,0.4934640522875817,0.25
Neural Plate 1,marveld2,9.359562,2.6206455,8.006793240343137e-21,8.959806938334747e-19,0.369281045751634,0.075
Neural Plate 1,impact,9.345055,3.4675622,9.18423840542766e-21,1.022496256351209e-18,0.33986928104575165,0.05
Neural Plate 1,tat,9.337193,2.0014079,9.892192501276667e-21,1.0957235155855744e-18,0.45098039215686275,0.18333333333333332
Neural Plate 1,LOC101734097,9.316825,1.7619413,1.198738181991682e-20,1.3210942358202267e-18,0.5392156862745098,0.32916666666666666
Neural Plate 1,lrrfip1,9.2403555,2.1193628,2.456794697133789e-20,2.68048585430782e-18,0.42810457516339867,0.15416666666666667
Neural Plate 1,mfsd6,9.228992,1.3552514,2.731896863862261e-20,2.9658070381262882e-18,0.5980392156862745,0.35138888888888886
Neural Plate 1,LOC100492479,9.166316,4.4154425,4.8946020535114965e-20,5.2355446769448216e-18,0.3104575163398693,0.022222222222222223
Neural Plate 1,flvcr2,9.164029,2.0612104,4.9994955985832975e-20,5.295824925081851e-18,0.4264705882352941,0.15694444444444444
Neural Plate 1,mansc1,9.160956,1.9476994,5.1439528781019886e-20,5.42252153396442e-18,0.43300653594771243,0.1638888888888889
Neural Plate 1,LOC100494753,9.145805,3.4506178,5.918730568401932e-20,6.178657702171589e-18,0.3333333333333333,0.04722222222222222
Neural Plate 1,ica1,9.145662,2.1416492,5.926563301556869e-20,6.178657702171589e-18,0.41013071895424835,0.1361111111111111
Neural Plate 1,cldn4,9.071408,2.4011385,1.1748846953964813e-19,1.2092999499172933e-17,0.3741830065359477,0.09027777777777778
Neural Plate 1,trpv5,8.992509,2.8256986,2.4164945005794725e-19,2.4640339484647042e-17,0.34967320261437906,0.07222222222222222
Neural Plate 1,atp12a-like,8.973499,2.5894015,2.872414123872446e-19,2.915299934745146e-17,0.3790849673202614,0.10972222222222222
Neural Plate 1,dsc3,8.968639,1.9152081,3.0020003865100074e-19,3.0327152978719845e-17,0.4444444444444444,0.18611111111111112
Neural Plate 1,jup,8.867871,1.5207939,7.455747187292269e-19,7.497320708474866e-17,0.5343137254901961,0.3111111111111111
Neural Plate 1,myh9,8.791044,1.1261742,1.4817578275017601e-18,1.456461151077293e-16,0.684640522875817,0.5180555555555556
Neural Plate 1,tfap2c,8.782397,1.2489822,1.6002696706843953e-18,1.5658961652019816e-16,0.673202614379085,0.4986111111111111
Neural Plate 1,hpgd,8.73237,2.5645592,2.493899065293191e-18,2.3763917687232626e-16,0.3611111111111111,0.09444444444444444
Neural Plate 1,rbbp8nl,8.72015,2.6470542,2.7783442492850394e-18,2.635923907115167e-16,0.35130718954248363,0.08611111111111111
Neural Plate 1,ccdc149,8.621669,2.4932141,6.598547945030913e-18,6.179695910236891e-16,0.35947712418300654,0.09583333333333334
Neural Plate 1,LOC100488554,8.51161,1.4075547,1.715349177308942e-17,1.5661353304626954e-15,0.5392156862745098,0.3055555555555556
Neural Plate 1,LOC100496572,8.504535,1.2203592,1.823254403401905e-17,1.657718097359707e-15,0.6176470588235294,0.4152777777777778
Neural Plate 1,upk1a,8.472518,2.0249183,2.4014542893142547e-17,2.1743624085944546e-15,0.3888888888888889,0.13194444444444445
Neural Plate 1,esyt2,8.452936,1.1857715,2.840681237571022e-17,2.561425838224681e-15,0.5751633986928104,0.34444444444444444
Neural Plate 1,gbf1,8.369606,1.540293,5.781142021546884e-17,5.148991838864268e-15,0.4918300653594771,0.26805555555555555
Neural Plate 1,pcdh10,8.361601,1.6476709,6.187264151315574e-17,5.488304514059233e-15,0.46405228758169936,0.23194444444444445
Neural Plate 1,galnt7,8.329513,1.0871264,8.117575265457659e-17,7.05711593097815e-15,0.6699346405228758,0.49027777777777776
Neural Plate 1,cdh1,8.27627,1.2443854,1.2709355668827013e-16,1.0833236330057588e-14,0.6470588235294118,0.4861111111111111
Neural Plate 1,atp10b,8.258475,1.5025668,1.4754551409567401e-16,1.2527590128722578e-14,0.5032679738562091,0.2847222222222222
Neural Plate 1,sh3d21,8.249113,2.6204226,1.5957483889670923e-16,1.3444334206815029e-14,0.3382352941176471,0.08611111111111111
Neural Plate 1,map3k10,8.24754,2.4394407,1.6168774543963655e-16,1.3569954973993497e-14,0.34477124183006536,0.09166666666666666
Neural Plate 1,abo.3,8.239679,2.0249412,1.7267309486223717e-16,1.4381296194614037e-14,0.4199346405228758,0.19305555555555556
Neural Plate 1,gmnn,8.108895,1.2187526,5.108211386043292e-16,4.159189576673533e-14,0.5506535947712419,0.31805555555555554
Neural Plate 1,ppl,8.10182,1.5452969,5.414304910395407e-16,4.3920277862356196e-14,0.48856209150326796,0.28194444444444444
Neural Plate 1,sytl5,8.074734,2.7172678,6.762387378818365e-16,5.4450942801917176e-14,0.32679738562091504,0.08194444444444444
Neural Plate 1,cep170b,8.068873,1.2498477,7.094956589822961e-16,5.671027389982667e-14,0.5751633986928104,0.3875
Neural Plate 1,st14,8.0453615,1.5838356,8.599138526491336e-16,6.82333824678427e-14,0.4395424836601307,0.19722222222222222
Neural Plate 1,morc1,8.040573,5.08701,8.941935945505816e-16,7.069637111118927e-14,0.2679738562091503,0.015277777777777777
Neural Plate 1,sfrp2,8.031068,2.0823631,9.66278481953221e-16,7.584590918957279e-14,0.3741830065359477,0.1361111111111111
Neural Plate 1,ildr1,8.01899,2.0761518,1.0661815198915253e-15,8.28905025903974e-14,0.35294117647058826,0.10138888888888889
Neural Plate 1,stt3a,8.018847,1.4291798,1.0674227225105023e-15,8.28905025903974e-14,0.46895424836601307,0.24027777777777778
Neural Plate 1,usp43,8.013988,1.4992195,1.1104811662673966e-15,8.592840258553496e-14,0.4493464052287582,0.20555555555555555
Neural Plate 1,cd2ap,7.971965,1.2443084,1.5617108514405712e-15,1.187389982205042e-13,0.565359477124183,0.38333333333333336
Neural Plate 1,gmds,7.920509,1.2068179,2.3654033682688707e-15,1.7676529759929803e-13,0.6421568627450981,0.4986111111111111
Neural Plate 1,map7,7.888349,1.7991992,3.062105527415984e-15,2.2497712024829692e-13,0.42810457516339867,0.21388888888888888
Neural Plate 1,esrp1,7.882989,1.2021182,3.196413438658155e-15,2.3405683773476375e-13,0.7075163398692811,0.6027777777777777
Neural Plate 1,tspan13,7.836464,1.8436577,4.634106014268099e-15,3.3263430045179013e-13,0.39869281045751637,0.16805555555555557
Neural Plate 1,krt70,7.819455,1.2514987,5.30524913368962e-15,3.7831974296157253e-13,0.7140522875816994,0.5875
Neural Plate 1,rrbp1,7.8150954,1.1837344,5.492132674581653e-15,3.8910333471443585e-13,0.5669934640522876,0.375
Neural Plate 1,gnb5,7.754635,2.8373628,8.859807073442693e-15,6.216393895485306e-13,0.3055555555555556,0.06527777777777778
Neural Plate 1,ttc9,7.7284064,1.7136314,1.0890110160554373e-14,7.616445314533877e-13,0.39215686274509803,0.1625
Neural Plate 1,gas6,7.714328,1.1386873,1.2162171855408704e-14,8.478937765395314e-13,0.5424836601307189,0.32916666666666666
Neural Plate 1,znf519,7.7003202,1.4074832,1.35725774753631e-14,9.402133748885657e-13,0.44281045751633985,0.20833333333333334
Neural Plate 1,rtbdn,7.583901,2.391614,3.35317303717197e-14,2.2794264437423537e-12,0.3137254901960784,0.0763888888888889
Neural Plate 1,LOC100488209,7.5454516,1.079106,4.5072208195988457e-14,3.0355575772983462e-12,0.5686274509803921,0.36666666666666664
Neural Plate 1,masp1,7.5175085,1.0698539,5.5829989539647006e-14,3.7255847148154044e-12,0.6895424836601307,0.5305555555555556
Neural Plate 1,cat1,7.514149,3.0351377,5.728212831086362e-14,3.810833298388278e-12,0.28104575163398693,0.044444444444444446
Neural Plate 1,itprid1,7.4784875,2.292284,7.518281926810331e-14,4.971406967422068e-12,0.33169934640522875,0.10694444444444444
Neural Plate 1,dop1b,7.4489,2.161049,9.412142736067245e-14,6.186215862762752e-12,0.3545751633986928,0.14166666666666666
Neural Plate 1,mmel1,7.4066634,1.9340117,1.295164969962744e-13,8.461615212442227e-12,0.3611111111111111,0.1388888888888889
Neural Plate 1,zfhx2,7.404591,1.0819575,1.3155528102053192e-13,8.569157573579186e-12,0.5408496732026143,0.32222222222222224
Neural Plate 1,hyou1,7.2793813,1.5124496,3.3535436370677323e-13,2.1210920494044922e-11,0.41830065359477125,0.20555555555555555
Neural Plate 1,smap1,7.254511,1.4085,4.0311555515840655e-13,2.5389993933415103e-11,0.4869281045751634,0.30694444444444446
Neural Plate 1,pkp3,7.254297,1.334424,4.03754543554147e-13,2.5389993933415103e-11,0.5,0.3055555555555556
Neural Plate 1,slc38a10,7.2240663,1.0192589,5.04556824395452e-13,3.1547090157974666e-11,0.5604575163398693,0.37083333333333335
Neural Plate 1,ezr,7.217634,2.221386,5.289978947766412e-13,3.288678935020252e-11,0.32189542483660133,0.10416666666666667
Neural Plate 1,nos2,7.1800427,3.5932956,6.968964540853753e-13,4.27162290016769e-11,0.2581699346405229,0.03333333333333333
Neural Plate 1,gfpt1,7.173539,1.1775776,7.30832913735793e-13,4.454610338164452e-11,0.6895424836601307,0.6097222222222223
Neural Plate 1,atg2a,7.1659636,1.7105511,7.724119897350993e-13,4.68188945222489e-11,0.3627450980392157,0.14027777777777778
Neural Plate 1,ppp1r14a,7.120654,1.9367719,1.0741621579800591e-12,6.439366057495294e-11,0.3333333333333333,0.11527777777777778
Neural Plate 1,fhod1,7.080061,1.2390707,1.4409120148693544e-12,8.590748927995679e-11,0.477124183006536,0.2708333333333333
Neural Plate 1,LOC100485898,7.072271,1.6125885,1.5241843066707511e-12,9.062459334022469e-11,0.3954248366013072,0.19305555555555556
Neural Plate 1,ikzf2,7.0644097,2.0183141,1.6130028083211715e-12,9.564493010971817e-11,0.3562091503267974,0.1597222222222222
Neural Plate 1,plekha8,7.008451,2.130344,2.409706127344087e-12,1.4134999302358959e-10,0.315359477124183,0.1
Neural Plate 1,sacm1l,7.004735,1.4098897,2.4745384226820283e-12,1.4476381480253228e-10,0.41830065359477125,0.2222222222222222
Neural Plate 1,slc35d2,6.989727,2.7724361,2.7542175345138337e-12,1.6026608218833696e-10,0.272875816993464,0.05416666666666667
Neural Plate 1,myo6,6.983795,1.0888338,2.8731078439603323e-12,1.6673959112515536e-10,0.5669934640522876,0.39444444444444443
Neural Plate 1,nfxl1,6.952636,1.4385209,3.5852357887333745e-12,2.0696674641785973e-10,0.4035947712418301,0.2111111111111111
Neural Plate 1,stard10,6.9466324,2.6862838,3.741084581505225e-12,2.1539368510033119e-10,0.27124183006535946,0.05277777777777778
Neural Plate 1,irf6,6.9356265,1.3485433,4.044243268235773e-12,2.3162580670911498e-10,0.41013071895424835,0.1986111111111111
Neural Plate 1,grhl1,6.9121857,1.2612993,4.77242871291267e-12,2.711957472512171e-10,0.5441176470588235,0.3972222222222222
Neural Plate 1,anxa11,6.910042,2.0338256,4.8451160012078586e-12,2.746111071749524e-10,0.3464052287581699,0.1486111111111111
Neural Plate 1,slc43a1,6.909327,2.3660724,4.869585405488539e-12,2.7528296148488444e-10,0.3202614379084967,0.11666666666666667
Neural Plate 1,rab15,6.9021087,2.3679287,5.123616842097169e-12,2.8815062657577914e-10,0.28594771241830064,0.06805555555555555
Neural Plate 1,pdia4,6.8923893,1.5502001,5.48629710949112e-12,3.0696535699027107e-10,0.3872549019607843,0.19166666666666668
Neural Plate 1,gad1.2,6.883742,2.1352787,5.830047986303484e-12,3.253643915834484e-10,0.32189542483660133,0.11527777777777778
Neural Plate 1,tpm4,6.877596,2.1355376,6.087111831287899e-12,3.388440491595236e-10,0.31209150326797386,0.10277777777777777
Neural Plate 1,capn13,6.872021,1.5821711,6.329848783019661e-12,3.505675895793706e-10,0.4297385620915033,0.25555555555555554
Neural Plate 1,cers2,6.8562984,2.0016766,7.066756060991121e-12,3.8940324244163443e-10,0.32516339869281047,0.11944444444444445
Neural Plate 1,sgsm3,6.854369,2.0950315,7.162794510268906e-12,3.9370110581505746e-10,0.3366013071895425,0.1361111111111111
Neural Plate 1,pdxdc1,6.847651,1.8097494,7.507233533896374e-12,4.115963390531477e-10,0.38562091503267976,0.2
Neural Plate 1,gfod1,6.830928,2.249254,8.436707873350299e-12,4.6024350626094214e-10,0.315359477124183,0.1111111111111111
Neural Plate 1,ccdc186,6.8004117,1.1452036,1.043205834758636e-11,5.593069906699802e-10,0.46568627450980393,0.2708333333333333
Neural Plate 1,rasef,6.799483,2.102266,1.0499550809440113e-11,5.615458289529233e-10,0.30392156862745096,0.09305555555555556
Neural Plate 1,tm9sf2,6.7979817,1.281869,1.06094817503271e-11,5.660379004251533e-10,0.5032679738562091,0.34305555555555556
Neural Plate 1,scel,6.797267,1.9737076,1.0662225343137626e-11,5.674644371039174e-10,0.3431372549019608,0.14583333333333334
Neural Plate 1,LOC116408821,6.777685,1.4770038,1.2211646886477863e-11,6.436481804585349e-10,0.43137254901960786,0.24722222222222223
Neural Plate 1,atp1b2,6.766894,2.3687391,1.3157654131786421e-11,6.901758913694987e-10,0.28921568627450983,0.08055555555555556
Neural Plate 1,slc8a1,6.757103,1.4364785,1.4077820336609841e-11,7.349093721654625e-10,0.4722222222222222,0.30833333333333335
Neural Plate 1,dnah5,6.728016,1.7441621,1.719920467179488e-11,8.935805836743715e-10,0.42810457516339867,0.25277777777777777
Neural Plate 1,ap3b1,6.7190113,1.466352,1.829618843690238e-11,9.460690234162247e-10,0.4526143790849673,0.28888888888888886
Neural Plate 1,stx3,6.692211,2.4545426,2.1982333787895735e-11,1.1286506013780538e-09,0.27450980392156865,0.06666666666666667
Neural Plate 1,rspo2,6.654691,1.5692793,2.8389554936496007e-11,1.4406708796959984e-09,0.43790849673202614,0.27361111111111114
Neural Plate 1,hes4,6.646258,1.2587076,3.0063790756626095e-11,1.5220927566133132e-09,0.38562091503267976,0.17083333333333334
Neural Plate 1,hip1r,6.5973034,1.0511205,4.187033096753066e-11,2.105190073830614e-09,0.5049019607843137,0.32083333333333336
Neural Plate 1,slc2a11.3,6.59616,2.5505366,4.219436947329758e-11,2.1166053707513253e-09,0.272875816993464,0.06944444444444445
Neural Plate 1,elovl3,6.5915146,2.1586876,4.353619483062336e-11,2.1739206118970993e-09,0.3235294117647059,0.1361111111111111
Neural Plate 1,LOC100493594,6.522192,1.7562147,6.928726798925512e-11,3.4129062636422936e-09,0.32679738562091504,0.12777777777777777
Neural Plate 1,LOC100487159,6.506112,1.5506736,7.712076876892231e-11,3.773211424454381e-09,0.39705882352941174,0.2152777777777778
Neural Plate 1,upk2,6.49968,2.094699,8.049107480830823e-11,3.9292969650829845e-09,0.315359477124183,0.12361111111111112
Neural Plate 1,lgalsl,6.493748,1.7598035,8.372664337320969e-11,4.069040278500688e-09,0.3431372549019608,0.15138888888888888
Neural Plate 1,tram1,6.4928193,1.0319488,8.424480655312044e-11,4.085124275101425e-09,0.49019607843137253,0.30694444444444446
Neural Plate 1,slc35d1,6.4839573,1.0673404,8.93475371970178e-11,4.322954787530212e-09,0.47058823529411764,0.2902777777777778
Neural Plate 1,f11r,6.4591584,1.1401857,1.052869113306052e-10,5.060497119262414e-09,0.42810457516339867,0.22916666666666666
Neural Plate 1,znf185,6.429071,1.40964,1.2838627251382694e-10,6.130233812963278e-09,0.4673202614379085,0.32222222222222224
Neural Plate 1,chpf,6.4201374,1.0387655,1.3615128950403326e-10,6.47267383064817e-09,0.5147058823529411,0.36527777777777776
Neural Plate 1,slc41a2,6.414706,1.5021129,1.410948311748936e-10,6.678590696458466e-09,0.3627450980392157,0.1736111111111111
Neural Plate 1,slc39a5,6.411347,1.6536875,1.4423935333332964e-10,6.8126556906636064e-09,0.3284313725490196,0.12638888888888888
Neural Plate 1,osbpl2,6.369039,1.5701431,1.9021642715564399e-10,8.888035668015647e-09,0.4035947712418301,0.23472222222222222
Neural Plate 1,golph3l,6.3619637,1.9760361,1.9919059039958924e-10,9.287474087840678e-09,0.3055555555555556,0.11527777777777778
Neural Plate 1,LOC100496311,6.357247,3.5812836,2.0540177942899916e-10,9.556657204520662e-09,0.22549019607843138,0.025
Neural Plate 1,lrba,6.35303,1.3822278,2.111140919023802e-10,9.801533190216678e-09,0.42810457516339867,0.25833333333333336
Neural Plate 1,LOC100486856,6.3314476,2.5636446,2.4287200430890455e-10,1.122819916530637e-08,0.2581699346405229,0.06111111111111111
Neural Plate 1,arfip2,6.3067913,1.1656421,2.8487941200481957e-10,1.3059566490246151e-08,0.4493464052287582,0.28055555555555556
Neural Plate 1,uba5,6.2964287,1.8189752,3.0458126896708873e-10,1.3875298267496541e-08,0.3006535947712418,0.10416666666666667
Neural Plate 1,spint1,6.287424,1.5465559,3.2277713567983095e-10,1.4673583078478315e-08,0.3382352941176471,0.14444444444444443
Neural Plate 1,snx33,6.2748456,1.4907869,3.499810411094803e-10,1.584426617852691e-08,0.3333333333333333,0.13472222222222222
Neural Plate 1,ugt3a2,6.264269,1.8651339,3.7457909607796535e-10,1.6922754566288367e-08,0.3431372549019608,0.16527777777777777
Neural Plate 1,cpne1,6.252191,1.841418,4.047344134763749e-10,1.8172242050345633e-08,0.30392156862745096,0.1125
Neural Plate 1,evpl,6.2504754,1.3885776,4.0920457887394045e-10,1.833522200330237e-08,0.45751633986928103,0.30972222222222223
Neural Plate 1,wasl,6.2444725,1.1200618,4.252329206966961e-10,1.8975475587980787e-08,0.42483660130718953,0.22916666666666666
Neural Plate 1,alpl,6.2049513,1.7085601,5.471382295567135e-10,2.397410302641977e-08,0.3284313725490196,0.14583333333333334
Neural Plate 1,grhl3,6.2042365,1.3589138,5.496301231111621e-10,2.4035027888594523e-08,0.5620915032679739,0.4625
Neural Plate 1,krt7,6.202593,1.204921,5.554035810251673e-10,2.4234536903711276e-08,0.5931372549019608,0.4708333333333333
Neural Plate 1,tbc1d30,6.195375,1.8088177,5.814648855433458e-10,2.527518977577958e-08,0.3104575163398693,0.125
Neural Plate 1,col27a1,6.1850123,1.1727707,6.209768489063949e-10,2.6939037415480006e-08,0.42810457516339867,0.24583333333333332
Neural Plate 1,syt8,6.1720767,2.0904667,6.739879376758888e-10,2.9122952055496176e-08,0.26633986928104575,0.07083333333333333
Neural Plate 1,ag1,6.1640725,1.6024529,7.08974932618042e-10,3.0574193685095446e-08,0.35130718954248363,0.17222222222222222
Neural Plate 1,tbc1d14,6.1537814,1.083116,7.565703745220987e-10,3.249827193395023e-08,0.4362745098039216,0.2625
Neural Plate 1,hacl1,6.1515656,2.4152708,7.672170719702725e-10,3.28908521168238e-08,0.24836601307189543,0.05277777777777778
Neural Plate 1,ift46,6.1336274,1.284923,8.589745380069061e-10,3.668039803101506e-08,0.3741830065359477,0.19027777777777777
Neural Plate 1,LOC100497338,6.113903,2.0583856,9.722353026787623e-10,4.135506148100053e-08,0.29411764705882354,0.11388888888888889
Neural Plate 1,adgrf1,6.105756,2.1319995,1.0231546489778907e-09,4.335195649581855e-08,0.2761437908496732,0.0875
Neural Plate 1,anxa4,6.1003957,1.8379738,1.0580626500111713e-09,4.465761138470748e-08,0.31699346405228757,0.1361111111111111
Neural Plate 1,anxa2,6.0938206,1.7143351,1.102471571827267e-09,4.635266313842542e-08,0.31209150326797386,0.125
Neural Plate 1,pdia6,6.084959,1.0526487,1.1652126521013905e-09,4.8709013949242226e-08,0.44281045751633985,0.2611111111111111
Neural Plate 1,prkcd,6.0838156,1.3981464,1.1735576153954137e-09,4.896405492455702e-08,0.35130718954248363,0.16666666666666666
Neural Plate 1,iffo2,6.0524416,1.2939256,1.4266684397002644e-09,5.9185041868249945e-08,0.35130718954248363,0.15833333333333333
Neural Plate 1,elf1,6.015636,1.9318857,1.79181652405157e-09,7.377212900250814e-08,0.27941176470588236,0.09166666666666666
Neural Plate 1,sorl1,6.01435,1.0442698,1.8061021623374551e-09,7.422025477281659e-08,0.44281045751633985,0.26666666666666666
Neural Plate 1,LOC100486640,6.01242,1.9323195,1.8277389212864128e-09,7.482756285439177e-08,0.28431372549019607,0.09583333333333334
Neural Plate 1,nedd4l,5.989765,1.6649164,2.10144213286752e-09,8.558903470303337e-08,0.2973856209150327,0.10972222222222222
Neural Plate 1,krt12.3,5.9896936,1.1756474,2.1023657302976897e-09,8.558903470303337e-08,0.5473856209150327,0.4263888888888889
Neural Plate 1,enc1,5.9780445,1.74151,2.258318351410866e-09,9.159621700025373e-08,0.28921568627450983,0.1
Neural Plate 1,tspan15,5.9666815,1.7833774,2.421274474935915e-09,9.802343287119963e-08,0.29411764705882354,0.1111111111111111
Neural Plate 1,mpzl2,5.961679,1.3919235,2.496595516679503e-09,1.0014376979680778e-07,0.3660130718954248,0.18888888888888888
Neural Plate 1,kitlg,5.949315,1.5736449,2.6926690655853732e-09,1.0741632848288561e-07,0.4166666666666667,0.2777777777777778
Neural Plate 1,tmem45b,5.9258738,2.0438397,3.106407475768161e-09,1.2302162890877866e-07,0.28431372549019607,0.10694444444444444
Neural Plate 1,prkcb,5.923516,1.2355006,3.1513085553074736e-09,1.2457373910392098e-07,0.4542483660130719,0.3111111111111111
Neural Plate 1,muc4,5.9228725,1.0630989,3.1636635720548926e-09,1.2461065488413322e-07,0.7156862745098039,0.6263888888888889
Neural Plate 1,acacb,5.9046483,1.2235271,3.5339967915652904e-09,1.384476552760255e-07,0.37745098039215685,0.2
Neural Plate 1,fa2h,5.859553,1.9340618,4.641150127405915e-09,1.7893027726170398e-07,0.3104575163398693,0.14166666666666666
Neural Plate 1,cert1,5.8479753,1.112831,4.975924078089246e-09,1.914984820246657e-07,0.4297385620915033,0.27361111111111114
Neural Plate 1,msln,5.843473,1.1938285,5.112361778505935e-09,1.96402898536581e-07,0.6584967320261438,0.5666666666666667
Neural Plate 1,cldn7,5.809026,1.270684,6.283734505879074e-09,2.40556790618925e-07,0.3431372549019608,0.15555555555555556
Neural Plate 1,LOC101732788,5.7838697,1.6603986,7.300149862529269e-09,2.7655654539974163e-07,0.3741830065359477,0.21666666666666667
Neural Plate 1,gadd45a,5.7705054,1.3941935,7.903412102461988e-09,2.988809355966179e-07,0.3333333333333333,0.15416666666666667
Neural Plate 1,rnd1,5.724195,1.0315571,1.0392531743463924e-08,3.8964851404489053e-07,0.42320261437908496,0.25277777777777777
Neural Plate 1,gabbr1,5.720979,1.0744628,1.0591197855768097e-08,3.9573720618273227e-07,0.4166666666666667,0.24444444444444444
Neural Plate 1,pfkp,5.715119,1.6951283,1.0962744193718104e-08,4.0891972829251754e-07,0.3431372549019608,0.1875
Neural Plate 1,ntan1,5.6933928,2.362547,1.245393635693452e-08,4.629597022907465e-07,0.2369281045751634,0.059722222222222225
Neural Plate 1,capn9,5.6714525,2.012104,1.4159177178376714e-08,5.201471468171015e-07,0.30718954248366015,0.1486111111111111
Neural Plate 1,LOC733521,5.6637344,2.6079729,1.4811377303422397e-08,5.431917044335801e-07,0.24019607843137256,0.06666666666666667
Neural Plate 1,entpd4,5.6400785,1.1087749,1.6997242172962392e-08,6.181613690936873e-07,0.3839869281045752,0.2125
Neural Plate 1,sgk1,5.635433,2.2431421,1.746186162759658e-08,6.340021340695258e-07,0.24019607843137256,0.06388888888888888
Neural Plate 1,xbp1,5.6292157,1.0658797,1.8103078599316036e-08,6.561914918865036e-07,0.4150326797385621,0.2513888888888889
Neural Plate 1,lman1,5.5931253,1.033716,2.230184386489737e-08,8.03050387749052e-07,0.4019607843137255,0.23333333333333334
Neural Plate 1,trim29,5.584835,1.2700633,2.3392220227844232e-08,8.367895698226049e-07,0.5310457516339869,0.425
Neural Plate 1,kif5a,5.5819764,2.5966923,2.3780074947045706e-08,8.492717109975195e-07,0.24183006535947713,0.07361111111111111
Neural Plate 1,abcg2,5.5749726,2.0571437,2.4756883695511485e-08,8.812723639800263e-07,0.2826797385620915,0.11666666666666667
Neural Plate 1,vps53,5.5708275,1.3178725,2.5353221615435028e-08,8.995652827161101e-07,0.33169934640522875,0.16111111111111112
Neural Plate 1,slc33a1,5.536381,1.5064714,3.0878619446433184e-08,1.0867779918397072e-06,0.29901960784313725,0.12916666666666668
Neural Plate 1,ssr4,5.529091,1.098512,3.218943689252869e-08,1.1256501641536356e-06,0.3709150326797386,0.1986111111111111
Neural Plate 1,atp13a2,5.5075083,1.9221549,3.639487723053336e-08,1.2686463515135278e-06,0.2581699346405229,0.0875
Neural Plate 1,crybg1,5.502934,1.444287,3.7352189231188326e-08,1.2978696197671346e-06,0.4084967320261438,0.2833333333333333
Neural Plate 1,slc18a2,5.4881406,2.118037,4.061867499159593e-08,1.400221338059423e-06,0.2565359477124183,0.09027777777777778
Neural Plate 1,LOC100492585,5.480422,1.7905021,4.243121194454023e-08,1.4580968123493108e-06,0.3006535947712418,0.14027777777777778
Neural Plate 1,grk6,5.472275,1.3257517,4.4429472275824955e-08,1.5195854459730038e-06,0.3758169934640523,0.22777777777777777
Neural Plate 1,marveld3,5.4698453,1.9287467,4.504290410216539e-08,1.5363712614379752e-06,0.2565359477124183,0.08611111111111111
Neural Plate 1,sh3bp4,5.4688444,1.3339446,4.529787324299578e-08,1.5420357130037611e-06,0.3055555555555556,0.13055555555555556
Neural Plate 1,fam83f,5.4211764,2.2630372,5.920813012768901e-08,1.987662473102003e-06,0.238562091503268,0.07222222222222222
Neural Plate 1,slc9a1,5.4144583,1.2726825,6.147448054154692e-08,2.060575483712896e-06,0.3137254901960784,0.14166666666666666
Neural Plate 1,slc25a1,5.411028,1.3389703,6.26639595920189e-08,2.0972243286157127e-06,0.3349673202614379,0.17222222222222222
Neural Plate 1,hspa5,5.4068117,1.1683875,6.415660063943208e-08,2.1438915506172244e-06,0.35784313725490197,0.19166666666666668
Neural Plate 1,pgap6,5.4016657,1.6018482,6.60248362981608e-08,2.1995846608582696e-06,0.28104575163398693,0.11527777777777778
Neural Plate 1,sh3gl2,5.393876,1.1187845,6.895379959375465e-08,2.2866882385035263e-06,0.39869281045751637,0.24444444444444444
Neural Plate 1,ugcg,5.3910174,1.9579172,7.00599031536399e-08,2.3163290101751157e-06,0.2549019607843137,0.08888888888888889
Neural Plate 1,eif2ak3,5.378725,1.0084596,7.501514940320421e-08,2.46893751904573e-06,0.3839869281045752,0.2125
Neural Plate 1,sec24d,5.361287,1.3843346,8.263101017863989e-08,2.695203696723619e-06,0.3333333333333333,0.17916666666666667
Neural Plate 1,scfd1,5.350496,1.0466353,8.771360817178946e-08,2.8567143939054e-06,0.35947712418300654,0.18888888888888888
Neural Plate 1,atp2a3,5.345207,1.0994654,9.031366859578767e-08,2.932640717899826e-06,0.47058823529411764,0.3375
Neural Plate 1,nectin4,5.3378463,2.0678196,9.405721227241536e-08,3.0496618558638567e-06,0.22549019607843138,0.05416666666666667
Neural Plate 1,b4galt1l,5.3268404,2.432311,9.993596226472897e-08,3.225891468311614e-06,0.2238562091503268,0.058333333333333334
Neural Plate 1,b3gnt3.2,5.323982,1.2256935,1.0152016784104631e-07,3.2721884526727794e-06,0.38235294117647056,0.24027777777777778
Neural Plate 1,arhgef16,5.2861757,1.3697585,1.24899902186511e-07,3.990396435742103e-06,0.3382352941176471,0.18888888888888888
Neural Plate 1,rab11fip1,5.2786717,1.8022623,1.301236669541637e-07,4.151211310828664e-06,0.2581699346405229,0.09444444444444444
Neural Plate 1,wdr1,5.273026,1.6426139,1.3419263068842536e-07,4.268538475586195e-06,0.27124183006535946,0.10972222222222222
Neural Plate 1,ssr3,5.2556596,1.0653746,1.474949765615962e-07,4.671245114006662e-06,0.3660130718954248,0.20555555555555555
Neural Plate 1,srpra,5.252086,1.17763,1.5038609266261563e-07,4.755905692740487e-06,0.3366013071895425,0.17777777777777778
Neural Plate 1,LOC100216141,5.249442,1.6776317,1.5256072481805763e-07,4.817695479384711e-06,0.29411764705882354,0.14166666666666666
Neural Plate 1,sytl2,5.23572,1.0499321,1.6434269234627363e-07,5.174779061598899e-06,0.6715686274509803,0.6041666666666666
Neural Plate 1,LOC100492852,5.2319326,1.2312295,1.6774697239078416e-07,5.27436121691542e-06,0.5310457516339869,0.43333333333333335
Neural Plate 1,pick1,5.227716,1.5612111,1.7161684355714172e-07,5.388275026273941e-06,0.27124183006535946,0.10555555555555556
Neural Plate 1,capn1,5.209063,1.3367298,1.8979645711746365e-07,5.941963401377582e-06,0.36764705882352944,0.23333333333333334
Neural Plate 1,kiaa1324,5.191125,1.6134042,2.0902715322251106e-07,6.515973586383449e-06,0.3300653594771242,0.19027777777777777
Neural Plate 1,copb1,5.1887665,1.1074282,2.1169144889978597e-07,6.585278515789089e-06,0.35130718954248363,0.19027777777777777
Neural Plate 1,gpa33,5.162824,1.4814541,2.432514883268899e-07,7.518400462862696e-06,0.28104575163398693,0.11944444444444445
Neural Plate 1,sptlc2,5.155463,1.6087588,2.5300473313804055e-07,7.797763109894326e-06,0.2826797385620915,0.12638888888888888
Neural Plate 1,tnk2l,5.1477447,2.3948734,2.636368358083869e-07,8.102562527006775e-06,0.2107843137254902,0.04861111111111111
Neural Plate 1,LOC100496344,5.119301,4.3581667,3.066700778301355e-07,9.333121015803886e-06,0.17320261437908496,0.011111111111111112
Neural Plate 1,gclm,5.09879,1.0568069,3.418313057384572e-07,1.0316875411506049e-05,0.3464052287581699,0.18333333333333332
Neural Plate 1,LOC100493464,5.0967174,2.0970778,3.455932967668027e-07,1.0416010122580666e-05,0.24673202614379086,0.09444444444444444
Neural Plate 1,casd1,5.075063,1.3131244,3.8736726185322505e-07,1.1642893968180748e-05,0.4035947712418301,0.2833333333333333
Neural Plate 1,arhgap27,5.0531945,1.4731567,4.344813094990626e-07,1.2951935320463177e-05,0.2908496732026144,0.1388888888888889
Neural Plate 1,frk,5.04812,2.522504,4.461783018324649e-07,1.3246335679300974e-05,0.20751633986928106,0.05
Neural Plate 1,itpka,5.028324,1.6555872,4.947854121792063e-07,1.459015199886819e-05,0.26143790849673204,0.10833333333333334
Neural Plate 1,hexdl,5.027252,1.9580615,4.975583868078391e-07,1.4652120861719106e-05,0.2696078431372549,0.125
Neural Plate 1,axl,5.018962,1.391708,5.195146687343028e-07,1.525750953761941e-05,0.27450980392156865,0.11527777777777778
Neural Plate 1,flnb,5.0175323,1.1586066,5.23393474054781e-07,1.535076478138357e-05,0.477124183006536,0.3638888888888889
Neural Plate 1,dmxl1,5.0083847,1.3112787,5.48887201768376e-07,1.60768693017285e-05,0.3741830065359477,0.24583333333333332
Neural Plate 1,mob2.2,5.0033107,1.115505,5.635402044881755e-07,1.6439854013551442e-05,0.3431372549019608,0.19305555555555556
Neural Plate 1,nr1i3,5.0020957,2.3011458,5.671042294979941e-07,1.6521737505842095e-05,0.21241830065359477,0.05694444444444444
Neural Plate 1,fam3d,4.9984508,2.2187111,5.77927165383059e-07,1.681459823443164e-05,0.2173202614379085,0.06111111111111111
Neural Plate 1,rpn2,4.979012,1.012052,6.390969086815402e-07,1.8495667963315503e-05,0.35947712418300654,0.20833333333333334
Neural Plate 1,cmtm4,4.9754386,1.4637033,6.510005580354098e-07,1.8815209505815466e-05,0.28594771241830064,0.13472222222222222
Neural Plate 1,fucolectin,4.954499,1.4831458,7.251692745607232e-07,2.0875882242994117e-05,0.3790849673202614,0.25416666666666665
Neural Plate 1,eps8l1,4.9192657,1.7928841,8.68694273027802e-07,2.477879442057473e-05,0.29411764705882354,0.1597222222222222
Neural Plate 1,ankdd1b,4.9169073,1.7483702,8.792210281754413e-07,2.4981096426844144e-05,0.2908496732026144,0.15138888888888888
Neural Plate 1,fcgbp,4.8968253,1.5085807,9.73973593120247e-07,2.7504275992765818e-05,0.3415032679738562,0.20416666666666666
Neural Plate 1,acp3,4.8911796,1.5362017,1.0023354174598192e-06,2.825834773177095e-05,0.29411764705882354,0.15555555555555556
Neural Plate 1,cyb561,4.873313,1.064,1.0974228135638562e-06,3.074051760561862e-05,0.3480392156862745,0.20555555555555555
Neural Plate 1,hpdl,4.852373,1.6269732,1.2199289456316816e-06,3.382473891058313e-05,0.25,0.10138888888888889
Neural Plate 1,LOC101730864,4.8363643,1.8473241,1.3223535425814306e-06,3.649234870542011e-05,0.25980392156862747,0.11666666666666667
Neural Plate 1,vwf,4.836293,2.086065,1.3228288266343114e-06,3.649234870542011e-05,0.2238562091503268,0.075
Neural Plate 1,ttc39a,4.8325768,2.2406802,1.3477712850772358e-06,3.7039946110416074e-05,0.2173202614379085,0.06944444444444445
Neural Plate 1,LOC100492758,4.810208,2.482732,1.507735595810364e-06,4.128017369658464e-05,0.19444444444444445,0.043055555555555555
Neural Plate 1,fam83e,4.8047047,2.117229,1.54980038130816e-06,4.23256497127977e-05,0.22712418300653595,0.08333333333333333
Neural Plate 1,erbb2,4.79327,1.2309803,1.6408449346379284e-06,4.470022137170317e-05,0.31209150326797386,0.16666666666666666
Neural Plate 1,scamp2,4.7808347,2.510714,1.7456871001824861e-06,4.74379056202765e-05,0.19444444444444445,0.044444444444444446
Neural Plate 1,lpcat4,4.777333,1.4682173,1.776354648438253e-06,4.82112372929989e-05,0.3431372549019608,0.21666666666666667
Neural Plate 1,LOC100486361,4.765255,1.9273156,1.8861482958914048e-06,5.112750554614453e-05,0.23202614379084968,0.08611111111111111
Neural Plate 1,stard9,4.744458,1.9438221,2.0906500555983453e-06,5.611325321428228e-05,0.22712418300653595,0.08055555555555556
Neural Plate 1,pld3,4.7363825,1.313363,2.1756668052479235e-06,5.8251810254374156e-05,0.26143790849673204,0.10972222222222222
Neural Plate 1,gch1,4.72945,2.2263649,2.251285226591013e-06,6.002428536827296e-05,0.22058823529411764,0.0763888888888889
Neural Plate 1,cd164,4.72652,1.7575407,2.2840008453398153e-06,6.070545973953729e-05,0.22549019607843138,0.075
Neural Plate 1,LOC100497175,4.66706,1.8813784,3.055402468794481e-06,8.032763526694502e-05,0.21895424836601307,0.07361111111111111
Neural Plate 1,slc35e1,4.652552,1.4047456,3.2785173099320992e-06,8.567727691021358e-05,0.2581699346405229,0.1111111111111111
Neural Plate 1,alg5,4.64905,1.0970702,3.3346686148050628e-06,8.693644425765983e-05,0.29411764705882354,0.14444444444444443
Neural Plate 1,copg1,4.6474066,1.1943796,3.361342310241407e-06,8.752726796154861e-05,0.2973856209150327,0.15694444444444444
Neural Plate 1,slc6a9,4.644405,1.3106725,3.410579650779517e-06,8.85979268567379e-05,0.28921568627450983,0.14722222222222223
Neural Plate 1,prss27,4.6310406,2.6840112,3.63832311490023e-06,9.384379277805901e-05,0.17973856209150327,0.03333333333333333
Neural Plate 1,cd9,4.6148176,1.8335736,3.934403564548649e-06,0.00010115685107897699,0.21241830065359477,0.06666666666666667
Neural Plate 1,capns2,4.614746,1.6687983,3.935757598920832e-06,0.00010115685107897699,0.2565359477124183,0.11805555555555555
Neural Plate 1,LOC394967,4.6113873,1.3980355,3.999903455246688e-06,0.00010268458034933881,0.39705882352941174,0.2861111111111111
Neural Plate 1,slco2b1,4.6096005,1.7857845,4.034430608650214e-06,0.00010344924830946688,0.22549019607843138,0.08194444444444444
Neural Plate 1,rab25,4.6083145,1.941836,4.059466831809047e-06,0.00010384715795651256,0.21895424836601307,0.07777777777777778
Neural Plate 1,tmed5,4.6035976,1.5461355,4.152546313906742e-06,0.00010597978142194038,0.23039215686274508,0.08333333333333333
Neural Plate 1,asb9,4.5968795,2.608531,4.288651829311869e-06,0.00010907071278253414,0.17973856209150327,0.034722222222222224
Neural Plate 1,scn5a,4.5851593,1.7343214,4.536408503288575e-06,0.00011518222276605782,0.24836601307189543,0.1125
Neural Plate 1,anxa9,4.5741534,1.7621576,4.781497964482985e-06,0.0001209004253568751,0.25326797385620914,0.12083333333333333
Neural Plate 1,LOC100489670,4.5639334,1.6041827,5.02039859124868e-06,0.00012650129060004324,0.2696078431372549,0.1375
Neural Plate 1,ap1s3,4.552856,2.3233685,5.2922456748210775e-06,0.00013289078581158888,0.19607843137254902,0.05416666666666667
Neural Plate 1,ehd4,4.538849,2.0435271,5.656220046987373e-06,0.00014137958493162824,0.2107843137254902,0.06944444444444445
Neural Plate 1,pc.2,4.53599,1.1477557,5.733388758811355e-06,0.00014298088697831153,0.5049019607843137,0.4166666666666667
Neural Plate 1,rab40b,4.5337033,2.7386212,5.795848280554776e-06,0.0001443735220661938,0.17647058823529413,0.034722222222222224
Neural Plate 1,cfap61,4.5300584,1.6551383,5.8967412584298414e-06,0.00014671925997742025,0.23366013071895425,0.09305555555555556
Neural Plate 1,spag1,4.5249844,1.1083416,6.040002776912829e-06,0.00015011264304671396,0.33169934640522875,0.20416666666666666
Neural Plate 1,elovl7,4.506617,1.9111944,6.586930083166207e-06,0.0001631480151472983,0.23039215686274508,0.09583333333333334
Neural Plate 1,rint1,4.5042586,1.4606913,6.6604989063891295e-06,0.000164410346873662,0.24183006535947713,0.1
Neural Plate 1,upk3a,4.5028296,1.6386245,6.705467940688035e-06,0.0001652023085696049,0.23202614379084968,0.09166666666666666
Neural Plate 1,LOC101730242,4.5013285,1.7813553,6.75299795432915e-06,0.00016612984031726761,0.20751633986928106,0.06527777777777778
Neural Plate 1,angpt4,4.494039,3.7776275,6.9884789945809425e-06,0.00017172927943778237,0.15522875816993464,0.0125
Neural Plate 1,ufl1,4.490394,1.3111712,7.1091449536489206e-06,0.00017449792129760753,0.26143790849673204,0.12083333333333333
Neural Plate 1,LOC100487973,4.4766726,1.9172407,7.581534595073854e-06,0.00018505219955157335,0.20915032679738563,0.06805555555555555
Neural Plate 1,gclc,4.4695973,1.2649873,7.836693357524833e-06,0.00019085322070820242,0.4738562091503268,0.3888888888888889
Neural Plate 1,nipal3,4.467882,1.8132439,7.89977521918974e-06,0.00019217502236113635,0.23366013071895425,0.1
Neural Plate 1,aldh1l1,4.461951,1.5650009,8.121696839562087e-06,0.0001971340898065454,0.2549019607843137,0.11944444444444445
Neural Plate 1,vill,4.4590917,1.9973526,8.2307631797901e-06,0.00019911694384279355,0.20098039215686275,0.06111111111111111
Neural Plate 1,parm1,4.4578056,1.7448756,8.280298498625008e-06,0.00020009345906810223,0.22549019607843138,0.08888888888888889
Neural Plate 1,fam49a,4.4510875,1.1215725,8.543647032967604e-06,0.00020509452354937962,0.28921568627450983,0.15
Neural Plate 1,syt16,4.4427977,2.174077,8.879673571332158e-06,0.0002124598212719726,0.20588235294117646,0.06944444444444445
Neural Plate 1,slc17a9,4.4159975,2.3384838,1.0054525441472995e-05,0.00023899760311370613,0.1781045751633987,0.0375
Neural Plate 1,golm1,4.4118524,1.6101816,1.024899676963009e-05,0.00024309060707619368,0.238562091503268,0.10555555555555556
Neural Plate 1,slc37a1,4.4029193,2.487715,1.0680401052509114e-05,0.00025195354742356906,0.17320261437908496,0.03333333333333333
Neural Plate 1,cast,4.402276,1.154965,1.071212233510031e-05,0.00025242896487497177,0.46405228758169936,0.3611111111111111
Neural Plate 1,lgals3,4.4009895,2.2760253,1.0775834984631226e-05,0.00025365641337609274,0.1977124183006536,0.0625
Neural Plate 1,klf17,4.3713307,1.4852358,1.2349152416539376e-05,0.00028851269259240437,0.25,0.11527777777777778
Neural Plate 1,clic1,4.3669715,2.1138477,1.2598125017295282e-05,0.0002937005192333337,0.1895424836601307,0.05277777777777778
Neural Plate 1,ovol2,4.36447,1.0491598,1.2743133100692238e-05,0.0002967640420386396,0.31862745098039214,0.1875
Neural Plate 1,abo.1,4.362326,3.5440295,1.2868692001010518e-05,0.00029904976374233285,0.15359477124183007,0.015277777777777777
Neural Plate 1,lypd6,4.359896,1.7938468,1.3012418945606397e-05,0.0003017470710011447,0.21241830065359477,0.0763888888888889
Neural Plate 1,cndp2,4.355394,1.988186,1.3282794093808333e-05,0.00030768986191188067,0.21405228758169934,0.08194444444444444
Neural Plate 1,fam3b,4.3181596,2.410246,1.5733564511722984e-05,0.0003606324697587261,0.17973856209150327,0.044444444444444446
Neural Plate 1,pi4k2b,4.315444,1.2981076,1.5928252496308815e-05,0.00036471185490236584,0.24673202614379086,0.1111111111111111
Neural Plate 1,tmed10l,4.305867,2.436509,1.6633272627851587e-05,0.0003804555995936577,0.17320261437908496,0.0375
Neural Plate 1,rax,4.302008,1.4233326,1.692570988701355e-05,0.00038673917847594,0.23529411764705882,0.10138888888888889
Neural Plate 1,lmbrd2,4.3011503,1.4647168,1.6991358077504616e-05,0.00038783308013517597,0.22058823529411764,0.08333333333333333
Neural Plate 1,znf84,4.296434,1.1864841,1.7356782425831523e-05,0.00039576003063121175,0.26633986928104575,0.13194444444444445
Neural Plate 1,galnt6.3,4.2933607,1.9531327,1.7598877674286326e-05,0.00040086128364363454,0.20098039215686275,0.06666666666666667
Neural Plate 1,cpt1al,4.2745647,1.5063032,1.9151089299798645e-05,0.0004348552753495382,0.24183006535947713,0.1111111111111111
Neural Plate 1,nbas,4.255841,1.1466204,2.0826499691446976e-05,0.00047240649663936015,0.28594771241830064,0.15555555555555556
Neural Plate 1,sel1l,4.235973,1.1528851,2.275642028434487e-05,0.0005129833130420345,0.2696078431372549,0.1361111111111111
Neural Plate 1,tmem63c,4.2219653,2.175977,2.421812364542281e-05,0.0005414586844946426,0.18627450980392157,0.05416666666666667
Neural Plate 1,cab39l,4.2156763,1.755843,2.4903066047397486e-05,0.0005556337466464832,0.20588235294117646,0.07361111111111111
Neural Plate 1,fam184a,4.205028,1.2377056,2.6105001100177212e-05,0.000580078644609946,0.28431372549019607,0.15833333333333333
Neural Plate 1,b4galt6,4.204599,1.8704928,2.6154538441066216e-05,0.000580588182423709,0.18790849673202614,0.05416666666666667
Neural Plate 1,dhfr,4.1890907,2.2134447,2.8007435060204416e-05,0.0006191998383472347,0.17647058823529413,0.044444444444444446
Neural Plate 1,tbcd,4.1876616,1.5642203,2.8184352232378278e-05,0.0006224805162578203,0.21405228758169934,0.08333333333333333
Neural Plate 1,pla2g7,4.183659,1.7481588,2.868539002363946e-05,0.0006322665613190269,0.2042483660130719,0.07361111111111111
Neural Plate 1,erbb3,4.1762266,1.6567649,2.9638435005689923e-05,0.000651299385960886,0.21241830065359477,0.08194444444444444
Neural Plate 1,gata3,4.1753693,1.0454936,2.9750318488486745e-05,0.0006531003015465486,0.31699346405228757,0.19027777777777777
Neural Plate 1,osbpl8,4.1688657,1.0021092,3.061192756171204e-05,0.0006699928498737396,0.29248366013071897,0.16111111111111112
Neural Plate 1,fbp1,4.1570024,2.0035453,3.22450827570009e-05,0.0007015154046266367,0.19444444444444445,0.06527777777777778
Neural Plate 1,ccdc125,4.132203,1.5597486,3.593023981701792e-05,0.0007770403994520793,0.20915032679738563,0.07777777777777778
Neural Plate 1,cog1,4.1224837,1.0719361,3.748089178667238e-05,0.0008089718493343007,0.2581699346405229,0.12361111111111112
Neural Plate 1,tbc1d8b,4.113622,1.5826209,3.894990937753192e-05,0.0008398477989398458,0.21568627450980393,0.08888888888888889
Neural Plate 1,abo.4,4.106761,1.8706083,4.012457313457708e-05,0.0008626190249946861,0.19607843137254902,0.06666666666666667
Neural Plate 1,amt,4.0959697,2.6249607,4.204049201029318e-05,0.0008993780158398113,0.16176470588235295,0.03333333333333333
Neural Plate 1,LOC116406886,4.0913243,1.4372373,4.2891672032114426e-05,0.0009166887124512918,0.21405228758169934,0.08333333333333333
Neural Plate 1,slc6a16,4.0874653,1.6090946,4.36112135681778e-05,0.0009302446639992255,0.22875816993464052,0.10555555555555556
Neural Plate 1,cracr2a,4.07503,2.045059,4.6008422889419985e-05,0.0009775557895521261,0.17973856209150327,0.05138888888888889
Neural Plate 1,camk1,4.0574493,1.5372744,4.9611612446516505e-05,0.0010510436846557637,0.23529411764705882,0.11388888888888889
Neural Plate 1,gal3st4.1,4.030292,2.116353,5.5707648014314796e-05,0.0011759828318855861,0.18137254901960784,0.05555555555555555
Neural Plate 1,LOC100496053,4.0295773,1.873895,5.587727378234091e-05,0.0011780656919849863,0.2107843137254902,0.09027777777777778
Neural Plate 1,palld,4.018357,1.043989,5.860538673509844e-05,0.0012308259325761145,0.3022875816993464,0.18333333333333332
Neural Plate 1,use1,4.014283,1.1759816,5.9626698813348186e-05,0.0012510713411596835,0.24836601307189543,0.12222222222222222
Neural Plate 1,alas1,4.004564,1.2949001,6.21320165191118e-05,0.001298642464045535,0.24509803921568626,0.11944444444444445
Neural Plate 1,mast4,4.001062,1.4671642,6.305884423777179e-05,0.0013129838169011626,0.24509803921568626,0.125
Neural Plate 1,tmprss11f,3.9884124,2.1886294,6.651697067308455e-05,0.001379721308989903,0.17320261437908496,0.04861111111111111
Neural Plate 1,LOC100489305,3.9786928,2.3610013,6.929518289160795e-05,0.0014332608396945754,0.16666666666666666,0.041666666666666664
Neural Plate 1,rab27a,3.973047,2.2113223,7.09590367991138e-05,0.0014635133667234993,0.16830065359477125,0.043055555555555555
Neural Plate 1,avl9,3.9603975,1.4709407,7.48251333568587e-05,0.0015359917544496835,0.21895424836601307,0.09583333333333334
Neural Plate 1,tpcn2,3.9546087,1.9806116,7.666004169277203e-05,0.0015677589220037284,0.17483660130718953,0.05
Neural Plate 1,prrg2,3.9543228,1.2856185,7.675174791542092e-05,0.0015681646921932584,0.22549019607843138,0.09861111111111111
Neural Plate 1,LOC101732476,3.9443889,1.5105804,8.000374156441545e-05,0.001630029546850709,0.20915032679738563,0.08611111111111111
Neural Plate 1,cyp4f22,3.9375281,1.7754768,8.232530251135793e-05,0.0016725820302341129,0.20261437908496732,0.08194444444444444
Neural Plate 1,LOC116407738,3.9355984,1.7484971,8.298962594452057e-05,0.001681445336801656,0.184640522875817,0.059722222222222225
Neural Plate 1,mast1,3.9322395,1.3046547,8.415814241509196e-05,0.0017019599866911228,0.24836601307189543,0.13055555555555556
Neural Plate 1,ly6g6c,3.9302385,2.841681,8.486165240575743e-05,0.001714598256616697,0.1503267973856209,0.02638888888888889
Neural Plate 1,tdgf1.3,3.9256647,1.6997977,8.649059966516536e-05,0.0017394574887498373,0.19281045751633988,0.06944444444444445
Neural Plate 1,slc35f2,3.8965776,1.1270581,9.756152988630192e-05,0.001945969052695607,0.24836601307189543,0.12638888888888888
Neural Plate 1,lrrc59,3.8953629,1.0100677,9.805187895934323e-05,0.0019521807032589675,0.25326797385620914,0.12638888888888888
Neural Plate 1,acy3,3.888645,1.401601,0.00010080549379523958,0.0019978405808033935,0.22058823529411764,0.1
Neural Plate 1,pip4k2c,3.8884304,1.5054556,0.00010089456578733053,0.0019978405808033935,0.21241830065359477,0.09027777777777778
Neural Plate 1,acly,3.8865724,1.3548281,0.00010166964111442384,0.0020113628637877085,0.24673202614379086,0.13194444444444445
Neural Plate 1,rhbdl2,3.875209,2.2673156,0.0001065331654880622,0.002105670474741852,0.16013071895424835,0.0375
Neural Plate 1,lasp1,3.8660614,1.4904392,0.00011060710422941067,0.002169785948248644,0.1977124183006536,0.075
Neural Plate 1,grb7,3.8356166,2.2041562,0.00012524967075907076,0.0024329742898237085,0.17320261437908496,0.05416666666666667
Neural Plate 1,slc18a1,3.8183217,1.7949009,0.00013436266550318168,0.00259004215896195,0.21568627450980393,0.10555555555555556
Neural Plate 1,cnksr1,3.806744,1.5807192,0.00014080833484136725,0.0027047347487442557,0.19281045751633988,0.07222222222222222
Neural Plate 1,pde4a,3.79388,1.1654892,0.00014831133997850158,0.0028388611839218272,0.24673202614379086,0.12777777777777777
Neural Plate 1,lgals8,3.7920933,3.8374314,0.0001493827155699553,0.0028568626086345264,0.1323529411764706,0.0125
Neural Plate 1,dnajc3,3.787591,1.1662973,0.00015211498911006408,0.0029040255270084935,0.23529411764705882,0.11666666666666667
Neural Plate 1,prr5,3.7861617,1.6291921,0.00015299216936416683,0.0029182186430904583,0.17647058823529413,0.05416666666666667
Neural Plate 1,efcab10,3.7628634,1.3000625,0.00016797888645796454,0.0031735647458002113,0.1977124183006536,0.075
Neural Plate 1,gale,3.7484987,2.1753294,0.00017789625095054572,0.0033378109131486314,0.16176470588235295,0.043055555555555555
Neural Plate 1,nphp1,3.7481413,3.3850706,0.00017814983152525415,0.0033396971423647515,0.13398692810457516,0.015277777777777777
Neural Plate 1,sidt1,3.7454257,1.9389608,0.00018008818088647685,0.0033673557798833,0.17483660130718953,0.058333333333333334
Neural Plate 1,dnase1l3,3.7375643,1.9411333,0.00018581157179346232,0.003462505813924117,0.18627450980392157,0.07083333333333333
Neural Plate 1,mtus1,3.7231996,1.3734062,0.00019671395381034448,0.003653187392421725,0.3137254901960784,0.2222222222222222
Neural Plate 1,LOC100216148,3.6868944,1.4163553,0.00022700746954028834,0.00416613119666832,0.18790849673202614,0.06805555555555555
Neural Plate 1,wwc1,3.6590939,1.4671564,0.0002531085942112554,0.004614104122208691,0.1830065359477124,0.06527777777777778
Neural Plate 1,acaca,3.6507323,1.1304462,0.0002614936831575248,0.004755044716816957,0.2369281045751634,0.125
Neural Plate 1,cant1,3.6473734,1.4812757,0.00026493481367076074,0.004809602802919859,0.1977124183006536,0.08333333333333333
Neural Plate 1,flii,3.6429424,1.0097837,0.00026953913984716126,0.004886418108449253,0.23529411764705882,0.11527777777777778
Neural Plate 1,ptbp3,3.6392977,1.3255318,0.00027338268373112675,0.004946503765917842,0.21405228758169934,0.1
Neural Plate 1,atp6v1b2,3.6144273,1.5797293,0.00030101235115255286,0.005401636936266329,0.1781045751633987,0.0625
Neural Plate 1,galnt10,3.5858405,2.0411456,0.0003359942131427202,0.0059559136677394785,0.15849673202614378,0.04583333333333333
Neural Plate 1,LOC100497729,3.5834823,3.0507135,0.00033904393911125136,0.005997004212496801,0.13071895424836602,0.016666666666666666
Neural Plate 1,morn1,3.5665445,1.1743271,0.0003617193397308667,0.0063756685882611,0.2679738562091503,0.16111111111111112
Neural Plate 1,elovl1,3.5510364,1.5533116,0.0003837175164695748,0.006752499941034348,0.16993464052287582,0.05555555555555555
Neural Plate 1,tmem87b,3.5444613,1.1863177,0.00039341618454147715,0.006912024607793537,0.21895424836601307,0.10833333333333334
Neural Plate 1,LOC100493336,3.5366,2.232761,0.0004053130060394318,0.0071038836183023625,0.15522875816993464,0.044444444444444446
Neural Plate 1,rab7a,3.519734,1.0777406,0.0004319799951205161,0.007530970848143809,0.22875816993464052,0.11805555555555555
Neural Plate 1,LOC108647843,3.5175898,1.370231,0.0004354848489022426,0.007583970381401305,0.25326797385620914,0.15416666666666667
Neural Plate 1,eipr1,3.5165894,2.0054936,0.0004371295161530044,0.007606541604445542,0.15196078431372548,0.04027777777777778
Neural Plate 1,cndp1,3.513802,1.1611884,0.00044174171496611463,0.007674558887162092,0.22549019607843138,0.11527777777777778
Neural Plate 1,sema4g,3.508728,1.604591,0.00045025510955794837,0.007785274758846269,0.17483660130718953,0.06388888888888888
Neural Plate 1,dnaja4.1,3.497579,1.4445254,0.0004695012727703044,0.008062732195434496,0.17973856209150327,0.06666666666666667
Neural Plate 1,armh4,3.4802842,1.4147179,0.0005008820203206048,0.008572350247385034,0.24836601307189543,0.15138888888888888
Neural Plate 1,sgms1,3.46985,1.3103577,0.0005207488357615791,0.00889144001968186,0.20915032679738563,0.1
Neural Plate 1,cfap43,3.4659195,1.5157678,0.0005284215292462836,0.009001316307324866,0.1781045751633987,0.06805555555555555
Neural Plate 1,hes1,3.4625607,1.5544503,0.0005350615382614177,0.009107314997193756,0.16666666666666666,0.05555555555555555
Neural Plate 1,pcsk7,3.4574149,1.5058275,0.0005453843956918384,0.009268561447345489,0.17647058823529413,0.06666666666666667
Neural Plate 1,fam174b,3.4531984,1.564509,0.0005539813965819407,0.009370874461096534,0.16830065359477125,0.05694444444444444
Neural Plate 1,naaladl2,3.4418352,2.5459845,0.0005777821364721023,0.009715805208964737,0.1388888888888889,0.030555555555555555
Neural Plate 1,b4galnt3,3.4417636,1.460704,0.0005779347949789758,0.009715805208964737,0.184640522875817,0.0763888888888889
Neural Plate 1,rasa4,3.4178224,2.597911,0.0006312428415896237,0.010522803702312589,0.1323529411764706,0.02361111111111111
Neural Plate 1,LOC101731739,3.388521,2.00211,0.0007027063324300099,0.011529139007485149,0.15849673202614378,0.05277777777777778
Neural Plate 1,hkdc1,3.3864486,1.1260478,0.0007080355852614532,0.011590430987239438,0.20751633986928106,0.09861111111111111
Neural Plate 1,grik2,3.3789446,2.1149683,0.0007276469045085308,0.011875828798265257,0.1503267973856209,0.044444444444444446
Neural Plate 1,LOC100497498,3.3760858,1.2378424,0.0007352497190783346,0.011990944783264828,0.2434640522875817,0.14583333333333334
Neural Plate 1,rell1,3.3734417,1.1477745,0.0007423479514758618,0.012097665906762345,0.21405228758169934,0.10833333333333334
Neural Plate 1,ufsp2,3.366938,1.4979786,0.0007600774152866068,0.012358904082689305,0.17647058823529413,0.07083333333333333
Neural Plate 1,dpy19l3,3.3389232,2.1729536,0.0008410381842978601,0.013564149460135701,0.14052287581699346,0.034722222222222224
Neural Plate 1,edem1,3.337494,2.0357134,0.0008453759310549967,0.01360394409406422,0.14215686274509803,0.03611111111111111
Neural Plate 1,rspo1,3.33292,4.756888,0.0008593965533542489,0.013809198962255572,0.1111111111111111,0.005555555555555556
Neural Plate 1,abhd10,3.3221285,2.0003815,0.0008933353853439235,0.014301886605715153,0.1454248366013072,0.04027777777777778
Neural Plate 1,mtmr12,3.30905,1.3585439,0.0009361308046044304,0.014888710121919295,0.21241830065359477,0.1125
Neural Plate 1,pik3r6,3.287753,1.8746195,0.0010099038662360897,0.01591127239360124,0.1437908496732026,0.03888888888888889
Neural Plate 1,gdf2,3.2796774,3.15837,0.0010392588305361001,0.016314868302969954,0.119281045751634,0.015277777777777777
Neural Plate 1,LOC100494266,3.27932,2.3332005,0.0010405757855215625,0.01632379886115458,0.1437908496732026,0.041666666666666664
Neural Plate 1,LOC100486901,3.2696004,1.1614738,0.0010769946963154551,0.01683105055715988,0.19117647058823528,0.08611111111111111
Neural Plate 1,c3orf52,3.2593093,2.8776011,0.001116838342309181,0.01737029897899404,0.12254901960784313,0.019444444444444445
Neural Plate 1,hagh,3.2581658,1.7616978,0.001121348553203614,0.017428024771692353,0.16339869281045752,0.0625
Neural Plate 1,cpm,3.2573082,1.3276249,0.001124742255972584,0.01746832794845392,0.1781045751633987,0.075
Neural Plate 1,clcn5,3.24716,1.0453812,0.0011656285447006398,0.018039135087881318,0.22712418300653595,0.125
Neural Plate 1,misp3,3.2450874,2.553548,0.0011741456619900428,0.018158066966892077,0.12908496732026145,0.02638888888888889
Neural Plate 1,scyl1,3.2290075,1.2575611,0.0012422066656729304,0.019088867360316206,0.1830065359477124,0.07916666666666666
Neural Plate 1,palm3,3.2182875,1.9798113,0.001289585179283155,0.019747395226061563,0.1388888888888889,0.03611111111111111
Neural Plate 1,fam3a,3.2130704,1.4328732,0.0013132411274976827,0.02006739120667152,0.17483660130718953,0.07361111111111111
Neural Plate 1,vsig8,3.2088537,2.137522,0.00133265223575506,0.020335527577909903,0.13398692810457516,0.03194444444444444
Neural Plate 1,slc35a5,3.202136,1.6811764,0.0013641259712652504,0.02078672682889597,0.14705882352941177,0.044444444444444446
Neural Plate 1,eps8l2,3.1705477,2.2618895,0.0015215185514753406,0.023008355032393214,0.13562091503267973,0.03611111111111111
Neural Plate 1,idh1,3.1684036,1.8226169,0.001532785245967464,0.023146648340661612,0.1437908496732026,0.043055555555555555
Neural Plate 1,tspan3,3.1639729,1.2393234,0.0015563136360507053,0.023420910242939616,0.1781045751633987,0.0763888888888889
Neural Plate 1,lrrk1,3.154539,3.0737014,0.0016075180671352534,0.024124932422942478,0.11764705882352941,0.018055555555555554
Neural Plate 1,LOC100493455,3.150966,1.802663,0.0016273153278884855,0.024371755504361457,0.15196078431372548,0.05277777777777778
Neural Plate 1,LOC101734002,3.0996528,1.5811533,0.0019374764844790442,0.028450655698396513,0.20098039215686275,0.10972222222222222
Neural Plate 1,vgll1,3.0802853,2.7337036,0.002068024110478725,0.03018485225067308,0.11601307189542484,0.018055555555555554
Neural Plate 1,MGC69416,3.07321,1.190955,0.0021176935240769354,0.03082734515602589,0.1895424836601307,0.09166666666666666
Neural Plate 1,ackr3,3.0694222,3.5234606,0.0021447315778691397,0.031145299985458633,0.10947712418300654,0.0125
Neural Plate 1,slc22a5,3.069351,1.7532928,0.002145244758633625,0.031145299985458633,0.14215686274509803,0.044444444444444446
Neural Plate 1,LOC100492897,3.0653486,2.49541,0.002174163209380166,0.031544159170136046,0.12091503267973856,0.02361111111111111
Neural Plate 1,arhgef37,3.0637765,1.9534122,0.0021856214740543934,0.031689333013515564,0.1454248366013072,0.05
Neural Plate 1,cfap47,3.0504837,1.3305496,0.0022847310358622805,0.03292940286231891,0.19281045751633988,0.09722222222222222
Neural Plate 1,stxbp5,3.0250416,1.1847944,0.002485989859241749,0.03563521134696013,0.1895424836601307,0.09444444444444444
Neural Plate 1,cldn6.1,3.019467,2.6568432,0.002532197661907625,0.036209099069781314,0.11764705882352941,0.022222222222222223
Neural Plate 1,selenom,3.0149648,1.6474873,0.0025700913865425896,0.03667885163227329,0.14215686274509803,0.04583333333333333
Neural Plate 1,vps4b,3.0109625,1.013338,0.002604209280631273,0.03704462236809323,0.20915032679738563,0.11388888888888889
Neural Plate 1,rapgef3,3.0089614,1.5730003,0.0026214230564245255,0.03726519382035151,0.1715686274509804,0.07916666666666666
Neural Plate 1,slc44a4,3.0075321,2.1360424,0.002633782226479168,0.037367855633291244,0.1323529411764706,0.0375
Neural Plate 1,pax2,2.996026,1.3936725,0.0027352305481397176,0.038706527750296225,0.17973856209150327,0.0875
Neural Plate 1,ero1a,2.981304,1.5950599,0.0028702378031228155,0.04045959890306393,0.1568627450980392,0.06388888888888888
Neural Plate 1,ccser1,2.9755867,2.1685715,0.0029242877852923167,0.04108878542360827,0.12745098039215685,0.03333333333333333
Neural Plate 1,tspan1,2.9573627,2.5405428,0.0031028301069463884,0.043318525760510006,0.119281045751634,0.02638888888888889
Neural Plate 1,st6galnac2,2.95236,1.3554317,0.0031535511423641275,0.043850638742195684,0.15522875816993464,0.06111111111111111
Neural Plate 1,LOC100216037,2.9380665,2.2196977,0.0033026608124892957,0.0456990244700881,0.12254901960784313,0.029166666666666667
Neural Plate 1,arhgef28,2.933993,1.1523508,0.0033463176984908673,0.04621518892327166,0.19281045751633988,0.10138888888888889
Neural Plate 1,ufm1,2.9261317,1.5321201,0.0034320566509301975,0.04733938570161052,0.14705882352941177,0.05416666666666667
Neural Plate 1,parp16,2.9225583,2.585605,0.0034716860074600494,0.04777619655160524,0.1111111111111111,0.018055555555555554
Neural Plate 1,degs3,2.9129102,1.6396624,0.0035807742465102754,0.04908044901576678,0.1388888888888889,0.04583333333333333
Neural Plate 1,LOC100490855,2.9129102,1.8451395,0.0035807742465102754,0.04908044901576678,0.12581699346405228,0.03194444444444444
Neural Plate 1,exoc3l2,-2.955576,-1.1575097,0.0031208587462214846,0.04354236489852878,0.10130718954248366,0.19166666666666668
Neural Plate 1,vstm2b,-2.9761584,-1.6054664,0.002918841285604186,0.04103868279199029,0.08496732026143791,0.1736111111111111
Neural Plate 1,sdc3,-2.9826617,-1.5279504,0.0028575356865646042,0.0403326560262136,0.07679738562091504,0.16805555555555557
Neural Plate 1,arhgef10l,-2.9985988,-1.1313653,0.0027122414506170946,0.038431052398646505,0.12091503267973856,0.20833333333333334
Neural Plate 1,rnf125,-3.0123205,-1.0296315,0.00259258742788111,0.036927447952867946,0.12908496732026145,0.21944444444444444
Neural Plate 1,acer2,-3.0619898,-1.4334371,0.0021987094025751387,0.03181737177360471,0.08333333333333333,0.1763888888888889
Neural Plate 1,celf2,-3.0766404,-1.1705601,0.002093476342202581,0.03051552923393622,0.12581699346405228,0.2152777777777778
Neural Plate 1,pik3r3,-3.1173766,-1.0192232,0.0018246839086634066,0.026957635457646713,0.13562091503267973,0.22916666666666666
Neural Plate 1,runx1t1,-3.1366725,-1.3598915,0.0017087689250127813,0.025382604978014908,0.10784313725490197,0.2
Neural Plate 1,LOC100216241,-3.2060666,-1.3510375,0.001345628268691889,0.020519185500437256,0.14052287581699346,0.22916666666666666
Neural Plate 1,podxl,-3.223433,-1.3931698,0.0012666391228231403,0.019436942545094052,0.08986928104575163,0.18888888888888888
Neural Plate 1,lrrc36,-3.313767,-1.2447511,0.0009204820590448788,0.014671905778245654,0.10294117647058823,0.20555555555555555
Neural Plate 1,frmd3,-3.3647227,-1.1889113,0.0007662063574266267,0.012440021521879778,0.14215686274509803,0.2361111111111111
Neural Plate 1,vxn,-3.406888,-1.7828541,0.0006570808578371213,0.010900966251535167,0.08823529411764706,0.18888888888888888
Neural Plate 1,hdgfl3,-3.4244688,-1.7617302,0.0006160025825614363,0.01028446239791362,0.058823529411764705,0.16527777777777777
Neural Plate 1,pou3f1,-3.5133018,-3.0338101,0.0004425743385232935,0.007682907431119162,0.02287581699346405,0.13333333333333333
Neural Plate 1,maco1,-3.5850544,-1.1996434,0.0003370079249787247,0.00596903403487074,0.12418300653594772,0.23194444444444445
Neural Plate 1,stx1b,-3.6561637,-2.2345047,0.00025601783486307314,0.004663243050540166,0.05718954248366013,0.16805555555555557
Neural Plate 1,ap3b2,-3.7018309,-1.4157449,0.00021404920370246823,0.0039482397920469646,0.10784313725490197,0.21666666666666667
Neural Plate 1,rnd3,-3.741495,-1.031027,0.00018292883388140212,0.0034117009266034833,0.17973856209150327,0.2847222222222222
Neural Plate 1,notum,-3.7602193,-1.0977154,0.00016976450505094004,0.0031989907294616257,0.19607843137254902,0.29583333333333334
Neural Plate 1,cnih2,-3.7715824,-1.7516534,0.00016221554007691592,0.003069995923693306,0.06535947712418301,0.18333333333333332
Neural Plate 1,atp10a,-3.7907355,-1.1359744,0.00015020182972210003,0.0028700123698475874,0.16339869281045752,0.2722222222222222
Neural Plate 1,ncan,-3.818822,-1.5355593,0.0001340905136333175,0.002587081430585872,0.10294117647058823,0.21805555555555556
Neural Plate 1,ret,-3.8206086,-2.351589,0.00013312277646181268,0.0025706832789143493,0.049019607843137254,0.16666666666666666
Neural Plate 1,prrg1,-3.8725648,-1.0726584,0.00010769600131286726,0.0021209697153863507,0.16830065359477125,0.2791666666666667
Neural Plate 1,lrrn1,-3.8730652,-1.5035223,0.00010747509084165411,0.0021204466159635937,0.10457516339869281,0.22083333333333333
Neural Plate 1,LOC100498624,-3.908441,-1.3341527,9.289357357297235e-05,0.0018562551913331774,0.11437908496732026,0.23194444444444445
Neural Plate 1,ankrd35,-3.95468,-1.2324347,7.663713133115437e-05,0.0015677589220037284,0.184640522875817,0.2916666666666667
Neural Plate 1,insm1,-3.9918427,-3.1207266,6.556184338485992e-05,0.0013624999852390747,0.02287581699346405,0.1486111111111111
Neural Plate 1,anos1,-4.011139,-1.6773889,6.0426582410598705e-05,0.0012666363638632798,0.10130718954248366,0.22083333333333333
Neural Plate 1,cdknx,-4.0270042,-1.6327094,5.6491986574746206e-05,0.0011898760994667346,0.08986928104575163,0.2111111111111111
Neural Plate 1,mapkap1,-4.234615,-1.0342743,2.2894354644655417e-05,0.000515028569794872,0.20588235294117646,0.3194444444444444
Neural Plate 1,pcdh18,-4.2401896,-1.6334665,2.2333121128631686e-05,0.0005050062550755151,0.10784313725490197,0.23333333333333334
Neural Plate 1,LOC116410852,-4.3939857,-1.263839,1.1129111658587082e-05,0.00026112725322798784,0.16666666666666666,0.2916666666666667
Neural Plate 1,nes,-4.409994,-1.097335,1.0337334916116715e-05,0.0002449196364870606,0.22058823529411764,0.3375
Neural Plate 1,wnt3a,-4.4568048,-1.7711166,8.319022841553038e-06,0.00020080685555921333,0.11437908496732026,0.24444444444444444
Neural Plate 1,marchf9,-4.5577874,-1.3877276,5.169533260495894e-06,0.00012995896921345724,0.12745098039215685,0.26666666666666666
Neural Plate 1,itpr1,-4.7074385,-1.2565429,2.5084880995616992e-06,6.650998641620394e-05,0.19607843137254902,0.3236111111111111
Neural Plate 1,LOC100485322,-4.740885,-1.54071,2.1278669346856826e-06,5.7041995555007714e-05,0.1454248366013072,0.28194444444444444
Neural Plate 1,dlgap4,-4.7541065,-1.220867,1.993261153710212e-06,5.383038568701799e-05,0.18790849673202614,0.3194444444444444
Neural Plate 1,ulk1,-4.8237147,-1.9577667,1.409088080909727e-06,3.862777765518989e-05,0.10130718954248366,0.24305555555555555
Neural Plate 1,ebf2,-4.8331485,-2.6521978,1.3439047586126903e-06,3.69802594422289e-05,0.09803921568627451,0.2361111111111111
Neural Plate 1,me2,-4.9065447,-2.4027805,9.269484364882422e-07,2.6268755626766148e-05,0.06535947712418301,0.21388888888888888
Neural Plate 1,scn1a,-4.9099035,-1.6331105,9.112113337115469e-07,2.5856362175448202e-05,0.11601307189542484,0.2638888888888889
Neural Plate 1,dennd2b,-4.9175506,-1.776793,8.763379758988413e-07,2.4964191869567384e-05,0.08660130718954248,0.2375
Neural Plate 1,galnt16,-4.9328446,-1.0506634,8.104067356274893e-07,2.32071986589599e-05,0.25,0.37916666666666665
Neural Plate 1,soga1,-4.9351315,-1.3453685,8.009680417783952e-07,2.2967048146710067e-05,0.15359477124183007,0.2972222222222222
Neural Plate 1,c9,-4.9733663,-1.1718285,6.580022780894185e-07,1.8992417606070374e-05,0.2630718954248366,0.39305555555555555
Neural Plate 1,col5a3,-4.9970217,-1.3826783,5.822255779391313e-07,1.6917102977642853e-05,0.3300653594771242,0.43333333333333335
Neural Plate 1,pou2f2,-5.0045257,-1.8801891,5.599977783652417e-07,1.635838222450862e-05,0.08496732026143791,0.2375
Neural Plate 1,sipa1,-5.079137,-2.7641492,3.791536603773246e-07,1.1411740721508413e-05,0.05228758169934641,0.20833333333333334
Neural Plate 1,apbb2,-5.1936264,-1.5491703,2.0623680286761558e-07,6.438187804541114e-06,0.17973856209150327,0.32083333333333336
Neural Plate 1,ric8a,-5.2389364,-1.1277945,1.6150478943326933e-07,5.092768800900824e-06,0.19607843137254902,0.3527777777777778
Neural Plate 1,zeb1,-5.2608767,-1.1301123,1.433702751103736e-07,4.5472133331154974e-06,0.238562091503268,0.37777777777777777
Neural Plate 1,nkain1,-5.2948947,-1.7316157,1.1908502123473744e-07,3.815791847816749e-06,0.13071895424836602,0.28055555555555556
Neural Plate 1,dnajc6,-5.3918033,-1.4678571,6.975402303080064e-08,2.3097155334675275e-06,0.17483660130718953,0.325
Neural Plate 1,abr,-5.4797077,-1.2712804,4.260295179794391e-08,1.4616965584637329e-06,0.25,0.3902777777777778
Neural Plate 1,ptgs2,-5.489141,-1.2832736,4.0389285850372176e-08,1.3945167825015367e-06,0.2826797385620915,0.41388888888888886
Neural Plate 1,hnf1b,-5.5040774,-1.0851947,3.7110596801477164e-08,1.2915316312679954e-06,0.3300653594771242,0.4736111111111111
Neural Plate 1,prph,-5.5251603,-1.9944305,3.291848791051328e-08,1.1493029195124963e-06,0.1111111111111111,0.275
Neural Plate 1,maneal,-5.535523,-1.3573871,3.1030102984283625e-08,1.0903508489855925e-06,0.15849673202614378,0.32222222222222224
Neural Plate 1,brsk2,-5.57876,-1.1725409,2.4223873450628283e-08,8.637077492911108e-07,0.2549019607843137,0.4
Neural Plate 1,st8sia4,-5.6107774,-1.6551942,2.0141971793665875e-08,7.264759777017902e-07,0.14052287581699346,0.30416666666666664
Neural Plate 1,abca1,-5.6250706,-1.5024832,1.8543197438272376e-08,6.699190584446052e-07,0.18137254901960784,0.3347222222222222
Neural Plate 1,trps1,-5.62843,-1.0346867,1.818576241363651e-08,6.580953924178479e-07,0.31209150326797386,0.46111111111111114
Neural Plate 1,septin6,-5.678528,-1.3995292,1.3585894745674142e-08,5.007733264279652e-07,0.1650326797385621,0.33055555555555555
Neural Plate 1,celsr3,-5.875204,-1.4642764,4.223226751043318e-09,1.6310624944162168e-07,0.184640522875817,0.3472222222222222
Neural Plate 1,adamtsl4,-5.906435,-1.042442,3.4959004073498476e-09,1.3720151580716012e-07,0.34477124183006536,0.4930555555555556
Neural Plate 1,dennd2c,-5.9263744,-1.3576078,3.0969634014241985e-09,1.2287061524086805e-07,0.21241830065359477,0.3736111111111111
Neural Plate 1,dcc,-5.9611073,-2.3412273,2.5053475822327815e-09,1.0031043961816793e-07,0.08986928104575163,0.26805555555555555
Neural Plate 1,reep3,-5.998127,-1.2666309,1.996066449279143e-09,8.156585391333367e-08,0.28594771241830064,0.4263888888888889
Neural Plate 1,nrcam,-6.1099005,-1.6272194,9.969316411033312e-10,4.2323045409563795e-08,0.16013071895424835,0.3388888888888889
Neural Plate 1,slc16a3,-6.2190304,-1.6393903,5.00236730264758e-10,2.2007390506264686e-08,0.15359477124183007,0.3333333333333333
Neural Plate 1,ank2,-6.252834,-1.2569134,4.0307042090676784e-10,1.8134844648673362e-08,0.26143790849673204,0.4236111111111111
Neural Plate 1,nin,-6.302789,-1.1123499,2.923362960968367e-10,1.3373313033813572e-08,0.26633986928104575,0.44305555555555554
Neural Plate 1,slco5a1,-6.3731837,-1.6260924,1.8514363330436327e-10,8.688213381364539e-09,0.1650326797385621,0.3472222222222222
Neural Plate 1,ripor1,-6.425426,-1.1910673,1.3150067422666323e-10,6.2652319045851925e-09,0.26143790849673204,0.43333333333333335
Neural Plate 1,hip1,-6.5289097,-1.2060493,6.625012773471715e-11,3.270687867192903e-09,0.2647058823529412,0.4388888888888889
Neural Plate 1,mtcl1,-6.5344844,-3.5484426,6.382912849663348e-11,3.1583115939343294e-09,0.04411764705882353,0.24444444444444444
Neural Plate 1,tcf7l2,-6.595445,-1.1517365,4.2398138205597365e-11,2.1219490224411468e-09,0.27941176470588236,0.4597222222222222
Neural Plate 1,cdh20,-6.620173,-1.6651698,3.58779326058788e-11,1.8080655136094256e-09,0.20261437908496732,0.3819444444444444
Neural Plate 1,LOC100495047,-6.635967,-1.2741739,3.2238220489967055e-11,1.6284032622953035e-09,0.24509803921568626,0.42916666666666664
Neural Plate 1,clip2,-6.6743445,-1.1582972,2.4833964026527398e-11,1.2661260023898466e-09,0.3006535947712418,0.4708333333333333
Neural Plate 1,LOC734009,-6.6789184,-1.0995038,2.4071219448574314e-11,1.2301125985651994e-09,0.3366013071895425,0.49583333333333335
Neural Plate 1,pcbp2,-6.705504,-1.4091743,2.0071243675995844e-11,1.035400965139256e-09,0.2679738562091503,0.4375
Neural Plate 1,ldlrad3,-6.7884054,-1.1213256,1.1337975152426071e-11,6.019609630196821e-10,0.29901960784313725,0.4777777777777778
Neural Plate 1,pbx3,-6.8332148,-1.1216733,8.303241247515338e-12,4.540978126867975e-10,0.43790849673202614,0.5916666666666667
Neural Plate 1,numbl,-6.940701,-1.7462091,3.901595533628281e-12,2.240439898402703e-10,0.15359477124183007,0.35555555555555557
Neural Plate 1,bcar3,-7.054047,-1.3575379,1.7378769022122987e-12,1.0277022190562214e-10,0.27941176470588236,0.45694444444444443
Neural Plate 1,wnt4,-7.1347327,-1.6073967,9.697533089171256e-13,5.861769239302105e-11,0.28104575163398693,0.4597222222222222
Neural Plate 1,pdgfa,-7.2466497,-1.5223818,4.2720711226908585e-13,2.6787604588573917e-11,0.24183006535947713,0.43194444444444446
Neural Plate 1,rassf4,-7.3162584,-1.4363083,2.549808414730126e-13,1.622139050082393e-11,0.2679738562091503,0.45555555555555555
Neural Plate 1,nfe2l3,-7.589261,-1.3468298,3.217353527922426e-14,2.1939334791498517e-12,0.28431372549019607,0.4777777777777778
Neural Plate 1,dclk1,-7.6722336,-1.8931886,1.6902660078771223e-14,1.1598520301222228e-12,0.23039215686274508,0.4236111111111111
Neural Plate 1,vim,-7.7838645,-2.4029086,7.03420019358367e-15,4.951396207231912e-13,0.10947712418300654,0.3388888888888889
Neural Plate 1,trim9,-7.7965856,-1.322005,6.3604612754640086e-15,4.491638365433661e-13,0.2761437908496732,0.4888888888888889
Neural Plate 1,lrch2,-7.8187404,-1.4373792,5.335450968906937e-15,3.792341224511996e-13,0.2173202614379085,0.4486111111111111
Neural Plate 1,ptch2,-7.8376074,-1.0151533,4.592113666548351e-15,3.3070796144472463e-13,0.6977124183006536,0.8027777777777778
Neural Plate 1,atp2b3,-7.843968,-1.7017809,4.3652788430376e-15,3.154130782580247e-13,0.18137254901960784,0.4111111111111111
Neural Plate 1,cass4,-7.9142914,-1.3809398,2.4866535369573994e-15,1.8519203696227785e-13,0.27124183006535946,0.47638888888888886
Neural Plate 1,cttnbp2nl,-7.9303713,-1.1381983,2.1849153489428973e-15,1.644035787216654e-13,0.3431372549019608,0.5472222222222223
Neural Plate 1,ankfn1l,-7.972394,-2.0681696,1.556300039853498e-15,1.187389982205042e-13,0.1437908496732026,0.37916666666666665
Neural Plate 1,cbfa2t2,-8.019419,-1.2930199,1.0624664365909147e-15,8.28905025903974e-14,0.31862745098039214,0.5208333333333334
Neural Plate 1,emb,-8.073447,-2.681766,6.83404867746187e-16,5.482565301135862e-14,0.08496732026143791,0.3263888888888889
Neural Plate 1,LOC100170590,-8.187509,-1.9230679,2.666894801552187e-16,2.1960117533837838e-14,0.16993464052287582,0.39861111111111114
Neural Plate 1,tmtc2,-8.313647,-1.1727713,9.280481907571302e-17,8.036087131155294e-15,0.5473856209150327,0.6986111111111111
Neural Plate 1,gria2,-8.357885,-2.2478688,6.385263110051778e-17,5.618259125985478e-15,0.1437908496732026,0.38472222222222224
Neural Plate 1,gdf11.1,-8.358957,-2.2545838,6.327515397728588e-17,5.589988400560142e-15,0.16993464052287582,0.4
Neural Plate 1,cep170,-8.556562,-1.3921887,1.1628292017172463e-17,1.0661384878433626e-15,0.2957516339869281,0.5138888888888888
Neural Plate 1,nedd9,-8.56914,-1.963457,1.0426024666896026e-17,9.640096790522804e-16,0.17973856209150327,0.4222222222222222
Neural Plate 1,meis2,-8.829994,-1.0736659,1.0468143565519051e-18,1.0430381769095489e-16,0.5882352941176471,0.7583333333333333
Neural Plate 1,fsd1l,-9.05833,-1.2504219,1.324630588427935e-19,1.3570311769993412e-17,0.4362745098039216,0.6277777777777778
Neural Plate 1,cdh23,-9.165244,-2.1891844,4.943497214923807e-20,5.2620513525293845e-18,0.19117647058823528,0.44027777777777777
Neural Plate 1,st3gal3,-9.189972,-1.8872824,3.929452660075261e-20,4.223871255936072e-18,0.23202614379084968,0.475
Neural Plate 1,ksr2,-9.36678,-1.1422907,7.47789594850434e-21,8.411091107851195e-19,0.4950980392156863,0.6930555555555555
Neural Plate 1,sh3pxd2a,-9.47398,-1.0918233,2.693792264018069e-21,3.1602817738246393e-19,0.5718954248366013,0.7486111111111111
Neural Plate 1,rab3a,-9.486344,-2.2692852,2.3927973245018673e-21,2.8531819900521994e-19,0.1454248366013072,0.425
Neural Plate 1,lfng,-9.559169,-1.0055975,1.1870667244199124e-21,1.463445366868187e-19,0.6486928104575164,0.7972222222222223
Neural Plate 1,pald1,-9.624417,-1.0356064,6.306321837414483e-22,7.908634989323071e-20,0.5751633986928104,0.7416666666666667
Neural Plate 1,sptbn1,-9.7785,-1.2343658,1.39259528507621e-22,1.8087989116457128e-20,0.44607843137254904,0.6597222222222222
Neural Plate 1,gpm6b,-9.797367,-1.0635616,1.1555875138436715e-22,1.5282469781565308e-20,0.6160130718954249,0.7958333333333333
Neural Plate 1,dpysl4,-9.854826,-1.70877,6.532971645188758e-23,8.745765292617417e-21,0.25163398692810457,0.5208333333333334
Neural Plate 1,nfasc,-9.908283,-1.5558566,3.831738586600345e-23,5.2257729811378836e-21,0.44607843137254904,0.6597222222222222
Neural Plate 1,hdac9,-9.931938,-1.7283285,3.023198336011517e-23,4.1752665120321086e-21,0.28594771241830064,0.5388888888888889
Neural Plate 1,bcar1,-9.948876,-1.3865134,2.5504698571066207e-23,3.567551458456639e-21,0.36437908496732024,0.6083333333333333
Neural Plate 1,fgd4,-9.976391,-1.2472365,1.9337290066084226e-23,2.7760460956054205e-21,0.4395424836601307,0.6597222222222222
Neural Plate 1,ltbp1,-10.065438,-1.7729245,7.853668208629585e-24,1.1658156053095659e-21,0.4215686274509804,0.6347222222222222
Neural Plate 1,cdc25b,-10.137548,-1.120759,3.76428605130171e-24,5.664861098307215e-22,0.5571895424836601,0.7347222222222223
Neural Plate 1,znf521,-10.312784,-1.0369253,6.16876153836843e-25,9.479475037235037e-23,0.7303921568627451,0.8472222222222222
Neural Plate 1,rnf130,-10.48409,-1.2188743,1.0222481603475207e-25,1.6282100078060765e-23,0.5424836601307189,0.7180555555555556
Neural Plate 1,elavl3,-10.530543,-1.2606149,6.247272945415545e-26,1.009790688458612e-23,0.6209150326797386,0.7805555555555556
Neural Plate 1,gria1,-10.65947,-2.317224,1.5749341916206423e-26,2.684893671512034e-24,0.19934640522875818,0.4930555555555556
Neural Plate 1,nova2,-10.82027,-1.8000395,2.7596499286356317e-27,4.81746568742065e-25,0.3137254901960784,0.5777777777777777
Neural Plate 1,enox1,-10.875013,-1.0963945,1.5163437576452009e-27,2.7573447612979943e-25,0.7271241830065359,0.85
Neural Plate 1,ninl,-10.924896,-1.0699965,8.764014322722486e-28,1.6206742079332827e-25,0.6568627450980392,0.8388888888888889
Neural Plate 1,zc3h12c,-10.983428,-2.4183838,4.591634042417628e-28,8.685396163589718e-26,0.17483660130718953,0.48333333333333334
Neural Plate 1,rnf165,-11.159807,-1.6198223,6.413021798739678e-29,1.2275311286868291e-26,0.3611111111111111,0.6180555555555556
Neural Plate 1,syn1,-11.314247,-2.2644672,1.1155586826967811e-29,2.2515373231017136e-27,0.1830065359477124,0.5
Neural Plate 1,col4a6,-11.400507,-1.6829668,4.156894222969916e-30,8.557319701832692e-28,0.5310457516339869,0.725
Neural Plate 1,fbrsl1,-11.518428,-1.023826,1.0653766661168185e-30,2.2353446376283746e-28,0.7222222222222222,0.8736111111111111
Neural Plate 1,dll1,-11.664648,-2.0399024,1.9320002302761254e-31,4.0930268956170223e-29,0.2908496732026144,0.5861111111111111
Neural Plate 1,fscn1,-11.745548,-1.7381599,7.443796887383329e-32,1.608228632471204e-29,0.32679738562091504,0.6236111111111111
Neural Plate 1,dbn1,-11.746906,-2.6849778,7.325176554530842e-32,1.5984267759641748e-29,0.184640522875817,0.5055555555555555
Neural Plate 1,ssh2,-11.959662,-1.52632,5.779624273933873e-33,1.3275492766474847e-30,0.4084967320261438,0.6805555555555556
Neural Plate 1,prex1,-11.982246,-1.1834812,4.4023210680488086e-33,1.0556378903944292e-30,0.696078431372549,0.8694444444444445
Neural Plate 1,gnao1,-12.01019,-1.5555995,3.1412408475606e-33,7.616112948291095e-31,0.42483660130718953,0.6944444444444444
Neural Plate 1,clic4,-12.280262,-1.5793548,1.1562298102342417e-34,2.9000104240369415e-32,0.4019607843137255,0.7013888888888888
Neural Plate 1,lamc1,-12.414906,-1.0900569,2.1694316945142188e-35,5.569314000705267e-33,0.6911764705882353,0.8819444444444444
Neural Plate 1,col4a5,-12.811831,-2.2198648,1.4077252586611891e-37,3.7460942523470496e-35,0.3333333333333333,0.6375
Neural Plate 1,ncam1,-13.240989,-1.1727108,5.087464207787748e-40,1.441734499716058e-37,0.8088235294117647,0.9069444444444444
Neural Plate 1,prtg,-13.320388,-1.516747,1.7618900719264848e-40,5.126160434601044e-38,0.696078431372549,0.8277777777777777
Neural Plate 1,plekhg4,-13.50563,-1.6944336,1.4486951087019212e-41,4.3304076667102224e-39,0.43790849673202614,0.7263888888888889
Neural Plate 1,spns2,-13.814795,-2.067377,2.0754518328471703e-43,6.660063888905603e-41,0.32516339869281047,0.6583333333333333
Neural Plate 1,gse1,-13.850671,-1.0229808,1.2602937650460057e-43,4.104607499562521e-41,0.9052287581699346,0.9694444444444444
Neural Plate 1,lrp1,-14.253028,-1.3447357,4.2925537420137846e-46,1.672639557222907e-43,0.696078431372549,0.8986111111111111
Neural Plate 1,tmeff1,-15.007145,-1.6602067,6.592507203736329e-51,2.7664442248602004e-48,0.5751633986928104,0.8319444444444445
Neural Plate 1,vcan,-15.135141,-2.5249245,9.497615160332606e-52,4.0636756943846626e-49,0.3088235294117647,0.6680555555555555
Neural Plate 1,lama1,-15.1633,-1.2049075,6.1880999805033326e-52,2.7006105934912644e-49,0.9166666666666666,0.9666666666666667
Neural Plate 1,dpysl3,-15.387848,-1.7690929,1.9749288733888947e-53,8.978108947128973e-51,0.6029411764705882,0.8263888888888888
Neural Plate 1,pcdh19,-15.435873,-1.7030144,9.392045136388749e-54,4.4553003678508456e-51,0.7908496732026143,0.9375
Neural Plate 1,notch1,-15.670927,-1.0498004,2.39066169548153e-55,1.1949741461178585e-52,0.9166666666666666,0.9916666666666667
Neural Plate 1,ptpru,-15.708161,-2.0174243,1.3298009001173353e-55,6.908948914633423e-53,0.39705882352941174,0.7611111111111111
Neural Plate 1,nhs,-16.272749,-1.1828585,1.540844053409917e-59,8.621220022937897e-57,0.9313725490196079,0.9805555555555555
Neural Plate 1,phf21b,-16.636229,-1.238786,3.8086912286976517e-62,2.246201386524634e-59,0.8594771241830066,0.9666666666666667
Neural Plate 1,tox3,-16.847412,-1.6236849,1.0960796367837355e-63,6.643764931738304e-61,0.6764705882352942,0.9013888888888889
Neural Plate 1,ptprs,-17.863024,-1.3649381,2.2889271321079646e-71,1.6648892983242631e-68,0.8888888888888888,0.9611111111111111
Neural Plate 1,nova1,-18.131096,-2.4591799,1.8111270014427852e-73,1.3627793896028627e-70,0.45098039215686275,0.8138888888888889
Neural Plate 1,myt1,-18.409674,-1.4373627,1.0988352924142936e-75,8.880624042878629e-73,0.9624183006535948,0.9930555555555556
Neural Plate 1,celf3,-18.44219,-1.8004179,6.025009826106537e-76,5.05660536213349e-73,0.6928104575163399,0.9111111111111111
Neural Plate 1,nbea,-18.888,-1.8085042,1.431687623517565e-79,1.3017023180323658e-76,0.8480392156862745,0.9638888888888889
Neural Plate 1,col18a1,-22.357779,-1.6776521,1.0143792046443973e-110,2.2134768624545394e-107,0.9591503267973857,0.9986111111111111
Neural Plate 1,srrm4,-22.705679,-2.5162258,3.93713461575115e-114,9.545801605589539e-111,0.7761437908496732,0.9777777777777777
Neural Plate 2,srrm4,22.705679,2.5162258,3.93713461575115e-114,9.545801605589539e-111,0.9777777777777777,0.7761437908496732
Neural Plate 2,col18a1,22.357779,1.6776521,1.0143792046443973e-110,2.2134768624545394e-107,0.9986111111111111,0.9591503267973857
Neural Plate 2,nbea,18.888,1.8085042,1.431687623517565e-79,1.3017023180323658e-76,0.9638888888888889,0.8480392156862745
Neural Plate 2,celf3,18.44219,1.8004179,6.025009826106537e-76,5.05660536213349e-73,0.9111111111111111,0.6928104575163399
Neural Plate 2,myt1,18.409674,1.4373627,1.0988352924142936e-75,8.880624042878629e-73,0.9930555555555556,0.9624183006535948
Neural Plate 2,nova1,18.131096,2.4591799,1.8111270014427852e-73,1.3627793896028627e-70,0.8138888888888889,0.45098039215686275
Neural Plate 2,ptprs,17.863024,1.3649381,2.2889271321079646e-71,1.6648892983242631e-68,0.9611111111111111,0.8888888888888888
Neural Plate 2,tox3,16.847412,1.6236849,1.0960796367837355e-63,6.643764931738304e-61,0.9013888888888889,0.6764705882352942
Neural Plate 2,phf21b,16.636229,1.238786,3.8086912286976517e-62,2.246201386524634e-59,0.9666666666666667,0.8594771241830066
Neural Plate 2,nhs,16.272749,1.1828585,1.540844053409917e-59,8.621220022937897e-57,0.9805555555555555,0.9313725490196079
Neural Plate 2,ptpru,15.708161,2.0174243,1.3298009001173353e-55,6.908948914633423e-53,0.7611111111111111,0.39705882352941174
Neural Plate 2,notch1,15.670927,1.0498004,2.39066169548153e-55,1.1949741461178585e-52,0.9916666666666667,0.9166666666666666
Neural Plate 2,pcdh19,15.435873,1.7030144,9.392045136388749e-54,4.4553003678508456e-51,0.9375,0.7908496732026143
Neural Plate 2,dpysl3,15.387848,1.7690929,1.9749288733888947e-53,8.978108947128973e-51,0.8263888888888888,0.6029411764705882
Neural Plate 2,lama1,15.1633,1.2049075,6.1880999805033326e-52,2.7006105934912644e-49,0.9666666666666667,0.9166666666666666
Neural Plate 2,vcan,15.135141,2.5249245,9.497615160332606e-52,4.0636756943846626e-49,0.6680555555555555,0.3088235294117647
Neural Plate 2,tmeff1,15.007145,1.6602067,6.592507203736329e-51,2.7664442248602004e-48,0.8319444444444445,0.5751633986928104
Neural Plate 2,lrp1,14.253028,1.3447357,4.2925537420137846e-46,1.672639557222907e-43,0.8986111111111111,0.696078431372549
Neural Plate 2,gse1,13.850671,1.0229808,1.2602937650460057e-43,4.104607499562521e-41,0.9694444444444444,0.9052287581699346
Neural Plate 2,spns2,13.814795,2.067377,2.0754518328471703e-43,6.660063888905603e-41,0.6583333333333333,0.32516339869281047
Neural Plate 2,plekhg4,13.50563,1.6944336,1.4486951087019212e-41,4.3304076667102224e-39,0.7263888888888889,0.43790849673202614
Neural Plate 2,prtg,13.320388,1.516747,1.7618900719264848e-40,5.126160434601044e-38,0.8277777777777777,0.696078431372549
Neural Plate 2,ncam1,13.240989,1.1727108,5.087464207787748e-40,1.441734499716058e-37,0.9069444444444444,0.8088235294117647
Neural Plate 2,col4a5,12.811831,2.2198648,1.4077252586611891e-37,3.7460942523470496e-35,0.6375,0.3333333333333333
Neural Plate 2,lamc1,12.414906,1.0900569,2.1694316945142188e-35,5.569314000705267e-33,0.8819444444444444,0.6911764705882353
Neural Plate 2,clic4,12.280262,1.5793548,1.1562298102342417e-34,2.9000104240369415e-32,0.7013888888888888,0.4019607843137255
Neural Plate 2,gnao1,12.01019,1.5555995,3.1412408475606e-33,7.616112948291095e-31,0.6944444444444444,0.42483660130718953
Neural Plate 2,prex1,11.982246,1.1834812,4.4023210680488086e-33,1.0556378903944292e-30,0.8694444444444445,0.696078431372549
Neural Plate 2,ssh2,11.959662,1.52632,5.779624273933873e-33,1.3275492766474847e-30,0.6805555555555556,0.4084967320261438
Neural Plate 2,dbn1,11.746906,2.6849778,7.325176554530842e-32,1.5984267759641748e-29,0.5055555555555555,0.184640522875817
Neural Plate 2,fscn1,11.745548,1.7381599,7.443796887383329e-32,1.608228632471204e-29,0.6236111111111111,0.32679738562091504
Neural Plate 2,dll1,11.664648,2.0399024,1.9320002302761254e-31,4.0930268956170223e-29,0.5861111111111111,0.2908496732026144
Neural Plate 2,fbrsl1,11.518428,1.023826,1.0653766661168185e-30,2.2353446376283746e-28,0.8736111111111111,0.7222222222222222
Neural Plate 2,col4a6,11.400507,1.6829668,4.156894222969916e-30,8.557319701832692e-28,0.725,0.5310457516339869
Neural Plate 2,syn1,11.314247,2.2644672,1.1155586826967811e-29,2.2515373231017136e-27,0.5,0.1830065359477124
Neural Plate 2,rnf165,11.159807,1.6198223,6.413021798739678e-29,1.2275311286868291e-26,0.6180555555555556,0.3611111111111111
Neural Plate 2,zc3h12c,10.983428,2.4183838,4.591634042417628e-28,8.685396163589718e-26,0.48333333333333334,0.17483660130718953
Neural Plate 2,ninl,10.924896,1.0699965,8.764014322722486e-28,1.6206742079332827e-25,0.8388888888888889,0.6568627450980392
Neural Plate 2,enox1,10.875013,1.0963945,1.5163437576452009e-27,2.7573447612979943e-25,0.85,0.7271241830065359
Neural Plate 2,nova2,10.82027,1.8000395,2.7596499286356317e-27,4.81746568742065e-25,0.5777777777777777,0.3137254901960784
Neural Plate 2,gria1,10.65947,2.317224,1.5749341916206423e-26,2.684893671512034e-24,0.4930555555555556,0.19934640522875818
Neural Plate 2,elavl3,10.530543,1.2606149,6.247272945415545e-26,1.009790688458612e-23,0.7805555555555556,0.6209150326797386
Neural Plate 2,rnf130,10.48409,1.2188743,1.0222481603475207e-25,1.6282100078060765e-23,0.7180555555555556,0.5424836601307189
Neural Plate 2,znf521,10.312784,1.0369253,6.16876153836843e-25,9.479475037235037e-23,0.8472222222222222,0.7303921568627451
Neural Plate 2,cdc25b,10.137548,1.120759,3.76428605130171e-24,5.664861098307215e-22,0.7347222222222223,0.5571895424836601
Neural Plate 2,ltbp1,10.065438,1.7729245,7.853668208629585e-24,1.1658156053095659e-21,0.6347222222222222,0.4215686274509804
Neural Plate 2,fgd4,9.976391,1.2472365,1.9337290066084226e-23,2.7760460956054205e-21,0.6597222222222222,0.4395424836601307
Neural Plate 2,bcar1,9.948876,1.3865134,2.5504698571066207e-23,3.567551458456639e-21,0.6083333333333333,0.36437908496732024
Neural Plate 2,hdac9,9.931938,1.7283285,3.023198336011517e-23,4.1752665120321086e-21,0.5388888888888889,0.28594771241830064
Neural Plate 2,nfasc,9.908283,1.5558566,3.831738586600345e-23,5.2257729811378836e-21,0.6597222222222222,0.44607843137254904
Neural Plate 2,dpysl4,9.854826,1.70877,6.532971645188758e-23,8.745765292617417e-21,0.5208333333333334,0.25163398692810457
Neural Plate 2,gpm6b,9.797367,1.0635616,1.1555875138436715e-22,1.5282469781565308e-20,0.7958333333333333,0.6160130718954249
Neural Plate 2,sptbn1,9.7785,1.2343658,1.39259528507621e-22,1.8087989116457128e-20,0.6597222222222222,0.44607843137254904
Neural Plate 2,pald1,9.624417,1.0356064,6.306321837414483e-22,7.908634989323071e-20,0.7416666666666667,0.5751633986928104
Neural Plate 2,lfng,9.559169,1.0055975,1.1870667244199124e-21,1.463445366868187e-19,0.7972222222222223,0.6486928104575164
Neural Plate 2,rab3a,9.486344,2.2692852,2.3927973245018673e-21,2.8531819900521994e-19,0.425,0.1454248366013072
Neural Plate 2,sh3pxd2a,9.47398,1.0918233,2.693792264018069e-21,3.1602817738246393e-19,0.7486111111111111,0.5718954248366013
Neural Plate 2,ksr2,9.36678,1.1422907,7.47789594850434e-21,8.411091107851195e-19,0.6930555555555555,0.4950980392156863
Neural Plate 2,st3gal3,9.189972,1.8872824,3.929452660075261e-20,4.223871255936072e-18,0.475,0.23202614379084968
Neural Plate 2,cdh23,9.165244,2.1891844,4.943497214923807e-20,5.2620513525293845e-18,0.44027777777777777,0.19117647058823528
Neural Plate 2,fsd1l,9.05833,1.2504219,1.324630588427935e-19,1.3570311769993412e-17,0.6277777777777778,0.4362745098039216
Neural Plate 2,meis2,8.829994,1.0736659,1.0468143565519051e-18,1.0430381769095489e-16,0.7583333333333333,0.5882352941176471
Neural Plate 2,nedd9,8.56914,1.963457,1.0426024666896026e-17,9.640096790522804e-16,0.4222222222222222,0.17973856209150327
Neural Plate 2,cep170,8.556562,1.3921887,1.1628292017172463e-17,1.0661384878433626e-15,0.5138888888888888,0.2957516339869281
Neural Plate 2,gdf11.1,8.358957,2.2545838,6.327515397728588e-17,5.589988400560142e-15,0.4,0.16993464052287582
Neural Plate 2,gria2,8.357885,2.2478688,6.385263110051778e-17,5.618259125985478e-15,0.38472222222222224,0.1437908496732026
Neural Plate 2,tmtc2,8.313647,1.1727713,9.280481907571302e-17,8.036087131155294e-15,0.6986111111111111,0.5473856209150327
Neural Plate 2,LOC100170590,8.187509,1.9230679,2.666894801552187e-16,2.1960117533837838e-14,0.39861111111111114,0.16993464052287582
Neural Plate 2,emb,8.073447,2.681766,6.83404867746187e-16,5.482565301135862e-14,0.3263888888888889,0.08496732026143791
Neural Plate 2,cbfa2t2,8.019419,1.2930199,1.0624664365909147e-15,8.28905025903974e-14,0.5208333333333334,0.31862745098039214
Neural Plate 2,ankfn1l,7.972394,2.0681696,1.556300039853498e-15,1.187389982205042e-13,0.37916666666666665,0.1437908496732026
Neural Plate 2,cttnbp2nl,7.9303713,1.1381983,2.1849153489428973e-15,1.644035787216654e-13,0.5472222222222223,0.3431372549019608
Neural Plate 2,cass4,7.9142914,1.3809398,2.4866535369573994e-15,1.8519203696227785e-13,0.47638888888888886,0.27124183006535946
Neural Plate 2,atp2b3,7.843968,1.7017809,4.3652788430376e-15,3.154130782580247e-13,0.4111111111111111,0.18137254901960784
Neural Plate 2,ptch2,7.8376074,1.0151533,4.592113666548351e-15,3.3070796144472463e-13,0.8027777777777778,0.6977124183006536
Neural Plate 2,lrch2,7.8187404,1.4373792,5.335450968906937e-15,3.792341224511996e-13,0.4486111111111111,0.2173202614379085
Neural Plate 2,trim9,7.7965856,1.322005,6.3604612754640086e-15,4.491638365433661e-13,0.4888888888888889,0.2761437908496732
Neural Plate 2,vim,7.7838645,2.4029086,7.03420019358367e-15,4.951396207231912e-13,0.3388888888888889,0.10947712418300654
Neural Plate 2,dclk1,7.6722336,1.8931886,1.6902660078771223e-14,1.1598520301222228e-12,0.4236111111111111,0.23039215686274508
Neural Plate 2,nfe2l3,7.589261,1.3468298,3.217353527922426e-14,2.1939334791498517e-12,0.4777777777777778,0.28431372549019607
Neural Plate 2,rassf4,7.3162584,1.4363083,2.549808414730126e-13,1.622139050082393e-11,0.45555555555555555,0.2679738562091503
Neural Plate 2,pdgfa,7.2466497,1.5223818,4.2720711226908585e-13,2.6787604588573917e-11,0.43194444444444446,0.24183006535947713
Neural Plate 2,wnt4,7.1347327,1.6073967,9.697533089171256e-13,5.861769239302105e-11,0.4597222222222222,0.28104575163398693
Neural Plate 2,bcar3,7.054047,1.3575379,1.7378769022122987e-12,1.0277022190562214e-10,0.45694444444444443,0.27941176470588236
Neural Plate 2,numbl,6.940701,1.7462091,3.901595533628281e-12,2.240439898402703e-10,0.35555555555555557,0.15359477124183007
Neural Plate 2,pbx3,6.8332148,1.1216733,8.303241247515338e-12,4.540978126867975e-10,0.5916666666666667,0.43790849673202614
Neural Plate 2,ldlrad3,6.7884054,1.1213256,1.1337975152426071e-11,6.019609630196821e-10,0.4777777777777778,0.29901960784313725
Neural Plate 2,pcbp2,6.705504,1.4091743,2.0071243675995844e-11,1.035400965139256e-09,0.4375,0.2679738562091503
Neural Plate 2,LOC734009,6.6789184,1.0995038,2.4071219448574314e-11,1.2301125985651994e-09,0.49583333333333335,0.3366013071895425
Neural Plate 2,clip2,6.6743445,1.1582972,2.4833964026527398e-11,1.2661260023898466e-09,0.4708333333333333,0.3006535947712418
Neural Plate 2,LOC100495047,6.635967,1.2741739,3.2238220489967055e-11,1.6284032622953035e-09,0.42916666666666664,0.24509803921568626
Neural Plate 2,cdh20,6.620173,1.6651698,3.58779326058788e-11,1.8080655136094256e-09,0.3819444444444444,0.20261437908496732
Neural Plate 2,tcf7l2,6.595445,1.1517365,4.2398138205597365e-11,2.1219490224411468e-09,0.4597222222222222,0.27941176470588236
Neural Plate 2,mtcl1,6.5344844,3.5484426,6.382912849663348e-11,3.1583115939343294e-09,0.24444444444444444,0.04411764705882353
Neural Plate 2,hip1,6.5289097,1.2060493,6.625012773471715e-11,3.270687867192903e-09,0.4388888888888889,0.2647058823529412
Neural Plate 2,ripor1,6.425426,1.1910673,1.3150067422666323e-10,6.2652319045851925e-09,0.43333333333333335,0.26143790849673204
Neural Plate 2,slco5a1,6.3731837,1.6260924,1.8514363330436327e-10,8.688213381364539e-09,0.3472222222222222,0.1650326797385621
Neural Plate 2,nin,6.302789,1.1123499,2.923362960968367e-10,1.3373313033813572e-08,0.44305555555555554,0.26633986928104575
Neural Plate 2,ank2,6.252834,1.2569134,4.0307042090676784e-10,1.8134844648673362e-08,0.4236111111111111,0.26143790849673204
Neural Plate 2,slc16a3,6.2190304,1.6393903,5.00236730264758e-10,2.2007390506264686e-08,0.3333333333333333,0.15359477124183007
Neural Plate 2,nrcam,6.1099005,1.6272194,9.969316411033312e-10,4.2323045409563795e-08,0.3388888888888889,0.16013071895424835
Neural Plate 2,reep3,5.998127,1.2666309,1.996066449279143e-09,8.156585391333367e-08,0.4263888888888889,0.28594771241830064
Neural Plate 2,dcc,5.9611073,2.3412273,2.5053475822327815e-09,1.0031043961816793e-07,0.26805555555555555,0.08986928104575163
Neural Plate 2,dennd2c,5.9263744,1.3576078,3.0969634014241985e-09,1.2287061524086805e-07,0.3736111111111111,0.21241830065359477
Neural Plate 2,adamtsl4,5.906435,1.042442,3.4959004073498476e-09,1.3720151580716012e-07,0.4930555555555556,0.34477124183006536
Neural Plate 2,celsr3,5.875204,1.4642764,4.223226751043318e-09,1.6310624944162168e-07,0.3472222222222222,0.184640522875817
Neural Plate 2,septin6,5.678528,1.3995292,1.3585894745674142e-08,5.007733264279652e-07,0.33055555555555555,0.1650326797385621
Neural Plate 2,trps1,5.62843,1.0346867,1.818576241363651e-08,6.580953924178479e-07,0.46111111111111114,0.31209150326797386
Neural Plate 2,abca1,5.6250706,1.5024832,1.8543197438272376e-08,6.699190584446052e-07,0.3347222222222222,0.18137254901960784
Neural Plate 2,st8sia4,5.6107774,1.6551942,2.0141971793665875e-08,7.264759777017902e-07,0.30416666666666664,0.14052287581699346
Neural Plate 2,brsk2,5.57876,1.1725409,2.4223873450628283e-08,8.637077492911108e-07,0.4,0.2549019607843137
Neural Plate 2,maneal,5.535523,1.3573871,3.1030102984283625e-08,1.0903508489855925e-06,0.32222222222222224,0.15849673202614378
Neural Plate 2,prph,5.5251603,1.9944305,3.291848791051328e-08,1.1493029195124963e-06,0.275,0.1111111111111111
Neural Plate 2,hnf1b,5.5040774,1.0851947,3.7110596801477164e-08,1.2915316312679954e-06,0.4736111111111111,0.3300653594771242
Neural Plate 2,ptgs2,5.489141,1.2832736,4.0389285850372176e-08,1.3945167825015367e-06,0.41388888888888886,0.2826797385620915
Neural Plate 2,abr,5.4797077,1.2712804,4.260295179794391e-08,1.4616965584637329e-06,0.3902777777777778,0.25
Neural Plate 2,dnajc6,5.3918033,1.4678571,6.975402303080064e-08,2.3097155334675275e-06,0.325,0.17483660130718953
Neural Plate 2,nkain1,5.2948947,1.7316157,1.1908502123473744e-07,3.815791847816749e-06,0.28055555555555556,0.13071895424836602
Neural Plate 2,zeb1,5.2608767,1.1301123,1.433702751103736e-07,4.5472133331154974e-06,0.37777777777777777,0.238562091503268
Neural Plate 2,ric8a,5.2389364,1.1277945,1.6150478943326933e-07,5.092768800900824e-06,0.3527777777777778,0.19607843137254902
Neural Plate 2,apbb2,5.1936264,1.5491703,2.0623680286761558e-07,6.438187804541114e-06,0.32083333333333336,0.17973856209150327
Neural Plate 2,sipa1,5.079137,2.7641492,3.791536603773246e-07,1.1411740721508413e-05,0.20833333333333334,0.05228758169934641
Neural Plate 2,pou2f2,5.0045257,1.8801891,5.599977783652417e-07,1.635838222450862e-05,0.2375,0.08496732026143791
Neural Plate 2,col5a3,4.9970217,1.3826783,5.822255779391313e-07,1.6917102977642853e-05,0.43333333333333335,0.3300653594771242
Neural Plate 2,c9,4.9733663,1.1718285,6.580022780894185e-07,1.8992417606070374e-05,0.39305555555555555,0.2630718954248366
Neural Plate 2,soga1,4.9351315,1.3453685,8.009680417783952e-07,2.2967048146710067e-05,0.2972222222222222,0.15359477124183007
Neural Plate 2,galnt16,4.9328446,1.0506634,8.104067356274893e-07,2.32071986589599e-05,0.37916666666666665,0.25
Neural Plate 2,dennd2b,4.9175506,1.776793,8.763379758988413e-07,2.4964191869567384e-05,0.2375,0.08660130718954248
Neural Plate 2,scn1a,4.9099035,1.6331105,9.112113337115469e-07,2.5856362175448202e-05,0.2638888888888889,0.11601307189542484
Neural Plate 2,me2,4.9065447,2.4027805,9.269484364882422e-07,2.6268755626766148e-05,0.21388888888888888,0.06535947712418301
Neural Plate 2,ebf2,4.8331485,2.6521978,1.3439047586126903e-06,3.69802594422289e-05,0.2361111111111111,0.09803921568627451
Neural Plate 2,ulk1,4.8237147,1.9577667,1.409088080909727e-06,3.862777765518989e-05,0.24305555555555555,0.10130718954248366
Neural Plate 2,dlgap4,4.7541065,1.220867,1.993261153710212e-06,5.383038568701799e-05,0.3194444444444444,0.18790849673202614
Neural Plate 2,LOC100485322,4.740885,1.54071,2.1278669346856826e-06,5.7041995555007714e-05,0.28194444444444444,0.1454248366013072
Neural Plate 2,itpr1,4.7074385,1.2565429,2.5084880995616992e-06,6.650998641620394e-05,0.3236111111111111,0.19607843137254902
Neural Plate 2,marchf9,4.5577874,1.3877276,5.169533260495894e-06,0.00012995896921345724,0.26666666666666666,0.12745098039215685
Neural Plate 2,wnt3a,4.4568048,1.7711166,8.319022841553038e-06,0.00020080685555921333,0.24444444444444444,0.11437908496732026
Neural Plate 2,nes,4.409994,1.097335,1.0337334916116715e-05,0.0002449196364870606,0.3375,0.22058823529411764
Neural Plate 2,LOC116410852,4.3939857,1.263839,1.1129111658587082e-05,0.00026112725322798784,0.2916666666666667,0.16666666666666666
Neural Plate 2,pcdh18,4.2401896,1.6334665,2.2333121128631686e-05,0.0005050062550755151,0.23333333333333334,0.10784313725490197
Neural Plate 2,mapkap1,4.234615,1.0342743,2.2894354644655417e-05,0.000515028569794872,0.3194444444444444,0.20588235294117646
Neural Plate 2,cdknx,4.0270042,1.6327094,5.6491986574746206e-05,0.0011898760994667346,0.2111111111111111,0.08986928104575163
Neural Plate 2,anos1,4.011139,1.6773889,6.0426582410598705e-05,0.0012666363638632798,0.22083333333333333,0.10130718954248366
Neural Plate 2,insm1,3.9918427,3.1207266,6.556184338485992e-05,0.0013624999852390747,0.1486111111111111,0.02287581699346405
Neural Plate 2,ankrd35,3.95468,1.2324347,7.663713133115437e-05,0.0015677589220037284,0.2916666666666667,0.184640522875817
Neural Plate 2,LOC100498624,3.908441,1.3341527,9.289357357297235e-05,0.0018562551913331774,0.23194444444444445,0.11437908496732026
Neural Plate 2,lrrn1,3.8730652,1.5035223,0.00010747509084165411,0.0021204466159635937,0.22083333333333333,0.10457516339869281
Neural Plate 2,prrg1,3.8725648,1.0726584,0.00010769600131286726,0.0021209697153863507,0.2791666666666667,0.16830065359477125
Neural Plate 2,ret,3.8206086,2.351589,0.00013312277646181268,0.0025706832789143493,0.16666666666666666,0.049019607843137254
Neural Plate 2,ncan,3.818822,1.5355593,0.0001340905136333175,0.002587081430585872,0.21805555555555556,0.10294117647058823
Neural Plate 2,atp10a,3.7907355,1.1359744,0.00015020182972210003,0.0028700123698475874,0.2722222222222222,0.16339869281045752
Neural Plate 2,cnih2,3.7715824,1.7516534,0.00016221554007691592,0.003069995923693306,0.18333333333333332,0.06535947712418301
Neural Plate 2,notum,3.7602193,1.0977154,0.00016976450505094004,0.0031989907294616257,0.29583333333333334,0.19607843137254902
Neural Plate 2,rnd3,3.741495,1.031027,0.00018292883388140212,0.0034117009266034833,0.2847222222222222,0.17973856209150327
Neural Plate 2,ap3b2,3.7018309,1.4157449,0.00021404920370246823,0.0039482397920469646,0.21666666666666667,0.10784313725490197
Neural Plate 2,stx1b,3.6561637,2.2345047,0.00025601783486307314,0.004663243050540166,0.16805555555555557,0.05718954248366013
Neural Plate 2,maco1,3.5850544,1.1996434,0.0003370079249787247,0.00596903403487074,0.23194444444444445,0.12418300653594772
Neural Plate 2,pou3f1,3.5133018,3.0338101,0.0004425743385232935,0.007682907431119162,0.13333333333333333,0.02287581699346405
Neural Plate 2,hdgfl3,3.4244688,1.7617302,0.0006160025825614363,0.01028446239791362,0.16527777777777777,0.058823529411764705
Neural Plate 2,vxn,3.406888,1.7828541,0.0006570808578371213,0.010900966251535167,0.18888888888888888,0.08823529411764706
Neural Plate 2,frmd3,3.3647227,1.1889113,0.0007662063574266267,0.012440021521879778,0.2361111111111111,0.14215686274509803
Neural Plate 2,lrrc36,3.313767,1.2447511,0.0009204820590448788,0.014671905778245654,0.20555555555555555,0.10294117647058823
Neural Plate 2,podxl,3.223433,1.3931698,0.0012666391228231403,0.019436942545094052,0.18888888888888888,0.08986928104575163
Neural Plate 2,LOC100216241,3.2060666,1.3510375,0.001345628268691889,0.020519185500437256,0.22916666666666666,0.14052287581699346
Neural Plate 2,runx1t1,3.1366725,1.3598915,0.0017087689250127813,0.025382604978014908,0.2,0.10784313725490197
Neural Plate 2,pik3r3,3.1173766,1.0192232,0.0018246839086634066,0.026957635457646713,0.22916666666666666,0.13562091503267973
Neural Plate 2,celf2,3.0766404,1.1705601,0.002093476342202581,0.03051552923393622,0.2152777777777778,0.12581699346405228
Neural Plate 2,acer2,3.0619898,1.4334371,0.0021987094025751387,0.03181737177360471,0.1763888888888889,0.08333333333333333
Neural Plate 2,rnf125,3.0123205,1.0296315,0.00259258742788111,0.036927447952867946,0.21944444444444444,0.12908496732026145
Neural Plate 2,arhgef10l,2.9985988,1.1313653,0.0027122414506170946,0.038431052398646505,0.20833333333333334,0.12091503267973856
Neural Plate 2,sdc3,2.9826617,1.5279504,0.0028575356865646042,0.0403326560262136,0.16805555555555557,0.07679738562091504
Neural Plate 2,vstm2b,2.9761584,1.6054664,0.002918841285604186,0.04103868279199029,0.1736111111111111,0.08496732026143791
Neural Plate 2,exoc3l2,2.955576,1.1575097,0.0031208587462214846,0.04354236489852878,0.19166666666666668,0.10130718954248366
Neural Plate 2,LOC100490855,-2.9129102,-1.8451395,0.0035807742465102754,0.04908044901576678,0.03194444444444444,0.12581699346405228
Neural Plate 2,degs3,-2.9129102,-1.6396624,0.0035807742465102754,0.04908044901576678,0.04583333333333333,0.1388888888888889
Neural Plate 2,parp16,-2.9225583,-2.585605,0.0034716860074600494,0.04777619655160524,0.018055555555555554,0.1111111111111111
Neural Plate 2,ufm1,-2.9261317,-1.5321201,0.0034320566509301975,0.04733938570161052,0.05416666666666667,0.14705882352941177
Neural Plate 2,arhgef28,-2.933993,-1.1523508,0.0033463176984908673,0.04621518892327166,0.10138888888888889,0.19281045751633988
Neural Plate 2,LOC100216037,-2.9380665,-2.2196977,0.0033026608124892957,0.0456990244700881,0.029166666666666667,0.12254901960784313
Neural Plate 2,st6galnac2,-2.95236,-1.3554317,0.0031535511423641275,0.043850638742195684,0.06111111111111111,0.15522875816993464
Neural Plate 2,tspan1,-2.9573627,-2.5405428,0.0031028301069463884,0.043318525760510006,0.02638888888888889,0.119281045751634
Neural Plate 2,ccser1,-2.9755867,-2.1685715,0.0029242877852923167,0.04108878542360827,0.03333333333333333,0.12745098039215685
Neural Plate 2,ero1a,-2.981304,-1.5950599,0.0028702378031228155,0.04045959890306393,0.06388888888888888,0.1568627450980392
Neural Plate 2,pax2,-2.996026,-1.3936725,0.0027352305481397176,0.038706527750296225,0.0875,0.17973856209150327
Neural Plate 2,slc44a4,-3.0075321,-2.1360424,0.002633782226479168,0.037367855633291244,0.0375,0.1323529411764706
Neural Plate 2,rapgef3,-3.0089614,-1.5730003,0.0026214230564245255,0.03726519382035151,0.07916666666666666,0.1715686274509804
Neural Plate 2,vps4b,-3.0109625,-1.013338,0.002604209280631273,0.03704462236809323,0.11388888888888889,0.20915032679738563
Neural Plate 2,selenom,-3.0149648,-1.6474873,0.0025700913865425896,0.03667885163227329,0.04583333333333333,0.14215686274509803
Neural Plate 2,cldn6.1,-3.019467,-2.6568432,0.002532197661907625,0.036209099069781314,0.022222222222222223,0.11764705882352941
Neural Plate 2,stxbp5,-3.0250416,-1.1847944,0.002485989859241749,0.03563521134696013,0.09444444444444444,0.1895424836601307
Neural Plate 2,cfap47,-3.0504837,-1.3305496,0.0022847310358622805,0.03292940286231891,0.09722222222222222,0.19281045751633988
Neural Plate 2,arhgef37,-3.0637765,-1.9534122,0.0021856214740543934,0.031689333013515564,0.05,0.1454248366013072
Neural Plate 2,LOC100492897,-3.0653486,-2.49541,0.002174163209380166,0.031544159170136046,0.02361111111111111,0.12091503267973856
Neural Plate 2,slc22a5,-3.069351,-1.7532928,0.002145244758633625,0.031145299985458633,0.044444444444444446,0.14215686274509803
Neural Plate 2,ackr3,-3.0694222,-3.5234606,0.0021447315778691397,0.031145299985458633,0.0125,0.10947712418300654
Neural Plate 2,MGC69416,-3.07321,-1.190955,0.0021176935240769354,0.03082734515602589,0.09166666666666666,0.1895424836601307
Neural Plate 2,vgll1,-3.0802853,-2.7337036,0.002068024110478725,0.03018485225067308,0.018055555555555554,0.11601307189542484
Neural Plate 2,LOC101734002,-3.0996528,-1.5811533,0.0019374764844790442,0.028450655698396513,0.10972222222222222,0.20098039215686275
Neural Plate 2,LOC100493455,-3.150966,-1.802663,0.0016273153278884855,0.024371755504361457,0.05277777777777778,0.15196078431372548
Neural Plate 2,lrrk1,-3.154539,-3.0737014,0.0016075180671352534,0.024124932422942478,0.018055555555555554,0.11764705882352941
Neural Plate 2,tspan3,-3.1639729,-1.2393234,0.0015563136360507053,0.023420910242939616,0.0763888888888889,0.1781045751633987
Neural Plate 2,idh1,-3.1684036,-1.8226169,0.001532785245967464,0.023146648340661612,0.043055555555555555,0.1437908496732026
Neural Plate 2,eps8l2,-3.1705477,-2.2618895,0.0015215185514753406,0.023008355032393214,0.03611111111111111,0.13562091503267973
Neural Plate 2,slc35a5,-3.202136,-1.6811764,0.0013641259712652504,0.02078672682889597,0.044444444444444446,0.14705882352941177
Neural Plate 2,vsig8,-3.2088537,-2.137522,0.00133265223575506,0.020335527577909903,0.03194444444444444,0.13398692810457516
Neural Plate 2,fam3a,-3.2130704,-1.4328732,0.0013132411274976827,0.02006739120667152,0.07361111111111111,0.17483660130718953
Neural Plate 2,palm3,-3.2182875,-1.9798113,0.001289585179283155,0.019747395226061563,0.03611111111111111,0.1388888888888889
Neural Plate 2,scyl1,-3.2290075,-1.2575611,0.0012422066656729304,0.019088867360316206,0.07916666666666666,0.1830065359477124
Neural Plate 2,misp3,-3.2450874,-2.553548,0.0011741456619900428,0.018158066966892077,0.02638888888888889,0.12908496732026145
Neural Plate 2,clcn5,-3.24716,-1.0453812,0.0011656285447006398,0.018039135087881318,0.125,0.22712418300653595
Neural Plate 2,cpm,-3.2573082,-1.3276249,0.001124742255972584,0.01746832794845392,0.075,0.1781045751633987
Neural Plate 2,hagh,-3.2581658,-1.7616978,0.001121348553203614,0.017428024771692353,0.0625,0.16339869281045752
Neural Plate 2,c3orf52,-3.2593093,-2.8776011,0.001116838342309181,0.01737029897899404,0.019444444444444445,0.12254901960784313
Neural Plate 2,LOC100486901,-3.2696004,-1.1614738,0.0010769946963154551,0.01683105055715988,0.08611111111111111,0.19117647058823528
Neural Plate 2,LOC100494266,-3.27932,-2.3332005,0.0010405757855215625,0.01632379886115458,0.041666666666666664,0.1437908496732026
Neural Plate 2,gdf2,-3.2796774,-3.15837,0.0010392588305361001,0.016314868302969954,0.015277777777777777,0.119281045751634
Neural Plate 2,pik3r6,-3.287753,-1.8746195,0.0010099038662360897,0.01591127239360124,0.03888888888888889,0.1437908496732026
Neural Plate 2,mtmr12,-3.30905,-1.3585439,0.0009361308046044304,0.014888710121919295,0.1125,0.21241830065359477
Neural Plate 2,abhd10,-3.3221285,-2.0003815,0.0008933353853439235,0.014301886605715153,0.04027777777777778,0.1454248366013072
Neural Plate 2,rspo1,-3.33292,-4.756888,0.0008593965533542489,0.013809198962255572,0.005555555555555556,0.1111111111111111
Neural Plate 2,edem1,-3.337494,-2.0357134,0.0008453759310549967,0.01360394409406422,0.03611111111111111,0.14215686274509803
Neural Plate 2,dpy19l3,-3.3389232,-2.1729536,0.0008410381842978601,0.013564149460135701,0.034722222222222224,0.14052287581699346
Neural Plate 2,ufsp2,-3.366938,-1.4979786,0.0007600774152866068,0.012358904082689305,0.07083333333333333,0.17647058823529413
Neural Plate 2,rell1,-3.3734417,-1.1477745,0.0007423479514758618,0.012097665906762345,0.10833333333333334,0.21405228758169934
Neural Plate 2,LOC100497498,-3.3760858,-1.2378424,0.0007352497190783346,0.011990944783264828,0.14583333333333334,0.2434640522875817
Neural Plate 2,grik2,-3.3789446,-2.1149683,0.0007276469045085308,0.011875828798265257,0.044444444444444446,0.1503267973856209
Neural Plate 2,hkdc1,-3.3864486,-1.1260478,0.0007080355852614532,0.011590430987239438,0.09861111111111111,0.20751633986928106
Neural Plate 2,LOC101731739,-3.388521,-2.00211,0.0007027063324300099,0.011529139007485149,0.05277777777777778,0.15849673202614378
Neural Plate 2,rasa4,-3.4178224,-2.597911,0.0006312428415896237,0.010522803702312589,0.02361111111111111,0.1323529411764706
Neural Plate 2,b4galnt3,-3.4417636,-1.460704,0.0005779347949789758,0.009715805208964737,0.0763888888888889,0.184640522875817
Neural Plate 2,naaladl2,-3.4418352,-2.5459845,0.0005777821364721023,0.009715805208964737,0.030555555555555555,0.1388888888888889
Neural Plate 2,fam174b,-3.4531984,-1.564509,0.0005539813965819407,0.009370874461096534,0.05694444444444444,0.16830065359477125
Neural Plate 2,pcsk7,-3.4574149,-1.5058275,0.0005453843956918384,0.009268561447345489,0.06666666666666667,0.17647058823529413
Neural Plate 2,hes1,-3.4625607,-1.5544503,0.0005350615382614177,0.009107314997193756,0.05555555555555555,0.16666666666666666
Neural Plate 2,cfap43,-3.4659195,-1.5157678,0.0005284215292462836,0.009001316307324866,0.06805555555555555,0.1781045751633987
Neural Plate 2,sgms1,-3.46985,-1.3103577,0.0005207488357615791,0.00889144001968186,0.1,0.20915032679738563
Neural Plate 2,armh4,-3.4802842,-1.4147179,0.0005008820203206048,0.008572350247385034,0.15138888888888888,0.24836601307189543
Neural Plate 2,dnaja4.1,-3.497579,-1.4445254,0.0004695012727703044,0.008062732195434496,0.06666666666666667,0.17973856209150327
Neural Plate 2,sema4g,-3.508728,-1.604591,0.00045025510955794837,0.007785274758846269,0.06388888888888888,0.17483660130718953
Neural Plate 2,cndp1,-3.513802,-1.1611884,0.00044174171496611463,0.007674558887162092,0.11527777777777778,0.22549019607843138
Neural Plate 2,eipr1,-3.5165894,-2.0054936,0.0004371295161530044,0.007606541604445542,0.04027777777777778,0.15196078431372548
Neural Plate 2,LOC108647843,-3.5175898,-1.370231,0.0004354848489022426,0.007583970381401305,0.15416666666666667,0.25326797385620914
Neural Plate 2,rab7a,-3.519734,-1.0777406,0.0004319799951205161,0.007530970848143809,0.11805555555555555,0.22875816993464052
Neural Plate 2,LOC100493336,-3.5366,-2.232761,0.0004053130060394318,0.0071038836183023625,0.044444444444444446,0.15522875816993464
Neural Plate 2,tmem87b,-3.5444613,-1.1863177,0.00039341618454147715,0.006912024607793537,0.10833333333333334,0.21895424836601307
Neural Plate 2,elovl1,-3.5510364,-1.5533116,0.0003837175164695748,0.006752499941034348,0.05555555555555555,0.16993464052287582
Neural Plate 2,morn1,-3.5665445,-1.1743271,0.0003617193397308667,0.0063756685882611,0.16111111111111112,0.2679738562091503
Neural Plate 2,LOC100497729,-3.5834823,-3.0507135,0.00033904393911125136,0.005997004212496801,0.016666666666666666,0.13071895424836602
Neural Plate 2,galnt10,-3.5858405,-2.0411456,0.0003359942131427202,0.0059559136677394785,0.04583333333333333,0.15849673202614378
Neural Plate 2,atp6v1b2,-3.6144273,-1.5797293,0.00030101235115255286,0.005401636936266329,0.0625,0.1781045751633987
Neural Plate 2,ptbp3,-3.6392977,-1.3255318,0.00027338268373112675,0.004946503765917842,0.1,0.21405228758169934
Neural Plate 2,flii,-3.6429424,-1.0097837,0.00026953913984716126,0.004886418108449253,0.11527777777777778,0.23529411764705882
Neural Plate 2,cant1,-3.6473734,-1.4812757,0.00026493481367076074,0.004809602802919859,0.08333333333333333,0.1977124183006536
Neural Plate 2,acaca,-3.6507323,-1.1304462,0.0002614936831575248,0.004755044716816957,0.125,0.2369281045751634
Neural Plate 2,wwc1,-3.6590939,-1.4671564,0.0002531085942112554,0.004614104122208691,0.06527777777777778,0.1830065359477124
Neural Plate 2,LOC100216148,-3.6868944,-1.4163553,0.00022700746954028834,0.00416613119666832,0.06805555555555555,0.18790849673202614
Neural Plate 2,mtus1,-3.7231996,-1.3734062,0.00019671395381034448,0.003653187392421725,0.2222222222222222,0.3137254901960784
Neural Plate 2,dnase1l3,-3.7375643,-1.9411333,0.00018581157179346232,0.003462505813924117,0.07083333333333333,0.18627450980392157
Neural Plate 2,sidt1,-3.7454257,-1.9389608,0.00018008818088647685,0.0033673557798833,0.058333333333333334,0.17483660130718953
Neural Plate 2,nphp1,-3.7481413,-3.3850706,0.00017814983152525415,0.0033396971423647515,0.015277777777777777,0.13398692810457516
Neural Plate 2,gale,-3.7484987,-2.1753294,0.00017789625095054572,0.0033378109131486314,0.043055555555555555,0.16176470588235295
Neural Plate 2,efcab10,-3.7628634,-1.3000625,0.00016797888645796454,0.0031735647458002113,0.075,0.1977124183006536
Neural Plate 2,prr5,-3.7861617,-1.6291921,0.00015299216936416683,0.0029182186430904583,0.05416666666666667,0.17647058823529413
Neural Plate 2,dnajc3,-3.787591,-1.1662973,0.00015211498911006408,0.0029040255270084935,0.11666666666666667,0.23529411764705882
Neural Plate 2,lgals8,-3.7920933,-3.8374314,0.0001493827155699553,0.0028568626086345264,0.0125,0.1323529411764706
Neural Plate 2,pde4a,-3.79388,-1.1654892,0.00014831133997850158,0.0028388611839218272,0.12777777777777777,0.24673202614379086
Neural Plate 2,cnksr1,-3.806744,-1.5807192,0.00014080833484136725,0.0027047347487442557,0.07222222222222222,0.19281045751633988
Neural Plate 2,slc18a1,-3.8183217,-1.7949009,0.00013436266550318168,0.00259004215896195,0.10555555555555556,0.21568627450980393
Neural Plate 2,grb7,-3.8356166,-2.2041562,0.00012524967075907076,0.0024329742898237085,0.05416666666666667,0.17320261437908496
Neural Plate 2,lasp1,-3.8660614,-1.4904392,0.00011060710422941067,0.002169785948248644,0.075,0.1977124183006536
Neural Plate 2,rhbdl2,-3.875209,-2.2673156,0.0001065331654880622,0.002105670474741852,0.0375,0.16013071895424835
Neural Plate 2,acly,-3.8865724,-1.3548281,0.00010166964111442384,0.0020113628637877085,0.13194444444444445,0.24673202614379086
Neural Plate 2,pip4k2c,-3.8884304,-1.5054556,0.00010089456578733053,0.0019978405808033935,0.09027777777777778,0.21241830065359477
Neural Plate 2,acy3,-3.888645,-1.401601,0.00010080549379523958,0.0019978405808033935,0.1,0.22058823529411764
Neural Plate 2,lrrc59,-3.8953629,-1.0100677,9.805187895934323e-05,0.0019521807032589675,0.12638888888888888,0.25326797385620914
Neural Plate 2,slc35f2,-3.8965776,-1.1270581,9.756152988630192e-05,0.001945969052695607,0.12638888888888888,0.24836601307189543
Neural Plate 2,tdgf1.3,-3.9256647,-1.6997977,8.649059966516536e-05,0.0017394574887498373,0.06944444444444445,0.19281045751633988
Neural Plate 2,ly6g6c,-3.9302385,-2.841681,8.486165240575743e-05,0.001714598256616697,0.02638888888888889,0.1503267973856209
Neural Plate 2,mast1,-3.9322395,-1.3046547,8.415814241509196e-05,0.0017019599866911228,0.13055555555555556,0.24836601307189543
Neural Plate 2,LOC116407738,-3.9355984,-1.7484971,8.298962594452057e-05,0.001681445336801656,0.059722222222222225,0.184640522875817
Neural Plate 2,cyp4f22,-3.9375281,-1.7754768,8.232530251135793e-05,0.0016725820302341129,0.08194444444444444,0.20261437908496732
Neural Plate 2,LOC101732476,-3.9443889,-1.5105804,8.000374156441545e-05,0.001630029546850709,0.08611111111111111,0.20915032679738563
Neural Plate 2,prrg2,-3.9543228,-1.2856185,7.675174791542092e-05,0.0015681646921932584,0.09861111111111111,0.22549019607843138
Neural Plate 2,tpcn2,-3.9546087,-1.9806116,7.666004169277203e-05,0.0015677589220037284,0.05,0.17483660130718953
Neural Plate 2,avl9,-3.9603975,-1.4709407,7.48251333568587e-05,0.0015359917544496835,0.09583333333333334,0.21895424836601307
Neural Plate 2,rab27a,-3.973047,-2.2113223,7.09590367991138e-05,0.0014635133667234993,0.043055555555555555,0.16830065359477125
Neural Plate 2,LOC100489305,-3.9786928,-2.3610013,6.929518289160795e-05,0.0014332608396945754,0.041666666666666664,0.16666666666666666
Neural Plate 2,tmprss11f,-3.9884124,-2.1886294,6.651697067308455e-05,0.001379721308989903,0.04861111111111111,0.17320261437908496
Neural Plate 2,mast4,-4.001062,-1.4671642,6.305884423777179e-05,0.0013129838169011626,0.125,0.24509803921568626
Neural Plate 2,alas1,-4.004564,-1.2949001,6.21320165191118e-05,0.001298642464045535,0.11944444444444445,0.24509803921568626
Neural Plate 2,use1,-4.014283,-1.1759816,5.9626698813348186e-05,0.0012510713411596835,0.12222222222222222,0.24836601307189543
Neural Plate 2,palld,-4.018357,-1.043989,5.860538673509844e-05,0.0012308259325761145,0.18333333333333332,0.3022875816993464
Neural Plate 2,LOC100496053,-4.0295773,-1.873895,5.587727378234091e-05,0.0011780656919849863,0.09027777777777778,0.2107843137254902
Neural Plate 2,gal3st4.1,-4.030292,-2.116353,5.5707648014314796e-05,0.0011759828318855861,0.05555555555555555,0.18137254901960784
Neural Plate 2,camk1,-4.0574493,-1.5372744,4.9611612446516505e-05,0.0010510436846557637,0.11388888888888889,0.23529411764705882
Neural Plate 2,cracr2a,-4.07503,-2.045059,4.6008422889419985e-05,0.0009775557895521261,0.05138888888888889,0.17973856209150327
Neural Plate 2,slc6a16,-4.0874653,-1.6090946,4.36112135681778e-05,0.0009302446639992255,0.10555555555555556,0.22875816993464052
Neural Plate 2,LOC116406886,-4.0913243,-1.4372373,4.2891672032114426e-05,0.0009166887124512918,0.08333333333333333,0.21405228758169934
Neural Plate 2,amt,-4.0959697,-2.6249607,4.204049201029318e-05,0.0008993780158398113,0.03333333333333333,0.16176470588235295
Neural Plate 2,abo.4,-4.106761,-1.8706083,4.012457313457708e-05,0.0008626190249946861,0.06666666666666667,0.19607843137254902
Neural Plate 2,tbc1d8b,-4.113622,-1.5826209,3.894990937753192e-05,0.0008398477989398458,0.08888888888888889,0.21568627450980393
Neural Plate 2,cog1,-4.1224837,-1.0719361,3.748089178667238e-05,0.0008089718493343007,0.12361111111111112,0.2581699346405229
Neural Plate 2,ccdc125,-4.132203,-1.5597486,3.593023981701792e-05,0.0007770403994520793,0.07777777777777778,0.20915032679738563
Neural Plate 2,fbp1,-4.1570024,-2.0035453,3.22450827570009e-05,0.0007015154046266367,0.06527777777777778,0.19444444444444445
Neural Plate 2,osbpl8,-4.1688657,-1.0021092,3.061192756171204e-05,0.0006699928498737396,0.16111111111111112,0.29248366013071897
Neural Plate 2,gata3,-4.1753693,-1.0454936,2.9750318488486745e-05,0.0006531003015465486,0.19027777777777777,0.31699346405228757
Neural Plate 2,erbb3,-4.1762266,-1.6567649,2.9638435005689923e-05,0.000651299385960886,0.08194444444444444,0.21241830065359477
Neural Plate 2,pla2g7,-4.183659,-1.7481588,2.868539002363946e-05,0.0006322665613190269,0.07361111111111111,0.2042483660130719
Neural Plate 2,tbcd,-4.1876616,-1.5642203,2.8184352232378278e-05,0.0006224805162578203,0.08333333333333333,0.21405228758169934
Neural Plate 2,dhfr,-4.1890907,-2.2134447,2.8007435060204416e-05,0.0006191998383472347,0.044444444444444446,0.17647058823529413
Neural Plate 2,b4galt6,-4.204599,-1.8704928,2.6154538441066216e-05,0.000580588182423709,0.05416666666666667,0.18790849673202614
Neural Plate 2,fam184a,-4.205028,-1.2377056,2.6105001100177212e-05,0.000580078644609946,0.15833333333333333,0.28431372549019607
Neural Plate 2,cab39l,-4.2156763,-1.755843,2.4903066047397486e-05,0.0005556337466464832,0.07361111111111111,0.20588235294117646
Neural Plate 2,tmem63c,-4.2219653,-2.175977,2.421812364542281e-05,0.0005414586844946426,0.05416666666666667,0.18627450980392157
Neural Plate 2,sel1l,-4.235973,-1.1528851,2.275642028434487e-05,0.0005129833130420345,0.1361111111111111,0.2696078431372549
Neural Plate 2,nbas,-4.255841,-1.1466204,2.0826499691446976e-05,0.00047240649663936015,0.15555555555555556,0.28594771241830064
Neural Plate 2,cpt1al,-4.2745647,-1.5063032,1.9151089299798645e-05,0.0004348552753495382,0.1111111111111111,0.24183006535947713
Neural Plate 2,galnt6.3,-4.2933607,-1.9531327,1.7598877674286326e-05,0.00040086128364363454,0.06666666666666667,0.20098039215686275
Neural Plate 2,znf84,-4.296434,-1.1864841,1.7356782425831523e-05,0.00039576003063121175,0.13194444444444445,0.26633986928104575
Neural Plate 2,lmbrd2,-4.3011503,-1.4647168,1.6991358077504616e-05,0.00038783308013517597,0.08333333333333333,0.22058823529411764
Neural Plate 2,rax,-4.302008,-1.4233326,1.692570988701355e-05,0.00038673917847594,0.10138888888888889,0.23529411764705882
Neural Plate 2,tmed10l,-4.305867,-2.436509,1.6633272627851587e-05,0.0003804555995936577,0.0375,0.17320261437908496
Neural Plate 2,pi4k2b,-4.315444,-1.2981076,1.5928252496308815e-05,0.00036471185490236584,0.1111111111111111,0.24673202614379086
Neural Plate 2,fam3b,-4.3181596,-2.410246,1.5733564511722984e-05,0.0003606324697587261,0.044444444444444446,0.17973856209150327
Neural Plate 2,cndp2,-4.355394,-1.988186,1.3282794093808333e-05,0.00030768986191188067,0.08194444444444444,0.21405228758169934
Neural Plate 2,lypd6,-4.359896,-1.7938468,1.3012418945606397e-05,0.0003017470710011447,0.0763888888888889,0.21241830065359477
Neural Plate 2,abo.1,-4.362326,-3.5440295,1.2868692001010518e-05,0.00029904976374233285,0.015277777777777777,0.15359477124183007
Neural Plate 2,ovol2,-4.36447,-1.0491598,1.2743133100692238e-05,0.0002967640420386396,0.1875,0.31862745098039214
Neural Plate 2,clic1,-4.3669715,-2.1138477,1.2598125017295282e-05,0.0002937005192333337,0.05277777777777778,0.1895424836601307
Neural Plate 2,klf17,-4.3713307,-1.4852358,1.2349152416539376e-05,0.00028851269259240437,0.11527777777777778,0.25
Neural Plate 2,lgals3,-4.4009895,-2.2760253,1.0775834984631226e-05,0.00025365641337609274,0.0625,0.1977124183006536
Neural Plate 2,cast,-4.402276,-1.154965,1.071212233510031e-05,0.00025242896487497177,0.3611111111111111,0.46405228758169936
Neural Plate 2,slc37a1,-4.4029193,-2.487715,1.0680401052509114e-05,0.00025195354742356906,0.03333333333333333,0.17320261437908496
Neural Plate 2,golm1,-4.4118524,-1.6101816,1.024899676963009e-05,0.00024309060707619368,0.10555555555555556,0.238562091503268
Neural Plate 2,slc17a9,-4.4159975,-2.3384838,1.0054525441472995e-05,0.00023899760311370613,0.0375,0.1781045751633987
Neural Plate 2,syt16,-4.4427977,-2.174077,8.879673571332158e-06,0.0002124598212719726,0.06944444444444445,0.20588235294117646
Neural Plate 2,fam49a,-4.4510875,-1.1215725,8.543647032967604e-06,0.00020509452354937962,0.15,0.28921568627450983
Neural Plate 2,parm1,-4.4578056,-1.7448756,8.280298498625008e-06,0.00020009345906810223,0.08888888888888889,0.22549019607843138
Neural Plate 2,vill,-4.4590917,-1.9973526,8.2307631797901e-06,0.00019911694384279355,0.06111111111111111,0.20098039215686275
Neural Plate 2,aldh1l1,-4.461951,-1.5650009,8.121696839562087e-06,0.0001971340898065454,0.11944444444444445,0.2549019607843137
Neural Plate 2,nipal3,-4.467882,-1.8132439,7.89977521918974e-06,0.00019217502236113635,0.1,0.23366013071895425
Neural Plate 2,gclc,-4.4695973,-1.2649873,7.836693357524833e-06,0.00019085322070820242,0.3888888888888889,0.4738562091503268
Neural Plate 2,LOC100487973,-4.4766726,-1.9172407,7.581534595073854e-06,0.00018505219955157335,0.06805555555555555,0.20915032679738563
Neural Plate 2,ufl1,-4.490394,-1.3111712,7.1091449536489206e-06,0.00017449792129760753,0.12083333333333333,0.26143790849673204
Neural Plate 2,angpt4,-4.494039,-3.7776275,6.9884789945809425e-06,0.00017172927943778237,0.0125,0.15522875816993464
Neural Plate 2,LOC101730242,-4.5013285,-1.7813553,6.75299795432915e-06,0.00016612984031726761,0.06527777777777778,0.20751633986928106
Neural Plate 2,upk3a,-4.5028296,-1.6386245,6.705467940688035e-06,0.0001652023085696049,0.09166666666666666,0.23202614379084968
Neural Plate 2,rint1,-4.5042586,-1.4606913,6.6604989063891295e-06,0.000164410346873662,0.1,0.24183006535947713
Neural Plate 2,elovl7,-4.506617,-1.9111944,6.586930083166207e-06,0.0001631480151472983,0.09583333333333334,0.23039215686274508
Neural Plate 2,spag1,-4.5249844,-1.1083416,6.040002776912829e-06,0.00015011264304671396,0.20416666666666666,0.33169934640522875
Neural Plate 2,cfap61,-4.5300584,-1.6551383,5.8967412584298414e-06,0.00014671925997742025,0.09305555555555556,0.23366013071895425
Neural Plate 2,rab40b,-4.5337033,-2.7386212,5.795848280554776e-06,0.0001443735220661938,0.034722222222222224,0.17647058823529413
Neural Plate 2,pc.2,-4.53599,-1.1477557,5.733388758811355e-06,0.00014298088697831153,0.4166666666666667,0.5049019607843137
Neural Plate 2,ehd4,-4.538849,-2.0435271,5.656220046987373e-06,0.00014137958493162824,0.06944444444444445,0.2107843137254902
Neural Plate 2,ap1s3,-4.552856,-2.3233685,5.2922456748210775e-06,0.00013289078581158888,0.05416666666666667,0.19607843137254902
Neural Plate 2,LOC100489670,-4.5639334,-1.6041827,5.02039859124868e-06,0.00012650129060004324,0.1375,0.2696078431372549
Neural Plate 2,anxa9,-4.5741534,-1.7621576,4.781497964482985e-06,0.0001209004253568751,0.12083333333333333,0.25326797385620914
Neural Plate 2,scn5a,-4.5851593,-1.7343214,4.536408503288575e-06,0.00011518222276605782,0.1125,0.24836601307189543
Neural Plate 2,asb9,-4.5968795,-2.608531,4.288651829311869e-06,0.00010907071278253414,0.034722222222222224,0.17973856209150327
Neural Plate 2,tmed5,-4.6035976,-1.5461355,4.152546313906742e-06,0.00010597978142194038,0.08333333333333333,0.23039215686274508
Neural Plate 2,rab25,-4.6083145,-1.941836,4.059466831809047e-06,0.00010384715795651256,0.07777777777777778,0.21895424836601307
Neural Plate 2,slco2b1,-4.6096005,-1.7857845,4.034430608650214e-06,0.00010344924830946688,0.08194444444444444,0.22549019607843138
Neural Plate 2,LOC394967,-4.6113873,-1.3980355,3.999903455246688e-06,0.00010268458034933881,0.2861111111111111,0.39705882352941174
Neural Plate 2,capns2,-4.614746,-1.6687983,3.935757598920832e-06,0.00010115685107897699,0.11805555555555555,0.2565359477124183
Neural Plate 2,cd9,-4.6148176,-1.8335736,3.934403564548649e-06,0.00010115685107897699,0.06666666666666667,0.21241830065359477
Neural Plate 2,prss27,-4.6310406,-2.6840112,3.63832311490023e-06,9.384379277805901e-05,0.03333333333333333,0.17973856209150327
Neural Plate 2,slc6a9,-4.644405,-1.3106725,3.410579650779517e-06,8.85979268567379e-05,0.14722222222222223,0.28921568627450983
Neural Plate 2,copg1,-4.6474066,-1.1943796,3.361342310241407e-06,8.752726796154861e-05,0.15694444444444444,0.2973856209150327
Neural Plate 2,alg5,-4.64905,-1.0970702,3.3346686148050628e-06,8.693644425765983e-05,0.14444444444444443,0.29411764705882354
Neural Plate 2,slc35e1,-4.652552,-1.4047456,3.2785173099320992e-06,8.567727691021358e-05,0.1111111111111111,0.2581699346405229
Neural Plate 2,LOC100497175,-4.66706,-1.8813784,3.055402468794481e-06,8.032763526694502e-05,0.07361111111111111,0.21895424836601307
Neural Plate 2,cd164,-4.72652,-1.7575407,2.2840008453398153e-06,6.070545973953729e-05,0.075,0.22549019607843138
Neural Plate 2,gch1,-4.72945,-2.2263649,2.251285226591013e-06,6.002428536827296e-05,0.0763888888888889,0.22058823529411764
Neural Plate 2,pld3,-4.7363825,-1.313363,2.1756668052479235e-06,5.8251810254374156e-05,0.10972222222222222,0.26143790849673204
Neural Plate 2,stard9,-4.744458,-1.9438221,2.0906500555983453e-06,5.611325321428228e-05,0.08055555555555556,0.22712418300653595
Neural Plate 2,LOC100486361,-4.765255,-1.9273156,1.8861482958914048e-06,5.112750554614453e-05,0.08611111111111111,0.23202614379084968
Neural Plate 2,lpcat4,-4.777333,-1.4682173,1.776354648438253e-06,4.82112372929989e-05,0.21666666666666667,0.3431372549019608
Neural Plate 2,scamp2,-4.7808347,-2.510714,1.7456871001824861e-06,4.74379056202765e-05,0.044444444444444446,0.19444444444444445
Neural Plate 2,erbb2,-4.79327,-1.2309803,1.6408449346379284e-06,4.470022137170317e-05,0.16666666666666666,0.31209150326797386
Neural Plate 2,fam83e,-4.8047047,-2.117229,1.54980038130816e-06,4.23256497127977e-05,0.08333333333333333,0.22712418300653595
Neural Plate 2,LOC100492758,-4.810208,-2.482732,1.507735595810364e-06,4.128017369658464e-05,0.043055555555555555,0.19444444444444445
Neural Plate 2,ttc39a,-4.8325768,-2.2406802,1.3477712850772358e-06,3.7039946110416074e-05,0.06944444444444445,0.2173202614379085
Neural Plate 2,vwf,-4.836293,-2.086065,1.3228288266343114e-06,3.649234870542011e-05,0.075,0.2238562091503268
Neural Plate 2,LOC101730864,-4.8363643,-1.8473241,1.3223535425814306e-06,3.649234870542011e-05,0.11666666666666667,0.25980392156862747
Neural Plate 2,hpdl,-4.852373,-1.6269732,1.2199289456316816e-06,3.382473891058313e-05,0.10138888888888889,0.25
Neural Plate 2,cyb561,-4.873313,-1.064,1.0974228135638562e-06,3.074051760561862e-05,0.20555555555555555,0.3480392156862745
Neural Plate 2,acp3,-4.8911796,-1.5362017,1.0023354174598192e-06,2.825834773177095e-05,0.15555555555555556,0.29411764705882354
Neural Plate 2,fcgbp,-4.8968253,-1.5085807,9.73973593120247e-07,2.7504275992765818e-05,0.20416666666666666,0.3415032679738562
Neural Plate 2,ankdd1b,-4.9169073,-1.7483702,8.792210281754413e-07,2.4981096426844144e-05,0.15138888888888888,0.2908496732026144
Neural Plate 2,eps8l1,-4.9192657,-1.7928841,8.68694273027802e-07,2.477879442057473e-05,0.1597222222222222,0.29411764705882354
Neural Plate 2,fucolectin,-4.954499,-1.4831458,7.251692745607232e-07,2.0875882242994117e-05,0.25416666666666665,0.3790849673202614
Neural Plate 2,cmtm4,-4.9754386,-1.4637033,6.510005580354098e-07,1.8815209505815466e-05,0.13472222222222222,0.28594771241830064
Neural Plate 2,rpn2,-4.979012,-1.012052,6.390969086815402e-07,1.8495667963315503e-05,0.20833333333333334,0.35947712418300654
Neural Plate 2,fam3d,-4.9984508,-2.2187111,5.77927165383059e-07,1.681459823443164e-05,0.06111111111111111,0.2173202614379085
Neural Plate 2,nr1i3,-5.0020957,-2.3011458,5.671042294979941e-07,1.6521737505842095e-05,0.05694444444444444,0.21241830065359477
Neural Plate 2,mob2.2,-5.0033107,-1.115505,5.635402044881755e-07,1.6439854013551442e-05,0.19305555555555556,0.3431372549019608
Neural Plate 2,dmxl1,-5.0083847,-1.3112787,5.48887201768376e-07,1.60768693017285e-05,0.24583333333333332,0.3741830065359477
Neural Plate 2,flnb,-5.0175323,-1.1586066,5.23393474054781e-07,1.535076478138357e-05,0.3638888888888889,0.477124183006536
Neural Plate 2,axl,-5.018962,-1.391708,5.195146687343028e-07,1.525750953761941e-05,0.11527777777777778,0.27450980392156865
Neural Plate 2,hexdl,-5.027252,-1.9580615,4.975583868078391e-07,1.4652120861719106e-05,0.125,0.2696078431372549
Neural Plate 2,itpka,-5.028324,-1.6555872,4.947854121792063e-07,1.459015199886819e-05,0.10833333333333334,0.26143790849673204
Neural Plate 2,frk,-5.04812,-2.522504,4.461783018324649e-07,1.3246335679300974e-05,0.05,0.20751633986928106
Neural Plate 2,arhgap27,-5.0531945,-1.4731567,4.344813094990626e-07,1.2951935320463177e-05,0.1388888888888889,0.2908496732026144
Neural Plate 2,casd1,-5.075063,-1.3131244,3.8736726185322505e-07,1.1642893968180748e-05,0.2833333333333333,0.4035947712418301
Neural Plate 2,LOC100493464,-5.0967174,-2.0970778,3.455932967668027e-07,1.0416010122580666e-05,0.09444444444444444,0.24673202614379086
Neural Plate 2,gclm,-5.09879,-1.0568069,3.418313057384572e-07,1.0316875411506049e-05,0.18333333333333332,0.3464052287581699
Neural Plate 2,LOC100496344,-5.119301,-4.3581667,3.066700778301355e-07,9.333121015803886e-06,0.011111111111111112,0.17320261437908496
Neural Plate 2,tnk2l,-5.1477447,-2.3948734,2.636368358083869e-07,8.102562527006775e-06,0.04861111111111111,0.2107843137254902
Neural Plate 2,sptlc2,-5.155463,-1.6087588,2.5300473313804055e-07,7.797763109894326e-06,0.12638888888888888,0.2826797385620915
Neural Plate 2,gpa33,-5.162824,-1.4814541,2.432514883268899e-07,7.518400462862696e-06,0.11944444444444445,0.28104575163398693
Neural Plate 2,copb1,-5.1887665,-1.1074282,2.1169144889978597e-07,6.585278515789089e-06,0.19027777777777777,0.35130718954248363
Neural Plate 2,kiaa1324,-5.191125,-1.6134042,2.0902715322251106e-07,6.515973586383449e-06,0.19027777777777777,0.3300653594771242
Neural Plate 2,capn1,-5.209063,-1.3367298,1.8979645711746365e-07,5.941963401377582e-06,0.23333333333333334,0.36764705882352944
Neural Plate 2,pick1,-5.227716,-1.5612111,1.7161684355714172e-07,5.388275026273941e-06,0.10555555555555556,0.27124183006535946
Neural Plate 2,LOC100492852,-5.2319326,-1.2312295,1.6774697239078416e-07,5.27436121691542e-06,0.43333333333333335,0.5310457516339869
Neural Plate 2,sytl2,-5.23572,-1.0499321,1.6434269234627363e-07,5.174779061598899e-06,0.6041666666666666,0.6715686274509803
Neural Plate 2,LOC100216141,-5.249442,-1.6776317,1.5256072481805763e-07,4.817695479384711e-06,0.14166666666666666,0.29411764705882354
Neural Plate 2,srpra,-5.252086,-1.17763,1.5038609266261563e-07,4.755905692740487e-06,0.17777777777777778,0.3366013071895425
Neural Plate 2,ssr3,-5.2556596,-1.0653746,1.474949765615962e-07,4.671245114006662e-06,0.20555555555555555,0.3660130718954248
Neural Plate 2,wdr1,-5.273026,-1.6426139,1.3419263068842536e-07,4.268538475586195e-06,0.10972222222222222,0.27124183006535946
Neural Plate 2,rab11fip1,-5.2786717,-1.8022623,1.301236669541637e-07,4.151211310828664e-06,0.09444444444444444,0.2581699346405229
Neural Plate 2,arhgef16,-5.2861757,-1.3697585,1.24899902186511e-07,3.990396435742103e-06,0.18888888888888888,0.3382352941176471
Neural Plate 2,b3gnt3.2,-5.323982,-1.2256935,1.0152016784104631e-07,3.2721884526727794e-06,0.24027777777777778,0.38235294117647056
Neural Plate 2,b4galt1l,-5.3268404,-2.432311,9.993596226472897e-08,3.225891468311614e-06,0.058333333333333334,0.2238562091503268
Neural Plate 2,nectin4,-5.3378463,-2.0678196,9.405721227241536e-08,3.0496618558638567e-06,0.05416666666666667,0.22549019607843138
Neural Plate 2,atp2a3,-5.345207,-1.0994654,9.031366859578767e-08,2.932640717899826e-06,0.3375,0.47058823529411764
Neural Plate 2,scfd1,-5.350496,-1.0466353,8.771360817178946e-08,2.8567143939054e-06,0.18888888888888888,0.35947712418300654
Neural Plate 2,sec24d,-5.361287,-1.3843346,8.263101017863989e-08,2.695203696723619e-06,0.17916666666666667,0.3333333333333333
Neural Plate 2,eif2ak3,-5.378725,-1.0084596,7.501514940320421e-08,2.46893751904573e-06,0.2125,0.3839869281045752
Neural Plate 2,ugcg,-5.3910174,-1.9579172,7.00599031536399e-08,2.3163290101751157e-06,0.08888888888888889,0.2549019607843137
Neural Plate 2,sh3gl2,-5.393876,-1.1187845,6.895379959375465e-08,2.2866882385035263e-06,0.24444444444444444,0.39869281045751637
Neural Plate 2,pgap6,-5.4016657,-1.6018482,6.60248362981608e-08,2.1995846608582696e-06,0.11527777777777778,0.28104575163398693
Neural Plate 2,hspa5,-5.4068117,-1.1683875,6.415660063943208e-08,2.1438915506172244e-06,0.19166666666666668,0.35784313725490197
Neural Plate 2,slc25a1,-5.411028,-1.3389703,6.26639595920189e-08,2.0972243286157127e-06,0.17222222222222222,0.3349673202614379
Neural Plate 2,slc9a1,-5.4144583,-1.2726825,6.147448054154692e-08,2.060575483712896e-06,0.14166666666666666,0.3137254901960784
Neural Plate 2,fam83f,-5.4211764,-2.2630372,5.920813012768901e-08,1.987662473102003e-06,0.07222222222222222,0.238562091503268
Neural Plate 2,sh3bp4,-5.4688444,-1.3339446,4.529787324299578e-08,1.5420357130037611e-06,0.13055555555555556,0.3055555555555556
Neural Plate 2,marveld3,-5.4698453,-1.9287467,4.504290410216539e-08,1.5363712614379752e-06,0.08611111111111111,0.2565359477124183
Neural Plate 2,grk6,-5.472275,-1.3257517,4.4429472275824955e-08,1.5195854459730038e-06,0.22777777777777777,0.3758169934640523
Neural Plate 2,LOC100492585,-5.480422,-1.7905021,4.243121194454023e-08,1.4580968123493108e-06,0.14027777777777778,0.3006535947712418
Neural Plate 2,slc18a2,-5.4881406,-2.118037,4.061867499159593e-08,1.400221338059423e-06,0.09027777777777778,0.2565359477124183
Neural Plate 2,crybg1,-5.502934,-1.444287,3.7352189231188326e-08,1.2978696197671346e-06,0.2833333333333333,0.4084967320261438
Neural Plate 2,atp13a2,-5.5075083,-1.9221549,3.639487723053336e-08,1.2686463515135278e-06,0.0875,0.2581699346405229
Neural Plate 2,ssr4,-5.529091,-1.098512,3.218943689252869e-08,1.1256501641536356e-06,0.1986111111111111,0.3709150326797386
Neural Plate 2,slc33a1,-5.536381,-1.5064714,3.0878619446433184e-08,1.0867779918397072e-06,0.12916666666666668,0.29901960784313725
Neural Plate 2,vps53,-5.5708275,-1.3178725,2.5353221615435028e-08,8.995652827161101e-07,0.16111111111111112,0.33169934640522875
Neural Plate 2,abcg2,-5.5749726,-2.0571437,2.4756883695511485e-08,8.812723639800263e-07,0.11666666666666667,0.2826797385620915
Neural Plate 2,kif5a,-5.5819764,-2.5966923,2.3780074947045706e-08,8.492717109975195e-07,0.07361111111111111,0.24183006535947713
Neural Plate 2,trim29,-5.584835,-1.2700633,2.3392220227844232e-08,8.367895698226049e-07,0.425,0.5310457516339869
Neural Plate 2,lman1,-5.5931253,-1.033716,2.230184386489737e-08,8.03050387749052e-07,0.23333333333333334,0.4019607843137255
Neural Plate 2,xbp1,-5.6292157,-1.0658797,1.8103078599316036e-08,6.561914918865036e-07,0.2513888888888889,0.4150326797385621
Neural Plate 2,sgk1,-5.635433,-2.2431421,1.746186162759658e-08,6.340021340695258e-07,0.06388888888888888,0.24019607843137256
Neural Plate 2,entpd4,-5.6400785,-1.1087749,1.6997242172962392e-08,6.181613690936873e-07,0.2125,0.3839869281045752
Neural Plate 2,LOC733521,-5.6637344,-2.6079729,1.4811377303422397e-08,5.431917044335801e-07,0.06666666666666667,0.24019607843137256
Neural Plate 2,capn9,-5.6714525,-2.012104,1.4159177178376714e-08,5.201471468171015e-07,0.1486111111111111,0.30718954248366015
Neural Plate 2,ntan1,-5.6933928,-2.362547,1.245393635693452e-08,4.629597022907465e-07,0.059722222222222225,0.2369281045751634
Neural Plate 2,pfkp,-5.715119,-1.6951283,1.0962744193718104e-08,4.0891972829251754e-07,0.1875,0.3431372549019608
Neural Plate 2,gabbr1,-5.720979,-1.0744628,1.0591197855768097e-08,3.9573720618273227e-07,0.24444444444444444,0.4166666666666667
Neural Plate 2,rnd1,-5.724195,-1.0315571,1.0392531743463924e-08,3.8964851404489053e-07,0.25277777777777777,0.42320261437908496
Neural Plate 2,gadd45a,-5.7705054,-1.3941935,7.903412102461988e-09,2.988809355966179e-07,0.15416666666666667,0.3333333333333333
Neural Plate 2,LOC101732788,-5.7838697,-1.6603986,7.300149862529269e-09,2.7655654539974163e-07,0.21666666666666667,0.3741830065359477
Neural Plate 2,cldn7,-5.809026,-1.270684,6.283734505879074e-09,2.40556790618925e-07,0.15555555555555556,0.3431372549019608
Neural Plate 2,msln,-5.843473,-1.1938285,5.112361778505935e-09,1.96402898536581e-07,0.5666666666666667,0.6584967320261438
Neural Plate 2,cert1,-5.8479753,-1.112831,4.975924078089246e-09,1.914984820246657e-07,0.27361111111111114,0.4297385620915033
Neural Plate 2,fa2h,-5.859553,-1.9340618,4.641150127405915e-09,1.7893027726170398e-07,0.14166666666666666,0.3104575163398693
Neural Plate 2,acacb,-5.9046483,-1.2235271,3.5339967915652904e-09,1.384476552760255e-07,0.2,0.37745098039215685
Neural Plate 2,muc4,-5.9228725,-1.0630989,3.1636635720548926e-09,1.2461065488413322e-07,0.6263888888888889,0.7156862745098039
Neural Plate 2,prkcb,-5.923516,-1.2355006,3.1513085553074736e-09,1.2457373910392098e-07,0.3111111111111111,0.4542483660130719
Neural Plate 2,tmem45b,-5.9258738,-2.0438397,3.106407475768161e-09,1.2302162890877866e-07,0.10694444444444444,0.28431372549019607
Neural Plate 2,kitlg,-5.949315,-1.5736449,2.6926690655853732e-09,1.0741632848288561e-07,0.2777777777777778,0.4166666666666667
Neural Plate 2,mpzl2,-5.961679,-1.3919235,2.496595516679503e-09,1.0014376979680778e-07,0.18888888888888888,0.3660130718954248
Neural Plate 2,tspan15,-5.9666815,-1.7833774,2.421274474935915e-09,9.802343287119963e-08,0.1111111111111111,0.29411764705882354
Neural Plate 2,enc1,-5.9780445,-1.74151,2.258318351410866e-09,9.159621700025373e-08,0.1,0.28921568627450983
Neural Plate 2,krt12.3,-5.9896936,-1.1756474,2.1023657302976897e-09,8.558903470303337e-08,0.4263888888888889,0.5473856209150327
Neural Plate 2,nedd4l,-5.989765,-1.6649164,2.10144213286752e-09,8.558903470303337e-08,0.10972222222222222,0.2973856209150327
Neural Plate 2,LOC100486640,-6.01242,-1.9323195,1.8277389212864128e-09,7.482756285439177e-08,0.09583333333333334,0.28431372549019607
Neural Plate 2,sorl1,-6.01435,-1.0442698,1.8061021623374551e-09,7.422025477281659e-08,0.26666666666666666,0.44281045751633985
Neural Plate 2,elf1,-6.015636,-1.9318857,1.79181652405157e-09,7.377212900250814e-08,0.09166666666666666,0.27941176470588236
Neural Plate 2,iffo2,-6.0524416,-1.2939256,1.4266684397002644e-09,5.9185041868249945e-08,0.15833333333333333,0.35130718954248363
Neural Plate 2,prkcd,-6.0838156,-1.3981464,1.1735576153954137e-09,4.896405492455702e-08,0.16666666666666666,0.35130718954248363
Neural Plate 2,pdia6,-6.084959,-1.0526487,1.1652126521013905e-09,4.8709013949242226e-08,0.2611111111111111,0.44281045751633985
Neural Plate 2,anxa2,-6.0938206,-1.7143351,1.102471571827267e-09,4.635266313842542e-08,0.125,0.31209150326797386
Neural Plate 2,anxa4,-6.1003957,-1.8379738,1.0580626500111713e-09,4.465761138470748e-08,0.1361111111111111,0.31699346405228757
Neural Plate 2,adgrf1,-6.105756,-2.1319995,1.0231546489778907e-09,4.335195649581855e-08,0.0875,0.2761437908496732
Neural Plate 2,LOC100497338,-6.113903,-2.0583856,9.722353026787623e-10,4.135506148100053e-08,0.11388888888888889,0.29411764705882354
Neural Plate 2,ift46,-6.1336274,-1.284923,8.589745380069061e-10,3.668039803101506e-08,0.19027777777777777,0.3741830065359477
Neural Plate 2,hacl1,-6.1515656,-2.4152708,7.672170719702725e-10,3.28908521168238e-08,0.05277777777777778,0.24836601307189543
Neural Plate 2,tbc1d14,-6.1537814,-1.083116,7.565703745220987e-10,3.249827193395023e-08,0.2625,0.4362745098039216
Neural Plate 2,ag1,-6.1640725,-1.6024529,7.08974932618042e-10,3.0574193685095446e-08,0.17222222222222222,0.35130718954248363
Neural Plate 2,syt8,-6.1720767,-2.0904667,6.739879376758888e-10,2.9122952055496176e-08,0.07083333333333333,0.26633986928104575
Neural Plate 2,col27a1,-6.1850123,-1.1727707,6.209768489063949e-10,2.6939037415480006e-08,0.24583333333333332,0.42810457516339867
Neural Plate 2,tbc1d30,-6.195375,-1.8088177,5.814648855433458e-10,2.527518977577958e-08,0.125,0.3104575163398693
Neural Plate 2,krt7,-6.202593,-1.204921,5.554035810251673e-10,2.4234536903711276e-08,0.4708333333333333,0.5931372549019608
Neural Plate 2,grhl3,-6.2042365,-1.3589138,5.496301231111621e-10,2.4035027888594523e-08,0.4625,0.5620915032679739
Neural Plate 2,alpl,-6.2049513,-1.7085601,5.471382295567135e-10,2.397410302641977e-08,0.14583333333333334,0.3284313725490196
Neural Plate 2,wasl,-6.2444725,-1.1200618,4.252329206966961e-10,1.8975475587980787e-08,0.22916666666666666,0.42483660130718953
Neural Plate 2,evpl,-6.2504754,-1.3885776,4.0920457887394045e-10,1.833522200330237e-08,0.30972222222222223,0.45751633986928103
Neural Plate 2,cpne1,-6.252191,-1.841418,4.047344134763749e-10,1.8172242050345633e-08,0.1125,0.30392156862745096
Neural Plate 2,ugt3a2,-6.264269,-1.8651339,3.7457909607796535e-10,1.6922754566288367e-08,0.16527777777777777,0.3431372549019608
Neural Plate 2,snx33,-6.2748456,-1.4907869,3.499810411094803e-10,1.584426617852691e-08,0.13472222222222222,0.3333333333333333
Neural Plate 2,spint1,-6.287424,-1.5465559,3.2277713567983095e-10,1.4673583078478315e-08,0.14444444444444443,0.3382352941176471
Neural Plate 2,uba5,-6.2964287,-1.8189752,3.0458126896708873e-10,1.3875298267496541e-08,0.10416666666666667,0.3006535947712418
Neural Plate 2,arfip2,-6.3067913,-1.1656421,2.8487941200481957e-10,1.3059566490246151e-08,0.28055555555555556,0.4493464052287582
Neural Plate 2,LOC100486856,-6.3314476,-2.5636446,2.4287200430890455e-10,1.122819916530637e-08,0.06111111111111111,0.2581699346405229
Neural Plate 2,lrba,-6.35303,-1.3822278,2.111140919023802e-10,9.801533190216678e-09,0.25833333333333336,0.42810457516339867
Neural Plate 2,LOC100496311,-6.357247,-3.5812836,2.0540177942899916e-10,9.556657204520662e-09,0.025,0.22549019607843138
Neural Plate 2,golph3l,-6.3619637,-1.9760361,1.9919059039958924e-10,9.287474087840678e-09,0.11527777777777778,0.3055555555555556
Neural Plate 2,osbpl2,-6.369039,-1.5701431,1.9021642715564399e-10,8.888035668015647e-09,0.23472222222222222,0.4035947712418301
Neural Plate 2,slc39a5,-6.411347,-1.6536875,1.4423935333332964e-10,6.8126556906636064e-09,0.12638888888888888,0.3284313725490196
Neural Plate 2,slc41a2,-6.414706,-1.5021129,1.410948311748936e-10,6.678590696458466e-09,0.1736111111111111,0.3627450980392157
Neural Plate 2,chpf,-6.4201374,-1.0387655,1.3615128950403326e-10,6.47267383064817e-09,0.36527777777777776,0.5147058823529411
Neural Plate 2,znf185,-6.429071,-1.40964,1.2838627251382694e-10,6.130233812963278e-09,0.32222222222222224,0.4673202614379085
Neural Plate 2,f11r,-6.4591584,-1.1401857,1.052869113306052e-10,5.060497119262414e-09,0.22916666666666666,0.42810457516339867
Neural Plate 2,slc35d1,-6.4839573,-1.0673404,8.93475371970178e-11,4.322954787530212e-09,0.2902777777777778,0.47058823529411764
Neural Plate 2,tram1,-6.4928193,-1.0319488,8.424480655312044e-11,4.085124275101425e-09,0.30694444444444446,0.49019607843137253
Neural Plate 2,lgalsl,-6.493748,-1.7598035,8.372664337320969e-11,4.069040278500688e-09,0.15138888888888888,0.3431372549019608
Neural Plate 2,upk2,-6.49968,-2.094699,8.049107480830823e-11,3.9292969650829845e-09,0.12361111111111112,0.315359477124183
Neural Plate 2,LOC100487159,-6.506112,-1.5506736,7.712076876892231e-11,3.773211424454381e-09,0.2152777777777778,0.39705882352941174
Neural Plate 2,LOC100493594,-6.522192,-1.7562147,6.928726798925512e-11,3.4129062636422936e-09,0.12777777777777777,0.32679738562091504
Neural Plate 2,elovl3,-6.5915146,-2.1586876,4.353619483062336e-11,2.1739206118970993e-09,0.1361111111111111,0.3235294117647059
Neural Plate 2,slc2a11.3,-6.59616,-2.5505366,4.219436947329758e-11,2.1166053707513253e-09,0.06944444444444445,0.272875816993464
Neural Plate 2,hip1r,-6.5973034,-1.0511205,4.187033096753066e-11,2.105190073830614e-09,0.32083333333333336,0.5049019607843137
Neural Plate 2,hes4,-6.646258,-1.2587076,3.0063790756626095e-11,1.5220927566133132e-09,0.17083333333333334,0.38562091503267976
Neural Plate 2,rspo2,-6.654691,-1.5692793,2.8389554936496007e-11,1.4406708796959984e-09,0.27361111111111114,0.43790849673202614
Neural Plate 2,stx3,-6.692211,-2.4545426,2.1982333787895735e-11,1.1286506013780538e-09,0.06666666666666667,0.27450980392156865
Neural Plate 2,ap3b1,-6.7190113,-1.466352,1.829618843690238e-11,9.460690234162247e-10,0.28888888888888886,0.4526143790849673
Neural Plate 2,dnah5,-6.728016,-1.7441621,1.719920467179488e-11,8.935805836743715e-10,0.25277777777777777,0.42810457516339867
Neural Plate 2,slc8a1,-6.757103,-1.4364785,1.4077820336609841e-11,7.349093721654625e-10,0.30833333333333335,0.4722222222222222
Neural Plate 2,atp1b2,-6.766894,-2.3687391,1.3157654131786421e-11,6.901758913694987e-10,0.08055555555555556,0.28921568627450983
Neural Plate 2,LOC116408821,-6.777685,-1.4770038,1.2211646886477863e-11,6.436481804585349e-10,0.24722222222222223,0.43137254901960786
Neural Plate 2,scel,-6.797267,-1.9737076,1.0662225343137626e-11,5.674644371039174e-10,0.14583333333333334,0.3431372549019608
Neural Plate 2,tm9sf2,-6.7979817,-1.281869,1.06094817503271e-11,5.660379004251533e-10,0.34305555555555556,0.5032679738562091
Neural Plate 2,rasef,-6.799483,-2.102266,1.0499550809440113e-11,5.615458289529233e-10,0.09305555555555556,0.30392156862745096
Neural Plate 2,ccdc186,-6.8004117,-1.1452036,1.043205834758636e-11,5.593069906699802e-10,0.2708333333333333,0.46568627450980393
Neural Plate 2,gfod1,-6.830928,-2.249254,8.436707873350299e-12,4.6024350626094214e-10,0.1111111111111111,0.315359477124183
Neural Plate 2,pdxdc1,-6.847651,-1.8097494,7.507233533896374e-12,4.115963390531477e-10,0.2,0.38562091503267976
Neural Plate 2,sgsm3,-6.854369,-2.0950315,7.162794510268906e-12,3.9370110581505746e-10,0.1361111111111111,0.3366013071895425
Neural Plate 2,cers2,-6.8562984,-2.0016766,7.066756060991121e-12,3.8940324244163443e-10,0.11944444444444445,0.32516339869281047
Neural Plate 2,capn13,-6.872021,-1.5821711,6.329848783019661e-12,3.505675895793706e-10,0.25555555555555554,0.4297385620915033
Neural Plate 2,tpm4,-6.877596,-2.1355376,6.087111831287899e-12,3.388440491595236e-10,0.10277777777777777,0.31209150326797386
Neural Plate 2,gad1.2,-6.883742,-2.1352787,5.830047986303484e-12,3.253643915834484e-10,0.11527777777777778,0.32189542483660133
Neural Plate 2,pdia4,-6.8923893,-1.5502001,5.48629710949112e-12,3.0696535699027107e-10,0.19166666666666668,0.3872549019607843
Neural Plate 2,rab15,-6.9021087,-2.3679287,5.123616842097169e-12,2.8815062657577914e-10,0.06805555555555555,0.28594771241830064
Neural Plate 2,slc43a1,-6.909327,-2.3660724,4.869585405488539e-12,2.7528296148488444e-10,0.11666666666666667,0.3202614379084967
Neural Plate 2,anxa11,-6.910042,-2.0338256,4.8451160012078586e-12,2.746111071749524e-10,0.1486111111111111,0.3464052287581699
Neural Plate 2,grhl1,-6.9121857,-1.2612993,4.77242871291267e-12,2.711957472512171e-10,0.3972222222222222,0.5441176470588235
Neural Plate 2,irf6,-6.9356265,-1.3485433,4.044243268235773e-12,2.3162580670911498e-10,0.1986111111111111,0.41013071895424835
Neural Plate 2,stard10,-6.9466324,-2.6862838,3.741084581505225e-12,2.1539368510033119e-10,0.05277777777777778,0.27124183006535946
Neural Plate 2,nfxl1,-6.952636,-1.4385209,3.5852357887333745e-12,2.0696674641785973e-10,0.2111111111111111,0.4035947712418301
Neural Plate 2,myo6,-6.983795,-1.0888338,2.8731078439603323e-12,1.6673959112515536e-10,0.39444444444444443,0.5669934640522876
Neural Plate 2,slc35d2,-6.989727,-2.7724361,2.7542175345138337e-12,1.6026608218833696e-10,0.05416666666666667,0.272875816993464
Neural Plate 2,sacm1l,-7.004735,-1.4098897,2.4745384226820283e-12,1.4476381480253228e-10,0.2222222222222222,0.41830065359477125
Neural Plate 2,plekha8,-7.008451,-2.130344,2.409706127344087e-12,1.4134999302358959e-10,0.1,0.315359477124183
Neural Plate 2,ikzf2,-7.0644097,-2.0183141,1.6130028083211715e-12,9.564493010971817e-11,0.1597222222222222,0.3562091503267974
Neural Plate 2,LOC100485898,-7.072271,-1.6125885,1.5241843066707511e-12,9.062459334022469e-11,0.19305555555555556,0.3954248366013072
Neural Plate 2,fhod1,-7.080061,-1.2390707,1.4409120148693544e-12,8.590748927995679e-11,0.2708333333333333,0.477124183006536
Neural Plate 2,ppp1r14a,-7.120654,-1.9367719,1.0741621579800591e-12,6.439366057495294e-11,0.11527777777777778,0.3333333333333333
Neural Plate 2,atg2a,-7.1659636,-1.7105511,7.724119897350993e-13,4.68188945222489e-11,0.14027777777777778,0.3627450980392157
Neural Plate 2,gfpt1,-7.173539,-1.1775776,7.30832913735793e-13,4.454610338164452e-11,0.6097222222222223,0.6895424836601307
Neural Plate 2,nos2,-7.1800427,-3.5932956,6.968964540853753e-13,4.27162290016769e-11,0.03333333333333333,0.2581699346405229
Neural Plate 2,ezr,-7.217634,-2.221386,5.289978947766412e-13,3.288678935020252e-11,0.10416666666666667,0.32189542483660133
Neural Plate 2,slc38a10,-7.2240663,-1.0192589,5.04556824395452e-13,3.1547090157974666e-11,0.37083333333333335,0.5604575163398693
Neural Plate 2,pkp3,-7.254297,-1.334424,4.03754543554147e-13,2.5389993933415103e-11,0.3055555555555556,0.5
Neural Plate 2,smap1,-7.254511,-1.4085,4.0311555515840655e-13,2.5389993933415103e-11,0.30694444444444446,0.4869281045751634
Neural Plate 2,hyou1,-7.2793813,-1.5124496,3.3535436370677323e-13,2.1210920494044922e-11,0.20555555555555555,0.41830065359477125
Neural Plate 2,zfhx2,-7.404591,-1.0819575,1.3155528102053192e-13,8.569157573579186e-12,0.32222222222222224,0.5408496732026143
Neural Plate 2,mmel1,-7.4066634,-1.9340117,1.295164969962744e-13,8.461615212442227e-12,0.1388888888888889,0.3611111111111111
Neural Plate 2,dop1b,-7.4489,-2.161049,9.412142736067245e-14,6.186215862762752e-12,0.14166666666666666,0.3545751633986928
Neural Plate 2,itprid1,-7.4784875,-2.292284,7.518281926810331e-14,4.971406967422068e-12,0.10694444444444444,0.33169934640522875
Neural Plate 2,cat1,-7.514149,-3.0351377,5.728212831086362e-14,3.810833298388278e-12,0.044444444444444446,0.28104575163398693
Neural Plate 2,masp1,-7.5175085,-1.0698539,5.5829989539647006e-14,3.7255847148154044e-12,0.5305555555555556,0.6895424836601307
Neural Plate 2,LOC100488209,-7.5454516,-1.079106,4.5072208195988457e-14,3.0355575772983462e-12,0.36666666666666664,0.5686274509803921
Neural Plate 2,rtbdn,-7.583901,-2.391614,3.35317303717197e-14,2.2794264437423537e-12,0.0763888888888889,0.3137254901960784
Neural Plate 2,znf519,-7.7003202,-1.4074832,1.35725774753631e-14,9.402133748885657e-13,0.20833333333333334,0.44281045751633985
Neural Plate 2,gas6,-7.714328,-1.1386873,1.2162171855408704e-14,8.478937765395314e-13,0.32916666666666666,0.5424836601307189
Neural Plate 2,ttc9,-7.7284064,-1.7136314,1.0890110160554373e-14,7.616445314533877e-13,0.1625,0.39215686274509803
Neural Plate 2,gnb5,-7.754635,-2.8373628,8.859807073442693e-15,6.216393895485306e-13,0.06527777777777778,0.3055555555555556
Neural Plate 2,rrbp1,-7.8150954,-1.1837344,5.492132674581653e-15,3.8910333471443585e-13,0.375,0.5669934640522876
Neural Plate 2,krt70,-7.819455,-1.2514987,5.30524913368962e-15,3.7831974296157253e-13,0.5875,0.7140522875816994
Neural Plate 2,tspan13,-7.836464,-1.8436577,4.634106014268099e-15,3.3263430045179013e-13,0.16805555555555557,0.39869281045751637
Neural Plate 2,esrp1,-7.882989,-1.2021182,3.196413438658155e-15,2.3405683773476375e-13,0.6027777777777777,0.7075163398692811
Neural Plate 2,map7,-7.888349,-1.7991992,3.062105527415984e-15,2.2497712024829692e-13,0.21388888888888888,0.42810457516339867
Neural Plate 2,gmds,-7.920509,-1.2068179,2.3654033682688707e-15,1.7676529759929803e-13,0.4986111111111111,0.6421568627450981
Neural Plate 2,cd2ap,-7.971965,-1.2443084,1.5617108514405712e-15,1.187389982205042e-13,0.38333333333333336,0.565359477124183
Neural Plate 2,usp43,-8.013988,-1.4992195,1.1104811662673966e-15,8.592840258553496e-14,0.20555555555555555,0.4493464052287582
Neural Plate 2,stt3a,-8.018847,-1.4291798,1.0674227225105023e-15,8.28905025903974e-14,0.24027777777777778,0.46895424836601307
Neural Plate 2,ildr1,-8.01899,-2.0761518,1.0661815198915253e-15,8.28905025903974e-14,0.10138888888888889,0.35294117647058826
Neural Plate 2,sfrp2,-8.031068,-2.0823631,9.66278481953221e-16,7.584590918957279e-14,0.1361111111111111,0.3741830065359477
Neural Plate 2,morc1,-8.040573,-5.08701,8.941935945505816e-16,7.069637111118927e-14,0.015277777777777777,0.2679738562091503
Neural Plate 2,st14,-8.0453615,-1.5838356,8.599138526491336e-16,6.82333824678427e-14,0.19722222222222222,0.4395424836601307
Neural Plate 2,cep170b,-8.068873,-1.2498477,7.094956589822961e-16,5.671027389982667e-14,0.3875,0.5751633986928104
Neural Plate 2,sytl5,-8.074734,-2.7172678,6.762387378818365e-16,5.4450942801917176e-14,0.08194444444444444,0.32679738562091504
Neural Plate 2,ppl,-8.10182,-1.5452969,5.414304910395407e-16,4.3920277862356196e-14,0.28194444444444444,0.48856209150326796
Neural Plate 2,gmnn,-8.108895,-1.2187526,5.108211386043292e-16,4.159189576673533e-14,0.31805555555555554,0.5506535947712419
Neural Plate 2,abo.3,-8.239679,-2.0249412,1.7267309486223717e-16,1.4381296194614037e-14,0.19305555555555556,0.4199346405228758
Neural Plate 2,map3k10,-8.24754,-2.4394407,1.6168774543963655e-16,1.3569954973993497e-14,0.09166666666666666,0.34477124183006536
Neural Plate 2,sh3d21,-8.249113,-2.6204226,1.5957483889670923e-16,1.3444334206815029e-14,0.08611111111111111,0.3382352941176471
Neural Plate 2,atp10b,-8.258475,-1.5025668,1.4754551409567401e-16,1.2527590128722578e-14,0.2847222222222222,0.5032679738562091
Neural Plate 2,cdh1,-8.27627,-1.2443854,1.2709355668827013e-16,1.0833236330057588e-14,0.4861111111111111,0.6470588235294118
Neural Plate 2,galnt7,-8.329513,-1.0871264,8.117575265457659e-17,7.05711593097815e-15,0.49027777777777776,0.6699346405228758
Neural Plate 2,pcdh10,-8.361601,-1.6476709,6.187264151315574e-17,5.488304514059233e-15,0.23194444444444445,0.46405228758169936
Neural Plate 2,gbf1,-8.369606,-1.540293,5.781142021546884e-17,5.148991838864268e-15,0.26805555555555555,0.4918300653594771
Neural Plate 2,esyt2,-8.452936,-1.1857715,2.840681237571022e-17,2.561425838224681e-15,0.34444444444444444,0.5751633986928104
Neural Plate 2,upk1a,-8.472518,-2.0249183,2.4014542893142547e-17,2.1743624085944546e-15,0.13194444444444445,0.3888888888888889
Neural Plate 2,LOC100496572,-8.504535,-1.2203592,1.823254403401905e-17,1.657718097359707e-15,0.4152777777777778,0.6176470588235294
Neural Plate 2,LOC100488554,-8.51161,-1.4075547,1.715349177308942e-17,1.5661353304626954e-15,0.3055555555555556,0.5392156862745098
Neural Plate 2,ccdc149,-8.621669,-2.4932141,6.598547945030913e-18,6.179695910236891e-16,0.09583333333333334,0.35947712418300654
Neural Plate 2,rbbp8nl,-8.72015,-2.6470542,2.7783442492850394e-18,2.635923907115167e-16,0.08611111111111111,0.35130718954248363
Neural Plate 2,hpgd,-8.73237,-2.5645592,2.493899065293191e-18,2.3763917687232626e-16,0.09444444444444444,0.3611111111111111
Neural Plate 2,tfap2c,-8.782397,-1.2489822,1.6002696706843953e-18,1.5658961652019816e-16,0.4986111111111111,0.673202614379085
Neural Plate 2,myh9,-8.791044,-1.1261742,1.4817578275017601e-18,1.456461151077293e-16,0.5180555555555556,0.684640522875817
Neural Plate 2,jup,-8.867871,-1.5207939,7.455747187292269e-19,7.497320708474866e-17,0.3111111111111111,0.5343137254901961
Neural Plate 2,dsc3,-8.968639,-1.9152081,3.0020003865100074e-19,3.0327152978719845e-17,0.18611111111111112,0.4444444444444444
Neural Plate 2,atp12a-like,-8.973499,-2.5894015,2.872414123872446e-19,2.915299934745146e-17,0.10972222222222222,0.3790849673202614
Neural Plate 2,trpv5,-8.992509,-2.8256986,2.4164945005794725e-19,2.4640339484647042e-17,0.07222222222222222,0.34967320261437906
Neural Plate 2,cldn4,-9.071408,-2.4011385,1.1748846953964813e-19,1.2092999499172933e-17,0.09027777777777778,0.3741830065359477
Neural Plate 2,ica1,-9.145662,-2.1416492,5.926563301556869e-20,6.178657702171589e-18,0.1361111111111111,0.41013071895424835
Neural Plate 2,LOC100494753,-9.145805,-3.4506178,5.918730568401932e-20,6.178657702171589e-18,0.04722222222222222,0.3333333333333333
Neural Plate 2,mansc1,-9.160956,-1.9476994,5.1439528781019886e-20,5.42252153396442e-18,0.1638888888888889,0.43300653594771243
Neural Plate 2,flvcr2,-9.164029,-2.0612104,4.9994955985832975e-20,5.295824925081851e-18,0.15694444444444444,0.4264705882352941
Neural Plate 2,LOC100492479,-9.166316,-4.4154425,4.8946020535114965e-20,5.2355446769448216e-18,0.022222222222222223,0.3104575163398693
Neural Plate 2,mfsd6,-9.228992,-1.3552514,2.731896863862261e-20,2.9658070381262882e-18,0.35138888888888886,0.5980392156862745
Neural Plate 2,lrrfip1,-9.2403555,-2.1193628,2.456794697133789e-20,2.68048585430782e-18,0.15416666666666667,0.42810457516339867
Neural Plate 2,LOC101734097,-9.316825,-1.7619413,1.198738181991682e-20,1.3210942358202267e-18,0.32916666666666666,0.5392156862745098
Neural Plate 2,tat,-9.337193,-2.0014079,9.892192501276667e-21,1.0957235155855744e-18,0.18333333333333332,0.45098039215686275
Neural Plate 2,impact,-9.345055,-3.4675622,9.18423840542766e-21,1.022496256351209e-18,0.05,0.33986928104575165
Neural Plate 2,marveld2,-9.359562,-2.6206455,8.006793240343137e-21,8.959806938334747e-19,0.075,0.369281045751634
Neural Plate 2,ano5,-9.390435,-1.7222772,5.975263165734039e-21,6.755762566812562e-19,0.25,0.4934640522875817
Neural Plate 2,plcb3,-9.392722,-1.4871252,5.84690198774635e-21,6.645065014302766e-19,0.26944444444444443,0.545751633986928
Neural Plate 2,nek2,-9.427526,-1.7528738,4.198721112554893e-21,4.85093776143832e-19,0.3375,0.5555555555555556
Neural Plate 2,pard6b,-9.480341,-2.0123487,2.534542612766551e-21,3.0057746931075495e-19,0.14305555555555555,0.4362745098039216
Neural Plate 2,stk10,-9.503067,-1.5530533,2.0379756312388757e-21,2.4569428866996416e-19,0.3486111111111111,0.5816993464052288
Neural Plate 2,ripk4,-9.507641,-1.2519112,1.950351604281817e-21,2.364367908724085e-19,0.3638888888888889,0.6225490196078431
Neural Plate 2,oxr1,-9.580823,-1.5722651,9.627485184660954e-22,1.193644058036856e-19,0.25416666666666665,0.5228758169934641
Neural Plate 2,LOC100495222,-9.596903,-2.7159798,8.238273554382365e-22,1.0272420984581577e-19,0.0875,0.3839869281045752
Neural Plate 2,itpr2,-9.62942,-1.0096711,6.006746908564838e-22,7.620536296034496e-20,0.5486111111111112,0.7565359477124183
Neural Plate 2,slco4c1,-9.67716,-1.3658185,3.770445522988307e-22,4.811397178779406e-20,0.4111111111111111,0.6421568627450981
Neural Plate 2,pdcd6ip,-9.751485,-1.8105959,1.8178888029250596e-22,2.3334206805075133e-20,0.18611111111111112,0.4803921568627451
Neural Plate 2,pank1,-9.79215,-2.1916306,1.21680780036636e-22,1.5995158440839966e-20,0.13194444444444445,0.4297385620915033
Neural Plate 2,golga4,-9.844678,-1.3422446,7.227042739162895e-23,9.615932903126436e-21,0.5,0.6944444444444444
Neural Plate 2,nipal4,-9.867047,-2.7163088,5.784247767602693e-23,7.791238922028294e-21,0.08888888888888889,0.39215686274509803
Neural Plate 2,myo5b,-9.898635,-1.6566131,4.219946752774107e-23,5.719469446725701e-21,0.2847222222222222,0.545751633986928
Neural Plate 2,rabgap1l,-9.92808,-1.7363551,3.142499018180889e-23,4.312734029919823e-21,0.2902777777777778,0.5424836601307189
Neural Plate 2,nedd4,-9.9388,-1.7137722,2.822078076888045e-23,3.922329026482423e-21,0.24722222222222223,0.5245098039215687
Neural Plate 2,gramd4,-9.965456,-1.1709834,2.1587987945470796e-23,3.039170870697537e-21,0.4583333333333333,0.7173202614379085
Neural Plate 2,lyn,-9.970173,-1.6113837,2.0586936525322165e-23,2.9361277249611435e-21,0.2638888888888889,0.553921568627451
Neural Plate 2,pitpnc1l,-9.992256,-1.4411103,1.6478712363205818e-23,2.381337632301418e-21,0.3472222222222222,0.6078431372549019
Neural Plate 2,upk1b,-10.04071,-2.3195605,1.0094402686206591e-23,1.4783218860115034e-21,0.12916666666666668,0.43300653594771243
Neural Plate 2,slc22a4,-10.293918,-2.138215,7.505917439363776e-25,1.1453610101003982e-22,0.20277777777777778,0.48856209150326796
Neural Plate 2,slc39a11,-10.411051,-1.4936067,2.20770219765013e-25,3.441019261065963e-23,0.37083333333333335,0.6143790849673203
Neural Plate 2,lekr1,-10.436065,-2.0578842,1.6970082547871012e-25,2.683363559978937e-23,0.2125,0.5016339869281046
Neural Plate 2,plekhg7,-10.541049,-1.409412,5.587210985345914e-26,9.098397829196506e-24,0.4222222222222222,0.6928104575163399
Neural Plate 2,cgn,-10.552127,-1.8948607,4.966025945491081e-26,8.147643019290292e-24,0.2013888888888889,0.5032679738562091
Neural Plate 2,atp8b1,-10.610229,-1.8932761,2.670941027572679e-26,4.483277243281802e-24,0.22916666666666666,0.5261437908496732
Neural Plate 2,upk3b,-10.637029,-2.1702397,2.004185455292088e-26,3.390180683715399e-24,0.20277777777777778,0.5049019607843137
Neural Plate 2,gnb3,-10.694631,-2.0710342,1.0784808804884524e-26,1.8530339600896473e-24,0.20972222222222223,0.5098039215686274
Neural Plate 2,grk5,-10.862221,-1.3226161,1.7445507261509644e-27,3.120314868470508e-25,0.4444444444444444,0.6895424836601307
Neural Plate 2,kiaa1324l,-10.870439,-1.689404,1.594318322796531e-27,2.8751752166729837e-25,0.36527777777777776,0.6290849673202614
Neural Plate 2,fastkd3,-10.927755,-1.1069275,8.492317287254513e-28,1.5838534660271858e-25,0.7375,0.869281045751634
Neural Plate 2,sema3f,-11.162881,-1.6300752,6.195107953548152e-29,1.1963137226050817e-26,0.33611111111111114,0.6290849673202614
Neural Plate 2,ncoa2,-11.254501,-1.2570211,2.200682832024752e-29,4.326225232217307e-27,0.4777777777777778,0.7336601307189542
Neural Plate 2,sh3d19,-11.313533,-2.2337146,1.1246852491548819e-29,2.2515373231017136e-27,0.16944444444444445,0.49836601307189543
Neural Plate 2,lpin2,-11.344335,-1.7079595,7.912587543135306e-30,1.6136502128855656e-27,0.3194444444444444,0.6143790849673203
Neural Plate 2,rhpn2,-11.461683,-2.6660483,2.054829318440501e-30,4.270326719780016e-28,0.13055555555555556,0.47058823529411764
Neural Plate 2,LOC100489839,-11.689876,-2.1137888,1.4359621668735655e-31,3.071973572877262e-29,0.32916666666666666,0.5996732026143791
Neural Plate 2,unc80,-11.774064,-3.7939703,5.310345179479811e-32,1.1704751733477671e-29,0.0625,0.42483660130718953
Neural Plate 2,stard13,-11.926002,-1.0890318,8.663547826490692e-33,1.9290538481821772e-30,0.7791666666666667,0.9313725490196079
Neural Plate 2,LOC100496743,-11.934006,-1.632428,7.869319158899951e-33,1.7702723027459363e-30,0.3347222222222222,0.6486928104575164
Neural Plate 2,metrnl,-11.942797,-1.2021981,7.080198068429823e-33,1.609343771366741e-30,0.5888888888888889,0.8431372549019608
Neural Plate 2,camsap3,-11.966952,-2.3005807,5.293765664977657e-33,1.2288857508029517e-30,0.18055555555555555,0.5277777777777778
Neural Plate 2,MGC89056,-11.969954,-3.0140417,5.105701808889923e-33,1.1979733244278174e-30,0.08333333333333333,0.4542483660130719
Neural Plate 2,kifc3,-11.978601,-2.892261,4.600193203606662e-33,1.0910958249554453e-30,0.1111111111111111,0.47058823529411764
Neural Plate 2,clcn3,-12.175707,-1.961278,4.187527501896617e-34,1.0266970518975964e-31,0.23194444444444445,0.5784313725490197
Neural Plate 2,hal.1,-12.241027,-2.114341,1.8764324371378815e-34,4.652912751225649e-32,0.24444444444444444,0.5735294117647058
Neural Plate 2,dsg2,-12.348513,-1.6543219,4.962019358448901e-35,1.2590258653571333e-32,0.41944444444444445,0.7075163398692811
Neural Plate 2,chmp5,-12.812832,-1.0595076,1.3896873243726819e-37,3.743749025325468e-35,0.75,0.8937908496732027
Neural Plate 2,LOC101733293,-12.933825,-3.1854239,2.9002341982403897e-38,7.910751304975443e-36,0.1625,0.5196078431372549
Neural Plate 2,rassf7,-13.147511,-3.8879468,1.7587047636196525e-39,4.857809702144865e-37,0.04722222222222222,0.4591503267973856
Neural Plate 2,LOC108647650,-13.3308935,-4.163598,1.5305291511773427e-40,4.5131995416001075e-38,0.08611111111111111,0.4820261437908497
Neural Plate 2,depdc1b,-13.64792,-1.6572312,2.0772339126217223e-42,6.29546127879425e-40,0.4361111111111111,0.7320261437908496
Neural Plate 2,wdfy3,-13.654281,-1.552532,1.9036018522131555e-42,5.850492396780741e-40,0.6180555555555556,0.8137254901960784
Neural Plate 2,spata13,-13.803718,-2.1913447,2.4204236890544548e-43,7.65450222012424e-41,0.24722222222222223,0.630718954248366
Neural Plate 2,rapgef2,-13.859462,-1.1433048,1.1150789825976294e-43,3.686687648373162e-41,0.7569444444444444,0.9068627450980392
Neural Plate 2,dnmbp,-13.873255,-1.6799747,9.200575868979237e-44,3.1369650943280616e-41,0.4041666666666667,0.7581699346405228
Neural Plate 2,adap1l,-13.881402,-2.3682268,8.212222142135322e-44,2.844426974024363e-41,0.22361111111111112,0.6176470588235294
Neural Plate 2,itpkb,-13.960801,-2.1955125,2.703775704330883e-44,9.515982200678097e-42,0.31805555555555554,0.6699346405228758
Neural Plate 2,gprc5cl2,-14.01433,-4.204594,1.2739553580425536e-44,4.557209814401076e-42,0.04583333333333333,0.4820261437908497
Neural Plate 2,lsr,-14.030624,-1.5961643,1.0125664456538421e-44,3.682535401768748e-42,0.4486111111111111,0.7875816993464052
Neural Plate 2,iqgap1,-14.159264,-1.8358512,1.6369950347038334e-45,6.158770457288336e-43,0.42083333333333334,0.7287581699346405
Neural Plate 2,myo5c,-14.376951,-2.4950428,7.220562478392126e-47,2.864725342563538e-44,0.2833333333333333,0.6454248366013072
Neural Plate 2,plcd3,-14.53089,-1.8570231,7.720983142182388e-48,3.119992095288183e-45,0.4041666666666667,0.761437908496732
Neural Plate 2,rbbp8,-14.961978,-1.6754739,1.301013253739246e-50,5.3564924924234125e-48,0.5319444444444444,0.8120915032679739
Neural Plate 2,dennd3,-15.330246,-2.628372,4.801678801012036e-53,2.138314961569054e-50,0.17916666666666667,0.6241830065359477
Neural Plate 2,tjp3,-15.395138,-2.784852,1.7644955590976247e-53,8.192139913844526e-51,0.19444444444444445,0.619281045751634
Neural Plate 2,astl2c,-15.659564,-3.6483886,2.85850029780537e-55,1.386118555520244e-52,0.13333333333333333,0.5816993464052288
Neural Plate 2,cnn2,-15.670427,-2.387893,2.4095532940372012e-55,1.1949741461178585e-52,0.2777777777777778,0.6797385620915033
Neural Plate 2,prickle2,-16.083576,-1.2835814,3.3261344480870885e-58,1.7702336534563016e-55,0.9375,0.9526143790849673
Neural Plate 2,slc22a23,-16.12567,-1.713977,1.6842339920303456e-58,9.187917485023544e-56,0.5333333333333333,0.8529411764705882
Neural Plate 2,ahcyl2,-16.427689,-1.7513942,1.2119248313928228e-60,6.95931888047968e-58,0.6625,0.8774509803921569
Neural Plate 2,eppk1,-17.105835,-1.7757243,1.3426331589126726e-65,8.370742331609551e-63,0.7763888888888889,0.9264705882352942
Neural Plate 2,calcrl,-17.119772,-3.1872478,1.0568996624975893e-65,6.783119863341146e-63,0.21388888888888888,0.673202614379085
Neural Plate 2,arhgef25,-17.387413,-1.8593967,1.0276777622039532e-67,6.795441348197716e-65,0.6,0.8643790849673203
Neural Plate 2,LOC595077,-17.399635,-4.007256,8.303074758090531e-68,5.661918571759172e-65,0.08333333333333333,0.6111111111111112
Neural Plate 2,osbpl1a,-17.844229,-3.6626008,3.20496615491198e-71,2.2559860150430427e-68,0.14444444444444443,0.6552287581699346
Neural Plate 2,plcb4,-18.160826,-2.3850853,1.0542596737189156e-73,8.216071550078735e-71,0.5041666666666667,0.815359477124183
Neural Plate 2,dtna,-18.604277,-3.3495533,2.9666674250952674e-77,2.589425995320153e-74,0.23055555555555557,0.7140522875816994
Neural Plate 2,kalrn,-19.27492,-3.0502543,8.72346356328873e-83,8.276291235414061e-80,0.22916666666666666,0.75
Neural Plate 2,mst1,-19.369757,-2.394466,1.389126945337416e-83,1.3778245033730798e-80,0.5111111111111111,0.8333333333333334
Neural Plate 2,angpt4.2,-19.505615,-3.4019332,9.83674250606992e-85,1.0221312296426273e-81,0.16111111111111112,0.7238562091503268
Neural Plate 2,crb2,-20.07449,-3.336111,1.2334331763019224e-89,1.3457372670042125e-86,0.2763888888888889,0.7679738562091504
Neural Plate 2,plpp3,-20.200914,-3.2020667,9.610192836598351e-91,1.1037053573021718e-87,0.3638888888888889,0.8186274509803921
Neural Plate 2,usp53,-20.27288,-3.235996,2.23199887439137e-91,2.7058026354496714e-88,0.21666666666666667,0.7696078431372549
Neural Plate 2,arhgap45,-20.405952,-2.573978,1.4805087776662543e-92,1.9003636492620784e-89,0.4847222222222222,0.8888888888888888
Neural Plate 2,kiaa1671,-20.666592,-2.228235,6.923739732684255e-95,9.442682794181447e-92,0.7125,0.9264705882352942
Neural Plate 2,usp54,-20.8742,-2.33915,9.189118113783392e-97,1.3367716424057827e-93,0.7041666666666667,0.9166666666666666
Neural Plate 2,arhgap6,-20.91894,-1.9269559,3.6002922489239306e-97,5.611569797412078e-94,0.8583333333333333,0.9738562091503268
Neural Plate 2,astl2d.1,-21.01106,-3.6360924,5.196153185674654e-98,8.72194297420051e-95,0.25972222222222224,0.795751633986928
Neural Plate 2,dcbld1,-21.702501,-2.4429467,1.943045615311782e-104,3.533266530976532e-101,0.5319444444444444,0.9101307189542484
Neural Plate 2,epcam,-22.10643,-2.2651918,2.7411260885468735e-108,5.437646579834666e-105,0.6097222222222223,0.9281045751633987
Neural Plate 2,phldb3,-22.811878,-4.939403,3.4953005862105246e-115,9.533869261462482e-112,0.09861111111111111,0.7647058823529411
Neural Plate 2,ocln,-22.910717,-2.6796248,3.633233792591175e-116,1.1325827798304576e-112,0.41388888888888886,0.9084967320261438
Neural Plate 2,nectin3,-24.552664,-4.557398,4.050837705287049e-133,1.473222159451145e-129,0.25277777777777777,0.8480392156862745
Neural Plate 2,spint2,-24.702457,-3.69551,1.0064021094990083e-134,4.3921400862755723e-131,0.2777777777777778,0.8905228758169934
Neural Plate 2,nectin2,-24.955877,-2.7181242,1.8436267357838436e-137,1.0057444750384814e-133,0.5652777777777778,0.9493464052287581
Neural Plate 2,itpr3,-26.394503,-2.5641303,1.58449923390654e-153,1.1525119261024867e-149,0.9402777777777778,0.9869281045751634
Neural Plate 2,lmo7,-27.861355,-4.1215453,7.847242230022089e-171,8.561733635065601e-167,0.5527777777777778,0.9705882352941176
Neural Plate 2,epas1,-28.146723,-3.6610649,2.6283071310031633e-174,5.735228990562003e-170,0.6263888888888889,0.9722222222222222
