group,names,scores,logfoldchanges,pvals,pvals_adj,pct_nz_group,pct_nz_reference
Epidermis 1,LOC101734097,40.43695,4.418704,0.0,0.0,0.9947643979057592,0.44879786286731965
Epidermis 1,sytl2,40.230804,4.629177,0.0,0.0,0.9912739965095986,0.6206589492430988
Epidermis 1,trim29,40.12252,3.7468643,0.0,0.0,0.9956369982547993,0.6562778272484416
Epidermis 1,tmem45b,40.0791,5.6357627,0.0,0.0,0.9834205933682374,0.1709706144256456
Epidermis 1,itpr3,40.054905,3.3673527,0.0,0.0,0.9991273996509599,0.9519145146927872
Epidermis 1,acp3,39.885258,5.334734,0.0,0.0,0.981675392670157,0.20837043633125557
Epidermis 1,krt7,39.884617,3.7084754,0.0,0.0,0.9956369982547993,0.6651825467497774
Epidermis 1,upk2,39.76057,5.2126975,0.0,0.0,0.9799301919720768,0.20926090828138913
Epidermis 1,atp13a-like,39.72359,5.2333646,0.0,0.0,0.9921465968586387,0.622439893143366
Epidermis 1,osbpl2,39.538013,5.183737,0.0,0.0,0.9738219895287958,0.2341941228851291
Epidermis 1,upk3b,39.366188,4.9248347,0.0,0.0,0.974694589877836,0.21460373998219057
Epidermis 1,evpl,39.24307,4.453316,0.0,0.0,0.9825479930191972,0.346393588601959
Epidermis 1,myo5c,39.00401,4.4650874,0.0,0.0,0.9755671902268761,0.3098842386464826
Epidermis 1,muc4,38.94899,4.713165,0.0,0.0,0.9808027923211169,0.5992876224398932
Epidermis 1,rabgap1l,38.88573,4.821634,0.0,0.0,0.9685863874345549,0.23864648263579696
Epidermis 1,elovl3,38.855095,4.6403685,0.0,0.0,0.974694589877836,0.2475512021371327
Epidermis 1,epas1,38.796326,3.6408098,0.0,0.0,0.9904013961605584,0.6509349955476402
Epidermis 1,znf185,38.686665,4.2106776,0.0,0.0,0.9729493891797557,0.4719501335707925
Epidermis 1,krt12.3,38.581715,3.456716,0.0,0.0,0.9860383944153578,0.6429207479964381
Epidermis 1,krt70,38.456867,2.568809,0.0,0.0,0.9982547993019197,0.8886910062333037
Epidermis 1,slc22a4,38.3433,5.032005,0.0,0.0,0.9546247818499127,0.18521816562778273
Epidermis 1,msln,38.281193,5.144645,0.0,0.0,0.9668411867364747,0.4835262689225289
Epidermis 1,pcdh1,38.21566,3.1981273,0.0,0.0,0.987783595113438,0.5841495992876224
Epidermis 1,otogl2,38.20595,4.7140985,0.0,0.0,0.9851657940663177,0.8227960819234195
Epidermis 1,golga4,38.16788,3.602095,0.0,0.0,0.9755671902268761,0.5253784505788067
Epidermis 1,tjp3,38.11834,4.6510253,0.0,0.0,0.9554973821989529,0.21104185218165628
Epidermis 1,clint1,37.990894,4.0682693,0.0,0.0,0.9650959860383944,0.36776491540516476
Epidermis 1,dsg2,37.90588,3.0931265,0.0,0.0,0.9904013961605584,0.6170970614425646
Epidermis 1,ugt3a2,37.844353,5.593335,0.0,0.0,0.93717277486911,0.1682991985752449
Epidermis 1,gclc,37.834194,5.1969714,0.0,0.0,0.9528795811518325,0.3027604630454141
Epidermis 1,kiaa1324l,37.625706,3.4998293,8.16882760990725e-310,5.4015753719935185e-307,0.9773123909249564,0.5476402493321461
Epidermis 1,krt8.1,37.468746,2.3861747,2.974552066372182e-307,1.9090500188325702e-304,0.9991273996509599,0.8895814781834372
Epidermis 1,arfgef2,37.445965,2.9555793,6.98761542399397e-307,4.356478747627783e-304,0.981675392670157,0.6402493321460374
Epidermis 1,gnb3,37.34092,4.8133326,3.5599979927777225e-305,2.0995328702811537e-302,0.9319371727748691,0.18699910952804988
Epidermis 1,ppl,36.754166,4.470131,9.974112939081312e-296,5.727503116939298e-293,0.9336823734729494,0.26625111308993765
Epidermis 1,LOC100492852,36.546227,4.9592924,2.047156641609585e-292,1.1454103865785322e-289,0.9415357766143106,0.396260017809439
Epidermis 1,cgn,36.389843,3.8078775,6.162538318624063e-290,3.3618187162673923e-287,0.9450261780104712,0.37934105075690117
Epidermis 1,capn13,36.376575,3.5042844,9.98956705998957e-290,5.316642507708107e-287,0.9607329842931938,0.4844167408726625
Epidermis 1,gna14,36.32412,3.9473934,6.734708032830939e-289,3.4990015234381886e-286,0.9301919720767888,0.39715048975957257
Epidermis 1,hexdl,36.2607,5.340224,6.739728281776356e-288,3.420176996200974e-285,0.9022687609075044,0.11487088156723063
Epidermis 1,arhgef25,36.18187,3.4217567,1.1739876058096937e-286,5.82217807872121e-284,0.9607329842931938,0.5129118432769367
Epidermis 1,tm9sf2,36.17671,3.3307211,1.4151119130507884e-286,6.862034901040279e-284,0.9581151832460733,0.41852181656277826
Epidermis 1,macf1,36.139282,2.1343203,5.482713800685931e-286,2.6008325618427764e-283,0.9904013961605584,0.9278717720391808
Epidermis 1,abo.3,36.12515,3.1429758,9.139555318714264e-286,4.24328162999285e-283,0.9790575916230366,0.5200356188780053
Epidermis 1,kiaa1324,36.003216,4.089276,7.450046644240763e-284,3.3868222463328684e-281,0.93717277486911,0.3081032947462155
Epidermis 1,kitlg,35.973316,3.8410242,2.186832900251019e-283,9.738547084974996e-281,0.9450261780104712,0.3633125556544969
Epidermis 1,dop1b,35.857315,4.9682407,1.414590468902461e-281,6.17355572438412e-279,0.9013961605584643,0.14781834372217276
Epidermis 1,LOC394967,35.771656,5.040579,3.0477866496741643e-280,1.3040343624027437e-277,0.9101221640488656,0.26357969723953695
Epidermis 1,fa2h,35.671513,4.630087,1.0933752268103979e-278,4.588180927736479e-276,0.9075043630017452,0.19857524487978628
Epidermis 1,gad1.2,35.61784,4.8072734,7.418948784700528e-278,3.0545071968103813e-275,0.9013961605584643,0.14692787177203917
Epidermis 1,cast,35.60153,4.5336304,1.3267638274061573e-277,5.361354347746251e-275,0.9223385689354275,0.3081032947462155
Epidermis 1,kifc3,35.34529,3.674583,1.1842860988726378e-273,4.698601266090878e-271,0.9363001745200699,0.31255565449688333
Epidermis 1,aldh1l1,35.225956,3.96967,8.01097751261262e-272,3.121563219691428e-269,0.93717277486911,0.3472840605520926
Epidermis 1,calcrl,35.21708,4.5440216,1.0954066274853928e-271,4.193485617255922e-269,0.9022687609075044,0.21371326803205698
Epidermis 1,casd1,35.024166,4.544416,9.647240606984715e-269,3.629524780776094e-266,0.8970331588132635,0.19590382902938558
Epidermis 1,nek2,34.912518,2.4822886,4.800736077165714e-267,1.7755400328785262e-264,0.9851657940663177,0.767586821015138
Epidermis 1,ap3b1,34.90329,3.0099702,6.627321634051492e-267,2.4102464229439603e-264,0.9546247818499127,0.5716829919857525
Epidermis 1,rbbp8,34.86913,3.1408179,2.1843526043897456e-266,7.813894783670269e-264,0.9511343804537522,0.46215494211932323
Epidermis 1,LOC100489839,34.709736,4.08487,5.617808575496815e-264,1.9771967891276776e-261,0.9118673647469459,0.29385574354407834
Epidermis 1,LOC100485898,34.706787,3.8770447,6.223624813540207e-264,2.1556463024803312e-261,0.9136125654450262,0.26001780943900266
Epidermis 1,trpm4,34.69839,3.0316958,8.330747696397004e-264,2.84039446067311e-261,0.9520069808027923,0.5040071237756011
Epidermis 1,cep170b,34.607704,2.7049258,1.934843939850285e-262,6.4954199402266264e-260,0.9677137870855148,0.6331255565449688
Epidermis 1,elovl7,34.495995,4.9974403,9.211601918678192e-261,3.0455509919314675e-258,0.8699825479930192,0.10507569011576136
Epidermis 1,b3gnt3.2,34.434177,3.7071345,7.769046615822367e-260,2.493064208880292e-257,0.9171029668411868,0.28495102404274264
Epidermis 1,cab39l,34.393097,4.5827436,3.1980508803816025e-259,1.0113720037798107e-256,0.881326352530541,0.16562778272484416
Epidermis 1,capn1,34.37153,3.1652188,6.717226910582713e-259,2.0939515487975056e-256,0.944153577661431,0.44612644701691895
Epidermis 1,tmem164,34.366467,2.9534101,7.995177830253311e-259,2.457222189210669e-256,0.9755671902268761,0.5930543187889582
Epidermis 1,LOC100497338,34.335316,4.789839,2.3329283243116497e-258,7.070392911778403e-256,0.8699825479930192,0.12377560106856635
Epidermis 1,mfsd6,34.27453,3.8826482,1.8808199594693765e-257,5.622105799394693e-255,0.9031413612565445,0.2902938557435441
Epidermis 1,tspan13,34.21348,4.4997334,1.524059763600477e-256,4.494122716422434e-254,0.8769633507853403,0.14781834372217276
Epidermis 1,pfkp,34.137726,3.9487953,2.0339674761259573e-255,5.917760572872602e-253,0.9083769633507853,0.26714158504007124
Epidermis 1,lgalsl,34.1185,4.189819,3.922541757298137e-255,1.1262339958684558e-252,0.8865619546247818,0.19590382902938558
Epidermis 1,flnb,33.952953,4.0234103,1.103331408685143e-252,3.0866403421690386e-250,0.9040139616055847,0.3446126447016919
Epidermis 1,camk2g,33.886715,3.4820073,1.045477839422467e-251,2.887768599245272e-249,0.9258289703315882,0.4719501335707925
Epidermis 1,golph3l,33.84624,4.4986334,4.12207195197929e-251,1.1243466508017511e-248,0.8691099476439791,0.1522707034728406
Epidermis 1,map3k10,33.78433,4.482848,3.35066844256468e-250,9.026535319160972e-248,0.8664921465968587,0.13446126447016918
Epidermis 1,eppk1,33.677715,2.0019739,1.2255353633800613e-248,3.2612691663800386e-246,0.9965095986038395,0.9296527159394479
Epidermis 1,astl2d.1,33.620865,4.352963,8.314295885231588e-248,2.185858439899259e-245,0.8944153577661431,0.2956366874443455
Epidermis 1,ncoa2,33.469643,3.020844,1.3331007988629106e-245,3.422305003763244e-243,0.924956369982548,0.42564559216384684
Epidermis 1,pdxdc1,33.345276,3.7902699,8.528917376259083e-244,2.1391897249120626e-241,0.8926701570680629,0.25556544968833483
Epidermis 1,anxa11,33.317554,4.4620805,2.1503478691199898e-243,5.272218073265989e-241,0.8621291448516579,0.1495992876224399
Epidermis 1,arhgap27,33.09699,4.070055,3.2837274619188356e-240,7.874089774344057e-238,0.8673647469458988,0.17809439002671415
Epidermis 1,grhl3,33.06802,2.4724114,8.569601818995041e-240,2.0325791444814219e-237,0.9895287958115183,0.8210151380231523
Epidermis 1,eps8l1,33.012867,4.028168,5.3094401723919305e-239,1.245777354857681e-236,0.8691099476439791,0.22083704363312556
Epidermis 1,wasl,33.006653,2.661268,6.520099454503811e-239,1.51356478932689e-236,0.9520069808027923,0.5040071237756011
Epidermis 1,plxna2,32.9855,1.8233733,1.311025804642882e-238,3.0113572719065613e-236,0.9869109947643979,0.9332146037399822
Epidermis 1,dcbld1,32.78403,3.6870604,9.94457755309722e-236,2.2604231956889e-233,0.8848167539267016,0.26357969723953695
Epidermis 1,magi3,32.752083,3.382524,2.835817976188076e-235,6.379421036948453e-233,0.9031413612565445,0.38824577025823687
Epidermis 1,anxa9,32.70818,4.7965627,1.1948352456425569e-234,2.6335858479965893e-232,0.8342059336823735,0.11487088156723063
Epidermis 1,chsy1,32.645435,3.096554,9.301976325476463e-234,2.029784253982219e-231,0.9363001745200699,0.5716829919857525
Epidermis 1,ccdc149,32.620056,4.283541,2.1310939086336013e-233,4.604217839633051e-231,0.8472949389179756,0.1522707034728406
Epidermis 1,scel,32.40577,4.439508,2.2763408975447967e-230,4.8225276432354373e-228,0.837696335078534,0.13891362422083706
Epidermis 1,pkp3,32.39824,3.6706326,2.9060940128649393e-230,6.097488216800561e-228,0.8743455497382199,0.25289403383793413
Epidermis 1,gcc2,32.359142,2.6997702,1.0317814760152685e-229,2.144238436964683e-227,0.9223385689354275,0.5129118432769367
Epidermis 1,smap1,32.24317,2.890856,4.3855858113092177e-228,9.028100753639475e-226,0.9171029668411868,0.4505788067675868
Epidermis 1,sgsm3,32.086983,4.259,6.698190672978399e-226,1.3659926978977723e-223,0.8368237347294939,0.16028495102404275
Epidermis 1,rtbdn,32.073425,4.469995,1.0351305952727857e-225,2.091443029578468e-223,0.8272251308900523,0.13268032056990206
Epidermis 1,kiaa1671,32.05907,2.25361,1.6410366979021897e-225,3.285235026139787e-223,0.9729493891797557,0.7818343722172751
Epidermis 1,rbbp8nl,31.987,4.7405434,1.6534958771968452e-224,3.280084866937487e-222,0.8184991273996509,0.09260908281389137
Epidermis 1,cers2,31.92403,3.8738725,1.2392248531103918e-223,2.414386207118023e-221,0.8446771378708552,0.17898486197684774
Epidermis 1,fucolectin,31.8924,4.910113,3.403124015482572e-223,6.571643286888955e-221,0.819371727748691,0.14692787177203917
Epidermis 1,gfod1,31.834175,3.9232423,2.179769765387926e-222,4.17234702197631e-220,0.8603839441535777,0.2226179875333927
Epidermis 1,atp1b2,31.67757,5.018212,3.164910531162882e-220,6.005348930478717e-218,0.8019197207678883,0.08904719501335707
Epidermis 1,lpcat4,31.645075,4.289341,8.863597742982723e-220,1.667349709910569e-217,0.8237347294938918,0.1522707034728406
Epidermis 1,kalrn,31.639755,3.7742112,1.0490220453094724e-219,1.9564709445041022e-217,0.8411867364746946,0.20837043633125557
Epidermis 1,tanc2,31.57512,2.044306,8.108096910439822e-219,1.499379514260232e-216,0.9642233856893543,0.8130008904719501
Epidermis 1,ocln,31.569544,1.8401111,9.67053385923126e-219,1.773283355817524e-216,0.9825479930191972,0.7898486197684773
Epidermis 1,ankdd1b,31.512247,4.9273934,5.903319687852007e-218,1.0734694909051553e-215,0.8045375218150087,0.11308993766696349
Epidermis 1,tat,31.500551,3.4484663,8.536934853236195e-218,1.5395409539873308e-215,0.8778359511343804,0.28851291184327693
Epidermis 1,grhl1,31.240854,1.852498,2.971786686142835e-214,5.272142868156325e-212,0.9947643979057592,0.8753339269813001
Epidermis 1,jup,31.23938,2.2764044,3.111986022937928e-214,5.476342500526494e-212,0.9432809773123909,0.6251113089937667
Epidermis 1,lmo7,31.157185,2.4606998,4.0539523525739616e-213,7.020737641707653e-211,0.9328097731239092,0.6170970614425646
Epidermis 1,gfpt1,31.023075,1.9498924,2.6335224023603888e-211,4.524889160780004e-209,0.9982547993019197,0.92520035618878
Epidermis 1,armh4,30.851696,4.747782,5.315833162678511e-209,8.991999646729287e-207,0.7923211169284468,0.11219946571682991
Epidermis 1,camsap3,30.707138,2.885815,4.5702980200761975e-207,7.671421007390978e-205,0.8883071553228621,0.41674087266251114
Epidermis 1,tbc1d30,30.683298,4.129728,9.508458316902813e-207,1.5838478544514222e-204,0.8089005235602095,0.13624220837043632
Epidermis 1,dsc3,30.672947,4.471661,1.3066572301107793e-206,2.1600429862308573e-204,0.7914485165794066,0.11487088156723063
Epidermis 1,rnd1,30.637857,2.166337,3.8355128642762324e-206,6.2458750904008705e-204,0.9520069808027923,0.6144256455921638
Epidermis 1,LOC100216141,30.404758,4.130441,4.752300947964929e-203,7.624996984231081e-201,0.7984293193717278,0.13980409617097062
Epidermis 1,esrp1,30.202873,1.1657108,2.1715374714261027e-200,3.433704287245578e-198,0.9965095986038395,0.9652715939447908
Epidermis 1,krt18.1,30.075653,2.312153,1.0088384502708952e-198,1.5837312103137556e-196,0.9345549738219895,0.5921638468388246
Epidermis 1,dmxl1,30.043415,3.4845293,2.6615767434904036e-198,4.148447579978864e-196,0.8368237347294939,0.27248441674087265
Epidermis 1,mtmr12,30.032455,4.4873753,3.700560056031638e-198,5.726944750543714e-196,0.7766143106457243,0.10507569011576136
Epidermis 1,LOC100487159,29.907671,2.6165922,1.5640440023100783e-196,2.4034509981977617e-194,0.9171029668411868,0.46482635796972394
Epidermis 1,acer3,29.861109,3.0143356,6.298457268044559e-196,9.611093429790232e-194,0.8630017452006981,0.3223508459483526
Epidermis 1,clcn3,29.846752,3.3639202,9.673377347277674e-196,1.4658525492704592e-193,0.8280977312390925,0.2288512911843277
Epidermis 1,galnt7,29.84406,2.5087268,1.0483532954721543e-195,1.5776632593446813e-193,0.9267015706806283,0.6046304541406946
Epidermis 1,atp13a2,29.527836,3.9916797,1.2648003359529275e-191,1.890356721289646e-189,0.7835951134380453,0.1371326803205699
Epidermis 1,upk1b,29.491657,4.2015347,3.683184530290609e-191,5.358051309031425e-189,0.7713787085514834,0.11487088156723063
Epidermis 1,galnt1,29.4649,1.9710993,8.1129385213054e-191,1.1724002084331467e-188,0.9476439790575916,0.7195013357079252
Epidermis 1,sytl5,29.45833,4.71533,9.847571865644883e-191,1.4137096426331381e-188,0.7556719022687609,0.09082813891362422
Epidermis 1,fcgbp,29.320246,4.756678,5.7254446540289495e-189,8.165681555265733e-187,0.7713787085514834,0.1682991985752449
Epidermis 1,ttc39a,29.27346,5.081691,2.258314461561677e-188,3.199914276995932e-186,0.7382198952879581,0.06767586821015138
Epidermis 1,uso1,29.259842,2.1790423,3.365827927757841e-188,4.738434271716377e-186,0.9389179755671903,0.578806767586821
Epidermis 1,upk3a,29.197674,4.513547,2.075715052565839e-187,2.8849795007668266e-185,0.7539267015706806,0.08726625111308994
Epidermis 1,LOC100488554,29.093622,3.2325902,4.3229015240075374e-186,5.970255326289144e-184,0.8350785340314136,0.26892252894033836
Epidermis 1,ikzf2,28.91199,4.554233,8.439121436724932e-184,1.1509379304423422e-181,0.7486910994764397,0.10774710596616206
Epidermis 1,stk24,28.900229,3.292414,1.1860800818346682e-183,1.607543693522627e-181,0.8150087260034904,0.22172751558325912
Epidermis 1,lgals3,28.83524,5.167695,7.759805152723873e-183,1.045226594059183e-180,0.7286212914485166,0.06411398040961709
Epidermis 1,LOC101732788,28.785921,4.6517105,3.218629734330066e-182,4.3088171431175685e-180,0.7521815008726004,0.14069456812110417
Epidermis 1,syt16,28.785152,5.215306,3.2907681653306835e-182,4.378527569248832e-180,0.7260034904013961,0.06144256455921639
Epidermis 1,adgrf1,28.668283,4.775633,9.48652453157553e-181,1.2545784957788462e-178,0.7338568935427574,0.07747105966162066
Epidermis 1,wdfy3,28.653606,2.5296607,1.445490418832631e-180,1.9001232788763158e-178,0.8961605584642234,0.5707925200356189
Epidermis 1,rab25,28.596117,4.604716,7.508824638189601e-180,9.81138098382846e-178,0.7364746945898778,0.08014247551202137
Epidermis 1,angpt4.2,28.52001,4.2788,6.617009488490799e-179,8.55159462146931e-177,0.7504363001745201,0.11130899376669635
Epidermis 1,atf6,28.519978,1.9775565,6.623067187701357e-179,8.55159462146931e-177,0.944153577661431,0.6464826357969724
Epidermis 1,grk6,28.505045,3.2115045,1.0143799615655194e-178,1.294431879609427e-176,0.8106457242582897,0.25645592163846836
Epidermis 1,ica1,28.465948,2.7818298,3.0934832285808657e-178,3.924587065747853e-176,0.8464223385689355,0.3205699020480855
Epidermis 1,slc22a23,28.353437,2.2471983,7.591856415670839e-177,9.575832303257422e-175,0.912739965095986,0.5298308103294747
Epidermis 1,atp10d,28.325686,2.4107113,1.6685044454523238e-176,2.080482028812295e-174,0.8760907504363001,0.4416740872662511
Epidermis 1,chpf,28.219423,2.0740392,3.378406474474662e-175,4.188648163608614e-173,0.9380453752181501,0.5859305431878896
Epidermis 1,sgms1,28.1512,3.938585,2.3167513618254358e-174,2.840102891370384e-172,0.7556719022687609,0.14247551202137132
Epidermis 1,rassf7,28.12178,4.1026998,5.306426693873769e-174,6.468800943408911e-172,0.7425828970331588,0.10418521816562779
Epidermis 1,nr1i3,28.084608,4.823902,1.5103224124396162e-173,1.8309302978802705e-171,0.7164048865619547,0.06411398040961709
Epidermis 1,frmd4b,28.043495,3.243641,4.795204478264496e-173,5.781003144762961e-171,0.7905759162303665,0.21193232413178986
Epidermis 1,sptlc2,27.976809,4.123338,3.112118057849225e-172,3.710903177067101e-170,0.7417102966841187,0.10329474621549421
Epidermis 1,rab1a,27.949121,1.9772252,6.756518458872075e-172,7.969404826543111e-170,0.9363001745200699,0.6055209260908282
Epidermis 1,slc35d1,27.92528,2.6295843,1.3163280739865793e-171,1.5442792958312447e-169,0.8516579406631762,0.390026714158504
Epidermis 1,myh9,27.699583,1.8813081,7.0633180578087e-169,8.198333156353387e-167,0.9520069808027923,0.7595725734639359
Epidermis 1,hdac7,27.620913,2.594889,6.24160712196905e-168,7.206249153888182e-166,0.8568935427574171,0.41406945681211044
Epidermis 1,LOC101730864,27.544483,4.917732,5.152661985155099e-167,5.917696693582602e-165,0.7041884816753927,0.06500445235975066
Epidermis 1,plcb4,27.47988,3.0857384,3.054615133266679e-166,3.489777844136765e-164,0.8106457242582897,0.4781834372217275
Epidermis 1,gbf1,27.40233,2.6668622,2.572659748331352e-165,2.9087050968051e-163,0.8324607329842932,0.3659839715048976
Epidermis 1,cat1,27.32289,4.272702,2.26811822864844e-164,2.5511653539864747e-162,0.7155322862129145,0.08726625111308994
Epidermis 1,lrrfip1,27.251396,3.6389377,1.599714543988027e-163,1.790121593044243e-161,0.7495636998254799,0.17275155832591274
Epidermis 1,chmp5,27.222748,1.9698181,3.4944553527865736e-163,3.890434196589582e-161,0.9284467713787086,0.6500445235975066
Epidermis 1,ezr,27.191921,3.6920133,8.093376754018314e-163,8.964749956824041e-161,0.7469458987783595,0.1558325912733749
Epidermis 1,slc35d2,27.12738,2.6723394,4.681874772585651e-162,5.1597570410399734e-160,0.8298429319371727,0.30632235084594833
Epidermis 1,cdh1,27.080595,1.4741011,1.6668395806782133e-161,1.8277440447225774e-159,0.9956369982547993,0.8735529830810329
Epidermis 1,abcg2,27.037237,4.4673514,5.3963985925984255e-161,5.887740684454512e-159,0.7050610820244329,0.09260908281389137
Epidermis 1,flvcr2,26.970295,2.37521,3.298035528899045e-160,3.5804195659754256e-158,0.8673647469458988,0.42297417631344614
Epidermis 1,osbpl1a,26.936998,3.5769582,8.100977889128376e-160,8.75106131280546e-158,0.7539267015706806,0.21905609973285842
Epidermis 1,trpv5,26.934404,3.3950214,8.688473349873673e-160,9.339466845694256e-158,0.7495636998254799,0.17809439002671415
Epidermis 1,crybg1,26.88265,3.5775712,3.504105284045326e-159,3.748190264860444e-157,0.7504363001745201,0.20926090828138913
Epidermis 1,cpne1,26.78472,3.2100818,4.868720508206654e-158,5.182456107784263e-156,0.7582897033158813,0.19056099732858414
Epidermis 1,calr,26.680988,1.3142055,7.823554678726925e-157,8.24723606978262e-155,0.9921465968586387,0.9180765805877115
Epidermis 1,cpeb2,26.673458,1.894111,9.566981733095844e-157,1.0036591749898288e-154,0.9380453752181501,0.6366874443455031
Epidermis 1,hagh,26.587383,4.9710646,9.498559862281758e-156,9.869908321659535e-154,0.675392670157068,0.053428317008014245
Epidermis 1,epb41l5,26.531113,2.0082633,4.242708519055913e-155,4.3876844831430844e-153,0.8987783595113438,0.553873552983081
Epidermis 1,cyp4f22,26.508327,5.1642156,7.770162235347667e-155,7.997769346109502e-153,0.6701570680628273,0.048975957257346395
Epidermis 1,ap1s3,26.49945,4.3226666,9.834422189871682e-155,1.0027893766597663e-152,0.6902268760907504,0.08459483526268922
Epidermis 1,epcam,26.48737,1.4147971,1.3550361740168223e-154,1.375267179219585e-152,0.9764397905759162,0.8593054318788959
Epidermis 1,LOC595077,26.474873,4.432765,1.8874975287048218e-154,1.9068094247161071e-152,0.68760907504363,0.08726625111308994
Epidermis 1,vwf,26.397066,4.195756,1.4806540596809597e-153,1.4889102413040655e-151,0.6989528795811518,0.1006233303650935
Epidermis 1,sec24d,26.37345,3.931149,2.7635856073170426e-153,2.76624777693877e-151,0.705933682373473,0.12911843276936777
Epidermis 1,sh3d21,26.310192,3.1341467,1.4661773276528747e-152,1.454247975759699e-150,0.7626527050610821,0.21905609973285842
Epidermis 1,LOC100494753,26.25642,3.3721578,6.037612202398422e-152,5.961390763282171e-150,0.7678883071553229,0.2475512021371327
Epidermis 1,LOC100486361,26.157879,4.002794,8.0173964357631e-151,7.810161054677974e-149,0.6963350785340314,0.10418521816562779
Epidermis 1,capn9,26.101736,4.555593,3.484032372972205e-150,3.3788920182500656e-148,0.6797556719022687,0.0881567230632235
Epidermis 1,sidt1,25.891647,4.7315955,8.270633871843266e-148,7.9155044612935045e-146,0.6657940663176265,0.06233303650934995
Epidermis 1,rhpn2,25.877354,3.0413406,1.1979648193460294e-147,1.1415192280764065e-145,0.7521815008726004,0.21816562778272486
Epidermis 1,rapgef2,25.832523,1.8192106,3.824655949132995e-147,3.6286007593926556e-145,0.9118673647469459,0.6687444345503116
Epidermis 1,LOC100488176,25.824,4.9855094,4.768155477395829e-147,4.5041524100543024e-145,0.6570680628272252,0.04986642920747997
Epidermis 1,rreb1,25.82166,1.224789,5.065523781645299e-147,4.764430794796641e-145,0.9956369982547993,0.9447907390917186
Epidermis 1,map7,25.78673,3.466941,1.2492569441056414e-146,1.1649587939029573e-144,0.7242582897033158,0.18788958147818344
Epidermis 1,slain2,25.646372,2.5920067,4.641090603215538e-145,4.309499491607075e-143,0.8010471204188482,0.31255565449688333
Epidermis 1,ccdc186,25.598751,2.802583,1.5751481122961048e-144,1.450266116388747e-142,0.7722513089005235,0.27248441674087265
Epidermis 1,cndp2,25.506653,4.235288,1.6631636095572084e-143,1.5248694589978087e-141,0.6710296684118674,0.08726625111308994
Epidermis 1,hdlbp,25.506012,1.4009559,1.6906174786329943e-143,1.543554979131823e-141,0.9616055846422339,0.8040961709706145
Epidermis 1,galnt6.3,25.451246,4.334995,6.838635981244603e-143,6.191945051731887e-141,0.6631762652705061,0.06767586821015138
Epidermis 1,LOC100497498,25.43186,3.611283,1.1207632953331672e-142,1.0105857796473158e-140,0.699825479930192,0.1495992876224399
Epidermis 1,anxa4,25.422375,2.5728354,1.4269925431750369e-142,1.281415814181995e-140,0.8097731239092496,0.327693677649154
Epidermis 1,magi1,25.42183,1.8031034,1.446923696990631e-142,1.2939886062308425e-140,0.9267015706806283,0.6856634016028496
Epidermis 1,slc2a11.3,25.338223,3.5667498,1.2117572743630136e-141,1.0748681091006228e-139,0.7024432809773123,0.13980409617097062
Epidermis 1,iqgap1,25.287142,1.6815226,4.424086915997374e-141,3.9084210766793e-139,0.9415357766143106,0.7275155832591274
Epidermis 1,LOC100489670,25.278587,4.515261,5.494372855483947e-141,4.834383470948194e-139,0.6605584642233857,0.09082813891362422
Epidermis 1,LOC100493594,25.105286,2.611196,4.354505222748188e-139,3.7557177259125775e-137,0.7792321116928447,0.2920747996438112
Epidermis 1,mtus1,25.08372,4.4421,7.487757834052453e-139,6.432691484128291e-137,0.6640488656195462,0.11932324131789848
Epidermis 1,upk1a,25.02469,4.020654,3.2934065832770266e-138,2.8182519628897255e-136,0.6640488656195462,0.0854853072128228
Epidermis 1,ag1,24.979507,4.150032,1.0210520792401212e-137,8.703272430116674e-136,0.6649214659685864,0.1006233303650935
Epidermis 1,gadd45a,24.887632,2.5277646,1.0127519213255201e-136,8.598933725775944e-135,0.7853403141361257,0.30632235084594833
Epidermis 1,hal.1,24.826202,2.198048,4.674490491314468e-136,3.9535681012005046e-134,0.8717277486910995,0.46215494211932323
Epidermis 1,slc35f2,24.77214,3.3778045,1.7902678456414172e-135,1.5083179405305547e-133,0.6972076788830716,0.1522707034728406
Epidermis 1,slc33a1,24.62845,3.0454552,6.263890326230911e-134,5.2570904157186426e-132,0.7120418848167539,0.17809439002671415
Epidermis 1,hyou1,24.47069,2.6589315,3.0312122443159394e-132,2.5149841210349095e-130,0.7556719022687609,0.2715939447907391
Epidermis 1,sptlc3,24.440054,1.3014306,6.419954493606824e-132,5.306432841098277e-130,0.9956369982547993,0.9492430988423864
Epidermis 1,sacm1l,24.296171,2.501935,2.151794276954477e-130,1.771860487449949e-128,0.7591623036649214,0.3054318788958148
Epidermis 1,spata13,24.208271,3.3555615,1.820500322933738e-129,1.493426223561545e-127,0.6823734729493892,0.14870881567230632
Epidermis 1,LOC100486856,24.08669,4.989392,3.446638676486094e-128,2.8168203205843846e-126,0.612565445026178,0.0427426536064114
Epidermis 1,nipal3,24.020388,4.0808797,1.7029411047060358e-127,1.386562606186209e-125,0.6361256544502618,0.08014247551202137
Epidermis 1,dipk1c,23.975845,4.0650206,4.968692582100078e-127,4.0305517038663865e-125,0.6387434554973822,0.0881567230632235
Epidermis 1,degs3,23.816227,4.9377184,2.267963417686134e-125,1.8329344347158935e-123,0.6047120418848168,0.037399821905609976
Epidermis 1,mia3,23.51984,1.0432343,2.5561989067021143e-122,1.9992407291450478e-120,0.9886561954624782,0.92520035618878
Epidermis 1,rab27a,23.51202,4.654007,3.073218749931117e-122,2.386502005062167e-120,0.6029668411867365,0.04986642920747997
Epidermis 1,kiaa0232,23.473822,1.5420178,7.55138159024734e-122,5.843216229815149e-120,0.9424083769633508,0.748886910062333
Epidermis 1,pard6b,23.468695,3.075173,8.518936333306541e-122,6.568611651204312e-120,0.680628272251309,0.1611754229741763
Epidermis 1,hpgd,23.422678,4.125404,2.5107117683017946e-121,1.9223242630215248e-119,0.6239092495636999,0.08637577916295637
Epidermis 1,LOC100489305,23.394285,4.897325,4.886094852003253e-121,3.727953698096607e-119,0.5959860383944153,0.04363312555654497
Epidermis 1,LOC100486640,23.260817,3.9468124,1.1056458192123002e-119,8.290823856024605e-118,0.6256544502617801,0.09706144256455922
Epidermis 1,nectin4,23.165354,2.067444,1.0180992350835088e-118,7.530828274154998e-117,0.8027923211169284,0.41585040071237755
Epidermis 1,b4galnt3,23.14305,3.0538752,1.7079928186866574e-118,1.2591253816405929e-116,0.6736474694589878,0.1709706144256456
Epidermis 1,grk3,23.104082,1.2128007,4.21250807455357e-118,3.0742855750780417e-116,0.956369982547993,0.8414959928762245
Epidermis 1,atp8b1,23.071974,1.5266966,8.853282445235888e-118,6.396936299254712e-116,0.9118673647469459,0.6705253784505788
Epidermis 1,zfhx3,23.059252,1.6385123,1.1879080754330713e-117,8.554898387467013e-116,0.8917975567190227,0.6215494211932324
Epidermis 1,LOC100496053,23.02272,4.5799747,2.7607454329915583e-117,1.9816521741219999e-115,0.5968586387434555,0.05699020480854853
Epidermis 1,atg2a,22.922834,3.3868036,2.750805802900671e-116,1.9616122034344947e-114,0.6448516579406631,0.13089937666963491
Epidermis 1,camk1,22.915592,2.2649753,3.2485070560185874e-116,2.308979559263244e-114,0.7809773123909249,0.37934105075690117
Epidermis 1,rab11fip1,22.89018,3.0269563,5.820049810394106e-116,4.123354120539278e-114,0.6684118673647469,0.1611754229741763
Epidermis 1,mansc1,22.870054,2.0735059,9.231633756181571e-116,6.519206478758514e-114,0.806282722513089,0.37934105075690117
Epidermis 1,hk2,22.789814,2.5019078,5.786131237120882e-115,4.059780377016552e-113,0.7486910994764397,0.3072128227960819
Epidermis 1,vgll1,22.787281,5.1528244,6.1304350136442225e-115,4.287571231818288e-113,0.575043630017452,0.032056990204808546
Epidermis 1,cert1,22.773598,2.3176312,8.377734255650471e-115,5.840592306471212e-113,0.7600349040139616,0.3232413178984862
Epidermis 1,stard10,22.752512,3.9348576,1.355125253754946e-114,9.417257376492572e-113,0.6055846422338569,0.0730186999109528
Epidermis 1,mfsd1,22.731876,2.3883681,2.168712596684402e-114,1.4975784041851372e-112,0.7329842931937173,0.2920747996438112
Epidermis 1,fbp1,22.702457,3.8676374,4.236382373453986e-114,2.906984269532687e-112,0.6090750436300174,0.08281389136242208
Epidermis 1,atp12a-like,22.700983,3.6767633,4.380832187628524e-114,2.9966814785655807e-112,0.6300174520069808,0.12377560106856635
Epidermis 1,golm1,22.620485,4.271632,2.7246399348576365e-113,1.846408944674798e-111,0.5916230366492147,0.058771148708815675
Epidermis 1,wipf3,22.6185,4.449917,2.850129707484859e-113,1.925469979784121e-111,0.5855148342059336,0.05609973285841496
Epidermis 1,gmds,22.598085,2.7621243,4.525666977243881e-113,3.047980836741936e-111,0.7024432809773123,0.2493321460373998
Epidermis 1,slc18a1,22.48548,4.936133,5.757649830737588e-112,3.8539164710590464e-110,0.5732984293193717,0.04363312555654497
Epidermis 1,hsp90b1,22.39713,1.8390477,4.1976942516597636e-111,2.792618483703284e-109,0.8472949389179756,0.5102404274265361
Epidermis 1,itsn2,22.362135,2.465935,9.200298204695172e-111,6.102118757588248e-109,0.7190226876090751,0.2769367764915405
Epidermis 1,prkcd,22.338615,2.2660081,1.5580097492172406e-110,1.0271096899598008e-108,0.7547993019197208,0.3134461264470169
Epidermis 1,pank1,22.292437,2.6332817,4.3751607908215944e-110,2.866978486982523e-108,0.693717277486911,0.21994657168299198
Epidermis 1,plcd3,22.253887,3.4304667,1.0343009892194545e-109,6.7573299059154845e-108,0.6300174520069808,0.1460373998219056
Epidermis 1,slc39a5,22.210049,3.645847,2.746415847191313e-109,1.7889414985540787e-107,0.6108202443280978,0.10685663401602849
Epidermis 1,pdia4,22.121828,2.7230756,1.9487257574077312e-108,1.2543700516930415e-106,0.6797556719022687,0.21727515583259127
Epidermis 1,zmynd11,22.117277,1.8825783,2.155525169609887e-108,1.3834033742958043e-106,0.8115183246073299,0.4844167408726625
Epidermis 1,actn4,22.084333,1.9075435,4.470848353597074e-108,2.8609496165349485e-106,0.8089005235602095,0.45235975066785394
Epidermis 1,erbb3,22.070234,4.5926933,6.107413102267786e-108,3.8967795703095136e-106,0.568935427574171,0.04808548530721282
Epidermis 1,vill,22.063793,3.780231,7.042268449206982e-108,4.48015568017917e-106,0.5986038394415357,0.09082813891362422
Epidermis 1,slc6a16,22.052418,4.6119437,9.055564723342078e-108,5.744229006629288e-106,0.568935427574171,0.04630454140694568
Epidermis 1,slc45a3,22.043924,4.0081363,1.0924377037989159e-107,6.909589314375693e-106,0.5855148342059336,0.07390917186108638
Epidermis 1,fam3b,22.009413,3.83732,2.3400584241620763e-107,1.471539333534313e-105,0.5907504363001745,0.07836153161175423
Epidermis 1,frk,21.981949,4.0064507,4.286559555734036e-107,2.68784528924346e-105,0.5855148342059336,0.07212822796081923
Epidermis 1,ap1g1,21.973457,1.8891791,5.168096870379503e-107,3.2313192495286855e-105,0.8036649214659686,0.4452359750667854
Epidermis 1,slc10a7,21.962337,1.6513723,6.601428882665792e-107,4.1039823261723716e-105,0.8612565445026178,0.628673196794301
Epidermis 1,stim1,21.87415,1.880269,4.579793073048633e-106,2.7914990124858724e-104,0.7949389179755671,0.44078361531611754
Epidermis 1,tspan15,21.847038,3.0171692,8.294048367729148e-106,5.041349009253976e-104,0.6422338568935427,0.14069456812110417
Epidermis 1,fam3d,21.815506,4.783274,1.653326901050594e-105,1.002145730772917e-103,0.5567190226876091,0.039180765805877114
Epidermis 1,spint2,21.635859,1.8587959,8.259632559526065e-104,4.9514681890499524e-102,0.800174520069808,0.44345503116651824
Epidermis 1,MGC75872,21.611185,4.768811,1.4098602108141338e-103,8.405617393490496e-102,0.5523560209424084,0.03829029385574354
Epidermis 1,iqsec2,21.60282,2.5662246,1.6897720586209757e-103,1.0019705459556606e-101,0.7068062827225131,0.2991985752448798
Epidermis 1,itprid1,21.561386,3.9549088,4.140236789805908e-103,2.4483497829364422e-101,0.5794066317626527,0.08726625111308994
Epidermis 1,rrbp1,21.54972,2.4449973,5.326673915730327e-103,3.1394857001977644e-101,0.7033158813263525,0.2965271593944791
Epidermis 1,slc18a2,21.480408,4.8369613,2.374171732906144e-102,1.3815147035665324e-100,0.5506108202443281,0.04363312555654497
Epidermis 1,hacl1,21.385263,3.8599808,1.832465823783137e-101,1.063463743105634e-99,0.5732984293193717,0.0730186999109528
Epidermis 1,LOC108647843,21.333544,4.3026876,5.5445120036727966e-101,3.2091988443539548e-99,0.56282722513089,0.06856634016028496
Epidermis 1,syt8,21.292557,3.8966596,1.3306611255727468e-100,7.681575772783839e-99,0.568935427574171,0.06856634016028496
Epidermis 1,capns2,21.266184,2.7173324,2.335248291332871e-100,1.3445238249386431e-98,0.6535776614310645,0.20837043633125557
Epidermis 1,strn,21.099997,2.5578535,7.954246555240873e-99,4.5200420333831005e-97,0.6745200698080279,0.22974176313446126
Epidermis 1,slit2,21.088364,1.5353639,1.0171935162575198e-98,5.765241485261128e-97,0.9546247818499127,0.8949243098842387
Epidermis 1,dhfr,21.062727,4.8186817,1.748149090557888e-98,9.856940905701207e-97,0.537521815008726,0.0365093499554764
Epidermis 1,misp3,20.993414,5.208261,7.533670334066021e-98,4.226021088937138e-96,0.5296684118673648,0.025823686553873553
Epidermis 1,abi1,20.938904,1.2526349,2.368445921359146e-97,1.3217866611247552e-95,0.9354275741710296,0.7640249332146037
Epidermis 1,tram1,20.925926,1.7214011,3.109680821991767e-97,1.7310292147112843e-95,0.81239092495637,0.4657168299198575
Epidermis 1,gch1,20.901026,4.536907,5.240597295061648e-97,2.909798309810184e-95,0.5462478184991274,0.060552092609082814
Epidermis 1,man1a1,20.883755,1.6412123,7.52417755967417e-97,4.167133972833758e-95,0.8603839441535777,0.6081923419412288
Epidermis 1,astl2c,20.872217,4.0247793,9.57855827041064e-97,5.2914865827501406e-95,0.5724258289703316,0.10685663401602849
Epidermis 1,fam83e,20.868885,4.5481067,1.0270151285717132e-96,5.6592164445867055e-95,0.5418848167539267,0.048975957257346395
Epidermis 1,rhof,20.8602,2.9947896,1.2315394057442448e-96,6.769123771472333e-95,0.612565445026178,0.1460373998219056
Epidermis 1,rab15,20.791624,3.0972195,5.153746942661587e-96,2.818544161298709e-94,0.6003490401396161,0.12822796081923418
Epidermis 1,pc.2,20.78794,3.5711715,5.565102294765845e-96,3.035902429352137e-94,0.6230366492146597,0.21104185218165628
Epidermis 1,golgb1,20.722727,1.2075505,2.1609804360635566e-95,1.1700931537305922e-93,0.956369982547993,0.8210151380231523
Epidermis 1,pik3r6,20.693115,4.700448,3.9954073946631e-95,2.1526860434307037e-93,0.5340314136125655,0.048975957257346395
Epidermis 1,xbp1,20.587526,1.374477,3.5503798798215113e-94,1.903509566525435e-92,0.9066317626527051,0.686553873552983
Epidermis 1,LOC733521,20.553911,4.430658,7.100593561028012e-94,3.797599316058633e-92,0.5366492146596858,0.0578806767586821
Epidermis 1,arhgef16,20.497992,3.9695866,2.243640069363088e-93,1.197028605221808e-91,0.5471204188481675,0.07034728406055209
Epidermis 1,gal3st4.1,20.358145,4.487975,3.9318611649450195e-92,2.0875217148483036e-90,0.5261780104712042,0.04096170970614425
Epidermis 1,rgl3,20.292677,1.4629917,1.4924396986946736e-91,7.866310788699631e-90,0.8708551483420593,0.6295636687444346
Epidermis 1,sec61a1,20.226856,1.3415667,5.68123130382931e-91,2.980051641366812e-89,0.8987783595113438,0.6731967943009796
Epidermis 1,parm1,20.220125,4.3094106,6.511655660417869e-91,3.407454152661351e-89,0.5287958115183246,0.05075690115761353
Epidermis 1,slc41a2,20.21596,2.599872,7.085320811597608e-91,3.698774771049555e-89,0.6352530541012217,0.18788958147818344
Epidermis 1,frrs1,20.167475,4.7518444,1.89045663330523e-90,9.845263531110602e-89,0.5148342059336823,0.032056990204808546
Epidermis 1,prkcb,20.147095,2.735824,2.8537887567088054e-90,1.4791573505972172e-88,0.6256544502617801,0.20302760463045413
Epidermis 1,elf1,20.06647,1.7447681,1.449452565975685e-89,7.459552934470618e-88,0.7853403141361257,0.42920747996438113
Epidermis 1,rnf43,20.009588,1.6210717,4.5438964272892225e-89,2.3220694131119e-87,0.8307155322862129,0.5565449688334817
Epidermis 1,akap9,19.995136,1.8188436,6.0713887906174456e-89,3.095415299066899e-87,0.7574171029668412,0.4568121104185218
Epidermis 1,cmtm4,19.97376,3.045689,9.316664483101708e-89,4.727882225250287e-87,0.5916230366492147,0.1585040071237756
Epidermis 1,stt3a,19.958668,1.8769397,1.2602742861463596e-88,6.380613735034736e-87,0.7356020942408377,0.3633125556544969
Epidermis 1,dnajb11,19.950977,1.9376448,1.4698837052533763e-88,7.424613965818037e-87,0.7643979057591623,0.4300979519145147
Epidermis 1,asb9,19.93489,3.022238,2.027500152009665e-88,1.021757062748335e-86,0.581151832460733,0.12288512911843277
Epidermis 1,gale,19.93348,4.65964,2.0854425858566945e-88,1.0485355452990537e-86,0.5113438045375218,0.03561887800534283
Epidermis 1,rnf31,19.862885,1.7946208,8.527046520437253e-88,4.257864579461357e-86,0.7696335078534031,0.41674087266251114
Epidermis 1,st14,19.836895,1.3411437,1.4302305356053808e-87,7.109125402607065e-86,0.8848167539267016,0.6482635796972396
Epidermis 1,ppp1r1a,19.702658,4.386696,2.0459536122853836e-86,1.0100623025719311e-84,0.5287958115183246,0.08281389136242208
Epidermis 1,ssr1,19.695639,1.6522942,2.350118777033949e-86,1.157605910466316e-84,0.787085514834206,0.4479073909171861
Epidermis 1,ehd4,19.654846,3.9193108,5.254874357594693e-86,2.5767778282488493e-84,0.5261780104712042,0.060552092609082814
Epidermis 1,slc39a11,19.616135,1.7210203,1.1259627302158887e-85,5.496562133342486e-84,0.7783595113438045,0.5040071237756011
Epidermis 1,nectin2,19.615269,1.154315,1.1452859188116364e-85,5.57841161481891e-84,0.9554973821989529,0.7951914514692787
Epidermis 1,LOC100493464,19.59758,4.4490457,1.6215313542631357e-85,7.862985706972419e-84,0.5087260034904014,0.04719501335707925
Epidermis 1,cldn4,19.581814,3.7531857,2.2100812989824895e-85,1.0693167189600202e-83,0.5270506108202443,0.06945681211041853
Epidermis 1,golga2,19.581398,1.450156,2.2282309357695765e-85,1.0757129922439807e-83,0.8568935427574171,0.5966162065894924
Epidermis 1,adap1l,19.532913,1.5921143,5.765526637386793e-85,2.7711356113307755e-83,0.8621291448516579,0.5877114870881567
Epidermis 1,fastkd3,19.529259,1.3802522,6.193083057350753e-85,2.9700937449329843e-83,0.8883071553228621,0.699020480854853
Epidermis 1,vsig8,19.477346,4.678963,1.7091242811414215e-84,8.160787951594521e-83,0.49912739965095987,0.03561887800534283
Epidermis 1,nipal4,19.44812,2.4715617,3.023094342828683e-84,1.4403262370057792e-82,0.6239092495636999,0.20569902048085487
Epidermis 1,arfip2,19.443474,2.4924731,3.3097580814716982e-84,1.573469087054334e-82,0.6204188481675392,0.23241317898486197
Epidermis 1,copa,19.428444,1.2853465,4.435999370385674e-84,2.1043030926344737e-82,0.8743455497382199,0.6705253784505788
Epidermis 1,cluh,19.364578,1.8516223,1.5360737859022521e-83,7.255122528608884e-82,0.7382198952879581,0.41139804096170973
Epidermis 1,golga1,19.341795,2.1365,2.3901328940202083e-83,1.1240321094917018e-81,0.6640488656195462,0.26981300089047194
Epidermis 1,nfxl1,19.233833,2.1278312,1.9283436098084513e-82,8.952848065878769e-81,0.6666666666666666,0.27604630454140694
Epidermis 1,p4hb,19.089533,1.3705969,3.085163255853397e-81,1.4113490022217396e-79,0.8586387434554974,0.597506678539626
Epidermis 1,znf238.2,19.088892,2.1661818,3.123244581450202e-81,1.4257807533854573e-79,0.6527050610820244,0.25111308993766696
Epidermis 1,LOC100492585,18.996826,4.718253,1.8117677843005788e-80,8.236371837754777e-79,0.4886561954624782,0.03829029385574354
Epidermis 1,tm9sf3,18.973658,1.1044695,2.816182516239444e-80,1.272296453144118e-78,0.9389179755671903,0.7604630454140695
Epidermis 1,slc16a12,18.955679,2.0875149,3.964031598416022e-80,1.7834872888461033e-78,0.6605584642233857,0.26981300089047194
Epidermis 1,erbb2,18.874187,2.0437315,1.8596081613715288e-79,8.281328508017986e-78,0.6771378708551483,0.29741763134461263
Epidermis 1,scfd1,18.844578,1.9886222,3.2555208136460615e-79,1.443876416149811e-77,0.680628272251309,0.30365093499554763
Epidermis 1,copb2,18.810738,1.651838,6.167331235416071e-79,2.7187340381416982e-77,0.756544502617801,0.42208370436331255
Epidermis 1,scamp2,18.809937,3.512305,6.261239517021982e-79,2.7490242957934945e-77,0.5200698080279232,0.08281389136242208
Epidermis 1,gramd4,18.809296,2.1276557,6.337391721017324e-79,2.7768719828176512e-77,0.6657940663176265,0.2778272484416741
Epidermis 1,anxa7,18.735432,1.6799177,2.545706831465481e-78,1.1109973753881653e-76,0.7478184991273996,0.402493321460374
Epidermis 1,slc22a5,18.709219,4.058012,4.164395907222457e-78,1.810184922141459e-76,0.4956369982547993,0.05609973285841496
Epidermis 1,LOC100487973,18.679607,2.56705,7.254968727540374e-78,3.141084773882113e-76,0.587260034904014,0.163846838824577
Epidermis 1,nxpe2,18.677174,5.2752314,7.593605424787128e-78,3.2811893856293055e-76,0.4712041884816754,0.025823686553873553
Epidermis 1,slc38a10,18.67118,1.8108567,8.495446793446427e-78,3.663619456122421e-76,0.7181500872600349,0.3668744434550312
Epidermis 1,suco,18.664707,1.4773062,9.589951927282188e-78,4.1274623472430894e-76,0.8167539267015707,0.5618878005342832
Epidermis 1,tpm1,18.648716,1.4028445,1.2934537072101745e-77,5.555994752959295e-76,0.8403141361256544,0.572573463935886
Epidermis 1,acly,18.60302,3.9058602,3.0370798765472123e-77,1.2969103715486638e-75,0.5017452006980803,0.06678539626001781
Epidermis 1,cnksr1,18.547773,2.5874949,8.500071606687064e-77,3.608561527811643e-75,0.5828970331588132,0.163846838824577
Epidermis 1,clic1,18.500347,3.0115588,2.0515156429823163e-76,8.675605202619598e-75,0.5401396160558464,0.11219946571682991
Epidermis 1,stim2,18.395622,1.6718184,1.4241715503977478e-75,5.987831869215656e-74,0.7478184991273996,0.42920747996438113
Epidermis 1,nedd4,18.37899,2.5165656,1.9353709626722986e-75,8.121486495475429e-74,0.5898778359511344,0.19323241317898487
Epidermis 1,b4galt6,18.304358,2.9808362,7.638882446095431e-75,3.187152081381423e-73,0.5331588132635253,0.10329474621549421
Epidermis 1,LOC100495090,18.205946,3.321882,4.629921306628931e-74,1.9207131717100742e-72,0.5113438045375218,0.09349955476402494
Epidermis 1,elovl1,18.109137,2.4053247,2.6995091227797915e-73,1.1093406510014658e-71,0.5785340314136126,0.170080142475512
Epidermis 1,srpra,18.077925,1.8528489,4.7565547402245195e-73,1.950992123805249e-71,0.6788830715532286,0.3161175422974176
Epidermis 1,creb3l4,18.05969,4.6954284,6.619303277701578e-73,2.7099402780999275e-71,0.46335078534031415,0.032056990204808546
Epidermis 1,acy3,18.047832,2.5329,8.204662700411761e-73,3.352695595237548e-71,0.568935427574171,0.16295636687444345
Epidermis 1,hook2,17.975763,1.341293,3.016828581686896e-72,1.2213398233949861e-70,0.8106457242582897,0.5672306322350846
Epidermis 1,mpc1,17.947851,3.6973119,4.988284932583109e-72,2.0157289909980743e-70,0.4851657940663176,0.05966162065894924
Epidermis 1,fam3a,17.859951,2.8843706,2.418501847822363e-71,9.683326389235188e-70,0.5305410122164049,0.11487088156723063
Epidermis 1,notch2,17.854183,2.2961876,2.6817562377103955e-71,1.0717692832065666e-69,0.599476439790576,0.20747996438112198
Epidermis 1,ssbp2,17.850561,2.0398102,2.8614234603248908e-71,1.1414830224451452e-69,0.643979057591623,0.3081032947462155
Epidermis 1,itfg1,17.822073,1.6733825,4.7637433424168985e-71,1.8934361288684726e-69,0.7207678883071553,0.41406945681211044
Epidermis 1,spag1,17.817043,1.8555106,5.2120163586741515e-71,2.067843799320521e-69,0.6736474694589878,0.3072128227960819
Epidermis 1,pdia6,17.728085,1.8170732,2.545602703785369e-70,1.0008575963837935e-68,0.680628272251309,0.327693677649154
Epidermis 1,slc37a1,17.616758,3.061494,1.8320513299364477e-69,7.13878429831129e-68,0.5078534031413613,0.09528049866429207
Epidermis 1,arhgap45,17.61474,1.5720886,1.898594514081174e-69,7.3848896420258996e-68,0.7574171029668412,0.4683882457702582
Epidermis 1,LOC100496743,17.41468,1.410806,6.38441265816532e-68,2.431313588373917e-66,0.7966841186736475,0.5075690115761353
Epidermis 1,cant1,17.414392,2.493283,6.416664608651202e-68,2.439338648525747e-66,0.5514834205933682,0.1549421193232413
Epidermis 1,LOC101734002,17.324505,4.116767,3.0732868685041534e-67,1.1562447027177437e-65,0.46596858638743455,0.06144256455921639
Epidermis 1,copg1,17.285666,2.2596798,6.032066238505698e-67,2.2577310015511638e-65,0.5759162303664922,0.18521816562778273
Epidermis 1,slc13a4l,17.262177,1.6672181,9.062927829429643e-67,3.380549541298876e-65,0.7207678883071553,0.42475512021371326
Epidermis 1,crtc3,17.233944,1.5215454,1.4772468650683726e-66,5.491482767062514e-65,0.7757417102966842,0.5013357079252003
Epidermis 1,LOC100497729,17.187735,5.08977,3.28100770842016e-66,1.2155325841330443e-64,0.43455497382198954,0.02315227070347284
Epidermis 1,pick1,17.01892,1.8966632,5.9457068921363335e-65,2.1623545015551155e-63,0.6256544502617801,0.27337488869100623
Epidermis 1,rasef,17.015972,1.4774258,6.252690897178824e-65,2.270215774830934e-63,0.7530541012216405,0.44612644701691895
Epidermis 1,tab2,16.867058,1.6442523,7.861683115919808e-64,2.7894274353249775e-62,0.6928446771378709,0.3606411398040962
Epidermis 1,atp11c,16.857796,2.2604272,9.195470616357512e-64,3.257376044148332e-62,0.5741710296684118,0.2413178984861977
Epidermis 1,tbc1d14,16.849785,1.456042,1.0529750672543137e-63,3.7239820004143237e-62,0.7469458987783595,0.4666073018699911
Epidermis 1,uba5,16.808575,2.2366867,2.1118998885519004e-63,7.432865720659842e-62,0.5663176265270506,0.19056099732858414
Epidermis 1,marveld3,16.790628,2.3021154,2.8580071265458536e-63,1.0026458763401458e-61,0.5549738219895288,0.1682991985752449
Epidermis 1,b4galt3l2,16.754192,3.059344,5.277194862505469e-63,1.848373500718007e-61,0.48342059336823734,0.09349955476402494
Epidermis 1,dnase1l3,16.693148,4.6195354,1.4701362919903362e-62,5.13277504440338e-61,0.43106457242582896,0.03383793410507569
Epidermis 1,lin54,16.685743,1.222513,1.6641906069171566e-62,5.8010069063161784e-61,0.8315881326352531,0.5948352626892253
Epidermis 1,stk10,16.678213,1.2345018,1.8878026411648227e-62,6.569974710184624e-61,0.8760907504363001,0.6357969723953696
Epidermis 1,wdr7,16.642675,1.0792862,3.419915884299875e-62,1.1845394366874218e-60,0.9048865619546248,0.7408726625111309
Epidermis 1,itprid2,16.638124,1.2309487,3.689934457312248e-62,1.2740199334337116e-60,0.8289703315881326,0.6402493321460374
Epidermis 1,aip,16.55798,1.6121581,1.4022486891198705e-61,4.826256884114305e-60,0.693717277486911,0.39091718610863757
Epidermis 1,stk17a,16.554968,1.5772645,1.4742218570180324e-61,5.065983486927636e-60,0.699825479930192,0.37043633125556547
Epidermis 1,hspa5,16.54875,2.1150303,1.6346077627322542e-61,5.608298111726497e-60,0.575043630017452,0.20569902048085487
Epidermis 1,marveld2,16.510103,1.9680841,3.1035062417505917e-61,1.0614672366965465e-59,0.5890052356020943,0.23241317898486197
Epidermis 1,LOC100493455,16.469246,2.8406885,6.102663683194281e-61,2.0807222536091e-59,0.49476439790575916,0.11754229741763135
Epidermis 1,mgat5,16.448994,3.3365033,8.527431930745892e-61,2.898397074155858e-59,0.4712041884816754,0.09884238646482636
Epidermis 1,grin1,16.34885,5.183625,4.4325865968635695e-60,1.4880534173870763e-58,0.4109947643979058,0.015138023152270703
Epidermis 1,slc35b1,16.328182,2.2876582,6.221085017695451e-60,2.078871304305244e-58,0.5366492146596858,0.1772039180765806
Epidermis 1,scnn1a,16.280018,4.2072906,1.3682953759235634e-59,4.5514593594555e-58,0.43106457242582896,0.04719501335707925
Epidermis 1,LOC100216037,16.181126,3.9431925,6.853010014860645e-59,2.2623227161009703e-57,0.4293193717277487,0.04363312555654497
Epidermis 1,ano5,16.126265,1.0712689,1.6681124987534507e-58,5.490178406530777e-57,0.8944153577661431,0.7586821015138023
Epidermis 1,mob2.2,16.121265,1.8159238,1.80869292351597e-58,5.943898837958129e-57,0.62478184991274,0.28851291184327693
Epidermis 1,sema3f,16.110273,1.312342,2.1606711475985217e-58,7.07928004680891e-57,0.8141361256544503,0.5360641139804097
Epidermis 1,erlec1,16.102262,1.6679324,2.4594688792755122e-58,8.046187468466409e-57,0.6518324607329843,0.3348174532502226
Epidermis 1,plekhn1,16.021187,1.2009233,9.08983067992124e-58,2.9648609157931443e-56,0.8289703315881326,0.5823686553873553
Epidermis 1,LOC116408821,15.979784,2.4824772,1.7675621513829704e-57,5.722548027496706e-56,0.5279232111692844,0.17186108637577915
Epidermis 1,ugdh,15.976772,2.708885,1.8550639778563032e-57,5.9969408978966505e-56,0.4851657940663176,0.11398040961709706
Epidermis 1,fam174b,15.963153,2.9169328,2.3077314110544166e-57,7.438258068038172e-56,0.46596858638743455,0.08904719501335707
Epidermis 1,acsl4,15.949501,1.4567915,2.871800201989695e-57,9.242706815282764e-56,0.7172774869109948,0.43187889581478184
Epidermis 1,tmf1,15.895858,1.6877359,6.769572210909803e-57,2.1755351283396587e-55,0.6404886561954625,0.30365093499554763
Epidermis 1,gpa33,15.867818,1.9809631,1.0585782833205428e-56,3.3869848563544815e-55,0.5724258289703316,0.22083704363312556
Epidermis 1,LOC108645188,15.801484,4.3188014,3.0387860224991483e-56,9.637986889092139e-55,0.4179755671902269,0.04719501335707925
Epidermis 1,aftph,15.789274,1.4573233,3.687967125276569e-56,1.1646183884321274e-54,0.6910994764397905,0.40160284951024044
Epidermis 1,acacb,15.750115,1.6595674,6.855640812401628e-56,2.1618054648470512e-54,0.6518324607329843,0.3285841495992876
Epidermis 1,slc13a3,15.726562,4.6493216,9.946763650261575e-56,3.1274975448466546e-54,0.4040139616055846,0.027604630454140695
Epidermis 1,f11r,15.679551,1.6514101,2.0872384665868333e-55,6.55332814091961e-54,0.6308900523560209,0.3089937666963491
Epidermis 1,abo.4,15.678397,1.6095345,2.125490655660234e-55,6.663840746718674e-54,0.6588132635253054,0.3348174532502226
Epidermis 1,slco2b1,15.612192,2.3000214,6.013513652649991e-55,1.871909863259279e-53,0.5209424083769634,0.176313446126447
Epidermis 1,lrba,15.610685,1.6490747,6.157173457221412e-55,1.913898604131459e-53,0.6832460732984293,0.39536954585930545
Epidermis 1,ugcg,15.555151,2.24796,1.468086369756837e-54,4.511987700628723e-53,0.5200698080279232,0.1674087266251113
Epidermis 1,slc25a16,15.519869,4.0739985,2.5457010111262853e-54,7.790987624654512e-53,0.40924956369982546,0.03829029385574354
Epidermis 1,cpt1al,15.488817,3.204788,4.1281652718510275e-54,1.2581102569421967e-52,0.4397905759162304,0.07390917186108638
Epidermis 1,asph,15.435205,1.0484124,9.489825815176474e-54,2.8800763437130158e-52,0.8595113438045375,0.7079252003561888
Epidermis 1,rin3,15.426745,1.2884903,1.0819064021073784e-53,3.278927722275709e-52,0.7582897033158813,0.5378450578806767
Epidermis 1,esyt2,15.398642,1.6588541,1.6714447300101284e-53,5.03070282117945e-52,0.6291448516579407,0.3303650934995548
Epidermis 1,mdm4,15.390182,1.1209229,1.9049767597571986e-53,5.7178126375050655e-52,0.837696335078534,0.667853962600178
Epidermis 1,hivep1,15.350701,1.3142838,3.503774469068404e-53,1.0502178940871106e-51,0.7530541012216405,0.5022261798753339
Epidermis 1,LOC100486185,15.340351,4.281225,4.109683519404328e-53,1.230142717104552e-51,0.39965095986038396,0.031166518254674976
Epidermis 1,MGC89056,15.226686,1.5816438,2.3521659436486978e-52,7.002266446979296e-51,0.6369982547993019,0.3089937666963491
Epidermis 1,psme4,15.224539,1.3940746,2.430668731742605e-52,7.226106593372668e-51,0.6954624781849913,0.42030276046304543
Epidermis 1,usp43,15.174772,2.420633,5.19577753162251e-52,1.5383590436571884e-50,0.48778359511343805,0.14425645592163847
Epidermis 1,mast4,15.055339,3.1115496,3.184622988880265e-51,9.327739361121645e-50,0.4432809773123909,0.10151380231522707
Epidermis 1,b4galt1l,15.0518465,4.063042,3.357327746661863e-51,9.794150903731085e-50,0.3987783595113438,0.041852181656277826
Epidermis 1,sh3gl2,15.00663,1.6901448,6.64384227006526e-51,1.925302552126083e-49,0.6361256544502618,0.333926981300089
Epidermis 1,LOC108647650,14.994933,2.9200974,7.924197362771225e-51,2.29328793969537e-49,0.47033158813263526,0.13891362422083706
Epidermis 1,krt12.4,14.930106,3.2757149,2.0993299838841247e-50,6.051450406649338e-49,0.418848167539267,0.06411398040961709
Epidermis 1,erp44,14.917128,1.1053258,2.550181774805846e-50,7.331688604484633e-49,0.8184991273996509,0.5868210151380232
Epidermis 1,tmprss11f,14.911007,4.252902,2.79506536075179e-50,8.014602002229278e-49,0.38917975567190227,0.03294746215494212
Epidermis 1,sppl2a,14.840763,1.8875962,7.9842412424788455e-50,2.2804205255514517e-48,0.5506108202443281,0.21816562778272486
Epidermis 1,txlnb,14.684478,3.5810761,8.105619756279027e-49,2.2792877410021217e-47,0.41361256544502617,0.07658058771148708
Epidermis 1,cpeb3,14.654612,1.8667368,1.2587447470138125e-48,3.5259395538624394e-47,0.5541012216404887,0.24309884238646481
Epidermis 1,esyt3,14.637628,2.4760199,1.6160979127043254e-48,4.521137506810395e-47,0.462478184991274,0.12110418521816563
Epidermis 1,sertad2,14.590745,1.8804762,3.2166528313496714e-48,8.964314359244084e-47,0.5514834205933682,0.2341941228851291
Epidermis 1,vtcn1,14.573313,4.687144,4.152579955768255e-48,1.1528428398831946e-46,0.3717277486910995,0.020480854853072127
Epidermis 1,ufl1,14.539986,2.4724796,6.760727862887251e-48,1.872155364163232e-46,0.46160558464223383,0.13000890471950133
Epidermis 1,prdm2,14.537421,1.2961432,7.018693760941373e-48,1.9404854303977354e-46,0.7120418848167539,0.44701691896705253
Epidermis 1,tmed10l,14.533352,4.165657,7.448481018036575e-48,2.054782608022454e-46,0.3795811518324607,0.030276046304541407
Epidermis 1,cap1,14.499448,1.5797437,1.221284566185132e-47,3.3521572979529264e-46,0.6134380453752182,0.3143365983971505
Epidermis 1,mybpc3,14.495763,4.7323,1.288632934781267e-47,3.532570260032917e-46,0.3699825479930192,0.0213713268032057
Epidermis 1,ptbp3,14.464262,2.4998503,2.0377910172790388e-47,5.565286331420013e-46,0.45462478184991273,0.12377560106856635
Epidermis 1,gopc,14.434876,1.7066057,3.1220522625536417e-47,8.494551424087658e-46,0.5715532286212914,0.26625111308993765
Epidermis 1,herpud1,14.4266405,1.817858,3.518035694942343e-47,9.560031992445438e-46,0.5462478184991274,0.22617987533392697
Epidermis 1,tbc1d8b,14.423629,1.8571528,3.675032586336142e-47,9.974239560502605e-46,0.5357766143106457,0.2288512911843277
Epidermis 1,tbc1d23,14.316116,1.7431223,1.7355520635878873e-46,4.6525161645640406e-45,0.555846422338569,0.25467497773820125
Epidermis 1,pfkfb2,14.310925,1.5037931,1.8700989016494563e-46,5.000910310403527e-45,0.6273996509598604,0.3410507569011576
Epidermis 1,snap23,14.15214,1.227337,1.811596186262209e-45,4.757020503059887e-44,0.7233856893542757,0.4577025823686554
Epidermis 1,vps53,14.101861,2.3740714,3.698868795295184e-45,9.677819662126644e-44,0.46160558464223383,0.14247551202137132
Epidermis 1,LOC116409572,14.082858,4.667526,4.841178285538903e-45,1.263628604889287e-43,0.35951134380453753,0.020480854853072127
Epidermis 1,arhgef37,14.053761,4.3635154,7.304967420926007e-45,1.8976392153812665e-43,0.3656195462478185,0.029385574354407838
Epidermis 1,klf17,14.01412,1.2244065,1.277715234494511e-44,3.3112855263544808e-43,0.7504363001745201,0.5084594835262689
Epidermis 1,ywhaq,13.995758,1.446014,1.6545521453370402e-44,4.28279743338073e-43,0.6151832460732984,0.3312555654496883
Epidermis 1,LOC100495391,13.995598,4.8719535,1.6582854116848917e-44,4.2873751147364954e-43,0.3551483420593368,0.016918967052537846
Epidermis 1,slc25a22l,13.966725,1.6450509,2.48806498049604e-44,6.379796232597426e-43,0.5776614310645725,0.27871772039180764
Epidermis 1,sec16a,13.94564,1.2596992,3.344372859100479e-44,8.565441333149243e-43,0.675392670157068,0.41585040071237755
Epidermis 1,stard9,13.893822,2.1895132,6.905018190502889e-44,1.7581610494161438e-42,0.4895287958115183,0.18432769367764915
Epidermis 1,sipa1l3,13.893117,1.5947229,6.973334563488569e-44,1.7734864045441033e-42,0.5837696335078534,0.31522707034728403
Epidermis 1,tmem63c,13.845305,3.762869,1.3580252331957764e-43,3.4417501293339184e-42,0.37347294938917974,0.04363312555654497
Epidermis 1,slc25a1,13.698217,1.6422529,1.040480400388006e-42,2.592961640859428e-41,0.5593368237347295,0.27871772039180764
Epidermis 1,atp2a3,13.68056,1.8519257,1.3266707252610766e-42,3.2971847261870104e-41,0.5619546247818499,0.3089937666963491
Epidermis 1,prr5,13.652648,2.3019593,1.9467269110024998e-42,4.821739832574977e-41,0.4424083769633508,0.12110418521816563
Epidermis 1,LOC100380178,13.612752,3.9361236,3.363366522747807e-42,8.302264806886866e-41,0.35951134380453753,0.03294746215494212
Epidermis 1,metrnl,13.561831,1.3363642,6.743081538277375e-42,1.6551269094122676e-40,0.631762652705061,0.3570792520035619
Epidermis 1,nos2,13.519436,2.362411,1.20093333294792e-41,2.924728377037563e-40,0.4467713787085515,0.13535173642030277
Epidermis 1,ppt1,13.340623,2.2448106,1.3433306502715915e-40,3.193117442219651e-39,0.44589877835951136,0.1433659839715049
Epidermis 1,galnt4,13.2995405,4.312898,2.3289570489660158e-40,5.488139499512681e-39,0.34554973821989526,0.025823686553873553
Epidermis 1,znf534,13.282557,2.3544564,2.92244391558847e-40,6.857058998070537e-39,0.42844677137870857,0.11665182546749778
Epidermis 1,sec23b,13.2777815,1.1016654,3.1148638749087014e-40,7.300692224960555e-39,0.7268760907504364,0.5022261798753339
Epidermis 1,znf750,13.199463,3.1355772,8.836318986672258e-40,2.0556217122406751e-38,0.3717277486910995,0.05253784505788068
Epidermis 1,LOC549052,13.194464,4.373307,9.442470377137148e-40,2.1942933556923293e-38,0.3411867364746946,0.02404274265360641
Epidermis 1,slc6a9,13.17732,1.2433726,1.1852821375638482e-39,2.74856976873334e-38,0.7146596858638743,0.4577025823686554
Epidermis 1,bspry,13.160303,5.1199756,1.484889425625627e-39,3.436030981609418e-38,0.33158813263525305,0.014247551202137132
Epidermis 1,p3h3,13.133481,2.9277616,2.1169647092029794e-39,4.888284330107747e-38,0.38045375218150085,0.06856634016028496
Epidermis 1,abo.1,13.130053,3.9506314,2.215035500708652e-39,5.103937662192555e-38,0.3472949389179756,0.031166518254674976
Epidermis 1,vapa,13.108261,1.9963171,2.9529019809347524e-39,6.789807600208349e-38,0.4598603839441536,0.15316117542297417
Epidermis 1,lasp1,13.104159,1.9567113,3.116956397113712e-39,7.151956418655973e-38,0.4642233856893543,0.15761353517364202
Epidermis 1,rab3b,13.099609,2.6392283,3.309575035854619e-39,7.585949249725172e-38,0.40663176265270506,0.10418521816562779
Epidermis 1,alas1,13.096789,1.7864792,3.4348370721725166e-39,7.864803751508551e-38,0.5139616055846422,0.23241317898486197
Epidermis 1,LOC100497279,13.095155,3.4269552,3.5095780377815804e-39,8.027515970904807e-38,0.3682373472949389,0.05966162065894924
Epidermis 1,tfg,13.0828495,1.8549706,4.12675365660113e-39,9.42930801473228e-38,0.4825479930191972,0.18076580587711488
Epidermis 1,mboat1,13.082657,4.0421324,4.1372074833861194e-39,9.443305909515534e-38,0.343804537521815,0.029385574354407838
Epidermis 1,grhl2,12.992578,1.3853623,1.348090686787919e-38,3.0515235348961806e-37,0.5933682373472949,0.31522707034728403
Epidermis 1,slc17a9,12.976107,1.3698717,1.6716523688651764e-38,3.7721950714588435e-37,0.5986038394415357,0.3250222617987533
Epidermis 1,impact,12.967166,3.1710324,1.8784911788795764e-38,4.234561571728434e-37,0.36910994764397903,0.06322350845948353
Epidermis 1,LOC100495222,12.946239,1.2127796,2.4674679528877484e-38,5.55651374612627e-37,0.6954624781849913,0.4452359750667854
Epidermis 1,pgap6,12.9382925,2.0679758,2.7364321532017584e-38,6.15584391907377e-37,0.4572425828970332,0.1682991985752449
Epidermis 1,vmp1,12.935024,1.420359,2.8553368184888455e-38,6.410113653934681e-37,0.5924956369982548,0.3170080142475512
Epidermis 1,LOC100145165,12.902306,1.8398898,4.368283922533421e-38,9.746454342904067e-37,0.5,0.2288512911843277
Epidermis 1,galnt10,12.893685,3.2942626,4.885219350611248e-38,1.0866500657460556e-36,0.3586387434554974,0.04986642920747997
Epidermis 1,tmem63a,12.869812,3.907856,6.65642301688684e-38,1.4731217713132628e-36,0.3411867364746946,0.031166518254674976
Epidermis 1,slc19a3,12.865325,6.1967993,7.054426489278763e-38,1.559621483511164e-36,0.31762652705061084,0.006233303650934996
Epidermis 1,use1,12.856417,1.84906,7.91620899033562e-38,1.7430837172362622e-36,0.47294938917975565,0.1798753339269813
Epidermis 1,tmed5,12.808509,1.7037225,1.4693092373857222e-37,3.2093890759753594e-36,0.49825479930191974,0.20926090828138913
Epidermis 1,ndrg2,12.796941,1.5714357,1.7053870767809374e-37,3.721325140243684e-36,0.537521815008726,0.2680320569902048
Epidermis 1,atp10b,12.794569,1.7243366,1.7582492309740876e-37,3.832842804104452e-36,0.5095986038394416,0.22707034728406056
Epidermis 1,LOC105948358,12.791365,5.223805,1.8322809949078699e-37,3.9902398792300024e-36,0.32111692844677137,0.01157613535173642
Epidermis 1,tmem184b,12.786269,1.8380862,1.9564216363513757e-37,4.25633863677202e-36,0.4790575916230366,0.1861086375779163
Epidermis 1,lman1,12.6757765,1.6572375,8.055657931202705e-37,1.730142831858014e-35,0.5043630017452007,0.22350845948352627
Epidermis 1,syngr2,12.663311,2.7386222,9.443067508202609e-37,2.026127591902548e-35,0.37783595113438045,0.07836153161175423
Epidermis 1,hk1,12.639534,1.7176975,1.2780990766885036e-36,2.7369381700117603e-35,0.49476439790575916,0.21104185218165628
Epidermis 1,LOC100490565,12.633221,2.2826078,1.3849168431691551e-36,2.962771611254327e-35,0.40924956369982546,0.11219946571682991
Epidermis 1,rbm47,12.632163,1.8841103,1.4036582068194977e-36,2.9969888190810427e-35,0.450261780104712,0.14692787177203917
Epidermis 1,chmp4c,12.627613,3.2004564,1.4872211100076963e-36,3.1723022327935424e-35,0.3551483420593368,0.05431878895814782
Epidermis 1,ralgps1,12.612872,3.047889,1.7933701351947596e-36,3.8215946992270365e-35,0.36038394415357766,0.058771148708815675
Epidermis 1,wwc1,12.538142,1.4401923,4.616938673175323e-36,9.760669673094694e-35,0.5636998254799301,0.30008904719501334
Epidermis 1,ift46,12.538078,1.7119716,4.620673558639301e-36,9.760669673094694e-35,0.4886561954624782,0.20926090828138913
Epidermis 1,man2a1,12.527663,1.3189843,5.2692494970714654e-36,1.1109207079767771e-34,0.6020942408376964,0.3481745325022262
Epidermis 1,cd9,12.52449,2.9176257,5.484231515068067e-36,1.1551294970106206e-34,0.36300174520069806,0.06233303650934995
Epidermis 1,anks6,12.512826,1.2648635,6.352328052261578e-36,1.3366841892806163e-34,0.6291448516579407,0.38201246660730187
Epidermis 1,LOC100485638,12.477223,3.6901267,9.939219442932952e-36,2.0834169785229584e-34,0.33507853403141363,0.03561887800534283
Epidermis 1,dennd3,12.387689,1.2158935,3.046984523221049e-35,6.320175787186931e-34,0.6492146596858639,0.39536954585930545
Epidermis 1,ssr3,12.377979,1.3068178,3.4389317630747833e-35,7.126394112255921e-34,0.5776614310645725,0.3241317898486198
Epidermis 1,c3orf52,12.341512,3.8138292,5.413007470556538e-35,1.1174762158468705e-33,0.32722513089005234,0.029385574354407838
Epidermis 1,tbcd,12.303185,2.547325,8.707156495859742e-35,1.790752704016545e-33,0.37783595113438045,0.08726625111308994
Epidermis 1,capn5,12.272358,2.49408,1.274864712845953e-34,2.61455102434319e-33,0.38481675392670156,0.09973285841495994
Epidermis 1,LOC100496311,12.224482,4.741435,2.3004421120418116e-34,4.700182333976065e-33,0.31239092495637,0.018699910952804988
Epidermis 1,hcfc2,12.223905,1.2939252,2.3168280356016554e-34,4.7292333549919294e-33,0.5951134380453752,0.358860195903829
Epidermis 1,gramd2a,12.205959,3.3743343,2.8888287464670648e-34,5.869379150526799e-33,0.33856893542757416,0.04808548530721282
Epidermis 1,rapgef3,12.203043,3.1531663,2.9941994184417676e-34,6.0778070241690984e-33,0.3551483420593368,0.07034728406055209
Epidermis 1,unc80,12.190193,3.0701847,3.5058946884427287e-34,7.109863196701559e-33,0.35776614310645727,0.07569011576135352
Epidermis 1,ddrgk1,12.190033,1.3300996,3.512794609409172e-34,7.117241520140904e-33,0.581151832460733,0.3285841495992876
Epidermis 1,spire1,12.186829,2.969836,3.6536610525953638e-34,7.395782729933528e-33,0.35165794066317624,0.060552092609082814
Epidermis 1,pdia3,12.181413,1.0682892,3.904593039420988e-34,7.87450320824449e-33,0.6884816753926701,0.4790739091718611
Epidermis 1,adipor2,12.159974,2.9003074,5.0774632179954335e-34,1.0230408576166053e-32,0.3551483420593368,0.06767586821015138
Epidermis 1,cog1,12.148823,1.669195,5.819769252557397e-34,1.1693663430944288e-32,0.48080279232111695,0.20747996438112198
Epidermis 1,plekha8,12.147156,2.77362,5.939582893491637e-34,1.1923425788305522e-32,0.3656195462478185,0.08281389136242208
Epidermis 1,pak2,12.117226,1.274554,8.56080918315851e-34,1.716961555015642e-32,0.5898778359511344,0.3624220837043633
Epidermis 1,sgpl1,12.082584,1.5657915,1.3055028405705967e-33,2.611125342263152e-32,0.5095986038394416,0.26268922528940336
Epidermis 1,slc30a7,12.074958,1.1270034,1.4323747490443357e-33,2.8596385543363633e-32,0.662303664921466,0.43365983971504896
Epidermis 1,mfge8,12.039932,1.3080913,2.191353328920765e-33,4.354965481819673e-32,0.5698080279232112,0.3223508459483526
Epidermis 1,gns,12.018333,2.9702065,2.846536954142837e-33,5.636504798216956e-32,0.34904013961605584,0.06589492430988424
Epidermis 1,gnb5,11.996896,3.441678,3.688752062185762e-33,7.271206752389839e-32,0.33158813263525305,0.04541406945681211
Epidermis 1,copb1,11.984815,1.389825,4.267998689395783e-33,8.390270216333819e-32,0.5383944153577661,0.28851291184327693
Epidermis 1,LOC100495047,11.979943,1.2884842,4.526327979955321e-33,8.890099266481104e-32,0.6221640488656196,0.4238646482635797
Epidermis 1,scn5a,11.912648,3.1007452,1.0169545856953017e-32,1.9866576557257992e-31,0.3481675392670157,0.06945681211041853
Epidermis 1,atp2c1,11.882333,1.0210689,1.4622807003250106e-32,2.8438883388406468e-31,0.7015706806282722,0.4879786286731968
Epidermis 1,dgkk,11.861888,5.233661,1.867163835074483e-32,3.6184175883801327e-31,0.2975567190226876,0.01068566340160285
Epidermis 1,irak2,11.843879,4.2051635,2.3149398948091513e-32,4.478218390481426e-31,0.3089005235602094,0.02404274265360641
Epidermis 1,idh1,11.832631,2.5669293,2.6471315659151895e-32,5.1163027369207575e-31,0.3621291448516579,0.08014247551202137
Epidermis 1,trpv6,11.815807,4.574391,3.23428671506417e-32,6.240085801009306e-31,0.3019197207678883,0.016028495102404273
Epidermis 1,LOC733461,11.80286,4.207712,3.7726478825380664e-32,7.265926694162679e-31,0.3080279232111693,0.02404274265360641
Epidermis 1,prrc1,11.684517,1.5803381,1.5294661350957818e-31,2.899607344389666e-30,0.4720767888307155,0.20747996438112198
Epidermis 1,scamp1,11.673077,1.5655193,1.749783831541908e-31,3.3115379868235885e-30,0.48429319371727747,0.23063223508459482
Epidermis 1,ssr2,11.648242,1.0346102,2.3424241433810614e-31,4.4292926544816414e-30,0.6692844677137871,0.44078361531611754
Epidermis 1,micall2,11.635808,2.5921893,2.7101162545183987e-31,5.120125263190128e-30,0.36910994764397903,0.10329474621549421
Epidermis 1,ap1b1,11.619432,1.7367759,3.2830873766475e-31,6.1865500557707336e-30,0.4397905759162304,0.1709706144256456
Epidermis 1,tef,11.564091,1.5927322,6.265169811187263e-31,1.1734958836902768e-29,0.4912739965095986,0.25289403383793413
Epidermis 1,tp53i13,11.543613,1.2074066,7.951341362573398e-31,1.484227714907734e-29,0.5794066317626527,0.3428317008014248
Epidermis 1,sgms2,11.504454,3.7864332,1.2527977240224023e-30,2.3285604033980273e-29,0.306282722513089,0.029385574354407838
Epidermis 1,ap1m2,11.475004,2.798751,1.7616909527836836e-30,3.2716475132504477e-29,0.33507853403141363,0.05966162065894924
Epidermis 1,acsbg1,11.4570265,4.988094,2.1683117512856145e-30,4.0131238952335365e-29,0.28970331588132636,0.013357079252003561
Epidermis 1,phldb3,11.456258,2.788036,2.1876462518712656e-30,4.045477022210414e-29,0.343804537521815,0.07390917186108638
Epidermis 1,mast1,11.455136,2.4256804,2.2161495243621637e-30,4.094716238027669e-29,0.36649214659685864,0.10151380231522707
Epidermis 1,clta,11.402678,1.5532224,4.054528815236227e-30,7.441032235262381e-29,0.468586387434555,0.21371326803205698
Epidermis 1,LOC100498095,11.38861,4.120112,4.7653153773420175e-30,8.738146794031947e-29,0.29668411867364747,0.0213713268032057
Epidermis 1,slco4c1,11.379957,2.320266,5.262531351206661e-30,9.64178812885647e-29,0.3743455497382199,0.11041852181656278
Epidermis 1,cgnl1,11.372107,1.7441297,5.7580945651218774e-30,1.0523231281869724e-28,0.4389179755671902,0.18165627782724844
Epidermis 1,inpp5a.2,11.3070545,2.3662896,1.2108665154742371e-29,2.1945447038341635e-28,0.36038394415357766,0.09082813891362422
Epidermis 1,LOC100493336,11.261166,3.9720504,2.0404244817907667e-29,3.6827214737102e-28,0.30017452006980805,0.031166518254674976
Epidermis 1,alg9,11.245143,1.3813127,2.4470076035758152e-29,4.39836514972223e-28,0.5069808027923212,0.26357969723953695
Epidermis 1,fam219b,11.227358,3.165512,2.992961701811933e-29,5.370840238095247e-28,0.31326352530541013,0.0427426536064114
Epidermis 1,slc30a8,11.220371,3.7079186,3.239066162302624e-29,5.802927974351852e-28,0.3106457242582897,0.04541406945681211
Epidermis 1,baiap2l1,11.188326,1.1826851,4.651310424304487e-29,8.312550759111237e-28,0.6073298429319371,0.41585040071237755
Epidermis 1,mreg,11.160382,4.374113,6.371676195150885e-29,1.1349905816684691e-27,0.28883071553228623,0.020480854853072127
Epidermis 1,rpn2,11.053864,1.1268518,2.099787840282662e-28,3.6743761397600616e-27,0.5837696335078534,0.3597506678539626
Epidermis 1,snrnp48,10.979903,1.3202617,4.774362149929139e-28,8.288095184853121e-27,0.5174520069808028,0.2956366874443455
Epidermis 1,slc19a3.2,10.931226,4.124573,8.173651618232555e-28,1.4099387506834196e-26,0.28534031413612565,0.0213713268032057
Epidermis 1,c-answer,10.898796,1.5166179,1.1679229973779834e-27,2.0051335740192743e-26,0.456369982547993,0.21727515583259127
Epidermis 1,LOC101733293,10.861207,3.430219,1.764022600386931e-27,3.019038208866135e-26,0.306282722513089,0.05075690115761353
Epidermis 1,trabd,10.787182,1.8808347,3.957382671592542e-27,6.694112192001616e-26,0.3856893542757417,0.13178984861976847
Epidermis 1,eps8l2,10.780036,4.052133,4.277187164047984e-27,7.229473362253375e-26,0.2835951134380454,0.024933214603739984
Epidermis 1,b4galnt1,10.777023,3.238348,4.419551604381809e-27,7.464321637710174e-26,0.3010471204188482,0.04363312555654497
Epidermis 1,kdelr1,10.7585335,1.0698037,5.402302504140305e-27,9.095960103614629e-26,0.5951134380453752,0.3624220837043633
Epidermis 1,rffl,10.723412,1.9614203,7.903316239275697e-27,1.3235476873156945e-25,0.3769633507853403,0.12555654496883348
Epidermis 1,rasa1,10.706267,1.0757285,9.511998437964863e-27,1.5868602287066613e-25,0.5951134380453752,0.38913624220837045
Epidermis 1,reep5,10.638492,2.1608245,1.9729772844426782e-26,3.2541449224356524e-25,0.3542757417102967,0.10240427426536064
Epidermis 1,derl2,10.626154,1.5423295,2.2520939195095734e-26,3.703311335163406e-25,0.4363001745200698,0.18967052537845058
Epidermis 1,osbpl8,10.565396,2.0877655,4.311454764866736e-26,7.031409149787522e-25,0.3647469458987784,0.11932324131789848
Epidermis 1,slc35e1,10.534152,1.6321782,6.012290543273546e-26,9.761472614938396e-25,0.4179755671902269,0.176313446126447
Epidermis 1,ero1a,10.529473,3.3161347,6.31872078120427e-26,1.025136105328315e-24,0.2940663176265271,0.0427426536064114
Epidermis 1,hid1,10.517296,3.4552956,7.190780913181202e-26,1.1631581193960489e-24,0.2879581151832461,0.034728406055209264
Epidermis 1,fam126b,10.516046,1.8335849,7.286767096100963e-26,1.1778114429927342e-24,0.3856893542757417,0.14247551202137132
Epidermis 1,ophn1,10.493454,3.2657957,9.258079099922537e-26,1.4931304067953413e-24,0.2940663176265271,0.0427426536064114
Epidermis 1,afmid,10.468074,4.1069245,1.210813062440146e-25,1.9470266643704074e-24,0.27399650959860383,0.0213713268032057
Epidermis 1,mpc2,10.388537,4.840666,2.796077067865713e-25,4.4405529620012905e-24,0.26352530541012215,0.01157613535173642
Epidermis 1,klf3,10.359472,1.661245,3.790475547976599e-25,5.99796714520648e-24,0.4162303664921466,0.18165627782724844
Epidermis 1,pgm3,10.35505,2.0914383,3.9697907316675104e-25,6.272614305265513e-24,0.3525305410122164,0.11041852181656278
Epidermis 1,rell1,10.351942,2.1597478,4.100836935031628e-25,6.460964820167881e-24,0.34205933682373474,0.09706144256455922
Epidermis 1,tpd52,10.334156,2.3890119,4.937370785866309e-25,7.762130253486219e-24,0.3237347294938918,0.07390917186108638
Epidermis 1,vps13a,10.282692,1.41472,8.433885350880958e-25,1.3183081106129897e-23,0.450261780104712,0.2163846838824577
Epidermis 1,spryd3,10.256735,2.415202,1.1037601638775784e-24,1.7179137329509727e-23,0.3219895287958115,0.07836153161175423
Epidermis 1,LOC100492690,10.210076,1.8078164,1.7872354392642095e-24,2.771802737752972e-23,0.39092495636998253,0.16028495102404275
Epidermis 1,LOC100127624,10.182806,4.8620543,2.3663736634850547e-24,3.659577584047298e-23,0.25741710296684117,0.01068566340160285
Epidermis 1,sel1l,10.177647,1.9089733,2.495225376938975e-24,3.853383789822036e-23,0.37085514834205935,0.13802315227070347
Epidermis 1,rpn1,10.154254,1.0771661,3.1722816077204868e-24,4.88513457742193e-23,0.5523560209424084,0.3517364203027605
Epidermis 1,sec61b,10.14259,1.458257,3.57496588665734e-24,5.50136323080041e-23,0.4319371727748691,0.19679430097951914
Epidermis 1,LOC100493994,10.132783,4.2640867,3.952364288371191e-24,6.07783940356221e-23,0.262652705061082,0.017809439002671415
Epidermis 1,syne4,10.129835,3.7344553,4.073360832388203e-24,6.259493431235421e-23,0.27225130890052357,0.030276046304541407
Epidermis 1,clcn5,10.079043,2.1096897,6.838888320909649e-24,1.046503380438776e-22,0.34293193717277487,0.10685663401602849
Epidermis 1,LOC100216133,10.070006,5.033757,7.49732866184971e-24,1.1432509345228688e-22,0.2530541012216405,0.008904719501335707
Epidermis 1,selenom,10.068244,2.9856257,7.632880671626074e-24,1.1631081643544173e-22,0.28970331588132636,0.04808548530721282
Epidermis 1,MGC147226,10.068084,4.30837,7.645323281369787e-24,1.164191202531543e-22,0.2617801047120419,0.019590382902938557
Epidermis 1,plk2,10.058182,3.158866,8.454551717058981e-24,1.2847268316012815e-22,0.2801047120418848,0.037399821905609976
Epidermis 1,slc2a9,10.0557785,3.1687586,8.663427396304155e-24,1.3155507948138688e-22,0.2862129144851658,0.04719501335707925
Epidermis 1,ufsp2,10.0532465,2.1743207,8.888971135304434e-24,1.3488611901493606e-22,0.3333333333333333,0.09706144256455922
Epidermis 1,dennd11,10.021169,1.7100208,1.2303878118679761e-23,1.859300030662819e-22,0.38219895287958117,0.15048975957257346
Epidermis 1,pcsk7,9.982618,2.5408869,1.816096263795397e-23,2.7311534508807276e-22,0.306282722513089,0.06678539626001781
Epidermis 1,selenos,9.975505,1.8633808,1.9510746814693976e-23,2.932121255120091e-22,0.36300174520069806,0.13178984861976847
Epidermis 1,slc35a3.2,9.968166,2.1783035,2.100718427151706e-23,3.1526669050121993e-22,0.33158813263525305,0.09795191451469279
Epidermis 1,cyp2a13l,9.94676,1.3717695,2.6052808034927584e-23,3.9072049768395515e-22,0.43804537521815007,0.20035618878005343
Epidermis 1,mmel1,9.92968,1.7957839,3.0924777468150004e-23,4.618819775034231e-22,0.38830715532286214,0.1682991985752449
Epidermis 1,slc35b4,9.899461,2.3591864,4.1852560276302597e-23,6.229636546993172e-22,0.31239092495637,0.07569011576135352
Epidermis 1,LOC100494266,9.899268,4.263755,4.1933095816439607e-23,6.237369351128348e-22,0.2591623036649215,0.0213713268032057
Epidermis 1,pm20d1,9.889591,2.72906,4.619122495833883e-23,6.861393599836021e-22,0.2949389179755672,0.05966162065894924
Epidermis 1,ddr1,9.857161,2.2605214,6.382871426358301e-23,9.436357547057214e-22,0.31762652705061084,0.08281389136242208
Epidermis 1,cracr2a,9.817585,3.703312,9.458240110946654e-23,1.389819915562067e-21,0.2670157068062827,0.03294746215494212
Epidermis 1,edem1,9.806882,2.5598187,1.0516836576858752e-22,1.5412215644300527e-21,0.3010471204188482,0.06856634016028496
Epidermis 1,ttf2,9.781855,1.3389325,1.3471954439813838e-22,1.9676808422434923e-21,0.45287958115183247,0.23686553873552982
Epidermis 1,cope,9.749905,1.1348926,1.8464110275695392e-22,2.691418505851364e-21,0.5043630017452007,0.28851291184327693
Epidermis 1,plpp2,9.734555,1.1547374,2.1475517676345194e-22,3.1178793826715134e-21,0.49476439790575916,0.2804986642920748
Epidermis 1,avl9,9.6976385,1.7467163,3.085561510831074e-22,4.46189779508581e-21,0.3726003490401396,0.14781834372217276
Epidermis 1,tmco4,9.673476,2.224607,3.9086903025479773e-22,5.633522529187544e-21,0.3150087260034904,0.08459483526268922
Epidermis 1,liph,9.659953,3.7383423,4.460662555850284e-22,6.41635580957212e-21,0.2591623036649215,0.026714158504007122
Epidermis 1,nucb1,9.643354,1.3115981,5.244578155591601e-22,7.524124913423033e-21,0.44415357766143104,0.21905609973285842
Epidermis 1,eif1,9.620986,1.9842552,6.520289242271075e-22,9.31756591719693e-21,0.33158813263525305,0.10151380231522707
Epidermis 1,vps4b,9.602432,1.6223214,7.807991489369728e-22,1.1121291272162979e-20,0.3743455497382199,0.14870881567230632
Epidermis 1,rhbdl2,9.600734,1.9092401,7.937738282486472e-22,1.1298720617230091e-20,0.3403141361256545,0.11308993766696349
Epidermis 1,fam83h,9.570995,1.4989448,1.0588114886120739e-21,1.4963941381479316e-20,0.4013961605584642,0.18432769367764915
Epidermis 1,ssuh2,9.55305,2.5057886,1.2593293153627038e-21,1.775182492928266e-20,0.30279232111692844,0.0792520035618878
Epidermis 1,arl15,9.53408,1.202466,1.512214889989178e-21,2.1247933750453223e-20,0.48429319371727747,0.27871772039180764
Epidermis 1,plpp5,9.520331,2.043068,1.726270268560644e-21,2.4239989401712882e-20,0.3237347294938918,0.09884238646482636
Epidermis 1,prss27,9.472937,1.0689622,2.7208466160223257e-21,3.808312636832788e-20,0.5401396160558464,0.340160284951024
Epidermis 1,ildr1,9.386927,2.4968734,6.177639925038439e-21,8.575208702561309e-20,0.28883071553228623,0.06500445235975066
Epidermis 1,rint1,9.364142,2.0690486,7.667026164186191e-21,1.0602165901692451e-19,0.32024432809773123,0.09973285841495994
Epidermis 1,arcn1,9.358182,1.1852018,8.112032355468864e-21,1.118916928120645e-19,0.46335078534031415,0.25200356188780054
Epidermis 1,golga3,9.355458,1.1628332,8.323808425035969e-21,1.1474025498591906e-19,0.47731239092495636,0.27070347284060553
Epidermis 1,LOC100498107,9.327771,3.5891953,1.0812065666836025e-20,1.4866419969504027e-19,0.2757417102966841,0.0578806767586821
Epidermis 1,zbtb7b,9.267846,2.59893,1.8994256085280084e-20,2.592080438004357e-19,0.2801047120418848,0.0578806767586821
Epidermis 1,abo2,9.246504,2.2872088,2.319553783759698e-20,3.1555475757743373e-19,0.29842931937172773,0.07836153161175423
Epidermis 1,palm2,9.2427225,1.3380898,2.4030336985680133e-20,3.2650434829671616e-19,0.4258289703315881,0.21727515583259127
Epidermis 1,LOC116410227,9.204108,4.5005817,3.445209829154844e-20,4.652099237746773e-19,0.23647469458987783,0.014247551202137132
Epidermis 1,kiaa0319l,9.2018,1.1640939,3.52000919666025e-20,4.750162070520922e-19,0.48429319371727747,0.2965271593944791
Epidermis 1,tep1,9.187733,1.4436568,4.012083398881538e-20,5.404177274505805e-19,0.40924956369982546,0.21460373998219057
Epidermis 1,tmbim6,9.175299,1.6089754,4.503225292182307e-20,6.043350498198656e-19,0.35951134380453753,0.14425645592163847
Epidermis 1,pi4ka,9.151553,1.1144661,5.612062085948856e-20,7.508326595799509e-19,0.4851657940663176,0.28762243989314334
Epidermis 1,flii,9.07833,1.4156849,1.102536776754826e-19,1.4616315313224216e-18,0.39092495636998253,0.1834372217275156
Epidermis 1,gtpbp1,9.076151,1.6426349,1.1248259735091996e-19,1.4902748978715388e-18,0.34554973821989526,0.12733748886910062
Epidermis 1,ppp1r37,9.067081,2.0265288,1.2224709325493905e-19,1.6166992860097121e-18,0.30977312390924955,0.09349955476402494
Epidermis 1,zw10,9.06298,1.896769,1.2693427981841688e-19,1.6776698485267565e-18,0.3298429319371728,0.12021371326803205
Epidermis 1,LOC100492897,9.044874,4.589112,1.498373463368912e-19,1.97439657875441e-18,0.23211169284467714,0.014247551202137132
Epidermis 1,LOC100493548,8.983091,4.5922937,2.63264917440694e-19,3.444067004480446e-18,0.2286212914485166,0.01068566340160285
Epidermis 1,LOC100490052,8.925281,3.494915,4.445691331348952e-19,5.774370865557469e-18,0.2425828970331588,0.027604630454140695
Epidermis 1,ggt1,8.857634,2.03875,8.173113189115103e-19,1.0521858578152252e-17,0.30715532286212915,0.09973285841495994
Epidermis 1,LOC101731739,8.8277025,3.0465906,1.068475182312026e-18,1.3714821737194541e-17,0.25741710296684117,0.04808548530721282
Epidermis 1,gulp1,8.82687,2.7873116,1.0764616302070485e-18,1.3809211777041742e-17,0.268760907504363,0.05966162065894924
Epidermis 1,pi4k2b,8.8237295,1.0703454,1.1070978390320135e-18,1.4185544301537033e-17,0.4677137870855148,0.26625111308993765
Epidermis 1,nbas,8.810046,2.0382159,1.2509474534485853e-18,1.5991168354833966e-17,0.3019197207678883,0.09349955476402494
Epidermis 1,ccdc125,8.799343,1.2001594,1.3761990368150085e-18,1.7561426422421227e-17,0.4354275741710297,0.23330365093499555
Epidermis 1,slc25a24,8.766464,2.0689762,1.8436491132899847e-18,2.3485269878050645e-17,0.29842931937172773,0.08993766696349065
Epidermis 1,pfkfb4,8.738809,1.3386247,2.355809795687602e-18,2.992207540843956e-17,0.3961605584642234,0.20035618878005343
Epidermis 1,plaat1,8.674013,4.4551682,4.17152195092557e-18,5.258623945184683e-17,0.22164048865619546,0.01157613535173642
Epidermis 1,patj,8.671321,1.7995013,4.2713449979598155e-18,5.381352147833784e-17,0.3263525305410122,0.12555654496883348
Epidermis 1,snx33,8.659913,1.1610827,4.721237958921745e-18,5.944727841986809e-17,0.4293193717277487,0.2350845948352627
Epidermis 1,kiaa1217,8.653921,2.3023415,4.975980214678212e-18,6.261872218252207e-17,0.2792321116928447,0.07479964381121995
Epidermis 1,zfhx2,8.620209,1.7437606,6.683206063899967e-18,8.362055018369333e-17,0.32809773123909247,0.13089937666963491
Epidermis 1,lifr,8.616043,1.5538723,6.930772267062077e-18,8.661877528039037e-17,0.34904013961605584,0.14692787177203917
Epidermis 1,nomo3,8.612646,1.6542606,7.139315409589519e-18,8.912299859991584e-17,0.33595113438045376,0.13624220837043632
Epidermis 1,tbc1d22a,8.594861,1.1352903,8.336562903394773e-18,1.0371273609747853e-16,0.44415357766143104,0.25467497773820125
Epidermis 1,wdr1,8.592169,2.043383,8.534258016017742e-18,1.0605127799972845e-16,0.28970331588132636,0.08459483526268922
Epidermis 1,card14,8.54644,4.6259313,1.2694288702632789e-17,1.5694168486127485e-16,0.2198952879581152,0.014247551202137132
Epidermis 1,traf7,8.510197,1.1790465,1.736379149040636e-17,2.1430729304986267e-16,0.424956369982548,0.23330365093499555
Epidermis 1,eipr1,8.473409,2.6715028,2.3831399914051205e-17,2.9313696591009657e-16,0.2556719022687609,0.05431878895814782
Epidermis 1,fmn1,8.444087,2.884091,3.0642965876370274e-17,3.7586293332674296e-16,0.2486910994764398,0.04808548530721282
Epidermis 1,ly6g6c,8.39775,2.7071912,4.551154219858386e-17,5.548085822990494e-16,0.24781849912739964,0.04541406945681211
Epidermis 1,styk1,8.392334,3.2624114,4.765839156783603e-17,5.803313406259766e-16,0.23211169284467714,0.029385574354407838
Epidermis 1,LOC733482,8.388777,3.9167385,4.912248699445904e-17,5.978258721171728e-16,0.22164048865619546,0.019590382902938557
Epidermis 1,egln1,8.388136,1.0788327,4.9390964972458405e-17,6.007582199910897e-16,0.4668411867364747,0.2947462154942119
Epidermis 1,LOC100492479,8.374453,3.8511493,5.5481025421024326e-17,6.733322890501512e-16,0.22251308900523561,0.0213713268032057
Epidermis 1,rundc1,8.37346,1.7187084,5.595094307472743e-17,6.786578815084087e-16,0.3106457242582897,0.11041852181656278
Epidermis 1,dap,8.363525,1.1323122,6.087142491011505e-17,7.358866276806762e-16,0.44153577661431065,0.25378450578806766
Epidermis 1,rasa4,8.347759,3.5298724,6.957031926775215e-17,8.401183933268509e-16,0.22774869109947643,0.026714158504007122
Epidermis 1,slc1a5,8.317123,1.4453473,9.012370786645466e-17,1.0859135446460005e-15,0.35602094240837695,0.16918967052537845
Epidermis 1,nipal2,8.301581,1.322449,1.0273441036619828e-16,1.235133646612018e-15,0.3830715532286213,0.1923419412288513
Epidermis 1,sytl1,8.276041,2.7582145,1.2733765957737358e-16,1.525884167840675e-15,0.24607329842931938,0.04719501335707925
Epidermis 1,ggt6,8.266108,2.865234,1.3840386873040258e-16,1.6566707732123505e-15,0.23909249563699825,0.04007123775601069
Epidermis 1,cd164,8.219898,1.885583,2.0367640332278298e-16,2.422028772156102e-15,0.2905759162303665,0.09528049866429207
Epidermis 1,slc9a7,8.193493,1.3157437,2.537531491604972e-16,3.0109556649435613e-15,0.3743455497382199,0.18967052537845058
Epidermis 1,dock5,8.172759,1.7836425,3.014152189534115e-16,3.564868017768235e-15,0.31326352530541013,0.12733748886910062
Epidermis 1,dapk3,8.168113,1.4304614,3.1325144033190277e-16,3.702849230488868e-15,0.343804537521815,0.15138023152270705
Epidermis 1,txndc11,8.143598,2.3663113,3.837020128100388e-16,4.518489811941639e-15,0.2556719022687609,0.060552092609082814
Epidermis 1,ufm1,8.098639,1.8604017,5.557779461186381e-16,6.4923075815068525e-15,0.2862129144851658,0.08993766696349065
Epidermis 1,kif13b,8.0740595,2.261625,6.799876668056043e-16,7.922055994321992e-15,0.262652705061082,0.07212822796081923
Epidermis 1,LOC116411534,8.0641575,4.306901,7.374270983717522e-16,8.577503578662049e-15,0.20767888307155322,0.012466607301869992
Epidermis 1,gadl1,8.059319,3.8885832,7.6720944500512e-16,8.91916744776597e-15,0.2164048865619546,0.02315227070347284
Epidermis 1,hes5.10,8.035637,4.7765326,9.309398543551367e-16,1.079385683415698e-14,0.20418848167539266,0.009795191451469279
Epidermis 1,mideas,8.016089,1.6113896,1.0916515019010745e-15,1.2603665303165793e-14,0.31413612565445026,0.12644701691896706
Epidermis 1,mcf2l.2,8.014519,2.706237,1.1056879748003365e-15,1.2758972658973106e-14,0.23472949389179756,0.04007123775601069
Epidermis 1,atp6v1b2,8.011635,1.5917139,1.1319339531203132e-15,1.3054931707736973e-14,0.29581151832460734,0.09884238646482636
Epidermis 1,gas2l1,7.9888186,4.143513,1.3623789907899285e-15,1.5663051611183892e-14,0.20767888307155322,0.014247551202137132
Epidermis 1,arhgef18,7.9767694,1.0970534,1.5021283243523246e-15,1.7251548508258987e-14,0.42408376963350786,0.24220837043633126
Epidermis 1,LOC101732464,7.9562926,1.8917271,1.772708795096001e-15,2.031632280346105e-14,0.2774869109947644,0.0881567230632235
Epidermis 1,mon2,7.9546585,1.467785,1.796265740543052e-15,2.0575493293643014e-14,0.33507853403141363,0.14781834372217276
Epidermis 1,inf2,7.933316,2.3121967,2.1337047842086868e-15,2.433851128918858e-14,0.262652705061082,0.07747105966162066
Epidermis 1,sdf2,7.9307847,1.5873892,2.177658474076278e-15,2.4813935019748545e-14,0.31239092495637,0.12644701691896706
Epidermis 1,il17re,7.8912725,1.692649,2.991206556784686e-15,3.392469764844004e-14,0.3010471204188482,0.1157613535173642
Epidermis 1,abcd1,7.8833895,4.7273765,3.1861829188657126e-15,3.611724544029543e-14,0.19982547993019198,0.008904719501335707
Epidermis 1,nbeal1,7.864771,1.3143823,3.697732931691327e-15,4.176409435943915e-14,0.35776614310645727,0.17809439002671415
Epidermis 1,dock6,7.853363,2.4856424,4.050277434568193e-15,4.5651396642413505e-14,0.2443280977312391,0.058771148708815675
Epidermis 1,LOC100216148,7.8079867,2.1805656,5.810877886313925e-15,6.515887274268046e-14,0.25654450261780104,0.07034728406055209
Epidermis 1,nsf,7.7943354,2.1150355,6.474844200169064e-15,7.24180293653968e-14,0.2582897033158813,0.07123775601068566
Epidermis 1,atp6v1c1,7.7796583,1.2657534,7.272061679832872e-15,8.116811146579697e-14,0.3699825479930192,0.195013357079252
Epidermis 1,lnpk,7.77514,1.417789,7.536398465522942e-15,8.403257583861834e-14,0.34205933682373474,0.1620658949243099
Epidermis 1,fbp2,7.770942,4.0335584,7.790450778985344e-15,8.677663422574741e-14,0.20418848167539266,0.016918967052537846
Epidermis 1,kif5a,7.761905,2.5206046,8.366287045381258e-15,9.309574177320981e-14,0.2556719022687609,0.07569011576135352
Epidermis 1,mpzl2,7.7317185,1.4202274,1.0610433016837032e-14,1.1740885337748522e-13,0.3760907504363002,0.21549421193232413
Epidermis 1,mcf2l,7.724733,3.3020053,1.1208834570178434e-14,1.2371673199588448e-13,0.21378708551483422,0.027604630454140695
Epidermis 1,LOC105945488,7.7139335,6.8133154,1.2199819770511821e-14,1.3445064000623153e-13,0.1893542757417103,0.0026714158504007124
Epidermis 1,stx3,7.712908,1.1531843,1.2298283923849924e-14,1.354673667351485e-13,0.38917975567190227,0.21460373998219057
Epidermis 1,trappc12,7.7103763,2.2402756,1.2544727838236682e-14,1.3811226345013252e-13,0.25043630017452007,0.06678539626001781
Epidermis 1,satpa,7.6915016,3.056448,1.4541813275887052e-14,1.596964808722352e-13,0.2600349040139616,0.08726625111308994
Epidermis 1,parp14.2,7.6559954,4.4143767,1.9182074624792682e-14,2.1023206950658017e-13,0.19633507853403143,0.01068566340160285
Epidermis 1,faf2,7.6249433,1.0134146,2.4414164053256355e-14,2.6597177923420214e-13,0.42844677137870857,0.25378450578806766
Epidermis 1,csgalnact1,7.61956,2.37685,2.545424822369946e-14,2.7688791151014254e-13,0.2469458987783595,0.06767586821015138
Epidermis 1,fam83f,7.5386453,3.736565,4.7487943101075996e-14,5.107118809307931e-13,0.2006980802792321,0.018699910952804988
Epidermis 1,LOC100495980,7.5224624,3.1106994,5.3754173454900993e-14,5.778176448075835e-13,0.21465968586387435,0.034728406055209264
Epidermis 1,tspan3,7.4690104,1.8113343,8.080011313362808e-14,8.642839552396561e-13,0.2696335078534031,0.09260908281389137
Epidermis 1,LOC100485405,7.4487896,3.9399629,9.420029743970814e-14,1.0031940900106741e-12,0.2024432809773124,0.024933214603739984
Epidermis 1,tmem39a,7.438183,1.047661,1.0207973748694753e-13,1.0849887733573707e-12,0.3900523560209424,0.21905609973285842
Epidermis 1,zdhhc13,7.423634,1.2667265,1.1394959772111563e-13,1.209972833027963e-12,0.34904013961605584,0.1772039180765806
Epidermis 1,vsig10,7.4129953,3.870778,1.234784211232419e-13,1.3098797410453386e-12,0.19458987783595114,0.015138023152270703
Epidermis 1,LOC100493583,7.3958187,4.060301,1.4053954056752356e-13,1.4894188026828224e-12,0.19197207678883071,0.012466607301869992
Epidermis 1,sec23ip,7.373387,1.1451132,1.663466492661184e-13,1.7603541385237485e-12,0.3726003490401396,0.20658949243098843
Epidermis 1,ugt8,7.360633,2.5168908,1.8304020178480407e-13,1.935135776718125e-12,0.2268760907504363,0.051647373107747106
Epidermis 1,zcchc4,7.3567553,1.6060463,1.8843406143710508e-13,1.9892693055728447e-12,0.28534031413612565,0.11041852181656278
Epidermis 1,gmppb,7.317596,1.9162625,2.5245249953000614e-13,2.649719091988583e-12,0.2513089005235602,0.07479964381121995
Epidermis 1,arl1,7.3015733,1.5814712,2.844220069126769e-13,2.979535579856708e-12,0.28272251308900526,0.10774710596616206
Epidermis 1,cyb5a,7.2579274,1.6839725,3.930660996742793e-13,4.096034078792955e-12,0.28097731239092494,0.11308993766696349
Epidermis 1,fam98a,7.210532,2.1945412,5.573354121264869e-13,5.780235754758589e-12,0.2338568935427574,0.05966162065894924
Epidermis 1,LOC100145155,7.1952786,4.2490354,6.233327497954582e-13,6.446324138998433e-12,0.1849912739965096,0.01068566340160285
Epidermis 1,znf850,7.1929073,1.7162702,6.34259532948822e-13,6.550012905099974e-12,0.2670157068062827,0.09528049866429207
Epidermis 1,pld3,7.181371,1.3178769,6.901574618006086e-13,7.107091068405418e-12,0.3219895287958115,0.1558325912733749
Epidermis 1,dnaja4.1,7.1762757,2.5499735,7.163593993741255e-13,7.366483719954191e-12,0.22164048865619546,0.051647373107747106
Epidermis 1,dip2b,7.152947,1.0128512,8.493451501735274e-13,8.709379944519052e-12,0.4048865619546248,0.2493321460373998
Epidermis 1,tnk2l,7.1211576,2.132168,1.0702417355801906e-12,1.0907867777718515e-11,0.23734729493891799,0.06767586821015138
Epidermis 1,igf2r,7.1193633,1.7091236,1.084267992652736e-12,1.1040509504281547e-11,0.26788830715532286,0.09973285841495994
Epidermis 1,abhd17b,7.0985336,1.9047999,1.2608739435741075e-12,1.2761377700709926e-11,0.24607329842931938,0.07658058771148708
Epidermis 1,pcyt1a,7.093214,1.8524954,1.310323834593626e-12,1.32434351063768e-11,0.25218150087260033,0.0819234194122885
Epidermis 1,slain2l,7.089337,1.2928216,1.347562782284569e-12,1.3600910024158919e-11,0.3254799301919721,0.16028495102404275
Epidermis 1,spdef,7.0706544,2.2650886,1.5420489595421036e-12,1.5535110963143233e-11,0.23036649214659685,0.06233303650934995
Epidermis 1,rtn3,7.0395384,1.2624633,1.928780024435381e-12,1.9377490291530595e-11,0.32897033158813266,0.1647373107747106
Epidermis 1,grik2,6.9961486,4.058585,2.6309421657996915e-12,2.629857489689192e-11,0.18324607329842932,0.014247551202137132
Epidermis 1,mboat2,6.995668,3.789655,2.6399790202969153e-12,2.637682335251785e-11,0.1893542757417103,0.0213713268032057
Epidermis 1,hes4,6.990797,1.0106812,2.7332868828019455e-12,2.7284104789396733e-11,0.37347294938917974,0.20480854853072128
Epidermis 1,naaladl2,6.940486,3.7664692,3.907535527334251e-12,3.8722221953660624e-11,0.18586387434554974,0.018699910952804988
Epidermis 1,map3k2,6.926546,1.4020104,4.312391957432921e-12,4.263738328189568e-11,0.28970331588132636,0.12377560106856635
Epidermis 1,kcnk5,6.923085,1.9015481,4.41911595255022e-12,4.367279402201012e-11,0.2443280977312391,0.0792520035618878
Epidermis 1,tmed7,6.896712,1.0456959,5.321995384926672e-12,5.2334953264752104e-11,0.3726003490401396,0.21371326803205698
Epidermis 1,lman2,6.8605328,1.3195817,6.860425108481136e-12,6.719090497853092e-11,0.30017452006980805,0.13535173642030277
Epidermis 1,igsf9,6.8492527,1.7038101,7.423676381030792e-12,7.260961107596276e-11,0.262652705061082,0.10151380231522707
Epidermis 1,LOC100492758,6.8479066,2.1155856,7.49383639515808e-12,7.326299461413282e-11,0.225130890052356,0.060552092609082814
Epidermis 1,entpd6,6.841946,2.8207412,7.812435120178425e-12,7.620703922995682e-11,0.19720767888307156,0.032056990204808546
Epidermis 1,itpk1,6.818297,2.120268,9.21261303553334e-12,8.97448343965951e-11,0.23036649214659685,0.06856634016028496
Epidermis 1,nans,6.8139706,3.5224397,9.494103345877989e-12,9.240447328742355e-11,0.18411867364746945,0.019590382902938557
Epidermis 1,aox1,6.807594,4.066834,9.92446774441632e-12,9.650704574461164e-11,0.17975567190226877,0.016028495102404273
Epidermis 1,sec22b,6.7977877,1.8476833,1.0623777293795269e-11,1.0326122241777574e-10,0.24083769633507854,0.0792520035618878
Epidermis 1,LOC116408733,6.7135406,3.6111515,1.899578828341067e-11,1.8236123894953992e-10,0.17975567190226877,0.016918967052537846
Epidermis 1,angpt4,6.7010746,4.2816415,2.068920559326754e-11,1.9809528532281308e-10,0.17975567190226877,0.019590382902938557
Epidermis 1,c5orf15,6.684988,1.8600625,2.3094349738210072e-11,2.208333942320254e-10,0.22774869109947643,0.06411398040961709
Epidermis 1,prss8,6.6737723,4.0465097,2.4931057851589395e-11,2.374598923524802e-10,0.17452006980802792,0.013357079252003561
Epidermis 1,dennd1b,6.6642547,1.1977311,2.6601183153593108e-11,2.528155128896146e-10,0.3324607329842932,0.182546749777382
Epidermis 1,edem3,6.658198,1.4166276,2.7720498520557098e-11,2.627667238128047e-10,0.28097731239092494,0.1219946571682992
Epidermis 1,derl1,6.6384263,1.857848,3.1705023601340475e-11,3.0001531656758474e-10,0.231239092495637,0.07212822796081923
Epidermis 1,agpat4,6.615834,2.836186,3.694625305946596e-11,3.491572923389375e-10,0.19546247818499127,0.037399821905609976
Epidermis 1,ppp1r3c.2,6.6069255,1.3737265,3.923834152070714e-11,3.703373055031793e-10,0.2766143106457243,0.1157613535173642
Epidermis 1,kif16b,6.6011252,1.8572286,4.080485683675677e-11,3.8412544479502565e-10,0.2486910994764398,0.09528049866429207
Epidermis 1,kdelr3,6.597921,1.7301964,4.1696409217918435e-11,3.9217989032077507e-10,0.23734729493891799,0.07747105966162066
Epidermis 1,bckdha,6.5950365,1.5211941,4.251508372199139e-11,3.993635996115257e-10,0.262652705061082,0.10596616206589493
Epidermis 1,LOC100489903,6.5743995,4.2818437,4.884993876245357e-11,4.5749120761180224e-10,0.16841186736474695,0.008904719501335707
Epidermis 1,il17rc,6.574175,4.182938,4.892363203197318e-11,4.579848024751981e-10,0.16928446771378708,0.009795191451469279
Epidermis 1,fam177b,6.517679,4.5381203,7.140355018470018e-11,6.630199440767415e-10,0.16666666666666666,0.008904719501335707
Epidermis 1,arpc1b,6.4849606,1.264057,8.875489188138058e-11,8.192557088593932e-10,0.29842931937172773,0.1460373998219056
Epidermis 1,sh3d19,6.4833584,1.01813,8.970302241741879e-11,8.273075452960674e-10,0.3621291448516579,0.21193232413178986
Epidermis 1,necap1,6.4538126,1.0027196,1.0907065420369917e-10,1.0008539719844067e-09,0.3568935427574171,0.20837043633125557
Epidermis 1,crb3,6.4515376,2.3422072,1.1072111354319804e-10,1.0155718447356555e-09,0.19982547993019198,0.04363312555654497
Epidermis 1,faah.2,6.435675,3.7267392,1.2292585736932866e-10,1.1256253183617796e-09,0.17102966841186737,0.015138023152270703
Epidermis 1,ap3m2,6.434265,1.1136789,1.2407228000491238e-10,1.135646485732883e-09,0.31849912739965097,0.16295636687444345
Epidermis 1,commd1,6.424203,2.891786,1.3256247388902485e-10,1.2118331557320532e-09,0.18324607329842932,0.027604630454140695
Epidermis 1,sgk1,6.4132752,1.8640199,1.42426062313677e-10,1.2992805626031547e-09,0.2286212914485166,0.07569011576135352
Epidermis 1,epn3,6.3663287,4.555118,1.9360627109673853e-10,1.7573554249592061e-09,0.16230366492146597,0.008014247551202136
Epidermis 1,trpv4l.3,6.3592467,2.1948862,2.0274557238661737e-10,1.8380187515780547e-09,0.20855148342059338,0.05699020480854853
Epidermis 1,slc35a5,6.3340592,1.6931765,2.3879410175734306e-10,2.158544363896845e-09,0.231239092495637,0.07747105966162066
Epidermis 1,mpp5,6.2882023,1.0202113,3.2116370205588446e-10,2.8792576592282063e-09,0.34554973821989526,0.20213713268032057
Epidermis 1,nr3c1,6.2794538,1.652471,3.3976479918569006e-10,3.0410203786016995e-09,0.23647469458987783,0.0854853072128228
Epidermis 1,zdhhc20,6.265578,1.5869465,3.7144494503604105e-10,3.319123728759808e-09,0.2469458987783595,0.09973285841495994
Epidermis 1,palm3,6.2412233,1.1685063,4.34161266561946e-10,3.8652929406969496e-09,0.30715532286212915,0.1620658949243099
Epidermis 1,pcyt2,6.2384677,2.7802155,4.4187803190690504e-10,3.930787009474348e-09,0.1806282722513089,0.029385574354407838
Epidermis 1,tspyl2,6.1995325,1.0949533,5.663112760982676e-10,5.0213239966437625e-09,0.32024432809773123,0.1745325022261799
Epidermis 1,pik3ca,6.1833177,1.1839696,6.276828195447724e-10,5.5542038950877856e-09,0.3019197207678883,0.15939447907390916
Epidermis 1,kcnj2,6.164443,3.7476103,7.073176381207102e-10,6.246207276985843e-09,0.16230366492146597,0.012466607301869992
Epidermis 1,muc22,6.160053,1.7213486,7.272079905492556e-10,6.414068537500124e-09,0.225130890052356,0.07658058771148708
Epidermis 1,slc4a1,6.1423635,2.0620708,8.130252794882912e-10,7.153638961175001e-09,0.19720767888307156,0.04808548530721282
Epidermis 1,LOC108648340,6.1422997,4.765372,8.133534905675084e-10,7.1536422884617495e-09,0.16143106457242584,0.014247551202137132
Epidermis 1,tmem43,6.1381974,2.2972484,8.346299753934731e-10,7.328958025376651e-09,0.19197207678883071,0.04452359750667854
Epidermis 1,LOC100145541,6.1161184,4.082918,9.588213046869129e-10,8.409340711243218e-09,0.15881326352530542,0.01068566340160285
Epidermis 1,kank1,6.099262,2.108021,1.065589736993659e-09,9.319532525426306e-09,0.20157068062827224,0.05520926090828139
Epidermis 1,mvb12a,6.0765743,2.1376472,1.2277709961778998e-09,1.0712191486444603e-08,0.1980802792321117,0.051647373107747106
Epidermis 1,abhd17a,6.0708385,1.3369915,1.2724432890962198e-09,1.1093082305780509e-08,0.26352530541012215,0.11843276936776491
Epidermis 1,adam15,6.067826,1.2829156,1.296532999535465e-09,1.1298580903699434e-08,0.27835951134380454,0.13802315227070347
Epidermis 1,slc25a19,6.0638843,1.1037083,1.3287270142312397e-09,1.1560666737456093e-08,0.31326352530541013,0.176313446126447
Epidermis 1,slc35a2,6.0575714,2.1372788,1.3819198742096127e-09,1.2009109348915953e-08,0.19633507853403143,0.04986642920747997
Epidermis 1,c3h12orf75,6.055969,1.8186998,1.3957474669877874e-09,1.211962016599304e-08,0.21553228621291448,0.07034728406055209
Epidermis 1,smim7,6.0494637,1.1270962,1.4532858597830643e-09,1.260419346038404e-08,0.2975567190226876,0.15405164737310775
Epidermis 1,sort1,6.0287304,3.3972266,1.652525056503846e-09,1.4292409535461919e-08,0.1649214659685864,0.019590382902938557
Epidermis 1,parp16,6.022706,2.7448099,1.7152479935858236e-09,1.4823139195261884e-08,0.1762652705061082,0.030276046304541407
Epidermis 1,zfyve27,5.996557,1.261816,2.0154487571990738e-09,1.7376178321154084e-08,0.27835951134380454,0.13535173642030277
Epidermis 1,gdpd3,5.957269,3.0531738,2.5648730151920254e-09,2.193966839063316e-08,0.16666666666666666,0.02226179875333927
Epidermis 1,LOC101734651,5.950828,2.952214,2.6678894259522207e-09,2.2794054488529134e-08,0.17539267015706805,0.03294746215494212
Epidermis 1,rad54b,5.944259,1.0984448,2.777103160354926e-09,2.369932266801128e-08,0.2975567190226876,0.15405164737310775
Epidermis 1,LOC100491712,5.900325,4.6170826,3.6278686192325495e-09,3.0743192675834355e-08,0.14921465968586387,0.006233303650934996
Epidermis 1,enc1,5.89728,1.8029239,3.695415815384001e-09,3.1303442743592504e-08,0.20855148342059338,0.06678539626001781
Epidermis 1,npdc1.1,5.8958383,2.097553,3.727837632757885e-09,3.15535861072187e-08,0.19633507853403143,0.05520926090828139
Epidermis 1,tmprss4,5.8627353,2.6669865,4.5530325126044275e-09,3.8344933407001626e-08,0.17277486910994763,0.031166518254674976
Epidermis 1,LOC105947542,5.856134,2.6656551,4.737656456749077e-09,3.985366289233678e-08,0.1736474694589878,0.032056990204808546
Epidermis 1,mfsd11,5.8379,1.0909883,5.28627720978312e-09,4.423000574949289e-08,0.29842931937172773,0.1611754229741763
Epidermis 1,stoml1,5.8329654,1.4138982,5.445089119663994e-09,4.5489008300225124e-08,0.2443280977312391,0.10596616206589493
Epidermis 1,tmem184a,5.818769,2.1777372,5.928252144406324e-09,4.943079481967535e-08,0.19109947643979058,0.051647373107747106
Epidermis 1,fam160a1,5.786756,3.0121486,7.17587510755185e-09,5.960592718762425e-08,0.16579406631762653,0.026714158504007122
Epidermis 1,wee2,5.781308,2.9658353,7.4121977178508684e-09,6.149869444913452e-08,0.16230366492146597,0.02226179875333927
Epidermis 1,appl2,5.7673364,2.6662865,8.053421793752655e-09,6.673011524490111e-08,0.17015706806282724,0.031166518254674976
Epidermis 1,perp,5.7658625,1.1569217,8.124138574778519e-09,6.727773352570856e-08,0.2696335078534031,0.13000890471950133
Epidermis 1,arf4,5.7610555,1.0830927,8.358956321440619e-09,6.919604927547638e-08,0.28272251308900526,0.14514692787177205
Epidermis 1,gnpnat1,5.7438793,2.1673448,9.253184527104731e-09,7.63956638539358e-08,0.18586387434554974,0.04808548530721282
Epidermis 1,dnajc3,5.737406,1.6291412,9.613762219118989e-09,7.91331216082216e-08,0.22338568935427575,0.0881567230632235
Epidermis 1,dnah14,5.7202296,1.5623018,1.0638017392218634e-08,8.726773590812135e-08,0.2268760907504363,0.09082813891362422
Epidermis 1,LOC100497952,5.7025404,3.9318593,1.18034792188766e-08,9.664679926270404e-08,0.15881326352530542,0.02315227070347284
Epidermis 1,dse,5.647006,1.5647861,1.632661960137637e-08,1.3273590399464747e-07,0.21553228621291448,0.0792520035618878
Epidermis 1,hkdc1,5.6451793,1.83591,1.6500914193568117e-08,1.3410296037908748e-07,0.20680628272251309,0.0730186999109528
Epidermis 1,dctn2,5.6207285,1.1870348,1.9015366342239433e-08,1.5390738462685708e-07,0.26090750436300175,0.12644701691896706
Epidermis 1,hspa13,5.6015334,1.7220833,2.1246367537437076e-08,1.717736146848516e-07,0.20418848167539266,0.06945681211041853
Epidermis 1,krt18.3,5.59756,2.8342535,2.1738974804213462e-08,1.756911737787933e-07,0.16579406631762653,0.032056990204808546
Epidermis 1,LOC100491461,5.5932016,2.4404578,2.2292002480897423e-08,1.79960705192624e-07,0.17102966841186737,0.03561887800534283
Epidermis 1,snx31,5.5796466,3.3136234,2.4100783759640103e-08,1.9441892880558473e-07,0.15270506108202445,0.017809439002671415
Epidermis 1,htatip2,5.5772753,1.4858222,2.4431523514327293e-08,1.969411590149714e-07,0.2164048865619546,0.08014247551202137
Epidermis 1,kdf1,5.5526004,1.1402316,2.8145124355160833e-08,2.2612472700808708e-07,0.27399650959860383,0.1433659839715049
Epidermis 1,ppp1r14c,5.548915,1.1992346,2.874478647272122e-08,2.3085755819700028e-07,0.26352530541012215,0.13178984861976847
Epidermis 1,macc1,5.5336614,3.053192,3.1361411893499865e-08,2.514097608111905e-07,0.1544502617801047,0.020480854853072127
Epidermis 1,rhoc,5.5191126,2.5637543,3.407154475892082e-08,2.722355101370967e-07,0.1631762652705061,0.029385574354407838
Epidermis 1,rap1gap,5.4985075,3.261948,3.830190022396375e-08,3.046976904072596e-07,0.15095986038394416,0.017809439002671415
Epidermis 1,sh3bgrl2,5.4815235,2.0329607,4.2167855401876966e-08,3.348416203509306e-07,0.17975567190226877,0.04630454140694568
Epidermis 1,prickle3,5.4723268,1.390992,4.441654482650647e-08,3.5218511070465034e-07,0.231239092495637,0.1006233303650935
Epidermis 1,polk,5.464091,2.4748,4.65285159688312e-08,3.682621497844997e-07,0.1631762652705061,0.030276046304541407
Epidermis 1,cfap61,5.4431653,1.3859563,5.2342052884763735e-08,4.1277771449166227e-07,0.22949389179755672,0.09884238646482636
Epidermis 1,tlcd4.2,5.4363394,5.0036006,5.438626354819582e-08,4.282795586016532e-07,0.13699825479930192,0.005342831700801425
Epidermis 1,srprb,5.421759,1.1875622,5.9015439889085645e-08,4.6339543498371277e-07,0.25741710296684117,0.12733748886910062
Epidermis 1,pdcd6,5.397052,1.1707323,6.774478835166256e-08,5.298419450256734e-07,0.2643979057591623,0.13802315227070347
Epidermis 1,LOC100491113,5.3924055,2.21327,6.952072445823507e-08,5.433423095999811e-07,0.17801047120418848,0.04986642920747997
Epidermis 1,sft2d2,5.351868,1.4555953,8.705092643149817e-08,6.762329176439022e-07,0.21902268760907503,0.0917186108637578
Epidermis 1,LOC100489483,5.334339,5.699397,9.589317344089943e-08,7.417529023941391e-07,0.13263525305410123,0.003561887800534283
Epidermis 1,LOC100496167,5.315849,2.4670126,1.0616121169332248e-07,8.205964577966666e-07,0.16143106457242584,0.03294746215494212
Epidermis 1,slc4a4,5.308318,3.1713178,1.1064133690437933e-07,8.543186881070281e-07,0.15008726003490402,0.02226179875333927
Epidermis 1,tmem208,5.302069,1.2943318,1.1449729737735824e-07,8.828429420746764e-07,0.23472949389179756,0.10863757791629564
Epidermis 1,sertad4,5.2874246,1.4100488,1.240504295097087e-07,9.551532894606047e-07,0.21465968586387435,0.08726625111308994
Epidermis 1,dpagt1,5.284829,1.0995427,1.258222463829488e-07,9.681125664042051e-07,0.262652705061082,0.13802315227070347
Epidermis 1,slc41a3,5.280022,3.5774586,1.2916825562438788e-07,9.924579246407633e-07,0.14136125654450263,0.013357079252003561
Epidermis 1,adamtsl5,5.279157,3.726704,1.2977961024110965e-07,9.961010818561236e-07,0.14223385689354276,0.015138023152270703
Epidermis 1,mfsd6l,5.279093,3.6820495,1.2982500695654717e-07,9.961010818561236e-07,0.13961605584642234,0.01157613535173642
Epidermis 1,cnfn.1,5.2536488,4.227543,1.4911508270065856e-07,1.1389010219149703e-06,0.13525305410122165,0.008014247551202136
Epidermis 1,peak1,5.2533603,4.890206,1.493488770153687e-07,1.1402875596054445e-06,0.13263525305410123,0.005342831700801425
Epidermis 1,fancl,5.2482653,1.1894002,1.5353817240042971e-07,1.1706346820229828e-06,0.25654450261780104,0.13535173642030277
Epidermis 1,copz1,5.2322426,1.9159743,1.6746585037515974e-07,1.2719360671898228e-06,0.18411867364746945,0.05966162065894924
Epidermis 1,gramd1b,5.2143292,3.2850304,1.8448366389223157e-07,1.3968140283804251e-06,0.1431064572425829,0.016918967052537846
Epidermis 1,scn3b,5.212214,3.3097637,1.8659997857237485e-07,1.4123476005646174e-06,0.14223385689354276,0.016028495102404273
Epidermis 1,gorab,5.2046833,1.1463774,1.9432755237049682e-07,1.4662591702201281e-06,0.25218150087260033,0.12822796081923418
Epidermis 1,atp6ap2,5.1989794,1.0162371,2.0038574143099156e-07,1.5098816518527855e-06,0.26352530541012215,0.13802315227070347
Epidermis 1,tbc1d9,5.139503,2.2156105,2.754658716169526e-07,2.051515626127482e-06,0.16230366492146597,0.037399821905609976
Epidermis 1,cog7,5.1286077,2.038877,2.918928594130424e-07,2.170151306729812e-06,0.17102966841186737,0.04808548530721282
Epidermis 1,cd38,5.0953445,4.247634,3.4810745079364105e-07,2.5784292884480793e-06,0.1300174520069808,0.006233303650934996
Epidermis 1,rnf144b,5.087974,1.1575232,3.6190864603107367e-07,2.679745016981357e-06,0.24956369982547993,0.12911843276936777
Epidermis 1,ada,5.067401,2.437985,4.032840573205248e-07,2.982060797963799e-06,0.15532286212914484,0.03294746215494212
Epidermis 1,grb7,5.0641003,1.4535916,4.103334556998364e-07,3.0321321831446424e-06,0.22164048865619546,0.10507569011576136
Epidermis 1,pmm1,5.0253897,3.0419512,5.024117054969372e-07,3.6950205007241886e-06,0.13961605584642234,0.017809439002671415
Epidermis 1,rcn1,5.022858,1.6738051,5.090819852674885e-07,3.74281603791168e-06,0.18848167539267016,0.06767586821015138
Epidermis 1,riok3,4.9979587,1.0414773,5.794039598831318e-07,4.2398302510428635e-06,0.2591623036649215,0.13802315227070347
Epidermis 1,gatd3ala,4.9848523,4.8582907,6.200922172812215e-07,4.5284579227890006e-06,0.12827225130890052,0.008014247551202136
Epidermis 1,maff,4.978924,1.6428803,6.393883410207621e-07,4.660017698535087e-06,0.18848167539267016,0.06856634016028496
Epidermis 1,pla2g7,4.9246707,2.2203085,8.4502456740431e-07,6.11990742958163e-06,0.16055846422338568,0.0427426536064114
Epidermis 1,LOC100486385,4.92278,4.9416666,8.532326671575803e-07,6.1711601027661775e-06,0.12303664921465969,0.003561887800534283
Epidermis 1,hmgcr,4.920537,1.2008026,8.630706972175229e-07,6.237135655951548e-06,0.225130890052356,0.10685663401602849
Epidermis 1,lmcd1,4.918967,1.8800739,8.700222174628969e-07,6.284261770029087e-06,0.16230366492146597,0.041852181656277826
Epidermis 1,gprc5cl2,4.909385,2.2253687,9.136234885311009e-07,6.590472113466828e-06,0.156195462478185,0.037399821905609976
Epidermis 1,LOC100485015,4.904258,1.7203497,9.378117420700352e-07,6.760485637168893e-06,0.17801047120418848,0.060552092609082814
Epidermis 1,alg11,4.8705144,2.0526884,1.113082129943296e-06,8.000186152006805e-06,0.15706806282722513,0.03829029385574354
Epidermis 1,LOC733712,4.861734,4.3220544,1.1636207047905933e-06,8.344189089462878e-06,0.1256544502617801,0.008014247551202136
Epidermis 1,LOC105945479,4.8510303,1.1246647,1.228216032292408e-06,8.784300898280116e-06,0.27399650959860383,0.1611754229741763
Epidermis 1,slc44a4,4.8475695,2.2026844,1.2498313825035143e-06,8.930075306499593e-06,0.15881326352530542,0.0427426536064114
Epidermis 1,ganc,4.834367,2.2270367,1.3356998119612888e-06,9.523358601028438e-06,0.1518324607329843,0.034728406055209264
Epidermis 1,far1,4.822382,1.0131699,1.4185394235289632e-06,1.0095873698899382e-05,0.25043630017452007,0.13446126447016918
Epidermis 1,rab3d,4.819754,3.3922613,1.4373514006998551e-06,1.022309156280037e-05,0.13089005235602094,0.014247551202137132
Epidermis 1,pnliprp2,4.7904005,4.364112,1.664485701681969e-06,1.1800111272385395e-05,0.12390924956369982,0.008014247551202136
Epidermis 1,tmem181,4.7839274,2.4896905,1.7190267124403916e-06,1.2178857757195385e-05,0.1474694589877836,0.03294746215494212
Epidermis 1,selenow2,4.774378,2.0489385,1.8026350260007186e-06,1.2746370350732884e-05,0.15881326352530542,0.04363312555654497
Epidermis 1,trpv4l.4,4.7696033,1.3633512,1.8458910629781231e-06,1.3048004174034863e-05,0.20680628272251309,0.09260908281389137
Epidermis 1,acaca,4.767296,1.098473,1.8671490393158554e-06,1.3189724566821393e-05,0.23734729493891799,0.12288512911843277
Epidermis 1,tmem30b,4.7521706,2.8614602,2.01244490353069e-06,1.4170235637284021e-05,0.13699825479930192,0.02226179875333927
Epidermis 1,aldob,4.748293,3.1535993,2.0514062494237546e-06,1.443991476408895e-05,0.13176265270506107,0.016918967052537846
Epidermis 1,psen2,4.740987,1.052198,2.12679866842089e-06,1.4936876003737447e-05,0.2513089005235602,0.1433659839715049
Epidermis 1,slc37a4,4.7280083,2.2366757,2.2673286763476513e-06,1.5898258048387565e-05,0.1518324607329843,0.03829029385574354
Epidermis 1,ovol1,4.7273355,3.1258624,2.2748534395008987e-06,1.5945896852987187e-05,0.1300174520069808,0.015138023152270703
Epidermis 1,syne3,4.7268867,1.4901074,2.279883264024412e-06,1.597602206303041e-05,0.18848167539267016,0.07479964381121995
Epidermis 1,LOC100492415,4.7140684,3.9202943,2.428188510826443e-06,1.6987977394916258e-05,0.12390924956369982,0.009795191451469279
Epidermis 1,phyhdla.3,4.6851635,3.8341212,2.7973631069443713e-06,1.9520710059684403e-05,0.12914485165794065,0.016918967052537846
Epidermis 1,slc30a6,4.6666093,1.0229948,3.062106619597772e-06,2.130004097744437e-05,0.2469458987783595,0.13624220837043632
Epidermis 1,cdhr4,4.6415176,3.1980433,3.4585914048290864e-06,2.3920736305792553e-05,0.13263525305410123,0.0213713268032057
Epidermis 1,micu1,4.640204,1.1055052,3.4806542650518664e-06,2.4058079416438638e-05,0.22949389179755672,0.11754229741763135
Epidermis 1,atp6v0a2,4.638602,1.0193367,3.5077428639142243e-06,2.4237636806039356e-05,0.24083769633507854,0.12822796081923418
Epidermis 1,slc25a39,4.6361985,1.7006642,3.548755111409415e-06,2.4513259033258897e-05,0.16666666666666666,0.05431878895814782
Epidermis 1,ganab,4.6336346,1.6493907,3.59300814461781e-06,2.4811085672058616e-05,0.1736474694589878,0.06233303650934995
Epidermis 1,ppp3r1,4.6283474,1.0388759,3.6859568606836227e-06,2.5436832592339445e-05,0.2556719022687609,0.14870881567230632
Epidermis 1,eya2,4.6265845,1.2214746,3.717448825638636e-06,2.563794273838833e-05,0.2164048865619546,0.10863757791629564
Epidermis 1,sms,4.6233163,2.5517683,3.776536125716533e-06,2.6020775118175074e-05,0.14223385689354276,0.031166518254674976
Epidermis 1,LOC101734693,4.583195,3.5418797,4.5792409381465776e-06,3.1422520915502036e-05,0.1256544502617801,0.015138023152270703
Epidermis 1,fam20c,4.580407,3.5214097,4.640712846661583e-06,3.181432454508401e-05,0.12478184991273997,0.014247551202137132
Epidermis 1,paqr5,4.5585523,1.9825923,5.150742822341636e-06,3.517792772352339e-05,0.1544502617801047,0.04452359750667854
Epidermis 1,phyhdla.2,4.542626,5.114668,5.555782502009001e-06,3.788522811760575e-05,0.11518324607329843,0.005342831700801425
Epidermis 1,pi4k2a,4.517214,2.8451345,6.265863378034259e-06,4.2527964159280106e-05,0.12827225130890052,0.018699910952804988
Epidermis 1,LOC100038305,4.5099072,2.2795722,6.4855915339127296e-06,4.400562588977291e-05,0.14136125654450263,0.032056990204808546
Epidermis 1,memo1,4.5073757,1.1348764,6.5634307510079155e-06,4.4506097705948947e-05,0.2198952879581152,0.11308993766696349
Epidermis 1,fam20b,4.497185,1.6747665,6.885893108362919e-06,4.6605792033991085e-05,0.16928446771378708,0.06144256455921639
Epidermis 1,mall,4.4942694,4.6205173,6.980923922597637e-06,4.7234338268218e-05,0.1143106457242583,0.005342831700801425
Epidermis 1,acod1la,4.479016,3.9356558,7.498802085414358e-06,5.0628514946109744e-05,0.12478184991273997,0.017809439002671415
Epidermis 1,herc1,4.467928,1.5058376,7.898088162252936e-06,5.324194679904891e-05,0.18586387434554974,0.08014247551202137
Epidermis 1,LOC116412462,4.465268,4.530474,7.996850271026607e-06,5.38744272195343e-05,0.1143106457242583,0.006233303650934996
Epidermis 1,arid5b,4.4611344,1.5980958,8.152694989840235e-06,5.489045275325633e-05,0.17888307155322863,0.0730186999109528
Epidermis 1,nadk,4.448124,3.0935583,8.662354436802456e-06,5.8196193400697776e-05,0.12303664921465969,0.015138023152270703
Epidermis 1,mapk13,4.4053435,1.5623566,1.0561645321366327e-05,7.065164394774207e-05,0.1762652705061082,0.07123775601068566
Epidermis 1,acod1lb,4.4047666,4.2459903,1.0589786519754302e-05,7.081818315892081e-05,0.12041884816753927,0.015138023152270703
Epidermis 1,efhd1,4.395986,1.4487431,1.1027099167586472e-05,7.365238167612624e-05,0.1736474694589878,0.06678539626001781
Epidermis 1,gchfr,4.3840013,1.5833025,1.1651917130354477e-05,7.768300754704095e-05,0.16841186736474695,0.06322350845948353
Epidermis 1,arrdc1,4.383681,1.8848653,1.166907868718895e-05,7.777366097530546e-05,0.1544502617801047,0.04986642920747997
Epidermis 1,smoc1,4.380989,2.1452968,1.1814191353915183e-05,7.86927562679436e-05,0.14223385689354276,0.0365093499554764
Epidermis 1,ap3s1,4.3441687,2.11854,1.3980404729388987e-05,9.258464691957422e-05,0.1431064572425829,0.039180765805877114
Epidermis 1,tdgf1.3,4.3326964,1.3830094,1.4729412396845342e-05,9.739712360956432e-05,0.17102966841186737,0.06589492430988424
Epidermis 1,arfgap3,4.327441,1.8047419,1.5085172402419137e-05,9.965896063977838e-05,0.15095986038394416,0.04630454140694568
Epidermis 1,ttc22,4.3271527,4.206286,1.5104931083327222e-05,9.97592921214538e-05,0.112565445026178,0.008014247551202136
Epidermis 1,synj2,4.3220897,2.3144062,1.545585084355635e-05,0.00010198431244549232,0.13699825479930192,0.03294746215494212
Epidermis 1,syt13,4.310425,4.2619224,1.6294114730956106e-05,0.00010725607165737351,0.11082024432809773,0.006233303650934996
Epidermis 1,LOC100488748,4.278027,3.9213445,1.8855712815370604e-05,0.0001236329655481376,0.11169284467713787,0.008014247551202136
Epidermis 1,avpr2,4.270785,4.1894574,1.9478632118445663e-05,0.00012760229104070932,0.10907504363001745,0.005342831700801425
Epidermis 1,ago3,4.2666187,1.2623811,1.9845776955593606e-05,0.00012996839704321973,0.19895287958115182,0.09884238646482636
Epidermis 1,prdx4,4.26617,1.5954835,1.9885706374515927e-05,0.00013019081872136577,0.15706806282722513,0.053428317008014245
Epidermis 1,ostc,4.2572618,1.7795142,2.0694613154058118e-05,0.00013528374884203183,0.1474694589877836,0.04363312555654497
Epidermis 1,glb1l2,4.2403097,3.5906358,2.232116909967691e-05,0.00014517741607274215,0.11343804537521815,0.01068566340160285
Epidermis 1,tinf2,4.1977534,1.0492945,2.6957601582928634e-05,0.0001739331236372223,0.21902268760907503,0.11843276936776491
Epidermis 1,nr1i2,4.181058,1.5288789,2.9015622591803205e-05,0.00018654976445955736,0.15881326352530542,0.05699020480854853
Epidermis 1,creld2,4.1716685,2.269041,3.023774709442898e-05,0.0001940070212724301,0.13176265270506107,0.031166518254674976
Epidermis 1,ern2,4.165548,1.1595126,3.1060593505982856e-05,0.0001991108140111786,0.19895287958115182,0.09884238646482636
Epidermis 1,bcat1,4.137252,2.462541,3.5149055656462795e-05,0.00022472532771159527,0.12216404886561955,0.0213713268032057
Epidermis 1,nipal1,4.122639,2.9324899,3.745565301800077e-05,0.0002387729490230192,0.11605584642233857,0.016028495102404273
Epidermis 1,rmc1,4.0773587,2.4734404,4.555017014170957e-05,0.0002888550603493881,0.12478184991273997,0.026714158504007122
Epidermis 1,sgpp2,4.0642524,4.7312536,4.81866894456896e-05,0.00030477731895489646,0.10296684118673648,0.004452359750667854
Epidermis 1,acad11,4.062682,1.7054169,4.851208984199001e-05,0.0003067465408409342,0.15532286212914484,0.058771148708815675
Epidermis 1,kcnma1,4.0581636,1.4968698,4.946010776882847e-05,0.00031237887456544316,0.17452006980802792,0.08014247551202137
Epidermis 1,fam221a,4.0575547,1.1498048,4.9589189490497264e-05,0.0003131035022778185,0.19982547993019198,0.10329474621549421
Epidermis 1,tecr,4.015287,2.8677773,5.9373522671785026e-05,0.00037304625344688195,0.11518324607329843,0.017809439002671415
Epidermis 1,slc27a6,3.9960916,1.3792343,6.439679203994589e-05,0.0004037937928458791,0.17102966841186737,0.07569011576135352
Epidermis 1,alg12,3.995675,1.6972083,6.451014703370797e-05,0.00040438837070455087,0.14659685863874344,0.04986642920747997
Epidermis 1,siae,3.9932396,3.9015708,6.51766264091543e-05,0.0004080973213412212,0.10471204188481675,0.008014247551202136
Epidermis 1,mfsd9,3.9906762,1.294945,6.58852213590702e-05,0.0004122975093995615,0.17452006980802792,0.07836153161175423
Epidermis 1,slc12a8,3.9824083,2.7533338,6.82204376690691e-05,0.00042617754662947516,0.11518324607329843,0.018699910952804988
Epidermis 1,mroh1,3.9818957,1.9508148,6.836780655046505e-05,0.0004269759320943612,0.13612565445026178,0.04007123775601069
Epidermis 1,serinc1.1,3.9714167,1.0440036,7.144646079406815e-05,0.000445820194734733,0.20331588132635253,0.10952804986642921
Epidermis 1,col1a2,3.9627964,3.7549639,7.407690100507787e-05,0.00046104736361431945,0.1055846422338569,0.009795191451469279
Epidermis 1,map2,3.9430566,2.9793556,8.044965668795646e-05,0.0004988610283000562,0.11082024432809773,0.015138023152270703
Epidermis 1,mif,3.940429,2.8163602,8.133606051751887e-05,0.0005036419343225821,0.112565445026178,0.016918967052537846
Epidermis 1,fam72a,3.9401405,1.4414984,8.143390899057413e-05,0.0005039618060361083,0.16055846422338568,0.06589492430988424
Epidermis 1,lrrk1,3.936968,2.5011663,8.251761113409068e-05,0.0005102342852244241,0.11780104712041885,0.02226179875333927
Epidermis 1,mid1ip1,3.9315524,2.969009,8.43991252181792e-05,0.0005217204848118664,0.112565445026178,0.017809439002671415
Epidermis 1,pde4b,3.9301102,1.9150684,8.490691297740158e-05,0.0005244137413189584,0.13263525305410123,0.037399821905609976
Epidermis 1,tmem79,3.9171,1.1381048,8.962063683854284e-05,0.0005524327447609727,0.193717277486911,0.1006233303650935
Epidermis 1,tmem241,3.8937707,2.347324,9.869790742758152e-05,0.0006063308102413447,0.11867364746945899,0.02404274265360641
Epidermis 1,atp9a,3.8899894,1.5728738,0.0001002485811019216,0.0006155104919034979,0.15270506108202445,0.05966162065894924
Epidermis 1,gmppa,3.8852146,2.3841102,0.00010223950075115241,0.0006270287087945185,0.11605584642233857,0.0213713268032057
Epidermis 1,ackr3,3.8771713,3.351913,0.00010567795907140112,0.0006473887548840663,0.10383944153577661,0.009795191451469279
Epidermis 1,micu2,3.8724287,1.8510728,0.00010775625856779217,0.0006593800667997176,0.13525305410122165,0.041852181656277826
Epidermis 1,tnfrsf11a,3.8675578,3.2610638,0.00010993083261672527,0.0006721212380301378,0.1082024432809773,0.015138023152270703
Epidermis 1,cdk5rap3,3.852208,2.6499372,0.00011705755378517008,0.000713694574223581,0.1143106457242583,0.0213713268032057
Epidermis 1,chmp2a,3.8492599,1.3315498,0.00011847531619829367,0.0007219351786548355,0.16230366492146597,0.06856634016028496
Epidermis 1,surf4.1,3.8351278,2.9455633,0.00012549904918442972,0.000762180560048272,0.10645724258289703,0.013357079252003561
Epidermis 1,fkbp9,3.833173,1.2154269,0.00012650093437343869,0.0007678377994333257,0.17277486910994763,0.08014247551202137
Epidermis 1,galnt3,3.8232388,2.7702878,0.00013171004920260802,0.0007983458287916972,0.10732984293193717,0.014247551202137132
Epidermis 1,cog2,3.8161569,1.3308586,0.0001355463438831947,0.0008209150069040221,0.16753926701570682,0.07658058771148708
Epidermis 1,irf9,3.8137214,3.3988807,0.00013688976332769704,0.0008285912692298688,0.10383944153577661,0.01157613535173642
Epidermis 1,myo1e.1,3.807825,1.0551348,0.00014019438112268054,0.000846715081781902,0.2164048865619546,0.13089937666963491
Epidermis 1,ankrd22,3.776036,4.606466,0.0001593439365394341,0.0009570724027599757,0.09598603839441536,0.004452359750667854
Epidermis 1,sh3bp1,3.7716458,4.062814,0.0001621743298737297,0.0009732689912471549,0.0968586387434555,0.005342831700801425
Epidermis 1,vkorc1,3.7703,2.5312624,0.00016305147242340904,0.000978264003231017,0.11343804537521815,0.02226179875333927
Epidermis 1,vamp8,3.7641473,1.2669514,0.0001671184142573962,0.0010007384515671356,0.16404886561954624,0.0730186999109528
Epidermis 1,rarres1,3.728641,2.5446293,0.00019251523675357633,0.0011462141831377324,0.11082024432809773,0.020480854853072127
Epidermis 1,klf8,3.7116249,1.2527461,0.00020593306743049326,0.001223431926055212,0.16404886561954624,0.07479964381121995
Epidermis 1,LOC100135231,3.7107916,5.6853247,0.0002066121079249266,0.0012271319561866694,0.0924956369982548,0.0026714158504007124
Epidermis 1,prkca,3.702011,2.6996977,0.00021389716382518305,0.001267984246625732,0.10907504363001745,0.019590382902938557
Epidermis 1,sphk1,3.7006974,3.1058185,0.00021500778901561903,0.0012742218805295554,0.10296684118673648,0.013357079252003561
Epidermis 1,galnt12,3.6958904,4.08479,0.00021911736686053515,0.001297871895294174,0.09511343804537521,0.005342831700801425
Epidermis 1,yipf3,3.6745484,1.079995,0.0002382705547386423,0.0014059766833293438,0.1762652705061082,0.08637577916295637
Epidermis 1,LOC100493256,3.6740677,4.566128,0.00023871949863211824,0.0014082449796300222,0.09424083769633508,0.005342831700801425
Epidermis 1,lmbrd2,3.672914,1.1759768,0.00023980020417238633,0.0014142379068231464,0.16841186736474695,0.08014247551202137
Epidermis 1,fosl2,3.6645823,2.6065972,0.0002477426655599201,0.0014598954105274147,0.1082024432809773,0.019590382902938557
Epidermis 1,cds1,3.661698,2.839187,0.0002505489965551584,0.001474228553400009,0.10383944153577661,0.015138023152270703
Epidermis 1,LOC108645367,3.6533983,1.7022718,0.0002587922565823445,0.001520901112546011,0.12827225130890052,0.039180765805877114
Epidermis 1,abhd10,3.6287556,1.5977242,0.000284790849788229,0.0016660646469782692,0.13612565445026178,0.04808548530721282
Epidermis 1,ttc39c,3.6278582,1.8913176,0.0002857821494430922,0.0016714157820953402,0.12652705061082026,0.039180765805877114
Epidermis 1,LOC100486607,3.62491,1.7535955,0.000289062085824592,0.0016883361281526824,0.13089005235602094,0.04363312555654497
Epidermis 1,mpzl3,3.621321,1.4766504,0.000293102650255257,0.0017101050618235194,0.14223385689354276,0.05431878895814782
Epidermis 1,plcxd2,3.6200712,2.911945,0.00029452200786561264,0.0017179269536582555,0.10209424083769633,0.014247551202137132
Epidermis 1,st6gal2,3.6160014,1.2062321,0.00029918876323759236,0.0017437494665084143,0.1719022687609075,0.08637577916295637
Epidermis 1,sowaha,3.5962615,1.4148048,0.0003228233653153721,0.001872495655116091,0.14485165794066318,0.0578806767586821
Epidermis 1,LOC100486003,3.5814245,1.4781499,0.000341725995920252,0.001976883074489878,0.13961605584642234,0.05253784505788068
Epidermis 1,arhgap8,3.5307608,1.0917084,0.00041436649905667803,0.002375069970033037,0.16928446771378708,0.08370436331255565
Epidermis 1,etnk1,3.5280046,2.0197587,0.0004187046213993287,0.002396787393377427,0.11343804537521815,0.027604630454140695
Epidermis 1,atp7b,3.5245438,3.3644004,0.00042421257709681823,0.002426064563296567,0.09598603839441536,0.01068566340160285
Epidermis 1,cdkl5,3.503554,2.3137734,0.0004590933318024831,0.002614950559452358,0.11169284467713787,0.027604630454140695
Epidermis 1,arhgap11a.2,3.478719,2.8159523,0.000503816657979292,0.0028533047738816845,0.09773123909249563,0.013357079252003561
Epidermis 1,stxbp2,3.4764757,1.3969725,0.0005080501098229187,0.0028750418688915738,0.14397905759162305,0.060552092609082814
Epidermis 1,adgrg4,3.4528263,3.7302873,0.0005547461192317038,0.0031311730646029507,0.09162303664921466,0.008014247551202136
Epidermis 1,prr18,3.4522173,2.1126425,0.0005559995036566815,0.003137436040675575,0.10732984293193717,0.02315227070347284
Epidermis 1,LOC548809,3.4517367,4.4302287,0.0005569908803309199,0.003142217683480094,0.0881326352530541,0.004452359750667854
Epidermis 1,natd1,3.442059,1.5981928,0.0005773042406369578,0.003247578199262453,0.1343804537521815,0.051647373107747106
Epidermis 1,lipe,3.4381495,1.8667772,0.000585704235734802,0.003293133761393742,0.11780104712041885,0.034728406055209264
Epidermis 1,pnkd,3.4219024,1.8681146,0.0006218461085438264,0.0034918435240696953,0.1212914485165794,0.039180765805877114
Epidermis 1,gcm1,3.4197235,4.9697003,0.0006268483749142516,0.0035163132105408444,0.08638743455497382,0.003561887800534283
Epidermis 1,zfpl1,3.4143717,2.8445582,0.0006392926567149582,0.0035824358146320243,0.09773123909249563,0.015138023152270703
Epidermis 1,ptger4,3.4090843,2.9574492,0.0006518132592814216,0.0036469787514820263,0.09511343804537521,0.012466607301869992
Epidermis 1,arhgap30,3.3845055,1.6786058,0.0007130658419689775,0.003972379304979592,0.12390924956369982,0.041852181656277826
Epidermis 1,galnt5,3.3717835,2.1841033,0.0007468312950630788,0.004150943884251513,0.1055846422338569,0.02404274265360641
Epidermis 1,borcs5,3.3702452,2.0156088,0.0007510128986426672,0.004170998335780514,0.11169284467713787,0.030276046304541407
Epidermis 1,LOC100487889,3.3486147,5.3462276,0.0008121665808949612,0.004496901030629015,0.08376963350785341,0.0026714158504007124
Epidermis 1,pex1,3.3384564,1.4803115,0.000842452794081949,0.0046539651695347364,0.13350785340314136,0.053428317008014245
Epidermis 1,tll2l,3.3066032,1.9705927,0.0009443456138597834,0.005178830268920415,0.12914485165794065,0.051647373107747106
Epidermis 1,adpgkl,3.2827294,1.6286634,0.0010280730860420387,0.005615414971345013,0.12216404886561955,0.0427426536064114
Epidermis 1,b3gnt2,3.2715135,1.4136573,0.0010697348436799804,0.005837130288557353,0.13787085514834205,0.05966162065894924
Epidermis 1,adcy9,3.2395,1.0172311,0.0011973940331572366,0.00649958587003086,0.17539267015706805,0.09884238646482636
Epidermis 1,abo.2,3.235751,4.0408154,0.0012132323470241827,0.0065806470406201065,0.08376963350785341,0.005342831700801425
Epidermis 1,aadacl3,3.2290213,3.863056,0.001242146389022116,0.0067307862813140275,0.08376963350785341,0.005342831700801425
Epidermis 1,ros1,3.2256246,2.9285035,0.0012569815325236425,0.006802726691765477,0.09075043630017451,0.012466607301869992
Epidermis 1,chmp2b,3.220401,1.3325453,0.0012801135336625567,0.006921049905364383,0.13961605584642234,0.06233303650934995
Epidermis 1,tmed4,3.2184463,2.5747004,0.001288870877921038,0.006966671148653696,0.09424083769633508,0.016028495102404273
Epidermis 1,triqk,3.2178054,1.2577078,0.0012917541541277943,0.006980526844284943,0.14397905759162305,0.06678539626001781
Epidermis 1,chst4,3.198514,3.3136182,0.0013813777709562297,0.007440889740813599,0.08726003490401396,0.009795191451469279
Epidermis 1,itgb6,3.1965272,3.2310467,0.0013909266949284546,0.007490476655980703,0.08726003490401396,0.009795191451469279
Epidermis 1,ano10l,3.1959825,4.0321083,0.0013935555610699781,0.007502782111548974,0.08289703315881326,0.005342831700801425
Epidermis 1,tspo,3.1952775,1.1772534,0.001396964424432847,0.007519279897767428,0.1474694589877836,0.07034728406055209
Epidermis 1,zc3h12a,3.194861,4.0256286,0.0013989823653119053,0.007528284634641451,0.08202443280977312,0.004452359750667854
Epidermis 1,kctd5,3.1929703,1.8656238,0.0014081745376563607,0.007572148000542002,0.11169284467713787,0.034728406055209264
Epidermis 1,picalml,3.1854076,1.0124986,0.0014455028703505121,0.0077546242705738766,0.15968586387434555,0.08281389136242208
Epidermis 1,ripk2,3.1690004,1.2346177,0.0015296423696584281,0.008193010836602002,0.1474694589877836,0.07212822796081923
Epidermis 1,akr1c8p,3.1670456,4.520968,0.001539962047805886,0.00824423744974785,0.08115183246073299,0.004452359750667854
Epidermis 1,smim14,3.1592264,2.4965672,0.0015818852058889425,0.008450016420490236,0.09511343804537521,0.018699910952804988
Epidermis 1,gpsm1,3.1443253,1.9198729,0.0016647024453180905,0.008868523451974135,0.1143106457242583,0.039180765805877114
Epidermis 1,fam83a,3.1344554,5.028186,0.0017217343971514722,0.009152245135259994,0.07940663176265271,0.003561887800534283
Epidermis 1,trac,3.1226628,2.63066,0.0017922303249795607,0.009498973804418573,0.09162303664921466,0.016028495102404273
Epidermis 1,tnip3,3.1223102,3.5819192,0.0017943778079778433,0.009505976729275192,0.08289703315881326,0.007123775601068566
Epidermis 1,rnpep,3.110101,1.9763385,0.0018702345739692106,0.009886237557796062,0.10034904013961606,0.024933214603739984
Epidermis 1,dusp7,3.0803306,1.6883458,0.0020677085887343656,0.010872161232475324,0.11343804537521815,0.039180765805877114
Epidermis 1,fam49a,3.0473561,1.5260372,0.0023086410024326593,0.012072095689931239,0.12303664921465969,0.05075690115761353
Epidermis 1,sfmbt1,3.0307887,1.2650172,0.0024391599966224068,0.012721058863837844,0.1343804537521815,0.06144256455921639
Epidermis 1,krt80,3.022585,4.201851,0.002506257436294115,0.01304916333032066,0.07853403141361257,0.005342831700801425
Epidermis 1,inpp5d,3.0125227,1.7314262,0.002590860761173598,0.01345434856486651,0.112565445026178,0.04007123775601069
Epidermis 1,rps6kc1,3.0114973,1.6846986,0.002599627774097888,0.013493453296524741,0.1099476439790576,0.037399821905609976
Epidermis 1,fam83g,2.997846,1.1285377,0.0027189512345686135,0.014069299238681934,0.1387434554973822,0.06678539626001781
Epidermis 1,ppara,2.9890976,1.6446837,0.002798028281124136,0.014461339441593975,0.10732984293193717,0.034728406055209264
Epidermis 1,ltbp4,2.9863095,2.9867668,0.002823666556595808,0.014569692109594969,0.09511343804537521,0.02404274265360641
Epidermis 1,edem2,2.9848676,3.223852,0.002837011741029146,0.014631631576695106,0.08289703315881326,0.01068566340160285
Epidermis 1,idh3a,2.9765997,2.284145,0.0029146420046726124,0.015003633683406717,0.09336823734729494,0.0213713268032057
Epidermis 1,arap1,2.9743886,1.5760562,0.002935729642866792,0.015105059310774882,0.11082024432809773,0.03829029385574354
Epidermis 1,adap1,2.9549692,1.3902812,0.0031270030208626026,0.016021209889232883,0.11780104712041885,0.04630454140694568
Epidermis 1,unc50,2.9460926,2.1246037,0.0032181604897114973,0.01643808053511109,0.09598603839441536,0.024933214603739984
Epidermis 1,tgds,2.9419587,2.9420402,0.003261433805081317,0.01663186423479304,0.08289703315881326,0.01157613535173642
Epidermis 1,kctd9,2.939459,2.5963204,0.003287855569173775,0.016754856696623292,0.08638743455497382,0.015138023152270703
Epidermis 1,larp6,2.9388824,2.1647124,0.003293980523298982,0.01678215012815949,0.09336823734729494,0.02226179875333927
Epidermis 1,bax,2.9314477,1.0060067,0.0033738600551190996,0.017169076553813868,0.14485165794066318,0.07390917186108638
Epidermis 1,dnaja4.2,2.92177,1.5294136,0.003480482953263493,0.01768279825917641,0.112565445026178,0.041852181656277826
Epidermis 1,sh3tc2,2.9114516,3.1753595,0.0035975371826654306,0.01824775891746684,0.08027923211169284,0.009795191451469279
Epidermis 1,krt8.2,2.9092083,3.183076,0.003623452870440483,0.01836213773476121,0.08027923211169284,0.009795191451469279
Epidermis 1,gca,2.8915193,1.7367941,0.003833840436684931,0.019383279001135744,0.10907504363001745,0.04007123775601069
Epidermis 1,dtna,2.860179,1.1364523,0.004234020664659773,0.021327461893707503,0.14397905759162305,0.07658058771148708
Epidermis 1,dnajc5,2.856654,1.7242115,0.004281323665802332,0.021548015477937752,0.10209424083769633,0.03294746215494212
Epidermis 1,glipr2,2.8423297,3.1552808,0.004478516013958966,0.02247084339862005,0.08027923211169284,0.01157613535173642
Epidermis 1,il20ra,2.838997,3.266966,0.004525559486714309,0.022696445313627425,0.07766143106457242,0.008904719501335707
Epidermis 1,retsat,2.83121,1.1465262,0.004637228075466327,0.023224455780296242,0.12914485165794065,0.060552092609082814
Epidermis 1,exoc6,2.8309214,1.1423008,0.004641411457552627,0.023239397848953517,0.12827225130890052,0.05966162065894924
Epidermis 1,chid1,2.8298318,2.0285807,0.0046572462029138475,0.023303317907310953,0.09336823734729494,0.024933214603739984
Epidermis 1,inpp1,2.8019204,2.181872,0.00507994060306534,0.02529075608019365,0.08987783595113438,0.02226179875333927
Epidermis 1,tmcc1,2.7884293,1.1371268,0.00529643077663559,0.02632651844577795,0.13176265270506107,0.06500445235975066
Epidermis 1,fance,2.776156,1.5583892,0.00550058242851442,0.02726055170851991,0.1099476439790576,0.04363312555654497
Epidermis 1,drd2,2.7750344,4.370351,0.005519588265840651,0.02734232362063765,0.07242582897033159,0.005342831700801425
Epidermis 1,c1galt1c1,2.7674074,2.4637296,0.005650407442368752,0.02796496729415481,0.08464223385689354,0.017809439002671415
Epidermis 1,sec61g,2.7625046,1.1297921,0.005735975792638484,0.028356304433884087,0.12914485165794065,0.06233303650934995
Epidermis 1,agr2,2.7355223,3.0345147,0.006228135491224886,0.030643550068549776,0.07853403141361257,0.012466607301869992
Epidermis 1,pof1b,2.7313886,1.6586298,0.006306807669853329,0.031002669557078057,0.10296684118673648,0.037399821905609976
Epidermis 1,LOC100497570,2.7292414,4.6239657,0.006348020341403567,0.03119120735639884,0.06806282722513089,0.0017809439002671415
Epidermis 1,tm9sf1,2.728921,3.3553054,0.00635419222941838,0.031207478874215277,0.07417102966841187,0.008014247551202136
Epidermis 1,gorasp1,2.7050152,1.4937024,0.006830127400568301,0.03338714381895181,0.10383944153577661,0.03829029385574354
Epidermis 1,LOC100498522,2.7037334,1.6372893,0.006856528924388323,0.03350869376463104,0.09947643979057591,0.03383793410507569
Epidermis 1,chrdl2,2.6969397,1.6185938,0.0069979938155820655,0.03416943903553731,0.09511343804537521,0.029385574354407838
Epidermis 1,fhl3,2.6891205,1.4168322,0.007164052335077549,0.034941168083086095,0.1012216404886562,0.03561887800534283
Epidermis 1,cyfip2,2.6875825,1.0053136,0.007197132917046723,0.03509466757159252,0.14921465968586387,0.0854853072128228
Epidermis 1,rnf213,2.6649585,5.316771,0.007699784267813952,0.03732052254730525,0.06719022687609075,0.0026714158504007124
Epidermis 1,slc7a4,2.6509867,2.2931383,0.008025701829121625,0.038796818700324094,0.08289703315881326,0.018699910952804988
Epidermis 1,cdhr3,2.6463401,1.0106447,0.008136797560939704,0.0392469185626139,0.13612565445026178,0.07212822796081923
Epidermis 1,LOC733495,2.6259913,6.2468467,0.008639704363313497,0.04154406983513967,0.06457242582897033,0.0008904719501335708
Epidermis 1,LOC100489718,2.614519,2.7017422,0.008935319564894045,0.04285222158803362,0.07504363001745201,0.01157613535173642
Epidermis 1,c9orf85,2.6050975,1.0024865,0.009184808214778049,0.04394249069385481,0.13350785340314136,0.07034728406055209
Epidermis 1,LOC100488328,2.5897799,6.1706142,0.009603730173982184,0.04581613382738636,0.0636998254799302,0.0008904719501335708
Epidermis 1,usp40,2.5655537,1.3457944,0.010301129548303003,0.04899323188176108,0.1082024432809773,0.04630454140694568
Epidermis 1,rplp1,-2.5599778,-1.2481436,0.010467887006481632,0.04968887586870474,0.05235602094240838,0.11398040961709706
Epidermis 1,kdsr,-2.5618043,-1.1626947,0.010412996935062405,0.049458963627566466,0.06108202443280977,0.1219946571682992
Epidermis 1,itgb8,-2.5641437,-2.2074742,0.010343073226045656,0.04917128559162141,0.020942408376963352,0.08281389136242208
Epidermis 1,brsk2,-2.5760005,-1.1931678,0.009995052307768084,0.047589359896968664,0.059336823734729496,0.12110418521816563
Epidermis 1,pacsin2,-2.5771542,-1.5589248,0.009961754020100976,0.047451524661127134,0.04013961605584642,0.10151380231522707
Epidermis 1,txnrd2,-2.581448,-1.3948985,0.009838677173886045,0.04687549664003655,0.03577661431064572,0.09884238646482636
Epidermis 1,LOC100495603,-2.5882096,-1.4718865,0.009647622330462955,0.04601546816896877,0.03577661431064572,0.09884238646482636
Epidermis 1,cyp27c1,-2.5929844,-1.6151165,0.009514706385877682,0.04542122249972367,0.037521815008726006,0.09973285841495994
Epidermis 1,scn4b,-2.5984,-1.6230024,0.009365927934669376,0.044759946005786345,0.04013961605584642,0.10240427426536064
Epidermis 1,uxt,-2.6044888,-1.417955,0.009201143493602394,0.04399170731242284,0.038394415357766144,0.10151380231522707
Epidermis 1,baz2b,-2.6100006,-1.0800401,0.009054206882225352,0.043355683207601366,0.06631762652705062,0.12911843276936777
Epidermis 1,wnt8a,-2.6108336,-1.6059421,0.009032178765493958,0.043259695531572356,0.041884816753926704,0.10418521816562779
Epidermis 1,dnajc17,-2.6133654,-1.0785809,0.008965540482258415,0.04296882470093584,0.06195462478184991,0.1246660730186999
Epidermis 1,fam49b,-2.6143909,-1.0790151,0.008938672945750377,0.042858884278009005,0.059336823734729496,0.12288512911843277
Epidermis 1,gprc5b,-2.6161854,-1.4315913,0.008891827748118229,0.04267177771974661,0.041884816753926704,0.10507569011576136
Epidermis 1,prdm14,-2.616698,-2.3580012,0.008878483745260662,0.04261711258366319,0.02181500872600349,0.08459483526268922
Epidermis 1,bend2,-2.6177876,-2.259184,0.008850187117294208,0.042490634342459165,0.02268760907504363,0.0854853072128228
Epidermis 1,ipo9,-2.6185567,-1.5889792,0.008830261561330632,0.0424229717150585,0.031413612565445025,0.09528049866429207
Epidermis 1,evx1,-2.6193259,-2.2280993,0.008810376093139267,0.042336757702794964,0.017452006980802792,0.08103294746215495
Epidermis 1,coro7,-2.628619,-1.9024521,0.008573236618052498,0.04123354556811187,0.02443280977312391,0.0881567230632235
Epidermis 1,snu13,-2.6288753,-1.8696175,0.008566776499408055,0.04121155864056066,0.02617801047120419,0.08993766696349065
Epidermis 1,c8orf33,-2.6318555,-1.2234529,0.008491996353598158,0.040878855599352615,0.04712041884816754,0.11130899376669635
Epidermis 1,plekha1,-2.6327848,-1.5440338,0.008468797494213897,0.040776176107952665,0.034904013961605584,0.09884238646482636
Epidermis 1,ulk1,-2.6429753,-1.5649574,0.008218103410119778,0.03961281964042935,0.04275741710296684,0.10596616206589493
Epidermis 1,obi1,-2.6472692,-2.224364,0.00811446891702226,0.03916024047854043,0.02268760907504363,0.08637577916295637
Epidermis 1,cops4,-2.6481986,-1.1023684,0.00809219513740641,0.03908361887856248,0.06631762652705062,0.13000890471950133
Epidermis 1,stx4,-2.6494484,-1.0896142,0.008062327045146075,0.03895660727460862,0.06980802792321117,0.13268032056990206
Epidermis 1,dnajc15,-2.6501856,-1.9301099,0.008044758831551386,0.03888032834181236,0.027050610820244327,0.09082813891362422
Epidermis 1,trps1,-2.65339,-1.4356364,0.00796877310911267,0.03854723963953615,0.0549738219895288,0.11754229741763135
Epidermis 1,atad3a,-2.661754,-1.5514427,0.007773469446240803,0.03764422476396373,0.03926701570680628,0.10329474621549421
Epidermis 1,dcc,-2.6705985,-1.4600388,0.007571617390860902,0.03674010742405509,0.05148342059336824,0.11487088156723063
Epidermis 1,vps26c,-2.6720405,-1.3797281,0.007539156008536852,0.03659073026296322,0.041884816753926704,0.10685663401602849
Epidermis 1,nlgn1,-2.6778727,-1.7282807,0.007409136964954665,0.036007745592934466,0.03926701570680628,0.10329474621549421
Epidermis 1,rpap1,-2.6799877,-1.202182,0.007362486437493525,0.035820917848951216,0.059336823734729496,0.12377560106856635
Epidermis 1,tomm7,-2.6867492,-1.6278944,0.007215108752403497,0.03516660444185765,0.034904013961605584,0.09973285841495994
Epidermis 1,mcub,-2.6966512,-1.1606964,0.0070040569897663945,0.0341913931932198,0.06631762652705062,0.13000890471950133
Epidermis 1,hectd2,-2.7014582,-1.60776,0.006903617540639219,0.03373126698483842,0.037521815008726006,0.10240427426536064
Epidermis 1,soga1,-2.7053998,-1.3349522,0.006822224775799058,0.033363461863001175,0.04799301919720768,0.11308993766696349
Epidermis 1,aamdc,-2.7095335,-1.3553568,0.006737789014770444,0.032994904419054276,0.0506108202443281,0.1157613535173642
Epidermis 1,chordc1,-2.714821,-1.1179117,0.006631159333922951,0.03249461662374416,0.06195462478184991,0.12733748886910062
Epidermis 1,pmepa1,-2.717641,-1.8514285,0.006574912752015249,0.0322407126206123,0.029668411867364748,0.09528049866429207
Epidermis 1,zbtb39,-2.7228644,-1.3474865,0.006471860941226982,0.031742521375256,0.04799301919720768,0.11398040961709706
Epidermis 1,ubr3,-2.7277994,-1.545533,0.006375836386438096,0.03129969084104965,0.04450261780104712,0.10952804986642921
Epidermis 1,hdgfl3,-2.738791,-2.574977,0.0061665562856281966,0.03035425777322194,0.015706806282722512,0.0819234194122885
Epidermis 1,pex5,-2.740906,-1.0672547,0.0061270036252479634,0.030173176733589664,0.07504363001745201,0.13980409617097062
Epidermis 1,rragc,-2.7435977,-1.4154768,0.006076994378675314,0.029940414165065255,0.04712041884816754,0.11308993766696349
Epidermis 1,arntl2,-2.7435977,-1.8626109,0.006076994378675314,0.029940414165065255,0.02530541012216405,0.0917186108637578
Epidermis 1,aptx,-2.7483406,-1.0700487,0.005989776706711261,0.029530708883223324,0.06806282722513089,0.13446126447016918
Epidermis 1,nkain1,-2.750712,-2.1615906,0.0059465922187992345,0.02933768682035227,0.02356020942408377,0.08993766696349065
Epidermis 1,slc44a5,-2.751609,-1.8162113,0.005930325446330644,0.029264050557300084,0.030541012216404886,0.09706144256455922
Epidermis 1,LOC101731620,-2.7548456,-1.5055459,0.005871981558586268,0.028982698391746425,0.04886561954624782,0.11398040961709706
Epidermis 1,sbds,-2.7576337,-1.3248181,0.005822140282557795,0.028749699729733798,0.0549738219895288,0.12110418521816563
Epidermis 1,spag8,-2.7579541,-2.1234474,0.005816435907788387,0.028728032581224628,0.02443280977312391,0.09082813891362422
Epidermis 1,septin9,-2.7651322,-1.3537995,0.005689971401429509,0.02814162872860229,0.05148342059336824,0.11754229741763135
Epidermis 1,prim2,-2.7681766,-1.6802306,0.005637089936382235,0.027910874014462274,0.030541012216404886,0.09795191451469279
Epidermis 1,s100pbp,-2.7729833,-1.4397688,0.005554495131158175,0.027508996426918415,0.049738219895287955,0.1157613535173642
Epidermis 1,otub2,-2.780482,-1.4304601,0.0054278262574132905,0.02693055860914402,0.0462478184991274,0.11308993766696349
Epidermis 1,LOC101732639,-2.7809308,-1.5881287,0.005420331113443431,0.02689948720183059,0.034031413612565446,0.10151380231522707
Epidermis 1,megf6,-2.7908006,-1.7321832,0.005257784412248743,0.026146334015423843,0.037521815008726006,0.10418521816562779
Epidermis 1,emilin1,-2.7925632,-3.5972683,0.005229225986357563,0.026010243959039978,0.006108202443280977,0.07390917186108638
Epidermis 1,clns1a,-2.796761,-1.2576972,0.005161768605104377,0.025692279364047128,0.053228621291448515,0.12110418521816563
Epidermis 1,etv4,-2.8082654,-2.4061303,0.004980916097469788,0.024809077873291084,0.016579406631762654,0.08459483526268922
Epidermis 1,cbx2,-2.8152833,-1.0388817,0.004873424760824042,0.02430141720885316,0.06893542757417102,0.1371326803205699
Epidermis 1,ubxn6,-2.819385,-1.3034918,0.004811574834261233,0.02400876603475125,0.0462478184991274,0.11487088156723063
Epidermis 1,lonrf3,-2.8202825,-1.0878712,0.004798140208800849,0.023947899701793993,0.06806282722513089,0.13624220837043632
Epidermis 1,rttn,-2.822846,-1.271689,0.004759942402765015,0.023768124295362795,0.056719022687609075,0.1246660730186999
Epidermis 1,gpatch4,-2.82291,-1.0124342,0.00475899099381204,0.023768124295362795,0.07940663176265271,0.14781834372217276
Epidermis 1,spice1,-2.8258262,-1.1621287,0.004715883536663831,0.023569696439198685,0.06544502617801047,0.13268032056990206
Epidermis 1,ppil1,-2.8435793,-1.1259212,0.004460989255254164,0.02238805118189998,0.07329842931937172,0.14069456812110417
Epidermis 1,atp6v1b1,-2.8518472,-2.5384414,0.004346600096936536,0.02185418449660188,0.017452006980802792,0.08637577916295637
Epidermis 1,hras,-2.8554683,-2.1187356,0.004297342060864669,0.021621466707430932,0.02356020942408377,0.09260908281389137
Epidermis 1,gfm1,-2.8567822,-1.3817265,0.004279595194568094,0.02154708046623682,0.049738219895287955,0.11843276936776491
Epidermis 1,dlat,-2.8719075,-1.1184295,0.004080023423655576,0.020570746563675676,0.07068062827225131,0.13891362422083706
Epidermis 1,stx19,-2.8754647,-1.1324744,0.004034334305262268,0.0203450910273002,0.06893542757417102,0.13802315227070347
Epidermis 1,sart3,-2.8812327,-1.1004418,0.00396123028563982,0.020004167105518746,0.07242582897033159,0.14158504007123776
Epidermis 1,ctps2,-2.8875136,-1.6160284,0.003882997857710362,0.019622717983579854,0.038394415357766144,0.10774710596616206
Epidermis 1,LOC105945432,-2.8883147,-1.0618588,0.0038731208096001693,0.019577338240974122,0.07853403141361257,0.14692787177203917
Epidermis 1,slc2a8,-2.8980565,-1.1033512,0.0037548286986391092,0.01899701299165407,0.06631762652705062,0.13624220837043632
Epidermis 1,rundc3b,-2.9018378,-1.9847982,0.00370980432771894,0.018773571483106443,0.027050610820244327,0.09706144256455922
Epidermis 1,cfap74,-2.908343,-1.2775365,0.00363349421285632,0.01840447474901062,0.07068062827225131,0.13891362422083706
Epidermis 1,adgre2,-2.909048,-2.0237947,0.003625310472109378,0.01836728577011812,0.03228621291448516,0.10151380231522707
Epidermis 1,mutyh,-2.9108427,-1.69828,0.0036045547192738343,0.01827485792966411,0.030541012216404886,0.10151380231522707
Epidermis 1,phb2,-2.9111953,-1.1929389,0.0036004904189344297,0.018258494406592652,0.05846422338568935,0.12911843276936777
Epidermis 1,fkbp4,-2.9116437,-1.1631052,0.00359532370155037,0.01824501360268154,0.07417102966841187,0.14247551202137132
Epidermis 1,mrpl20,-2.924398,-1.5827508,0.0034512331387033714,0.01754236159320901,0.041884816753926704,0.11219946571682991
Epidermis 1,ap1m1,-2.933018,-1.844405,0.0033568434800901933,0.017086466428516002,0.029668411867364748,0.1006233303650935
Epidermis 1,cog6,-2.935037,-1.2543325,0.0033350798727608383,0.01697964953418438,0.05846422338568935,0.12911843276936777
Epidermis 1,pou6f1,-2.9401963,-1.3840233,0.003280044336803582,0.016722861559203498,0.04799301919720768,0.11932324131789848
Epidermis 1,LOC100493461,-2.942888,-1.2127231,0.0032516597615558297,0.016589774995770343,0.056719022687609075,0.12822796081923418
Epidermis 1,ift81,-2.945035,-1.4735119,0.0032291803222466503,0.016486650400501675,0.05235602094240838,0.1219946571682992
Epidermis 1,ush1c,-2.9475346,-2.5946238,0.0032031886694491494,0.016373103761079852,0.014834205933682374,0.08637577916295637
Epidermis 1,bbs9,-2.955546,-1.009478,0.0031211616817527826,0.015998794704610634,0.10907504363001745,0.176313446126447
Epidermis 1,hadha,-2.9593914,-2.2987676,0.0030824729722733497,0.015811622644094206,0.02006980802792321,0.0917186108637578
Epidermis 1,nob1,-2.9643264,-1.1946273,0.0030334632732640547,0.015571207265559854,0.06806282722513089,0.13891362422083706
Epidermis 1,atpaf2,-2.973171,-1.2244613,0.002947402489483616,0.015157970710115952,0.06980802792321117,0.13980409617097062
Epidermis 1,slc7a8,-2.974613,-1.0567211,0.0029335839887711973,0.015097579296928372,0.08726003490401396,0.15761353517364202
Epidermis 1,cpt1a,-2.9793878,-1.0224301,0.002888250317715531,0.014874795889277932,0.09162303664921466,0.1611754229741763
Epidermis 1,pkd1,-2.9814706,-1.224158,0.0028686749626221615,0.014780957818034991,0.06282722513089005,0.13446126447016918
Epidermis 1,shmt2,-2.9815347,-1.382722,0.0028680745692744904,0.014780957818034991,0.05846422338568935,0.12911843276936777
Epidermis 1,ric8a,-2.9844508,-1.2045947,0.0028408777239629516,0.014648107942957364,0.07504363001745201,0.14514692787177205
Epidermis 1,cd276,-2.9871428,-1.5230136,0.002815982158063681,0.014540356524161756,0.04363001745200698,0.1157613535173642
Epidermis 1,agap3,-2.9878478,-1.4924482,0.0028094948957883246,0.014510293046389832,0.04886561954624782,0.12021371326803205
Epidermis 1,fyn,-2.9887772,-1.1473784,0.0028009643570751615,0.014473086250470541,0.07940663176265271,0.1495992876224399
Epidermis 1,bicd1,-2.9928148,-1.6060603,0.002764174613714957,0.014289754618780875,0.04450261780104712,0.1157613535173642
Epidermis 1,itgb1bp2,-2.997205,-1.1047913,0.002724674359095288,0.014095571168757298,0.07678883071553229,0.14781834372217276
Epidermis 1,numbl,-2.9981985,-1.1666728,0.002715808199858397,0.01405636876876425,0.06631762652705062,0.13891362422083706
Epidermis 1,psma2,-2.9997687,-1.6656979,0.0027018476991903227,0.013990749559570961,0.03926701570680628,0.11130899376669635
Epidermis 1,gfra1,-3.0023644,-1.0146624,0.0026789138639442393,0.01387858011042907,0.10296684118673648,0.17186108637577915
Epidermis 1,hadhb,-3.0023963,-2.9144638,0.0026786318452467297,0.01387858011042907,0.013961605584642234,0.08637577916295637
Epidermis 1,mllt6,-3.0065303,-1.1049991,0.002642478111266094,0.013702831479547872,0.0636998254799302,0.1371326803205699
Epidermis 1,farsb,-3.008517,-2.2299027,0.002625261090428455,0.013620024311516717,0.02356020942408377,0.09617097061442564
Epidermis 1,cnn3,-3.0142212,-1.0844404,0.0025763998431159473,0.013385624042055497,0.07853403141361257,0.15048975957257346
Epidermis 1,orc3,-3.0173936,-1.6453887,0.0025495854665150324,0.013252621358938666,0.038394415357766144,0.11130899376669635
Epidermis 1,heg1,-3.0222003,-1.1927598,0.0025094436710062693,0.013059520711907418,0.06544502617801047,0.13802315227070347
Epidermis 1,lrrn1,-3.0453372,-2.1303356,0.002324196035326932,0.012147612380088381,0.02443280977312391,0.09795191451469279
Epidermis 1,aamp,-3.0466511,-1.074124,0.002314062051132959,0.012097543847094465,0.07766143106457242,0.15048975957257346
Epidermis 1,LOC100496797,-3.0598857,-1.8028866,0.002214214326113157,0.011597784639970042,0.04013961605584642,0.11308993766696349
Epidermis 1,pdcd5,-3.0647566,-1.6639885,0.002178471660999671,0.011421535347110483,0.04101221640488656,0.11487088156723063
Epidermis 1,rbm38,-3.0786002,-1.6163434,0.0020797553170973284,0.010930236217336417,0.04275741710296684,0.11665182546749778
Epidermis 1,dph6,-3.0801384,-1.2250851,0.0020690439459263585,0.0108765617788627,0.07242582897033159,0.14514692787177205
Epidermis 1,cdca7l,-3.082734,-1.1971066,0.002051083199422859,0.010787343093421596,0.06806282722513089,0.14247551202137132
Epidermis 1,znhit3,-3.0893035,-1.2960637,0.0020062642404350397,0.010556713766706777,0.05759162303664921,0.13178984861976847
Epidermis 1,LOC116407564,-3.0907135,-1.1729523,0.0019967624886251443,0.010511786312253142,0.07591623036649214,0.14870881567230632
Epidermis 1,gtf2a2,-3.0915787,-1.1387162,0.00199095233449945,0.010483728496890082,0.06893542757417102,0.14425645592163847
Epidermis 1,ccdc77,-3.0971866,-1.1894573,0.001953668599060837,0.010297343599059545,0.06631762652705062,0.14069456812110417
Epidermis 1,snrpf,-3.0972826,-1.110956,0.0019530350748754059,0.010297343599059545,0.06719022687609075,0.14247551202137132
Epidermis 1,armc4,-3.1041405,-1.259606,0.0019083272470608377,0.010072958117589391,0.0924956369982548,0.16295636687444345
Epidermis 1,LOC100145144,-3.1058388,-1.1081053,0.001897400927862277,0.010022557648724945,0.08987783595113438,0.16295636687444345
Epidermis 1,LOC100494722,-3.114491,-1.7851001,0.0018426251653332036,0.009745013022960698,0.03926701570680628,0.11398040961709706
Epidermis 1,KIAA1107,-3.1233678,-1.5809332,0.0017879424441857776,0.009478788161947973,0.0462478184991274,0.12110418521816563
Epidermis 1,cited4,-3.1244252,-1.2256321,0.0017815283010394166,0.00944707875017767,0.06806282722513089,0.14247551202137132
Epidermis 1,septin6,-3.1254506,-2.4148188,0.0017753287322871511,0.009418781489724757,0.02268760907504363,0.09795191451469279
Epidermis 1,npr2,-3.1294882,-2.7062964,0.0017511102259250165,0.009299337123365729,0.01832460732984293,0.09349955476402494
Epidermis 1,tars3,-3.131411,-1.8179697,0.001739684698251885,0.009240910370144689,0.038394415357766144,0.11308993766696349
Epidermis 1,tfrc,-3.131411,-1.3232222,0.001739684698251885,0.009240910370144689,0.0636998254799302,0.13802315227070347
Epidermis 1,dab2,-3.1397429,-1.8826805,0.001690961873514889,0.008999629034626437,0.034031413612565446,0.10952804986642921
Epidermis 1,usp44,-3.1411529,-1.2091628,0.0016828417460505076,0.008958597155542359,0.06719022687609075,0.14247551202137132
Epidermis 1,lrch1,-3.142659,-2.5989413,0.001674207608023284,0.008916984187131091,0.016579406631762654,0.09260908281389137
Epidermis 1,bbs2,-3.1470172,-1.1288177,0.0016494527806009214,0.008791575262699733,0.06631762652705062,0.14247551202137132
Epidermis 1,pdrg1,-3.149677,-1.4655597,0.0016345110123049116,0.008716193743769666,0.04886561954624782,0.1246660730186999
Epidermis 1,dimt1,-3.154548,-1.9245505,0.0016074702622722017,0.008576187920059099,0.029668411867364748,0.10596616206589493
Epidermis 1,cfap157,-3.156791,-1.740064,0.0015951562940603663,0.008514653985491989,0.04013961605584642,0.1157613535173642
Epidermis 1,slc8a1,-3.156855,-1.1711191,0.0015948057457838335,0.008514653985491989,0.1055846422338569,0.17542297417631345
Epidermis 1,efl1,-3.1597393,-1.2798743,0.0015791042774534198,0.00843722684581564,0.06719022687609075,0.14158504007123776
Epidermis 1,rab11fip5,-3.164546,-1.7178726,0.0015532511144551277,0.008309265155313886,0.041884816753926704,0.11754229741763135
Epidermis 1,pik3r3,-3.186369,-1.7148153,0.0014407076592621289,0.00773184501543505,0.04101221640488656,0.11754229741763135
Epidermis 1,fau,-3.1890929,-1.3260278,0.001427200740723714,0.007668787826479231,0.056719022687609075,0.13357079252003562
Epidermis 1,atat1,-3.1930022,-1.5556649,0.00140801827528214,0.007572148000542002,0.05148342059336824,0.12733748886910062
Epidermis 1,znf852,-3.2095056,-1.011408,0.0013296342468780012,0.007169248554762754,0.09424083769633508,0.170080142475512
Epidermis 1,trdmt1,-3.2143764,-1.6384197,0.0013072810639062162,0.007059188343354997,0.04799301919720768,0.1246660730186999
Epidermis 1,c11orf49,-3.2248235,-1.2229161,0.0012605041462238737,0.006820099423444371,0.07068062827225131,0.14781834372217276
Epidermis 1,supv3l1,-3.2270346,-1.9934145,0.0012508038001698514,0.006770972394816752,0.034031413612565446,0.11130899376669635
Epidermis 1,mios,-3.2271948,-1.0901521,0.0012501035618590302,0.006768860998343896,0.07504363001745201,0.15316117542297417
Epidermis 1,LOC100135070,-3.227964,-1.1331615,0.0012467474538592539,0.006752364405724195,0.07766143106457242,0.1549421193232413
Epidermis 1,phka1,-3.2283483,-1.0022036,0.0012450725215940436,0.006744967103700006,0.1099476439790576,0.18432769367764915
Epidermis 1,ttc30a,-3.2332513,-1.1918894,0.0012238984905833892,0.0066352022268373004,0.07329842931937172,0.15048975957257346
Epidermis 1,ddx31,-3.2453003,-1.3088843,0.0011732679747400944,0.006378146606079622,0.055846422338568937,0.13446126447016918
Epidermis 1,snx9,-3.2482805,-1.0530678,0.0011610471591286938,0.006314857941013765,0.09075043630017451,0.1674087266251113
Epidermis 1,uba52,-3.2577019,-1.1700791,0.0011231831508787806,0.006116540937191383,0.07504363001745201,0.15316117542297417
Epidermis 1,foxn2,-3.2675078,-1.2328417,0.001084988696619291,0.005911495218209625,0.06544502617801047,0.14425645592163847
Epidermis 1,pkd2,-3.2681808,-1.1248665,0.0010824120692527004,0.005898929511279514,0.07504363001745201,0.15405164737310775
Epidermis 1,dchs1,-3.2709045,-1.5572615,0.0010720405720896348,0.005846787633983485,0.04886561954624782,0.12733748886910062
Epidermis 1,cdh23,-3.2713852,-1.3169873,0.0010702198786175451,0.0058383169928283634,0.07853403141361257,0.1549421193232413
Epidermis 1,LOC100491791,-3.2744937,-2.5261822,0.001058514947276763,0.0057773523423027134,0.016579406631762654,0.09617097061442564
Epidermis 1,itga2b.2,-3.280262,-1.0001808,0.001037107698103419,0.00566334511519387,0.0968586387434555,0.1745325022261799
Epidermis 1,arl6ip1,-3.298047,-1.1157827,0.000973598115825272,0.005328538872692064,0.08202443280977312,0.16028495102404275
Epidermis 1,asb7,-3.2983675,-1.195001,0.000972487559245927,0.005323796043729396,0.06806282722513089,0.14781834372217276
Epidermis 1,prkar1a,-3.2992327,-1.2678409,0.0009694949134799564,0.005308744920212329,0.06719022687609075,0.1460373998219056
Epidermis 1,arid3c,-3.3037512,-2.145992,0.0009540047434514788,0.005229172948217714,0.03228621291448516,0.11130899376669635
Epidermis 1,ggcx,-3.3108974,-1.3276509,0.0009299734212956293,0.005103860670546259,0.07504363001745201,0.1522707034728406
Epidermis 1,sparc,-3.311378,-2.0284708,0.0009283772688308657,0.0050963824863291375,0.029668411867364748,0.10952804986642921
Epidermis 1,ldlrad3,-3.319261,-1.3174055,0.0009025599002304987,0.004964648243743311,0.06457242582897033,0.1433659839715049
Epidermis 1,frem1,-3.3216004,-1.4583553,0.0008950276537551354,0.004929429185409088,0.06893542757417102,0.14692787177203917
Epidermis 1,coro2a,-3.324196,-2.5835493,0.0008867381725128974,0.00488500723615348,0.017452006980802792,0.09795191451469279
Epidermis 1,stk33,-3.3268878,-1.311868,0.0008782168899528551,0.004841730862976567,0.06806282722513089,0.14692787177203917
Epidermis 1,tpbg,-3.3302526,-1.8296813,0.0008676720477858097,0.00478722421105794,0.03926701570680628,0.11932324131789848
Epidermis 1,rrp7a,-3.3350594,-1.5873312,0.0008528115194935243,0.004708805710239928,0.0462478184991274,0.12644701691896706
Epidermis 1,slc16a3,-3.3363733,-1.5827354,0.0008487909134987548,0.004687792083891756,0.05846422338568935,0.1371326803205699
Epidermis 1,dctn3,-3.3399625,-1.0146557,0.0008378972233496023,0.0046323170283029316,0.08289703315881326,0.163846838824577
Epidermis 1,LOC108646161,-3.3533895,-2.1672997,0.0007982829509095221,0.004423395701319625,0.028795811518324606,0.10952804986642921
Epidermis 1,deptorl,-3.355152,-1.39989,0.0007932140175616767,0.004396424454461099,0.05846422338568935,0.13891362422083706
Epidermis 1,nacc1,-3.3631632,-1.5740051,0.0007705476930949832,0.004274052163453388,0.041884816753926704,0.12377560106856635
Epidermis 1,LOC100485124,-3.3647656,-1.2295966,0.0007660872075320858,0.004252553791797925,0.07504363001745201,0.1549421193232413
Epidermis 1,snai1,-3.3817496,-1.407397,0.0007202576052742208,0.004011419398848589,0.0636998254799302,0.14425645592163847
Epidermis 1,epb41l1,-3.3864923,-1.3464437,0.000707922533880707,0.0039457414078699635,0.06719022687609075,0.14781834372217276
Epidermis 1,clps,-3.3946319,-1.9525765,0.000687209370167316,0.003835190707524553,0.028795811518324606,0.11130899376669635
Epidermis 1,zcchc9,-3.3949845,-1.1980989,0.0006863251983524022,0.003832216518231261,0.06893542757417102,0.15138023152270705
Epidermis 1,rpl21,-3.398349,-1.0401226,0.0006779384348323592,0.00378829566875209,0.09773123909249563,0.17809439002671415
Epidermis 1,exosc7,-3.4013615,-1.1878916,0.000670511206620379,0.003747752315487523,0.07853403141361257,0.15939447907390916
Epidermis 1,mrps27,-3.4118402,-1.2255784,0.0006452591906311471,0.0036130871949608054,0.07329842931937172,0.1549421193232413
Epidermis 1,emb,-3.413795,-1.9633707,0.0006406475883385998,0.0035891068100479036,0.037521815008726006,0.11932324131789848
Epidermis 1,clcc1,-3.4211335,-1.1749221,0.0006236073579357455,0.0034999321392787815,0.07417102966841187,0.15672306322350846
Epidermis 1,atmin,-3.4212296,-1.0425643,0.0006233869482284062,0.0034995952141219588,0.08638743455497382,0.16918967052537845
Epidermis 1,abcc4,-3.4433408,-1.0240009,0.0005745746528367486,0.003233890508008948,0.10034904013961606,0.182546749777382
Epidermis 1,ctsd,-3.4479554,-1.1934804,0.0005648473240157747,0.00318160388677032,0.07591623036649214,0.1585040071237756
Epidermis 1,snx3,-3.44975,-1.3070052,0.0005611060631380433,0.0031629799544653173,0.060209424083769635,0.14425645592163847
Epidermis 1,cfp,-3.4500062,-2.3120418,0.000560573485212606,0.0031616112744441136,0.02443280977312391,0.10774710596616206
Epidermis 1,LOC100497007,-3.4626963,-1.3041687,0.0005347917206767437,0.0030208879463855098,0.09162303664921466,0.1709706144256456
Epidermis 1,exosc2,-3.4733353,-1.3948692,0.0005140326758517499,0.002908142862266278,0.06108202443280977,0.14425645592163847
Epidermis 1,capn8.5,-3.4774692,-1.8948563,0.0005061712207288278,0.0028658957466330443,0.03926701570680628,0.12288512911843277
Epidermis 1,LOC101734072,-3.4853203,-1.4339426,0.0004915482454842721,0.0027859933155096883,0.04886561954624782,0.13357079252003562
Epidermis 1,rassf2,-3.485705,-2.6952593,0.0004908422386708208,0.0027827145986063857,0.019197207678883072,0.10329474621549421
Epidermis 1,fam227b,-3.4910884,-1.4475156,0.0004810569149327765,0.00272936633924808,0.06457242582897033,0.14781834372217276
Epidermis 1,stx2,-3.4955108,-1.2057539,0.0004731554071587181,0.002686631313976161,0.07853403141361257,0.1620658949243099
Epidermis 1,ptcd2,-3.5001574,-1.2712382,0.0004649836475632931,0.002645738767530279,0.07678883071553229,0.16028495102404275
Epidermis 1,otud4,-3.5012789,-1.258037,0.0004630309791550663,0.002635315335457147,0.06893542757417102,0.15316117542297417
Epidermis 1,rapgefl1,-3.5121744,-1.4555546,0.0004444563329278108,0.002533563647026583,0.055846422338568937,0.13980409617097062
Epidermis 1,mrpl28,-3.5135844,-1.031142,0.0004421040370788617,0.002521472083925207,0.0968586387434555,0.18165627782724844
Epidermis 1,pfas,-3.5145779,-2.2622867,0.00044045372113628685,0.0025140310355519007,0.02443280977312391,0.10952804986642921
Epidermis 1,LOC108645395,-3.5179746,-1.1185622,0.00043485405243034135,0.002484668834271401,0.07678883071553229,0.1620658949243099
Epidermis 1,LOC100145274,-3.5187757,-1.032279,0.00043354309696128074,0.0024778271133557117,0.1012216404886562,0.18432769367764915
Epidermis 1,trim8,-3.5390604,-1.0562795,0.0004015539300052862,0.0023040516188917565,0.09511343804537521,0.17898486197684774
Epidermis 1,lsm8,-3.5452452,-1.0460577,0.00039224804287163353,0.002253618889810931,0.10034904013961606,0.18432769367764915
Epidermis 1,rexo4,-3.5467193,-1.2130896,0.00039005999592402673,0.0022416379170550928,0.08376963350785341,0.1674087266251113
Epidermis 1,st6galnac5,-3.5484817,-1.322786,0.0003874588246400101,0.002227817915089543,0.06980802792321117,0.1549421193232413
Epidermis 1,LOC733753,-3.5548587,-1.0848702,0.0003781821283655749,0.002176816729903775,0.09075043630017451,0.1745325022261799
Epidermis 1,surf6,-3.5650814,-1.2038695,0.00036374345196704824,0.0020970266487114818,0.06980802792321117,0.1558325912733749
Epidermis 1,zc3h3,-3.5749192,-1.0241491,0.00035033606108494025,0.0020234735809778934,0.10471204188481675,0.188780053428317
Epidermis 1,unc119,-3.5860069,-1.010816,0.0003357800604800259,0.0019445479564051606,0.11780104712041885,0.20035618878005343
Epidermis 1,notum,-3.591615,-1.2739877,0.00032863528328655185,0.0019036768029189932,0.08376963350785341,0.1682991985752449
Epidermis 1,abcc1,-3.5926404,-1.0970029,0.00032734429503589863,0.0018967020345136334,0.08638743455497382,0.17275155832591274
Epidermis 1,cep170,-3.5936337,-1.0995562,0.00032609817746930946,0.0018899836203340775,0.0924956369982548,0.17809439002671415
Epidermis 1,znf300,-3.5993378,-1.0323249,0.0003190285576275958,0.0018519612013811568,0.10645724258289703,0.19145146927871773
Epidermis 1,gdpd5,-3.6031833,-1.6262287,0.0003143437618192734,0.0018267097807345845,0.04537521815008726,0.13268032056990206
Epidermis 1,rbm23,-3.6067724,-1.5084906,0.00031002946316374853,0.0018030791353134746,0.05759162303664921,0.14425645592163847
Epidermis 1,slc38a9,-3.6095922,-1.2648731,0.000306678617211698,0.001784542428313723,0.07766143106457242,0.16295636687444345
Epidermis 1,polr3gl,-3.610105,-1.3328514,0.00030607302777841544,0.0017814936087364105,0.06195462478184991,0.1495992876224399
Epidermis 1,sntb2,-3.610746,-2.0594816,0.0003053176156310462,0.001778519938784052,0.03228621291448516,0.11932324131789848
Epidermis 1,phactr2,-3.6117394,-1.0773723,0.000304150176220655,0.0017721925221123932,0.09424083769633508,0.18076580587711488
Epidermis 1,polg,-3.6194303,-1.0078083,0.0002952523784430141,0.001721726924106096,0.10209424083769633,0.188780053428317
Epidermis 1,bend4,-3.6246216,-2.0197227,0.00028938483587509934,0.0016897689332701481,0.031413612565445025,0.11932324131789848
Epidermis 1,mmgt1,-3.6293643,-1.2285793,0.0002841200179622622,0.0016625859243643132,0.07242582897033159,0.16028495102404275
Epidermis 1,serac1,-3.6313512,-1.0345612,0.0002819412716152357,0.0016507218910426773,0.09860383944153578,0.18521816562778273
Epidermis 1,znf653,-3.6392984,-1.042392,0.00027338187502071957,0.001601897393884834,0.09860383944153578,0.18521816562778273
Epidermis 1,ube3d,-3.6428554,-1.2200425,0.00026963029158062665,0.0015816136001561435,0.08376963350785341,0.170080142475512
Epidermis 1,dcaf1,-3.650194,-1.3722847,0.0002620425003107063,0.0015387592570720997,0.0636998254799302,0.15138023152270705
Epidermis 1,eif2s1,-3.651091,-1.277498,0.0002611285950653442,0.00153421838258505,0.07504363001745201,0.1620658949243099
Epidermis 1,tsc22d1,-3.6575322,-1.9832226,0.0002546552609168764,0.0014973948931466343,0.037521815008726006,0.12555654496883348
Epidermis 1,maco1,-3.6622748,-1.0348032,0.0002499853561738445,0.0014715215692121559,0.0968586387434555,0.18521816562778273
Epidermis 1,s1pr5,-3.6773362,-3.1715922,0.0002356822627855587,0.0013910799719349949,0.011343804537521814,0.1006233303650935
Epidermis 1,pfkfb1,-3.682047,-1.2110627,0.00023136880042135205,0.0013667294515415061,0.09511343804537521,0.18076580587711488
Epidermis 1,polr2f,-3.6845784,-1.0450418,0.00022908139825529234,0.0013543173100321686,0.09511343804537521,0.18432769367764915
Epidermis 1,rassf4,-3.687879,-1.0003159,0.00022613095630941713,0.001337599240343668,0.10732984293193717,0.195013357079252
Epidermis 1,taf1c,-3.6923976,-1.4178693,0.00022214980201396703,0.0013151195956990706,0.06282722513089005,0.15138023152270705
Epidermis 1,hspa9,-3.705376,-1.5384834,0.0002110773944564674,0.0012522892399223968,0.059336823734729496,0.14781834372217276
Epidermis 1,gnb4,-3.7069783,-1.3851658,0.00020974695162302796,0.0012447343571841429,0.06631762652705062,0.1549421193232413
Epidermis 1,slc19a2,-3.7220395,-1.8656619,0.0001976200375056895,0.001175965868124257,0.04363001745200698,0.13268032056990206
Epidermis 1,rpl36,-3.7302432,-1.051284,0.0001912950337920111,0.0011392600797967996,0.09598603839441536,0.1861086375779163
Epidermis 1,prrg1,-3.7355306,-1.6046275,0.00018731973484784411,0.0011171095747785752,0.05846422338568935,0.14692787177203917
Epidermis 1,rps28p9,-3.7517457,-1.3773452,0.00017560757337659652,0.001048408442859292,0.06457242582897033,0.1549421193232413
Epidermis 1,tmem39b,-3.7586675,-1.4010652,0.0001708206959561778,0.0010212269606739057,0.06544502617801047,0.1558325912733749
Epidermis 1,stn1,-3.7595007,-1.4652483,0.00017025284576387652,0.001018111084520019,0.06544502617801047,0.1549421193232413
Epidermis 1,pwp1,-3.7652688,-1.21228,0.00016637000295273796,0.0009968039084106797,0.08289703315881326,0.17275155832591274
Epidermis 1,rnf125,-3.7679605,-1.9475222,0.00016458666036724695,0.0009869319911716668,0.04363001745200698,0.13357079252003562
Epidermis 1,piwil2,-3.7838552,-1.32722,0.00015441772812701111,0.0009282504808428401,0.07504363001745201,0.1647373107747106
Epidermis 1,bccip,-3.786515,-1.4948423,0.0001527749420662819,0.0009193883096603247,0.05846422338568935,0.1495992876224399
Epidermis 1,foxm1,-3.79443,-1.1322355,0.00014798295955344655,0.0008920265636507617,0.08726003490401396,0.17898486197684774
Epidermis 1,septin5,-3.7966092,-1.4862157,0.00014668876630940638,0.0008844696241054314,0.06195462478184991,0.1522707034728406
Epidermis 1,dusp4,-3.8001661,-1.4193156,0.00014459905788314012,0.0008723516842875313,0.07155322862129145,0.1620658949243099
Epidermis 1,ints13,-3.8031785,-1.1499494,0.00014285134963228405,0.0008625233260448451,0.09424083769633508,0.1834372217275156
Epidermis 1,c1h12orf43,-3.8080814,-1.1595932,0.00014004915315256154,0.0008463064444591652,0.0924956369982548,0.182546749777382
Epidermis 1,map10,-3.8109014,-1.2842605,0.00013846097005864715,0.0008376370467562349,0.07940663176265271,0.170080142475512
Epidermis 1,mcrip1,-3.8155801,-1.6049125,0.00013586339499794344,0.0008226068652192352,0.053228621291448515,0.14514692787177205
Epidermis 1,gtf2e1,-3.8194256,-1.5600065,0.0001337628470848033,0.0008105634785441523,0.05235602094240838,0.14425645592163847
Epidermis 1,rae1,-3.825386,-1.2567306,0.00013056737154640825,0.0007916395150081063,0.07853403141361257,0.170080142475512
Epidermis 1,cep57l1,-3.8269563,-1.4958248,0.00012973760337264907,0.0007870459391700238,0.05846422338568935,0.15048975957257346
Epidermis 1,acot7,-3.83673,-2.7433298,0.0001246834146096965,0.0007574378591865779,0.017452006980802792,0.11041852181656278
Epidermis 1,tmem52,-3.8387167,-1.3982146,0.00012367896677042267,0.0007519639826964038,0.06631762652705062,0.1585040071237756
Epidermis 1,znf484,-3.8443568,-1.8152925,0.00012086903131480071,0.0007354944596542851,0.04712041884816754,0.13891362422083706
Epidermis 1,mdk,-3.848843,-1.1375704,0.00011867695298793821,0.0007229619740786711,0.09424083769633508,0.18521816562778273
Epidermis 1,vash2,-3.8513107,-2.48435,0.00011748734401918634,0.0007161148977214149,0.027050610820244327,0.11932324131789848
Epidermis 1,brix1,-3.8549318,-1.1666452,0.00011576189789020758,0.0007061896488292479,0.0968586387434555,0.18699910952804988
Epidermis 1,zfyve26,-3.86352,-1.5034907,0.0001117647568661834,0.0006823779405643502,0.06282722513089005,0.1549421193232413
Epidermis 1,exosc1,-3.8651862,-1.6797731,0.00011100442889016673,0.000678115241548804,0.053228621291448515,0.14514692787177205
Epidermis 1,uchl5,-3.8709223,-1.6509821,0.00010842428680632793,0.0006632818509674465,0.04886561954624782,0.14247551202137132
Epidermis 1,stx1a,-3.8736143,-1.5605042,0.00010723309799645026,0.0006563628138514842,0.06282722513089005,0.1549421193232413
Epidermis 1,focad,-3.8744473,-1.6500921,0.00010686690643259625,0.0006543049285257247,0.05410122164048865,0.14692787177203917
Epidermis 1,rpl15,-3.8816576,-1.1020048,0.0001037468629939342,0.0006357372359984943,0.10034904013961606,0.1923419412288513
Epidermis 1,hspbp1,-3.8831959,-1.2499435,0.0001030924747221653,0.0006320822958450039,0.08115183246073299,0.1745325022261799
Epidermis 1,lrriq1,-3.8853428,-1.4208958,0.0001021855691858047,0.0006268741369703245,0.08638743455497382,0.176313446126447
Epidermis 1,rbm8a,-3.8915918,-1.0763012,9.958872882517031e-05,0.0006116311994635636,0.10034904013961606,0.19412288512911843
Epidermis 1,nebl,-3.8956935,-2.199362,9.791814088255282e-05,0.0006017098710780583,0.034031413612565446,0.12733748886910062
Epidermis 1,tax1bp3,-3.8959498,-1.5377855,9.781461254819525e-05,0.0006012430029335686,0.055846422338568937,0.1495992876224399
Epidermis 1,map4,-3.9012375,-1.0514872,9.570224850284718e-05,0.0005887563474994723,0.11867364746945899,0.21015138023152272
Epidermis 1,pus1,-3.908736,-1.7829003,9.278028492651606e-05,0.0005711025662571247,0.04101221640488656,0.13624220837043632
Epidermis 1,inka1,-3.912165,-4.115737,9.147243248675806e-05,0.0005632110466403915,0.007853403141361256,0.10240427426536064
Epidermis 1,ccnd2,-3.9139915,-1.0567093,9.078285428692782e-05,0.0005592808197049836,0.10209424083769633,0.195013357079252
Epidermis 1,atp6v1al,-3.923509,-3.0088334,8.726853201162783e-05,0.0005385426009688153,0.017452006980802792,0.11219946571682991
Epidermis 1,cisd1,-3.9314241,-1.7451121,8.444414543691642e-05,0.0005218509480540791,0.04712041884816754,0.14158504007123776
Epidermis 1,ccndbp1,-3.939756,-1.1667763,8.156454670550547e-05,0.0005046271544260944,0.08289703315881326,0.17898486197684774
Epidermis 1,wdr62,-3.9419029,-1.0942636,8.083767923253655e-05,0.0005008401472269108,0.11082024432809773,0.20213713268032057
Epidermis 1,pop4,-3.9493694,-1.5818363,7.835730013838776e-05,0.00048657787317010797,0.0549738219895288,0.1495992876224399
Epidermis 1,ttc27,-3.9526381,-1.5611732,7.729426790555773e-05,0.0004802500626330226,0.06108202443280977,0.1558325912733749
Epidermis 1,sp5,-3.956003,-2.184157,7.621422196903736e-05,0.00047367432001890183,0.03315881326352531,0.12822796081923418
Epidermis 1,plppr3,-3.965969,-1.9678633,7.309834538425052e-05,0.00045521660805642995,0.04101221640488656,0.13624220837043632
Epidermis 1,cetn3,-3.9662576,-1.484909,7.300999464482022e-05,0.00045479620129735144,0.06195462478184991,0.15761353517364202
Epidermis 1,umps,-3.9890738,-1.7940754,6.633178897393736e-05,0.00041497304105512817,0.04537521815008726,0.14158504007123776
Epidermis 1,ptpru,-3.99215,-1.4453027,6.547689341093628e-05,0.00040985980812393587,0.07766143106457242,0.1709706144256456
Epidermis 1,LOC100487454,-4.0043592,-2.62544,6.218575457369048e-05,0.0003901539248282059,0.028795811518324606,0.1246660730186999
Epidermis 1,LOC100488834,-4.0050645,-3.0352552,6.200057961748582e-05,0.00038910401145618575,0.017452006980802792,0.11398040961709706
Epidermis 1,dmrt2,-4.0171137,-4.5743656,5.8915353499540106e-05,0.0003702741730165509,0.006108202443280977,0.10329474621549421
Epidermis 1,ppp1cc,-4.0265026,-1.2307953,5.6612567157406013e-05,0.00035610920378834147,0.07853403141361257,0.176313446126447
Epidermis 1,znf282,-4.0446725,-1.1218858,5.239631108737416e-05,0.0003300634827475726,0.10209424083769633,0.19768477292965272
Epidermis 1,polr2g,-4.0463066,-2.1225681,5.203202078113226e-05,0.0003278633339489134,0.03315881326352531,0.13089937666963491
Epidermis 1,LOC100488959,-4.051178,-1.4158673,5.096047685176993e-05,0.00032138975878106114,0.07155322862129145,0.16918967052537845
Epidermis 1,cops5,-4.0652137,-1.0240526,4.7988487152487256e-05,0.0003036117072062698,0.11867364746945899,0.21460373998219057
Epidermis 1,mettl1,-4.070565,-2.4070475,4.68992124026633e-05,0.000296978442785408,0.028795811518324606,0.12644701691896706
Epidermis 1,cct7,-4.075308,-1.051334,4.595350055032332e-05,0.000291243489836946,0.1099476439790576,0.20658949243098843
Epidermis 1,acsf2,-4.0757885,-1.6777295,4.585866724215597e-05,0.0002907268965401178,0.05235602094240838,0.15048975957257346
Epidermis 1,lrch2,-4.0903053,-1.7321349,4.308059934231547e-05,0.00027351229509708057,0.056719022687609075,0.15405164737310775
Epidermis 1,thoc3,-4.0931573,-1.4246978,4.255390160106049e-05,0.0002703256730237965,0.07329842931937172,0.1709706144256456
Epidermis 1,slc66a3,-4.0989256,-1.7780746,4.1507284138199345e-05,0.00026406135486287114,0.04799301919720768,0.14692787177203917
Epidermis 1,filip1l,-4.0999827,-1.7005643,4.131807301940846e-05,0.00026293428735972937,0.049738219895287955,0.14870881567230632
Epidermis 1,rwdd1,-4.114275,-1.1341614,3.883980082239427e-05,0.0002473798288807546,0.09598603839441536,0.195013357079252
Epidermis 1,cspg4,-4.130586,-1.1005492,3.618393710495025e-05,0.00023093585597166403,0.1055846422338569,0.20480854853072128
Epidermis 1,c22orf15,-4.1319323,-1.9298257,3.597266712352521e-05,0.00022965464286203735,0.04101221640488656,0.14069456812110417
Epidermis 1,riok2,-4.1329255,-1.8676834,3.581748164388663e-05,0.00022873083609928306,0.04799301919720768,0.14692787177203917
Epidermis 1,dhx35,-4.1369953,-1.3575084,3.518833361230704e-05,0.00022491055294497715,0.07504363001745201,0.1736420302760463
Epidermis 1,nedd9,-4.150871,-1.9376178,3.312125045446895e-05,0.00021200903671662273,0.04450261780104712,0.14425645592163847
Epidermis 1,slc7a7,-4.1533065,-1.3132193,3.277054932778117e-05,0.00020988733691855384,0.09336823734729494,0.19056099732858414
Epidermis 1,lpar4,-4.1561584,-2.408869,3.236434417212793e-05,0.00020734655143276673,0.027923211169284468,0.12822796081923418
Epidermis 1,fbxl13,-4.158113,-1.9117988,3.2088701729489324e-05,0.0002056409869131238,0.04450261780104712,0.14425645592163847
Epidermis 1,rps19bp1,-4.1680474,-1.142271,3.072202395099592e-05,0.00019705622711189947,0.10383944153577661,0.20213713268032057
Epidermis 1,dpysl3,-4.175674,-1.106203,2.971049642320998e-05,0.00019079244922038405,0.13787085514834205,0.23063223508459482
Epidermis 1,mrps15,-4.1775966,-1.2844468,2.9460531027576914e-05,0.00018924293422218307,0.08115183246073299,0.18165627782724844
Epidermis 1,nsun5,-4.1783657,-1.5454172,2.9361105652243395e-05,0.0001886598016600716,0.06544502617801047,0.16562778272484416
Epidermis 1,fscn1,-4.1890693,-1.0420678,2.801011823358173e-05,0.00018040401120867383,0.14834205933682373,0.2413178984861977
Epidermis 1,exosc3,-4.196119,-1.6536247,2.7152759288064602e-05,0.0001750887589907972,0.05235602094240838,0.15405164737310775
Epidermis 1,ubp1,-4.200253,-3.8389244,2.6661703005456543e-05,0.00017222765579694114,0.015706806282722512,0.11665182546749778
Epidermis 1,arhgef40,-4.202496,-1.0096301,2.6398785011068997e-05,0.00017063029849719686,0.15881326352530542,0.25289403383793413
Epidermis 1,LOC116407577,-4.20679,-1.3582407,2.590234732053902e-05,0.00016762014261016665,0.08202443280977312,0.18076580587711488
Epidermis 1,zfat,-4.2111163,-1.2796094,2.5411191496775835e-05,0.0001645393500448503,0.08551483420593368,0.18699910952804988
Epidermis 1,nup37,-4.211821,-1.4916723,2.5331995529913062e-05,0.00016407523729837725,0.06631762652705062,0.1674087266251113
Epidermis 1,LOC100145428,-4.213199,-2.0637772,2.5177880798748092e-05,0.00016317390463602084,0.04013961605584642,0.14158504007123776
Epidermis 1,uhrf2,-4.2338367,-1.7360501,2.2973805737224518e-05,0.00014928868820487676,0.055846422338568937,0.15672306322350846
Epidermis 1,kiaa1614,-4.240694,-1.9623617,2.228295915592357e-05,0.0001450153449869992,0.04450261780104712,0.1460373998219056
Epidermis 1,snrpg,-4.2450204,-1.1016992,2.1857364878754612e-05,0.00014233051597114426,0.10471204188481675,0.20658949243098843
Epidermis 1,LOC100495994,-4.2451806,-1.1925935,2.1841751683760544e-05,0.00014227130253472803,0.09947643979057591,0.19946571682991987
Epidermis 1,anos1,-4.245501,-1.9847703,2.1810557136043578e-05,0.00014211053068546043,0.04363001745200698,0.14514692787177205
Epidermis 1,srpk2,-4.2510448,-1.7672261,2.1277558268177817e-05,0.0001387205255362737,0.053228621291448515,0.1549421193232413
Epidermis 1,tcf7l2,-4.2516537,-1.3414083,2.1219782400120194e-05,0.00013838519777436423,0.08202443280977312,0.1834372217275156
Epidermis 1,LOC100127872,-4.2535763,-1.9878432,2.1038311192827445e-05,0.00013736594510433504,0.037521815008726006,0.14069456812110417
Epidermis 1,gnptg,-4.2718744,-1.4394155,1.93836821141155e-05,0.00012701841664027456,0.07068062827225131,0.1736420302760463
Epidermis 1,grwd1,-4.28293,-1.8252318,1.8444823319568973e-05,0.00012108438316976973,0.04799301919720768,0.15138023152270705
Epidermis 1,msh4,-4.284885,-1.2535286,1.8283394767573148e-05,0.00012006077557123492,0.09598603839441536,0.19679430097951914
Epidermis 1,LOC100486247,-4.2875447,-1.825581,1.806590648834484e-05,0.00011866831591877567,0.04886561954624782,0.1522707034728406
Epidermis 1,dhx33,-4.2903004,-1.5073141,1.7843158284152775e-05,0.00011727577015617401,0.06806282722513089,0.1709706144256456
Epidermis 1,men1,-4.3038235,-1.0384009,1.6787537113736456e-05,0.00011047070185731099,0.1273996509598604,0.22796081923419412
Epidermis 1,LOC100485051,-4.3141103,-2.6013105,1.6024704935566718e-05,0.0001055463587078181,0.02181500872600349,0.12644701691896706
Epidermis 1,pawr,-4.3145266,-1.7229247,1.599451843359016e-05,0.0001053793438222738,0.06108202443280977,0.16295636687444345
Epidermis 1,magi2,-4.316257,-2.0600398,1.5869707564365507e-05,0.00010458861031773474,0.0462478184991274,0.14870881567230632
Epidermis 1,dync2h1,-4.316994,-1.0015475,1.581682979295015e-05,0.00010427161417279917,0.15968586387434555,0.25467497773820125
Epidermis 1,gar1,-4.3262553,-1.1997662,1.5166560457951445e-05,0.00010010572164336313,0.09511343804537521,0.19857524487978628
Epidermis 1,mcoln1,-4.3299403,-1.3143071,1.4914959737109216e-05,9.85941643209513e-05,0.09075043630017451,0.1923419412288513
Epidermis 1,mettl2b,-4.3333373,-1.6016487,1.4686578407250504e-05,9.714332446941899e-05,0.06282722513089005,0.16651825467497774
Epidermis 1,myo5a,-4.349969,-1.3804882,1.361568265590573e-05,9.030632560319724e-05,0.08115183246073299,0.18521816562778273
Epidermis 1,znf229,-4.35625,-1.769803,1.3230976153589029e-05,8.778143224307273e-05,0.055846422338568937,0.15939447907390916
Epidermis 1,hepacam2,-4.35766,-3.1642692,1.314605012464753e-05,8.724451331202364e-05,0.020942408376963352,0.12555654496883348
Epidermis 1,boc,-4.3772073,-1.2131336,1.2020952070900543e-05,8.002110895031139e-05,0.08900523560209424,0.19412288512911843
Epidermis 1,rsph14,-4.3843217,-1.3739424,1.1634779666350193e-05,7.759245938246563e-05,0.09860383944153578,0.19946571682991987
Epidermis 1,eif6,-4.3882313,-1.5754864,1.1427630381553614e-05,7.625759099568239e-05,0.055846422338568937,0.1620658949243099
Epidermis 1,pno1,-4.3961463,-1.4950694,1.1018966768170698e-05,7.362059823890164e-05,0.06806282722513089,0.1736420302760463
Epidermis 1,LOC105945412,-4.420437,-1.2858326,9.850162455034433e-06,6.601363480691227e-05,0.09773123909249563,0.20213713268032057
Epidermis 1,snx27,-4.425564,-2.0379138,9.619063681831564e-06,6.452431251191102e-05,0.04363001745200698,0.1495992876224399
Epidermis 1,LOC116406464,-4.443061,-1.6642631,8.868810273522671e-06,5.954655660878098e-05,0.06719022687609075,0.17186108637577915
Epidermis 1,gask1a,-4.4499507,-1.9850483,8.589007197409705e-06,5.7738979067984335e-05,0.04799301919720768,0.15405164737310775
Epidermis 1,xkr5,-4.4506555,-1.2459134,8.560856800062696e-06,5.7585220787351446e-05,0.09075043630017451,0.19768477292965272
Epidermis 1,ccdc137,-4.4683766,-1.3428286,7.881544846940652e-06,5.3146844902686025e-05,0.08638743455497382,0.19323241317898487
Epidermis 1,sema4a,-4.470812,-1.3414333,7.79231475390519e-06,5.257764386053343e-05,0.09075043630017451,0.195013357079252
Epidermis 1,atp10a,-4.476965,-1.5325797,7.571173056503768e-06,5.110131990905311e-05,0.07242582897033159,0.17898486197684774
Epidermis 1,LOC100488540,-4.501608,-3.8215084,6.7441378819466966e-06,4.567468427124732e-05,0.010471204188481676,0.11932324131789848
Epidermis 1,rpusd4,-4.5021205,-1.488546,6.7278842547221534e-06,4.557875266137601e-05,0.06457242582897033,0.1736420302760463
Epidermis 1,sag,-4.5048122,-1.3416717,6.643165644045222e-06,4.501879426046919e-05,0.07940663176265271,0.18699910952804988
Epidermis 1,miip,-4.5086575,-1.0818698,6.523907452621749e-06,4.425184473847037e-05,0.11954624781849912,0.22617987533392697
Epidermis 1,pcgf6,-4.519553,-1.0678357,6.197030155820304e-06,4.2086957681342936e-05,0.1256544502617801,0.23330365093499555
Epidermis 1,atr,-4.523463,-1.3088479,6.08360606193488e-06,4.135525479049253e-05,0.0881326352530541,0.19679430097951914
Epidermis 1,kars1,-4.528526,-1.365889,5.939662526790382e-06,4.04271291319691e-05,0.08638743455497382,0.19412288512911843
Epidermis 1,imp4,-4.55554,-1.5142438,5.225115179071753e-06,3.5663821808734664e-05,0.06457242582897033,0.17542297417631345
Epidermis 1,cd99l2,-4.5621734,-2.4985502,5.062679083361245e-06,3.459840910680417e-05,0.027923211169284468,0.13802315227070347
Epidermis 1,cdk2,-4.567076,-1.1597049,4.945737502862453e-06,3.383101506268388e-05,0.1169284467713787,0.22439893143365983
Epidermis 1,lars2,-4.577139,-1.4196339,4.713790150605728e-06,3.2295012520052616e-05,0.0881326352530541,0.19590382902938558
Epidermis 1,satb1,-4.5855985,-1.6169004,4.52687468320288e-06,3.1072957679197876e-05,0.06893542757417102,0.17809439002671415
Epidermis 1,zfyve21,-4.5883865,-1.1762598,4.466848485650002e-06,3.067057923391085e-05,0.112565445026178,0.21994657168299198
Epidermis 1,isca1,-4.592104,-1.1344293,4.3879988054394305e-06,3.014814922339226e-05,0.12827225130890052,0.23330365093499555
Epidermis 1,c1orf112,-4.6174517,-1.5265254,3.884809437120408e-06,2.6749897989083125e-05,0.06806282722513089,0.17898486197684774
Epidermis 1,LOC100491051,-4.6259756,-1.7406008,3.728387688922888e-06,2.5705259955761875e-05,0.05148342059336824,0.163846838824577
Epidermis 1,plekhg4,-4.6279306,-1.0167472,3.6933772521656336e-06,2.547998261761185e-05,0.15270506108202445,0.25823686553873554
Epidermis 1,zfyve9,-4.6322565,-1.4249538,3.617012275081542e-06,2.4968941744560053e-05,0.08027923211169284,0.19056099732858414
Epidermis 1,parva,-4.6427674,-1.297419,3.4377292748476837e-06,2.3783985575919883e-05,0.1055846422338569,0.21193232413178986
Epidermis 1,mrpl13,-4.646421,-1.5872777,3.3774372782084895e-06,2.341139099357924e-05,0.07155322862129145,0.18165627782724844
Epidermis 1,dennd5b,-4.652221,-1.02333,3.283788567393588e-06,2.2783958769187756e-05,0.156195462478185,0.26090828138913624
Epidermis 1,LOC105945434,-4.654496,-1.2256283,3.24773779593893e-06,2.254816622500267e-05,0.1082024432809773,0.2163846838824577
Epidermis 1,ccdc82,-4.662796,-1.2211742,3.1194196295649114e-06,2.1684885548498227e-05,0.10732984293193717,0.21816562778272486
Epidermis 1,map2k4,-4.6743,-1.0531166,2.9495751180504017e-06,2.0536910865021637e-05,0.13699825479930192,0.24577025823686555
Epidermis 1,skor1,-4.6754217,-2.426628,2.933499507074434e-06,2.0431501035388195e-05,0.034904013961605584,0.14692787177203917
Epidermis 1,LOC101733652,-4.6836576,-1.1075678,2.8180069146184724e-06,1.965848110098775e-05,0.11605584642233857,0.22796081923419412
Epidermis 1,LOC116407528,-4.717337,-2.174827,2.3895143224191054e-06,1.6722768450772064e-05,0.04101221640488656,0.15405164737310775
Epidermis 1,nbn,-4.7402177,-1.5627524,2.13488776439788e-06,1.498886290441639e-05,0.07940663176265271,0.19056099732858414
Epidermis 1,batf2,-4.7450566,-1.1104072,2.0844815339256553e-06,1.4663272582782631e-05,0.13263525305410123,0.24220837043633126
Epidermis 1,c8orf76,-4.745826,-1.793408,2.076575974835706e-06,1.4612371604930648e-05,0.0549738219895288,0.16918967052537845
Epidermis 1,inpp5a.1,-4.765886,-1.033246,1.8802556107700139e-06,1.3278012195020219e-05,0.156195462478185,0.26447016918967053
Epidermis 1,c16orf71,-4.786587,-1.3538675,1.6964115659438512e-06,1.2022538740000252e-05,0.09598603839441536,0.20837043633125557
Epidermis 1,dnaaf5,-4.790529,-1.5373219,1.663422659261927e-06,1.1796407490332957e-05,0.07242582897033159,0.18699910952804988
Epidermis 1,LOC100488276,-4.7927723,-2.1935706,1.6449247110828052e-06,1.1672748597853785e-05,0.04363001745200698,0.15761353517364202
Epidermis 1,kiaa0753,-4.794663,-1.064926,1.6294872891354928e-06,1.1570791453376372e-05,0.13787085514834205,0.25022261798753337
Epidermis 1,colca2,-4.7986045,-4.669114,1.5977507368179757e-06,1.1349127222690444e-05,0.006980802792321117,0.12288512911843277
Epidermis 1,exosc9,-4.8205876,-1.705591,1.4313608060180813e-06,1.0183803113179183e-05,0.06282722513089005,0.17809439002671415
Epidermis 1,znf385b,-4.8257465,-1.250461,1.3947963849049134e-06,9.93013113050901e-06,0.13089005235602094,0.2413178984861977
Epidermis 1,bcam,-4.834335,-3.3109045,1.3359149753791324e-06,9.523358601028438e-06,0.015706806282722512,0.13268032056990206
Epidermis 1,clcn6,-4.834399,-1.1255672,1.335484681873794e-06,9.523358601028438e-06,0.12303664921465969,0.23686553873552982
Epidermis 1,b4galt5,-4.8432755,-1.747695,1.2771594402197916e-06,9.113438896349273e-06,0.06282722513089005,0.17898486197684774
Epidermis 1,chic2,-4.850614,-1.013036,1.2307987138624236e-06,8.799888183221476e-06,0.1387434554973822,0.25467497773820125
Epidermis 1,mmp14,-4.8607726,-1.363253,1.169286372381099e-06,8.382062395442827e-06,0.0881326352530541,0.20480854853072128
Epidermis 1,snca,-4.8623104,-3.2013075,1.1602339928640884e-06,8.322638382079972e-06,0.02443280977312391,0.14069456812110417
Epidermis 1,msh6,-4.8693924,-1.2275724,1.1194181030792407e-06,8.043076202598653e-06,0.1169284467713787,0.23241317898486197
Epidermis 1,jmy,-4.878878,-1.1245189,1.0669101620786291e-06,7.67338386510144e-06,0.13176265270506107,0.24577025823686555
Epidermis 1,cbx1,-4.8898053,-1.2008108,1.0093565951363702e-06,7.269033089924335e-06,0.10732984293193717,0.22439893143365983
Epidermis 1,ddhd1,-4.8921766,-1.3368034,9.972676640773642e-07,7.184343908165125e-06,0.10034904013961606,0.2163846838824577
Epidermis 1,c18orf21,-4.9143844,-1.2435147,8.906189568717437e-07,6.426652201685953e-06,0.10907504363001745,0.22350845948352627
Epidermis 1,mpdz,-4.924158,-1.3669554,8.472429468446675e-07,6.133937738253978e-06,0.10296684118673648,0.21816562778272486
Epidermis 1,zbtb47,-4.9344125,-1.5617325,8.03923014717559e-07,5.826105647343692e-06,0.07678883071553229,0.19412288512911843
Epidermis 1,rexo5,-4.941751,-1.2291666,7.742402871336623e-07,5.614721603703438e-06,0.11169284467713787,0.22796081923419412
Epidermis 1,snrnp25,-4.9687014,-1.3060583,6.740282448259282e-07,4.901023102414721e-06,0.09860383944153578,0.21816562778272486
Epidermis 1,st7l,-4.970015,-1.1197077,6.694768643350109e-07,4.869551552218091e-06,0.13699825479930192,0.25200356188780054
Epidermis 1,tgif1,-4.9703035,-1.5525274,6.684817523156687e-07,4.863934750676961e-06,0.07766143106457242,0.19590382902938558
Epidermis 1,dusp11,-4.9722905,-1.2017727,6.616651653344425e-07,4.815942485911564e-06,0.12216404886561955,0.2377560106856634
Epidermis 1,e2f5,-4.974694,-1.2752664,6.535087930501082e-07,4.758163287669807e-06,0.1143106457242583,0.2288512911843277
Epidermis 1,ccdc148,-4.9799814,-1.0094714,6.359044409801814e-07,4.6392747598223125e-06,0.17015706806282724,0.28227960819234194
Epidermis 1,shf,-4.983346,-1.1815728,6.249406006716458e-07,4.562338189112072e-06,0.12390924956369982,0.2404274265360641
Epidermis 1,fbxo10,-4.9895306,-1.9684718,6.052614134370717e-07,4.421630164918092e-06,0.0549738219895288,0.1736420302760463
Epidermis 1,zbtb8os,-4.989659,-1.6201744,6.048599411543396e-07,4.420177085039801e-06,0.07417102966841187,0.19323241317898487
Epidermis 1,nup85,-4.999753,-1.5159205,5.740373755267781e-07,4.2019689940858186e-06,0.07766143106457242,0.19768477292965272
Epidermis 1,naa10,-5.0013876,-1.2620233,5.691916673966359e-07,4.169295526774754e-06,0.1099476439790576,0.22707034728406056
Epidermis 1,rfwd3,-5.0033746,-1.6682566,5.633539029099559e-07,4.129306521799848e-06,0.06457242582897033,0.18521816562778273
Epidermis 1,lpp,-5.0069633,-1.3888979,5.529542637749771e-07,4.057167111578269e-06,0.1012216404886562,0.2163846838824577
Epidermis 1,slc43a2,-5.016417,-1.4793264,5.264405173448124e-07,3.865228307194196e-06,0.0881326352530541,0.20658949243098843
Epidermis 1,ddx24,-5.018852,-1.5495731,5.198110249760893e-07,3.817837891620075e-06,0.07329842931937172,0.19412288512911843
Epidermis 1,etfa,-5.0210953,-1.4157245,5.137761889661028e-07,3.7747845856664406e-06,0.0924956369982548,0.21104185218165628
Epidermis 1,znf276,-5.0260305,-1.0161718,5.007364437682156e-07,3.683941314722263e-06,0.15532286212914484,0.27070347284060553
Epidermis 1,smpd4,-5.042598,-1.239644,4.592536458423176e-07,3.387888372523736e-06,0.1143106457242583,0.23241317898486197
Epidermis 1,caskin2,-5.0465393,-1.0993298,4.498839496755872e-07,3.319890992854578e-06,0.13350785340314136,0.25289403383793413
Epidermis 1,rpl12,-5.0769186,-1.0308435,3.8360529045718057e-07,2.838471021724699e-06,0.15095986038394416,0.26892252894033836
Epidermis 1,hlcs,-5.1157575,-1.5571529,3.124842860068935e-07,2.3185037759117384e-06,0.08115183246073299,0.20302760463045413
Epidermis 1,LOC116411661,-5.1201158,-1.2273911,3.053482715972603e-07,2.26632810698089e-06,0.12390924956369982,0.2439893143365984
Epidermis 1,c12orf10,-5.1258516,-1.9935812,2.9619550417379116e-07,2.1998917959755946e-06,0.053228621291448515,0.17542297417631345
Epidermis 1,ngfr,-5.1271014,-3.8670487,2.9423676938573716e-07,2.1860880302234152e-06,0.011343804537521814,0.13535173642030277
Epidermis 1,mgmt,-5.129569,-1.2260194,2.9040618514729924e-07,2.1598341397747843e-06,0.12478184991273997,0.24487978628673196
Epidermis 1,zbtb17,-5.132806,-1.1597297,2.854546048129345e-07,2.1237316507408946e-06,0.12303664921465969,0.24487978628673196
Epidermis 1,LOC100490302,-5.134504,-1.5311893,2.828889699665857e-07,2.105361600832492e-06,0.08726003490401396,0.20837043633125557
Epidermis 1,pus7l,-5.1405926,-1.5333298,2.7387316857187097e-07,2.0403504306612485e-06,0.08289703315881326,0.20480854853072128
Epidermis 1,fnta,-5.1410413,-1.9139571,2.7321993798278124e-07,2.036179052842305e-06,0.05846422338568935,0.1798753339269813
Epidermis 1,pgrmc2,-5.173407,-1.0830387,2.298633478166942e-07,1.7189335547320371e-06,0.14485165794066318,0.26714158504007124
Epidermis 1,mthfd2,-5.1769643,-1.3052865,2.2552546031158025e-07,1.6888095639873002e-06,0.10907504363001745,0.23063223508459482
Epidermis 1,hipk2,-5.1777654,-1.0637609,2.2455942930678516e-07,1.6821528688305388e-06,0.1544502617801047,0.27337488869100623
Epidermis 1,eef2kmt,-5.17847,-1.1909218,2.2371263042495817e-07,1.6769609441782936e-06,0.13176265270506107,0.25111308993766696
Epidermis 1,LOC105945441,-5.179079,-1.2582669,2.2298378787345633e-07,1.6726466948046373e-06,0.11082024432809773,0.2341941228851291
Epidermis 1,ier5l,-5.1843667,-2.2028716,2.16750110816213e-07,1.6270052177917384e-06,0.04275741710296684,0.1674087266251113
Epidermis 1,tubgcp6,-5.187315,-1.4762444,2.1334784100406035e-07,1.6025691010497765e-06,0.09075043630017451,0.21282279608192342
Epidermis 1,stard7,-5.1882443,-1.6439399,2.122861258163115e-07,1.5951430962251147e-06,0.07155322862129145,0.19679430097951914
Epidermis 1,cdan1,-5.1883082,-1.3647364,2.122130925900371e-07,1.5951430962251147e-06,0.10034904013961606,0.22350845948352627
Epidermis 1,trim9,-5.1975055,-2.4563758,2.01980781983131e-07,1.5208497735175646e-06,0.03664921465968586,0.1611754229741763
Epidermis 1,ccdc12,-5.2045875,-1.0480037,1.9442817426801033e-07,1.4665112999316463e-06,0.15968586387434555,0.27960819234194123
Epidermis 1,rab34,-5.205517,-1.8311522,1.9345760178376154e-07,1.4602000444564027e-06,0.06108202443280977,0.1861086375779163
Epidermis 1,ccdc88a,-5.210099,-1.3258513,1.8873975215919003e-07,1.426563952845752e-06,0.12303664921465969,0.2413178984861977
Epidermis 1,ltv1,-5.211605,-2.2925005,1.8721355843838226e-07,1.4165003670887446e-06,0.038394415357766144,0.163846838824577
Epidermis 1,hnrnpr,-5.222276,-1.5011606,1.7673691629997438e-07,1.3404853147659857e-06,0.08027923211169284,0.20569902048085487
Epidermis 1,c3orf67,-5.2224045,-3.176488,1.76614583306214e-07,1.3400232344662362e-06,0.02006980802792321,0.1460373998219056
Epidermis 1,hps3,-5.2351584,-1.337308,1.64843226744638e-07,1.252888906581242e-06,0.11169284467713787,0.23330365093499555
Epidermis 1,paox,-5.242657,-1.4373012,1.5828039605035997e-07,1.2046866139570648e-06,0.10209424083769633,0.22350845948352627
Epidermis 1,bmpr1b,-5.2461824,-1.1505748,1.5528330552120489e-07,1.1835267236389144e-06,0.16055846422338568,0.27960819234194123
Epidermis 1,apex1,-5.2556996,-1.1461756,1.4746272355793883e-07,1.1266751018059465e-06,0.156195462478185,0.27337488869100623
Epidermis 1,rapsn,-5.263006,-1.0837518,1.4171889703681943e-07,1.0846888994179015e-06,0.13176265270506107,0.2591273374888691
Epidermis 1,snap91,-5.264448,-1.4382099,1.406111032024059e-07,1.076587678238491e-06,0.09860383944153578,0.22350845948352627
Epidermis 1,hyal2,-5.272139,-1.6423403,1.3484288347355922e-07,1.0338744062812847e-06,0.07242582897033159,0.19857524487978628
Epidermis 1,gpr161,-5.279798,-1.4506378,1.2932648690485932e-07,9.929744091312229e-07,0.09075043630017451,0.2163846838824577
Epidermis 1,ogfod1,-5.279926,-1.4726467,1.292360460833121e-07,9.926292719408495e-07,0.09162303664921466,0.2163846838824577
Epidermis 1,elovl6,-5.2833867,-2.0163193,1.2681714296462402e-07,9.747364834910392e-07,0.0549738219895288,0.18076580587711488
Epidermis 1,hmg20a,-5.284701,-1.4269701,1.2591037495937236e-07,9.68449168836258e-07,0.09598603839441536,0.22083704363312556
Epidermis 1,atrip,-5.285438,-1.8636377,1.2540444997993392e-07,9.652382726674209e-07,0.059336823734729496,0.1861086375779163
Epidermis 1,tcf4,-5.2930965,-1.2086574,1.2026229355131665e-07,9.263125688610239e-07,0.13350785340314136,0.25467497773820125
Epidermis 1,skp2,-5.3061714,-1.1437445,1.1195181455543809e-07,8.641317811864925e-07,0.1273996509598604,0.25467497773820125
Epidermis 1,hydin,-5.337063,-1.1727352,9.446424595080836e-08,7.309589754938259e-07,0.1457242582897033,0.26892252894033836
Epidermis 1,gpam,-5.337864,-2.0443435,9.404791081945373e-08,7.279955523204327e-07,0.0506108202443281,0.17809439002671415
Epidermis 1,mms22l,-5.3395624,-1.5907199,9.317114685528626e-08,7.214647251700503e-07,0.09424083769633508,0.21905609973285842
Epidermis 1,cct8,-5.3457475,-1.865293,9.004478288298693e-08,6.984952745430707e-07,0.060209424083769635,0.188780053428317
Epidermis 1,surf2,-5.3506823,-1.5929059,8.762325853660157e-08,6.801946369716053e-07,0.08115183246073299,0.20747996438112198
Epidermis 1,btf3l4,-5.358021,-1.1877207,8.413862969039121e-08,6.540751829262652e-07,0.1300174520069808,0.25556544968833483
Epidermis 1,usp28,-5.3585973,-1.4774287,8.387049038779572e-08,6.522230829480008e-07,0.09598603839441536,0.22172751558325912
Epidermis 1,prps1,-5.3672495,-1.7482326,7.994633553018011e-08,6.221501382325465e-07,0.06893542757417102,0.19768477292965272
Epidermis 1,twnk,-5.3677306,-1.7141588,7.973362161106963e-08,6.207161459775777e-07,0.06806282722513089,0.19679430097951914
Epidermis 1,ccdc14,-5.3823433,-1.1564678,7.352245893401687e-08,5.735908388985278e-07,0.13176265270506107,0.26001780943900266
Epidermis 1,elp1,-5.385291,-1.0983684,7.23274278945475e-08,5.646714862565011e-07,0.15357766143106458,0.2778272484416741
Epidermis 1,nup160,-5.3853235,-1.5634246,7.231454236250324e-08,5.646714862565011e-07,0.08202443280977312,0.21015138023152272
Epidermis 1,abca1,-5.392085,-2.2040834,6.964485129929234e-08,5.44117543931922e-07,0.04275741710296684,0.17275155832591274
Epidermis 1,ptpra,-5.394969,-1.0786948,6.853539487935935e-08,5.358333399005734e-07,0.14834205933682373,0.27604630454140694
Epidermis 1,peli2,-5.403621,-1.1095561,6.530878137997524e-08,5.11522942746748e-07,0.15794066317626526,0.27871772039180764
Epidermis 1,inppl1,-5.407114,-1.0051554,6.404831803209971e-08,5.020109007824885e-07,0.1849912739965096,0.3045414069456812
Epidermis 1,mre11,-5.419035,-1.9596376,5.992156801366073e-08,4.70172073220457e-07,0.05846422338568935,0.18788958147818344
Epidermis 1,rpf2,-5.420413,-1.2772686,5.9461501768284066e-08,4.6673001082220375e-07,0.11780104712041885,0.24487978628673196
Epidermis 1,rims2,-5.424579,-1.3057,5.8091323402519395e-08,4.566321210253515e-07,0.12827225130890052,0.25289403383793413
Epidermis 1,zgrf1,-5.4273987,-1.0891668,5.718123579981874e-08,4.4964026896859267e-07,0.17277486910994763,0.2929652715939448
Epidermis 1,smn1,-5.4298024,-1.3905035,5.6416511689588224e-08,4.439468812039324e-07,0.0968586387434555,0.22707034728406056
Epidermis 1,terf1,-5.4384546,-1.7264595,5.3744712292912487e-08,4.233802768749615e-07,0.07155322862129145,0.201246660730187
Epidermis 1,naa16,-5.4405055,-1.0249507,5.312960967558036e-08,4.1883714332761527e-07,0.16230366492146597,0.28851291184327693
Epidermis 1,LOC100492268,-5.444287,-1.6010083,5.201335289184539e-08,4.1033382988176364e-07,0.08027923211169284,0.21015138023152272
Epidermis 1,rpl8,-5.460438,-1.1065733,4.7496215231541376e-08,3.7537664345072954e-07,0.14921465968586387,0.2769367764915405
Epidermis 1,rrn3,-5.4621363,-1.0522301,4.7043917569065226e-08,3.7220642685807553e-07,0.16841186736474695,0.2929652715939448
Epidermis 1,uri1,-5.464892,-1.3169023,4.6318870955523764e-08,3.667358792164311e-07,0.12041884816753927,0.2466607301869991
Epidermis 1,npm3,-5.471269,-1.7924393,4.4682438321257194e-08,3.539076176436128e-07,0.07068062827225131,0.19946571682991987
Epidermis 1,dhrsx,-5.4713974,-1.0347711,4.465012680487246e-08,3.537801078464495e-07,0.2268760907504363,0.340160284951024
Epidermis 1,pak1ip1,-5.4722304,-1.5869921,4.4440653433637934e-08,3.522482740920499e-07,0.07766143106457242,0.20926090828138913
Epidermis 1,pappa,-5.475371,-1.1018746,4.36596299793768e-08,3.464351948290841e-07,0.1849912739965096,0.3018699910952805
Epidermis 1,pxn,-5.5061026,-1.200607,3.6686524581098467e-08,2.9216666163655094e-07,0.12478184991273997,0.25645592163846836
Epidermis 1,drg2,-5.507865,-1.2955527,3.63212040582924e-08,2.894685879313362e-07,0.1143106457242583,0.24487978628673196
Epidermis 1,jade2,-5.516389,-1.6602403,3.46035990079354e-08,2.762836545252287e-07,0.07940663176265271,0.21104185218165628
Epidermis 1,rasal1,-5.517382,-2.5655415,3.440862870865442e-08,2.7482821634390487e-07,0.041884816753926704,0.17275155832591274
Epidermis 1,LOC100485259,-5.523439,-3.5118701,3.3242788060542964e-08,2.658083101022748e-07,0.01832460732984293,0.15138023152270705
Epidermis 1,mfap2,-5.526483,-2.012446,3.267134591643509e-08,2.6152657345654075e-07,0.056719022687609075,0.188780053428317
Epidermis 1,sdc2,-5.5557084,-1.7807242,2.7648775153976352e-08,2.2221875603496057e-07,0.06195462478184991,0.19590382902938558
Epidermis 1,tulp3,-5.557952,-2.2199364,2.7295872272673568e-08,2.194632383426713e-07,0.04450261780104712,0.17809439002671415
Epidermis 1,tsr2,-5.5727887,-1.6399361,2.5069339098235698e-08,2.0185905847328456e-07,0.07329842931937172,0.20837043633125557
Epidermis 1,cct3,-5.5772433,-1.650738,2.4436022997784687e-08,1.969411590149714e-07,0.07940663176265271,0.21193232413178986
Epidermis 1,dph1,-5.5895805,-1.4535464,2.2761869250717756e-08,1.8368592785499712e-07,0.112565445026178,0.2413178984861977
Epidermis 1,tango6,-5.5945797,-1.4807174,2.2115688160356056e-08,1.7860341648672446e-07,0.09336823734729494,0.22617987533392697
Epidermis 1,ddx55,-5.5965023,-1.4351847,2.187192871376165e-08,1.7670024304442536e-07,0.10645724258289703,0.23597506678539626
Epidermis 1,gkap1,-5.611724,-1.1048334,2.0032080324498527e-08,1.6207639034515474e-07,0.15881326352530542,0.2867319679430098
Epidermis 1,rps23,-5.6347003,-1.1645136,1.7536282357946584e-08,1.4219963483194068e-07,0.13263525305410123,0.26714158504007124
Epidermis 1,clic4,-5.637809,-1.5248725,1.722274697345236e-08,1.398130809924494e-07,0.10296684118673648,0.2350845948352627
Epidermis 1,lbhd1,-5.640629,-2.1205604,1.6943017069592207e-08,1.3759344081710888e-07,0.053228621291448515,0.18788958147818344
Epidermis 1,arl5c,-5.670047,-1.6972992,1.4275871102968447e-08,1.1627987433291321e-07,0.08115183246073299,0.21549421193232413
Epidermis 1,mrpl12,-5.6778336,-1.3693259,1.364113162081868e-08,1.1123435467036039e-07,0.11082024432809773,0.24487978628673196
Epidermis 1,slit1,-5.6843066,-2.246892,1.3134433438959301e-08,1.0722277294108901e-07,0.06631762652705062,0.19857524487978628
Epidermis 1,LOC116412401,-5.684595,-2.4584324,1.3112288572643929e-08,1.0708205424538293e-07,0.03664921465968586,0.1736420302760463
Epidermis 1,e2f6,-5.6846595,-1.9783486,1.3107372419699727e-08,1.070819818683144e-07,0.053228621291448515,0.19056099732858414
Epidermis 1,mamdc2,-5.6861973,-2.6676064,1.2989920536743095e-08,1.061621932705135e-07,0.034904013961605584,0.1709706144256456
Epidermis 1,lrrc75a,-5.6968684,-1.8348783,1.2202793290811827e-08,9.984145196805582e-08,0.06719022687609075,0.20391807658058772
Epidermis 1,crkl,-5.716096,-1.4237477,1.0899931070663599e-08,8.934913444513539e-08,0.11169284467713787,0.24577025823686555
Epidermis 1,ipo8,-5.721191,-1.4514806,1.0577989596071008e-08,8.680793944184486e-08,0.10209424083769633,0.23686553873552982
Epidermis 1,epb41l3,-5.7229533,-1.4385934,1.0468792520102568e-08,8.594413904482999e-08,0.10471204188481675,0.23953695458593055
Epidermis 1,dis3l,-5.7371497,-1.649107,9.628320148833489e-09,7.92230671069742e-08,0.09075043630017451,0.22617987533392697
Epidermis 1,znf577,-5.7420845,-1.356788,9.351807876523569e-09,7.71223732704538e-08,0.11082024432809773,0.2466607301869991
Epidermis 1,letm1,-5.745866,-1.1378433,9.145173665313813e-09,7.553248847494804e-08,0.156195462478185,0.28851291184327693
Epidermis 1,riox1,-5.7551913,-1.8422344,8.65438061735594e-09,7.156015136465478e-08,0.06806282722513089,0.20569902048085487
Epidermis 1,nop16,-5.7737136,-1.5316185,7.754329171026922e-09,6.428845624657238e-08,0.08726003490401396,0.2252894033837934
Epidermis 1,gars1,-5.7844806,-1.6007788,7.273669771709636e-09,6.039526182970927e-08,0.08987783595113438,0.22707034728406056
Epidermis 1,ccdc150,-5.80233,-1.6456103,6.539971762421604e-09,5.44689785602297e-08,0.08726003490401396,0.22439893143365983
Epidermis 1,ppp4r1l,-5.8043165,-1.4905821,6.46290043294202e-09,5.3847632816810926e-08,0.09162303664921466,0.23063223508459482
Epidermis 1,xxylt1,-5.8283186,-1.3304048,5.598856763842506e-09,4.6719943955566855e-08,0.11867364746945899,0.25645592163846836
Epidermis 1,crebrf,-5.828607,-2.6702077,5.589190836832647e-09,4.6657128251922415e-08,0.03228621291448516,0.17275155832591274
Epidermis 1,tdrd7,-5.833863,-1.1810203,5.415873049633268e-09,4.5279603760937754e-08,0.16928446771378708,0.29741763134461263
Epidermis 1,rpl7,-5.834696,-1.1678168,5.3888804380224366e-09,4.507119970796765e-08,0.15008726003490402,0.2858414959928762
Epidermis 1,nip7,-5.845623,-1.9758234,5.046751349322193e-09,4.22745340474317e-08,0.06195462478184991,0.201246660730187
Epidermis 1,sh2b3,-5.8477063,-1.6621557,4.9839785686902766e-09,4.178078999131407e-08,0.08289703315881326,0.22083704363312556
Epidermis 1,rnf13,-5.8503017,-1.0125966,4.906816589116734e-09,4.118140184273702e-08,0.1736474694589878,0.3116651825467498
Epidermis 1,tns1,-5.8536344,-1.3951206,4.809447125194331e-09,4.041083778161937e-08,0.1431064572425829,0.27248441674087265
Epidermis 1,smad4.2,-5.8552046,-1.1366657,4.764225240714061e-09,4.004628620093279e-08,0.15706806282722513,0.2929652715939448
Epidermis 1,camsap2,-5.860172,-1.4965115,4.623884193206742e-09,3.8911599298096536e-08,0.10209424083769633,0.2404274265360641
Epidermis 1,kiaa1958,-5.8678308,-1.6120076,4.41533767309923e-09,3.7228393881259e-08,0.08638743455497382,0.22617987533392697
Epidermis 1,cerk,-5.877829,-1.4784213,4.1568235494911975e-09,3.510295923895024e-08,0.11518324607329843,0.25111308993766696
Epidermis 1,smad9,-5.8805847,-2.244902,4.088196002253107e-09,3.453678860439994e-08,0.041884816753926704,0.18432769367764915
Epidermis 1,mindy4,-5.8923774,-1.4715209,3.806783821723096e-09,3.220931747724687e-08,0.112565445026178,0.25022261798753337
Epidermis 1,greb1,-5.9137516,-1.0392355,3.344018131462917e-09,2.8415038803213516e-08,0.26788830715532286,0.383793410507569
Epidermis 1,c2cd2l,-5.915514,-1.1950942,3.3084030790448247e-09,2.8134319402898333e-08,0.14921465968586387,0.2840605520926091
Epidermis 1,mab21l3,-5.9334598,-2.7225394,2.9661693263756627e-09,2.5253523554757445e-08,0.03315881326352531,0.17542297417631345
Epidermis 1,LOC116406439,-5.9409585,-2.2339535,2.8336075594059946e-09,2.4153183810077426e-08,0.04712041884816754,0.18967052537845058
Epidermis 1,nhp2,-5.94349,-1.0362195,2.7901703658482274e-09,2.3801527581381616e-08,0.18673647469458987,0.3232413178984862
Epidermis 1,trmt61a,-5.9581985,-2.3673866,2.5503334706559337e-09,2.182385359340515e-08,0.041884816753926704,0.18521816562778273
Epidermis 1,zfhx4,-5.9614673,-1.3247272,2.499829299448191e-09,2.1400068710576292e-08,0.1474694589877836,0.2804986642920748
Epidermis 1,urb2,-5.9753428,-1.5976754,2.2960662213712153e-09,1.969436360713101e-08,0.07940663176265271,0.22439893143365983
Epidermis 1,cnnm3,-5.97608,-1.045604,2.285707761683291e-09,1.9620939837801375e-08,0.18150087260034903,0.3161175422974176
Epidermis 1,dars2,-5.9787397,-2.0446925,2.248704399925471e-09,1.9318495555422718e-08,0.05759162303664921,0.20035618878005343
Epidermis 1,nudt21,-5.981496,-1.4709628,2.210979260059296e-09,1.9009368965230065e-08,0.09773123909249563,0.2404274265360641
Epidermis 1,myb,-5.983354,-1.9834517,2.185885579637214e-09,1.8801028471921025e-08,0.07242582897033159,0.21460373998219057
Epidermis 1,pacs2,-6.019726,-1.0150118,1.7471275296691965e-09,1.509266422205524e-08,0.20157068062827224,0.3374888691006233
Epidermis 1,eif1ax,-6.028538,-1.0875187,1.6544918712148963e-09,1.4303750840641938e-08,0.17452006980802792,0.3098842386464826
Epidermis 1,tmem19,-6.0440483,-1.4599599,1.5029451203723812e-09,1.3019359059803784e-08,0.10907504363001745,0.25200356188780054
Epidermis 1,c1orf35,-6.053085,-1.9785976,1.420977754811151e-09,1.2333792994325427e-08,0.06631762652705062,0.21015138023152272
Epidermis 1,nasp,-6.0568023,-1.0235463,1.388540372801282e-09,1.2061838962936613e-08,0.19284467713787085,0.3330365093499555
Epidermis 1,tasp1,-6.065134,-1.1931417,1.3184357009263061e-09,1.1480281496373873e-08,0.1649214659685864,0.3018699910952805
Epidermis 1,ncbp2,-6.107146,-1.1004955,1.014286802616464e-09,8.874399486725686e-09,0.17015706806282724,0.3116651825467498
Epidermis 1,rasa3,-6.1091323,-1.1019089,1.0017416858491047e-09,8.768152959050667e-09,0.17277486910994763,0.31522707034728403
Epidermis 1,ccnq,-6.1132665,-1.0982933,9.76122749376517e-10,8.554206632186737e-09,0.1649214659685864,0.3081032947462155
Epidermis 1,mettl16,-6.115862,-1.2820146,9.603641776230738e-10,8.419488437088425e-09,0.14136125654450263,0.28227960819234194
Epidermis 1,nckap5l,-6.1346726,-1.5229198,8.53347379141664e-10,7.490302960679909e-09,0.1055846422338569,0.25022261798753337
Epidermis 1,LOC105945411,-6.1510158,-1.212099,7.698826186000556e-10,6.787720654736086e-09,0.15270506108202445,0.29385574354407834
Epidermis 1,taf1a,-6.1691213,-1.9039648,6.867048415683821e-10,6.069091270904684e-09,0.07155322862129145,0.21816562778272486
Epidermis 1,lims1,-6.171365,-1.1701051,6.770309943705254e-10,5.9860183663530115e-09,0.1518324607329843,0.2965271593944791
Epidermis 1,niban2,-6.186522,-1.651919,6.150608091794313e-10,5.446932596227423e-09,0.10209424083769633,0.24577025823686555
Epidermis 1,nudc,-6.197578,-1.0942057,5.733872817121355e-10,5.0799366115471e-09,0.18411867364746945,0.3232413178984862
Epidermis 1,twistnb,-6.23725,-2.4817698,4.453302602490181e-10,3.9598824812118275e-09,0.038394415357766144,0.188780053428317
Epidermis 1,polr3k,-6.2393007,-1.6450843,4.395310460310532e-10,3.911503652301636e-09,0.0924956369982548,0.23953695458593055
Epidermis 1,eif4ebp2,-6.2635593,-1.5019304,3.762882812626569e-10,3.359650812370064e-09,0.10383944153577661,0.25289403383793413
Epidermis 1,jrk,-6.2752876,-1.2098086,3.489881924816351e-10,3.122292475662878e-09,0.15008726003490402,0.2956366874443455
Epidermis 1,large2,-6.2856703,-2.7520616,3.2644169913698906e-10,2.922972637204858e-09,0.034031413612565446,0.18521816562778273
Epidermis 1,LOC549154,-6.28676,-1.2939327,3.2415985550007216e-10,2.9049249309515706e-09,0.14223385689354276,0.2867319679430098
Epidermis 1,trmt44,-6.2968545,-1.6037583,3.037464848607232e-10,2.7287163631724337e-09,0.09075043630017451,0.2413178984861977
Epidermis 1,gls,-6.305891,-1.0309371,2.8654041717017065e-10,2.5762663547879248e-09,0.24171029668411867,0.3757791629563669
Epidermis 1,tbrg4,-6.3101854,-1.0654924,2.7870174632683435e-10,2.506822261581967e-09,0.18586387434554974,0.3312555654496883
Epidermis 1,rnf20,-6.3106337,-1.099671,2.7789496619194126e-10,2.5005963122780824e-09,0.17888307155322863,0.3241317898486198
Epidermis 1,pus7,-6.314896,-1.0902326,2.703434310327383e-10,2.4356581373102322e-09,0.20506108202443282,0.3419412288512912
Epidermis 1,pias2,-6.31512,-1.4402689,2.699515827676294e-10,2.4331323781794467e-09,0.11082024432809773,0.26179875333926983
Epidermis 1,ddx20,-6.3238688,-1.5382801,2.550946931265486e-10,2.3020766330498e-09,0.1012216404886562,0.25111308993766696
Epidermis 1,shkbp1,-6.326977,-1.0064728,2.5001062174639703e-10,2.2571294071692714e-09,0.21291448516579406,0.3535173642030276
Epidermis 1,rnf113a,-6.329092,-1.0748508,2.4660807491962513e-10,2.228254576737532e-09,0.1849912739965096,0.333926981300089
Epidermis 1,utp15,-6.3384814,-1.2387657,2.3204102441905394e-10,2.099240130119476e-09,0.14397905759162305,0.2920747996438112
Epidermis 1,LOC100488689,-6.3504343,-1.5357785,2.1470801999727575e-10,1.94485002256561e-09,0.10296684118673648,0.25378450578806766
Epidermis 1,LOC100492173,-6.361682,-1.1577646,1.9955608018935784e-10,1.8106084099010303e-09,0.15706806282722513,0.30632235084594833
Epidermis 1,fam117b,-6.37293,-1.1031629,1.8545045652984935e-10,1.6868338524126063e-09,0.2006980802792321,0.3419412288512912
Epidermis 1,rbbp7,-6.3831205,-1.1997223,1.7351525437096807e-10,1.5795896393946158e-09,0.15008726003490402,0.30365093499554763
Epidermis 1,rpl26,-6.4085965,-1.0358658,1.4686522627669825e-10,1.3392169254424708e-09,0.20767888307155322,0.352626892252894
Epidermis 1,mphosph9,-6.4333997,-1.0568341,1.24780933449845e-10,1.141653982729169e-09,0.21465968586387435,0.352626892252894
Epidermis 1,mmp3,-6.449647,-1.6153105,1.1211117355190817e-10,1.0278898815446168e-09,0.1099476439790576,0.25823686553873554
Epidermis 1,tomm40,-6.454678,-1.6442035,1.0844934738602897e-10,9.955713964284973e-10,0.09336823734729494,0.24577025823686555
Epidermis 1,zcchc7,-6.4570494,-1.3521609,1.0676418812133291e-10,9.80514035772561e-10,0.13525305410122165,0.28495102404274264
Epidermis 1,vbp1,-6.4587154,-1.3812327,1.0559536383064418e-10,9.70187972273047e-10,0.13089005235602094,0.28138913624220835
Epidermis 1,stmn1,-6.4649324,-2.3690498,1.013441196857711e-10,9.323060858613875e-10,0.04450261780104712,0.20035618878005343
Epidermis 1,ddx51,-6.4784236,-1.3808142,9.268591261623541e-11,8.540959878373619e-10,0.13525305410122165,0.2840605520926091
Epidermis 1,noc4l,-6.4820766,-1.2149999,9.04686504457488e-11,8.340162320983035e-10,0.16055846422338568,0.3098842386464826
Epidermis 1,yaf2,-6.483679,-1.228993,8.951260747387119e-11,8.259004683667413e-10,0.16230366492146597,0.3098842386464826
Epidermis 1,whamm,-6.4853134,-1.0351655,8.854762188263183e-11,8.176883864159582e-10,0.19546247818499127,0.3481745325022262
Epidermis 1,LOC100488737,-6.4948626,-1.0075781,8.310913430935259e-11,7.687683000272924e-10,0.2164048865619546,0.3597506678539626
Epidermis 1,atp6v1h,-6.507841,-3.2921648,7.623847232420333e-11,7.061119289416133e-10,0.02443280977312391,0.18076580587711488
Epidermis 1,epn2,-6.5113983,-1.5515872,7.445448606584204e-11,6.898816732240931e-10,0.10034904013961606,0.25556544968833483
Epidermis 1,rbm42,-6.514186,-1.0563558,7.308482530041444e-11,6.77478323228693e-10,0.18760907504363003,0.3383793410507569
Epidermis 1,paics.1,-6.515692,-1.9722781,7.235517686491697e-11,6.709997086142597e-10,0.06631762652705062,0.2226179875333927
Epidermis 1,dlgap4,-6.519121,-1.386221,7.072053039394361e-11,6.575171255757323e-10,0.13176265270506107,0.2831700801424755
Epidermis 1,LOC100486629,-6.5364256,-3.4270442,6.300644409001479e-11,5.862957852828198e-10,0.02617801047120419,0.182546749777382
Epidermis 1,trmt6,-6.537323,-1.6270378,6.262973584087875e-11,5.830390212388291e-10,0.10732984293193717,0.2591273374888691
Epidermis 1,akap1,-6.542162,-1.0939358,6.063586452168284e-11,5.65684138404293e-10,0.19284467713787085,0.3410507569011576
Epidermis 1,hdac2,-6.565683,-1.305951,5.179487450237583e-11,4.842399128176277e-10,0.13961605584642234,0.2947462154942119
Epidermis 1,nol7,-6.603048,-1.2940931,4.027890749845559e-11,3.795017446130395e-10,0.15794066317626526,0.30632235084594833
Epidermis 1,foxp4,-6.6039133,-1.3839169,4.004439993166555e-11,3.774552271744596e-10,0.14485165794066318,0.2965271593944791
Epidermis 1,ctu2,-6.658807,-1.1073607,2.760592240512289e-11,2.61794364538108e-10,0.18411867364746945,0.3365983971504898
Epidermis 1,c15orf41,-6.6640306,-1.6164571,2.664183889955942e-11,2.530916702774428e-10,0.1055846422338569,0.26179875333926983
Epidermis 1,tmem135,-6.66512,-1.1574441,2.6444936233865748e-11,2.5144006691032e-10,0.1762652705061082,0.3294746215494212
Epidermis 1,ncs1,-6.671593,-1.3431518,2.530413953079457e-11,2.409082149657366e-10,0.1256544502617801,0.2867319679430098
Epidermis 1,rcc1,-6.679893,-1.708743,2.3911705164040446e-11,2.2834893583567902e-10,0.09336823734729494,0.25111308993766696
Epidermis 1,chrm4,-6.6803737,-3.7529948,2.3833401941931452e-11,2.2770081601352286e-10,0.019197207678883072,0.1798753339269813
Epidermis 1,serpina1,-6.6992803,-2.1839757,2.0944852094227753e-11,2.0045509541585253e-10,0.059336823734729496,0.21905609973285842
Epidermis 1,heatr6,-6.706843,-1.2800832,1.9888003737130797e-11,1.9059118557221394e-10,0.16055846422338568,0.3116651825467498
Epidermis 1,cyp26a1,-6.715111,-1.2720921,1.879234883079734e-11,1.8048760732254785e-10,0.1736474694589878,0.327693677649154
Epidermis 1,pnhd,-6.722545,-1.5676911,1.785772691952359e-11,1.7166231678895341e-10,0.1273996509598604,0.27960819234194123
Epidermis 1,krt19,-6.733024,-1.2366233,1.661725498235196e-11,1.5994932552708522e-10,0.18586387434554974,0.3348174532502226
Epidermis 1,wdr5,-6.7466755,-1.30224,1.512711597333935e-11,1.4586336617509412e-10,0.14136125654450263,0.3009795191451469
Epidermis 1,mycl,-6.749399,-3.0372133,1.4845853375404094e-11,1.4327791530503881e-10,0.028795811518324606,0.19145146927871773
Epidermis 1,wdr74,-6.7503605,-1.9412943,1.4747812241759177e-11,1.4239469510063142e-10,0.07242582897033159,0.2341941228851291
Epidermis 1,larp7,-6.7545266,-1.2497092,1.4330244312912332e-11,1.3848550095308238e-10,0.17015706806282724,0.3232413178984862
Epidermis 1,pde7a,-6.7736254,-1.1288809,1.2559445551413427e-11,1.2169611961695932e-10,0.20418848167539266,0.35529830810329477
Epidermis 1,pacrg,-6.787565,-1.0261135,1.1404162683561008e-11,1.1064928142195854e-10,0.34642233856893545,0.46749777382012464
Epidermis 1,cpsf2,-6.7963457,-1.0004697,1.0730606962465085e-11,1.0425314983435023e-10,0.2198952879581152,0.3757791629563669
Epidermis 1,ptprn2,-6.814195,-1.5464218,9.479302635476436e-12,9.230158982986671e-11,0.1474694589877836,0.30008904719501334
Epidermis 1,mmp11,-6.826853,-3.238152,8.679757105600263e-12,8.459177302425339e-11,0.028795811518324606,0.1923419412288513
Epidermis 1,snx14,-6.8455677,-1.1010909,7.617330439437649e-12,7.4337105330487e-11,0.21378708551483422,0.3633125556544969
Epidermis 1,tnks2,-6.8505344,-1.0180743,7.357455944744916e-12,7.199419110774835e-11,0.2094240837696335,0.3695458593054319
Epidermis 1,ube2e2,-6.8620067,-1.0299022,6.789985042164855e-12,6.656076532123958e-11,0.24956369982547993,0.39804096170970615
Epidermis 1,hdac10,-6.8733506,-1.9327971,6.271108412715395e-12,6.155729045158013e-11,0.08115183246073299,0.24309884238646481
Epidermis 1,nlrc4,-6.8860726,-1.6832321,5.735363069826478e-12,5.6349102902604036e-11,0.10034904013961606,0.26268922528940336
Epidermis 1,ptpn21,-6.8978014,-1.1456196,5.281348766113424e-12,5.195866159844952e-11,0.1849912739965096,0.3446126447016919
Epidermis 1,pald1,-6.904723,-1.3759305,5.030139044363435e-12,4.9531888125927127e-11,0.17277486910994763,0.3205699020480855
Epidermis 1,dhx36,-6.9083123,-1.5402769,4.904532095245068e-12,4.833866072734536e-11,0.12303664921465969,0.28227960819234194
Epidermis 1,trmt11,-6.912254,-1.3093572,4.770130024491966e-12,4.7035249554649426e-11,0.15270506108202445,0.3107747105966162
Epidermis 1,polrmt,-6.9169965,-1.5274248,4.613190199652452e-12,4.554951282652315e-11,0.1082024432809773,0.27337488869100623
Epidermis 1,zrsr2,-6.937858,-1.0872977,3.980890196374428e-12,3.939546710888272e-11,0.21553228621291448,0.3695458593054319
Epidermis 1,sox11,-6.938403,-2.0357943,3.965572424681018e-12,3.9261685970492056e-11,0.08464223385689354,0.24487978628673196
Epidermis 1,LOC100490380,-6.9389157,-1.1350474,3.951208492626406e-12,3.9137231283522835e-11,0.19633507853403143,0.3508459483526269
Epidermis 1,kansl1,-6.9558997,-1.1935874,3.503189434113817e-12,3.476266332050823e-11,0.16928446771378708,0.3321460373998219
Epidermis 1,maz,-6.9716983,-1.2188435,3.1313794277317817e-12,3.11297633223395e-11,0.1823734729493892,0.3383793410507569
Epidermis 1,rab3a,-6.9757357,-1.7528503,3.042739913470229e-12,3.027616399992425e-11,0.10209424083769633,0.2653606411398041
Epidermis 1,cmc2,-6.9853816,-1.7221524,2.8408296524129476e-12,2.8331692799498598e-11,0.10383944153577661,0.26714158504007124
Epidermis 1,esco2,-7.0032306,-1.0858535,2.5012631443954846e-12,2.5013777760702965e-11,0.20593368237347295,0.36420302760463047
Epidermis 1,nfe2l3,-7.0068517,-2.1491253,2.4374001742229634e-12,2.439748128519233e-11,0.07155322862129145,0.23686553873552982
Epidermis 1,ppia,-7.012588,-1.0710182,2.3394956759368158e-12,2.343899685244135e-11,0.2111692844677138,0.36776491540516476
Epidermis 1,nufip1,-7.053414,-1.0860608,1.7458061247005893e-12,1.756350181977481e-11,0.20855148342059338,0.3695458593054319
Epidermis 1,btf3,-7.060079,-1.5367442,1.664076214715212e-12,1.674898850613498e-11,0.112565445026178,0.27960819234194123
Epidermis 1,tma16,-7.088151,-1.607289,1.3591558062731395e-12,1.3705239763718196e-11,0.10732984293193717,0.2742653606411398
Epidermis 1,skida1,-7.092958,-2.89959,1.3127544259899988e-12,1.3261858485892483e-11,0.03577661431064572,0.20569902048085487
Epidermis 1,pitpna,-7.0976043,-1.2132993,1.2693787618549194e-12,1.284149928717487e-11,0.1806282722513089,0.3428317008014248
Epidermis 1,bach2,-7.104366,-2.0393927,1.208761215852192e-12,1.2239618789378506e-11,0.07242582897033159,0.2413178984861977
Epidermis 1,ablim1,-7.1100383,-1.679347,1.1601096766923033e-12,1.1779782808330736e-11,0.11082024432809773,0.2769367764915405
Epidermis 1,slc39a6,-7.114845,-1.5781107,1.1203879214791514e-12,1.1381743405305663e-11,0.1143106457242583,0.28227960819234194
Epidermis 1,dpp9,-7.115646,-1.1706989,1.113898676843849e-12,1.1321091302938812e-11,0.2006980802792321,0.3570792520035619
Epidermis 1,evc2,-7.1181455,-1.6958587,1.0938883833240045e-12,1.1128083175996786e-11,0.1055846422338569,0.27248441674087265
Epidermis 1,ube2o,-7.118402,-1.4642469,1.0918561018194295e-12,1.1112589551213512e-11,0.12652705061082026,0.2947462154942119
Epidermis 1,wdr77,-7.1235614,-2.0393527,1.0517351737088873e-12,1.0734290563845478e-11,0.0636998254799302,0.23597506678539626
Epidermis 1,crabp2,-7.1405134,-1.0445073,9.29830937981781e-13,9.503438359578661e-12,0.3080279232111693,0.44701691896705253
Epidermis 1,n4bp1,-7.142244,-1.3500497,9.181964358806417e-13,9.388924286481481e-12,0.15270506108202445,0.3170080142475512
Epidermis 1,ubtd2,-7.147371,-1.4437568,8.8455627174524e-13,9.053425143411295e-12,0.14223385689354276,0.30632235084594833
Epidermis 1,rnf150,-7.1688733,-2.6584337,7.561745396662751e-13,7.761281575756251e-12,0.04712041884816754,0.21727515583259127
Epidermis 1,rcor2,-7.173167,-1.214512,7.32821215878296e-13,7.52866843299449e-12,0.18150087260034903,0.3455031166518255
Epidermis 1,tgif2,-7.1746736,-1.7742084,7.247990197415412e-13,7.449759495892686e-12,0.10034904013961606,0.2680320569902048
Epidermis 1,arhgap33,-7.1839666,-2.2750726,6.771733728992333e-13,6.976676189817833e-12,0.059336823734729496,0.23063223508459482
Epidermis 1,wwc3,-7.184864,-1.8913962,6.727410594905776e-13,6.934285620757626e-12,0.09162303664921466,0.26001780943900266
Epidermis 1,cttnbp2,-7.203899,-1.068216,5.851472276237443e-13,6.054290020852406e-12,0.24083769633507854,0.39982190560997327
Epidermis 1,eif2d,-7.2079687,-1.5128517,5.679265907022342e-13,5.881692518136427e-12,0.13263525305410123,0.29741763134461263
Epidermis 1,sash1,-7.2085137,-1.2302269,5.656595585646417e-13,5.860995834491475e-12,0.19720767888307156,0.3561887800534283
Epidermis 1,rad51ap1,-7.216044,-1.1770947,5.352167244459452e-13,5.553477957268174e-12,0.17539267015706805,0.3481745325022262
Epidermis 1,lpar1,-7.2184157,-3.0444932,5.259678552150426e-13,5.4601068357028754e-12,0.03228621291448516,0.20569902048085487
Epidermis 1,cux2,-7.219409,-2.2894592,5.221401326990611e-13,5.422950897489868e-12,0.06195462478184991,0.2341941228851291
Epidermis 1,kcnab2,-7.2320027,-1.7153398,4.759224228684715e-13,4.95000152021588e-12,0.1099476439790576,0.2778272484416741
Epidermis 1,ttc33,-7.2381554,-1.318731,4.548277837193186e-13,4.732855063681093e-12,0.16928446771378708,0.3312555654496883
Epidermis 1,wnt3a,-7.2394695,-2.6123173,4.5044361189144777e-13,4.68947044612752e-12,0.056719022687609075,0.22707034728406056
Epidermis 1,ppp1r35,-7.263407,-1.3119595,3.774592404265913e-13,3.937159696629373e-12,0.14223385689354276,0.3161175422974176
Epidermis 1,znf219,-7.2826347,-1.503941,3.27363287320485e-13,3.424445969616636e-12,0.1431064572425829,0.3081032947462155
Epidermis 1,pkdcc.1,-7.290934,-1.3818846,3.0781296028589566e-13,3.2214803867618846e-12,0.15532286212914484,0.3241317898486198
Epidermis 1,pik3c3,-7.295036,-1.0606192,2.985790899068604e-13,3.1263408449412674e-12,0.23647469458987783,0.396260017809439
Epidermis 1,wwp1,-7.3271456,-1.2154483,2.3510646013661905e-13,2.4688441129168257e-12,0.17801047120418848,0.3490650044523598
Epidermis 1,LOC101732101,-7.3284273,-1.3306906,2.328691291174013e-13,2.4488854296244888e-12,0.1631762652705061,0.3303650934995548
Epidermis 1,mettl3,-7.3386817,-1.1211119,2.157076330059631e-13,2.2706011866006373e-12,0.2111692844677138,0.377560106856634
Epidermis 1,tagln2,-7.3447065,-1.4361016,2.0621122904789944e-13,2.1716868866091768e-12,0.13350785340314136,0.30632235084594833
Epidermis 1,reep3,-7.3544803,-1.646049,1.9167143358099633e-13,2.021489778719633e-12,0.13612565445026178,0.30008904719501334
Epidermis 1,got2,-7.3588705,-1.4979662,1.854728855264417e-13,1.9589563577311154e-12,0.12827225130890052,0.3018699910952805
Epidermis 1,utp11,-7.3723617,-1.3767972,1.676316100102264e-13,1.7730922743738006e-12,0.13961605584642234,0.3134461264470169
Epidermis 1,nat10,-7.3914285,-1.6445004,1.452595748159613e-13,1.5386937776985882e-12,0.10732984293193717,0.28227960819234194
Epidermis 1,ebna1bp2,-7.410303,-1.6967186,1.2601087481022742e-13,1.3360948975869643e-12,0.1082024432809773,0.28227960819234194
Epidermis 1,tbp,-7.426903,-1.357719,1.1116996622619491e-13,1.1810320511303793e-12,0.1474694589877836,0.3223508459483526
Epidermis 1,kif24,-7.4422846,-1.2142335,9.895872567452855e-14,1.0533552941189696e-12,0.21291448516579406,0.3748886910062333
Epidermis 1,iars1,-7.449655,-1.6406945,9.358459483283015e-14,9.971237518785092e-13,0.12216404886561955,0.2920747996438112
Epidermis 1,slx4ip,-7.46023,-1.1231301,8.637155485541643e-14,9.220712810665566e-13,0.23647469458987783,0.39715048975957257
Epidermis 1,uspl1,-7.465806,-1.1200211,8.279129572745637e-14,8.847154084568195e-13,0.1980802792321117,0.371326803205699
Epidermis 1,cdk2ap1,-7.4662223,-1.5042878,8.252973969103823e-14,8.823524986762103e-13,0.13263525305410123,0.3072128227960819
Epidermis 1,LOC100492755,-7.479233,-1.3320917,7.475766023852039e-14,8.004351835450213e-13,0.1649214659685864,0.3365983971504898
Epidermis 1,fam102a,-7.4873405,-1.5184289,7.028323453896917e-14,7.536365901104896e-13,0.15357766143106458,0.3196794300979519
Epidermis 1,frmd6,-7.491955,-1.415637,6.785520852649668e-14,7.279589504703461e-13,0.17015706806282724,0.3392698130008905
Epidermis 1,pimreg,-7.539254,-1.5129594,4.726677061516558e-14,5.08583925835073e-13,0.13612565445026178,0.3098842386464826
Epidermis 1,glrx3,-7.5434837,-1.1571431,4.5757919560485453e-14,4.928349273096511e-13,0.2111692844677138,0.37934105075690117
Epidermis 1,lmo4.2,-7.5494766,-1.1605076,4.370114620956596e-14,4.709149192291057e-13,0.22425828970331588,0.38824577025823687
Epidermis 1,dhx30,-7.5539947,-1.5118985,4.22106937567913e-14,4.550788282939441e-13,0.12914485165794065,0.3072128227960819
Epidermis 1,rbbp4,-7.5630636,-1.1232558,3.9368475820544636e-14,4.2464632272867257e-13,0.2338568935427574,0.40071237756010686
Epidermis 1,dcp1b,-7.5771956,-1.3298824,3.531039817693956e-14,3.816276818898469e-13,0.17102966841186737,0.3419412288512912
Epidermis 1,pwp2,-7.5776443,-1.7321395,3.518854780969404e-14,3.805001495318799e-13,0.10732984293193717,0.2840605520926091
Epidermis 1,nipa2,-7.5941157,-1.5975401,3.099015210865132e-14,3.361014459060042e-13,0.11343804537521815,0.2947462154942119
Epidermis 1,LOC100486773,-7.6046906,-1.2536587,2.855862205496787e-14,3.1003865266739e-13,0.1849912739965096,0.3570792520035619
Epidermis 1,gli2,-7.610427,-1.0470607,2.7319235133964806e-14,2.9673122441923645e-13,0.26352530541012215,0.42653606411398043
Epidermis 1,hbs1l,-7.6215787,-1.0714437,2.505920683652248e-14,2.728627506885015e-13,0.24956369982547993,0.41317898486197685
Epidermis 1,cdk8,-7.63225,-1.0398728,2.3069212030395243e-14,2.5144519266496235e-13,0.2556719022687609,0.42208370436331255
Epidermis 1,pold1,-7.6323457,-1.2374755,2.30520102832829e-14,2.5138326656247685e-13,0.18673647469458987,0.365093499554764
Epidermis 1,dpysl4,-7.645965,-2.3286974,2.0738393156909326e-14,2.2706095187000423e-13,0.06195462478184991,0.2439893143365984
Epidermis 1,qsox2,-7.654681,-1.4220258,1.9379203252759873e-14,2.1228594085264718e-13,0.15095986038394416,0.3268032056990205
Epidermis 1,rsu1,-7.6708965,-2.3654988,1.7079846057048146e-14,1.8728609085972244e-13,0.060209424083769635,0.24309884238646481
Epidermis 1,ptgs2,-7.6942253,-1.6827108,1.4235386840060728e-14,1.5648885452743837e-13,0.1273996509598604,0.3054318788958148
Epidermis 1,cd81,-7.720887,-1.7740122,1.155227520730408e-14,1.2744297133396477e-13,0.1099476439790576,0.2894033837934105
Epidermis 1,ddx47,-7.7290907,-1.1336454,1.0831737798888119e-14,1.196756205111583e-13,0.23909249563699825,0.40516473731077474
Epidermis 1,meis2,-7.7311416,-1.6505111,1.0658627742471916e-14,1.1788236997895573e-13,0.13263525305410123,0.3089937666963491
Epidermis 1,lzts2,-7.7423897,-2.3302364,9.756543630334936e-15,1.082346408528412e-13,0.06457242582897033,0.2475512021371327
Epidermis 1,ebf4,-7.7513623,-1.3123401,9.091184742346595e-15,1.0095610293269467e-13,0.24083769633507854,0.39893143365983974
Epidermis 1,LOC100489322,-7.753926,-1.1006153,8.909426056600698e-15,9.898807840177385e-14,0.25043630017452007,0.41674087266251114
Epidermis 1,septin11,-7.7866445,-1.0055254,6.881230219068529e-15,7.688444680506625e-14,0.31239092495637,0.46482635796972394
Epidermis 1,eda,-7.7921243,-1.2954556,6.5891968814734956e-15,7.365925468782436e-14,0.1849912739965096,0.3597506678539626
Epidermis 1,LOC100127805,-7.7974114,-1.9046052,6.318988020589736e-15,7.071109620373777e-14,0.17015706806282724,0.3303650934995548
Epidermis 1,coq8a,-7.815421,-1.8236626,5.4779585472084585e-15,6.152060394165506e-14,0.09860383944153578,0.2831700801424755
Epidermis 1,tmem72,-7.824137,-1.0965341,5.111494077920638e-15,5.743455832868499e-14,0.28272251308900526,0.44434550311665183
Epidermis 1,vav2,-7.835001,-1.3900657,4.688396343672123e-15,5.273479206972649e-14,0.17452006980802792,0.3490650044523598
Epidermis 1,ruvbl2,-7.8368917,-1.7222466,4.618367774409262e-15,5.200072404818602e-14,0.1143106457242583,0.29741763134461263
Epidermis 1,myo10.2,-7.851793,-1.43244,4.101323124005984e-15,4.6202876555980685e-14,0.17102966841186737,0.3446126447016919
Epidermis 1,nnt,-7.857625,-1.4717879,3.914856730555226e-15,4.414784946638015e-14,0.13525305410122165,0.3205699020480855
Epidermis 1,msl2,-7.867142,-1.1322846,3.6283372115933056e-15,4.100152578673098e-14,0.21291448516579406,0.39447907390917186
Epidermis 1,fmr1,-7.8759227,-1.2488616,3.3823709315846614e-15,3.826164649979725e-14,0.19284467713787085,0.3722172751558326
Epidermis 1,prkag1,-7.8770766,-1.2298933,3.3512997007071794e-15,3.794951259425603e-14,0.19982547993019198,0.377560106856634
Epidermis 1,fam168a,-7.877493,-1.2996291,3.340148740936594e-15,3.784287937485847e-14,0.16841186736474695,0.352626892252894
Epidermis 1,aggf1,-7.892586,-1.3210721,2.959873169518111e-15,3.358678753616989e-14,0.1762652705061082,0.3579697239536955
Epidermis 1,polr1e,-7.9013987,-1.958959,2.75790575276477e-15,3.131127025550471e-14,0.0968586387434555,0.2804986642920748
Epidermis 1,gata6,-7.9073915,-1.1719326,2.6283835164542514e-15,2.98718524544522e-14,0.2443280977312391,0.41228851291184326
Epidermis 1,dnajc21,-7.9076476,-1.5918841,2.622978150744872e-15,2.982595426128392e-14,0.13525305410122165,0.3178984861976848
Epidermis 1,pdlim1,-7.9131594,-1.016365,2.5093748339672863e-15,2.85639375336464e-14,0.3036649214659686,0.45325022261798753
Epidermis 1,c15orf39,-7.9331236,-1.3629726,2.1370121541553836e-15,2.4363501680159155e-14,0.18411867364746945,0.3597506678539626
Epidermis 1,spout1,-7.9420967,-1.3344026,1.987921710679838e-15,2.2711224946986776e-14,0.17713787085514834,0.3597506678539626
Epidermis 1,LOC105947324,-7.9472237,-1.6093612,1.9073769952236283e-15,2.180244809469607e-14,0.14136125654450263,0.3205699020480855
Epidermis 1,cse1l,-7.9474483,-1.5593307,1.9039275303666115e-15,2.17744248637997e-14,0.13787085514834205,0.32146037399821903
Epidermis 1,lhx5,-7.9527035,-1.6314826,1.8248468712363437e-15,2.0891911635492262e-14,0.16841186736474695,0.3428317008014248
Epidermis 1,mrps6,-7.9612274,-1.1542052,1.7034072199672837e-15,1.9542612485229284e-14,0.25218150087260033,0.42030276046304543
Epidermis 1,tln1,-7.999041,-2.0631938,1.2539180413843186e-15,1.4431300411944734e-14,0.08376963350785341,0.27248441674087265
Epidermis 1,sav1,-8.030862,-1.2779422,9.678999938485157e-16,1.1192658063470304e-14,0.19895287958115182,0.37934105075690117
Epidermis 1,eif3l,-8.034002,-1.0210885,9.434313846258405e-16,1.092128182701351e-14,0.28272251308900526,0.45503116651825465
Epidermis 1,pros1,-8.050891,-1.3499057,8.219372196928191e-16,9.54523260825812e-15,0.18760907504363003,0.36776491540516476
Epidermis 1,rassf1,-8.057203,-2.4429479,7.805961791077226e-16,9.069962313263906e-15,0.06282722513089005,0.25378450578806766
Epidermis 1,kndc1,-8.066401,-1.0889243,7.240100089930512e-16,8.425931949993264e-15,0.30017452006980805,0.45592163846838824
Epidermis 1,pop1,-8.115109,-2.0632145,4.853467916605268e-16,5.687836917735959e-15,0.08464223385689354,0.27515583259127335
Epidermis 1,map7d1,-8.117545,-1.1542516,4.7570845858929895e-16,5.577879782309023e-15,0.23821989528795812,0.41763134461264473
Epidermis 1,stx6,-8.118539,-1.1720744,4.718314171555126e-16,5.535394276209913e-15,0.22949389179755672,0.41050756901157615
Epidermis 1,nagpa,-8.134786,-1.351291,4.1266865242635205e-16,4.846524577284945e-15,0.17975567190226877,0.36420302760463047
Epidermis 1,nfx1,-8.135394,-1.1297617,4.105998299726046e-16,4.824824388708781e-15,0.2600349040139616,0.43187889581478184
Epidermis 1,LOC116407555,-8.141547,-1.4397466,3.902590216223898e-16,4.590750464055077e-15,0.15706806282722513,0.346393588601959
Epidermis 1,mrps28,-8.161287,-1.471719,3.3147365349172834e-16,3.907664285706647e-15,0.15968586387434555,0.346393588601959
Epidermis 1,impdh2,-8.16305,-1.2453251,3.2667070578608063e-16,3.853125119436792e-15,0.21029668411867364,0.39180765805877116
Epidermis 1,brms1l,-8.167151,-1.492884,3.1575691245819007e-16,3.7304448222794616e-15,0.15532286212914484,0.3410507569011576
Epidermis 1,tle5,-8.18782,-1.2282537,2.6599908350303363e-16,3.1511216075568385e-15,0.20855148342059338,0.390026714158504
Epidermis 1,ercc3,-8.192082,-1.1772798,2.5674440727757515e-16,3.0431394411754304e-15,0.22774869109947643,0.40783615316117544
Epidermis 1,nvl,-8.192787,-2.271063,2.552444589270887e-16,3.027005075134784e-15,0.06544502617801047,0.26268922528940336
Epidermis 1,LOC100485199,-8.220827,-2.291536,2.021041647769537e-16,2.404642846018488e-15,0.08638743455497382,0.27604630454140694
Epidermis 1,tulp4,-8.2242565,-1.3141168,1.9640597571975854e-16,2.3381204561815883e-15,0.17539267015706805,0.3695458593054319
Epidermis 1,septin12,-8.253802,-1.1484802,1.5343350336418509e-16,1.8325519851723494e-15,0.2661431064572426,0.4363312555654497
Epidermis 1,mtmr10,-8.261525,-1.2977682,1.4382312029005446e-16,1.7187099166753989e-15,0.20506108202443282,0.38913624220837045
Epidermis 1,mak16,-8.295877,-1.5399354,1.0778650014092358e-16,1.2937344442107224e-15,0.1431064572425829,0.3383793410507569
Epidermis 1,dgkh,-8.32286,-1.3132849,8.586599905165355e-17,1.0351834062464818e-15,0.20331588132635253,0.38824577025823687
Epidermis 1,neurl1,-8.357661,-4.4772577,6.397392510320697e-17,7.7296512717446255e-16,0.013961605584642234,0.21549421193232413
Epidermis 1,gnaq,-8.371152,-1.2629176,5.705756502280846e-17,6.909284829981705e-16,0.21029668411867364,0.396260017809439
Epidermis 1,dipk2a,-8.371345,-1.2432593,5.696452789567836e-17,6.90184876852636e-16,0.22076788830715532,0.40872662511130897
Epidermis 1,smarcc2,-8.372723,-1.3386421,5.630212633400135e-17,6.825381659634685e-16,0.1893542757417103,0.38023152270703475
Epidermis 1,tyw1,-8.3770485,-1.4529876,5.427147142470299e-17,6.590193533435971e-16,0.16404886561954624,0.3561887800534283
Epidermis 1,megf8,-8.385381,-1.3775351,5.0562008141865037e-17,6.146593758571793e-16,0.18411867364746945,0.371326803205699
Epidermis 1,usp39,-8.422937,-1.108923,3.671602750125503e-17,4.485892699355465e-16,0.25392670157068065,0.4416740872662511
Epidermis 1,bmpr2,-8.427873,-1.7547284,3.5200624040423033e-17,4.3055651187560035e-16,0.12914485165794065,0.3232413178984862
Epidermis 1,usp31,-8.434121,-1.3718736,3.3370027582604135e-17,4.0908279319101397e-16,0.17539267015706805,0.371326803205699
Epidermis 1,LOC100493567,-8.479369,-1.039575,2.2641763970838276e-17,2.7866098793438354e-16,0.2914485165794066,0.4657168299198575
Epidermis 1,c11orf95,-8.498372,-1.8869855,1.922674967691417e-17,2.368983086956206e-16,0.1099476439790576,0.3081032947462155
Epidermis 1,kcnq1,-8.520484,-1.8180484,1.588883525557162e-17,1.9621407702989717e-16,0.12303664921465969,0.3178984861976848
Epidermis 1,pias1,-8.538621,-1.1504755,1.3583266860293311e-17,1.6783718355518707e-16,0.23036649214659685,0.42653606411398043
Epidermis 1,LOC100490503,-8.546761,-1.6412966,1.2659106789030704e-17,1.5659544741691554e-16,0.14223385689354276,0.3383793410507569
Epidermis 1,LOC100486894,-8.548619,-1.6778489,1.2456941094591506e-17,1.541820258792293e-16,0.12827225130890052,0.327693677649154
Epidermis 1,atp13a3,-8.549004,-1.7867947,1.2415513229625641e-17,1.5375647797029575e-16,0.12303664921465969,0.3205699020480855
Epidermis 1,sfi1,-8.604122,-1.1997327,7.690305490498794e-18,9.572741363843365e-17,0.24607329842931938,0.43455031166518254
Epidermis 1,LOC100488817,-8.604827,-1.0043758,7.643185831264053e-18,9.519518152055531e-17,0.3150087260034904,0.4826357969723954
Epidermis 1,nle1,-8.6268425,-2.004802,6.306903136630788e-18,7.904820984745574e-17,0.09947643979057591,0.3009795191451469
Epidermis 1,LOC101735263,-8.637289,-1.234147,5.756257969550791e-18,7.218810641009644e-17,0.22251308900523561,0.41495992876224397
Epidermis 1,snx7,-8.641487,-3.4150543,5.5486033160984945e-18,6.962396374961775e-17,0.03228621291448516,0.23864648263579696
Epidermis 1,xpo5,-8.645749,-1.101114,5.3453452519566965e-18,6.718938867681283e-17,0.26352530541012215,0.45592163846838824
Epidermis 1,rpa1,-8.674109,-1.4286168,4.1679997651559056e-18,5.257220975460521e-17,0.20331588132635253,0.396260017809439
Epidermis 1,bud13,-8.706796,-1.0152991,3.1258616444472896e-18,3.951878733689705e-17,0.31151832460732987,0.4968833481745325
Epidermis 1,nmd3,-8.726984,-1.4974754,2.615537159848651e-18,3.3143807412925323e-17,0.156195462478185,0.3597506678539626
Epidermis 1,hsf2.2,-8.737783,-2.173102,2.3772864705176785e-18,3.017729381801411e-17,0.0881326352530541,0.29385574354407834
Epidermis 1,znf800,-8.763291,-1.2454283,1.8963034336100104e-18,2.4127835116503812e-17,0.21553228621291448,0.41495992876224397
Epidermis 1,pomt2,-8.76531,-1.637765,1.8626269489137945e-18,2.3713175409712897e-17,0.1474694589877836,0.3472840605520926
Epidermis 1,hprt1,-8.787005,-2.509741,1.5359972708863356e-18,1.9589127088258754e-17,0.06282722513089005,0.27070347284060553
Epidermis 1,exosc5,-8.801297,-1.2622508,1.3524341754403128e-18,1.726826573568348e-17,0.23036649214659685,0.42208370436331255
Epidermis 1,usp24,-8.815654,-1.0008565,1.189887012877203e-18,1.522846012199029e-17,0.3586387434554974,0.5227070347284061
Epidermis 1,nid2,-8.818153,-1.0944976,1.163628943617594e-18,1.4901142710492674e-17,0.41012216404886565,0.5405164737310775
Epidermis 1,exd2,-8.824274,-1.4111854,1.1017223433298762e-18,1.4124960783666998e-17,0.1849912739965096,0.3846838824577026
Epidermis 1,lsm4,-8.830426,-1.0683551,1.0427718332416122e-18,1.3392774675200247e-17,0.29668411867364747,0.4853072128227961
Epidermis 1,tmtc2,-8.832862,-1.3269898,1.0203077133339881e-18,1.311197562583095e-17,0.21465968586387435,0.41050756901157615
Epidermis 1,ptk2,-8.837765,-1.8839678,9.765236311291133e-19,1.2564105044144092e-17,0.1082024432809773,0.3161175422974176
Epidermis 1,ppp5c,-8.8596525,-1.0769228,8.026456166207206e-19,1.0345262847182956e-17,0.2905759162303665,0.4746215494211932
Epidermis 1,cers5,-8.874457,-1.6148285,7.027541862230198e-19,9.073845619865393e-18,0.1649214659685864,0.3624220837043633
Epidermis 1,MGC145244,-8.877245,-1.0257919,6.853674760819654e-19,8.854590701944682e-18,0.31239092495637,0.5075690115761353
Epidermis 1,tsc2,-8.880033,-1.4211646,6.684057933583686e-19,8.64057038914275e-18,0.1849912739965096,0.38557435440783616
Epidermis 1,hgf,-8.907945,-2.269889,5.198743355460392e-19,6.748469884562831e-18,0.10645724258289703,0.3081032947462155
Epidermis 1,stam,-8.926083,-1.8199782,4.413628241044854e-19,5.736139478727799e-18,0.12216404886561955,0.3285841495992876
Epidermis 1,szl,-8.927652,-2.8038502,4.35144582319797e-19,5.658694833611615e-18,0.053228621291448515,0.2653606411398041
Epidermis 1,cfl1,-8.954667,-1.1192099,3.407637584093517e-19,4.4392871476122174e-18,0.28184991273996507,0.4701691896705254
Epidermis 1,tktl2,-8.963767,-2.6177723,3.137701310802379e-19,4.09007050794616e-18,0.06108202443280977,0.2742653606411398
Epidermis 1,tmc6,-8.96412,-1.1791612,3.127682392304265e-19,4.081887409238718e-18,0.27225130890052357,0.4630454140694568
Epidermis 1,ddx49,-8.996454,-1.2435675,2.331260723892204e-19,3.0534477944808998e-18,0.225130890052356,0.4300979519145147
Epidermis 1,LOC779553,-9.003568,-1.1116385,2.1849881488520336e-19,2.8670250388514866e-18,0.26788830715532286,0.4692787177203918
Epidermis 1,rap1gap2,-9.008471,-1.0389602,2.0894955057020475e-19,2.745025974107428e-18,0.48342059336823734,0.6064113980409617
Epidermis 1,dcaf13,-9.035229,-1.7448431,1.6365981431335738e-19,2.1526346040577285e-18,0.14048865619546247,0.3446126447016919
Epidermis 1,cnot11,-9.041382,-1.1241162,1.5470419188690844e-19,2.037296421945823e-18,0.2774869109947644,0.4746215494211932
Epidermis 1,scarb1,-9.048528,-1.6912935,1.4490910388018224e-19,1.9117663577808083e-18,0.14485165794066318,0.3517364203027605
Epidermis 1,sptbn1,-9.051315,-1.1658763,1.412561625004914e-19,1.864700981199772e-18,0.2905759162303665,0.46749777382012464
Epidermis 1,klhl32,-9.055546,-1.8183736,1.3588685680372928e-19,1.7949074469214144e-18,0.13350785340314136,0.340160284951024
Epidermis 1,ippk,-9.069165,-1.2050699,1.1993278690945597e-19,1.5870547866290106e-18,0.27399650959860383,0.4594835262689225
Epidermis 1,znf674,-9.087912,-1.6232512,1.0095981653801388e-19,1.3392365694079033e-18,0.1431064572425829,0.3535173642030276
Epidermis 1,limd2,-9.091533,-2.4390328,9.765279305088265e-20,1.2961566892720866e-18,0.07417102966841187,0.28851291184327693
Epidermis 1,skil,-9.096147,-1.0229162,9.359327816593384e-20,1.2430303851849316e-18,0.3472949389179756,0.5262689225289403
Epidermis 1,vwa8,-9.120726,-1.3694937,7.462286817176065e-20,9.93499454774856e-19,0.2181500872600349,0.41585040071237755
Epidermis 1,lmf1,-9.123097,-1.2149516,7.30074595093173e-20,9.72585942584135e-19,0.2582897033158813,0.45235975066785394
Epidermis 1,gart,-9.124219,-2.0165255,7.225550294652233e-20,9.631565850922808e-19,0.09162303664921466,0.3098842386464826
Epidermis 1,ubl5,-9.144407,-1.090361,5.99577064673073e-20,8.002061852129129e-19,0.3089005235602094,0.4942119323241318
Epidermis 1,lsg1,-9.145017,-1.2230111,5.962091735000464e-20,7.961983093601294e-19,0.2547993019197208,0.45235975066785394
Epidermis 1,traf3,-9.145882,-1.0333288,5.914553670902923e-20,7.903335924848296e-19,0.34467713787085513,0.5244879786286732
Epidermis 1,hdac4,-9.1473875,-1.8116857,5.832694328464936e-20,7.798726895921162e-19,0.11867364746945899,0.333926981300089
Epidermis 1,carmil1,-9.15604,-1.299625,5.383679160517908e-20,7.207194046727686e-19,0.22251308900523561,0.4300979519145147
Epidermis 1,ddx56,-9.161712,-1.0848187,5.1080473666603476e-20,6.842400343026117e-19,0.3089005235602094,0.4995547640249332
Epidermis 1,hat1,-9.171614,-1.099742,4.659894334683405e-20,6.249757484765002e-19,0.27399650959860383,0.4835262689225289
Epidermis 1,arhgef11,-9.180042,-1.1383834,4.3092402346195395e-20,5.790143544312375e-19,0.2870855148342059,0.4764024933214604
Epidermis 1,pik3r2,-9.183247,-1.0383371,4.1828694724891696e-20,5.627274646065732e-19,0.3237347294938918,0.5111308993766697
Epidermis 1,pelp1,-9.184625,-1.3791382,4.129662949523963e-20,5.559122468942776e-19,0.20331588132635253,0.40872662511130897
Epidermis 1,styx,-9.209235,-1.3434709,3.2845685847385924e-20,4.440679745203272e-19,0.23298429319371727,0.42653606411398043
Epidermis 1,itgb4,-9.209716,-2.1596634,3.2698936656419233e-20,4.423580265218376e-19,0.09511343804537521,0.3107747105966162
Epidermis 1,nepro,-9.218657,-1.2166744,3.0084585462957225e-20,4.0724301450818217e-19,0.262652705061082,0.4514692787177204
Epidermis 1,ago1,-9.254771,-1.7604165,2.1468878091337606e-20,2.9242970588706487e-19,0.13525305410122165,0.3481745325022262
Epidermis 1,arhgap42,-9.255252,-1.8315046,2.1372495948774104e-20,2.9129870961786367e-19,0.12652705061082026,0.340160284951024
Epidermis 1,fmnl3,-9.28576,-1.1497294,1.6055786205473747e-20,2.193821607950173e-19,0.2931937172774869,0.48619768477292963
Epidermis 1,foxh1,-9.291816,-1.6565284,1.5167777895948647e-20,2.07571011990638e-19,0.15968586387434555,0.36776491540516476
Epidermis 1,mtr,-9.299347,-1.4940975,1.4131113554071777e-20,1.9356875634865053e-19,0.16928446771378708,0.38646482635796975
Epidermis 1,crcp,-9.300341,-1.9033337,1.3999701257305767e-20,1.9188912131637508e-19,0.1169284467713787,0.3321460373998219
Epidermis 1,tbl3,-9.330655,-2.097459,1.0521849945189217e-20,1.4476499852079062e-19,0.09860383944153578,0.3178984861976848
Epidermis 1,nup155,-9.343184,-1.1790279,9.347902666057667e-21,1.2877562126012899e-19,0.27137870855148344,0.4728406055209261
Epidermis 1,c5,-9.358214,-1.0968506,8.109572857535226e-21,1.118916928120645e-19,0.34904013961605584,0.5129118432769367
Epidermis 1,cpsf3,-9.363341,-1.03702,7.725404189788433e-21,1.067612696804138e-19,0.33507853403141363,0.5342831700801425
Epidermis 1,slk,-9.367187,-1.0797751,7.449141459034482e-21,1.0307401127304467e-19,0.3254799301919721,0.5102404274265361
Epidermis 1,ncoa6,-9.3686285,-1.237064,7.348081467424973e-21,1.0174015590144691e-19,0.26090750436300175,0.45592163846838824
Epidermis 1,bambi,-9.374173,-1.015265,6.972032495288618e-21,9.659474354266217e-20,0.3394415357766143,0.5360641139804097
Epidermis 1,ctnnbl1,-9.447941,-1.1244545,3.45560194125496e-21,4.8181910517651423e-20,0.3045375218150087,0.4968833481745325
Epidermis 1,fam124a,-9.454607,-2.4515207,3.2423860448470988e-21,4.526686237019101e-20,0.07329842931937172,0.29741763134461263
Epidermis 1,arhgap36,-9.456369,-2.0112357,3.1882168682537584e-21,4.45391038938318e-20,0.1099476439790576,0.3303650934995548
Epidermis 1,bap1,-9.468162,-1.1092778,2.848111716389687e-21,3.9813354108481336e-20,0.30279232111692844,0.4951024042742654
Epidermis 1,gja7,-9.468547,-1.4945676,2.8376477724779824e-21,3.9692507720026953e-20,0.17713787085514834,0.39180765805877116
Epidermis 1,arl13b,-9.536514,-1.5915617,1.4771323041035125e-21,2.0781756291323495e-20,0.17539267015706805,0.38824577025823687
Epidermis 1,efna1,-9.546385,-2.3534427,1.3430132785777887e-21,1.8907027581836082e-20,0.07591623036649214,0.3027604630454141
Epidermis 1,LOC100486588,-9.554716,-1.334472,1.2392276104509143e-21,1.7479758039850938e-20,0.23472949389179756,0.44434550311665183
Epidermis 1,lmnb3,-9.571605,-1.4334915,1.0525935255596521e-21,1.4885705328086303e-20,0.20506108202443282,0.41763134461264473
Epidermis 1,uck2,-9.573431,-1.0683535,1.034155596431412e-21,1.4634441809163318e-20,0.32460732984293195,0.5316117542297417
Epidermis 1,capn2,-9.585833,-3.1810927,9.171493388974554e-22,1.3012428949337696e-20,0.041884816753926704,0.27070347284060553
Epidermis 1,fcho1,-9.615506,-2.812554,6.876999624231303e-22,9.814454466994852e-21,0.055846422338568937,0.28495102404274264
Epidermis 1,dip2a,-9.622524,-2.2450585,6.423493801309826e-22,9.18525938652567e-21,0.10034904013961606,0.3223508459483526
Epidermis 1,LOC101731710,-9.653352,-1.5497694,4.757460063204732e-22,6.829772107841478e-21,0.17713787085514834,0.396260017809439
Epidermis 1,cecr2,-9.659312,-1.4354008,4.488655623615603e-22,6.4523685351064604e-21,0.19022687609075042,0.41050756901157615
Epidermis 1,gtpbp4,-9.672034,-1.1097003,3.9641717171177507e-22,5.709715580146959e-21,0.3089005235602094,0.5155832591273375
Epidermis 1,blmh,-9.701997,-1.145311,2.9565408365734365e-22,4.2781616442220795e-21,0.3106457242582897,0.5102404274265361
Epidermis 1,asap1,-9.73244,-1.1615416,2.192686956630804e-22,3.181291361744733e-21,0.3106457242582897,0.5031166518254675
Epidermis 1,marchf6,-9.743913,-1.2269334,1.958648108396316e-22,2.8455166693286292e-21,0.2757417102966841,0.4826357969723954
Epidermis 1,mn1,-9.744874,-1.5212777,1.940197802300776e-22,2.8224704162670157e-21,0.21291448516579406,0.42030276046304543
Epidermis 1,wdr12,-9.746957,-1.5199304,1.9008102207480268e-22,2.768863806872009e-21,0.19284467713787085,0.40961709706144256
Epidermis 1,neil1,-9.7734585,-1.7007511,1.4636871713125978e-22,2.1363958371379392e-21,0.15881326352530542,0.377560106856634
Epidermis 1,cenpp,-9.796915,-1.4805081,1.1607610014785965e-22,1.6987904636662948e-21,0.20855148342059338,0.42564559216384684
Epidermis 1,pex14,-9.797428,-1.4681906,1.1548855669224423e-22,1.6913260373029943e-21,0.20855148342059338,0.42653606411398043
Epidermis 1,eif3i,-9.806946,-1.1127809,1.0510161150767128e-22,1.5412215644300527e-21,0.3150087260034904,0.5164737310774711
Epidermis 1,topbp1,-9.810663,-1.0153337,1.0130079025881238e-22,1.4875400701463963e-21,0.39179755671902267,0.5770258236865539
Epidermis 1,ror2,-9.827968,-1.0166451,8.532336101459374e-23,1.2554558737015846e-21,0.4258289703315881,0.585040071237756
Epidermis 1,trim36,-9.830627,-1.3626573,8.309955779246365e-23,1.2235596832586703e-21,0.21727748691099477,0.43989314336598395
Epidermis 1,jade3,-9.83178,-1.7758569,8.215294864643189e-23,1.2104385499080286e-21,0.13699825479930192,0.365093499554764
Epidermis 1,slc4a1ap,-9.843349,-1.2312667,7.323146629916666e-23,1.0819118660217438e-21,0.2705061082024433,0.4790739091718611
Epidermis 1,utp14a,-9.885714,-1.1588997,4.8015008914933275e-23,7.122607134825009e-22,0.29842931937172773,0.5084594835262689
Epidermis 1,plpp3,-9.894109,-1.0708127,4.4152370901067413e-23,6.563003306758801e-22,0.38481675392670156,0.5707925200356189
Epidermis 1,znf217,-9.899909,-1.4042217,4.1665239081466e-23,6.205987590420953e-22,0.21378708551483422,0.43455031166518254
Epidermis 1,yes1,-9.905068,-1.3247957,3.9569804460891726e-23,5.89790097773988e-22,0.25218150087260033,0.4603739982190561
Epidermis 1,kif14,-9.910901,-1.1166669,3.7326485751108365e-23,5.567335923273653e-22,0.31326352530541013,0.5262689225289403
Epidermis 1,nmt2,-9.915611,-1.4770137,3.560688703292782e-23,5.314486196617769e-22,0.193717277486911,0.41763134461264473
Epidermis 1,syne1,-9.931634,-1.0772675,3.0324396332619825e-23,4.5322510436582e-22,0.3865619546247818,0.5645592163846839
Epidermis 1,cs,-9.931987,-1.0493447,3.021736581089596e-23,4.519349824260183e-22,0.40226876090750435,0.5805877114870882
Epidermis 1,ephb3,-9.937179,-1.1076915,2.868373969925771e-23,4.292921014934859e-22,0.3551483420593368,0.5512021371326803
Epidermis 1,wdr46,-9.937403,-1.3683723,2.861923812332958e-23,4.286207241518015e-22,0.22774869109947643,0.4452359750667854
Epidermis 1,mms19,-9.975345,-1.4558046,1.9542264268857644e-23,2.934836535517843e-22,0.2198952879581152,0.43365983971504896
Epidermis 1,mcm7,-9.996494,-1.0398303,1.5788791540685172e-23,2.3760497945468355e-22,0.3856893542757417,0.5796972395369546
Epidermis 1,cttnbp2nl,-9.9966545,-2.2622178,1.5763274715205704e-23,2.373846912080771e-22,0.09336823734729494,0.3268032056990205
Epidermis 1,pik3cb,-9.997007,-2.1664968,1.570728135933614e-23,2.367048249599958e-22,0.10296684118673648,0.3357079252003562
Epidermis 1,gemin5,-10.025207,-1.2958232,1.181120317956666e-23,1.7860863796349554e-22,0.2617801047120419,0.4790739091718611
Epidermis 1,cbfa2t2,-10.060361,-1.9482801,8.26948638305185e-24,1.2574805739691598e-22,0.14048865619546247,0.36420302760463047
Epidermis 1,nol11,-10.071064,-1.3560748,7.417144738779272e-24,1.1318147926216955e-22,0.22338568935427575,0.4479073909171861
Epidermis 1,ssb,-10.074204,-1.4558967,7.183995310348763e-24,1.0970046302807583e-22,0.19982547993019198,0.4300979519145147
Epidermis 1,efna3.1,-10.07523,-1.2393949,7.109448432935261e-24,1.0863814723745122e-22,0.28883071553228623,0.4995547640249332
Epidermis 1,sdad1,-10.080421,-1.1404059,6.743652360628093e-24,1.0326543028860745e-22,0.3193717277486911,0.5244879786286732
Epidermis 1,slc23a2,-10.116248,-1.469679,4.6801485718409286e-24,7.181822924482482e-23,0.23734729493891799,0.4514692787177204
Epidermis 1,wdr3,-10.155055,-1.6174865,3.1463353705434188e-24,4.848600573490674e-23,0.17975567190226877,0.40516473731077474
Epidermis 1,abcc5,-10.250582,-1.5982667,1.1763302732387421e-24,1.8282551917622927e-23,0.22338568935427575,0.43365983971504896
Epidermis 1,dennd2c,-10.268656,-2.2322145,9.755457593323899e-25,1.5205274295994342e-23,0.10907504363001745,0.3437221727515583
Epidermis 1,nxn,-10.273238,-1.3574433,9.302863823041575e-25,1.45102066821008e-23,0.2617801047120419,0.4764024933214604
Epidermis 1,polr2e,-10.280961,-1.5440674,8.5867044732739e-25,1.3412346335813153e-23,0.18760907504363003,0.4238646482635797
Epidermis 1,fbln7,-10.315186,-2.1157694,6.01649827957223e-25,9.4382465103196e-24,0.1212914485165794,0.358860195903829
Epidermis 1,kiaa0586,-10.338354,-1.3189541,4.725829276269188e-25,7.434918575160054e-24,0.2705061082024433,0.4906500445235975
Epidermis 1,eif4g3,-10.347359,-1.0581869,4.301884218630564e-25,6.772829403660717e-24,0.387434554973822,0.5770258236865539
Epidermis 1,ncapd3,-10.3538,-1.0316682,4.021972996481701e-25,6.3458765550417354e-24,0.41361256544502617,0.603739982190561
Epidermis 1,pcdh18,-10.353865,-2.803364,4.0192805246698735e-25,6.3458765550417354e-24,0.0636998254799302,0.3089937666963491
Epidermis 1,cep164,-10.355691,-1.0593934,3.9432914048864138e-25,6.235258097538147e-24,0.3944153577661431,0.5903829029385574
Epidermis 1,espl1,-10.391614,-1.3455018,2.707330153629522e-25,4.305878373349111e-24,0.2582897033158813,0.4817453250222618
Epidermis 1,emx1,-10.395299,-3.4557762,2.6046869819578225e-25,4.145650957935933e-24,0.0462478184991274,0.2920747996438112
Epidermis 1,camta1,-10.429075,-1.0763671,1.8265803452227562e-25,2.9178484416622085e-24,0.3900523560209424,0.5930543187889582
Epidermis 1,ppip5k2,-10.429427,-1.2897199,1.8198171833429064e-25,2.9091744144853888e-24,0.28970331588132636,0.5031166518254675
Epidermis 1,pabpn1,-10.450609,-1.0228217,1.455867989926614e-25,2.334202454679548e-24,0.3970331588132635,0.603739982190561
Epidermis 1,LOC100145045,-10.452564,-1.1641276,1.4261636725422053e-25,2.2882586395987843e-24,0.37521815008726006,0.5716829919857525
Epidermis 1,polr3b,-10.476213,-1.1862754,1.111032863797806e-25,1.7878944041985198e-24,0.34904013961605584,0.5476402493321461
Epidermis 1,ptdss2,-10.4872055,-2.0016785,9.891090465533717e-26,1.594043464168473e-24,0.1343804537521815,0.3722172751558326
Epidermis 1,ndst1,-10.494704,-1.4973469,9.13638121447711e-26,1.474593006517049e-24,0.2399650959860384,0.4603739982190561
Epidermis 1,pank4,-10.521686,-1.4416902,6.863426459731505e-26,1.1114078836719008e-24,0.23821989528795812,0.4603739982190561
Epidermis 1,bard1,-10.5288,-1.4216218,6.364051507824915e-26,1.0317233874609767e-24,0.25654450261780104,0.4781834372217275
Epidermis 1,urb1,-10.535113,-1.930753,5.951174082260611e-26,9.669439288831629e-25,0.13612565445026178,0.3784505788067676
Epidermis 1,sdc1,-10.550943,-1.4405217,5.0289555583718436e-26,8.183209488384191e-25,0.2286212914485166,0.46482635796972394
Epidermis 1,pdss2,-10.5512,-1.2465347,5.015251328453793e-26,8.166999943148524e-25,0.3054101221640489,0.5218165627782725
Epidermis 1,nol6,-10.582348,-1.8816762,3.598263180631216e-26,5.872677701163333e-25,0.1457242582897033,0.3846838824577026
Epidermis 1,rps7,-10.586642,-1.0398676,3.437009754070097e-26,5.6136968445781125e-25,0.41710296684118675,0.5966162065894924
Epidermis 1,nup107,-10.605837,-1.3512902,2.7994541440667165e-26,4.582662331408839e-25,0.2530541012216405,0.4888691006233304
Epidermis 1,cebpz,-10.606382,-1.0670246,2.783185274077094e-26,4.559450890813534e-25,0.39790575916230364,0.591273374888691
Epidermis 1,smarcd1,-10.615995,-1.1437031,2.5110314206536288e-26,4.11669546431877e-25,0.3307155322862129,0.5565449688334817
Epidermis 1,bicd2,-10.61638,-1.4395936,2.5007122435771248e-26,4.102860290759131e-25,0.23821989528795812,0.46215494211932323
Epidermis 1,gle1,-10.617534,-1.2473981,2.470006285194566e-26,4.0555310119812358e-25,0.3054101221640489,0.5182546749777382
Epidermis 1,rpe,-10.626314,-1.0680083,2.248229422256695e-26,3.699744662372801e-25,0.38394415357766143,0.5983971504897596
Epidermis 1,dus4l,-10.634133,-1.9247235,2.067419890337333e-26,3.407339080592972e-25,0.13263525305410123,0.37934105075690117
Epidermis 1,cfdp1,-10.649386,-1.2750571,1.7551724223062196e-26,2.9036859307918134e-25,0.30279232111692844,0.5191451469278717
Epidermis 1,cspp1,-10.668198,-1.1519512,1.4338073064757996e-26,2.373832263627346e-25,0.3726003490401396,0.5654496883348175
Epidermis 1,rasa2,-10.668646,-1.1694437,1.4269021736827435e-26,2.36419379893175e-25,0.3411867364746946,0.5645592163846839
Epidermis 1,ncapg,-10.702646,-1.5201211,9.891233213757316e-27,1.6463508768680273e-25,0.2164048865619546,0.4505788067675868
Epidermis 1,map3k5,-10.703159,-1.0939882,9.836638817939086e-27,1.639765436564162e-25,0.4214659685863874,0.6046304541406946
Epidermis 1,galnt16,-10.715721,-2.612217,8.588559005522148e-27,1.4339016530948644e-25,0.08726003490401396,0.3348174532502226
Epidermis 1,prdm1,-10.718188,-2.0573995,8.362526072686706e-27,1.3972333953453032e-25,0.12827225130890052,0.37666963490650046
Epidermis 1,kif13a,-10.719854,-1.4809452,8.213227223397143e-27,1.3733397030019086e-25,0.2268760907504363,0.46215494211932323
Epidermis 1,ppargc1a,-10.722739,-2.9808853,7.961045105642689e-27,1.3321929850477693e-25,0.07068062827225131,0.32146037399821903
Epidermis 1,spats2,-10.734435,-1.2680073,7.014648493089748e-27,1.1774357289823952e-25,0.2975567190226876,0.5209260908281389
Epidermis 1,crim1,-10.740909,-1.9258827,6.539763703347637e-27,1.0994158996205606e-25,0.17102966841186737,0.40427426536064115
Epidermis 1,ctbs,-10.798174,-2.0202298,3.511182130027916e-27,5.943949205534457e-26,0.16666666666666666,0.40516473731077474
Epidermis 1,mertk,-10.799135,-1.610052,3.474615403744932e-27,5.886613565614764e-26,0.21291448516579406,0.44879786286731965
Epidermis 1,rnf220.1,-10.805673,-1.1271235,3.23578150300022e-27,5.486246167596566e-26,0.36300174520069806,0.5796972395369546
Epidermis 1,metap2,-10.811504,-1.176203,3.03648697144463e-27,5.152346983195433e-26,0.3307155322862129,0.5574354407836153
Epidermis 1,rrp9,-10.82945,-1.5339743,2.49650561386498e-27,4.2526345823690654e-26,0.2111692844677138,0.44968833481745324
Epidermis 1,snrpb,-10.845088,-1.5993406,2.104331349565585e-27,3.587391748349268e-26,0.18848167539267016,0.43187889581478184
Epidermis 1,rcc2,-10.847427,-1.973664,2.0511750310406785e-27,3.499506673365023e-26,0.13525305410122165,0.38290293855743546
Epidermis 1,eif3g,-10.851722,-1.0263149,1.9570427390507708e-27,3.3415203136797233e-26,0.41535776614310643,0.6215494211932324
Epidermis 1,sulf1,-10.857265,-1.1899257,1.841824036889098e-27,3.1472546835518406e-26,0.4965095986038394,0.6509349955476402
Epidermis 1,nectin1,-10.859925,-1.0334401,1.7889594075042378e-27,3.059316867644982e-26,0.5837696335078534,0.709706144256456
Epidermis 1,trap1,-10.884376,-1.8432276,1.3683297039805574e-27,2.3455084423063426e-26,0.1544502617801047,0.40338379341050756
Epidermis 1,dis3,-10.9028015,-1.3551115,1.1176188437095363e-27,1.920280377053999e-26,0.27399650959860383,0.5022261798753339
Epidermis 1,utp25,-10.904212,-1.5858597,1.1004280617501544e-27,1.892233312486219e-26,0.2111692844677138,0.4505788067675868
Epidermis 1,sumo2,-10.907,-1.4741813,1.0672054123832127e-27,1.8365527841966942e-26,0.22600349040139617,0.4683882457702582
Epidermis 1,utp4,-10.926579,-2.1575463,8.60304423790018e-28,1.482835926660504e-26,0.10732984293193717,0.36420302760463047
Epidermis 1,tbx2,-10.931643,-2.0703466,8.136208948179586e-28,1.4045903121695156e-26,0.14048865619546247,0.38557435440783616
Epidermis 1,cdc7,-10.9493,-1.0472682,6.696334878991779e-28,1.1578504230941332e-26,0.424956369982548,0.6420302760463046
Epidermis 1,mrto4,-10.958753,-1.7894764,6.032481702875291e-28,1.0438920161652793e-26,0.156195462478185,0.40783615316117544
Epidermis 1,celf1,-10.973142,-1.0368432,5.145307616392039e-28,8.910774404546879e-27,0.41710296684118675,0.6197684772929652
Epidermis 1,gpm6b,-11.015858,-1.7044781,3.204689231621941e-28,5.5676372391100615e-27,0.19895287958115182,0.43989314336598395
Epidermis 1,sh3pxd2b,-11.0201845,-1.5504278,3.0543394154381005e-28,5.3148915776933644e-27,0.24781849912739964,0.47105966162065893
Epidermis 1,usp45,-11.0377445,-1.9803032,2.5125998714123825e-28,4.375693678698292e-27,0.1518324607329843,0.396260017809439
Epidermis 1,arhgap19,-11.042135,-1.1725118,2.3927872165842627e-28,4.1737018267853875e-27,0.3612565445026178,0.5690115761353517
Epidermis 1,tmem123,-11.047455,-1.6843727,2.255184258536913e-28,3.936830056442719e-27,0.19022687609075042,0.43365983971504896
Epidermis 1,pxdn,-11.052261,-1.3320192,2.137611265249704e-28,3.7375653380620025e-27,0.29842931937172773,0.5244879786286732
Epidermis 1,ipo5,-11.0571,-1.5426947,2.025397873447032e-28,3.547047110472526e-27,0.22251308900523561,0.4603739982190561
Epidermis 1,cenpn,-11.077289,-1.4107791,1.6169465496097475e-28,2.8362854227519534e-27,0.2547993019197208,0.4870881567230632
Epidermis 1,gnai1,-11.083378,-1.1642001,1.5106418965088816e-28,2.6519482561319635e-27,0.3612565445026178,0.572573463935886
Epidermis 1,hspa14,-11.093697,-1.5883759,1.3460849080268892e-28,2.3706956237332326e-27,0.20855148342059338,0.45325022261798753
Epidermis 1,elf2,-11.098535,-1.373601,1.275168799708598e-28,2.2476137623942906e-27,0.262652705061082,0.5093499554764025
Epidermis 1,tle2,-11.111417,-1.4012535,1.103933361999474e-28,1.9505206390437673e-27,0.2940663176265271,0.5102404274265361
Epidermis 1,LOC734009,-11.118178,-1.9213085,1.023396666558882e-28,1.8096870875997866e-27,0.14659685863874344,0.40071237756010686
Epidermis 1,pola1,-11.126126,-1.0684072,9.361618862966421e-29,1.6581159513700508e-27,0.5296684118673648,0.6918967052537845
Epidermis 1,ifrd1,-11.14154,-1.6538043,7.874583415978355e-29,1.3981390131819665e-27,0.19458987783595114,0.4452359750667854
Epidermis 1,dlc,-11.15894,-1.4990945,6.475867022198165e-29,1.152609251968892e-27,0.27835951134380454,0.5022261798753339
Epidermis 1,srrm4,-11.1782,-1.6369404,5.213680811945337e-29,9.309961456420558e-28,0.28883071553228623,0.4995547640249332
Epidermis 1,ccnj,-11.198869,-1.3682032,4.129714379550297e-29,7.386434219357954e-28,0.2766143106457243,0.5138023152270703
Epidermis 1,sema6a,-11.223448,-1.1148506,3.128308731184327e-29,5.609106394673229e-28,0.4075043630017452,0.6064113980409617
Epidermis 1,amotl2,-11.244886,-1.1648035,2.4541271277804158e-29,4.407531527184894e-28,0.38045375218150085,0.5992876224398932
Epidermis 1,ssx2ip,-11.25309,-2.7434742,2.2361833642383194e-29,4.02273348648346e-28,0.07242582897033159,0.3374888691006233
Epidermis 1,ube2e3,-11.258346,-1.3208247,2.106772074244821e-29,3.7930588640343433e-28,0.3045375218150087,0.5325022261798753
Epidermis 1,LOC100498440,-11.258537,-1.1449025,2.1021811492202163e-29,3.7879186504652634e-28,0.3865619546247818,0.591273374888691
Epidermis 1,adss2,-11.265011,-1.1650677,1.9532800303635452e-29,3.5283545978942817e-28,0.3612565445026178,0.5886019590382903
Epidermis 1,ckap2,-11.284847,-1.2349175,1.559128193920354e-29,2.8210394958155928e-28,0.3612565445026178,0.5618878005342832
Epidermis 1,fat2,-11.311893,-1.1621506,1.1458995151780648e-29,2.078526460573612e-28,0.5008726003490401,0.6518254674977738
Epidermis 1,adgra3,-11.345445,-1.1897972,7.812802778702147e-30,1.4218779769312724e-28,0.35602094240837695,0.5832591273374889
Epidermis 1,abcf1,-11.354642,-1.4957582,7.032757940516375e-30,1.2809833974958916e-28,0.26527050610820246,0.4942119323241318
Epidermis 1,tdp1,-11.362108,-1.4211302,6.456731523810537e-30,1.177045435096656e-28,0.26352530541012215,0.5102404274265361
Epidermis 1,prmt5,-11.363262,-2.4757347,6.372009236732159e-30,1.1625720196883982e-28,0.08900523560209424,0.3570792520035619
Epidermis 1,tmem132e,-11.370665,-1.9373827,5.8540255849241274e-30,1.0689597681056853e-28,0.17015706806282724,0.42297417631344614
Epidermis 1,acvr1b,-11.372234,-1.3451821,5.7496432495992304e-30,1.0516593910268635e-28,0.29842931937172773,0.5280498664292075
Epidermis 1,mars1,-11.405498,-1.2838882,3.925255357494606e-30,7.209848245445269e-29,0.3324607329842932,0.5547640249332146
Epidermis 1,fbxw4,-11.409343,-1.3876305,3.755542229516048e-30,6.903933192103596e-29,0.3036649214659686,0.5316117542297417
Epidermis 1,riok1,-11.409696,-1.3600692,3.7403544959647535e-30,6.881810746749316e-29,0.2862129144851658,0.5173642030276047
Epidermis 1,dus2,-11.419245,-1.048909,3.351316920426317e-30,6.176443118295833e-29,0.4389179755671902,0.6464826357969724
Epidermis 1,pds5b,-11.421969,-1.0000348,3.247905377844866e-30,5.995985046527312e-29,0.4598603839441536,0.674087266251113
Epidermis 1,brip1,-11.468435,-1.8520566,1.9006569592532464e-30,3.523724342214536e-29,0.1806282722513089,0.43187889581478184
Epidermis 1,ralgds,-11.541467,-1.8266681,8.152350270677684e-31,1.520448164585109e-29,0.18324607329842932,0.4390026714158504
Epidermis 1,ssbp4,-11.5879,-1.3976357,4.746261501287659e-31,8.897609297216323e-30,0.38917975567190227,0.572573463935886
Epidermis 1,gab3,-11.602769,-1.2093933,3.989562631117436e-31,7.491931684476211e-30,0.45462478184991273,0.6420302760463046
Epidermis 1,wdr72,-11.606807,-2.8858323,3.805630911971328e-31,7.152684937995379e-30,0.10209424083769633,0.36420302760463047
Epidermis 1,clmn,-11.6134405,-2.2251503,3.5215600470367133e-31,6.630195149817784e-30,0.1169284467713787,0.3846838824577026
Epidermis 1,pcdh19,-11.625136,-1.2349662,3.071008620428101e-31,5.796927258335777e-30,0.43455497382198954,0.616206589492431
Epidermis 1,mbd3,-11.677628,-1.8443124,1.6586101314023748e-31,3.1417128192127795e-30,0.17015706806282724,0.4327693677649154
Epidermis 1,tbc1d4,-11.695156,-1.4109073,1.3493898395458648e-31,2.5604378859765492e-30,0.2879581151832461,0.5235975066785397
Epidermis 1,cd151,-11.69554,-3.388091,1.3432911973638162e-31,2.5510841790840583e-30,0.038394415357766144,0.3205699020480855
Epidermis 1,wdr27,-11.696245,-1.5144874,1.332181343046227e-31,2.532188944826805e-30,0.25043630017452007,0.5031166518254675
Epidermis 1,nsun2,-11.703167,-1.2142061,1.2278336546349787e-31,2.335881270949422e-30,0.34554973821989526,0.5894924309884239
Epidermis 1,nup210,-11.705315,-1.8801669,1.1971467539805717e-31,2.279488596737352e-30,0.16666666666666666,0.42742653606411396
Epidermis 1,cblb,-11.720857,-1.1076078,9.965936971317825e-32,1.8992725821059063e-30,0.44415357766143104,0.6402493321460374
Epidermis 1,pinx1,-11.72483,-1.2350812,9.509169623362483e-32,1.8138076079667198e-30,0.3542757417102967,0.5877114870881567
Epidermis 1,elac2,-11.750915,-1.0134436,6.985828947804197e-32,1.3336638098865737e-30,0.4912739965095986,0.6901157613535174
Epidermis 1,fbl,-11.763893,-1.3885051,5.990669399134635e-32,1.1456827077871768e-30,0.27835951134380454,0.5280498664292075
Epidermis 1,tcf7,-11.7654,-1.0233836,5.884711985400431e-32,1.1272618859065805e-30,0.5680628272251309,0.7275155832591274
Epidermis 1,pomgnt1,-11.775173,-1.2241755,5.240925282015918e-32,1.0067097762224414e-30,0.3743455497382199,0.5948352626892253
Epidermis 1,rtf1,-11.796355,-1.0597886,4.0758517270821e-32,7.836049386489736e-31,0.4781849912739965,0.6812110418521816
Epidermis 1,prpf39.2,-11.801515,-1.09059,3.8334845968448015e-32,7.37658442572755e-31,0.42757417102966844,0.6429207479964381
Epidermis 1,wdr36,-11.806994,-1.7001036,3.5917226288143767e-32,6.923584760014003e-31,0.19458987783595114,0.4594835262689225
Epidermis 1,znf839,-11.829906,-1.3197685,2.7344501336411775e-32,5.280392598777357e-31,0.2879581151832461,0.5565449688334817
Epidermis 1,cdk4,-11.876148,-1.3564683,1.5745682282019807e-32,3.0541025162307045e-31,0.29930191972076786,0.5503116651825467
Epidermis 1,ddx18,-11.879833,-1.2180549,1.5066702515775758e-32,2.9276092216985113e-31,0.36387434554973824,0.5894924309884239
Epidermis 1,ipo7,-11.895504,-1.0098621,1.2489707974468473e-32,2.4333742652756833e-31,0.4912739965095986,0.686553873552983
Epidermis 1,LOC101731820,-11.89967,-1.3312343,1.1881652674915272e-32,2.316975362103004e-31,0.2914485165794066,0.5485307212822796
Epidermis 1,smo,-11.903932,-1.2961532,1.1289987792621476e-32,2.2035672953738212e-31,0.3324607329842932,0.5690115761353517
Epidermis 1,fgd6,-11.91989,-1.5248836,9.323120381989245e-33,1.8229373642955852e-31,0.2670157068062827,0.5129118432769367
Epidermis 1,tp53bp1,-11.963023,-1.6003473,5.5503576390551614e-33,1.087202459980455e-31,0.23036649214659685,0.4888691006233304
Epidermis 1,tfdp2,-11.965202,-1.6642585,5.406553646490201e-33,1.0599856884102666e-31,0.2164048865619546,0.4781834372217275
Epidermis 1,ubr7,-11.975938,-1.5620186,4.750361120013762e-33,9.321729316530602e-32,0.24956369982547993,0.5048975957257347
Epidermis 1,shq1,-11.986128,-1.5629895,4.2008615686365e-33,8.265734922382062e-32,0.23734729493891799,0.4968833481745325
Epidermis 1,zc3h12c,-11.991768,-3.221262,3.9243785717334066e-33,7.728688160089771e-32,0.049738219895287955,0.3374888691006233
Epidermis 1,sass6,-12.000164,-1.6795001,3.545930825146594e-33,6.995999686756223e-32,0.2181500872600349,0.4808548530721282
Epidermis 1,ranbp1,-12.022916,-1.3200306,2.692964519513547e-33,5.337255111744333e-32,0.31762652705061084,0.5645592163846839
Epidermis 1,syn1,-12.029293,-3.3698478,2.4928549278020402e-33,4.949643983582195e-32,0.04799301919720768,0.333926981300089
Epidermis 1,sema6d,-12.040156,-1.4556907,2.185402744256323e-33,4.3487877384593965e-32,0.27835951134380454,0.5289403383793411
Epidermis 1,LOC101731566,-12.076208,-1.0637408,1.4107759979036954e-33,2.819097348924591e-32,0.4720767888307155,0.672306322350846
Epidermis 1,pias4,-12.10947,-1.1353056,9.409927898198256e-34,1.885528344045768e-32,0.4232111692844677,0.6366874443455031
Epidermis 1,ola1,-12.159878,-1.0471909,5.083441950290791e-34,1.0233006162112117e-32,0.5104712041884817,0.6954585930543188
Epidermis 1,eya1,-12.181509,-2.0265756,3.899992752112926e-34,7.872501558173557e-33,0.24083769633507854,0.4746215494211932
Epidermis 1,trit1,-12.181701,-1.981443,3.890808323739337e-34,7.861234114103339e-33,0.1544502617801047,0.4327693677649154
Epidermis 1,elavl3,-12.183945,-1.7277558,3.7852312383381034e-34,7.655007493213694e-33,0.24345549738219896,0.4968833481745325
Epidermis 1,atxn7l3,-12.213041,-1.2700664,2.6480157319716486e-34,5.3951775244961104e-33,0.3333333333333333,0.5823686553873553
Epidermis 1,fam53a,-12.221725,-1.8956285,2.379783609039189e-34,4.853201694658331e-33,0.16666666666666666,0.44701691896705253
Epidermis 1,ncam1,-12.235313,-1.8013399,2.0132714052925194e-34,4.117300406268797e-33,0.2356020942408377,0.48619768477292963
Epidermis 1,cct2,-12.292097,-1.3945101,9.98803564229285e-35,2.0522497716616975e-33,0.306282722513089,0.5494211932324132
Epidermis 1,prmt3,-12.312061,-1.3278788,7.800468253263385e-35,1.6057926203250975e-33,0.3368237347294939,0.5823686553873553
Epidermis 1,phax,-12.319112,-1.4302756,7.147723607732719e-35,1.4728090353572772e-33,0.2731239092495637,0.5449688334817453
Epidermis 1,septin10,-12.413357,-1.1935891,2.211801947609758e-35,4.596545742742146e-34,0.4162303664921466,0.6357969723953696
Epidermis 1,txlna,-12.417875,-1.009289,2.090387543701216e-35,4.348364784661987e-34,0.5279232111692844,0.7168299198575245
Epidermis 1,rhbdd2,-12.4239645,-1.1878008,1.937191298126814e-35,4.033535430956604e-34,0.4013961605584642,0.634906500445236
Epidermis 1,gon4l,-12.425951,-1.2633649,1.8896566818700392e-35,3.9383188591295246e-34,0.3656195462478185,0.6081923419412288
Epidermis 1,ccser2,-12.459182,-1.2194082,1.2464233075526402e-35,2.6076896446889896e-34,0.39965095986038396,0.6304541406945681
Epidermis 1,xrcc1,-12.481998,-1.538243,9.360731776166842e-36,1.965933860324703e-34,0.25741710296684117,0.5218165627782725
Epidermis 1,dlc1,-12.537341,-1.544683,4.663841148263245e-36,9.842328597316466e-35,0.2774869109947644,0.5307212822796082
Epidermis 1,hunk,-12.555574,-1.0021043,3.70481778382784e-36,7.841205515121949e-35,0.56282722513089,0.7390917186108638
Epidermis 1,hells,-12.568233,-1.4894888,3.157028225483028e-36,6.694802031901375e-35,0.3568935427574171,0.5957257346393589
Epidermis 1,clstn1,-12.57227,-1.2910707,2.99983936318252e-36,6.367655130739862e-35,0.39528795811518325,0.6108637577916296
Epidermis 1,casp8ap2,-12.590984,-1.2453899,2.367017160959255e-36,5.029277650369221e-35,0.4144851657940663,0.6518254674977738
Epidermis 1,mphosph10,-12.610116,-1.4225663,1.8571972959816246e-36,3.949893001521933e-35,0.31675392670157065,0.5681211041852182
Epidermis 1,rnf149,-12.610116,-1.5028753,1.8571972959816246e-36,3.949893001521933e-35,0.32722513089005234,0.5654496883348175
Epidermis 1,znhit6,-12.682346,-2.013571,7.408071972870627e-37,1.592625995271034e-35,0.17015706806282724,0.4505788067675868
Epidermis 1,nfia,-12.690037,-1.2159749,6.715398295854885e-37,1.4465617592680102e-35,0.46160558464223383,0.6749777382012466
Epidermis 1,pa2g4,-12.711251,-1.5797473,5.120852249294804e-37,1.1063575933847714e-35,0.25043630017452007,0.5253784505788067
Epidermis 1,gnal,-12.738041,-1.1369044,3.634051764957979e-37,7.866928924915483e-36,0.493891797556719,0.6999109528049866
Epidermis 1,rbm19,-12.756596,-1.7286764,2.8644969882041617e-37,6.207168697080736e-36,0.2181500872600349,0.4977738201246661
Epidermis 1,foxp1,-12.763645,-1.0131383,2.616632517002372e-37,5.675699617645006e-36,0.5680628272251309,0.7453250222617988
Epidermis 1,LOC733735,-12.821744,-2.3137755,1.2388294325736446e-37,2.7086670388967433e-36,0.1256544502617801,0.41763134461264473
Epidermis 1,rpl3,-12.834947,-1.030524,1.044753644073335e-37,2.286616777063615e-36,0.5549738219895288,0.7408726625111309
Epidermis 1,ctnnd2,-12.836036,-1.0739655,1.0301582224290208e-37,2.259204278555142e-36,0.6561954624781849,0.7845057880676759
Epidermis 1,dact1,-12.853212,-1.6470108,8.251149593165608e-38,1.8131755817972483e-36,0.23647469458987783,0.5200356188780053
Epidermis 1,nup205,-12.855743,-1.2195083,7.985406574714631e-38,1.756547952286774e-36,0.39267015706806285,0.6357969723953696
Epidermis 1,cct6a,-12.858115,-1.5981817,7.744206632080908e-38,1.7069326557438132e-36,0.23647469458987783,0.5244879786286732
Epidermis 1,rbm28,-12.860198,-1.1961821,7.538324717734064e-38,1.6632334041018708e-36,0.42670157068062825,0.6464826357969724
Epidermis 1,grb10,-12.862922,-1.6466557,7.277283259191303e-38,1.607263137639812e-36,0.2547993019197208,0.5164737310774711
Epidermis 1,cass4,-12.872183,-1.9923966,6.455151053660883e-38,1.4300289456033922e-36,0.17539267015706805,0.46215494211932323
Epidermis 1,tada2a,-12.880515,-2.1718981,5.794769918521114e-38,1.2850373413826141e-36,0.14397905759162305,0.43544078361531613
Epidermis 1,smarcb1,-12.883206,-1.3202162,5.596121137218998e-38,1.242247806055501e-36,0.3612565445026178,0.6055209260908282
Epidermis 1,atrnl1,-12.890224,-1.5077409,5.109478242904617e-38,1.1353760156662084e-36,0.2975567190226876,0.5574354407836153
Epidermis 1,hsp90ab1,-12.895351,-1.1811125,4.780760124090796e-38,1.0644996598753598e-36,0.462478184991274,0.666073018699911
Epidermis 1,usp36,-12.900703,-1.1456693,4.460070909830175e-38,9.941083485536696e-37,0.4677137870855148,0.6812110418521816
Epidermis 1,arhgap32,-12.913041,-1.0066465,3.799926521975665e-38,8.495716868445799e-37,0.5890052356020943,0.7631344612644702
Epidermis 1,ppid,-12.919322,-1.4207064,3.5021459986233495e-38,7.837982342149756e-37,0.31239092495637,0.5761353517364203
Epidermis 1,wdr43,-12.929993,-1.3617916,3.0484686938189673e-38,6.8366531724382e-37,0.3394415357766143,0.5930543187889582
Epidermis 1,irf6,-12.938101,-1.5283593,2.7432882261672705e-38,6.164911676951186e-37,0.27835951134380454,0.5494211932324132
Epidermis 1,ctdp1,-12.978253,-1.2800206,1.6254529342021344e-38,3.671740007994283e-37,0.4005235602094241,0.6375779162956366
Epidermis 1,sufu,-12.99184,-1.440223,1.361138102873368e-38,3.0778647194611152e-37,0.3089005235602094,0.5743544078361532
Epidermis 1,sipa1l1,-13.009562,-1.2234954,1.0795961843514472e-38,2.4462999313325995e-37,0.44851657940663175,0.649154051647373
Epidermis 1,sall4,-13.024911,-1.1225678,8.830355750567007e-39,2.0029853724856824e-37,0.5069808027923212,0.6999109528049866
Epidermis 1,ift80,-13.029462,-1.6717863,8.319236675738753e-39,1.890979828138493e-37,0.25741710296684117,0.5280498664292075
Epidermis 1,bysl,-13.042024,-1.5930057,7.055910279130968e-39,1.6054954974026784e-37,0.25654450261780104,0.5360641139804097
Epidermis 1,nup188,-13.058655,-1.6918441,5.672093581397452e-39,1.2919702926897057e-37,0.23036649214659685,0.5102404274265361
Epidermis 1,ltbp1,-13.070448,-1.8695511,4.857867491501559e-39,1.1076648540444671e-37,0.268760907504363,0.5173642030276047
Epidermis 1,ddx27,-13.105537,-1.2119753,3.060857810213216e-39,7.030629292280272e-38,0.4223385689354276,0.659839715048976
Epidermis 1,cic,-13.119189,-1.1173407,2.5565651461939065e-39,5.884684393997598e-38,0.4851657940663176,0.7061442564559216
Epidermis 1,syde2,-13.185394,-1.0763668,1.06495211019384e-39,2.4721617017595514e-38,0.5270506108202443,0.7284060552092609
Epidermis 1,bcar1,-13.220965,-2.1656168,6.640642990946483e-40,1.5464831452021687e-38,0.15095986038394416,0.44879786286731965
Epidermis 1,kiaa1328,-13.222375,-1.4778968,6.517304194995951e-40,1.5193813551175925e-38,0.31151832460732987,0.5805877114870882
Epidermis 1,nol9,-13.2412815,-1.7493068,5.067646811814694e-40,1.1839520458309254e-38,0.22164048865619546,0.5129118432769367
Epidermis 1,gpc4,-13.244358,-1.1921724,4.864224018251545e-40,1.1376445048474487e-38,0.45898778359511344,0.6669634906500446
Epidermis 1,ism1,-13.274673,-1.8097688,3.2468485788752454e-40,7.601875841162739e-39,0.24345549738219896,0.5129118432769367
Epidermis 1,lyar,-13.29499,-1.4945922,2.4750669941191612e-40,5.819874663650239e-39,0.3019197207678883,0.5716829919857525
Epidermis 1,hspg2,-13.298226,-1.0429258,2.3702398177605737e-40,5.5793962312139675e-39,0.6352530541012217,0.7666963490650045
Epidermis 1,lrp1,-13.302072,-1.505794,2.2514178668632764e-40,5.3111555970620055e-39,0.3193717277486911,0.5796972395369546
Epidermis 1,LOC100495307,-13.308866,-3.8512006,2.055795504947563e-40,4.854925726565019e-39,0.04363001745200698,0.358860195903829
Epidermis 1,epb41l4b,-13.315146,-1.0373852,1.8900152871149754e-40,4.468258242701612e-39,0.6326352530541012,0.786286731967943
Epidermis 1,sik2,-13.321715,-2.5082393,1.7308355244088657e-40,4.096373316499551e-39,0.12303664921465969,0.42475512021371326
Epidermis 1,has1,-13.338828,-1.7163256,1.3760593038231672e-40,3.2673547408841496e-39,0.24520069808027922,0.5235975066785397
Epidermis 1,ssrp1,-13.345205,-1.0545338,1.2632258300801914e-40,3.005981552691369e-39,0.5514834205933682,0.7542297417631345
Epidermis 1,znf44,-13.353056,-1.1685627,1.136872755896326e-40,2.7112240881326482e-39,0.6029668411867365,0.7506678539626002
Epidermis 1,rbm34,-13.364593,-2.053772,9.736681057812074e-41,2.3245527063732745e-39,0.16753926701570682,0.46482635796972394
Epidermis 1,rasgef1b,-13.372188,-1.4240807,8.791705438147653e-41,2.1012464881250813e-39,0.40924956369982546,0.6313446126447017
Epidermis 1,grsf1,-13.374687,-1.5116324,8.501107092904102e-41,2.034020371428294e-39,0.28883071553228623,0.5716829919857525
Epidermis 1,ifngr1,-13.424197,-1.075754,4.3628849217521173e-41,1.0496418068087426e-39,0.5575916230366492,0.7417631344612645
Epidermis 1,nap1l1,-13.437079,-1.5515054,3.666244816174946e-41,8.839903661188232e-40,0.2801047120418848,0.5654496883348175
Epidermis 1,imp3,-13.46717,-1.3649918,2.440425453372035e-41,5.903827474282836e-40,0.37085514834205935,0.6242208370436332
Epidermis 1,anp32b,-13.483641,-1.5256363,1.952294487248961e-41,4.72819289747609e-40,0.31849912739965097,0.5796972395369546
Epidermis 1,smarca5,-13.494569,-1.174443,1.6833772348914794e-41,4.081441626951886e-40,0.4799301919720768,0.7025823686553874
Epidermis 1,epb41,-13.497581,-1.2434281,1.6159571660524833e-41,3.922336075687568e-40,0.43455497382198954,0.674087266251113
Epidermis 1,pabpc4,-13.506361,-1.1806561,1.4343774200889515e-41,3.4854732387261707e-40,0.4825479930191972,0.6901157613535174
Epidermis 1,zmym2,-13.555487,-1.2858903,7.352273168096261e-42,1.7965728197203639e-40,0.4013961605584642,0.6482635796972396
Epidermis 1,nf1,-13.559877,-1.0571733,6.92520722024668e-42,1.6960151150729834e-40,0.5645724258289704,0.730186999109528
Epidermis 1,mthfd1l,-13.561736,-1.5999166,6.751926107565924e-42,1.6554357257662474e-40,0.2792321116928447,0.5574354407836153
Epidermis 1,fnip2,-13.5807705,-1.9054095,5.207561990508662e-42,1.2825531624705364e-40,0.21029668411867364,0.5031166518254675
Epidermis 1,ube2g1,-13.597851,-1.3861221,4.1237384787191705e-42,1.0167694615156046e-40,0.3856893542757417,0.6277827248441674
Epidermis 1,ube2e1,-13.650982,-1.1419885,1.9917608178730582e-42,4.92768852684898e-41,0.5157068062827225,0.7471059661620659
Epidermis 1,sestd1,-13.698185,-1.3899252,1.0409396441010308e-42,2.592961640859428e-41,0.3717277486910995,0.6188780053428317
Epidermis 1,dcps,-13.734139,-1.8084031,6.340458795775877e-43,1.5848241853679886e-41,0.2181500872600349,0.5173642030276047
Epidermis 1,smtn,-13.737729,-1.0707829,6.033897335712796e-43,1.509927451405836e-41,0.6675392670157068,0.7729296527159395
Epidermis 1,capn8.3,-13.755835,-1.8356217,4.6982744411722e-43,1.1784028342622825e-41,0.35340314136125656,0.5921638468388246
Epidermis 1,cdk12,-13.75952,-1.0387945,4.4648255093303985e-43,1.1211387507376136e-41,0.5698080279232112,0.7729296527159395
Epidermis 1,serinc5,-13.77096,-1.1203053,3.811147983808022e-43,9.580997713672217e-42,0.5174520069808028,0.7248441674087266
Epidermis 1,cdc25b,-13.794385,-1.7081393,2.7549153898789617e-43,6.941686919462913e-42,0.2914485165794066,0.5672306322350846
Epidermis 1,cct5,-13.80951,-1.0443339,2.233437244163852e-43,5.640721539918913e-42,0.5968586387434555,0.8085485307212823
Epidermis 1,enah,-13.843383,-1.3526856,1.394851446767876e-43,3.530980675164945e-42,0.4048865619546248,0.6500445235975066
Epidermis 1,cep85l,-13.878248,-1.5717576,8.581601511852513e-44,2.177431704536438e-42,0.34904013961605584,0.5948352626892253
Epidermis 1,naf1,-13.8869,-1.6623633,7.605624590728513e-44,1.9320411431232466e-42,0.26352530541012215,0.553873552983081
Epidermis 1,LOC100492966,-13.894142,-2.5153816,6.874185815727364e-44,1.752355241647042e-42,0.17975567190226877,0.4701691896705254
Epidermis 1,tcp1,-13.901224,-1.4312658,6.226690393153874e-44,1.5891533458363824e-42,0.3394415357766143,0.6179875333926982
Epidermis 1,uba1,-13.907057,-1.1047553,5.739299451796848e-44,1.4664783763191923e-42,0.5287958115183246,0.7310774710596616
Epidermis 1,zmiz1,-13.914363,-1.1022649,5.181946348970891e-44,1.3256184206435383e-42,0.5636998254799301,0.7453250222617988
Epidermis 1,polr1b,-13.967334,-2.3188078,2.466889725625147e-44,6.332941259160746e-43,0.13350785340314136,0.45503116651825465
Epidermis 1,rrp1b,-13.967751,-1.3730427,2.4525048022880834e-44,6.303428420580478e-43,0.36910994764397903,0.641139804096171
Epidermis 1,fgd1,-13.9861765,-1.7529458,1.893191108957771e-44,4.888913986812724e-43,0.22425828970331588,0.5351736420302761
Epidermis 1,lmx1b.1,-14.039052,-1.4942763,8.990762149748484e-45,2.332787406297999e-43,0.4973821989528796,0.6954585930543188
Epidermis 1,dus3l,-14.0617075,-2.0547948,6.529134731001981e-45,1.7001461690357307e-43,0.17713787085514834,0.4897595725734639
Epidermis 1,rnmt,-14.065233,-1.3043032,6.211811898444197e-45,1.6194497901547293e-43,0.41710296684118675,0.6838824577025824
Epidermis 1,ankrd10,-14.092054,-1.7626356,4.250127599722923e-45,1.1106830461503461e-43,0.2591623036649215,0.5529830810329475
Epidermis 1,kri1,-14.112115,-1.2128919,3.198387633349461e-45,8.378393343015437e-44,0.4642233856893543,0.7008014247551202
Epidermis 1,dll1,-14.165151,-2.252619,1.5054447278447628e-45,3.9578686031687435e-44,0.22164048865619546,0.5138023152270703
Epidermis 1,klhdc4,-14.166208,-1.8198119,1.4829513464710818e-45,3.903435625011517e-44,0.22600349040139617,0.5333926981300089
Epidermis 1,rcl1,-14.1863,-1.9855059,1.1138192906278177e-45,2.935344292365895e-44,0.19982547993019198,0.5040071237756011
Epidermis 1,npm1,-14.207867,-1.3723471,8.1881959043366e-46,2.1631310269797693e-44,0.40924956369982546,0.667853962600178
Epidermis 1,taok3,-14.224594,-1.3768172,6.447700624243155e-46,1.7053972766255744e-44,0.43019197207678883,0.6562778272484416
Epidermis 1,hira,-14.240585,-1.1580015,5.129573663082389e-46,1.3600537898192078e-44,0.5069808027923212,0.7284060552092609
Epidermis 1,med15,-14.240682,-1.4313159,5.1225216291172715e-46,1.3598363074083698e-44,0.3586387434554974,0.6366874443455031
Epidermis 1,robo1,-14.249013,-1.1397767,4.5466119442132124e-46,1.2098977955448355e-44,0.68760907504363,0.8094390026714159
Epidermis 1,smarcad1,-14.249173,-1.3736727,4.536192949480769e-46,1.2085991007401693e-44,0.39790575916230364,0.667853962600178
Epidermis 1,bop1,-14.258082,-1.5894331,3.992785019657189e-46,1.0651168938134417e-44,0.29232111692844676,0.5948352626892253
Epidermis 1,rbm27,-14.261767,-1.1879601,3.787408779568326e-46,1.011567282484216e-44,0.4912739965095986,0.7212822796081924
Epidermis 1,suz12,-14.314289,-1.1038145,1.781756900869616e-46,4.770517464279251e-45,0.5610820244328097,0.7871772039180766
Epidermis 1,dhx37,-14.319257,-1.6152523,1.6588827882994986e-46,4.452457727365727e-45,0.3036649214659686,0.5877114870881567
Epidermis 1,eif3c,-14.319545,-1.1823052,1.65201304383886e-46,4.439479880493567e-45,0.5043630017452007,0.7266251113089938
Epidermis 1,copg2,-14.328614,-1.5587307,1.449856566487441e-46,3.901025910890561e-45,0.32111692844677137,0.609973285841496
Epidermis 1,dnajc2,-14.333132,-1.3139501,1.3585252409112244e-46,3.659799911348621e-45,0.41972076788830714,0.6874443455031166
Epidermis 1,arhgap12,-14.405939,-1.6778587,4.748180484836864e-47,1.2838915286198911e-45,0.28272251308900526,0.5796972395369546
Epidermis 1,git1,-14.412957,-1.380846,4.2894323107206313e-47,1.1612866309210286e-45,0.38045375218150085,0.6562778272484416
Epidermis 1,nop53,-14.423469,-1.2528088,3.6835760937512174e-47,9.985007943073954e-46,0.44851657940663175,0.705253784505788
Epidermis 1,eif5b,-14.446733,-1.424418,2.628610976345482e-47,7.160913872014328e-46,0.4232111692844677,0.6571682991985752
Epidermis 1,cwc27,-14.451764,-1.730611,2.4434589563018953e-47,6.664839735682957e-46,0.30017452006980805,0.5796972395369546
Epidermis 1,naa25,-14.466537,-1.7209877,1.9715076732416958e-47,5.391011145088602e-46,0.2425828970331588,0.5627782724844167
Epidermis 1,evi5,-14.487079,-1.1129811,1.462318879893405e-47,4.00367130215232e-46,0.5802792321116929,0.7764915405164737
Epidermis 1,supt16h,-14.50214,-1.1790506,1.1743160627726593e-47,3.2272985901463727e-46,0.5200698080279232,0.7595725734639359
Epidermis 1,khdrbs1,-14.504063,-1.0171064,1.1418721061659447e-47,3.142092210422078e-46,0.6343804537521816,0.8156723063223509
Epidermis 1,gtf2f2,-14.537357,-1.5068169,7.025266898924023e-48,1.9404854303977354e-46,0.35340314136125656,0.6295636687444346
Epidermis 1,tcof1,-14.547836,-1.2325728,6.027966591069471e-48,1.6713628841642557e-46,0.49825479930191974,0.7284060552092609
Epidermis 1,nsd2,-14.609331,-1.3150923,2.4490958703753745e-48,6.833979665915735e-47,0.4694589877835951,0.709706144256456
Epidermis 1,prkce,-14.620067,-1.0816592,2.0919555879217566e-48,5.844886412809303e-47,0.6465968586387435,0.7898486197684773
Epidermis 1,itga6,-14.67746,-2.270435,8.98953806993091e-49,2.521345889768154e-47,0.16055846422338568,0.4879786286731968
Epidermis 1,ipmk,-14.699155,-3.0114748,6.526945262626735e-49,1.840109464803333e-47,0.08638743455497382,0.42831700801424755
Epidermis 1,mapk11,-14.727963,-1.4807942,4.263620693260205e-49,1.2035765478348117e-47,0.3743455497382199,0.6447016918967052
Epidermis 1,usp10,-14.730367,-1.0609181,4.1146628172677e-49,1.163031830772001e-47,0.6108202443280978,0.8103294746215495
Epidermis 1,zmym3,-14.78196,-1.0862824,1.915112016288568e-49,5.4342859957649996e-48,0.5968586387434555,0.8032056990204809
Epidermis 1,hdac9,-14.786607,-2.488391,1.787411109927421e-49,5.0785283632456054e-48,0.1431064572425829,0.47373107747105964
Epidermis 1,bms1,-14.836148,-1.5422817,8.552730254744399e-50,2.4395964299186607e-48,0.3551483420593368,0.634906500445236
Epidermis 1,kpna2,-14.88614,-2.225473,4.0551836333359464e-50,1.1597400008259985e-48,0.17102966841186737,0.4995547640249332
Epidermis 1,rsl1d1,-14.912801,-1.7167234,2.720936641902929e-50,7.812310324074187e-49,0.27486910994764396,0.585040071237756
Epidermis 1,plcb3,-15.009867,-1.2999746,6.327474695475761e-51,1.836061507047561e-49,0.5218150087260035,0.7444345503116652
Epidermis 1,trim28,-15.029478,-1.1822076,4.706969777937603e-51,1.3676536288199258e-49,0.5349040139616056,0.7729296527159395
Epidermis 1,resf1,-15.029478,-1.7472167,4.706969777937603e-51,1.3676536288199258e-49,0.29930191972076786,0.5966162065894924
Epidermis 1,dlg5,-15.037586,-1.1637161,4.1646224181247984e-51,1.21330074480509e-49,0.6178010471204188,0.792520035618878
Epidermis 1,znf827,-15.0691185,-1.4362423,2.5853909626600367e-51,7.58277099411353e-50,0.42844677137870857,0.6918967052537845
Epidermis 1,ets1,-15.125006,-2.4248817,1.1079094225504894e-51,3.2625764520208137e-50,0.16579406631762653,0.4959928762243989
Epidermis 1,cbx3,-15.145002,-1.4364965,8.175203633135303e-52,2.410690790251966e-50,0.3769633507853403,0.6776491540516474
Epidermis 1,fgd4,-15.149969,-1.6812537,7.580221514488954e-52,2.238268114582726e-50,0.32460732984293195,0.6055209260908282
Epidermis 1,mthfd1,-15.164293,-1.7519382,6.095131360549738e-52,1.802193244153873e-50,0.28184991273996507,0.5921638468388246
Epidermis 1,ivns1abp,-15.222456,-1.6247349,2.5093201795549927e-52,7.449778998376801e-51,0.31413612565445026,0.6268922528940338
Epidermis 1,nup58,-15.296128,-1.2543088,8.114249688463519e-53,2.4188667001634216e-51,0.5034904013961605,0.7479964381121995
Epidermis 1,esf1,-15.328398,-1.4771858,4.940219209294615e-53,1.4767194981646273e-51,0.4005235602094241,0.686553873552983
Epidermis 1,srfbp1,-15.390406,-1.9857297,1.8983840776830464e-53,5.7058731348652556e-52,0.21727748691099477,0.5512021371326803
Epidermis 1,tnpo2,-15.399859,-1.1390346,1.6402651238053128e-53,4.9436775230049355e-52,0.5767888307155323,0.7898486197684773
Epidermis 1,hsf2,-15.421233,-1.2708809,1.1783240417477551e-53,3.561247772157585e-52,0.5174520069808028,0.755120213713268
Epidermis 1,arhgef17,-15.422835,-1.3739185,1.1494457086655906e-53,3.478787074728412e-52,0.4581151832460733,0.7221727515583259
Epidermis 1,spag9,-15.44062,-1.3310459,8.725638902894255e-54,2.651840759053698e-52,0.4860383944153578,0.730186999109528
Epidermis 1,lin28b,-15.455842,-1.7682992,6.890490649827962e-54,2.0970348182691208e-52,0.2801047120418848,0.5983971504897596
Epidermis 1,ptges3,-15.513652,-1.5829737,2.804620182804244e-54,8.57137493122849e-53,0.3403141361256545,0.6464826357969724
Epidermis 1,schip1,-15.545089,-2.5361547,1.7178453771099579e-54,5.27216652235111e-53,0.14223385689354276,0.4906500445235975
Epidermis 1,foxn3,-15.5670395,-1.368978,1.2192044908005785e-54,3.752364061179044e-53,0.45549738219895286,0.7088156723063224
Epidermis 1,LOC100488469,-15.57284,-2.0541725,1.1135132161852985e-54,3.4319169336694066e-53,0.24607329842931938,0.560106856634016
Epidermis 1,cbx5,-15.585947,-1.6948898,9.070962588853645e-55,2.799681395351844e-53,0.3010471204188482,0.6242208370436332
Epidermis 1,cad,-15.597355,-2.360319,7.587336410952467e-55,2.345088779368184e-53,0.1649214659685864,0.5102404274265361
Epidermis 1,ppat,-15.599598,-2.326106,7.325400306889284e-55,2.267341277966398e-53,0.16230366492146597,0.5075690115761353
Epidermis 1,ilf2,-15.600592,-1.252541,7.212296332529099e-55,2.2355045209107597e-53,0.5200698080279232,0.7702582368655387
Epidermis 1,c21orf91,-15.608603,-3.0409977,6.3615006095964365e-55,1.9745989303272238e-53,0.09075043630017451,0.45235975066785394
Epidermis 1,phf14,-15.657184,-1.3502781,2.9675095785192668e-55,9.277081162302137e-54,0.5130890052356021,0.7373107747105966
Epidermis 1,nrxn1,-15.666862,-3.3182425,2.548583325715029e-55,7.978857496474556e-54,0.13612565445026178,0.4719501335707925
Epidermis 1,cdc42bpa,-15.795748,-1.3805197,3.328231718996915e-56,1.0540688583487908e-54,0.4581151832460733,0.717720391807658
Epidermis 1,gldc,-15.8041115,-2.0639946,2.914702541489108e-56,9.257892890514385e-55,0.2862129144851658,0.5841495992876224
Epidermis 1,efnb2,-15.8162565,-1.1908151,2.4036483705081215e-56,7.645774211786839e-55,0.6404886561954625,0.8165627782724845
Epidermis 1,lrig1,-15.844873,-1.5370095,1.5252805617187695e-56,4.8659571838107125e-55,0.4013961605584642,0.6758682101513802
Epidermis 1,atxn7,-15.878393,-1.3564142,8.944091028038238e-57,2.8701325047473883e-55,0.47294938917975565,0.7373107747105966
Epidermis 1,tcf12,-15.965525,-1.3337193,2.2216727430740872e-57,7.171467592695216e-56,0.512216404886562,0.7649154051647373
Epidermis 1,mast3,-15.993853,-1.8783661,1.4103342190998756e-57,4.579598659967022e-56,0.27225130890052357,0.5957257346393589
Epidermis 1,pitpnc1,-16.012568,-2.6932316,1.0441196524551449e-57,3.400557453167719e-56,0.11954624781849912,0.4870881567230632
Epidermis 1,utp3,-16.115656,-1.5705142,1.9804837601096154e-58,6.498667087120589e-57,0.3856893542757417,0.666073018699911
Epidermis 1,nom1,-16.156898,-1.8324455,1.0154232189751361e-58,3.347061942787983e-57,0.25392670157068065,0.6073018699910953
Epidermis 1,nolc1,-16.187054,-1.1092675,6.223787898616289e-59,2.0577162990258493e-57,0.6701570680628273,0.8566340160284951
Epidermis 1,celf3,-16.225605,-2.1854858,3.3242830783765966e-59,1.100746298228463e-57,0.2198952879581152,0.5565449688334817
Epidermis 1,fbxw7,-16.248068,-1.0023559,2.305135647157723e-59,7.644432364229282e-58,0.7460732984293194,0.8842386464826358
Epidermis 1,adcy7,-16.296232,-2.0631971,1.0496598781253233e-59,3.496889801614149e-58,0.2425828970331588,0.5761353517364203
Epidermis 1,tle1,-16.323278,-1.006191,6.741527847584945e-60,2.2493406599717293e-58,0.7827225130890052,0.9234194122885129
Epidermis 1,chaf1a,-16.343788,-1.0617061,4.816535890874144e-60,1.614464357523267e-58,0.8368237347294939,0.9572573463935886
Epidermis 1,brwd3,-16.39429,-1.051586,2.1007575257601153e-60,7.085105095766843e-59,0.6972076788830716,0.8539626001780944
Epidermis 1,dtx4,-16.3974,-2.670589,1.9959994835571221e-60,6.742214354597517e-59,0.12914485165794065,0.5048975957257347
Epidermis 1,tmeff1,-16.413006,-1.9870659,1.5436955997414147e-60,5.222477780148435e-59,0.28184991273996507,0.5948352626892253
Epidermis 1,LOC116406756,-16.436207,-4.3567123,1.053072423305394e-60,3.5737314695096425e-59,0.034904013961605584,0.42742653606411396
Epidermis 1,rsrc1,-16.61986,-1.5303777,5.0050246295726956e-62,1.725349801609886e-60,0.43717277486910994,0.715939447907391
Epidermis 1,mettl24,-16.641329,-3.2836294,3.4976622975906384e-62,1.2095481615804329e-60,0.0881326352530541,0.47373107747105964
Epidermis 1,xnf7,-16.64931,-1.4800811,3.0611811673984423e-62,1.0619719277233928e-60,0.43717277486910994,0.7248441674087266
Epidermis 1,ksr2,-16.673792,-2.2155213,2.032817001053512e-62,7.063391684711575e-61,0.22774869109947643,0.5707925200356189
Epidermis 1,frmd4a,-16.793673,-1.3022063,2.715087011443056e-63,9.54040477885651e-62,0.5602094240837696,0.7871772039180766
Epidermis 1,znf281,-16.831839,-1.2605311,1.4260282632219724e-63,5.027037598023693e-62,0.5671902268760908,0.8147818343722173
Epidermis 1,ugdhl,-16.83905,-4.169211,1.2624833765182387e-63,4.457710316991017e-62,0.06195462478184991,0.4514692787177204
Epidermis 1,rnf44,-16.86914,-1.5248526,7.589325201590284e-64,2.6971769580439997e-62,0.4205933682373473,0.7132680320569902
Epidermis 1,bud23,-16.87824,-1.6387312,6.505457598710253e-64,2.3157518802847704e-62,0.3621291448516579,0.6838824577025824
Epidermis 1,ddx52,-16.909966,-1.5545088,3.799282489886172e-64,1.3568599543667131e-62,0.4083769633507853,0.7043633125556545
Epidermis 1,srek1,-16.930698,-1.1748126,2.6718733704231962e-64,9.589300792106013e-63,0.6195462478184991,0.8334817453250223
Epidermis 1,bsg,-16.958931,-1.6059203,1.6532439422585548e-64,5.943234936412508e-63,0.5017452006980803,0.7515583259127337
Epidermis 1,amotl1,-16.96784,-3.521893,1.420625820354596e-64,5.115425086791689e-63,0.07417102966841187,0.4692787177203918
Epidermis 1,pard6g,-16.973032,-2.2126813,1.3004289371893968e-64,4.690356998084269e-63,0.22164048865619546,0.5761353517364203
Epidermis 1,pdcd11,-16.979343,-1.397522,1.1678391439876778e-64,4.2191089339329665e-63,0.5043630017452007,0.7658058771148709
Epidermis 1,etv1,-16.980145,-1.2239804,1.152006533587126e-64,4.1688117030521853e-63,0.7041884816753927,0.8664292074799644
Epidermis 1,tenm4,-16.989439,-1.3253869,9.83261073509116e-65,3.564076392864189e-63,0.631762652705061,0.7934105075690115
Epidermis 1,nrg1,-17.079678,-3.6126983,2.102753445772016e-65,7.672940291001867e-64,0.08027923211169284,0.47373107747105964
Epidermis 1,polr3a,-17.088715,-1.14494,1.800988729330731e-65,6.593854876296288e-64,0.662303664921466,0.8504007123775601
Epidermis 1,tnpo1,-17.109257,-1.2326319,1.2660612935560741e-65,4.643146804485226e-64,0.6178010471204188,0.8281389136242209
Epidermis 1,rapgef5,-17.114223,-1.0680958,1.1625638819583037e-65,4.270758664682179e-64,0.8176265270506108,0.8878005342831701
Epidermis 1,plcg1,-17.14175,-2.0963762,7.24371849322856e-66,2.66551739023171e-64,0.2582897033158813,0.603739982190561
Epidermis 1,marf1,-17.154793,-1.0136878,5.787632665718894e-66,2.1369193299264296e-64,0.7643979057591623,0.8878005342831701
Epidermis 1,nol8,-17.232374,-1.2833366,1.5179041907791063e-66,5.633025059012054e-65,0.5794066317626527,0.8005342831700801
Epidermis 1,brd7,-17.261663,-1.0792227,9.143766341347167e-67,3.404882684889702e-65,0.7321116928446771,0.8860195903829029
Epidermis 1,wwtr1,-17.285185,-1.2091396,6.082562124631645e-67,2.2727326733148483e-65,0.7146596858638743,0.8584149599287623
Epidermis 1,mad1l1,-17.31191,-1.0894234,3.8250546237350287e-67,1.434132593548489e-65,0.7966841186736475,0.8895814781834372
Epidermis 1,pum3,-17.312136,-1.7701325,3.810180191194458e-67,1.4310144914295057e-65,0.3394415357766143,0.6705253784505788
Epidermis 1,cachd1,-17.328157,-1.0959804,2.8841841281905367e-67,1.0869737799869724e-65,0.7094240837696335,0.8504007123775601
Epidermis 1,rras,-17.364273,-2.5692158,1.5383531608865476e-67,5.807682408945563e-66,0.156195462478185,0.5422974176313446
Epidermis 1,disp1,-17.388563,-2.263929,1.0072697758087744e-67,3.809295282135748e-66,0.22600349040139617,0.5877114870881567
Epidermis 1,fgfr1,-17.39446,-1.1081475,9.087912929165893e-68,3.442835903252239e-66,0.7068062827225131,0.8771148708815673
Epidermis 1,fam171a1,-17.413464,-1.8061078,6.521696336324073e-68,2.4749554044335236e-66,0.3324607329842932,0.6580587711487088
Epidermis 1,rbms2,-17.482584,-1.4616987,1.9447977709061907e-68,7.432124721356216e-67,0.4895287958115183,0.7577916295636687
Epidermis 1,aatf,-17.484636,-1.4215052,1.87607950491408e-68,7.182093136268446e-67,0.49476439790575916,0.7818343722172751
Epidermis 1,znf521,-17.510529,-1.7711633,1.1908350691391039e-68,4.566821097308328e-67,0.5078534031413613,0.7355298308103295
Epidermis 1,mta1,-17.510944,-1.5197985,1.1821518314666238e-68,4.54150266099176e-67,0.450261780104712,0.748886910062333
Epidermis 1,naca,-17.524757,-1.189284,9.273762828725492e-69,3.5690084424271426e-67,0.6369982547993019,0.8539626001780944
Epidermis 1,lrpprc,-17.536358,-1.417034,7.562257292853353e-69,2.9154773213313253e-67,0.5331588132635253,0.786286731967943
Epidermis 1,gnl3l,-17.539433,-1.6820501,7.163814651856228e-69,2.7667539737726507e-67,0.3682373472949389,0.699020480854853
Epidermis 1,abi2,-17.54533,-2.1686034,6.457696019241095e-69,2.4984642701393605e-67,0.2338568935427574,0.5992876224398932
Epidermis 1,spata5,-17.575035,-1.1623425,3.82648892805337e-69,1.483087298384593e-67,0.7617801047120419,0.8824577025823687
Epidermis 1,tfap4,-17.583464,-2.2777998,3.297994247134267e-69,1.2805254887316164e-67,0.2111692844677138,0.5886019590382903
Epidermis 1,impdh1,-17.658226,-1.3466969,8.796167115379539e-70,3.4336522830893902e-68,0.5741710296684118,0.8121104185218165
Epidermis 1,flot2,-17.699692,-1.3589638,4.2160416369826145e-70,1.648714060225764e-68,0.5418848167539267,0.8023152270703473
Epidermis 1,mcph1,-17.701359,-1.4383583,4.0931207047232395e-70,1.6035186157588117e-68,0.5584642233856894,0.8032056990204809
Epidermis 1,map3k4,-17.759842,-1.1523844,1.4464239333881379e-70,5.697187121022122e-69,0.7678883071553229,0.8797862867319679
Epidermis 1,strbp,-17.788939,-1.7637265,8.609509487859946e-71,3.4034077270759396e-69,0.387434554973822,0.6954585930543188
Epidermis 1,LOC116406446,-17.790766,-1.5350946,8.333392173616462e-71,3.300235038484298e-69,0.45200698080279234,0.7524487978628673
Epidermis 1,camk2d,-17.82733,-1.8896985,4.336484748384459e-71,1.7267597389506802e-69,0.33595113438045376,0.672306322350846
Epidermis 1,dmd.3,-17.866169,-1.5039256,2.1635518398535233e-71,8.678467775265391e-70,0.49040139616055844,0.7631344612644702
Epidermis 1,smurf2,-17.926542,-1.0573844,7.319323064593225e-72,2.9467702692341097e-70,0.7364746945898778,0.8780053428317008
Epidermis 1,plxna1,-17.937532,-1.0734135,6.006291143772359e-72,2.4226114426664814e-70,0.7844677137870855,0.8806767586821015
Epidermis 1,rapgef1,-18.022133,-1.6073874,1.3060929518172705e-72,5.327150336748535e-71,0.42844677137870857,0.7292965271593945
Epidermis 1,tent4b,-18.174765,-1.4927278,8.177790241871029e-74,3.3732998273699e-72,0.5724258289703316,0.7934105075690115
Epidermis 1,mib1,-18.201683,-1.1261239,5.004602189845626e-74,2.0682845527390417e-72,0.7242582897033158,0.8860195903829029
Epidermis 1,chtf18,-18.205305,-1.7064874,4.6844241367124715e-74,1.9396360358103006e-72,0.41273996509598604,0.7328584149599288
Epidermis 1,msi1,-18.229979,-1.7789252,2.9843358395017234e-74,1.2404036638812783e-72,0.3769633507853403,0.6999109528049866
Epidermis 1,vezf1,-18.271381,-1.6221313,1.3986335757343452e-74,5.824347949637242e-73,0.424956369982548,0.7346393588601959
Epidermis 1,bc014685,-18.310574,-1.5464028,6.814820972260872e-75,2.848777939381312e-73,0.4738219895287958,0.7577916295636687
Epidermis 1,dhx32,-18.31772,-2.1260302,5.976509971351591e-75,2.5031367386729956e-73,0.2801047120418848,0.6482635796972396
Epidermis 1,fip1l1,-18.436447,-1.4029893,6.700094455231781e-76,2.822447125629589e-74,0.5523560209424084,0.8352626892252895
Epidermis 1,cdkal1,-18.489738,-1.1012328,2.4975903352276838e-76,1.054157034913023e-74,0.7975567190226877,0.9198575244879786
Epidermis 1,prkx,-18.569948,-1.5042193,5.625648620062968e-77,2.392929406206511e-75,0.618673647469459,0.8103294746215495
Epidermis 1,pde4a,-18.594175,-2.676165,3.581798737128131e-77,1.5265318406811122e-75,0.2530541012216405,0.6179875333926982
Epidermis 1,ccdc86,-18.639519,-1.28601,1.5361462787748035e-77,6.572597637087252e-76,0.6884816753926701,0.8762243989314337
Epidermis 1,mcc,-18.643076,-1.4824628,1.4373186491586639e-77,6.161833053691788e-76,0.5479930191972077,0.8005342831700801
Epidermis 1,phf10,-18.809937,-1.1874856,6.261239517021982e-79,2.7490242957934945e-77,0.7111692844677138,0.8895814781834372
Epidermis 1,fer,-18.818686,-1.8244467,5.3085611964943376e-79,2.3449010904595737e-77,0.36736474694589877,0.709706144256456
Epidermis 1,bub1,-18.824326,-1.5718255,4.7724976586219503e-79,2.112386843991675e-77,0.5584642233856894,0.7791629563668745
Epidermis 1,dock1,-18.87265,-1.2181066,1.9145402887499155e-79,8.508591372874115e-78,0.7233856893542757,0.8726625111308994
Epidermis 1,pcsk5,-18.882038,-1.2335167,1.6027772247145124e-79,7.152188511348747e-78,0.7478184991273996,0.8886910062333037
Epidermis 1,gli3,-18.891973,-1.5660939,1.3278883716412719e-79,5.937674622455777e-78,0.5610820244328097,0.7916295636687445
Epidermis 1,ctps1,-18.900785,-2.2018557,1.1236723671921857e-79,5.034836699076115e-78,0.2600349040139616,0.6402493321460374
Epidermis 1,myo10,-18.922064,-1.7467296,7.505743288455701e-80,3.370016960851684e-78,0.4537521815008726,0.736420302760463
Epidermis 1,slc12a2,-18.961576,-1.6715503,3.5436793796307624e-80,1.5976575979942741e-78,0.4476439790575916,0.7666963490650045
Epidermis 1,pprc1,-18.979746,-1.6442578,2.508089166252022e-80,1.1354567157009413e-78,0.4965095986038394,0.7640249332146037
Epidermis 1,hnrnpul1,-19.048676,-1.5650535,6.738642474307127e-81,3.06981038479866e-79,0.4956369982547993,0.786286731967943
Epidermis 1,nol10,-19.10953,-1.7655747,2.1035847882246416e-81,9.643345307531492e-80,0.40226876090750435,0.742653606411398
Epidermis 1,samd4a,-19.118502,-1.6154485,1.7712252755207577e-81,8.136822470976515e-80,0.49214659685863876,0.7853962600178095
Epidermis 1,tns3,-19.12459,-1.6596401,1.5760645699733347e-81,7.255549574132519e-80,0.47033158813263526,0.7542297417631345
Epidermis 1,slc9a3r2,-19.142439,-1.606296,1.1190539463754654e-81,5.162553100181613e-80,0.6326352530541012,0.8299198575244879
Epidermis 1,lamb1,-19.197044,-1.8290433,3.917545225350678e-82,1.8111176771690075e-80,0.493891797556719,0.7533392698130009
Epidermis 1,rcor1,-19.209063,-1.7380533,3.108310482155812e-82,1.440051869025944e-80,0.456369982547993,0.7631344612644702
Epidermis 1,auts2,-19.258251,-1.6189276,1.2037459149267857e-82,5.61259393367893e-81,0.5043630017452007,0.7969723953695459
Epidermis 1,nop2,-19.267225,-1.6570302,1.0122099744861494e-82,4.729643223396631e-81,0.4642233856893543,0.7649154051647373
Epidermis 1,nop56,-19.276966,-1.547357,8.385243850426842e-83,3.9264894004327064e-81,0.5104712041884817,0.7969723953695459
Epidermis 1,ptpn13,-19.331379,-1.186805,2.9249297280139637e-83,1.3725783138708107e-81,0.7862129144851658,0.9029385574354408
Epidermis 1,mark4,-19.363937,-2.3756254,1.5553075337858899e-83,7.33010058201769e-82,0.22338568935427575,0.6268922528940338
Epidermis 1,znf423,-19.423767,-1.5234507,4.859230052605694e-84,2.3000706936639663e-82,0.6518324607329843,0.8334817453250223
Epidermis 1,arhgef2,-19.53631,-1.2888205,5.394436432063143e-85,2.598498838499997e-83,0.6980802792321117,0.8895814781834372
Epidermis 1,fchsd2,-19.796999,-2.0693438,3.1596640807404956e-87,1.5634247144181034e-85,0.38394415357766143,0.7150489759572574
Epidermis 1,brf1,-19.80296,-1.2280799,2.8070934217731527e-87,1.392126944466181e-85,0.7478184991273996,0.9011576135351737
Epidermis 1,adam33,-19.854874,-1.9472698,1.0001557257814177e-87,4.982739290474044e-86,0.42844677137870857,0.7435440783615316
Epidermis 1,plscr1,-19.884834,-1.6951786,5.506290597555809e-88,2.7557974112216813e-86,0.4607329842931937,0.7907390917186109
Epidermis 1,mtf2,-19.892494,-1.3466827,4.726494345866246e-88,2.3709616809459164e-86,0.6492146596858639,0.8762243989314337
Epidermis 1,ipo11,-19.975492,-1.818085,8.999359099526138e-89,4.577506175075987e-87,0.4048865619546248,0.7604630454140695
Epidermis 1,ago2,-20.103289,-1.3111846,6.906193174898818e-90,3.562648729774636e-88,0.6980802792321117,0.8958147818343722
Epidermis 1,dzip1,-20.134308,-2.4460766,3.6943345945644264e-90,1.9102861418955058e-88,0.2338568935427574,0.6464826357969724
Epidermis 1,baz2a,-20.158375,-1.1711493,2.272244559962746e-90,1.1805392510225495e-88,0.7888307155322862,0.943900267141585
Epidermis 1,arhgap21,-20.282326,-1.1668752,1.842104996521219e-91,9.685921235925186e-90,0.7827225130890052,0.9287622439893143
Epidermis 1,prmt1,-20.320524,-1.5378859,8.466740650061654e-92,4.473432148304972e-90,0.587260034904014,0.8486197684772929
Epidermis 1,hnrnpu,-20.467901,-1.0309108,4.1616274927287285e-93,2.214899354117892e-91,0.8717277486910995,0.9608192341941229
Epidermis 1,slc4a7,-20.627583,-1.4377115,1.5521616113083103e-94,8.342295202058778e-93,0.6640488656195462,0.8664292074799644
Epidermis 1,nop14,-20.69427,-1.7114006,3.9009382993238224e-95,2.1069894710283446e-93,0.4642233856893543,0.7996438112199465
Epidermis 1,smarca4,-20.750189,-1.3333138,1.2211103439395602e-95,6.628320600772423e-94,0.6963350785340314,0.8922528940338379
Epidermis 1,trim24,-20.767878,-1.5530022,8.45104249425604e-96,4.598758061525213e-94,0.5732984293193717,0.8450578806767587
Epidermis 1,cfb,-20.801622,-1.3495842,4.184208172253421e-96,2.2940604654960275e-94,0.8577661431064573,0.9385574354407836
Epidermis 1,polr1a,-20.971558,-2.2401433,1.1929215845822135e-97,6.674549204402174e-96,0.29581151832460734,0.7025823686553874
Epidermis 1,dock7,-20.993862,-1.6674242,7.462888874645648e-98,4.1971056220011e-96,0.543630017452007,0.8210151380231523
Epidermis 1,ptma,-21.064907,-1.8094518,1.669550954571162e-98,9.438153207175472e-97,0.4781849912739965,0.8183437221727515
Epidermis 1,g3bp1,-21.169247,-1.1951163,1.83467916050249e-99,1.0452880929849826e-97,0.7905759162303665,0.92520035618878
Epidermis 1,plxnb1,-21.173285,-1.7069651,1.6840407834256215e-99,9.619752339039395e-98,0.5453752181500873,0.8236865538735529
Epidermis 1,kidins220,-21.191774,-2.6665366,1.1373012596207365e-99,6.513661623670365e-98,0.21291448516579406,0.6580587711487088
Epidermis 1,hmga2,-21.202862,-2.0463262,8.986225303449582e-100,5.160221640699298e-98,0.3944153577661431,0.7542297417631345
Epidermis 1,map2k6,-21.483355,-1.4245416,2.2281677801405144e-102,1.3000227040226248e-100,0.6849912739965096,0.8851291184327693
Epidermis 1,LOC100488559,-21.510626,-1.3646367,1.238226528991496e-102,7.243791176708695e-101,0.8080279232111692,0.9243098842386465
Epidermis 1,ninl,-21.512613,-2.1119058,1.1863111125101543e-102,6.958735157549483e-101,0.3551483420593368,0.7408726625111309
Epidermis 1,pes1,-21.549625,-2.2388704,5.337744350732646e-103,3.1394857001977644e-101,0.31239092495637,0.7248441674087266
Epidermis 1,c9h7orf50,-21.711647,-2.0584314,1.5924951278116796e-104,9.572957626440401e-103,0.42408376963350786,0.7693677649154052
Epidermis 1,utp6,-21.752632,-1.5472853,6.522740052406753e-105,3.9318428365626455e-103,0.6082024432809773,0.8584149599287623
Epidermis 1,stard13,-21.898792,-1.524842,2.667619192601819e-106,1.6305355294611846e-104,0.7923211169284468,0.9581478183437222
Epidermis 1,ddx10,-21.930548,-1.2966573,1.3281666697941728e-106,8.140990140892878e-105,0.7757417102966842,0.931433659839715
Epidermis 1,eif3h,-21.947788,-1.0251833,9.091697254432882e-107,5.604235191779094e-105,0.900523560209424,0.9474621549421193
Epidermis 1,sh3rf1,-21.949263,-1.0759346,8.801662890563874e-107,5.440823964164144e-105,0.9214659685863874,0.9590382902938558
Epidermis 1,mybbp1a,-21.950224,-2.3557875,8.617503362268892e-107,5.342117638297429e-105,0.28970331588132636,0.7168299198575245
Epidermis 1,pbx1,-21.968618,-1.8389369,5.74907214251387e-107,3.5843000920512904e-105,0.49912739965095987,0.8130008904719501
Epidermis 1,ptmap12,-22.038895,-1.8452996,1.2208313407840786e-107,7.699352799783058e-106,0.4860383944153578,0.8165627782724845
Epidermis 1,ubtd1,-22.151886,-1.1444978,1.0004211129317707e-108,6.45863582996573e-107,0.9171029668411868,0.9777382012466608
Epidermis 1,lfng,-22.161339,-2.0657375,8.110228943349866e-109,5.251433405722179e-107,0.4319371727748691,0.7978628673196795
Epidermis 1,cdc42bpb,-22.207966,-1.4417795,2.8767189718557173e-109,1.8682406156209407e-107,0.6823734729493892,0.9011576135351737
Epidermis 1,smarce1,-22.318233,-1.2749426,2.4581055920230957e-110,1.615612112154698e-108,0.7888307155322862,0.9412288512911843
Epidermis 1,itga3,-22.352234,-3.9349267,1.1485190611552868e-110,7.5944952828695495e-109,0.08551483420593368,0.5983971504897596
Epidermis 1,cfh,-22.442314,-1.2742827,1.5212241701387473e-111,1.015126379712465e-109,0.956369982547993,0.9857524487978628
Epidermis 1,nop58,-22.523773,-1.67455,2.427924928453519e-112,1.6301461496548997e-110,0.5785340314136126,0.8575244879786287
Epidermis 1,itgb1,-22.69858,-1.9656721,4.62696395942111e-114,3.1551556424540016e-112,0.4328097731239092,0.8067675868210151
Epidermis 1,cdh26,-22.719603,-1.5474681,2.8679382945058916e-114,1.9741729187512007e-112,0.7050610820244329,0.8886910062333037
Epidermis 1,flna,-22.73431,-3.5041783,2.0516855997054754e-114,1.421264491148355e-112,0.20680628272251309,0.659839715048976
Epidermis 1,noc3l,-22.793852,-1.8932863,5.276486285408638e-115,3.7141357172226414e-113,0.4781849912739965,0.8174532502226179
Epidermis 1,wdr75,-23.018843,-1.827578,3.019017415637494e-117,2.1599337385778936e-115,0.518324607329843,0.8512911843276937
Epidermis 1,mllt10,-23.088604,-1.3214512,6.026758270816957e-118,4.369099409551389e-116,0.7984293193717278,0.9358860195903829
Epidermis 1,c3,-23.089502,-2.3072407,5.902957020883308e-118,4.2936141717564887e-116,0.4790575916230366,0.8023152270703473
Epidermis 1,lrp4,-23.129911,-2.7943084,2.316056188006206e-118,1.6959282576672287e-116,0.2600349040139616,0.7088156723063224
Epidermis 1,sbno1,-23.1418,-1.408801,1.7582085202581835e-118,1.2917800713991186e-116,0.7347294938917975,0.931433659839715
Epidermis 1,srgap1,-23.246237,-1.6397108,1.5528716498751523e-119,1.1564918864138462e-117,0.6361256544502618,0.8967052537845058
Epidermis 1,nbeal2,-23.301323,-1.4817955,4.2985293004300705e-120,3.234420960851192e-118,0.7975567190226877,0.9038290293855743
Epidermis 1,abcb5,-23.327023,-1.7173609,2.358418015362073e-120,1.7807280108379168e-118,0.6291448516579407,0.8682101513802315
Epidermis 1,LOC100486548,-23.357433,-1.6574228,1.1581579858707874e-120,8.775057433918907e-119,0.6090750436300174,0.8797862867319679
Epidermis 1,pmm2,-23.36349,-2.134016,1.0051009819570271e-120,7.641919347485815e-119,0.4424083769633508,0.8032056990204809
Epidermis 1,phf21b,-23.516346,-2.3296769,2.7754608278295315e-122,2.16297609728815e-120,0.36649214659685864,0.7747105966162066
Epidermis 1,pdgfa,-23.584122,-3.458557,5.609119366732128e-123,4.4027551691173295e-121,0.16841186736474695,0.667853962600178
Epidermis 1,jag1,-23.596012,-3.0246236,4.235210611814448e-123,3.3363368505560676e-121,0.21029668411867364,0.6936776491540516
Epidermis 1,rrp12,-23.616425,-1.8709149,2.6135247318527805e-123,2.066294317889838e-121,0.5200698080279232,0.8539626001780944
Epidermis 1,trim33,-23.654718,-1.4924265,1.0554626176398464e-123,8.374999919825122e-122,0.7164048865619547,0.9180765805877115
Epidermis 1,rrp15,-23.77726,-1.7332668,5.74199236070748e-125,4.606471150845512e-123,0.6099476439790575,0.8771148708815673
Epidermis 1,LOC100489456,-23.800013,-3.3362703,3.338791059145308e-125,2.6884044170335706e-123,0.22076788830715532,0.6981300089047195
Epidermis 1,bcor,-24.526161,-1.689844,7.77061625457993e-133,6.471855621801094e-131,0.6675392670157068,0.9118432769367765
Epidermis 1,tiam1,-24.606691,-1.0982707,1.0711646887533632e-133,8.955511369075532e-132,0.9328097731239092,0.9706144256455922
Epidermis 1,rpusd1,-25.110956,-2.1050625,3.7756467738221055e-139,3.269380486173499e-137,0.4965095986038394,0.8593054318788959
Epidermis 1,parp1,-25.218502,-1.9389987,2.510728536308595e-140,2.1827333621828626e-138,0.5541012216404887,0.8780053428317008
Epidermis 1,znfx1,-25.241446,-1.6344523,1.4060401399640774e-140,1.2272480757662454e-138,0.7033158813263525,0.9145146927871772
Epidermis 1,sox5,-25.25779,-1.7162426,9.300414573609057e-141,8.150375357860371e-139,0.7356020942408377,0.8975957257346393
Epidermis 1,lamc1,-25.394655,-2.4528816,2.889148726199872e-142,2.5732291573227515e-140,0.35340314136125656,0.7960819234194123
Epidermis 1,bmper,-25.505308,-2.7095244,1.7213396307424062e-143,1.5650563367679187e-141,0.5,0.8379341050756901
Epidermis 1,cdon,-25.630508,-2.5699804,6.97446137873241e-145,6.448717023106777e-143,0.3525305410122164,0.7934105075690115
Epidermis 1,phldb1,-25.797464,-2.236743,9.467222813584677e-147,8.86627764013868e-145,0.4397905759162304,0.8414959928762245
Epidermis 1,cadm1,-25.970158,-1.2973703,1.07661968884782e-148,1.0349303185175454e-146,0.9554973821989529,0.9910952804986642
Epidermis 1,srpk1,-26.026365,-1.3568045,2.491676029798132e-149,2.4057903825763292e-147,0.8760907504363001,0.9617097061442564
Epidermis 1,rasal2,-26.173517,-1.5348386,5.321923110452491e-151,5.207609156645013e-149,0.8089005235602095,0.9581478183437222
Epidermis 1,kdm1a,-26.21335,-2.0994473,1.8719313001978164e-151,1.8399735541268717e-149,0.5148342059336823,0.8869100623330365
Epidermis 1,ptprs,-26.361816,-2.0966136,3.757259032881101e-153,3.743705450068425e-151,0.6483420593368238,0.8886910062333037
Epidermis 1,cpamd8,-26.508072,-2.528713,7.823221386129438e-155,8.014578115808942e-153,0.3612565445026178,0.8477292965271594
Epidermis 1,pkp2,-26.671375,-2.7864425,1.0114327227951728e-156,1.0560035140724147e-154,0.3158813263525305,0.8040961709706145
Epidermis 1,LOC100170590,-26.761646,-3.8953366,9.037834587740097e-158,9.573523715489157e-156,0.11780104712041885,0.715939447907391
Epidermis 1,kmt2a,-27.421589,-1.1651148,1.516348316819756e-165,1.7233456573606193e-163,0.9520069808027923,0.981300089047195
Epidermis 1,ncl,-27.879486,-1.1167297,4.731361034549951e-171,5.521017600797566e-169,0.9825479930191972,1.0
Epidermis 1,noc2l,-27.954441,-2.072334,5.821904599673081e-172,6.904335884210126e-170,0.6099476439790575,0.9136242208370436
Epidermis 1,capn8.1,-27.998983,-2.0128944,1.6717487658449408e-172,2.0043532867858493e-170,0.8027923211169284,0.9661620658949243
Epidermis 1,olfm4,-28.154789,-5.042053,2.0938308402000004e-174,2.5813267098307463e-172,0.08638743455497382,0.7212822796081924
Epidermis 1,esrrg,-28.35177,-4.006182,7.959613345849143e-177,9.981995564354836e-175,0.3525305410122164,0.8040961709706145
Epidermis 1,mdn1,-28.517317,-1.5316446,7.145655711795142e-179,9.172079605122458e-177,0.8699825479930192,0.9581478183437222
Epidermis 1,LOC100488102,-29.014246,-2.9200008,4.350386196574664e-185,5.970426238707908e-183,0.4755671902268761,0.8584149599287623
Epidermis 1,aplp2,-29.220745,-2.0022001,1.0571566933125478e-187,1.478731807998276e-185,0.7198952879581152,0.931433659839715
Epidermis 1,ccdc88c,-29.492105,-2.3569465,3.634717748326502e-191,5.323031945384739e-189,0.5340314136125655,0.9056099732858415
Epidermis 1,notch3,-29.496529,-2.2151382,3.1897745145952216e-191,4.70297768128259e-189,0.5933682373472949,0.9171861086375779
Epidermis 1,lama5,-29.501463,-3.0029204,2.7571735622914492e-191,4.092808455970184e-189,0.38132635253054104,0.8504007123775601
Epidermis 1,ptpn14,-30.291094,-3.217546,1.5018424018429537e-201,2.392095113183583e-199,0.2949389179755672,0.8512911843276937
Epidermis 1,hipk1,-30.433279,-1.4466677,1.993976613517884e-203,3.2230047173017587e-201,0.956369982547993,0.9768477292965272
Epidermis 1,ptprd,-30.638208,-3.7724607,3.7942690888464355e-206,6.225168856219404e-204,0.34554973821989526,0.8370436331255565
Epidermis 1,tox,-30.87371,-3.0661616,2.6926610401992794e-209,4.590355981108475e-207,0.4825479930191972,0.8833481745325023
Epidermis 1,shroom4,-31.16478,-3.447246,3.198842408844465e-213,5.584155216271606e-211,0.32809773123909247,0.8575244879786287
Epidermis 1,tox3,-31.30315,-3.2241073,4.2275917108588314e-215,7.561498255954964e-213,0.3481675392670157,0.8708815672306323
Epidermis 1,cxcl12,-31.927042,-2.1476667,1.1254958324870088e-223,2.2125625730359476e-221,0.8280977312390925,0.9661620658949243
Epidermis 1,mrtfa,-32.517704,-2.595623,5.9936973239061304e-232,1.2822398951466242e-229,0.6387434554973822,0.9394479073909172
Epidermis 1,smad6,-32.740097,-2.6684659,4.2003035789221016e-235,9.352533101597874e-233,0.5584642233856894,0.943900267141585
Epidermis 1,itga5,-33.100864,-2.9364417,2.8878764756431133e-240,7.00181695277871e-238,0.4886561954624782,0.9171861086375779
Epidermis 1,pcdh7,-33.334507,-3.3623261,1.2216209930645976e-243,3.029203601098021e-241,0.5017452006980803,0.9305431878895815
Epidermis 1,chd7,-33.426865,-1.190048,5.582967372083366e-245,1.416580593328269e-242,0.9947643979057592,0.9982190560997328
Epidermis 1,nhs,-33.55796,-2.8245919,6.890929412630641e-247,1.7900829846787287e-244,0.6509598603839442,0.9456812110418522
Epidermis 1,tp63,-34.063766,-4.7939444,2.5387838089729974e-254,7.194649544883088e-252,0.4031413612565445,0.9038290293855743
Epidermis 1,fat1,-34.485035,-2.0475087,1.3447329488464882e-260,4.379614578623764e-258,0.8787085514834206,0.993766696349065
Epidermis 1,gse1,-37.360466,-2.5299854,1.7144936347498516e-305,1.0392212667743475e-302,0.8158813263525305,0.9928762243989314
Epidermis 1,notch1,-38.396687,-2.8728209,0.0,0.0,0.8132635253054101,0.9857524487978628
Epidermis 1,col18a1,-39.25845,-3.8008924,0.0,0.0,0.7286212914485166,0.9848619768477292
Epidermis 2,col18a1,39.25845,3.8008924,0.0,0.0,0.9848619768477292,0.7286212914485166
Epidermis 2,notch1,38.396687,2.8728209,0.0,0.0,0.9857524487978628,0.8132635253054101
Epidermis 2,gse1,37.360466,2.5299854,1.7144936347498516e-305,1.0392212667743475e-302,0.9928762243989314,0.8158813263525305
Epidermis 2,fat1,34.485035,2.0475087,1.3447329488464882e-260,4.379614578623764e-258,0.993766696349065,0.8787085514834206
Epidermis 2,tp63,34.063766,4.7939444,2.5387838089729974e-254,7.194649544883088e-252,0.9038290293855743,0.4031413612565445
Epidermis 2,nhs,33.55796,2.8245919,6.890929412630641e-247,1.7900829846787287e-244,0.9456812110418522,0.6509598603839442
Epidermis 2,chd7,33.426865,1.190048,5.582967372083366e-245,1.416580593328269e-242,0.9982190560997328,0.9947643979057592
Epidermis 2,pcdh7,33.334507,3.3623261,1.2216209930645976e-243,3.029203601098021e-241,0.9305431878895815,0.5017452006980803
Epidermis 2,itga5,33.100864,2.9364417,2.8878764756431133e-240,7.00181695277871e-238,0.9171861086375779,0.4886561954624782
Epidermis 2,smad6,32.740097,2.6684659,4.2003035789221016e-235,9.352533101597874e-233,0.943900267141585,0.5584642233856894
Epidermis 2,mrtfa,32.517704,2.595623,5.9936973239061304e-232,1.2822398951466242e-229,0.9394479073909172,0.6387434554973822
Epidermis 2,cxcl12,31.927042,2.1476667,1.1254958324870088e-223,2.2125625730359476e-221,0.9661620658949243,0.8280977312390925
Epidermis 2,tox3,31.30315,3.2241073,4.2275917108588314e-215,7.561498255954964e-213,0.8708815672306323,0.3481675392670157
Epidermis 2,shroom4,31.16478,3.447246,3.198842408844465e-213,5.584155216271606e-211,0.8575244879786287,0.32809773123909247
Epidermis 2,tox,30.87371,3.0661616,2.6926610401992794e-209,4.590355981108475e-207,0.8833481745325023,0.4825479930191972
Epidermis 2,ptprd,30.638208,3.7724607,3.7942690888464355e-206,6.225168856219404e-204,0.8370436331255565,0.34554973821989526
Epidermis 2,hipk1,30.433279,1.4466677,1.993976613517884e-203,3.2230047173017587e-201,0.9768477292965272,0.956369982547993
Epidermis 2,ptpn14,30.291094,3.217546,1.5018424018429537e-201,2.392095113183583e-199,0.8512911843276937,0.2949389179755672
Epidermis 2,lama5,29.501463,3.0029204,2.7571735622914492e-191,4.092808455970184e-189,0.8504007123775601,0.38132635253054104
Epidermis 2,notch3,29.496529,2.2151382,3.1897745145952216e-191,4.70297768128259e-189,0.9171861086375779,0.5933682373472949
Epidermis 2,ccdc88c,29.492105,2.3569465,3.634717748326502e-191,5.323031945384739e-189,0.9056099732858415,0.5340314136125655
Epidermis 2,aplp2,29.220745,2.0022001,1.0571566933125478e-187,1.478731807998276e-185,0.931433659839715,0.7198952879581152
Epidermis 2,LOC100488102,29.014246,2.9200008,4.350386196574664e-185,5.970426238707908e-183,0.8584149599287623,0.4755671902268761
Epidermis 2,mdn1,28.517317,1.5316446,7.145655711795142e-179,9.172079605122458e-177,0.9581478183437222,0.8699825479930192
Epidermis 2,esrrg,28.35177,4.006182,7.959613345849143e-177,9.981995564354836e-175,0.8040961709706145,0.3525305410122164
Epidermis 2,olfm4,28.154789,5.042053,2.0938308402000004e-174,2.5813267098307463e-172,0.7212822796081924,0.08638743455497382
Epidermis 2,capn8.1,27.998983,2.0128944,1.6717487658449408e-172,2.0043532867858493e-170,0.9661620658949243,0.8027923211169284
Epidermis 2,noc2l,27.954441,2.072334,5.821904599673081e-172,6.904335884210126e-170,0.9136242208370436,0.6099476439790575
Epidermis 2,ncl,27.879486,1.1167297,4.731361034549951e-171,5.521017600797566e-169,1.0,0.9825479930191972
Epidermis 2,kmt2a,27.421589,1.1651148,1.516348316819756e-165,1.7233456573606193e-163,0.981300089047195,0.9520069808027923
Epidermis 2,LOC100170590,26.761646,3.8953366,9.037834587740097e-158,9.573523715489157e-156,0.715939447907391,0.11780104712041885
Epidermis 2,pkp2,26.671375,2.7864425,1.0114327227951728e-156,1.0560035140724147e-154,0.8040961709706145,0.3158813263525305
Epidermis 2,cpamd8,26.508072,2.528713,7.823221386129438e-155,8.014578115808942e-153,0.8477292965271594,0.3612565445026178
Epidermis 2,ptprs,26.361816,2.0966136,3.757259032881101e-153,3.743705450068425e-151,0.8886910062333037,0.6483420593368238
Epidermis 2,kdm1a,26.21335,2.0994473,1.8719313001978164e-151,1.8399735541268717e-149,0.8869100623330365,0.5148342059336823
Epidermis 2,rasal2,26.173517,1.5348386,5.321923110452491e-151,5.207609156645013e-149,0.9581478183437222,0.8089005235602095
Epidermis 2,srpk1,26.026365,1.3568045,2.491676029798132e-149,2.4057903825763292e-147,0.9617097061442564,0.8760907504363001
Epidermis 2,cadm1,25.970158,1.2973703,1.07661968884782e-148,1.0349303185175454e-146,0.9910952804986642,0.9554973821989529
Epidermis 2,phldb1,25.797464,2.236743,9.467222813584677e-147,8.86627764013868e-145,0.8414959928762245,0.4397905759162304
Epidermis 2,cdon,25.630508,2.5699804,6.97446137873241e-145,6.448717023106777e-143,0.7934105075690115,0.3525305410122164
Epidermis 2,bmper,25.505308,2.7095244,1.7213396307424062e-143,1.5650563367679187e-141,0.8379341050756901,0.5
Epidermis 2,lamc1,25.394655,2.4528816,2.889148726199872e-142,2.5732291573227515e-140,0.7960819234194123,0.35340314136125656
Epidermis 2,sox5,25.25779,1.7162426,9.300414573609057e-141,8.150375357860371e-139,0.8975957257346393,0.7356020942408377
Epidermis 2,znfx1,25.241446,1.6344523,1.4060401399640774e-140,1.2272480757662454e-138,0.9145146927871772,0.7033158813263525
Epidermis 2,parp1,25.218502,1.9389987,2.510728536308595e-140,2.1827333621828626e-138,0.8780053428317008,0.5541012216404887
Epidermis 2,rpusd1,25.110956,2.1050625,3.7756467738221055e-139,3.269380486173499e-137,0.8593054318788959,0.4965095986038394
Epidermis 2,tiam1,24.606691,1.0982707,1.0711646887533632e-133,8.955511369075532e-132,0.9706144256455922,0.9328097731239092
Epidermis 2,bcor,24.526161,1.689844,7.77061625457993e-133,6.471855621801094e-131,0.9118432769367765,0.6675392670157068
Epidermis 2,LOC100489456,23.800013,3.3362703,3.338791059145308e-125,2.6884044170335706e-123,0.6981300089047195,0.22076788830715532
Epidermis 2,rrp15,23.77726,1.7332668,5.74199236070748e-125,4.606471150845512e-123,0.8771148708815673,0.6099476439790575
Epidermis 2,trim33,23.654718,1.4924265,1.0554626176398464e-123,8.374999919825122e-122,0.9180765805877115,0.7164048865619547
Epidermis 2,rrp12,23.616425,1.8709149,2.6135247318527805e-123,2.066294317889838e-121,0.8539626001780944,0.5200698080279232
Epidermis 2,jag1,23.596012,3.0246236,4.235210611814448e-123,3.3363368505560676e-121,0.6936776491540516,0.21029668411867364
Epidermis 2,pdgfa,23.584122,3.458557,5.609119366732128e-123,4.4027551691173295e-121,0.667853962600178,0.16841186736474695
Epidermis 2,phf21b,23.516346,2.3296769,2.7754608278295315e-122,2.16297609728815e-120,0.7747105966162066,0.36649214659685864
Epidermis 2,pmm2,23.36349,2.134016,1.0051009819570271e-120,7.641919347485815e-119,0.8032056990204809,0.4424083769633508
Epidermis 2,LOC100486548,23.357433,1.6574228,1.1581579858707874e-120,8.775057433918907e-119,0.8797862867319679,0.6090750436300174
Epidermis 2,abcb5,23.327023,1.7173609,2.358418015362073e-120,1.7807280108379168e-118,0.8682101513802315,0.6291448516579407
Epidermis 2,nbeal2,23.301323,1.4817955,4.2985293004300705e-120,3.234420960851192e-118,0.9038290293855743,0.7975567190226877
Epidermis 2,srgap1,23.246237,1.6397108,1.5528716498751523e-119,1.1564918864138462e-117,0.8967052537845058,0.6361256544502618
Epidermis 2,sbno1,23.1418,1.408801,1.7582085202581835e-118,1.2917800713991186e-116,0.931433659839715,0.7347294938917975
Epidermis 2,lrp4,23.129911,2.7943084,2.316056188006206e-118,1.6959282576672287e-116,0.7088156723063224,0.2600349040139616
Epidermis 2,c3,23.089502,2.3072407,5.902957020883308e-118,4.2936141717564887e-116,0.8023152270703473,0.4790575916230366
Epidermis 2,mllt10,23.088604,1.3214512,6.026758270816957e-118,4.369099409551389e-116,0.9358860195903829,0.7984293193717278
Epidermis 2,wdr75,23.018843,1.827578,3.019017415637494e-117,2.1599337385778936e-115,0.8512911843276937,0.518324607329843
Epidermis 2,noc3l,22.793852,1.8932863,5.276486285408638e-115,3.7141357172226414e-113,0.8174532502226179,0.4781849912739965
Epidermis 2,flna,22.73431,3.5041783,2.0516855997054754e-114,1.421264491148355e-112,0.659839715048976,0.20680628272251309
Epidermis 2,cdh26,22.719603,1.5474681,2.8679382945058916e-114,1.9741729187512007e-112,0.8886910062333037,0.7050610820244329
Epidermis 2,itgb1,22.69858,1.9656721,4.62696395942111e-114,3.1551556424540016e-112,0.8067675868210151,0.4328097731239092
Epidermis 2,nop58,22.523773,1.67455,2.427924928453519e-112,1.6301461496548997e-110,0.8575244879786287,0.5785340314136126
Epidermis 2,cfh,22.442314,1.2742827,1.5212241701387473e-111,1.015126379712465e-109,0.9857524487978628,0.956369982547993
Epidermis 2,itga3,22.352234,3.9349267,1.1485190611552868e-110,7.5944952828695495e-109,0.5983971504897596,0.08551483420593368
Epidermis 2,smarce1,22.318233,1.2749426,2.4581055920230957e-110,1.615612112154698e-108,0.9412288512911843,0.7888307155322862
Epidermis 2,cdc42bpb,22.207966,1.4417795,2.8767189718557173e-109,1.8682406156209407e-107,0.9011576135351737,0.6823734729493892
Epidermis 2,lfng,22.161339,2.0657375,8.110228943349866e-109,5.251433405722179e-107,0.7978628673196795,0.4319371727748691
Epidermis 2,ubtd1,22.151886,1.1444978,1.0004211129317707e-108,6.45863582996573e-107,0.9777382012466608,0.9171029668411868
Epidermis 2,ptmap12,22.038895,1.8452996,1.2208313407840786e-107,7.699352799783058e-106,0.8165627782724845,0.4860383944153578
Epidermis 2,pbx1,21.968618,1.8389369,5.74907214251387e-107,3.5843000920512904e-105,0.8130008904719501,0.49912739965095987
Epidermis 2,mybbp1a,21.950224,2.3557875,8.617503362268892e-107,5.342117638297429e-105,0.7168299198575245,0.28970331588132636
Epidermis 2,sh3rf1,21.949263,1.0759346,8.801662890563874e-107,5.440823964164144e-105,0.9590382902938558,0.9214659685863874
Epidermis 2,eif3h,21.947788,1.0251833,9.091697254432882e-107,5.604235191779094e-105,0.9474621549421193,0.900523560209424
Epidermis 2,ddx10,21.930548,1.2966573,1.3281666697941728e-106,8.140990140892878e-105,0.931433659839715,0.7757417102966842
Epidermis 2,stard13,21.898792,1.524842,2.667619192601819e-106,1.6305355294611846e-104,0.9581478183437222,0.7923211169284468
Epidermis 2,utp6,21.752632,1.5472853,6.522740052406753e-105,3.9318428365626455e-103,0.8584149599287623,0.6082024432809773
Epidermis 2,c9h7orf50,21.711647,2.0584314,1.5924951278116796e-104,9.572957626440401e-103,0.7693677649154052,0.42408376963350786
Epidermis 2,pes1,21.549625,2.2388704,5.337744350732646e-103,3.1394857001977644e-101,0.7248441674087266,0.31239092495637
Epidermis 2,ninl,21.512613,2.1119058,1.1863111125101543e-102,6.958735157549483e-101,0.7408726625111309,0.3551483420593368
Epidermis 2,LOC100488559,21.510626,1.3646367,1.238226528991496e-102,7.243791176708695e-101,0.9243098842386465,0.8080279232111692
Epidermis 2,map2k6,21.483355,1.4245416,2.2281677801405144e-102,1.3000227040226248e-100,0.8851291184327693,0.6849912739965096
Epidermis 2,hmga2,21.202862,2.0463262,8.986225303449582e-100,5.160221640699298e-98,0.7542297417631345,0.3944153577661431
Epidermis 2,kidins220,21.191774,2.6665366,1.1373012596207365e-99,6.513661623670365e-98,0.6580587711487088,0.21291448516579406
Epidermis 2,plxnb1,21.173285,1.7069651,1.6840407834256215e-99,9.619752339039395e-98,0.8236865538735529,0.5453752181500873
Epidermis 2,g3bp1,21.169247,1.1951163,1.83467916050249e-99,1.0452880929849826e-97,0.92520035618878,0.7905759162303665
Epidermis 2,ptma,21.064907,1.8094518,1.669550954571162e-98,9.438153207175472e-97,0.8183437221727515,0.4781849912739965
Epidermis 2,dock7,20.993862,1.6674242,7.462888874645648e-98,4.1971056220011e-96,0.8210151380231523,0.543630017452007
Epidermis 2,polr1a,20.971558,2.2401433,1.1929215845822135e-97,6.674549204402174e-96,0.7025823686553874,0.29581151832460734
Epidermis 2,cfb,20.801622,1.3495842,4.184208172253421e-96,2.2940604654960275e-94,0.9385574354407836,0.8577661431064573
Epidermis 2,trim24,20.767878,1.5530022,8.45104249425604e-96,4.598758061525213e-94,0.8450578806767587,0.5732984293193717
Epidermis 2,smarca4,20.750189,1.3333138,1.2211103439395602e-95,6.628320600772423e-94,0.8922528940338379,0.6963350785340314
Epidermis 2,nop14,20.69427,1.7114006,3.9009382993238224e-95,2.1069894710283446e-93,0.7996438112199465,0.4642233856893543
Epidermis 2,slc4a7,20.627583,1.4377115,1.5521616113083103e-94,8.342295202058778e-93,0.8664292074799644,0.6640488656195462
Epidermis 2,hnrnpu,20.467901,1.0309108,4.1616274927287285e-93,2.214899354117892e-91,0.9608192341941229,0.8717277486910995
Epidermis 2,prmt1,20.320524,1.5378859,8.466740650061654e-92,4.473432148304972e-90,0.8486197684772929,0.587260034904014
Epidermis 2,arhgap21,20.282326,1.1668752,1.842104996521219e-91,9.685921235925186e-90,0.9287622439893143,0.7827225130890052
Epidermis 2,baz2a,20.158375,1.1711493,2.272244559962746e-90,1.1805392510225495e-88,0.943900267141585,0.7888307155322862
Epidermis 2,dzip1,20.134308,2.4460766,3.6943345945644264e-90,1.9102861418955058e-88,0.6464826357969724,0.2338568935427574
Epidermis 2,ago2,20.103289,1.3111846,6.906193174898818e-90,3.562648729774636e-88,0.8958147818343722,0.6980802792321117
Epidermis 2,ipo11,19.975492,1.818085,8.999359099526138e-89,4.577506175075987e-87,0.7604630454140695,0.4048865619546248
Epidermis 2,mtf2,19.892494,1.3466827,4.726494345866246e-88,2.3709616809459164e-86,0.8762243989314337,0.6492146596858639
Epidermis 2,plscr1,19.884834,1.6951786,5.506290597555809e-88,2.7557974112216813e-86,0.7907390917186109,0.4607329842931937
Epidermis 2,adam33,19.854874,1.9472698,1.0001557257814177e-87,4.982739290474044e-86,0.7435440783615316,0.42844677137870857
Epidermis 2,brf1,19.80296,1.2280799,2.8070934217731527e-87,1.392126944466181e-85,0.9011576135351737,0.7478184991273996
Epidermis 2,fchsd2,19.796999,2.0693438,3.1596640807404956e-87,1.5634247144181034e-85,0.7150489759572574,0.38394415357766143
Epidermis 2,arhgef2,19.53631,1.2888205,5.394436432063143e-85,2.598498838499997e-83,0.8895814781834372,0.6980802792321117
Epidermis 2,znf423,19.423767,1.5234507,4.859230052605694e-84,2.3000706936639663e-82,0.8334817453250223,0.6518324607329843
Epidermis 2,mark4,19.363937,2.3756254,1.5553075337858899e-83,7.33010058201769e-82,0.6268922528940338,0.22338568935427575
Epidermis 2,ptpn13,19.331379,1.186805,2.9249297280139637e-83,1.3725783138708107e-81,0.9029385574354408,0.7862129144851658
Epidermis 2,nop56,19.276966,1.547357,8.385243850426842e-83,3.9264894004327064e-81,0.7969723953695459,0.5104712041884817
Epidermis 2,nop2,19.267225,1.6570302,1.0122099744861494e-82,4.729643223396631e-81,0.7649154051647373,0.4642233856893543
Epidermis 2,auts2,19.258251,1.6189276,1.2037459149267857e-82,5.61259393367893e-81,0.7969723953695459,0.5043630017452007
Epidermis 2,rcor1,19.209063,1.7380533,3.108310482155812e-82,1.440051869025944e-80,0.7631344612644702,0.456369982547993
Epidermis 2,lamb1,19.197044,1.8290433,3.917545225350678e-82,1.8111176771690075e-80,0.7533392698130009,0.493891797556719
Epidermis 2,slc9a3r2,19.142439,1.606296,1.1190539463754654e-81,5.162553100181613e-80,0.8299198575244879,0.6326352530541012
Epidermis 2,tns3,19.12459,1.6596401,1.5760645699733347e-81,7.255549574132519e-80,0.7542297417631345,0.47033158813263526
Epidermis 2,samd4a,19.118502,1.6154485,1.7712252755207577e-81,8.136822470976515e-80,0.7853962600178095,0.49214659685863876
Epidermis 2,nol10,19.10953,1.7655747,2.1035847882246416e-81,9.643345307531492e-80,0.742653606411398,0.40226876090750435
Epidermis 2,hnrnpul1,19.048676,1.5650535,6.738642474307127e-81,3.06981038479866e-79,0.786286731967943,0.4956369982547993
Epidermis 2,pprc1,18.979746,1.6442578,2.508089166252022e-80,1.1354567157009413e-78,0.7640249332146037,0.4965095986038394
Epidermis 2,slc12a2,18.961576,1.6715503,3.5436793796307624e-80,1.5976575979942741e-78,0.7666963490650045,0.4476439790575916
Epidermis 2,myo10,18.922064,1.7467296,7.505743288455701e-80,3.370016960851684e-78,0.736420302760463,0.4537521815008726
Epidermis 2,ctps1,18.900785,2.2018557,1.1236723671921857e-79,5.034836699076115e-78,0.6402493321460374,0.2600349040139616
Epidermis 2,gli3,18.891973,1.5660939,1.3278883716412719e-79,5.937674622455777e-78,0.7916295636687445,0.5610820244328097
Epidermis 2,pcsk5,18.882038,1.2335167,1.6027772247145124e-79,7.152188511348747e-78,0.8886910062333037,0.7478184991273996
Epidermis 2,dock1,18.87265,1.2181066,1.9145402887499155e-79,8.508591372874115e-78,0.8726625111308994,0.7233856893542757
Epidermis 2,bub1,18.824326,1.5718255,4.7724976586219503e-79,2.112386843991675e-77,0.7791629563668745,0.5584642233856894
Epidermis 2,fer,18.818686,1.8244467,5.3085611964943376e-79,2.3449010904595737e-77,0.709706144256456,0.36736474694589877
Epidermis 2,phf10,18.809937,1.1874856,6.261239517021982e-79,2.7490242957934945e-77,0.8895814781834372,0.7111692844677138
Epidermis 2,mcc,18.643076,1.4824628,1.4373186491586639e-77,6.161833053691788e-76,0.8005342831700801,0.5479930191972077
Epidermis 2,ccdc86,18.639519,1.28601,1.5361462787748035e-77,6.572597637087252e-76,0.8762243989314337,0.6884816753926701
Epidermis 2,pde4a,18.594175,2.676165,3.581798737128131e-77,1.5265318406811122e-75,0.6179875333926982,0.2530541012216405
Epidermis 2,prkx,18.569948,1.5042193,5.625648620062968e-77,2.392929406206511e-75,0.8103294746215495,0.618673647469459
Epidermis 2,cdkal1,18.489738,1.1012328,2.4975903352276838e-76,1.054157034913023e-74,0.9198575244879786,0.7975567190226877
Epidermis 2,fip1l1,18.436447,1.4029893,6.700094455231781e-76,2.822447125629589e-74,0.8352626892252895,0.5523560209424084
Epidermis 2,dhx32,18.31772,2.1260302,5.976509971351591e-75,2.5031367386729956e-73,0.6482635796972396,0.2801047120418848
Epidermis 2,bc014685,18.310574,1.5464028,6.814820972260872e-75,2.848777939381312e-73,0.7577916295636687,0.4738219895287958
Epidermis 2,vezf1,18.271381,1.6221313,1.3986335757343452e-74,5.824347949637242e-73,0.7346393588601959,0.424956369982548
Epidermis 2,msi1,18.229979,1.7789252,2.9843358395017234e-74,1.2404036638812783e-72,0.6999109528049866,0.3769633507853403
Epidermis 2,chtf18,18.205305,1.7064874,4.6844241367124715e-74,1.9396360358103006e-72,0.7328584149599288,0.41273996509598604
Epidermis 2,mib1,18.201683,1.1261239,5.004602189845626e-74,2.0682845527390417e-72,0.8860195903829029,0.7242582897033158
Epidermis 2,tent4b,18.174765,1.4927278,8.177790241871029e-74,3.3732998273699e-72,0.7934105075690115,0.5724258289703316
Epidermis 2,rapgef1,18.022133,1.6073874,1.3060929518172705e-72,5.327150336748535e-71,0.7292965271593945,0.42844677137870857
Epidermis 2,plxna1,17.937532,1.0734135,6.006291143772359e-72,2.4226114426664814e-70,0.8806767586821015,0.7844677137870855
Epidermis 2,smurf2,17.926542,1.0573844,7.319323064593225e-72,2.9467702692341097e-70,0.8780053428317008,0.7364746945898778
Epidermis 2,dmd.3,17.866169,1.5039256,2.1635518398535233e-71,8.678467775265391e-70,0.7631344612644702,0.49040139616055844
Epidermis 2,camk2d,17.82733,1.8896985,4.336484748384459e-71,1.7267597389506802e-69,0.672306322350846,0.33595113438045376
Epidermis 2,LOC116406446,17.790766,1.5350946,8.333392173616462e-71,3.300235038484298e-69,0.7524487978628673,0.45200698080279234
Epidermis 2,strbp,17.788939,1.7637265,8.609509487859946e-71,3.4034077270759396e-69,0.6954585930543188,0.387434554973822
Epidermis 2,map3k4,17.759842,1.1523844,1.4464239333881379e-70,5.697187121022122e-69,0.8797862867319679,0.7678883071553229
Epidermis 2,mcph1,17.701359,1.4383583,4.0931207047232395e-70,1.6035186157588117e-68,0.8032056990204809,0.5584642233856894
Epidermis 2,flot2,17.699692,1.3589638,4.2160416369826145e-70,1.648714060225764e-68,0.8023152270703473,0.5418848167539267
Epidermis 2,impdh1,17.658226,1.3466969,8.796167115379539e-70,3.4336522830893902e-68,0.8121104185218165,0.5741710296684118
Epidermis 2,tfap4,17.583464,2.2777998,3.297994247134267e-69,1.2805254887316164e-67,0.5886019590382903,0.2111692844677138
Epidermis 2,spata5,17.575035,1.1623425,3.82648892805337e-69,1.483087298384593e-67,0.8824577025823687,0.7617801047120419
Epidermis 2,abi2,17.54533,2.1686034,6.457696019241095e-69,2.4984642701393605e-67,0.5992876224398932,0.2338568935427574
Epidermis 2,gnl3l,17.539433,1.6820501,7.163814651856228e-69,2.7667539737726507e-67,0.699020480854853,0.3682373472949389
Epidermis 2,lrpprc,17.536358,1.417034,7.562257292853353e-69,2.9154773213313253e-67,0.786286731967943,0.5331588132635253
Epidermis 2,naca,17.524757,1.189284,9.273762828725492e-69,3.5690084424271426e-67,0.8539626001780944,0.6369982547993019
Epidermis 2,mta1,17.510944,1.5197985,1.1821518314666238e-68,4.54150266099176e-67,0.748886910062333,0.450261780104712
Epidermis 2,znf521,17.510529,1.7711633,1.1908350691391039e-68,4.566821097308328e-67,0.7355298308103295,0.5078534031413613
Epidermis 2,aatf,17.484636,1.4215052,1.87607950491408e-68,7.182093136268446e-67,0.7818343722172751,0.49476439790575916
Epidermis 2,rbms2,17.482584,1.4616987,1.9447977709061907e-68,7.432124721356216e-67,0.7577916295636687,0.4895287958115183
Epidermis 2,fam171a1,17.413464,1.8061078,6.521696336324073e-68,2.4749554044335236e-66,0.6580587711487088,0.3324607329842932
Epidermis 2,fgfr1,17.39446,1.1081475,9.087912929165893e-68,3.442835903252239e-66,0.8771148708815673,0.7068062827225131
Epidermis 2,disp1,17.388563,2.263929,1.0072697758087744e-67,3.809295282135748e-66,0.5877114870881567,0.22600349040139617
Epidermis 2,rras,17.364273,2.5692158,1.5383531608865476e-67,5.807682408945563e-66,0.5422974176313446,0.156195462478185
Epidermis 2,cachd1,17.328157,1.0959804,2.8841841281905367e-67,1.0869737799869724e-65,0.8504007123775601,0.7094240837696335
Epidermis 2,pum3,17.312136,1.7701325,3.810180191194458e-67,1.4310144914295057e-65,0.6705253784505788,0.3394415357766143
Epidermis 2,mad1l1,17.31191,1.0894234,3.8250546237350287e-67,1.434132593548489e-65,0.8895814781834372,0.7966841186736475
Epidermis 2,wwtr1,17.285185,1.2091396,6.082562124631645e-67,2.2727326733148483e-65,0.8584149599287623,0.7146596858638743
Epidermis 2,brd7,17.261663,1.0792227,9.143766341347167e-67,3.404882684889702e-65,0.8860195903829029,0.7321116928446771
Epidermis 2,nol8,17.232374,1.2833366,1.5179041907791063e-66,5.633025059012054e-65,0.8005342831700801,0.5794066317626527
Epidermis 2,marf1,17.154793,1.0136878,5.787632665718894e-66,2.1369193299264296e-64,0.8878005342831701,0.7643979057591623
Epidermis 2,plcg1,17.14175,2.0963762,7.24371849322856e-66,2.66551739023171e-64,0.603739982190561,0.2582897033158813
Epidermis 2,rapgef5,17.114223,1.0680958,1.1625638819583037e-65,4.270758664682179e-64,0.8878005342831701,0.8176265270506108
Epidermis 2,tnpo1,17.109257,1.2326319,1.2660612935560741e-65,4.643146804485226e-64,0.8281389136242209,0.6178010471204188
Epidermis 2,polr3a,17.088715,1.14494,1.800988729330731e-65,6.593854876296288e-64,0.8504007123775601,0.662303664921466
Epidermis 2,nrg1,17.079678,3.6126983,2.102753445772016e-65,7.672940291001867e-64,0.47373107747105964,0.08027923211169284
Epidermis 2,tenm4,16.989439,1.3253869,9.83261073509116e-65,3.564076392864189e-63,0.7934105075690115,0.631762652705061
Epidermis 2,etv1,16.980145,1.2239804,1.152006533587126e-64,4.1688117030521853e-63,0.8664292074799644,0.7041884816753927
Epidermis 2,pdcd11,16.979343,1.397522,1.1678391439876778e-64,4.2191089339329665e-63,0.7658058771148709,0.5043630017452007
Epidermis 2,pard6g,16.973032,2.2126813,1.3004289371893968e-64,4.690356998084269e-63,0.5761353517364203,0.22164048865619546
Epidermis 2,amotl1,16.96784,3.521893,1.420625820354596e-64,5.115425086791689e-63,0.4692787177203918,0.07417102966841187
Epidermis 2,bsg,16.958931,1.6059203,1.6532439422585548e-64,5.943234936412508e-63,0.7515583259127337,0.5017452006980803
Epidermis 2,srek1,16.930698,1.1748126,2.6718733704231962e-64,9.589300792106013e-63,0.8334817453250223,0.6195462478184991
Epidermis 2,ddx52,16.909966,1.5545088,3.799282489886172e-64,1.3568599543667131e-62,0.7043633125556545,0.4083769633507853
Epidermis 2,bud23,16.87824,1.6387312,6.505457598710253e-64,2.3157518802847704e-62,0.6838824577025824,0.3621291448516579
Epidermis 2,rnf44,16.86914,1.5248526,7.589325201590284e-64,2.6971769580439997e-62,0.7132680320569902,0.4205933682373473
Epidermis 2,ugdhl,16.83905,4.169211,1.2624833765182387e-63,4.457710316991017e-62,0.4514692787177204,0.06195462478184991
Epidermis 2,znf281,16.831839,1.2605311,1.4260282632219724e-63,5.027037598023693e-62,0.8147818343722173,0.5671902268760908
Epidermis 2,frmd4a,16.793673,1.3022063,2.715087011443056e-63,9.54040477885651e-62,0.7871772039180766,0.5602094240837696
Epidermis 2,ksr2,16.673792,2.2155213,2.032817001053512e-62,7.063391684711575e-61,0.5707925200356189,0.22774869109947643
Epidermis 2,xnf7,16.64931,1.4800811,3.0611811673984423e-62,1.0619719277233928e-60,0.7248441674087266,0.43717277486910994
Epidermis 2,mettl24,16.641329,3.2836294,3.4976622975906384e-62,1.2095481615804329e-60,0.47373107747105964,0.0881326352530541
Epidermis 2,rsrc1,16.61986,1.5303777,5.0050246295726956e-62,1.725349801609886e-60,0.715939447907391,0.43717277486910994
Epidermis 2,LOC116406756,16.436207,4.3567123,1.053072423305394e-60,3.5737314695096425e-59,0.42742653606411396,0.034904013961605584
Epidermis 2,tmeff1,16.413006,1.9870659,1.5436955997414147e-60,5.222477780148435e-59,0.5948352626892253,0.28184991273996507
Epidermis 2,dtx4,16.3974,2.670589,1.9959994835571221e-60,6.742214354597517e-59,0.5048975957257347,0.12914485165794065
Epidermis 2,brwd3,16.39429,1.051586,2.1007575257601153e-60,7.085105095766843e-59,0.8539626001780944,0.6972076788830716
Epidermis 2,chaf1a,16.343788,1.0617061,4.816535890874144e-60,1.614464357523267e-58,0.9572573463935886,0.8368237347294939
Epidermis 2,tle1,16.323278,1.006191,6.741527847584945e-60,2.2493406599717293e-58,0.9234194122885129,0.7827225130890052
Epidermis 2,adcy7,16.296232,2.0631971,1.0496598781253233e-59,3.496889801614149e-58,0.5761353517364203,0.2425828970331588
Epidermis 2,fbxw7,16.248068,1.0023559,2.305135647157723e-59,7.644432364229282e-58,0.8842386464826358,0.7460732984293194
Epidermis 2,celf3,16.225605,2.1854858,3.3242830783765966e-59,1.100746298228463e-57,0.5565449688334817,0.2198952879581152
Epidermis 2,nolc1,16.187054,1.1092675,6.223787898616289e-59,2.0577162990258493e-57,0.8566340160284951,0.6701570680628273
Epidermis 2,nom1,16.156898,1.8324455,1.0154232189751361e-58,3.347061942787983e-57,0.6073018699910953,0.25392670157068065
Epidermis 2,utp3,16.115656,1.5705142,1.9804837601096154e-58,6.498667087120589e-57,0.666073018699911,0.3856893542757417
Epidermis 2,pitpnc1,16.012568,2.6932316,1.0441196524551449e-57,3.400557453167719e-56,0.4870881567230632,0.11954624781849912
Epidermis 2,mast3,15.993853,1.8783661,1.4103342190998756e-57,4.579598659967022e-56,0.5957257346393589,0.27225130890052357
Epidermis 2,tcf12,15.965525,1.3337193,2.2216727430740872e-57,7.171467592695216e-56,0.7649154051647373,0.512216404886562
Epidermis 2,atxn7,15.878393,1.3564142,8.944091028038238e-57,2.8701325047473883e-55,0.7373107747105966,0.47294938917975565
Epidermis 2,lrig1,15.844873,1.5370095,1.5252805617187695e-56,4.8659571838107125e-55,0.6758682101513802,0.4013961605584642
Epidermis 2,efnb2,15.8162565,1.1908151,2.4036483705081215e-56,7.645774211786839e-55,0.8165627782724845,0.6404886561954625
Epidermis 2,gldc,15.8041115,2.0639946,2.914702541489108e-56,9.257892890514385e-55,0.5841495992876224,0.2862129144851658
Epidermis 2,cdc42bpa,15.795748,1.3805197,3.328231718996915e-56,1.0540688583487908e-54,0.717720391807658,0.4581151832460733
Epidermis 2,nrxn1,15.666862,3.3182425,2.548583325715029e-55,7.978857496474556e-54,0.4719501335707925,0.13612565445026178
Epidermis 2,phf14,15.657184,1.3502781,2.9675095785192668e-55,9.277081162302137e-54,0.7373107747105966,0.5130890052356021
Epidermis 2,c21orf91,15.608603,3.0409977,6.3615006095964365e-55,1.9745989303272238e-53,0.45235975066785394,0.09075043630017451
Epidermis 2,ilf2,15.600592,1.252541,7.212296332529099e-55,2.2355045209107597e-53,0.7702582368655387,0.5200698080279232
Epidermis 2,ppat,15.599598,2.326106,7.325400306889284e-55,2.267341277966398e-53,0.5075690115761353,0.16230366492146597
Epidermis 2,cad,15.597355,2.360319,7.587336410952467e-55,2.345088779368184e-53,0.5102404274265361,0.1649214659685864
Epidermis 2,cbx5,15.585947,1.6948898,9.070962588853645e-55,2.799681395351844e-53,0.6242208370436332,0.3010471204188482
Epidermis 2,LOC100488469,15.57284,2.0541725,1.1135132161852985e-54,3.4319169336694066e-53,0.560106856634016,0.24607329842931938
Epidermis 2,foxn3,15.5670395,1.368978,1.2192044908005785e-54,3.752364061179044e-53,0.7088156723063224,0.45549738219895286
Epidermis 2,schip1,15.545089,2.5361547,1.7178453771099579e-54,5.27216652235111e-53,0.4906500445235975,0.14223385689354276
Epidermis 2,ptges3,15.513652,1.5829737,2.804620182804244e-54,8.57137493122849e-53,0.6464826357969724,0.3403141361256545
Epidermis 2,lin28b,15.455842,1.7682992,6.890490649827962e-54,2.0970348182691208e-52,0.5983971504897596,0.2801047120418848
Epidermis 2,spag9,15.44062,1.3310459,8.725638902894255e-54,2.651840759053698e-52,0.730186999109528,0.4860383944153578
Epidermis 2,arhgef17,15.422835,1.3739185,1.1494457086655906e-53,3.478787074728412e-52,0.7221727515583259,0.4581151832460733
Epidermis 2,hsf2,15.421233,1.2708809,1.1783240417477551e-53,3.561247772157585e-52,0.755120213713268,0.5174520069808028
Epidermis 2,tnpo2,15.399859,1.1390346,1.6402651238053128e-53,4.9436775230049355e-52,0.7898486197684773,0.5767888307155323
Epidermis 2,srfbp1,15.390406,1.9857297,1.8983840776830464e-53,5.7058731348652556e-52,0.5512021371326803,0.21727748691099477
Epidermis 2,esf1,15.328398,1.4771858,4.940219209294615e-53,1.4767194981646273e-51,0.686553873552983,0.4005235602094241
Epidermis 2,nup58,15.296128,1.2543088,8.114249688463519e-53,2.4188667001634216e-51,0.7479964381121995,0.5034904013961605
Epidermis 2,ivns1abp,15.222456,1.6247349,2.5093201795549927e-52,7.449778998376801e-51,0.6268922528940338,0.31413612565445026
Epidermis 2,mthfd1,15.164293,1.7519382,6.095131360549738e-52,1.802193244153873e-50,0.5921638468388246,0.28184991273996507
Epidermis 2,fgd4,15.149969,1.6812537,7.580221514488954e-52,2.238268114582726e-50,0.6055209260908282,0.32460732984293195
Epidermis 2,cbx3,15.145002,1.4364965,8.175203633135303e-52,2.410690790251966e-50,0.6776491540516474,0.3769633507853403
Epidermis 2,ets1,15.125006,2.4248817,1.1079094225504894e-51,3.2625764520208137e-50,0.4959928762243989,0.16579406631762653
Epidermis 2,znf827,15.0691185,1.4362423,2.5853909626600367e-51,7.58277099411353e-50,0.6918967052537845,0.42844677137870857
Epidermis 2,dlg5,15.037586,1.1637161,4.1646224181247984e-51,1.21330074480509e-49,0.792520035618878,0.6178010471204188
Epidermis 2,trim28,15.029478,1.1822076,4.706969777937603e-51,1.3676536288199258e-49,0.7729296527159395,0.5349040139616056
Epidermis 2,resf1,15.029478,1.7472167,4.706969777937603e-51,1.3676536288199258e-49,0.5966162065894924,0.29930191972076786
Epidermis 2,plcb3,15.009867,1.2999746,6.327474695475761e-51,1.836061507047561e-49,0.7444345503116652,0.5218150087260035
Epidermis 2,rsl1d1,14.912801,1.7167234,2.720936641902929e-50,7.812310324074187e-49,0.585040071237756,0.27486910994764396
Epidermis 2,kpna2,14.88614,2.225473,4.0551836333359464e-50,1.1597400008259985e-48,0.4995547640249332,0.17102966841186737
Epidermis 2,bms1,14.836148,1.5422817,8.552730254744399e-50,2.4395964299186607e-48,0.634906500445236,0.3551483420593368
Epidermis 2,hdac9,14.786607,2.488391,1.787411109927421e-49,5.0785283632456054e-48,0.47373107747105964,0.1431064572425829
Epidermis 2,zmym3,14.78196,1.0862824,1.915112016288568e-49,5.4342859957649996e-48,0.8032056990204809,0.5968586387434555
Epidermis 2,usp10,14.730367,1.0609181,4.1146628172677e-49,1.163031830772001e-47,0.8103294746215495,0.6108202443280978
Epidermis 2,mapk11,14.727963,1.4807942,4.263620693260205e-49,1.2035765478348117e-47,0.6447016918967052,0.3743455497382199
Epidermis 2,ipmk,14.699155,3.0114748,6.526945262626735e-49,1.840109464803333e-47,0.42831700801424755,0.08638743455497382
Epidermis 2,itga6,14.67746,2.270435,8.98953806993091e-49,2.521345889768154e-47,0.4879786286731968,0.16055846422338568
Epidermis 2,prkce,14.620067,1.0816592,2.0919555879217566e-48,5.844886412809303e-47,0.7898486197684773,0.6465968586387435
Epidermis 2,nsd2,14.609331,1.3150923,2.4490958703753745e-48,6.833979665915735e-47,0.709706144256456,0.4694589877835951
Epidermis 2,tcof1,14.547836,1.2325728,6.027966591069471e-48,1.6713628841642557e-46,0.7284060552092609,0.49825479930191974
Epidermis 2,gtf2f2,14.537357,1.5068169,7.025266898924023e-48,1.9404854303977354e-46,0.6295636687444346,0.35340314136125656
Epidermis 2,khdrbs1,14.504063,1.0171064,1.1418721061659447e-47,3.142092210422078e-46,0.8156723063223509,0.6343804537521816
Epidermis 2,supt16h,14.50214,1.1790506,1.1743160627726593e-47,3.2272985901463727e-46,0.7595725734639359,0.5200698080279232
Epidermis 2,evi5,14.487079,1.1129811,1.462318879893405e-47,4.00367130215232e-46,0.7764915405164737,0.5802792321116929
Epidermis 2,naa25,14.466537,1.7209877,1.9715076732416958e-47,5.391011145088602e-46,0.5627782724844167,0.2425828970331588
Epidermis 2,cwc27,14.451764,1.730611,2.4434589563018953e-47,6.664839735682957e-46,0.5796972395369546,0.30017452006980805
Epidermis 2,eif5b,14.446733,1.424418,2.628610976345482e-47,7.160913872014328e-46,0.6571682991985752,0.4232111692844677
Epidermis 2,nop53,14.423469,1.2528088,3.6835760937512174e-47,9.985007943073954e-46,0.705253784505788,0.44851657940663175
Epidermis 2,git1,14.412957,1.380846,4.2894323107206313e-47,1.1612866309210286e-45,0.6562778272484416,0.38045375218150085
Epidermis 2,arhgap12,14.405939,1.6778587,4.748180484836864e-47,1.2838915286198911e-45,0.5796972395369546,0.28272251308900526
Epidermis 2,dnajc2,14.333132,1.3139501,1.3585252409112244e-46,3.659799911348621e-45,0.6874443455031166,0.41972076788830714
Epidermis 2,copg2,14.328614,1.5587307,1.449856566487441e-46,3.901025910890561e-45,0.609973285841496,0.32111692844677137
Epidermis 2,eif3c,14.319545,1.1823052,1.65201304383886e-46,4.439479880493567e-45,0.7266251113089938,0.5043630017452007
Epidermis 2,dhx37,14.319257,1.6152523,1.6588827882994986e-46,4.452457727365727e-45,0.5877114870881567,0.3036649214659686
Epidermis 2,suz12,14.314289,1.1038145,1.781756900869616e-46,4.770517464279251e-45,0.7871772039180766,0.5610820244328097
Epidermis 2,rbm27,14.261767,1.1879601,3.787408779568326e-46,1.011567282484216e-44,0.7212822796081924,0.4912739965095986
Epidermis 2,bop1,14.258082,1.5894331,3.992785019657189e-46,1.0651168938134417e-44,0.5948352626892253,0.29232111692844676
Epidermis 2,smarcad1,14.249173,1.3736727,4.536192949480769e-46,1.2085991007401693e-44,0.667853962600178,0.39790575916230364
Epidermis 2,robo1,14.249013,1.1397767,4.5466119442132124e-46,1.2098977955448355e-44,0.8094390026714159,0.68760907504363
Epidermis 2,med15,14.240682,1.4313159,5.1225216291172715e-46,1.3598363074083698e-44,0.6366874443455031,0.3586387434554974
Epidermis 2,hira,14.240585,1.1580015,5.129573663082389e-46,1.3600537898192078e-44,0.7284060552092609,0.5069808027923212
Epidermis 2,taok3,14.224594,1.3768172,6.447700624243155e-46,1.7053972766255744e-44,0.6562778272484416,0.43019197207678883
Epidermis 2,npm1,14.207867,1.3723471,8.1881959043366e-46,2.1631310269797693e-44,0.667853962600178,0.40924956369982546
Epidermis 2,rcl1,14.1863,1.9855059,1.1138192906278177e-45,2.935344292365895e-44,0.5040071237756011,0.19982547993019198
Epidermis 2,klhdc4,14.166208,1.8198119,1.4829513464710818e-45,3.903435625011517e-44,0.5333926981300089,0.22600349040139617
Epidermis 2,dll1,14.165151,2.252619,1.5054447278447628e-45,3.9578686031687435e-44,0.5138023152270703,0.22164048865619546
Epidermis 2,kri1,14.112115,1.2128919,3.198387633349461e-45,8.378393343015437e-44,0.7008014247551202,0.4642233856893543
Epidermis 2,ankrd10,14.092054,1.7626356,4.250127599722923e-45,1.1106830461503461e-43,0.5529830810329475,0.2591623036649215
Epidermis 2,rnmt,14.065233,1.3043032,6.211811898444197e-45,1.6194497901547293e-43,0.6838824577025824,0.41710296684118675
Epidermis 2,dus3l,14.0617075,2.0547948,6.529134731001981e-45,1.7001461690357307e-43,0.4897595725734639,0.17713787085514834
Epidermis 2,lmx1b.1,14.039052,1.4942763,8.990762149748484e-45,2.332787406297999e-43,0.6954585930543188,0.4973821989528796
Epidermis 2,fgd1,13.9861765,1.7529458,1.893191108957771e-44,4.888913986812724e-43,0.5351736420302761,0.22425828970331588
Epidermis 2,rrp1b,13.967751,1.3730427,2.4525048022880834e-44,6.303428420580478e-43,0.641139804096171,0.36910994764397903
Epidermis 2,polr1b,13.967334,2.3188078,2.466889725625147e-44,6.332941259160746e-43,0.45503116651825465,0.13350785340314136
Epidermis 2,zmiz1,13.914363,1.1022649,5.181946348970891e-44,1.3256184206435383e-42,0.7453250222617988,0.5636998254799301
Epidermis 2,uba1,13.907057,1.1047553,5.739299451796848e-44,1.4664783763191923e-42,0.7310774710596616,0.5287958115183246
Epidermis 2,tcp1,13.901224,1.4312658,6.226690393153874e-44,1.5891533458363824e-42,0.6179875333926982,0.3394415357766143
Epidermis 2,LOC100492966,13.894142,2.5153816,6.874185815727364e-44,1.752355241647042e-42,0.4701691896705254,0.17975567190226877
Epidermis 2,naf1,13.8869,1.6623633,7.605624590728513e-44,1.9320411431232466e-42,0.553873552983081,0.26352530541012215
Epidermis 2,cep85l,13.878248,1.5717576,8.581601511852513e-44,2.177431704536438e-42,0.5948352626892253,0.34904013961605584
Epidermis 2,enah,13.843383,1.3526856,1.394851446767876e-43,3.530980675164945e-42,0.6500445235975066,0.4048865619546248
Epidermis 2,cct5,13.80951,1.0443339,2.233437244163852e-43,5.640721539918913e-42,0.8085485307212823,0.5968586387434555
Epidermis 2,cdc25b,13.794385,1.7081393,2.7549153898789617e-43,6.941686919462913e-42,0.5672306322350846,0.2914485165794066
Epidermis 2,serinc5,13.77096,1.1203053,3.811147983808022e-43,9.580997713672217e-42,0.7248441674087266,0.5174520069808028
Epidermis 2,cdk12,13.75952,1.0387945,4.4648255093303985e-43,1.1211387507376136e-41,0.7729296527159395,0.5698080279232112
Epidermis 2,capn8.3,13.755835,1.8356217,4.6982744411722e-43,1.1784028342622825e-41,0.5921638468388246,0.35340314136125656
Epidermis 2,smtn,13.737729,1.0707829,6.033897335712796e-43,1.509927451405836e-41,0.7729296527159395,0.6675392670157068
Epidermis 2,dcps,13.734139,1.8084031,6.340458795775877e-43,1.5848241853679886e-41,0.5173642030276047,0.2181500872600349
Epidermis 2,sestd1,13.698185,1.3899252,1.0409396441010308e-42,2.592961640859428e-41,0.6188780053428317,0.3717277486910995
Epidermis 2,ube2e1,13.650982,1.1419885,1.9917608178730582e-42,4.92768852684898e-41,0.7471059661620659,0.5157068062827225
Epidermis 2,ube2g1,13.597851,1.3861221,4.1237384787191705e-42,1.0167694615156046e-40,0.6277827248441674,0.3856893542757417
Epidermis 2,fnip2,13.5807705,1.9054095,5.207561990508662e-42,1.2825531624705364e-40,0.5031166518254675,0.21029668411867364
Epidermis 2,mthfd1l,13.561736,1.5999166,6.751926107565924e-42,1.6554357257662474e-40,0.5574354407836153,0.2792321116928447
Epidermis 2,nf1,13.559877,1.0571733,6.92520722024668e-42,1.6960151150729834e-40,0.730186999109528,0.5645724258289704
Epidermis 2,zmym2,13.555487,1.2858903,7.352273168096261e-42,1.7965728197203639e-40,0.6482635796972396,0.4013961605584642
Epidermis 2,pabpc4,13.506361,1.1806561,1.4343774200889515e-41,3.4854732387261707e-40,0.6901157613535174,0.4825479930191972
Epidermis 2,epb41,13.497581,1.2434281,1.6159571660524833e-41,3.922336075687568e-40,0.674087266251113,0.43455497382198954
Epidermis 2,smarca5,13.494569,1.174443,1.6833772348914794e-41,4.081441626951886e-40,0.7025823686553874,0.4799301919720768
Epidermis 2,anp32b,13.483641,1.5256363,1.952294487248961e-41,4.72819289747609e-40,0.5796972395369546,0.31849912739965097
Epidermis 2,imp3,13.46717,1.3649918,2.440425453372035e-41,5.903827474282836e-40,0.6242208370436332,0.37085514834205935
Epidermis 2,nap1l1,13.437079,1.5515054,3.666244816174946e-41,8.839903661188232e-40,0.5654496883348175,0.2801047120418848
Epidermis 2,ifngr1,13.424197,1.075754,4.3628849217521173e-41,1.0496418068087426e-39,0.7417631344612645,0.5575916230366492
Epidermis 2,grsf1,13.374687,1.5116324,8.501107092904102e-41,2.034020371428294e-39,0.5716829919857525,0.28883071553228623
Epidermis 2,rasgef1b,13.372188,1.4240807,8.791705438147653e-41,2.1012464881250813e-39,0.6313446126447017,0.40924956369982546
Epidermis 2,rbm34,13.364593,2.053772,9.736681057812074e-41,2.3245527063732745e-39,0.46482635796972394,0.16753926701570682
Epidermis 2,znf44,13.353056,1.1685627,1.136872755896326e-40,2.7112240881326482e-39,0.7506678539626002,0.6029668411867365
Epidermis 2,ssrp1,13.345205,1.0545338,1.2632258300801914e-40,3.005981552691369e-39,0.7542297417631345,0.5514834205933682
Epidermis 2,has1,13.338828,1.7163256,1.3760593038231672e-40,3.2673547408841496e-39,0.5235975066785397,0.24520069808027922
Epidermis 2,sik2,13.321715,2.5082393,1.7308355244088657e-40,4.096373316499551e-39,0.42475512021371326,0.12303664921465969
Epidermis 2,epb41l4b,13.315146,1.0373852,1.8900152871149754e-40,4.468258242701612e-39,0.786286731967943,0.6326352530541012
Epidermis 2,LOC100495307,13.308866,3.8512006,2.055795504947563e-40,4.854925726565019e-39,0.358860195903829,0.04363001745200698
Epidermis 2,lrp1,13.302072,1.505794,2.2514178668632764e-40,5.3111555970620055e-39,0.5796972395369546,0.3193717277486911
Epidermis 2,hspg2,13.298226,1.0429258,2.3702398177605737e-40,5.5793962312139675e-39,0.7666963490650045,0.6352530541012217
Epidermis 2,lyar,13.29499,1.4945922,2.4750669941191612e-40,5.819874663650239e-39,0.5716829919857525,0.3019197207678883
Epidermis 2,ism1,13.274673,1.8097688,3.2468485788752454e-40,7.601875841162739e-39,0.5129118432769367,0.24345549738219896
Epidermis 2,gpc4,13.244358,1.1921724,4.864224018251545e-40,1.1376445048474487e-38,0.6669634906500446,0.45898778359511344
Epidermis 2,nol9,13.2412815,1.7493068,5.067646811814694e-40,1.1839520458309254e-38,0.5129118432769367,0.22164048865619546
Epidermis 2,kiaa1328,13.222375,1.4778968,6.517304194995951e-40,1.5193813551175925e-38,0.5805877114870882,0.31151832460732987
Epidermis 2,bcar1,13.220965,2.1656168,6.640642990946483e-40,1.5464831452021687e-38,0.44879786286731965,0.15095986038394416
Epidermis 2,syde2,13.185394,1.0763668,1.06495211019384e-39,2.4721617017595514e-38,0.7284060552092609,0.5270506108202443
Epidermis 2,cic,13.119189,1.1173407,2.5565651461939065e-39,5.884684393997598e-38,0.7061442564559216,0.4851657940663176
Epidermis 2,ddx27,13.105537,1.2119753,3.060857810213216e-39,7.030629292280272e-38,0.659839715048976,0.4223385689354276
Epidermis 2,ltbp1,13.070448,1.8695511,4.857867491501559e-39,1.1076648540444671e-37,0.5173642030276047,0.268760907504363
Epidermis 2,nup188,13.058655,1.6918441,5.672093581397452e-39,1.2919702926897057e-37,0.5102404274265361,0.23036649214659685
Epidermis 2,bysl,13.042024,1.5930057,7.055910279130968e-39,1.6054954974026784e-37,0.5360641139804097,0.25654450261780104
Epidermis 2,ift80,13.029462,1.6717863,8.319236675738753e-39,1.890979828138493e-37,0.5280498664292075,0.25741710296684117
Epidermis 2,sall4,13.024911,1.1225678,8.830355750567007e-39,2.0029853724856824e-37,0.6999109528049866,0.5069808027923212
Epidermis 2,sipa1l1,13.009562,1.2234954,1.0795961843514472e-38,2.4462999313325995e-37,0.649154051647373,0.44851657940663175
Epidermis 2,sufu,12.99184,1.440223,1.361138102873368e-38,3.0778647194611152e-37,0.5743544078361532,0.3089005235602094
Epidermis 2,ctdp1,12.978253,1.2800206,1.6254529342021344e-38,3.671740007994283e-37,0.6375779162956366,0.4005235602094241
Epidermis 2,irf6,12.938101,1.5283593,2.7432882261672705e-38,6.164911676951186e-37,0.5494211932324132,0.27835951134380454
Epidermis 2,wdr43,12.929993,1.3617916,3.0484686938189673e-38,6.8366531724382e-37,0.5930543187889582,0.3394415357766143
Epidermis 2,ppid,12.919322,1.4207064,3.5021459986233495e-38,7.837982342149756e-37,0.5761353517364203,0.31239092495637
Epidermis 2,arhgap32,12.913041,1.0066465,3.799926521975665e-38,8.495716868445799e-37,0.7631344612644702,0.5890052356020943
Epidermis 2,usp36,12.900703,1.1456693,4.460070909830175e-38,9.941083485536696e-37,0.6812110418521816,0.4677137870855148
Epidermis 2,hsp90ab1,12.895351,1.1811125,4.780760124090796e-38,1.0644996598753598e-36,0.666073018699911,0.462478184991274
Epidermis 2,atrnl1,12.890224,1.5077409,5.109478242904617e-38,1.1353760156662084e-36,0.5574354407836153,0.2975567190226876
Epidermis 2,smarcb1,12.883206,1.3202162,5.596121137218998e-38,1.242247806055501e-36,0.6055209260908282,0.3612565445026178
Epidermis 2,tada2a,12.880515,2.1718981,5.794769918521114e-38,1.2850373413826141e-36,0.43544078361531613,0.14397905759162305
Epidermis 2,cass4,12.872183,1.9923966,6.455151053660883e-38,1.4300289456033922e-36,0.46215494211932323,0.17539267015706805
Epidermis 2,grb10,12.862922,1.6466557,7.277283259191303e-38,1.607263137639812e-36,0.5164737310774711,0.2547993019197208
Epidermis 2,rbm28,12.860198,1.1961821,7.538324717734064e-38,1.6632334041018708e-36,0.6464826357969724,0.42670157068062825
Epidermis 2,cct6a,12.858115,1.5981817,7.744206632080908e-38,1.7069326557438132e-36,0.5244879786286732,0.23647469458987783
Epidermis 2,nup205,12.855743,1.2195083,7.985406574714631e-38,1.756547952286774e-36,0.6357969723953696,0.39267015706806285
Epidermis 2,dact1,12.853212,1.6470108,8.251149593165608e-38,1.8131755817972483e-36,0.5200356188780053,0.23647469458987783
Epidermis 2,ctnnd2,12.836036,1.0739655,1.0301582224290208e-37,2.259204278555142e-36,0.7845057880676759,0.6561954624781849
Epidermis 2,rpl3,12.834947,1.030524,1.044753644073335e-37,2.286616777063615e-36,0.7408726625111309,0.5549738219895288
Epidermis 2,LOC733735,12.821744,2.3137755,1.2388294325736446e-37,2.7086670388967433e-36,0.41763134461264473,0.1256544502617801
Epidermis 2,foxp1,12.763645,1.0131383,2.616632517002372e-37,5.675699617645006e-36,0.7453250222617988,0.5680628272251309
Epidermis 2,rbm19,12.756596,1.7286764,2.8644969882041617e-37,6.207168697080736e-36,0.4977738201246661,0.2181500872600349
Epidermis 2,gnal,12.738041,1.1369044,3.634051764957979e-37,7.866928924915483e-36,0.6999109528049866,0.493891797556719
Epidermis 2,pa2g4,12.711251,1.5797473,5.120852249294804e-37,1.1063575933847714e-35,0.5253784505788067,0.25043630017452007
Epidermis 2,nfia,12.690037,1.2159749,6.715398295854885e-37,1.4465617592680102e-35,0.6749777382012466,0.46160558464223383
Epidermis 2,znhit6,12.682346,2.013571,7.408071972870627e-37,1.592625995271034e-35,0.4505788067675868,0.17015706806282724
Epidermis 2,mphosph10,12.610116,1.4225663,1.8571972959816246e-36,3.949893001521933e-35,0.5681211041852182,0.31675392670157065
Epidermis 2,rnf149,12.610116,1.5028753,1.8571972959816246e-36,3.949893001521933e-35,0.5654496883348175,0.32722513089005234
Epidermis 2,casp8ap2,12.590984,1.2453899,2.367017160959255e-36,5.029277650369221e-35,0.6518254674977738,0.4144851657940663
Epidermis 2,clstn1,12.57227,1.2910707,2.99983936318252e-36,6.367655130739862e-35,0.6108637577916296,0.39528795811518325
Epidermis 2,hells,12.568233,1.4894888,3.157028225483028e-36,6.694802031901375e-35,0.5957257346393589,0.3568935427574171
Epidermis 2,hunk,12.555574,1.0021043,3.70481778382784e-36,7.841205515121949e-35,0.7390917186108638,0.56282722513089
Epidermis 2,dlc1,12.537341,1.544683,4.663841148263245e-36,9.842328597316466e-35,0.5307212822796082,0.2774869109947644
Epidermis 2,xrcc1,12.481998,1.538243,9.360731776166842e-36,1.965933860324703e-34,0.5218165627782725,0.25741710296684117
Epidermis 2,ccser2,12.459182,1.2194082,1.2464233075526402e-35,2.6076896446889896e-34,0.6304541406945681,0.39965095986038396
Epidermis 2,gon4l,12.425951,1.2633649,1.8896566818700392e-35,3.9383188591295246e-34,0.6081923419412288,0.3656195462478185
Epidermis 2,rhbdd2,12.4239645,1.1878008,1.937191298126814e-35,4.033535430956604e-34,0.634906500445236,0.4013961605584642
Epidermis 2,txlna,12.417875,1.009289,2.090387543701216e-35,4.348364784661987e-34,0.7168299198575245,0.5279232111692844
Epidermis 2,septin10,12.413357,1.1935891,2.211801947609758e-35,4.596545742742146e-34,0.6357969723953696,0.4162303664921466
Epidermis 2,phax,12.319112,1.4302756,7.147723607732719e-35,1.4728090353572772e-33,0.5449688334817453,0.2731239092495637
Epidermis 2,prmt3,12.312061,1.3278788,7.800468253263385e-35,1.6057926203250975e-33,0.5823686553873553,0.3368237347294939
Epidermis 2,cct2,12.292097,1.3945101,9.98803564229285e-35,2.0522497716616975e-33,0.5494211932324132,0.306282722513089
Epidermis 2,ncam1,12.235313,1.8013399,2.0132714052925194e-34,4.117300406268797e-33,0.48619768477292963,0.2356020942408377
Epidermis 2,fam53a,12.221725,1.8956285,2.379783609039189e-34,4.853201694658331e-33,0.44701691896705253,0.16666666666666666
Epidermis 2,atxn7l3,12.213041,1.2700664,2.6480157319716486e-34,5.3951775244961104e-33,0.5823686553873553,0.3333333333333333
Epidermis 2,elavl3,12.183945,1.7277558,3.7852312383381034e-34,7.655007493213694e-33,0.4968833481745325,0.24345549738219896
Epidermis 2,trit1,12.181701,1.981443,3.890808323739337e-34,7.861234114103339e-33,0.4327693677649154,0.1544502617801047
Epidermis 2,eya1,12.181509,2.0265756,3.899992752112926e-34,7.872501558173557e-33,0.4746215494211932,0.24083769633507854
Epidermis 2,ola1,12.159878,1.0471909,5.083441950290791e-34,1.0233006162112117e-32,0.6954585930543188,0.5104712041884817
Epidermis 2,pias4,12.10947,1.1353056,9.409927898198256e-34,1.885528344045768e-32,0.6366874443455031,0.4232111692844677
Epidermis 2,LOC101731566,12.076208,1.0637408,1.4107759979036954e-33,2.819097348924591e-32,0.672306322350846,0.4720767888307155
Epidermis 2,sema6d,12.040156,1.4556907,2.185402744256323e-33,4.3487877384593965e-32,0.5289403383793411,0.27835951134380454
Epidermis 2,syn1,12.029293,3.3698478,2.4928549278020402e-33,4.949643983582195e-32,0.333926981300089,0.04799301919720768
Epidermis 2,ranbp1,12.022916,1.3200306,2.692964519513547e-33,5.337255111744333e-32,0.5645592163846839,0.31762652705061084
Epidermis 2,sass6,12.000164,1.6795001,3.545930825146594e-33,6.995999686756223e-32,0.4808548530721282,0.2181500872600349
Epidermis 2,zc3h12c,11.991768,3.221262,3.9243785717334066e-33,7.728688160089771e-32,0.3374888691006233,0.049738219895287955
Epidermis 2,shq1,11.986128,1.5629895,4.2008615686365e-33,8.265734922382062e-32,0.4968833481745325,0.23734729493891799
Epidermis 2,ubr7,11.975938,1.5620186,4.750361120013762e-33,9.321729316530602e-32,0.5048975957257347,0.24956369982547993
Epidermis 2,tfdp2,11.965202,1.6642585,5.406553646490201e-33,1.0599856884102666e-31,0.4781834372217275,0.2164048865619546
Epidermis 2,tp53bp1,11.963023,1.6003473,5.5503576390551614e-33,1.087202459980455e-31,0.4888691006233304,0.23036649214659685
Epidermis 2,fgd6,11.91989,1.5248836,9.323120381989245e-33,1.8229373642955852e-31,0.5129118432769367,0.2670157068062827
Epidermis 2,smo,11.903932,1.2961532,1.1289987792621476e-32,2.2035672953738212e-31,0.5690115761353517,0.3324607329842932
Epidermis 2,LOC101731820,11.89967,1.3312343,1.1881652674915272e-32,2.316975362103004e-31,0.5485307212822796,0.2914485165794066
Epidermis 2,ipo7,11.895504,1.0098621,1.2489707974468473e-32,2.4333742652756833e-31,0.686553873552983,0.4912739965095986
Epidermis 2,ddx18,11.879833,1.2180549,1.5066702515775758e-32,2.9276092216985113e-31,0.5894924309884239,0.36387434554973824
Epidermis 2,cdk4,11.876148,1.3564683,1.5745682282019807e-32,3.0541025162307045e-31,0.5503116651825467,0.29930191972076786
Epidermis 2,znf839,11.829906,1.3197685,2.7344501336411775e-32,5.280392598777357e-31,0.5565449688334817,0.2879581151832461
Epidermis 2,wdr36,11.806994,1.7001036,3.5917226288143767e-32,6.923584760014003e-31,0.4594835262689225,0.19458987783595114
Epidermis 2,prpf39.2,11.801515,1.09059,3.8334845968448015e-32,7.37658442572755e-31,0.6429207479964381,0.42757417102966844
Epidermis 2,rtf1,11.796355,1.0597886,4.0758517270821e-32,7.836049386489736e-31,0.6812110418521816,0.4781849912739965
Epidermis 2,pomgnt1,11.775173,1.2241755,5.240925282015918e-32,1.0067097762224414e-30,0.5948352626892253,0.3743455497382199
Epidermis 2,tcf7,11.7654,1.0233836,5.884711985400431e-32,1.1272618859065805e-30,0.7275155832591274,0.5680628272251309
Epidermis 2,fbl,11.763893,1.3885051,5.990669399134635e-32,1.1456827077871768e-30,0.5280498664292075,0.27835951134380454
Epidermis 2,elac2,11.750915,1.0134436,6.985828947804197e-32,1.3336638098865737e-30,0.6901157613535174,0.4912739965095986
Epidermis 2,pinx1,11.72483,1.2350812,9.509169623362483e-32,1.8138076079667198e-30,0.5877114870881567,0.3542757417102967
Epidermis 2,cblb,11.720857,1.1076078,9.965936971317825e-32,1.8992725821059063e-30,0.6402493321460374,0.44415357766143104
Epidermis 2,nup210,11.705315,1.8801669,1.1971467539805717e-31,2.279488596737352e-30,0.42742653606411396,0.16666666666666666
Epidermis 2,nsun2,11.703167,1.2142061,1.2278336546349787e-31,2.335881270949422e-30,0.5894924309884239,0.34554973821989526
Epidermis 2,wdr27,11.696245,1.5144874,1.332181343046227e-31,2.532188944826805e-30,0.5031166518254675,0.25043630017452007
Epidermis 2,cd151,11.69554,3.388091,1.3432911973638162e-31,2.5510841790840583e-30,0.3205699020480855,0.038394415357766144
Epidermis 2,tbc1d4,11.695156,1.4109073,1.3493898395458648e-31,2.5604378859765492e-30,0.5235975066785397,0.2879581151832461
Epidermis 2,mbd3,11.677628,1.8443124,1.6586101314023748e-31,3.1417128192127795e-30,0.4327693677649154,0.17015706806282724
Epidermis 2,pcdh19,11.625136,1.2349662,3.071008620428101e-31,5.796927258335777e-30,0.616206589492431,0.43455497382198954
Epidermis 2,clmn,11.6134405,2.2251503,3.5215600470367133e-31,6.630195149817784e-30,0.3846838824577026,0.1169284467713787
Epidermis 2,wdr72,11.606807,2.8858323,3.805630911971328e-31,7.152684937995379e-30,0.36420302760463047,0.10209424083769633
Epidermis 2,gab3,11.602769,1.2093933,3.989562631117436e-31,7.491931684476211e-30,0.6420302760463046,0.45462478184991273
Epidermis 2,ssbp4,11.5879,1.3976357,4.746261501287659e-31,8.897609297216323e-30,0.572573463935886,0.38917975567190227
Epidermis 2,ralgds,11.541467,1.8266681,8.152350270677684e-31,1.520448164585109e-29,0.4390026714158504,0.18324607329842932
Epidermis 2,brip1,11.468435,1.8520566,1.9006569592532464e-30,3.523724342214536e-29,0.43187889581478184,0.1806282722513089
Epidermis 2,pds5b,11.421969,1.0000348,3.247905377844866e-30,5.995985046527312e-29,0.674087266251113,0.4598603839441536
Epidermis 2,dus2,11.419245,1.048909,3.351316920426317e-30,6.176443118295833e-29,0.6464826357969724,0.4389179755671902
Epidermis 2,riok1,11.409696,1.3600692,3.7403544959647535e-30,6.881810746749316e-29,0.5173642030276047,0.2862129144851658
Epidermis 2,fbxw4,11.409343,1.3876305,3.755542229516048e-30,6.903933192103596e-29,0.5316117542297417,0.3036649214659686
Epidermis 2,mars1,11.405498,1.2838882,3.925255357494606e-30,7.209848245445269e-29,0.5547640249332146,0.3324607329842932
Epidermis 2,acvr1b,11.372234,1.3451821,5.7496432495992304e-30,1.0516593910268635e-28,0.5280498664292075,0.29842931937172773
Epidermis 2,tmem132e,11.370665,1.9373827,5.8540255849241274e-30,1.0689597681056853e-28,0.42297417631344614,0.17015706806282724
Epidermis 2,prmt5,11.363262,2.4757347,6.372009236732159e-30,1.1625720196883982e-28,0.3570792520035619,0.08900523560209424
Epidermis 2,tdp1,11.362108,1.4211302,6.456731523810537e-30,1.177045435096656e-28,0.5102404274265361,0.26352530541012215
Epidermis 2,abcf1,11.354642,1.4957582,7.032757940516375e-30,1.2809833974958916e-28,0.4942119323241318,0.26527050610820246
Epidermis 2,adgra3,11.345445,1.1897972,7.812802778702147e-30,1.4218779769312724e-28,0.5832591273374889,0.35602094240837695
Epidermis 2,fat2,11.311893,1.1621506,1.1458995151780648e-29,2.078526460573612e-28,0.6518254674977738,0.5008726003490401
Epidermis 2,ckap2,11.284847,1.2349175,1.559128193920354e-29,2.8210394958155928e-28,0.5618878005342832,0.3612565445026178
Epidermis 2,adss2,11.265011,1.1650677,1.9532800303635452e-29,3.5283545978942817e-28,0.5886019590382903,0.3612565445026178
Epidermis 2,LOC100498440,11.258537,1.1449025,2.1021811492202163e-29,3.7879186504652634e-28,0.591273374888691,0.3865619546247818
Epidermis 2,ube2e3,11.258346,1.3208247,2.106772074244821e-29,3.7930588640343433e-28,0.5325022261798753,0.3045375218150087
Epidermis 2,ssx2ip,11.25309,2.7434742,2.2361833642383194e-29,4.02273348648346e-28,0.3374888691006233,0.07242582897033159
Epidermis 2,amotl2,11.244886,1.1648035,2.4541271277804158e-29,4.407531527184894e-28,0.5992876224398932,0.38045375218150085
Epidermis 2,sema6a,11.223448,1.1148506,3.128308731184327e-29,5.609106394673229e-28,0.6064113980409617,0.4075043630017452
Epidermis 2,ccnj,11.198869,1.3682032,4.129714379550297e-29,7.386434219357954e-28,0.5138023152270703,0.2766143106457243
Epidermis 2,srrm4,11.1782,1.6369404,5.213680811945337e-29,9.309961456420558e-28,0.4995547640249332,0.28883071553228623
Epidermis 2,dlc,11.15894,1.4990945,6.475867022198165e-29,1.152609251968892e-27,0.5022261798753339,0.27835951134380454
Epidermis 2,ifrd1,11.14154,1.6538043,7.874583415978355e-29,1.3981390131819665e-27,0.4452359750667854,0.19458987783595114
Epidermis 2,pola1,11.126126,1.0684072,9.361618862966421e-29,1.6581159513700508e-27,0.6918967052537845,0.5296684118673648
Epidermis 2,LOC734009,11.118178,1.9213085,1.023396666558882e-28,1.8096870875997866e-27,0.40071237756010686,0.14659685863874344
Epidermis 2,tle2,11.111417,1.4012535,1.103933361999474e-28,1.9505206390437673e-27,0.5102404274265361,0.2940663176265271
Epidermis 2,elf2,11.098535,1.373601,1.275168799708598e-28,2.2476137623942906e-27,0.5093499554764025,0.262652705061082
Epidermis 2,hspa14,11.093697,1.5883759,1.3460849080268892e-28,2.3706956237332326e-27,0.45325022261798753,0.20855148342059338
Epidermis 2,gnai1,11.083378,1.1642001,1.5106418965088816e-28,2.6519482561319635e-27,0.572573463935886,0.3612565445026178
Epidermis 2,cenpn,11.077289,1.4107791,1.6169465496097475e-28,2.8362854227519534e-27,0.4870881567230632,0.2547993019197208
Epidermis 2,ipo5,11.0571,1.5426947,2.025397873447032e-28,3.547047110472526e-27,0.4603739982190561,0.22251308900523561
Epidermis 2,pxdn,11.052261,1.3320192,2.137611265249704e-28,3.7375653380620025e-27,0.5244879786286732,0.29842931937172773
Epidermis 2,tmem123,11.047455,1.6843727,2.255184258536913e-28,3.936830056442719e-27,0.43365983971504896,0.19022687609075042
Epidermis 2,arhgap19,11.042135,1.1725118,2.3927872165842627e-28,4.1737018267853875e-27,0.5690115761353517,0.3612565445026178
Epidermis 2,usp45,11.0377445,1.9803032,2.5125998714123825e-28,4.375693678698292e-27,0.396260017809439,0.1518324607329843
Epidermis 2,sh3pxd2b,11.0201845,1.5504278,3.0543394154381005e-28,5.3148915776933644e-27,0.47105966162065893,0.24781849912739964
Epidermis 2,gpm6b,11.015858,1.7044781,3.204689231621941e-28,5.5676372391100615e-27,0.43989314336598395,0.19895287958115182
Epidermis 2,celf1,10.973142,1.0368432,5.145307616392039e-28,8.910774404546879e-27,0.6197684772929652,0.41710296684118675
Epidermis 2,mrto4,10.958753,1.7894764,6.032481702875291e-28,1.0438920161652793e-26,0.40783615316117544,0.156195462478185
Epidermis 2,cdc7,10.9493,1.0472682,6.696334878991779e-28,1.1578504230941332e-26,0.6420302760463046,0.424956369982548
Epidermis 2,tbx2,10.931643,2.0703466,8.136208948179586e-28,1.4045903121695156e-26,0.38557435440783616,0.14048865619546247
Epidermis 2,utp4,10.926579,2.1575463,8.60304423790018e-28,1.482835926660504e-26,0.36420302760463047,0.10732984293193717
Epidermis 2,sumo2,10.907,1.4741813,1.0672054123832127e-27,1.8365527841966942e-26,0.4683882457702582,0.22600349040139617
Epidermis 2,utp25,10.904212,1.5858597,1.1004280617501544e-27,1.892233312486219e-26,0.4505788067675868,0.2111692844677138
Epidermis 2,dis3,10.9028015,1.3551115,1.1176188437095363e-27,1.920280377053999e-26,0.5022261798753339,0.27399650959860383
Epidermis 2,trap1,10.884376,1.8432276,1.3683297039805574e-27,2.3455084423063426e-26,0.40338379341050756,0.1544502617801047
Epidermis 2,nectin1,10.859925,1.0334401,1.7889594075042378e-27,3.059316867644982e-26,0.709706144256456,0.5837696335078534
Epidermis 2,sulf1,10.857265,1.1899257,1.841824036889098e-27,3.1472546835518406e-26,0.6509349955476402,0.4965095986038394
Epidermis 2,eif3g,10.851722,1.0263149,1.9570427390507708e-27,3.3415203136797233e-26,0.6215494211932324,0.41535776614310643
Epidermis 2,rcc2,10.847427,1.973664,2.0511750310406785e-27,3.499506673365023e-26,0.38290293855743546,0.13525305410122165
Epidermis 2,snrpb,10.845088,1.5993406,2.104331349565585e-27,3.587391748349268e-26,0.43187889581478184,0.18848167539267016
Epidermis 2,rrp9,10.82945,1.5339743,2.49650561386498e-27,4.2526345823690654e-26,0.44968833481745324,0.2111692844677138
Epidermis 2,metap2,10.811504,1.176203,3.03648697144463e-27,5.152346983195433e-26,0.5574354407836153,0.3307155322862129
Epidermis 2,rnf220.1,10.805673,1.1271235,3.23578150300022e-27,5.486246167596566e-26,0.5796972395369546,0.36300174520069806
Epidermis 2,mertk,10.799135,1.610052,3.474615403744932e-27,5.886613565614764e-26,0.44879786286731965,0.21291448516579406
Epidermis 2,ctbs,10.798174,2.0202298,3.511182130027916e-27,5.943949205534457e-26,0.40516473731077474,0.16666666666666666
Epidermis 2,crim1,10.740909,1.9258827,6.539763703347637e-27,1.0994158996205606e-25,0.40427426536064115,0.17102966841186737
Epidermis 2,spats2,10.734435,1.2680073,7.014648493089748e-27,1.1774357289823952e-25,0.5209260908281389,0.2975567190226876
Epidermis 2,ppargc1a,10.722739,2.9808853,7.961045105642689e-27,1.3321929850477693e-25,0.32146037399821903,0.07068062827225131
Epidermis 2,kif13a,10.719854,1.4809452,8.213227223397143e-27,1.3733397030019086e-25,0.46215494211932323,0.2268760907504363
Epidermis 2,prdm1,10.718188,2.0573995,8.362526072686706e-27,1.3972333953453032e-25,0.37666963490650046,0.12827225130890052
Epidermis 2,galnt16,10.715721,2.612217,8.588559005522148e-27,1.4339016530948644e-25,0.3348174532502226,0.08726003490401396
Epidermis 2,map3k5,10.703159,1.0939882,9.836638817939086e-27,1.639765436564162e-25,0.6046304541406946,0.4214659685863874
Epidermis 2,ncapg,10.702646,1.5201211,9.891233213757316e-27,1.6463508768680273e-25,0.4505788067675868,0.2164048865619546
Epidermis 2,rasa2,10.668646,1.1694437,1.4269021736827435e-26,2.36419379893175e-25,0.5645592163846839,0.3411867364746946
Epidermis 2,cspp1,10.668198,1.1519512,1.4338073064757996e-26,2.373832263627346e-25,0.5654496883348175,0.3726003490401396
Epidermis 2,cfdp1,10.649386,1.2750571,1.7551724223062196e-26,2.9036859307918134e-25,0.5191451469278717,0.30279232111692844
Epidermis 2,dus4l,10.634133,1.9247235,2.067419890337333e-26,3.407339080592972e-25,0.37934105075690117,0.13263525305410123
Epidermis 2,rpe,10.626314,1.0680083,2.248229422256695e-26,3.699744662372801e-25,0.5983971504897596,0.38394415357766143
Epidermis 2,gle1,10.617534,1.2473981,2.470006285194566e-26,4.0555310119812358e-25,0.5182546749777382,0.3054101221640489
Epidermis 2,bicd2,10.61638,1.4395936,2.5007122435771248e-26,4.102860290759131e-25,0.46215494211932323,0.23821989528795812
Epidermis 2,smarcd1,10.615995,1.1437031,2.5110314206536288e-26,4.11669546431877e-25,0.5565449688334817,0.3307155322862129
Epidermis 2,cebpz,10.606382,1.0670246,2.783185274077094e-26,4.559450890813534e-25,0.591273374888691,0.39790575916230364
Epidermis 2,nup107,10.605837,1.3512902,2.7994541440667165e-26,4.582662331408839e-25,0.4888691006233304,0.2530541012216405
Epidermis 2,rps7,10.586642,1.0398676,3.437009754070097e-26,5.6136968445781125e-25,0.5966162065894924,0.41710296684118675
Epidermis 2,nol6,10.582348,1.8816762,3.598263180631216e-26,5.872677701163333e-25,0.3846838824577026,0.1457242582897033
Epidermis 2,pdss2,10.5512,1.2465347,5.015251328453793e-26,8.166999943148524e-25,0.5218165627782725,0.3054101221640489
Epidermis 2,sdc1,10.550943,1.4405217,5.0289555583718436e-26,8.183209488384191e-25,0.46482635796972394,0.2286212914485166
Epidermis 2,urb1,10.535113,1.930753,5.951174082260611e-26,9.669439288831629e-25,0.3784505788067676,0.13612565445026178
Epidermis 2,bard1,10.5288,1.4216218,6.364051507824915e-26,1.0317233874609767e-24,0.4781834372217275,0.25654450261780104
Epidermis 2,pank4,10.521686,1.4416902,6.863426459731505e-26,1.1114078836719008e-24,0.4603739982190561,0.23821989528795812
Epidermis 2,ndst1,10.494704,1.4973469,9.13638121447711e-26,1.474593006517049e-24,0.4603739982190561,0.2399650959860384
Epidermis 2,ptdss2,10.4872055,2.0016785,9.891090465533717e-26,1.594043464168473e-24,0.3722172751558326,0.1343804537521815
Epidermis 2,polr3b,10.476213,1.1862754,1.111032863797806e-25,1.7878944041985198e-24,0.5476402493321461,0.34904013961605584
Epidermis 2,LOC100145045,10.452564,1.1641276,1.4261636725422053e-25,2.2882586395987843e-24,0.5716829919857525,0.37521815008726006
Epidermis 2,pabpn1,10.450609,1.0228217,1.455867989926614e-25,2.334202454679548e-24,0.603739982190561,0.3970331588132635
Epidermis 2,ppip5k2,10.429427,1.2897199,1.8198171833429064e-25,2.9091744144853888e-24,0.5031166518254675,0.28970331588132636
Epidermis 2,camta1,10.429075,1.0763671,1.8265803452227562e-25,2.9178484416622085e-24,0.5930543187889582,0.3900523560209424
Epidermis 2,emx1,10.395299,3.4557762,2.6046869819578225e-25,4.145650957935933e-24,0.2920747996438112,0.0462478184991274
Epidermis 2,espl1,10.391614,1.3455018,2.707330153629522e-25,4.305878373349111e-24,0.4817453250222618,0.2582897033158813
Epidermis 2,cep164,10.355691,1.0593934,3.9432914048864138e-25,6.235258097538147e-24,0.5903829029385574,0.3944153577661431
Epidermis 2,pcdh18,10.353865,2.803364,4.0192805246698735e-25,6.3458765550417354e-24,0.3089937666963491,0.0636998254799302
Epidermis 2,ncapd3,10.3538,1.0316682,4.021972996481701e-25,6.3458765550417354e-24,0.603739982190561,0.41361256544502617
Epidermis 2,eif4g3,10.347359,1.0581869,4.301884218630564e-25,6.772829403660717e-24,0.5770258236865539,0.387434554973822
Epidermis 2,kiaa0586,10.338354,1.3189541,4.725829276269188e-25,7.434918575160054e-24,0.4906500445235975,0.2705061082024433
Epidermis 2,fbln7,10.315186,2.1157694,6.01649827957223e-25,9.4382465103196e-24,0.358860195903829,0.1212914485165794
Epidermis 2,polr2e,10.280961,1.5440674,8.5867044732739e-25,1.3412346335813153e-23,0.4238646482635797,0.18760907504363003
Epidermis 2,nxn,10.273238,1.3574433,9.302863823041575e-25,1.45102066821008e-23,0.4764024933214604,0.2617801047120419
Epidermis 2,dennd2c,10.268656,2.2322145,9.755457593323899e-25,1.5205274295994342e-23,0.3437221727515583,0.10907504363001745
Epidermis 2,abcc5,10.250582,1.5982667,1.1763302732387421e-24,1.8282551917622927e-23,0.43365983971504896,0.22338568935427575
Epidermis 2,wdr3,10.155055,1.6174865,3.1463353705434188e-24,4.848600573490674e-23,0.40516473731077474,0.17975567190226877
Epidermis 2,slc23a2,10.116248,1.469679,4.6801485718409286e-24,7.181822924482482e-23,0.4514692787177204,0.23734729493891799
Epidermis 2,sdad1,10.080421,1.1404059,6.743652360628093e-24,1.0326543028860745e-22,0.5244879786286732,0.3193717277486911
Epidermis 2,efna3.1,10.07523,1.2393949,7.109448432935261e-24,1.0863814723745122e-22,0.4995547640249332,0.28883071553228623
Epidermis 2,ssb,10.074204,1.4558967,7.183995310348763e-24,1.0970046302807583e-22,0.4300979519145147,0.19982547993019198
Epidermis 2,nol11,10.071064,1.3560748,7.417144738779272e-24,1.1318147926216955e-22,0.4479073909171861,0.22338568935427575
Epidermis 2,cbfa2t2,10.060361,1.9482801,8.26948638305185e-24,1.2574805739691598e-22,0.36420302760463047,0.14048865619546247
Epidermis 2,gemin5,10.025207,1.2958232,1.181120317956666e-23,1.7860863796349554e-22,0.4790739091718611,0.2617801047120419
Epidermis 2,pik3cb,9.997007,2.1664968,1.570728135933614e-23,2.367048249599958e-22,0.3357079252003562,0.10296684118673648
Epidermis 2,cttnbp2nl,9.9966545,2.2622178,1.5763274715205704e-23,2.373846912080771e-22,0.3268032056990205,0.09336823734729494
Epidermis 2,mcm7,9.996494,1.0398303,1.5788791540685172e-23,2.3760497945468355e-22,0.5796972395369546,0.3856893542757417
Epidermis 2,mms19,9.975345,1.4558046,1.9542264268857644e-23,2.934836535517843e-22,0.43365983971504896,0.2198952879581152
Epidermis 2,wdr46,9.937403,1.3683723,2.861923812332958e-23,4.286207241518015e-22,0.4452359750667854,0.22774869109947643
Epidermis 2,ephb3,9.937179,1.1076915,2.868373969925771e-23,4.292921014934859e-22,0.5512021371326803,0.3551483420593368
Epidermis 2,cs,9.931987,1.0493447,3.021736581089596e-23,4.519349824260183e-22,0.5805877114870882,0.40226876090750435
Epidermis 2,syne1,9.931634,1.0772675,3.0324396332619825e-23,4.5322510436582e-22,0.5645592163846839,0.3865619546247818
Epidermis 2,nmt2,9.915611,1.4770137,3.560688703292782e-23,5.314486196617769e-22,0.41763134461264473,0.193717277486911
Epidermis 2,kif14,9.910901,1.1166669,3.7326485751108365e-23,5.567335923273653e-22,0.5262689225289403,0.31326352530541013
Epidermis 2,yes1,9.905068,1.3247957,3.9569804460891726e-23,5.89790097773988e-22,0.4603739982190561,0.25218150087260033
Epidermis 2,znf217,9.899909,1.4042217,4.1665239081466e-23,6.205987590420953e-22,0.43455031166518254,0.21378708551483422
Epidermis 2,plpp3,9.894109,1.0708127,4.4152370901067413e-23,6.563003306758801e-22,0.5707925200356189,0.38481675392670156
Epidermis 2,utp14a,9.885714,1.1588997,4.8015008914933275e-23,7.122607134825009e-22,0.5084594835262689,0.29842931937172773
Epidermis 2,slc4a1ap,9.843349,1.2312667,7.323146629916666e-23,1.0819118660217438e-21,0.4790739091718611,0.2705061082024433
Epidermis 2,jade3,9.83178,1.7758569,8.215294864643189e-23,1.2104385499080286e-21,0.365093499554764,0.13699825479930192
Epidermis 2,trim36,9.830627,1.3626573,8.309955779246365e-23,1.2235596832586703e-21,0.43989314336598395,0.21727748691099477
Epidermis 2,ror2,9.827968,1.0166451,8.532336101459374e-23,1.2554558737015846e-21,0.585040071237756,0.4258289703315881
Epidermis 2,topbp1,9.810663,1.0153337,1.0130079025881238e-22,1.4875400701463963e-21,0.5770258236865539,0.39179755671902267
Epidermis 2,eif3i,9.806946,1.1127809,1.0510161150767128e-22,1.5412215644300527e-21,0.5164737310774711,0.3150087260034904
Epidermis 2,pex14,9.797428,1.4681906,1.1548855669224423e-22,1.6913260373029943e-21,0.42653606411398043,0.20855148342059338
Epidermis 2,cenpp,9.796915,1.4805081,1.1607610014785965e-22,1.6987904636662948e-21,0.42564559216384684,0.20855148342059338
Epidermis 2,neil1,9.7734585,1.7007511,1.4636871713125978e-22,2.1363958371379392e-21,0.377560106856634,0.15881326352530542
Epidermis 2,wdr12,9.746957,1.5199304,1.9008102207480268e-22,2.768863806872009e-21,0.40961709706144256,0.19284467713787085
Epidermis 2,mn1,9.744874,1.5212777,1.940197802300776e-22,2.8224704162670157e-21,0.42030276046304543,0.21291448516579406
Epidermis 2,marchf6,9.743913,1.2269334,1.958648108396316e-22,2.8455166693286292e-21,0.4826357969723954,0.2757417102966841
Epidermis 2,asap1,9.73244,1.1615416,2.192686956630804e-22,3.181291361744733e-21,0.5031166518254675,0.3106457242582897
Epidermis 2,blmh,9.701997,1.145311,2.9565408365734365e-22,4.2781616442220795e-21,0.5102404274265361,0.3106457242582897
Epidermis 2,gtpbp4,9.672034,1.1097003,3.9641717171177507e-22,5.709715580146959e-21,0.5155832591273375,0.3089005235602094
Epidermis 2,cecr2,9.659312,1.4354008,4.488655623615603e-22,6.4523685351064604e-21,0.41050756901157615,0.19022687609075042
Epidermis 2,LOC101731710,9.653352,1.5497694,4.757460063204732e-22,6.829772107841478e-21,0.396260017809439,0.17713787085514834
Epidermis 2,dip2a,9.622524,2.2450585,6.423493801309826e-22,9.18525938652567e-21,0.3223508459483526,0.10034904013961606
Epidermis 2,fcho1,9.615506,2.812554,6.876999624231303e-22,9.814454466994852e-21,0.28495102404274264,0.055846422338568937
Epidermis 2,capn2,9.585833,3.1810927,9.171493388974554e-22,1.3012428949337696e-20,0.27070347284060553,0.041884816753926704
Epidermis 2,uck2,9.573431,1.0683535,1.034155596431412e-21,1.4634441809163318e-20,0.5316117542297417,0.32460732984293195
Epidermis 2,lmnb3,9.571605,1.4334915,1.0525935255596521e-21,1.4885705328086303e-20,0.41763134461264473,0.20506108202443282
Epidermis 2,LOC100486588,9.554716,1.334472,1.2392276104509143e-21,1.7479758039850938e-20,0.44434550311665183,0.23472949389179756
Epidermis 2,efna1,9.546385,2.3534427,1.3430132785777887e-21,1.8907027581836082e-20,0.3027604630454141,0.07591623036649214
Epidermis 2,arl13b,9.536514,1.5915617,1.4771323041035125e-21,2.0781756291323495e-20,0.38824577025823687,0.17539267015706805
Epidermis 2,gja7,9.468547,1.4945676,2.8376477724779824e-21,3.9692507720026953e-20,0.39180765805877116,0.17713787085514834
Epidermis 2,bap1,9.468162,1.1092778,2.848111716389687e-21,3.9813354108481336e-20,0.4951024042742654,0.30279232111692844
Epidermis 2,arhgap36,9.456369,2.0112357,3.1882168682537584e-21,4.45391038938318e-20,0.3303650934995548,0.1099476439790576
Epidermis 2,fam124a,9.454607,2.4515207,3.2423860448470988e-21,4.526686237019101e-20,0.29741763134461263,0.07329842931937172
Epidermis 2,ctnnbl1,9.447941,1.1244545,3.45560194125496e-21,4.8181910517651423e-20,0.4968833481745325,0.3045375218150087
Epidermis 2,bambi,9.374173,1.015265,6.972032495288618e-21,9.659474354266217e-20,0.5360641139804097,0.3394415357766143
Epidermis 2,ncoa6,9.3686285,1.237064,7.348081467424973e-21,1.0174015590144691e-19,0.45592163846838824,0.26090750436300175
Epidermis 2,slk,9.367187,1.0797751,7.449141459034482e-21,1.0307401127304467e-19,0.5102404274265361,0.3254799301919721
Epidermis 2,cpsf3,9.363341,1.03702,7.725404189788433e-21,1.067612696804138e-19,0.5342831700801425,0.33507853403141363
Epidermis 2,c5,9.358214,1.0968506,8.109572857535226e-21,1.118916928120645e-19,0.5129118432769367,0.34904013961605584
Epidermis 2,nup155,9.343184,1.1790279,9.347902666057667e-21,1.2877562126012899e-19,0.4728406055209261,0.27137870855148344
Epidermis 2,tbl3,9.330655,2.097459,1.0521849945189217e-20,1.4476499852079062e-19,0.3178984861976848,0.09860383944153578
Epidermis 2,crcp,9.300341,1.9033337,1.3999701257305767e-20,1.9188912131637508e-19,0.3321460373998219,0.1169284467713787
Epidermis 2,mtr,9.299347,1.4940975,1.4131113554071777e-20,1.9356875634865053e-19,0.38646482635796975,0.16928446771378708
Epidermis 2,foxh1,9.291816,1.6565284,1.5167777895948647e-20,2.07571011990638e-19,0.36776491540516476,0.15968586387434555
Epidermis 2,fmnl3,9.28576,1.1497294,1.6055786205473747e-20,2.193821607950173e-19,0.48619768477292963,0.2931937172774869
Epidermis 2,arhgap42,9.255252,1.8315046,2.1372495948774104e-20,2.9129870961786367e-19,0.340160284951024,0.12652705061082026
Epidermis 2,ago1,9.254771,1.7604165,2.1468878091337606e-20,2.9242970588706487e-19,0.3481745325022262,0.13525305410122165
Epidermis 2,nepro,9.218657,1.2166744,3.0084585462957225e-20,4.0724301450818217e-19,0.4514692787177204,0.262652705061082
Epidermis 2,itgb4,9.209716,2.1596634,3.2698936656419233e-20,4.423580265218376e-19,0.3107747105966162,0.09511343804537521
Epidermis 2,styx,9.209235,1.3434709,3.2845685847385924e-20,4.440679745203272e-19,0.42653606411398043,0.23298429319371727
Epidermis 2,pelp1,9.184625,1.3791382,4.129662949523963e-20,5.559122468942776e-19,0.40872662511130897,0.20331588132635253
Epidermis 2,pik3r2,9.183247,1.0383371,4.1828694724891696e-20,5.627274646065732e-19,0.5111308993766697,0.3237347294938918
Epidermis 2,arhgef11,9.180042,1.1383834,4.3092402346195395e-20,5.790143544312375e-19,0.4764024933214604,0.2870855148342059
Epidermis 2,hat1,9.171614,1.099742,4.659894334683405e-20,6.249757484765002e-19,0.4835262689225289,0.27399650959860383
Epidermis 2,ddx56,9.161712,1.0848187,5.1080473666603476e-20,6.842400343026117e-19,0.4995547640249332,0.3089005235602094
Epidermis 2,carmil1,9.15604,1.299625,5.383679160517908e-20,7.207194046727686e-19,0.4300979519145147,0.22251308900523561
Epidermis 2,hdac4,9.1473875,1.8116857,5.832694328464936e-20,7.798726895921162e-19,0.333926981300089,0.11867364746945899
Epidermis 2,traf3,9.145882,1.0333288,5.914553670902923e-20,7.903335924848296e-19,0.5244879786286732,0.34467713787085513
Epidermis 2,lsg1,9.145017,1.2230111,5.962091735000464e-20,7.961983093601294e-19,0.45235975066785394,0.2547993019197208
Epidermis 2,ubl5,9.144407,1.090361,5.99577064673073e-20,8.002061852129129e-19,0.4942119323241318,0.3089005235602094
Epidermis 2,gart,9.124219,2.0165255,7.225550294652233e-20,9.631565850922808e-19,0.3098842386464826,0.09162303664921466
Epidermis 2,lmf1,9.123097,1.2149516,7.30074595093173e-20,9.72585942584135e-19,0.45235975066785394,0.2582897033158813
Epidermis 2,vwa8,9.120726,1.3694937,7.462286817176065e-20,9.93499454774856e-19,0.41585040071237755,0.2181500872600349
Epidermis 2,skil,9.096147,1.0229162,9.359327816593384e-20,1.2430303851849316e-18,0.5262689225289403,0.3472949389179756
Epidermis 2,limd2,9.091533,2.4390328,9.765279305088265e-20,1.2961566892720866e-18,0.28851291184327693,0.07417102966841187
Epidermis 2,znf674,9.087912,1.6232512,1.0095981653801388e-19,1.3392365694079033e-18,0.3535173642030276,0.1431064572425829
Epidermis 2,ippk,9.069165,1.2050699,1.1993278690945597e-19,1.5870547866290106e-18,0.4594835262689225,0.27399650959860383
Epidermis 2,klhl32,9.055546,1.8183736,1.3588685680372928e-19,1.7949074469214144e-18,0.340160284951024,0.13350785340314136
Epidermis 2,sptbn1,9.051315,1.1658763,1.412561625004914e-19,1.864700981199772e-18,0.46749777382012464,0.2905759162303665
Epidermis 2,scarb1,9.048528,1.6912935,1.4490910388018224e-19,1.9117663577808083e-18,0.3517364203027605,0.14485165794066318
Epidermis 2,cnot11,9.041382,1.1241162,1.5470419188690844e-19,2.037296421945823e-18,0.4746215494211932,0.2774869109947644
Epidermis 2,dcaf13,9.035229,1.7448431,1.6365981431335738e-19,2.1526346040577285e-18,0.3446126447016919,0.14048865619546247
Epidermis 2,rap1gap2,9.008471,1.0389602,2.0894955057020475e-19,2.745025974107428e-18,0.6064113980409617,0.48342059336823734
Epidermis 2,LOC779553,9.003568,1.1116385,2.1849881488520336e-19,2.8670250388514866e-18,0.4692787177203918,0.26788830715532286
Epidermis 2,ddx49,8.996454,1.2435675,2.331260723892204e-19,3.0534477944808998e-18,0.4300979519145147,0.225130890052356
Epidermis 2,tmc6,8.96412,1.1791612,3.127682392304265e-19,4.081887409238718e-18,0.4630454140694568,0.27225130890052357
Epidermis 2,tktl2,8.963767,2.6177723,3.137701310802379e-19,4.09007050794616e-18,0.2742653606411398,0.06108202443280977
Epidermis 2,cfl1,8.954667,1.1192099,3.407637584093517e-19,4.4392871476122174e-18,0.4701691896705254,0.28184991273996507
Epidermis 2,szl,8.927652,2.8038502,4.35144582319797e-19,5.658694833611615e-18,0.2653606411398041,0.053228621291448515
Epidermis 2,stam,8.926083,1.8199782,4.413628241044854e-19,5.736139478727799e-18,0.3285841495992876,0.12216404886561955
Epidermis 2,hgf,8.907945,2.269889,5.198743355460392e-19,6.748469884562831e-18,0.3081032947462155,0.10645724258289703
Epidermis 2,tsc2,8.880033,1.4211646,6.684057933583686e-19,8.64057038914275e-18,0.38557435440783616,0.1849912739965096
Epidermis 2,MGC145244,8.877245,1.0257919,6.853674760819654e-19,8.854590701944682e-18,0.5075690115761353,0.31239092495637
Epidermis 2,cers5,8.874457,1.6148285,7.027541862230198e-19,9.073845619865393e-18,0.3624220837043633,0.1649214659685864
Epidermis 2,ppp5c,8.8596525,1.0769228,8.026456166207206e-19,1.0345262847182956e-17,0.4746215494211932,0.2905759162303665
Epidermis 2,ptk2,8.837765,1.8839678,9.765236311291133e-19,1.2564105044144092e-17,0.3161175422974176,0.1082024432809773
Epidermis 2,tmtc2,8.832862,1.3269898,1.0203077133339881e-18,1.311197562583095e-17,0.41050756901157615,0.21465968586387435
Epidermis 2,lsm4,8.830426,1.0683551,1.0427718332416122e-18,1.3392774675200247e-17,0.4853072128227961,0.29668411867364747
Epidermis 2,exd2,8.824274,1.4111854,1.1017223433298762e-18,1.4124960783666998e-17,0.3846838824577026,0.1849912739965096
Epidermis 2,nid2,8.818153,1.0944976,1.163628943617594e-18,1.4901142710492674e-17,0.5405164737310775,0.41012216404886565
Epidermis 2,usp24,8.815654,1.0008565,1.189887012877203e-18,1.522846012199029e-17,0.5227070347284061,0.3586387434554974
Epidermis 2,exosc5,8.801297,1.2622508,1.3524341754403128e-18,1.726826573568348e-17,0.42208370436331255,0.23036649214659685
Epidermis 2,hprt1,8.787005,2.509741,1.5359972708863356e-18,1.9589127088258754e-17,0.27070347284060553,0.06282722513089005
Epidermis 2,pomt2,8.76531,1.637765,1.8626269489137945e-18,2.3713175409712897e-17,0.3472840605520926,0.1474694589877836
Epidermis 2,znf800,8.763291,1.2454283,1.8963034336100104e-18,2.4127835116503812e-17,0.41495992876224397,0.21553228621291448
Epidermis 2,hsf2.2,8.737783,2.173102,2.3772864705176785e-18,3.017729381801411e-17,0.29385574354407834,0.0881326352530541
Epidermis 2,nmd3,8.726984,1.4974754,2.615537159848651e-18,3.3143807412925323e-17,0.3597506678539626,0.156195462478185
Epidermis 2,bud13,8.706796,1.0152991,3.1258616444472896e-18,3.951878733689705e-17,0.4968833481745325,0.31151832460732987
Epidermis 2,rpa1,8.674109,1.4286168,4.1679997651559056e-18,5.257220975460521e-17,0.396260017809439,0.20331588132635253
Epidermis 2,xpo5,8.645749,1.101114,5.3453452519566965e-18,6.718938867681283e-17,0.45592163846838824,0.26352530541012215
Epidermis 2,snx7,8.641487,3.4150543,5.5486033160984945e-18,6.962396374961775e-17,0.23864648263579696,0.03228621291448516
Epidermis 2,LOC101735263,8.637289,1.234147,5.756257969550791e-18,7.218810641009644e-17,0.41495992876224397,0.22251308900523561
Epidermis 2,nle1,8.6268425,2.004802,6.306903136630788e-18,7.904820984745574e-17,0.3009795191451469,0.09947643979057591
Epidermis 2,LOC100488817,8.604827,1.0043758,7.643185831264053e-18,9.519518152055531e-17,0.4826357969723954,0.3150087260034904
Epidermis 2,sfi1,8.604122,1.1997327,7.690305490498794e-18,9.572741363843365e-17,0.43455031166518254,0.24607329842931938
Epidermis 2,atp13a3,8.549004,1.7867947,1.2415513229625641e-17,1.5375647797029575e-16,0.3205699020480855,0.12303664921465969
Epidermis 2,LOC100486894,8.548619,1.6778489,1.2456941094591506e-17,1.541820258792293e-16,0.327693677649154,0.12827225130890052
Epidermis 2,LOC100490503,8.546761,1.6412966,1.2659106789030704e-17,1.5659544741691554e-16,0.3383793410507569,0.14223385689354276
Epidermis 2,pias1,8.538621,1.1504755,1.3583266860293311e-17,1.6783718355518707e-16,0.42653606411398043,0.23036649214659685
Epidermis 2,kcnq1,8.520484,1.8180484,1.588883525557162e-17,1.9621407702989717e-16,0.3178984861976848,0.12303664921465969
Epidermis 2,c11orf95,8.498372,1.8869855,1.922674967691417e-17,2.368983086956206e-16,0.3081032947462155,0.1099476439790576
Epidermis 2,LOC100493567,8.479369,1.039575,2.2641763970838276e-17,2.7866098793438354e-16,0.4657168299198575,0.2914485165794066
Epidermis 2,usp31,8.434121,1.3718736,3.3370027582604135e-17,4.0908279319101397e-16,0.371326803205699,0.17539267015706805
Epidermis 2,bmpr2,8.427873,1.7547284,3.5200624040423033e-17,4.3055651187560035e-16,0.3232413178984862,0.12914485165794065
Epidermis 2,usp39,8.422937,1.108923,3.671602750125503e-17,4.485892699355465e-16,0.4416740872662511,0.25392670157068065
Epidermis 2,megf8,8.385381,1.3775351,5.0562008141865037e-17,6.146593758571793e-16,0.371326803205699,0.18411867364746945
Epidermis 2,tyw1,8.3770485,1.4529876,5.427147142470299e-17,6.590193533435971e-16,0.3561887800534283,0.16404886561954624
Epidermis 2,smarcc2,8.372723,1.3386421,5.630212633400135e-17,6.825381659634685e-16,0.38023152270703475,0.1893542757417103
Epidermis 2,dipk2a,8.371345,1.2432593,5.696452789567836e-17,6.90184876852636e-16,0.40872662511130897,0.22076788830715532
Epidermis 2,gnaq,8.371152,1.2629176,5.705756502280846e-17,6.909284829981705e-16,0.396260017809439,0.21029668411867364
Epidermis 2,neurl1,8.357661,4.4772577,6.397392510320697e-17,7.7296512717446255e-16,0.21549421193232413,0.013961605584642234
Epidermis 2,dgkh,8.32286,1.3132849,8.586599905165355e-17,1.0351834062464818e-15,0.38824577025823687,0.20331588132635253
Epidermis 2,mak16,8.295877,1.5399354,1.0778650014092358e-16,1.2937344442107224e-15,0.3383793410507569,0.1431064572425829
Epidermis 2,mtmr10,8.261525,1.2977682,1.4382312029005446e-16,1.7187099166753989e-15,0.38913624220837045,0.20506108202443282
Epidermis 2,septin12,8.253802,1.1484802,1.5343350336418509e-16,1.8325519851723494e-15,0.4363312555654497,0.2661431064572426
Epidermis 2,tulp4,8.2242565,1.3141168,1.9640597571975854e-16,2.3381204561815883e-15,0.3695458593054319,0.17539267015706805
Epidermis 2,LOC100485199,8.220827,2.291536,2.021041647769537e-16,2.404642846018488e-15,0.27604630454140694,0.08638743455497382
Epidermis 2,nvl,8.192787,2.271063,2.552444589270887e-16,3.027005075134784e-15,0.26268922528940336,0.06544502617801047
Epidermis 2,ercc3,8.192082,1.1772798,2.5674440727757515e-16,3.0431394411754304e-15,0.40783615316117544,0.22774869109947643
Epidermis 2,tle5,8.18782,1.2282537,2.6599908350303363e-16,3.1511216075568385e-15,0.390026714158504,0.20855148342059338
Epidermis 2,brms1l,8.167151,1.492884,3.1575691245819007e-16,3.7304448222794616e-15,0.3410507569011576,0.15532286212914484
Epidermis 2,impdh2,8.16305,1.2453251,3.2667070578608063e-16,3.853125119436792e-15,0.39180765805877116,0.21029668411867364
Epidermis 2,mrps28,8.161287,1.471719,3.3147365349172834e-16,3.907664285706647e-15,0.346393588601959,0.15968586387434555
Epidermis 2,LOC116407555,8.141547,1.4397466,3.902590216223898e-16,4.590750464055077e-15,0.346393588601959,0.15706806282722513
Epidermis 2,nfx1,8.135394,1.1297617,4.105998299726046e-16,4.824824388708781e-15,0.43187889581478184,0.2600349040139616
Epidermis 2,nagpa,8.134786,1.351291,4.1266865242635205e-16,4.846524577284945e-15,0.36420302760463047,0.17975567190226877
Epidermis 2,stx6,8.118539,1.1720744,4.718314171555126e-16,5.535394276209913e-15,0.41050756901157615,0.22949389179755672
Epidermis 2,map7d1,8.117545,1.1542516,4.7570845858929895e-16,5.577879782309023e-15,0.41763134461264473,0.23821989528795812
Epidermis 2,pop1,8.115109,2.0632145,4.853467916605268e-16,5.687836917735959e-15,0.27515583259127335,0.08464223385689354
Epidermis 2,kndc1,8.066401,1.0889243,7.240100089930512e-16,8.425931949993264e-15,0.45592163846838824,0.30017452006980805
Epidermis 2,rassf1,8.057203,2.4429479,7.805961791077226e-16,9.069962313263906e-15,0.25378450578806766,0.06282722513089005
Epidermis 2,pros1,8.050891,1.3499057,8.219372196928191e-16,9.54523260825812e-15,0.36776491540516476,0.18760907504363003
Epidermis 2,eif3l,8.034002,1.0210885,9.434313846258405e-16,1.092128182701351e-14,0.45503116651825465,0.28272251308900526
Epidermis 2,sav1,8.030862,1.2779422,9.678999938485157e-16,1.1192658063470304e-14,0.37934105075690117,0.19895287958115182
Epidermis 2,tln1,7.999041,2.0631938,1.2539180413843186e-15,1.4431300411944734e-14,0.27248441674087265,0.08376963350785341
Epidermis 2,mrps6,7.9612274,1.1542052,1.7034072199672837e-15,1.9542612485229284e-14,0.42030276046304543,0.25218150087260033
Epidermis 2,lhx5,7.9527035,1.6314826,1.8248468712363437e-15,2.0891911635492262e-14,0.3428317008014248,0.16841186736474695
Epidermis 2,cse1l,7.9474483,1.5593307,1.9039275303666115e-15,2.17744248637997e-14,0.32146037399821903,0.13787085514834205
Epidermis 2,LOC105947324,7.9472237,1.6093612,1.9073769952236283e-15,2.180244809469607e-14,0.3205699020480855,0.14136125654450263
Epidermis 2,spout1,7.9420967,1.3344026,1.987921710679838e-15,2.2711224946986776e-14,0.3597506678539626,0.17713787085514834
Epidermis 2,c15orf39,7.9331236,1.3629726,2.1370121541553836e-15,2.4363501680159155e-14,0.3597506678539626,0.18411867364746945
Epidermis 2,pdlim1,7.9131594,1.016365,2.5093748339672863e-15,2.85639375336464e-14,0.45325022261798753,0.3036649214659686
Epidermis 2,dnajc21,7.9076476,1.5918841,2.622978150744872e-15,2.982595426128392e-14,0.3178984861976848,0.13525305410122165
Epidermis 2,gata6,7.9073915,1.1719326,2.6283835164542514e-15,2.98718524544522e-14,0.41228851291184326,0.2443280977312391
Epidermis 2,polr1e,7.9013987,1.958959,2.75790575276477e-15,3.131127025550471e-14,0.2804986642920748,0.0968586387434555
Epidermis 2,aggf1,7.892586,1.3210721,2.959873169518111e-15,3.358678753616989e-14,0.3579697239536955,0.1762652705061082
Epidermis 2,fam168a,7.877493,1.2996291,3.340148740936594e-15,3.784287937485847e-14,0.352626892252894,0.16841186736474695
Epidermis 2,prkag1,7.8770766,1.2298933,3.3512997007071794e-15,3.794951259425603e-14,0.377560106856634,0.19982547993019198
Epidermis 2,fmr1,7.8759227,1.2488616,3.3823709315846614e-15,3.826164649979725e-14,0.3722172751558326,0.19284467713787085
Epidermis 2,msl2,7.867142,1.1322846,3.6283372115933056e-15,4.100152578673098e-14,0.39447907390917186,0.21291448516579406
Epidermis 2,nnt,7.857625,1.4717879,3.914856730555226e-15,4.414784946638015e-14,0.3205699020480855,0.13525305410122165
Epidermis 2,myo10.2,7.851793,1.43244,4.101323124005984e-15,4.6202876555980685e-14,0.3446126447016919,0.17102966841186737
Epidermis 2,ruvbl2,7.8368917,1.7222466,4.618367774409262e-15,5.200072404818602e-14,0.29741763134461263,0.1143106457242583
Epidermis 2,vav2,7.835001,1.3900657,4.688396343672123e-15,5.273479206972649e-14,0.3490650044523598,0.17452006980802792
Epidermis 2,tmem72,7.824137,1.0965341,5.111494077920638e-15,5.743455832868499e-14,0.44434550311665183,0.28272251308900526
Epidermis 2,coq8a,7.815421,1.8236626,5.4779585472084585e-15,6.152060394165506e-14,0.2831700801424755,0.09860383944153578
Epidermis 2,LOC100127805,7.7974114,1.9046052,6.318988020589736e-15,7.071109620373777e-14,0.3303650934995548,0.17015706806282724
Epidermis 2,eda,7.7921243,1.2954556,6.5891968814734956e-15,7.365925468782436e-14,0.3597506678539626,0.1849912739965096
Epidermis 2,septin11,7.7866445,1.0055254,6.881230219068529e-15,7.688444680506625e-14,0.46482635796972394,0.31239092495637
Epidermis 2,LOC100489322,7.753926,1.1006153,8.909426056600698e-15,9.898807840177385e-14,0.41674087266251114,0.25043630017452007
Epidermis 2,ebf4,7.7513623,1.3123401,9.091184742346595e-15,1.0095610293269467e-13,0.39893143365983974,0.24083769633507854
Epidermis 2,lzts2,7.7423897,2.3302364,9.756543630334936e-15,1.082346408528412e-13,0.2475512021371327,0.06457242582897033
Epidermis 2,meis2,7.7311416,1.6505111,1.0658627742471916e-14,1.1788236997895573e-13,0.3089937666963491,0.13263525305410123
Epidermis 2,ddx47,7.7290907,1.1336454,1.0831737798888119e-14,1.196756205111583e-13,0.40516473731077474,0.23909249563699825
Epidermis 2,cd81,7.720887,1.7740122,1.155227520730408e-14,1.2744297133396477e-13,0.2894033837934105,0.1099476439790576
Epidermis 2,ptgs2,7.6942253,1.6827108,1.4235386840060728e-14,1.5648885452743837e-13,0.3054318788958148,0.1273996509598604
Epidermis 2,rsu1,7.6708965,2.3654988,1.7079846057048146e-14,1.8728609085972244e-13,0.24309884238646481,0.060209424083769635
Epidermis 2,qsox2,7.654681,1.4220258,1.9379203252759873e-14,2.1228594085264718e-13,0.3268032056990205,0.15095986038394416
Epidermis 2,dpysl4,7.645965,2.3286974,2.0738393156909326e-14,2.2706095187000423e-13,0.2439893143365984,0.06195462478184991
Epidermis 2,pold1,7.6323457,1.2374755,2.30520102832829e-14,2.5138326656247685e-13,0.365093499554764,0.18673647469458987
Epidermis 2,cdk8,7.63225,1.0398728,2.3069212030395243e-14,2.5144519266496235e-13,0.42208370436331255,0.2556719022687609
Epidermis 2,hbs1l,7.6215787,1.0714437,2.505920683652248e-14,2.728627506885015e-13,0.41317898486197685,0.24956369982547993
Epidermis 2,gli2,7.610427,1.0470607,2.7319235133964806e-14,2.9673122441923645e-13,0.42653606411398043,0.26352530541012215
Epidermis 2,LOC100486773,7.6046906,1.2536587,2.855862205496787e-14,3.1003865266739e-13,0.3570792520035619,0.1849912739965096
Epidermis 2,nipa2,7.5941157,1.5975401,3.099015210865132e-14,3.361014459060042e-13,0.2947462154942119,0.11343804537521815
Epidermis 2,pwp2,7.5776443,1.7321395,3.518854780969404e-14,3.805001495318799e-13,0.2840605520926091,0.10732984293193717
Epidermis 2,dcp1b,7.5771956,1.3298824,3.531039817693956e-14,3.816276818898469e-13,0.3419412288512912,0.17102966841186737
Epidermis 2,rbbp4,7.5630636,1.1232558,3.9368475820544636e-14,4.2464632272867257e-13,0.40071237756010686,0.2338568935427574
Epidermis 2,dhx30,7.5539947,1.5118985,4.22106937567913e-14,4.550788282939441e-13,0.3072128227960819,0.12914485165794065
Epidermis 2,lmo4.2,7.5494766,1.1605076,4.370114620956596e-14,4.709149192291057e-13,0.38824577025823687,0.22425828970331588
Epidermis 2,glrx3,7.5434837,1.1571431,4.5757919560485453e-14,4.928349273096511e-13,0.37934105075690117,0.2111692844677138
Epidermis 2,pimreg,7.539254,1.5129594,4.726677061516558e-14,5.08583925835073e-13,0.3098842386464826,0.13612565445026178
Epidermis 2,frmd6,7.491955,1.415637,6.785520852649668e-14,7.279589504703461e-13,0.3392698130008905,0.17015706806282724
Epidermis 2,fam102a,7.4873405,1.5184289,7.028323453896917e-14,7.536365901104896e-13,0.3196794300979519,0.15357766143106458
Epidermis 2,LOC100492755,7.479233,1.3320917,7.475766023852039e-14,8.004351835450213e-13,0.3365983971504898,0.1649214659685864
Epidermis 2,cdk2ap1,7.4662223,1.5042878,8.252973969103823e-14,8.823524986762103e-13,0.3072128227960819,0.13263525305410123
Epidermis 2,uspl1,7.465806,1.1200211,8.279129572745637e-14,8.847154084568195e-13,0.371326803205699,0.1980802792321117
Epidermis 2,slx4ip,7.46023,1.1231301,8.637155485541643e-14,9.220712810665566e-13,0.39715048975957257,0.23647469458987783
Epidermis 2,iars1,7.449655,1.6406945,9.358459483283015e-14,9.971237518785092e-13,0.2920747996438112,0.12216404886561955
Epidermis 2,kif24,7.4422846,1.2142335,9.895872567452855e-14,1.0533552941189696e-12,0.3748886910062333,0.21291448516579406
Epidermis 2,tbp,7.426903,1.357719,1.1116996622619491e-13,1.1810320511303793e-12,0.3223508459483526,0.1474694589877836
Epidermis 2,ebna1bp2,7.410303,1.6967186,1.2601087481022742e-13,1.3360948975869643e-12,0.28227960819234194,0.1082024432809773
Epidermis 2,nat10,7.3914285,1.6445004,1.452595748159613e-13,1.5386937776985882e-12,0.28227960819234194,0.10732984293193717
Epidermis 2,utp11,7.3723617,1.3767972,1.676316100102264e-13,1.7730922743738006e-12,0.3134461264470169,0.13961605584642234
Epidermis 2,got2,7.3588705,1.4979662,1.854728855264417e-13,1.9589563577311154e-12,0.3018699910952805,0.12827225130890052
Epidermis 2,reep3,7.3544803,1.646049,1.9167143358099633e-13,2.021489778719633e-12,0.30008904719501334,0.13612565445026178
Epidermis 2,tagln2,7.3447065,1.4361016,2.0621122904789944e-13,2.1716868866091768e-12,0.30632235084594833,0.13350785340314136
Epidermis 2,mettl3,7.3386817,1.1211119,2.157076330059631e-13,2.2706011866006373e-12,0.377560106856634,0.2111692844677138
Epidermis 2,LOC101732101,7.3284273,1.3306906,2.328691291174013e-13,2.4488854296244888e-12,0.3303650934995548,0.1631762652705061
Epidermis 2,wwp1,7.3271456,1.2154483,2.3510646013661905e-13,2.4688441129168257e-12,0.3490650044523598,0.17801047120418848
Epidermis 2,pik3c3,7.295036,1.0606192,2.985790899068604e-13,3.1263408449412674e-12,0.396260017809439,0.23647469458987783
Epidermis 2,pkdcc.1,7.290934,1.3818846,3.0781296028589566e-13,3.2214803867618846e-12,0.3241317898486198,0.15532286212914484
Epidermis 2,znf219,7.2826347,1.503941,3.27363287320485e-13,3.424445969616636e-12,0.3081032947462155,0.1431064572425829
Epidermis 2,ppp1r35,7.263407,1.3119595,3.774592404265913e-13,3.937159696629373e-12,0.3161175422974176,0.14223385689354276
Epidermis 2,wnt3a,7.2394695,2.6123173,4.5044361189144777e-13,4.68947044612752e-12,0.22707034728406056,0.056719022687609075
Epidermis 2,ttc33,7.2381554,1.318731,4.548277837193186e-13,4.732855063681093e-12,0.3312555654496883,0.16928446771378708
Epidermis 2,kcnab2,7.2320027,1.7153398,4.759224228684715e-13,4.95000152021588e-12,0.2778272484416741,0.1099476439790576
Epidermis 2,cux2,7.219409,2.2894592,5.221401326990611e-13,5.422950897489868e-12,0.2341941228851291,0.06195462478184991
Epidermis 2,lpar1,7.2184157,3.0444932,5.259678552150426e-13,5.4601068357028754e-12,0.20569902048085487,0.03228621291448516
Epidermis 2,rad51ap1,7.216044,1.1770947,5.352167244459452e-13,5.553477957268174e-12,0.3481745325022262,0.17539267015706805
Epidermis 2,sash1,7.2085137,1.2302269,5.656595585646417e-13,5.860995834491475e-12,0.3561887800534283,0.19720767888307156
Epidermis 2,eif2d,7.2079687,1.5128517,5.679265907022342e-13,5.881692518136427e-12,0.29741763134461263,0.13263525305410123
Epidermis 2,cttnbp2,7.203899,1.068216,5.851472276237443e-13,6.054290020852406e-12,0.39982190560997327,0.24083769633507854
Epidermis 2,wwc3,7.184864,1.8913962,6.727410594905776e-13,6.934285620757626e-12,0.26001780943900266,0.09162303664921466
Epidermis 2,arhgap33,7.1839666,2.2750726,6.771733728992333e-13,6.976676189817833e-12,0.23063223508459482,0.059336823734729496
Epidermis 2,tgif2,7.1746736,1.7742084,7.247990197415412e-13,7.449759495892686e-12,0.2680320569902048,0.10034904013961606
Epidermis 2,rcor2,7.173167,1.214512,7.32821215878296e-13,7.52866843299449e-12,0.3455031166518255,0.18150087260034903
Epidermis 2,rnf150,7.1688733,2.6584337,7.561745396662751e-13,7.761281575756251e-12,0.21727515583259127,0.04712041884816754
Epidermis 2,ubtd2,7.147371,1.4437568,8.8455627174524e-13,9.053425143411295e-12,0.30632235084594833,0.14223385689354276
Epidermis 2,n4bp1,7.142244,1.3500497,9.181964358806417e-13,9.388924286481481e-12,0.3170080142475512,0.15270506108202445
Epidermis 2,crabp2,7.1405134,1.0445073,9.29830937981781e-13,9.503438359578661e-12,0.44701691896705253,0.3080279232111693
Epidermis 2,wdr77,7.1235614,2.0393527,1.0517351737088873e-12,1.0734290563845478e-11,0.23597506678539626,0.0636998254799302
Epidermis 2,ube2o,7.118402,1.4642469,1.0918561018194295e-12,1.1112589551213512e-11,0.2947462154942119,0.12652705061082026
Epidermis 2,evc2,7.1181455,1.6958587,1.0938883833240045e-12,1.1128083175996786e-11,0.27248441674087265,0.1055846422338569
Epidermis 2,dpp9,7.115646,1.1706989,1.113898676843849e-12,1.1321091302938812e-11,0.3570792520035619,0.2006980802792321
Epidermis 2,slc39a6,7.114845,1.5781107,1.1203879214791514e-12,1.1381743405305663e-11,0.28227960819234194,0.1143106457242583
Epidermis 2,ablim1,7.1100383,1.679347,1.1601096766923033e-12,1.1779782808330736e-11,0.2769367764915405,0.11082024432809773
Epidermis 2,bach2,7.104366,2.0393927,1.208761215852192e-12,1.2239618789378506e-11,0.2413178984861977,0.07242582897033159
Epidermis 2,pitpna,7.0976043,1.2132993,1.2693787618549194e-12,1.284149928717487e-11,0.3428317008014248,0.1806282722513089
Epidermis 2,skida1,7.092958,2.89959,1.3127544259899988e-12,1.3261858485892483e-11,0.20569902048085487,0.03577661431064572
Epidermis 2,tma16,7.088151,1.607289,1.3591558062731395e-12,1.3705239763718196e-11,0.2742653606411398,0.10732984293193717
Epidermis 2,btf3,7.060079,1.5367442,1.664076214715212e-12,1.674898850613498e-11,0.27960819234194123,0.112565445026178
Epidermis 2,nufip1,7.053414,1.0860608,1.7458061247005893e-12,1.756350181977481e-11,0.3695458593054319,0.20855148342059338
Epidermis 2,ppia,7.012588,1.0710182,2.3394956759368158e-12,2.343899685244135e-11,0.36776491540516476,0.2111692844677138
Epidermis 2,nfe2l3,7.0068517,2.1491253,2.4374001742229634e-12,2.439748128519233e-11,0.23686553873552982,0.07155322862129145
Epidermis 2,esco2,7.0032306,1.0858535,2.5012631443954846e-12,2.5013777760702965e-11,0.36420302760463047,0.20593368237347295
Epidermis 2,cmc2,6.9853816,1.7221524,2.8408296524129476e-12,2.8331692799498598e-11,0.26714158504007124,0.10383944153577661
Epidermis 2,rab3a,6.9757357,1.7528503,3.042739913470229e-12,3.027616399992425e-11,0.2653606411398041,0.10209424083769633
Epidermis 2,maz,6.9716983,1.2188435,3.1313794277317817e-12,3.11297633223395e-11,0.3383793410507569,0.1823734729493892
Epidermis 2,kansl1,6.9558997,1.1935874,3.503189434113817e-12,3.476266332050823e-11,0.3321460373998219,0.16928446771378708
Epidermis 2,LOC100490380,6.9389157,1.1350474,3.951208492626406e-12,3.9137231283522835e-11,0.3508459483526269,0.19633507853403143
Epidermis 2,sox11,6.938403,2.0357943,3.965572424681018e-12,3.9261685970492056e-11,0.24487978628673196,0.08464223385689354
Epidermis 2,zrsr2,6.937858,1.0872977,3.980890196374428e-12,3.939546710888272e-11,0.3695458593054319,0.21553228621291448
Epidermis 2,polrmt,6.9169965,1.5274248,4.613190199652452e-12,4.554951282652315e-11,0.27337488869100623,0.1082024432809773
Epidermis 2,trmt11,6.912254,1.3093572,4.770130024491966e-12,4.7035249554649426e-11,0.3107747105966162,0.15270506108202445
Epidermis 2,dhx36,6.9083123,1.5402769,4.904532095245068e-12,4.833866072734536e-11,0.28227960819234194,0.12303664921465969
Epidermis 2,pald1,6.904723,1.3759305,5.030139044363435e-12,4.9531888125927127e-11,0.3205699020480855,0.17277486910994763
Epidermis 2,ptpn21,6.8978014,1.1456196,5.281348766113424e-12,5.195866159844952e-11,0.3446126447016919,0.1849912739965096
Epidermis 2,nlrc4,6.8860726,1.6832321,5.735363069826478e-12,5.6349102902604036e-11,0.26268922528940336,0.10034904013961606
Epidermis 2,hdac10,6.8733506,1.9327971,6.271108412715395e-12,6.155729045158013e-11,0.24309884238646481,0.08115183246073299
Epidermis 2,ube2e2,6.8620067,1.0299022,6.789985042164855e-12,6.656076532123958e-11,0.39804096170970615,0.24956369982547993
Epidermis 2,tnks2,6.8505344,1.0180743,7.357455944744916e-12,7.199419110774835e-11,0.3695458593054319,0.2094240837696335
Epidermis 2,snx14,6.8455677,1.1010909,7.617330439437649e-12,7.4337105330487e-11,0.3633125556544969,0.21378708551483422
Epidermis 2,mmp11,6.826853,3.238152,8.679757105600263e-12,8.459177302425339e-11,0.1923419412288513,0.028795811518324606
Epidermis 2,ptprn2,6.814195,1.5464218,9.479302635476436e-12,9.230158982986671e-11,0.30008904719501334,0.1474694589877836
Epidermis 2,cpsf2,6.7963457,1.0004697,1.0730606962465085e-11,1.0425314983435023e-10,0.3757791629563669,0.2198952879581152
Epidermis 2,pacrg,6.787565,1.0261135,1.1404162683561008e-11,1.1064928142195854e-10,0.46749777382012464,0.34642233856893545
Epidermis 2,pde7a,6.7736254,1.1288809,1.2559445551413427e-11,1.2169611961695932e-10,0.35529830810329477,0.20418848167539266
Epidermis 2,larp7,6.7545266,1.2497092,1.4330244312912332e-11,1.3848550095308238e-10,0.3232413178984862,0.17015706806282724
Epidermis 2,wdr74,6.7503605,1.9412943,1.4747812241759177e-11,1.4239469510063142e-10,0.2341941228851291,0.07242582897033159
Epidermis 2,mycl,6.749399,3.0372133,1.4845853375404094e-11,1.4327791530503881e-10,0.19145146927871773,0.028795811518324606
Epidermis 2,wdr5,6.7466755,1.30224,1.512711597333935e-11,1.4586336617509412e-10,0.3009795191451469,0.14136125654450263
Epidermis 2,krt19,6.733024,1.2366233,1.661725498235196e-11,1.5994932552708522e-10,0.3348174532502226,0.18586387434554974
Epidermis 2,pnhd,6.722545,1.5676911,1.785772691952359e-11,1.7166231678895341e-10,0.27960819234194123,0.1273996509598604
Epidermis 2,cyp26a1,6.715111,1.2720921,1.879234883079734e-11,1.8048760732254785e-10,0.327693677649154,0.1736474694589878
Epidermis 2,heatr6,6.706843,1.2800832,1.9888003737130797e-11,1.9059118557221394e-10,0.3116651825467498,0.16055846422338568
Epidermis 2,serpina1,6.6992803,2.1839757,2.0944852094227753e-11,2.0045509541585253e-10,0.21905609973285842,0.059336823734729496
Epidermis 2,chrm4,6.6803737,3.7529948,2.3833401941931452e-11,2.2770081601352286e-10,0.1798753339269813,0.019197207678883072
Epidermis 2,rcc1,6.679893,1.708743,2.3911705164040446e-11,2.2834893583567902e-10,0.25111308993766696,0.09336823734729494
Epidermis 2,ncs1,6.671593,1.3431518,2.530413953079457e-11,2.409082149657366e-10,0.2867319679430098,0.1256544502617801
Epidermis 2,tmem135,6.66512,1.1574441,2.6444936233865748e-11,2.5144006691032e-10,0.3294746215494212,0.1762652705061082
Epidermis 2,c15orf41,6.6640306,1.6164571,2.664183889955942e-11,2.530916702774428e-10,0.26179875333926983,0.1055846422338569
Epidermis 2,ctu2,6.658807,1.1073607,2.760592240512289e-11,2.61794364538108e-10,0.3365983971504898,0.18411867364746945
Epidermis 2,foxp4,6.6039133,1.3839169,4.004439993166555e-11,3.774552271744596e-10,0.2965271593944791,0.14485165794066318
Epidermis 2,nol7,6.603048,1.2940931,4.027890749845559e-11,3.795017446130395e-10,0.30632235084594833,0.15794066317626526
Epidermis 2,hdac2,6.565683,1.305951,5.179487450237583e-11,4.842399128176277e-10,0.2947462154942119,0.13961605584642234
Epidermis 2,akap1,6.542162,1.0939358,6.063586452168284e-11,5.65684138404293e-10,0.3410507569011576,0.19284467713787085
Epidermis 2,trmt6,6.537323,1.6270378,6.262973584087875e-11,5.830390212388291e-10,0.2591273374888691,0.10732984293193717
Epidermis 2,LOC100486629,6.5364256,3.4270442,6.300644409001479e-11,5.862957852828198e-10,0.182546749777382,0.02617801047120419
Epidermis 2,dlgap4,6.519121,1.386221,7.072053039394361e-11,6.575171255757323e-10,0.2831700801424755,0.13176265270506107
Epidermis 2,paics.1,6.515692,1.9722781,7.235517686491697e-11,6.709997086142597e-10,0.2226179875333927,0.06631762652705062
Epidermis 2,rbm42,6.514186,1.0563558,7.308482530041444e-11,6.77478323228693e-10,0.3383793410507569,0.18760907504363003
Epidermis 2,epn2,6.5113983,1.5515872,7.445448606584204e-11,6.898816732240931e-10,0.25556544968833483,0.10034904013961606
Epidermis 2,atp6v1h,6.507841,3.2921648,7.623847232420333e-11,7.061119289416133e-10,0.18076580587711488,0.02443280977312391
Epidermis 2,LOC100488737,6.4948626,1.0075781,8.310913430935259e-11,7.687683000272924e-10,0.3597506678539626,0.2164048865619546
Epidermis 2,whamm,6.4853134,1.0351655,8.854762188263183e-11,8.176883864159582e-10,0.3481745325022262,0.19546247818499127
Epidermis 2,yaf2,6.483679,1.228993,8.951260747387119e-11,8.259004683667413e-10,0.3098842386464826,0.16230366492146597
Epidermis 2,noc4l,6.4820766,1.2149999,9.04686504457488e-11,8.340162320983035e-10,0.3098842386464826,0.16055846422338568
Epidermis 2,ddx51,6.4784236,1.3808142,9.268591261623541e-11,8.540959878373619e-10,0.2840605520926091,0.13525305410122165
Epidermis 2,stmn1,6.4649324,2.3690498,1.013441196857711e-10,9.323060858613875e-10,0.20035618878005343,0.04450261780104712
Epidermis 2,vbp1,6.4587154,1.3812327,1.0559536383064418e-10,9.70187972273047e-10,0.28138913624220835,0.13089005235602094
Epidermis 2,zcchc7,6.4570494,1.3521609,1.0676418812133291e-10,9.80514035772561e-10,0.28495102404274264,0.13525305410122165
Epidermis 2,tomm40,6.454678,1.6442035,1.0844934738602897e-10,9.955713964284973e-10,0.24577025823686555,0.09336823734729494
Epidermis 2,mmp3,6.449647,1.6153105,1.1211117355190817e-10,1.0278898815446168e-09,0.25823686553873554,0.1099476439790576
Epidermis 2,mphosph9,6.4333997,1.0568341,1.24780933449845e-10,1.141653982729169e-09,0.352626892252894,0.21465968586387435
Epidermis 2,rpl26,6.4085965,1.0358658,1.4686522627669825e-10,1.3392169254424708e-09,0.352626892252894,0.20767888307155322
Epidermis 2,rbbp7,6.3831205,1.1997223,1.7351525437096807e-10,1.5795896393946158e-09,0.30365093499554763,0.15008726003490402
Epidermis 2,fam117b,6.37293,1.1031629,1.8545045652984935e-10,1.6868338524126063e-09,0.3419412288512912,0.2006980802792321
Epidermis 2,LOC100492173,6.361682,1.1577646,1.9955608018935784e-10,1.8106084099010303e-09,0.30632235084594833,0.15706806282722513
Epidermis 2,LOC100488689,6.3504343,1.5357785,2.1470801999727575e-10,1.94485002256561e-09,0.25378450578806766,0.10296684118673648
Epidermis 2,utp15,6.3384814,1.2387657,2.3204102441905394e-10,2.099240130119476e-09,0.2920747996438112,0.14397905759162305
Epidermis 2,rnf113a,6.329092,1.0748508,2.4660807491962513e-10,2.228254576737532e-09,0.333926981300089,0.1849912739965096
Epidermis 2,shkbp1,6.326977,1.0064728,2.5001062174639703e-10,2.2571294071692714e-09,0.3535173642030276,0.21291448516579406
Epidermis 2,ddx20,6.3238688,1.5382801,2.550946931265486e-10,2.3020766330498e-09,0.25111308993766696,0.1012216404886562
Epidermis 2,pias2,6.31512,1.4402689,2.699515827676294e-10,2.4331323781794467e-09,0.26179875333926983,0.11082024432809773
Epidermis 2,pus7,6.314896,1.0902326,2.703434310327383e-10,2.4356581373102322e-09,0.3419412288512912,0.20506108202443282
Epidermis 2,rnf20,6.3106337,1.099671,2.7789496619194126e-10,2.5005963122780824e-09,0.3241317898486198,0.17888307155322863
Epidermis 2,tbrg4,6.3101854,1.0654924,2.7870174632683435e-10,2.506822261581967e-09,0.3312555654496883,0.18586387434554974
Epidermis 2,gls,6.305891,1.0309371,2.8654041717017065e-10,2.5762663547879248e-09,0.3757791629563669,0.24171029668411867
Epidermis 2,trmt44,6.2968545,1.6037583,3.037464848607232e-10,2.7287163631724337e-09,0.2413178984861977,0.09075043630017451
Epidermis 2,LOC549154,6.28676,1.2939327,3.2415985550007216e-10,2.9049249309515706e-09,0.2867319679430098,0.14223385689354276
Epidermis 2,large2,6.2856703,2.7520616,3.2644169913698906e-10,2.922972637204858e-09,0.18521816562778273,0.034031413612565446
Epidermis 2,jrk,6.2752876,1.2098086,3.489881924816351e-10,3.122292475662878e-09,0.2956366874443455,0.15008726003490402
Epidermis 2,eif4ebp2,6.2635593,1.5019304,3.762882812626569e-10,3.359650812370064e-09,0.25289403383793413,0.10383944153577661
Epidermis 2,polr3k,6.2393007,1.6450843,4.395310460310532e-10,3.911503652301636e-09,0.23953695458593055,0.0924956369982548
Epidermis 2,twistnb,6.23725,2.4817698,4.453302602490181e-10,3.9598824812118275e-09,0.188780053428317,0.038394415357766144
Epidermis 2,nudc,6.197578,1.0942057,5.733872817121355e-10,5.0799366115471e-09,0.3232413178984862,0.18411867364746945
Epidermis 2,niban2,6.186522,1.651919,6.150608091794313e-10,5.446932596227423e-09,0.24577025823686555,0.10209424083769633
Epidermis 2,lims1,6.171365,1.1701051,6.770309943705254e-10,5.9860183663530115e-09,0.2965271593944791,0.1518324607329843
Epidermis 2,taf1a,6.1691213,1.9039648,6.867048415683821e-10,6.069091270904684e-09,0.21816562778272486,0.07155322862129145
Epidermis 2,LOC105945411,6.1510158,1.212099,7.698826186000556e-10,6.787720654736086e-09,0.29385574354407834,0.15270506108202445
Epidermis 2,nckap5l,6.1346726,1.5229198,8.53347379141664e-10,7.490302960679909e-09,0.25022261798753337,0.1055846422338569
Epidermis 2,mettl16,6.115862,1.2820146,9.603641776230738e-10,8.419488437088425e-09,0.28227960819234194,0.14136125654450263
Epidermis 2,ccnq,6.1132665,1.0982933,9.76122749376517e-10,8.554206632186737e-09,0.3081032947462155,0.1649214659685864
Epidermis 2,rasa3,6.1091323,1.1019089,1.0017416858491047e-09,8.768152959050667e-09,0.31522707034728403,0.17277486910994763
Epidermis 2,ncbp2,6.107146,1.1004955,1.014286802616464e-09,8.874399486725686e-09,0.3116651825467498,0.17015706806282724
Epidermis 2,tasp1,6.065134,1.1931417,1.3184357009263061e-09,1.1480281496373873e-08,0.3018699910952805,0.1649214659685864
Epidermis 2,nasp,6.0568023,1.0235463,1.388540372801282e-09,1.2061838962936613e-08,0.3330365093499555,0.19284467713787085
Epidermis 2,c1orf35,6.053085,1.9785976,1.420977754811151e-09,1.2333792994325427e-08,0.21015138023152272,0.06631762652705062
Epidermis 2,tmem19,6.0440483,1.4599599,1.5029451203723812e-09,1.3019359059803784e-08,0.25200356188780054,0.10907504363001745
Epidermis 2,eif1ax,6.028538,1.0875187,1.6544918712148963e-09,1.4303750840641938e-08,0.3098842386464826,0.17452006980802792
Epidermis 2,pacs2,6.019726,1.0150118,1.7471275296691965e-09,1.509266422205524e-08,0.3374888691006233,0.20157068062827224
Epidermis 2,myb,5.983354,1.9834517,2.185885579637214e-09,1.8801028471921025e-08,0.21460373998219057,0.07242582897033159
Epidermis 2,nudt21,5.981496,1.4709628,2.210979260059296e-09,1.9009368965230065e-08,0.2404274265360641,0.09773123909249563
Epidermis 2,dars2,5.9787397,2.0446925,2.248704399925471e-09,1.9318495555422718e-08,0.20035618878005343,0.05759162303664921
Epidermis 2,cnnm3,5.97608,1.045604,2.285707761683291e-09,1.9620939837801375e-08,0.3161175422974176,0.18150087260034903
Epidermis 2,urb2,5.9753428,1.5976754,2.2960662213712153e-09,1.969436360713101e-08,0.22439893143365983,0.07940663176265271
Epidermis 2,zfhx4,5.9614673,1.3247272,2.499829299448191e-09,2.1400068710576292e-08,0.2804986642920748,0.1474694589877836
Epidermis 2,trmt61a,5.9581985,2.3673866,2.5503334706559337e-09,2.182385359340515e-08,0.18521816562778273,0.041884816753926704
Epidermis 2,nhp2,5.94349,1.0362195,2.7901703658482274e-09,2.3801527581381616e-08,0.3232413178984862,0.18673647469458987
Epidermis 2,LOC116406439,5.9409585,2.2339535,2.8336075594059946e-09,2.4153183810077426e-08,0.18967052537845058,0.04712041884816754
Epidermis 2,mab21l3,5.9334598,2.7225394,2.9661693263756627e-09,2.5253523554757445e-08,0.17542297417631345,0.03315881326352531
Epidermis 2,c2cd2l,5.915514,1.1950942,3.3084030790448247e-09,2.8134319402898333e-08,0.2840605520926091,0.14921465968586387
Epidermis 2,greb1,5.9137516,1.0392355,3.344018131462917e-09,2.8415038803213516e-08,0.383793410507569,0.26788830715532286
Epidermis 2,mindy4,5.8923774,1.4715209,3.806783821723096e-09,3.220931747724687e-08,0.25022261798753337,0.112565445026178
Epidermis 2,smad9,5.8805847,2.244902,4.088196002253107e-09,3.453678860439994e-08,0.18432769367764915,0.041884816753926704
Epidermis 2,cerk,5.877829,1.4784213,4.1568235494911975e-09,3.510295923895024e-08,0.25111308993766696,0.11518324607329843
Epidermis 2,kiaa1958,5.8678308,1.6120076,4.41533767309923e-09,3.7228393881259e-08,0.22617987533392697,0.08638743455497382
Epidermis 2,camsap2,5.860172,1.4965115,4.623884193206742e-09,3.8911599298096536e-08,0.2404274265360641,0.10209424083769633
Epidermis 2,smad4.2,5.8552046,1.1366657,4.764225240714061e-09,4.004628620093279e-08,0.2929652715939448,0.15706806282722513
Epidermis 2,tns1,5.8536344,1.3951206,4.809447125194331e-09,4.041083778161937e-08,0.27248441674087265,0.1431064572425829
Epidermis 2,rnf13,5.8503017,1.0125966,4.906816589116734e-09,4.118140184273702e-08,0.3116651825467498,0.1736474694589878
Epidermis 2,sh2b3,5.8477063,1.6621557,4.9839785686902766e-09,4.178078999131407e-08,0.22083704363312556,0.08289703315881326
Epidermis 2,nip7,5.845623,1.9758234,5.046751349322193e-09,4.22745340474317e-08,0.201246660730187,0.06195462478184991
Epidermis 2,rpl7,5.834696,1.1678168,5.3888804380224366e-09,4.507119970796765e-08,0.2858414959928762,0.15008726003490402
Epidermis 2,tdrd7,5.833863,1.1810203,5.415873049633268e-09,4.5279603760937754e-08,0.29741763134461263,0.16928446771378708
Epidermis 2,crebrf,5.828607,2.6702077,5.589190836832647e-09,4.6657128251922415e-08,0.17275155832591274,0.03228621291448516
Epidermis 2,xxylt1,5.8283186,1.3304048,5.598856763842506e-09,4.6719943955566855e-08,0.25645592163846836,0.11867364746945899
Epidermis 2,ppp4r1l,5.8043165,1.4905821,6.46290043294202e-09,5.3847632816810926e-08,0.23063223508459482,0.09162303664921466
Epidermis 2,ccdc150,5.80233,1.6456103,6.539971762421604e-09,5.44689785602297e-08,0.22439893143365983,0.08726003490401396
Epidermis 2,gars1,5.7844806,1.6007788,7.273669771709636e-09,6.039526182970927e-08,0.22707034728406056,0.08987783595113438
Epidermis 2,nop16,5.7737136,1.5316185,7.754329171026922e-09,6.428845624657238e-08,0.2252894033837934,0.08726003490401396
Epidermis 2,riox1,5.7551913,1.8422344,8.65438061735594e-09,7.156015136465478e-08,0.20569902048085487,0.06806282722513089
Epidermis 2,letm1,5.745866,1.1378433,9.145173665313813e-09,7.553248847494804e-08,0.28851291184327693,0.156195462478185
Epidermis 2,znf577,5.7420845,1.356788,9.351807876523569e-09,7.71223732704538e-08,0.2466607301869991,0.11082024432809773
Epidermis 2,dis3l,5.7371497,1.649107,9.628320148833489e-09,7.92230671069742e-08,0.22617987533392697,0.09075043630017451
Epidermis 2,epb41l3,5.7229533,1.4385934,1.0468792520102568e-08,8.594413904482999e-08,0.23953695458593055,0.10471204188481675
Epidermis 2,ipo8,5.721191,1.4514806,1.0577989596071008e-08,8.680793944184486e-08,0.23686553873552982,0.10209424083769633
Epidermis 2,crkl,5.716096,1.4237477,1.0899931070663599e-08,8.934913444513539e-08,0.24577025823686555,0.11169284467713787
Epidermis 2,lrrc75a,5.6968684,1.8348783,1.2202793290811827e-08,9.984145196805582e-08,0.20391807658058772,0.06719022687609075
Epidermis 2,mamdc2,5.6861973,2.6676064,1.2989920536743095e-08,1.061621932705135e-07,0.1709706144256456,0.034904013961605584
Epidermis 2,e2f6,5.6846595,1.9783486,1.3107372419699727e-08,1.070819818683144e-07,0.19056099732858414,0.053228621291448515
Epidermis 2,LOC116412401,5.684595,2.4584324,1.3112288572643929e-08,1.0708205424538293e-07,0.1736420302760463,0.03664921465968586
Epidermis 2,slit1,5.6843066,2.246892,1.3134433438959301e-08,1.0722277294108901e-07,0.19857524487978628,0.06631762652705062
Epidermis 2,mrpl12,5.6778336,1.3693259,1.364113162081868e-08,1.1123435467036039e-07,0.24487978628673196,0.11082024432809773
Epidermis 2,arl5c,5.670047,1.6972992,1.4275871102968447e-08,1.1627987433291321e-07,0.21549421193232413,0.08115183246073299
Epidermis 2,lbhd1,5.640629,2.1205604,1.6943017069592207e-08,1.3759344081710888e-07,0.18788958147818344,0.053228621291448515
Epidermis 2,clic4,5.637809,1.5248725,1.722274697345236e-08,1.398130809924494e-07,0.2350845948352627,0.10296684118673648
Epidermis 2,rps23,5.6347003,1.1645136,1.7536282357946584e-08,1.4219963483194068e-07,0.26714158504007124,0.13263525305410123
Epidermis 2,gkap1,5.611724,1.1048334,2.0032080324498527e-08,1.6207639034515474e-07,0.2867319679430098,0.15881326352530542
Epidermis 2,ddx55,5.5965023,1.4351847,2.187192871376165e-08,1.7670024304442536e-07,0.23597506678539626,0.10645724258289703
Epidermis 2,tango6,5.5945797,1.4807174,2.2115688160356056e-08,1.7860341648672446e-07,0.22617987533392697,0.09336823734729494
Epidermis 2,dph1,5.5895805,1.4535464,2.2761869250717756e-08,1.8368592785499712e-07,0.2413178984861977,0.112565445026178
Epidermis 2,cct3,5.5772433,1.650738,2.4436022997784687e-08,1.969411590149714e-07,0.21193232413178986,0.07940663176265271
Epidermis 2,tsr2,5.5727887,1.6399361,2.5069339098235698e-08,2.0185905847328456e-07,0.20837043633125557,0.07329842931937172
Epidermis 2,tulp3,5.557952,2.2199364,2.7295872272673568e-08,2.194632383426713e-07,0.17809439002671415,0.04450261780104712
Epidermis 2,sdc2,5.5557084,1.7807242,2.7648775153976352e-08,2.2221875603496057e-07,0.19590382902938558,0.06195462478184991
Epidermis 2,mfap2,5.526483,2.012446,3.267134591643509e-08,2.6152657345654075e-07,0.188780053428317,0.056719022687609075
Epidermis 2,LOC100485259,5.523439,3.5118701,3.3242788060542964e-08,2.658083101022748e-07,0.15138023152270705,0.01832460732984293
Epidermis 2,rasal1,5.517382,2.5655415,3.440862870865442e-08,2.7482821634390487e-07,0.17275155832591274,0.041884816753926704
Epidermis 2,jade2,5.516389,1.6602403,3.46035990079354e-08,2.762836545252287e-07,0.21104185218165628,0.07940663176265271
Epidermis 2,drg2,5.507865,1.2955527,3.63212040582924e-08,2.894685879313362e-07,0.24487978628673196,0.1143106457242583
Epidermis 2,pxn,5.5061026,1.200607,3.6686524581098467e-08,2.9216666163655094e-07,0.25645592163846836,0.12478184991273997
Epidermis 2,pappa,5.475371,1.1018746,4.36596299793768e-08,3.464351948290841e-07,0.3018699910952805,0.1849912739965096
Epidermis 2,pak1ip1,5.4722304,1.5869921,4.4440653433637934e-08,3.522482740920499e-07,0.20926090828138913,0.07766143106457242
Epidermis 2,dhrsx,5.4713974,1.0347711,4.465012680487246e-08,3.537801078464495e-07,0.340160284951024,0.2268760907504363
Epidermis 2,npm3,5.471269,1.7924393,4.4682438321257194e-08,3.539076176436128e-07,0.19946571682991987,0.07068062827225131
Epidermis 2,uri1,5.464892,1.3169023,4.6318870955523764e-08,3.667358792164311e-07,0.2466607301869991,0.12041884816753927
Epidermis 2,rrn3,5.4621363,1.0522301,4.7043917569065226e-08,3.7220642685807553e-07,0.2929652715939448,0.16841186736474695
Epidermis 2,rpl8,5.460438,1.1065733,4.7496215231541376e-08,3.7537664345072954e-07,0.2769367764915405,0.14921465968586387
Epidermis 2,LOC100492268,5.444287,1.6010083,5.201335289184539e-08,4.1033382988176364e-07,0.21015138023152272,0.08027923211169284
Epidermis 2,naa16,5.4405055,1.0249507,5.312960967558036e-08,4.1883714332761527e-07,0.28851291184327693,0.16230366492146597
Epidermis 2,terf1,5.4384546,1.7264595,5.3744712292912487e-08,4.233802768749615e-07,0.201246660730187,0.07155322862129145
Epidermis 2,smn1,5.4298024,1.3905035,5.6416511689588224e-08,4.439468812039324e-07,0.22707034728406056,0.0968586387434555
Epidermis 2,zgrf1,5.4273987,1.0891668,5.718123579981874e-08,4.4964026896859267e-07,0.2929652715939448,0.17277486910994763
Epidermis 2,rims2,5.424579,1.3057,5.8091323402519395e-08,4.566321210253515e-07,0.25289403383793413,0.12827225130890052
Epidermis 2,rpf2,5.420413,1.2772686,5.9461501768284066e-08,4.6673001082220375e-07,0.24487978628673196,0.11780104712041885
Epidermis 2,mre11,5.419035,1.9596376,5.992156801366073e-08,4.70172073220457e-07,0.18788958147818344,0.05846422338568935
Epidermis 2,inppl1,5.407114,1.0051554,6.404831803209971e-08,5.020109007824885e-07,0.3045414069456812,0.1849912739965096
Epidermis 2,peli2,5.403621,1.1095561,6.530878137997524e-08,5.11522942746748e-07,0.27871772039180764,0.15794066317626526
Epidermis 2,ptpra,5.394969,1.0786948,6.853539487935935e-08,5.358333399005734e-07,0.27604630454140694,0.14834205933682373
Epidermis 2,abca1,5.392085,2.2040834,6.964485129929234e-08,5.44117543931922e-07,0.17275155832591274,0.04275741710296684
Epidermis 2,nup160,5.3853235,1.5634246,7.231454236250324e-08,5.646714862565011e-07,0.21015138023152272,0.08202443280977312
Epidermis 2,elp1,5.385291,1.0983684,7.23274278945475e-08,5.646714862565011e-07,0.2778272484416741,0.15357766143106458
Epidermis 2,ccdc14,5.3823433,1.1564678,7.352245893401687e-08,5.735908388985278e-07,0.26001780943900266,0.13176265270506107
Epidermis 2,twnk,5.3677306,1.7141588,7.973362161106963e-08,6.207161459775777e-07,0.19679430097951914,0.06806282722513089
Epidermis 2,prps1,5.3672495,1.7482326,7.994633553018011e-08,6.221501382325465e-07,0.19768477292965272,0.06893542757417102
Epidermis 2,usp28,5.3585973,1.4774287,8.387049038779572e-08,6.522230829480008e-07,0.22172751558325912,0.09598603839441536
Epidermis 2,btf3l4,5.358021,1.1877207,8.413862969039121e-08,6.540751829262652e-07,0.25556544968833483,0.1300174520069808
Epidermis 2,surf2,5.3506823,1.5929059,8.762325853660157e-08,6.801946369716053e-07,0.20747996438112198,0.08115183246073299
Epidermis 2,cct8,5.3457475,1.865293,9.004478288298693e-08,6.984952745430707e-07,0.188780053428317,0.060209424083769635
Epidermis 2,mms22l,5.3395624,1.5907199,9.317114685528626e-08,7.214647251700503e-07,0.21905609973285842,0.09424083769633508
Epidermis 2,gpam,5.337864,2.0443435,9.404791081945373e-08,7.279955523204327e-07,0.17809439002671415,0.0506108202443281
Epidermis 2,hydin,5.337063,1.1727352,9.446424595080836e-08,7.309589754938259e-07,0.26892252894033836,0.1457242582897033
Epidermis 2,skp2,5.3061714,1.1437445,1.1195181455543809e-07,8.641317811864925e-07,0.25467497773820125,0.1273996509598604
Epidermis 2,tcf4,5.2930965,1.2086574,1.2026229355131665e-07,9.263125688610239e-07,0.25467497773820125,0.13350785340314136
Epidermis 2,atrip,5.285438,1.8636377,1.2540444997993392e-07,9.652382726674209e-07,0.1861086375779163,0.059336823734729496
Epidermis 2,hmg20a,5.284701,1.4269701,1.2591037495937236e-07,9.68449168836258e-07,0.22083704363312556,0.09598603839441536
Epidermis 2,elovl6,5.2833867,2.0163193,1.2681714296462402e-07,9.747364834910392e-07,0.18076580587711488,0.0549738219895288
Epidermis 2,ogfod1,5.279926,1.4726467,1.292360460833121e-07,9.926292719408495e-07,0.2163846838824577,0.09162303664921466
Epidermis 2,gpr161,5.279798,1.4506378,1.2932648690485932e-07,9.929744091312229e-07,0.2163846838824577,0.09075043630017451
Epidermis 2,hyal2,5.272139,1.6423403,1.3484288347355922e-07,1.0338744062812847e-06,0.19857524487978628,0.07242582897033159
Epidermis 2,snap91,5.264448,1.4382099,1.406111032024059e-07,1.076587678238491e-06,0.22350845948352627,0.09860383944153578
Epidermis 2,rapsn,5.263006,1.0837518,1.4171889703681943e-07,1.0846888994179015e-06,0.2591273374888691,0.13176265270506107
Epidermis 2,apex1,5.2556996,1.1461756,1.4746272355793883e-07,1.1266751018059465e-06,0.27337488869100623,0.156195462478185
Epidermis 2,bmpr1b,5.2461824,1.1505748,1.5528330552120489e-07,1.1835267236389144e-06,0.27960819234194123,0.16055846422338568
Epidermis 2,paox,5.242657,1.4373012,1.5828039605035997e-07,1.2046866139570648e-06,0.22350845948352627,0.10209424083769633
Epidermis 2,hps3,5.2351584,1.337308,1.64843226744638e-07,1.252888906581242e-06,0.23330365093499555,0.11169284467713787
Epidermis 2,c3orf67,5.2224045,3.176488,1.76614583306214e-07,1.3400232344662362e-06,0.1460373998219056,0.02006980802792321
Epidermis 2,hnrnpr,5.222276,1.5011606,1.7673691629997438e-07,1.3404853147659857e-06,0.20569902048085487,0.08027923211169284
Epidermis 2,ltv1,5.211605,2.2925005,1.8721355843838226e-07,1.4165003670887446e-06,0.163846838824577,0.038394415357766144
Epidermis 2,ccdc88a,5.210099,1.3258513,1.8873975215919003e-07,1.426563952845752e-06,0.2413178984861977,0.12303664921465969
Epidermis 2,rab34,5.205517,1.8311522,1.9345760178376154e-07,1.4602000444564027e-06,0.1861086375779163,0.06108202443280977
Epidermis 2,ccdc12,5.2045875,1.0480037,1.9442817426801033e-07,1.4665112999316463e-06,0.27960819234194123,0.15968586387434555
Epidermis 2,trim9,5.1975055,2.4563758,2.01980781983131e-07,1.5208497735175646e-06,0.1611754229741763,0.03664921465968586
Epidermis 2,cdan1,5.1883082,1.3647364,2.122130925900371e-07,1.5951430962251147e-06,0.22350845948352627,0.10034904013961606
Epidermis 2,stard7,5.1882443,1.6439399,2.122861258163115e-07,1.5951430962251147e-06,0.19679430097951914,0.07155322862129145
Epidermis 2,tubgcp6,5.187315,1.4762444,2.1334784100406035e-07,1.6025691010497765e-06,0.21282279608192342,0.09075043630017451
Epidermis 2,ier5l,5.1843667,2.2028716,2.16750110816213e-07,1.6270052177917384e-06,0.1674087266251113,0.04275741710296684
Epidermis 2,LOC105945441,5.179079,1.2582669,2.2298378787345633e-07,1.6726466948046373e-06,0.2341941228851291,0.11082024432809773
Epidermis 2,eef2kmt,5.17847,1.1909218,2.2371263042495817e-07,1.6769609441782936e-06,0.25111308993766696,0.13176265270506107
Epidermis 2,hipk2,5.1777654,1.0637609,2.2455942930678516e-07,1.6821528688305388e-06,0.27337488869100623,0.1544502617801047
Epidermis 2,mthfd2,5.1769643,1.3052865,2.2552546031158025e-07,1.6888095639873002e-06,0.23063223508459482,0.10907504363001745
Epidermis 2,pgrmc2,5.173407,1.0830387,2.298633478166942e-07,1.7189335547320371e-06,0.26714158504007124,0.14485165794066318
Epidermis 2,fnta,5.1410413,1.9139571,2.7321993798278124e-07,2.036179052842305e-06,0.1798753339269813,0.05846422338568935
Epidermis 2,pus7l,5.1405926,1.5333298,2.7387316857187097e-07,2.0403504306612485e-06,0.20480854853072128,0.08289703315881326
Epidermis 2,LOC100490302,5.134504,1.5311893,2.828889699665857e-07,2.105361600832492e-06,0.20837043633125557,0.08726003490401396
Epidermis 2,zbtb17,5.132806,1.1597297,2.854546048129345e-07,2.1237316507408946e-06,0.24487978628673196,0.12303664921465969
Epidermis 2,mgmt,5.129569,1.2260194,2.9040618514729924e-07,2.1598341397747843e-06,0.24487978628673196,0.12478184991273997
Epidermis 2,ngfr,5.1271014,3.8670487,2.9423676938573716e-07,2.1860880302234152e-06,0.13535173642030277,0.011343804537521814
Epidermis 2,c12orf10,5.1258516,1.9935812,2.9619550417379116e-07,2.1998917959755946e-06,0.17542297417631345,0.053228621291448515
Epidermis 2,LOC116411661,5.1201158,1.2273911,3.053482715972603e-07,2.26632810698089e-06,0.2439893143365984,0.12390924956369982
Epidermis 2,hlcs,5.1157575,1.5571529,3.124842860068935e-07,2.3185037759117384e-06,0.20302760463045413,0.08115183246073299
Epidermis 2,rpl12,5.0769186,1.0308435,3.8360529045718057e-07,2.838471021724699e-06,0.26892252894033836,0.15095986038394416
Epidermis 2,caskin2,5.0465393,1.0993298,4.498839496755872e-07,3.319890992854578e-06,0.25289403383793413,0.13350785340314136
Epidermis 2,smpd4,5.042598,1.239644,4.592536458423176e-07,3.387888372523736e-06,0.23241317898486197,0.1143106457242583
Epidermis 2,znf276,5.0260305,1.0161718,5.007364437682156e-07,3.683941314722263e-06,0.27070347284060553,0.15532286212914484
Epidermis 2,etfa,5.0210953,1.4157245,5.137761889661028e-07,3.7747845856664406e-06,0.21104185218165628,0.0924956369982548
Epidermis 2,ddx24,5.018852,1.5495731,5.198110249760893e-07,3.817837891620075e-06,0.19412288512911843,0.07329842931937172
Epidermis 2,slc43a2,5.016417,1.4793264,5.264405173448124e-07,3.865228307194196e-06,0.20658949243098843,0.0881326352530541
Epidermis 2,lpp,5.0069633,1.3888979,5.529542637749771e-07,4.057167111578269e-06,0.2163846838824577,0.1012216404886562
Epidermis 2,rfwd3,5.0033746,1.6682566,5.633539029099559e-07,4.129306521799848e-06,0.18521816562778273,0.06457242582897033
Epidermis 2,naa10,5.0013876,1.2620233,5.691916673966359e-07,4.169295526774754e-06,0.22707034728406056,0.1099476439790576
Epidermis 2,nup85,4.999753,1.5159205,5.740373755267781e-07,4.2019689940858186e-06,0.19768477292965272,0.07766143106457242
Epidermis 2,zbtb8os,4.989659,1.6201744,6.048599411543396e-07,4.420177085039801e-06,0.19323241317898487,0.07417102966841187
Epidermis 2,fbxo10,4.9895306,1.9684718,6.052614134370717e-07,4.421630164918092e-06,0.1736420302760463,0.0549738219895288
Epidermis 2,shf,4.983346,1.1815728,6.249406006716458e-07,4.562338189112072e-06,0.2404274265360641,0.12390924956369982
Epidermis 2,ccdc148,4.9799814,1.0094714,6.359044409801814e-07,4.6392747598223125e-06,0.28227960819234194,0.17015706806282724
Epidermis 2,e2f5,4.974694,1.2752664,6.535087930501082e-07,4.758163287669807e-06,0.2288512911843277,0.1143106457242583
Epidermis 2,dusp11,4.9722905,1.2017727,6.616651653344425e-07,4.815942485911564e-06,0.2377560106856634,0.12216404886561955
Epidermis 2,tgif1,4.9703035,1.5525274,6.684817523156687e-07,4.863934750676961e-06,0.19590382902938558,0.07766143106457242
Epidermis 2,st7l,4.970015,1.1197077,6.694768643350109e-07,4.869551552218091e-06,0.25200356188780054,0.13699825479930192
Epidermis 2,snrnp25,4.9687014,1.3060583,6.740282448259282e-07,4.901023102414721e-06,0.21816562778272486,0.09860383944153578
Epidermis 2,rexo5,4.941751,1.2291666,7.742402871336623e-07,5.614721603703438e-06,0.22796081923419412,0.11169284467713787
Epidermis 2,zbtb47,4.9344125,1.5617325,8.03923014717559e-07,5.826105647343692e-06,0.19412288512911843,0.07678883071553229
Epidermis 2,mpdz,4.924158,1.3669554,8.472429468446675e-07,6.133937738253978e-06,0.21816562778272486,0.10296684118673648
Epidermis 2,c18orf21,4.9143844,1.2435147,8.906189568717437e-07,6.426652201685953e-06,0.22350845948352627,0.10907504363001745
Epidermis 2,ddhd1,4.8921766,1.3368034,9.972676640773642e-07,7.184343908165125e-06,0.2163846838824577,0.10034904013961606
Epidermis 2,cbx1,4.8898053,1.2008108,1.0093565951363702e-06,7.269033089924335e-06,0.22439893143365983,0.10732984293193717
Epidermis 2,jmy,4.878878,1.1245189,1.0669101620786291e-06,7.67338386510144e-06,0.24577025823686555,0.13176265270506107
Epidermis 2,msh6,4.8693924,1.2275724,1.1194181030792407e-06,8.043076202598653e-06,0.23241317898486197,0.1169284467713787
Epidermis 2,snca,4.8623104,3.2013075,1.1602339928640884e-06,8.322638382079972e-06,0.14069456812110417,0.02443280977312391
Epidermis 2,mmp14,4.8607726,1.363253,1.169286372381099e-06,8.382062395442827e-06,0.20480854853072128,0.0881326352530541
Epidermis 2,chic2,4.850614,1.013036,1.2307987138624236e-06,8.799888183221476e-06,0.25467497773820125,0.1387434554973822
Epidermis 2,b4galt5,4.8432755,1.747695,1.2771594402197916e-06,9.113438896349273e-06,0.17898486197684774,0.06282722513089005
Epidermis 2,clcn6,4.834399,1.1255672,1.335484681873794e-06,9.523358601028438e-06,0.23686553873552982,0.12303664921465969
Epidermis 2,bcam,4.834335,3.3109045,1.3359149753791324e-06,9.523358601028438e-06,0.13268032056990206,0.015706806282722512
Epidermis 2,znf385b,4.8257465,1.250461,1.3947963849049134e-06,9.93013113050901e-06,0.2413178984861977,0.13089005235602094
Epidermis 2,exosc9,4.8205876,1.705591,1.4313608060180813e-06,1.0183803113179183e-05,0.17809439002671415,0.06282722513089005
Epidermis 2,colca2,4.7986045,4.669114,1.5977507368179757e-06,1.1349127222690444e-05,0.12288512911843277,0.006980802792321117
Epidermis 2,kiaa0753,4.794663,1.064926,1.6294872891354928e-06,1.1570791453376372e-05,0.25022261798753337,0.13787085514834205
Epidermis 2,LOC100488276,4.7927723,2.1935706,1.6449247110828052e-06,1.1672748597853785e-05,0.15761353517364202,0.04363001745200698
Epidermis 2,dnaaf5,4.790529,1.5373219,1.663422659261927e-06,1.1796407490332957e-05,0.18699910952804988,0.07242582897033159
Epidermis 2,c16orf71,4.786587,1.3538675,1.6964115659438512e-06,1.2022538740000252e-05,0.20837043633125557,0.09598603839441536
Epidermis 2,inpp5a.1,4.765886,1.033246,1.8802556107700139e-06,1.3278012195020219e-05,0.26447016918967053,0.156195462478185
Epidermis 2,c8orf76,4.745826,1.793408,2.076575974835706e-06,1.4612371604930648e-05,0.16918967052537845,0.0549738219895288
Epidermis 2,batf2,4.7450566,1.1104072,2.0844815339256553e-06,1.4663272582782631e-05,0.24220837043633126,0.13263525305410123
Epidermis 2,nbn,4.7402177,1.5627524,2.13488776439788e-06,1.498886290441639e-05,0.19056099732858414,0.07940663176265271
Epidermis 2,LOC116407528,4.717337,2.174827,2.3895143224191054e-06,1.6722768450772064e-05,0.15405164737310775,0.04101221640488656
Epidermis 2,LOC101733652,4.6836576,1.1075678,2.8180069146184724e-06,1.965848110098775e-05,0.22796081923419412,0.11605584642233857
Epidermis 2,skor1,4.6754217,2.426628,2.933499507074434e-06,2.0431501035388195e-05,0.14692787177203917,0.034904013961605584
Epidermis 2,map2k4,4.6743,1.0531166,2.9495751180504017e-06,2.0536910865021637e-05,0.24577025823686555,0.13699825479930192
Epidermis 2,ccdc82,4.662796,1.2211742,3.1194196295649114e-06,2.1684885548498227e-05,0.21816562778272486,0.10732984293193717
Epidermis 2,LOC105945434,4.654496,1.2256283,3.24773779593893e-06,2.254816622500267e-05,0.2163846838824577,0.1082024432809773
Epidermis 2,dennd5b,4.652221,1.02333,3.283788567393588e-06,2.2783958769187756e-05,0.26090828138913624,0.156195462478185
Epidermis 2,mrpl13,4.646421,1.5872777,3.3774372782084895e-06,2.341139099357924e-05,0.18165627782724844,0.07155322862129145
Epidermis 2,parva,4.6427674,1.297419,3.4377292748476837e-06,2.3783985575919883e-05,0.21193232413178986,0.1055846422338569
Epidermis 2,zfyve9,4.6322565,1.4249538,3.617012275081542e-06,2.4968941744560053e-05,0.19056099732858414,0.08027923211169284
Epidermis 2,plekhg4,4.6279306,1.0167472,3.6933772521656336e-06,2.547998261761185e-05,0.25823686553873554,0.15270506108202445
Epidermis 2,LOC100491051,4.6259756,1.7406008,3.728387688922888e-06,2.5705259955761875e-05,0.163846838824577,0.05148342059336824
Epidermis 2,c1orf112,4.6174517,1.5265254,3.884809437120408e-06,2.6749897989083125e-05,0.17898486197684774,0.06806282722513089
Epidermis 2,isca1,4.592104,1.1344293,4.3879988054394305e-06,3.014814922339226e-05,0.23330365093499555,0.12827225130890052
Epidermis 2,zfyve21,4.5883865,1.1762598,4.466848485650002e-06,3.067057923391085e-05,0.21994657168299198,0.112565445026178
Epidermis 2,satb1,4.5855985,1.6169004,4.52687468320288e-06,3.1072957679197876e-05,0.17809439002671415,0.06893542757417102
Epidermis 2,lars2,4.577139,1.4196339,4.713790150605728e-06,3.2295012520052616e-05,0.19590382902938558,0.0881326352530541
Epidermis 2,cdk2,4.567076,1.1597049,4.945737502862453e-06,3.383101506268388e-05,0.22439893143365983,0.1169284467713787
Epidermis 2,cd99l2,4.5621734,2.4985502,5.062679083361245e-06,3.459840910680417e-05,0.13802315227070347,0.027923211169284468
Epidermis 2,imp4,4.55554,1.5142438,5.225115179071753e-06,3.5663821808734664e-05,0.17542297417631345,0.06457242582897033
Epidermis 2,kars1,4.528526,1.365889,5.939662526790382e-06,4.04271291319691e-05,0.19412288512911843,0.08638743455497382
Epidermis 2,atr,4.523463,1.3088479,6.08360606193488e-06,4.135525479049253e-05,0.19679430097951914,0.0881326352530541
Epidermis 2,pcgf6,4.519553,1.0678357,6.197030155820304e-06,4.2086957681342936e-05,0.23330365093499555,0.1256544502617801
Epidermis 2,miip,4.5086575,1.0818698,6.523907452621749e-06,4.425184473847037e-05,0.22617987533392697,0.11954624781849912
Epidermis 2,sag,4.5048122,1.3416717,6.643165644045222e-06,4.501879426046919e-05,0.18699910952804988,0.07940663176265271
Epidermis 2,rpusd4,4.5021205,1.488546,6.7278842547221534e-06,4.557875266137601e-05,0.1736420302760463,0.06457242582897033
Epidermis 2,LOC100488540,4.501608,3.8215084,6.7441378819466966e-06,4.567468427124732e-05,0.11932324131789848,0.010471204188481676
Epidermis 2,atp10a,4.476965,1.5325797,7.571173056503768e-06,5.110131990905311e-05,0.17898486197684774,0.07242582897033159
Epidermis 2,sema4a,4.470812,1.3414333,7.79231475390519e-06,5.257764386053343e-05,0.195013357079252,0.09075043630017451
Epidermis 2,ccdc137,4.4683766,1.3428286,7.881544846940652e-06,5.3146844902686025e-05,0.19323241317898487,0.08638743455497382
Epidermis 2,xkr5,4.4506555,1.2459134,8.560856800062696e-06,5.7585220787351446e-05,0.19768477292965272,0.09075043630017451
Epidermis 2,gask1a,4.4499507,1.9850483,8.589007197409705e-06,5.7738979067984335e-05,0.15405164737310775,0.04799301919720768
Epidermis 2,LOC116406464,4.443061,1.6642631,8.868810273522671e-06,5.954655660878098e-05,0.17186108637577915,0.06719022687609075
Epidermis 2,snx27,4.425564,2.0379138,9.619063681831564e-06,6.452431251191102e-05,0.1495992876224399,0.04363001745200698
Epidermis 2,LOC105945412,4.420437,1.2858326,9.850162455034433e-06,6.601363480691227e-05,0.20213713268032057,0.09773123909249563
Epidermis 2,pno1,4.3961463,1.4950694,1.1018966768170698e-05,7.362059823890164e-05,0.1736420302760463,0.06806282722513089
Epidermis 2,eif6,4.3882313,1.5754864,1.1427630381553614e-05,7.625759099568239e-05,0.1620658949243099,0.055846422338568937
Epidermis 2,rsph14,4.3843217,1.3739424,1.1634779666350193e-05,7.759245938246563e-05,0.19946571682991987,0.09860383944153578
Epidermis 2,boc,4.3772073,1.2131336,1.2020952070900543e-05,8.002110895031139e-05,0.19412288512911843,0.08900523560209424
Epidermis 2,hepacam2,4.35766,3.1642692,1.314605012464753e-05,8.724451331202364e-05,0.12555654496883348,0.020942408376963352
Epidermis 2,znf229,4.35625,1.769803,1.3230976153589029e-05,8.778143224307273e-05,0.15939447907390916,0.055846422338568937
Epidermis 2,myo5a,4.349969,1.3804882,1.361568265590573e-05,9.030632560319724e-05,0.18521816562778273,0.08115183246073299
Epidermis 2,mettl2b,4.3333373,1.6016487,1.4686578407250504e-05,9.714332446941899e-05,0.16651825467497774,0.06282722513089005
Epidermis 2,mcoln1,4.3299403,1.3143071,1.4914959737109216e-05,9.85941643209513e-05,0.1923419412288513,0.09075043630017451
Epidermis 2,gar1,4.3262553,1.1997662,1.5166560457951445e-05,0.00010010572164336313,0.19857524487978628,0.09511343804537521
Epidermis 2,dync2h1,4.316994,1.0015475,1.581682979295015e-05,0.00010427161417279917,0.25467497773820125,0.15968586387434555
Epidermis 2,magi2,4.316257,2.0600398,1.5869707564365507e-05,0.00010458861031773474,0.14870881567230632,0.0462478184991274
Epidermis 2,pawr,4.3145266,1.7229247,1.599451843359016e-05,0.0001053793438222738,0.16295636687444345,0.06108202443280977
Epidermis 2,LOC100485051,4.3141103,2.6013105,1.6024704935566718e-05,0.0001055463587078181,0.12644701691896706,0.02181500872600349
Epidermis 2,men1,4.3038235,1.0384009,1.6787537113736456e-05,0.00011047070185731099,0.22796081923419412,0.1273996509598604
Epidermis 2,dhx33,4.2903004,1.5073141,1.7843158284152775e-05,0.00011727577015617401,0.1709706144256456,0.06806282722513089
Epidermis 2,LOC100486247,4.2875447,1.825581,1.806590648834484e-05,0.00011866831591877567,0.1522707034728406,0.04886561954624782
Epidermis 2,msh4,4.284885,1.2535286,1.8283394767573148e-05,0.00012006077557123492,0.19679430097951914,0.09598603839441536
Epidermis 2,grwd1,4.28293,1.8252318,1.8444823319568973e-05,0.00012108438316976973,0.15138023152270705,0.04799301919720768
Epidermis 2,gnptg,4.2718744,1.4394155,1.93836821141155e-05,0.00012701841664027456,0.1736420302760463,0.07068062827225131
Epidermis 2,LOC100127872,4.2535763,1.9878432,2.1038311192827445e-05,0.00013736594510433504,0.14069456812110417,0.037521815008726006
Epidermis 2,tcf7l2,4.2516537,1.3414083,2.1219782400120194e-05,0.00013838519777436423,0.1834372217275156,0.08202443280977312
Epidermis 2,srpk2,4.2510448,1.7672261,2.1277558268177817e-05,0.0001387205255362737,0.1549421193232413,0.053228621291448515
Epidermis 2,anos1,4.245501,1.9847703,2.1810557136043578e-05,0.00014211053068546043,0.14514692787177205,0.04363001745200698
Epidermis 2,LOC100495994,4.2451806,1.1925935,2.1841751683760544e-05,0.00014227130253472803,0.19946571682991987,0.09947643979057591
Epidermis 2,snrpg,4.2450204,1.1016992,2.1857364878754612e-05,0.00014233051597114426,0.20658949243098843,0.10471204188481675
Epidermis 2,kiaa1614,4.240694,1.9623617,2.228295915592357e-05,0.0001450153449869992,0.1460373998219056,0.04450261780104712
Epidermis 2,uhrf2,4.2338367,1.7360501,2.2973805737224518e-05,0.00014928868820487676,0.15672306322350846,0.055846422338568937
Epidermis 2,LOC100145428,4.213199,2.0637772,2.5177880798748092e-05,0.00016317390463602084,0.14158504007123776,0.04013961605584642
Epidermis 2,nup37,4.211821,1.4916723,2.5331995529913062e-05,0.00016407523729837725,0.1674087266251113,0.06631762652705062
Epidermis 2,zfat,4.2111163,1.2796094,2.5411191496775835e-05,0.0001645393500448503,0.18699910952804988,0.08551483420593368
Epidermis 2,LOC116407577,4.20679,1.3582407,2.590234732053902e-05,0.00016762014261016665,0.18076580587711488,0.08202443280977312
Epidermis 2,arhgef40,4.202496,1.0096301,2.6398785011068997e-05,0.00017063029849719686,0.25289403383793413,0.15881326352530542
Epidermis 2,ubp1,4.200253,3.8389244,2.6661703005456543e-05,0.00017222765579694114,0.11665182546749778,0.015706806282722512
Epidermis 2,exosc3,4.196119,1.6536247,2.7152759288064602e-05,0.0001750887589907972,0.15405164737310775,0.05235602094240838
Epidermis 2,fscn1,4.1890693,1.0420678,2.801011823358173e-05,0.00018040401120867383,0.2413178984861977,0.14834205933682373
Epidermis 2,nsun5,4.1783657,1.5454172,2.9361105652243395e-05,0.0001886598016600716,0.16562778272484416,0.06544502617801047
Epidermis 2,mrps15,4.1775966,1.2844468,2.9460531027576914e-05,0.00018924293422218307,0.18165627782724844,0.08115183246073299
Epidermis 2,dpysl3,4.175674,1.106203,2.971049642320998e-05,0.00019079244922038405,0.23063223508459482,0.13787085514834205
Epidermis 2,rps19bp1,4.1680474,1.142271,3.072202395099592e-05,0.00019705622711189947,0.20213713268032057,0.10383944153577661
Epidermis 2,fbxl13,4.158113,1.9117988,3.2088701729489324e-05,0.0002056409869131238,0.14425645592163847,0.04450261780104712
Epidermis 2,lpar4,4.1561584,2.408869,3.236434417212793e-05,0.00020734655143276673,0.12822796081923418,0.027923211169284468
Epidermis 2,slc7a7,4.1533065,1.3132193,3.277054932778117e-05,0.00020988733691855384,0.19056099732858414,0.09336823734729494
Epidermis 2,nedd9,4.150871,1.9376178,3.312125045446895e-05,0.00021200903671662273,0.14425645592163847,0.04450261780104712
Epidermis 2,dhx35,4.1369953,1.3575084,3.518833361230704e-05,0.00022491055294497715,0.1736420302760463,0.07504363001745201
Epidermis 2,riok2,4.1329255,1.8676834,3.581748164388663e-05,0.00022873083609928306,0.14692787177203917,0.04799301919720768
Epidermis 2,c22orf15,4.1319323,1.9298257,3.597266712352521e-05,0.00022965464286203735,0.14069456812110417,0.04101221640488656
Epidermis 2,cspg4,4.130586,1.1005492,3.618393710495025e-05,0.00023093585597166403,0.20480854853072128,0.1055846422338569
Epidermis 2,rwdd1,4.114275,1.1341614,3.883980082239427e-05,0.0002473798288807546,0.195013357079252,0.09598603839441536
Epidermis 2,filip1l,4.0999827,1.7005643,4.131807301940846e-05,0.00026293428735972937,0.14870881567230632,0.049738219895287955
Epidermis 2,slc66a3,4.0989256,1.7780746,4.1507284138199345e-05,0.00026406135486287114,0.14692787177203917,0.04799301919720768
Epidermis 2,thoc3,4.0931573,1.4246978,4.255390160106049e-05,0.0002703256730237965,0.1709706144256456,0.07329842931937172
Epidermis 2,lrch2,4.0903053,1.7321349,4.308059934231547e-05,0.00027351229509708057,0.15405164737310775,0.056719022687609075
Epidermis 2,acsf2,4.0757885,1.6777295,4.585866724215597e-05,0.0002907268965401178,0.15048975957257346,0.05235602094240838
Epidermis 2,cct7,4.075308,1.051334,4.595350055032332e-05,0.000291243489836946,0.20658949243098843,0.1099476439790576
Epidermis 2,mettl1,4.070565,2.4070475,4.68992124026633e-05,0.000296978442785408,0.12644701691896706,0.028795811518324606
Epidermis 2,cops5,4.0652137,1.0240526,4.7988487152487256e-05,0.0003036117072062698,0.21460373998219057,0.11867364746945899
Epidermis 2,LOC100488959,4.051178,1.4158673,5.096047685176993e-05,0.00032138975878106114,0.16918967052537845,0.07155322862129145
Epidermis 2,polr2g,4.0463066,2.1225681,5.203202078113226e-05,0.0003278633339489134,0.13089937666963491,0.03315881326352531
Epidermis 2,znf282,4.0446725,1.1218858,5.239631108737416e-05,0.0003300634827475726,0.19768477292965272,0.10209424083769633
Epidermis 2,ppp1cc,4.0265026,1.2307953,5.6612567157406013e-05,0.00035610920378834147,0.176313446126447,0.07853403141361257
Epidermis 2,dmrt2,4.0171137,4.5743656,5.8915353499540106e-05,0.0003702741730165509,0.10329474621549421,0.006108202443280977
Epidermis 2,LOC100488834,4.0050645,3.0352552,6.200057961748582e-05,0.00038910401145618575,0.11398040961709706,0.017452006980802792
Epidermis 2,LOC100487454,4.0043592,2.62544,6.218575457369048e-05,0.0003901539248282059,0.1246660730186999,0.028795811518324606
Epidermis 2,ptpru,3.99215,1.4453027,6.547689341093628e-05,0.00040985980812393587,0.1709706144256456,0.07766143106457242
Epidermis 2,umps,3.9890738,1.7940754,6.633178897393736e-05,0.00041497304105512817,0.14158504007123776,0.04537521815008726
Epidermis 2,cetn3,3.9662576,1.484909,7.300999464482022e-05,0.00045479620129735144,0.15761353517364202,0.06195462478184991
Epidermis 2,plppr3,3.965969,1.9678633,7.309834538425052e-05,0.00045521660805642995,0.13624220837043632,0.04101221640488656
Epidermis 2,sp5,3.956003,2.184157,7.621422196903736e-05,0.00047367432001890183,0.12822796081923418,0.03315881326352531
Epidermis 2,ttc27,3.9526381,1.5611732,7.729426790555773e-05,0.0004802500626330226,0.1558325912733749,0.06108202443280977
Epidermis 2,pop4,3.9493694,1.5818363,7.835730013838776e-05,0.00048657787317010797,0.1495992876224399,0.0549738219895288
Epidermis 2,wdr62,3.9419029,1.0942636,8.083767923253655e-05,0.0005008401472269108,0.20213713268032057,0.11082024432809773
Epidermis 2,ccndbp1,3.939756,1.1667763,8.156454670550547e-05,0.0005046271544260944,0.17898486197684774,0.08289703315881326
Epidermis 2,cisd1,3.9314241,1.7451121,8.444414543691642e-05,0.0005218509480540791,0.14158504007123776,0.04712041884816754
Epidermis 2,atp6v1al,3.923509,3.0088334,8.726853201162783e-05,0.0005385426009688153,0.11219946571682991,0.017452006980802792
Epidermis 2,ccnd2,3.9139915,1.0567093,9.078285428692782e-05,0.0005592808197049836,0.195013357079252,0.10209424083769633
Epidermis 2,inka1,3.912165,4.115737,9.147243248675806e-05,0.0005632110466403915,0.10240427426536064,0.007853403141361256
Epidermis 2,pus1,3.908736,1.7829003,9.278028492651606e-05,0.0005711025662571247,0.13624220837043632,0.04101221640488656
Epidermis 2,map4,3.9012375,1.0514872,9.570224850284718e-05,0.0005887563474994723,0.21015138023152272,0.11867364746945899
Epidermis 2,tax1bp3,3.8959498,1.5377855,9.781461254819525e-05,0.0006012430029335686,0.1495992876224399,0.055846422338568937
Epidermis 2,nebl,3.8956935,2.199362,9.791814088255282e-05,0.0006017098710780583,0.12733748886910062,0.034031413612565446
Epidermis 2,rbm8a,3.8915918,1.0763012,9.958872882517031e-05,0.0006116311994635636,0.19412288512911843,0.10034904013961606
Epidermis 2,lrriq1,3.8853428,1.4208958,0.0001021855691858047,0.0006268741369703245,0.176313446126447,0.08638743455497382
Epidermis 2,hspbp1,3.8831959,1.2499435,0.0001030924747221653,0.0006320822958450039,0.1745325022261799,0.08115183246073299
Epidermis 2,rpl15,3.8816576,1.1020048,0.0001037468629939342,0.0006357372359984943,0.1923419412288513,0.10034904013961606
Epidermis 2,focad,3.8744473,1.6500921,0.00010686690643259625,0.0006543049285257247,0.14692787177203917,0.05410122164048865
Epidermis 2,stx1a,3.8736143,1.5605042,0.00010723309799645026,0.0006563628138514842,0.1549421193232413,0.06282722513089005
Epidermis 2,uchl5,3.8709223,1.6509821,0.00010842428680632793,0.0006632818509674465,0.14247551202137132,0.04886561954624782
Epidermis 2,exosc1,3.8651862,1.6797731,0.00011100442889016673,0.000678115241548804,0.14514692787177205,0.053228621291448515
Epidermis 2,zfyve26,3.86352,1.5034907,0.0001117647568661834,0.0006823779405643502,0.1549421193232413,0.06282722513089005
Epidermis 2,brix1,3.8549318,1.1666452,0.00011576189789020758,0.0007061896488292479,0.18699910952804988,0.0968586387434555
Epidermis 2,vash2,3.8513107,2.48435,0.00011748734401918634,0.0007161148977214149,0.11932324131789848,0.027050610820244327
Epidermis 2,mdk,3.848843,1.1375704,0.00011867695298793821,0.0007229619740786711,0.18521816562778273,0.09424083769633508
Epidermis 2,znf484,3.8443568,1.8152925,0.00012086903131480071,0.0007354944596542851,0.13891362422083706,0.04712041884816754
Epidermis 2,tmem52,3.8387167,1.3982146,0.00012367896677042267,0.0007519639826964038,0.1585040071237756,0.06631762652705062
Epidermis 2,acot7,3.83673,2.7433298,0.0001246834146096965,0.0007574378591865779,0.11041852181656278,0.017452006980802792
Epidermis 2,cep57l1,3.8269563,1.4958248,0.00012973760337264907,0.0007870459391700238,0.15048975957257346,0.05846422338568935
Epidermis 2,rae1,3.825386,1.2567306,0.00013056737154640825,0.0007916395150081063,0.170080142475512,0.07853403141361257
Epidermis 2,gtf2e1,3.8194256,1.5600065,0.0001337628470848033,0.0008105634785441523,0.14425645592163847,0.05235602094240838
Epidermis 2,mcrip1,3.8155801,1.6049125,0.00013586339499794344,0.0008226068652192352,0.14514692787177205,0.053228621291448515
Epidermis 2,map10,3.8109014,1.2842605,0.00013846097005864715,0.0008376370467562349,0.170080142475512,0.07940663176265271
Epidermis 2,c1h12orf43,3.8080814,1.1595932,0.00014004915315256154,0.0008463064444591652,0.182546749777382,0.0924956369982548
Epidermis 2,ints13,3.8031785,1.1499494,0.00014285134963228405,0.0008625233260448451,0.1834372217275156,0.09424083769633508
Epidermis 2,dusp4,3.8001661,1.4193156,0.00014459905788314012,0.0008723516842875313,0.1620658949243099,0.07155322862129145
Epidermis 2,septin5,3.7966092,1.4862157,0.00014668876630940638,0.0008844696241054314,0.1522707034728406,0.06195462478184991
Epidermis 2,foxm1,3.79443,1.1322355,0.00014798295955344655,0.0008920265636507617,0.17898486197684774,0.08726003490401396
Epidermis 2,bccip,3.786515,1.4948423,0.0001527749420662819,0.0009193883096603247,0.1495992876224399,0.05846422338568935
Epidermis 2,piwil2,3.7838552,1.32722,0.00015441772812701111,0.0009282504808428401,0.1647373107747106,0.07504363001745201
Epidermis 2,rnf125,3.7679605,1.9475222,0.00016458666036724695,0.0009869319911716668,0.13357079252003562,0.04363001745200698
Epidermis 2,pwp1,3.7652688,1.21228,0.00016637000295273796,0.0009968039084106797,0.17275155832591274,0.08289703315881326
Epidermis 2,stn1,3.7595007,1.4652483,0.00017025284576387652,0.001018111084520019,0.1549421193232413,0.06544502617801047
Epidermis 2,tmem39b,3.7586675,1.4010652,0.0001708206959561778,0.0010212269606739057,0.1558325912733749,0.06544502617801047
Epidermis 2,rps28p9,3.7517457,1.3773452,0.00017560757337659652,0.001048408442859292,0.1549421193232413,0.06457242582897033
Epidermis 2,prrg1,3.7355306,1.6046275,0.00018731973484784411,0.0011171095747785752,0.14692787177203917,0.05846422338568935
Epidermis 2,rpl36,3.7302432,1.051284,0.0001912950337920111,0.0011392600797967996,0.1861086375779163,0.09598603839441536
Epidermis 2,slc19a2,3.7220395,1.8656619,0.0001976200375056895,0.001175965868124257,0.13268032056990206,0.04363001745200698
Epidermis 2,gnb4,3.7069783,1.3851658,0.00020974695162302796,0.0012447343571841429,0.1549421193232413,0.06631762652705062
Epidermis 2,hspa9,3.705376,1.5384834,0.0002110773944564674,0.0012522892399223968,0.14781834372217276,0.059336823734729496
Epidermis 2,taf1c,3.6923976,1.4178693,0.00022214980201396703,0.0013151195956990706,0.15138023152270705,0.06282722513089005
Epidermis 2,rassf4,3.687879,1.0003159,0.00022613095630941713,0.001337599240343668,0.195013357079252,0.10732984293193717
Epidermis 2,polr2f,3.6845784,1.0450418,0.00022908139825529234,0.0013543173100321686,0.18432769367764915,0.09511343804537521
Epidermis 2,pfkfb1,3.682047,1.2110627,0.00023136880042135205,0.0013667294515415061,0.18076580587711488,0.09511343804537521
Epidermis 2,s1pr5,3.6773362,3.1715922,0.0002356822627855587,0.0013910799719349949,0.1006233303650935,0.011343804537521814
Epidermis 2,maco1,3.6622748,1.0348032,0.0002499853561738445,0.0014715215692121559,0.18521816562778273,0.0968586387434555
Epidermis 2,tsc22d1,3.6575322,1.9832226,0.0002546552609168764,0.0014973948931466343,0.12555654496883348,0.037521815008726006
Epidermis 2,eif2s1,3.651091,1.277498,0.0002611285950653442,0.00153421838258505,0.1620658949243099,0.07504363001745201
Epidermis 2,dcaf1,3.650194,1.3722847,0.0002620425003107063,0.0015387592570720997,0.15138023152270705,0.0636998254799302
Epidermis 2,ube3d,3.6428554,1.2200425,0.00026963029158062665,0.0015816136001561435,0.170080142475512,0.08376963350785341
Epidermis 2,znf653,3.6392984,1.042392,0.00027338187502071957,0.001601897393884834,0.18521816562778273,0.09860383944153578
Epidermis 2,serac1,3.6313512,1.0345612,0.0002819412716152357,0.0016507218910426773,0.18521816562778273,0.09860383944153578
Epidermis 2,mmgt1,3.6293643,1.2285793,0.0002841200179622622,0.0016625859243643132,0.16028495102404275,0.07242582897033159
Epidermis 2,bend4,3.6246216,2.0197227,0.00028938483587509934,0.0016897689332701481,0.11932324131789848,0.031413612565445025
Epidermis 2,polg,3.6194303,1.0078083,0.0002952523784430141,0.001721726924106096,0.188780053428317,0.10209424083769633
Epidermis 2,phactr2,3.6117394,1.0773723,0.000304150176220655,0.0017721925221123932,0.18076580587711488,0.09424083769633508
Epidermis 2,sntb2,3.610746,2.0594816,0.0003053176156310462,0.001778519938784052,0.11932324131789848,0.03228621291448516
Epidermis 2,polr3gl,3.610105,1.3328514,0.00030607302777841544,0.0017814936087364105,0.1495992876224399,0.06195462478184991
Epidermis 2,slc38a9,3.6095922,1.2648731,0.000306678617211698,0.001784542428313723,0.16295636687444345,0.07766143106457242
Epidermis 2,rbm23,3.6067724,1.5084906,0.00031002946316374853,0.0018030791353134746,0.14425645592163847,0.05759162303664921
Epidermis 2,gdpd5,3.6031833,1.6262287,0.0003143437618192734,0.0018267097807345845,0.13268032056990206,0.04537521815008726
Epidermis 2,znf300,3.5993378,1.0323249,0.0003190285576275958,0.0018519612013811568,0.19145146927871773,0.10645724258289703
Epidermis 2,cep170,3.5936337,1.0995562,0.00032609817746930946,0.0018899836203340775,0.17809439002671415,0.0924956369982548
Epidermis 2,abcc1,3.5926404,1.0970029,0.00032734429503589863,0.0018967020345136334,0.17275155832591274,0.08638743455497382
Epidermis 2,notum,3.591615,1.2739877,0.00032863528328655185,0.0019036768029189932,0.1682991985752449,0.08376963350785341
Epidermis 2,unc119,3.5860069,1.010816,0.0003357800604800259,0.0019445479564051606,0.20035618878005343,0.11780104712041885
Epidermis 2,zc3h3,3.5749192,1.0241491,0.00035033606108494025,0.0020234735809778934,0.188780053428317,0.10471204188481675
Epidermis 2,surf6,3.5650814,1.2038695,0.00036374345196704824,0.0020970266487114818,0.1558325912733749,0.06980802792321117
Epidermis 2,LOC733753,3.5548587,1.0848702,0.0003781821283655749,0.002176816729903775,0.1745325022261799,0.09075043630017451
Epidermis 2,st6galnac5,3.5484817,1.322786,0.0003874588246400101,0.002227817915089543,0.1549421193232413,0.06980802792321117
Epidermis 2,rexo4,3.5467193,1.2130896,0.00039005999592402673,0.0022416379170550928,0.1674087266251113,0.08376963350785341
Epidermis 2,lsm8,3.5452452,1.0460577,0.00039224804287163353,0.002253618889810931,0.18432769367764915,0.10034904013961606
Epidermis 2,trim8,3.5390604,1.0562795,0.0004015539300052862,0.0023040516188917565,0.17898486197684774,0.09511343804537521
Epidermis 2,LOC100145274,3.5187757,1.032279,0.00043354309696128074,0.0024778271133557117,0.18432769367764915,0.1012216404886562
Epidermis 2,LOC108645395,3.5179746,1.1185622,0.00043485405243034135,0.002484668834271401,0.1620658949243099,0.07678883071553229
Epidermis 2,pfas,3.5145779,2.2622867,0.00044045372113628685,0.0025140310355519007,0.10952804986642921,0.02443280977312391
Epidermis 2,mrpl28,3.5135844,1.031142,0.0004421040370788617,0.002521472083925207,0.18165627782724844,0.0968586387434555
Epidermis 2,rapgefl1,3.5121744,1.4555546,0.0004444563329278108,0.002533563647026583,0.13980409617097062,0.055846422338568937
Epidermis 2,otud4,3.5012789,1.258037,0.0004630309791550663,0.002635315335457147,0.15316117542297417,0.06893542757417102
Epidermis 2,ptcd2,3.5001574,1.2712382,0.0004649836475632931,0.002645738767530279,0.16028495102404275,0.07678883071553229
Epidermis 2,stx2,3.4955108,1.2057539,0.0004731554071587181,0.002686631313976161,0.1620658949243099,0.07853403141361257
Epidermis 2,fam227b,3.4910884,1.4475156,0.0004810569149327765,0.00272936633924808,0.14781834372217276,0.06457242582897033
Epidermis 2,rassf2,3.485705,2.6952593,0.0004908422386708208,0.0027827145986063857,0.10329474621549421,0.019197207678883072
Epidermis 2,LOC101734072,3.4853203,1.4339426,0.0004915482454842721,0.0027859933155096883,0.13357079252003562,0.04886561954624782
Epidermis 2,capn8.5,3.4774692,1.8948563,0.0005061712207288278,0.0028658957466330443,0.12288512911843277,0.03926701570680628
Epidermis 2,exosc2,3.4733353,1.3948692,0.0005140326758517499,0.002908142862266278,0.14425645592163847,0.06108202443280977
Epidermis 2,LOC100497007,3.4626963,1.3041687,0.0005347917206767437,0.0030208879463855098,0.1709706144256456,0.09162303664921466
Epidermis 2,cfp,3.4500062,2.3120418,0.000560573485212606,0.0031616112744441136,0.10774710596616206,0.02443280977312391
Epidermis 2,snx3,3.44975,1.3070052,0.0005611060631380433,0.0031629799544653173,0.14425645592163847,0.060209424083769635
Epidermis 2,ctsd,3.4479554,1.1934804,0.0005648473240157747,0.00318160388677032,0.1585040071237756,0.07591623036649214
Epidermis 2,abcc4,3.4433408,1.0240009,0.0005745746528367486,0.003233890508008948,0.182546749777382,0.10034904013961606
Epidermis 2,atmin,3.4212296,1.0425643,0.0006233869482284062,0.0034995952141219588,0.16918967052537845,0.08638743455497382
Epidermis 2,clcc1,3.4211335,1.1749221,0.0006236073579357455,0.0034999321392787815,0.15672306322350846,0.07417102966841187
Epidermis 2,emb,3.413795,1.9633707,0.0006406475883385998,0.0035891068100479036,0.11932324131789848,0.037521815008726006
Epidermis 2,mrps27,3.4118402,1.2255784,0.0006452591906311471,0.0036130871949608054,0.1549421193232413,0.07329842931937172
Epidermis 2,exosc7,3.4013615,1.1878916,0.000670511206620379,0.003747752315487523,0.15939447907390916,0.07853403141361257
Epidermis 2,rpl21,3.398349,1.0401226,0.0006779384348323592,0.00378829566875209,0.17809439002671415,0.09773123909249563
Epidermis 2,zcchc9,3.3949845,1.1980989,0.0006863251983524022,0.003832216518231261,0.15138023152270705,0.06893542757417102
Epidermis 2,clps,3.3946319,1.9525765,0.000687209370167316,0.003835190707524553,0.11130899376669635,0.028795811518324606
Epidermis 2,epb41l1,3.3864923,1.3464437,0.000707922533880707,0.0039457414078699635,0.14781834372217276,0.06719022687609075
Epidermis 2,snai1,3.3817496,1.407397,0.0007202576052742208,0.004011419398848589,0.14425645592163847,0.0636998254799302
Epidermis 2,LOC100485124,3.3647656,1.2295966,0.0007660872075320858,0.004252553791797925,0.1549421193232413,0.07504363001745201
Epidermis 2,nacc1,3.3631632,1.5740051,0.0007705476930949832,0.004274052163453388,0.12377560106856635,0.041884816753926704
Epidermis 2,deptorl,3.355152,1.39989,0.0007932140175616767,0.004396424454461099,0.13891362422083706,0.05846422338568935
Epidermis 2,LOC108646161,3.3533895,2.1672997,0.0007982829509095221,0.004423395701319625,0.10952804986642921,0.028795811518324606
Epidermis 2,dctn3,3.3399625,1.0146557,0.0008378972233496023,0.0046323170283029316,0.163846838824577,0.08289703315881326
Epidermis 2,slc16a3,3.3363733,1.5827354,0.0008487909134987548,0.004687792083891756,0.1371326803205699,0.05846422338568935
Epidermis 2,rrp7a,3.3350594,1.5873312,0.0008528115194935243,0.004708805710239928,0.12644701691896706,0.0462478184991274
Epidermis 2,tpbg,3.3302526,1.8296813,0.0008676720477858097,0.00478722421105794,0.11932324131789848,0.03926701570680628
Epidermis 2,stk33,3.3268878,1.311868,0.0008782168899528551,0.004841730862976567,0.14692787177203917,0.06806282722513089
Epidermis 2,coro2a,3.324196,2.5835493,0.0008867381725128974,0.00488500723615348,0.09795191451469279,0.017452006980802792
Epidermis 2,frem1,3.3216004,1.4583553,0.0008950276537551354,0.004929429185409088,0.14692787177203917,0.06893542757417102
Epidermis 2,ldlrad3,3.319261,1.3174055,0.0009025599002304987,0.004964648243743311,0.1433659839715049,0.06457242582897033
Epidermis 2,sparc,3.311378,2.0284708,0.0009283772688308657,0.0050963824863291375,0.10952804986642921,0.029668411867364748
Epidermis 2,ggcx,3.3108974,1.3276509,0.0009299734212956293,0.005103860670546259,0.1522707034728406,0.07504363001745201
Epidermis 2,arid3c,3.3037512,2.145992,0.0009540047434514788,0.005229172948217714,0.11130899376669635,0.03228621291448516
Epidermis 2,prkar1a,3.2992327,1.2678409,0.0009694949134799564,0.005308744920212329,0.1460373998219056,0.06719022687609075
Epidermis 2,asb7,3.2983675,1.195001,0.000972487559245927,0.005323796043729396,0.14781834372217276,0.06806282722513089
Epidermis 2,arl6ip1,3.298047,1.1157827,0.000973598115825272,0.005328538872692064,0.16028495102404275,0.08202443280977312
Epidermis 2,itga2b.2,3.280262,1.0001808,0.001037107698103419,0.00566334511519387,0.1745325022261799,0.0968586387434555
Epidermis 2,LOC100491791,3.2744937,2.5261822,0.001058514947276763,0.0057773523423027134,0.09617097061442564,0.016579406631762654
Epidermis 2,cdh23,3.2713852,1.3169873,0.0010702198786175451,0.0058383169928283634,0.1549421193232413,0.07853403141361257
Epidermis 2,dchs1,3.2709045,1.5572615,0.0010720405720896348,0.005846787633983485,0.12733748886910062,0.04886561954624782
Epidermis 2,pkd2,3.2681808,1.1248665,0.0010824120692527004,0.005898929511279514,0.15405164737310775,0.07504363001745201
Epidermis 2,foxn2,3.2675078,1.2328417,0.001084988696619291,0.005911495218209625,0.14425645592163847,0.06544502617801047
Epidermis 2,uba52,3.2577019,1.1700791,0.0011231831508787806,0.006116540937191383,0.15316117542297417,0.07504363001745201
Epidermis 2,snx9,3.2482805,1.0530678,0.0011610471591286938,0.006314857941013765,0.1674087266251113,0.09075043630017451
Epidermis 2,ddx31,3.2453003,1.3088843,0.0011732679747400944,0.006378146606079622,0.13446126447016918,0.055846422338568937
Epidermis 2,ttc30a,3.2332513,1.1918894,0.0012238984905833892,0.0066352022268373004,0.15048975957257346,0.07329842931937172
Epidermis 2,phka1,3.2283483,1.0022036,0.0012450725215940436,0.006744967103700006,0.18432769367764915,0.1099476439790576
Epidermis 2,LOC100135070,3.227964,1.1331615,0.0012467474538592539,0.006752364405724195,0.1549421193232413,0.07766143106457242
Epidermis 2,mios,3.2271948,1.0901521,0.0012501035618590302,0.006768860998343896,0.15316117542297417,0.07504363001745201
Epidermis 2,supv3l1,3.2270346,1.9934145,0.0012508038001698514,0.006770972394816752,0.11130899376669635,0.034031413612565446
Epidermis 2,c11orf49,3.2248235,1.2229161,0.0012605041462238737,0.006820099423444371,0.14781834372217276,0.07068062827225131
Epidermis 2,trdmt1,3.2143764,1.6384197,0.0013072810639062162,0.007059188343354997,0.1246660730186999,0.04799301919720768
Epidermis 2,znf852,3.2095056,1.011408,0.0013296342468780012,0.007169248554762754,0.170080142475512,0.09424083769633508
Epidermis 2,atat1,3.1930022,1.5556649,0.00140801827528214,0.007572148000542002,0.12733748886910062,0.05148342059336824
Epidermis 2,fau,3.1890929,1.3260278,0.001427200740723714,0.007668787826479231,0.13357079252003562,0.056719022687609075
Epidermis 2,pik3r3,3.186369,1.7148153,0.0014407076592621289,0.00773184501543505,0.11754229741763135,0.04101221640488656
Epidermis 2,rab11fip5,3.164546,1.7178726,0.0015532511144551277,0.008309265155313886,0.11754229741763135,0.041884816753926704
Epidermis 2,efl1,3.1597393,1.2798743,0.0015791042774534198,0.00843722684581564,0.14158504007123776,0.06719022687609075
Epidermis 2,slc8a1,3.156855,1.1711191,0.0015948057457838335,0.008514653985491989,0.17542297417631345,0.1055846422338569
Epidermis 2,cfap157,3.156791,1.740064,0.0015951562940603663,0.008514653985491989,0.1157613535173642,0.04013961605584642
Epidermis 2,dimt1,3.154548,1.9245505,0.0016074702622722017,0.008576187920059099,0.10596616206589493,0.029668411867364748
Epidermis 2,pdrg1,3.149677,1.4655597,0.0016345110123049116,0.008716193743769666,0.1246660730186999,0.04886561954624782
Epidermis 2,bbs2,3.1470172,1.1288177,0.0016494527806009214,0.008791575262699733,0.14247551202137132,0.06631762652705062
Epidermis 2,lrch1,3.142659,2.5989413,0.001674207608023284,0.008916984187131091,0.09260908281389137,0.016579406631762654
Epidermis 2,usp44,3.1411529,1.2091628,0.0016828417460505076,0.008958597155542359,0.14247551202137132,0.06719022687609075
Epidermis 2,dab2,3.1397429,1.8826805,0.001690961873514889,0.008999629034626437,0.10952804986642921,0.034031413612565446
Epidermis 2,tars3,3.131411,1.8179697,0.001739684698251885,0.009240910370144689,0.11308993766696349,0.038394415357766144
Epidermis 2,tfrc,3.131411,1.3232222,0.001739684698251885,0.009240910370144689,0.13802315227070347,0.0636998254799302
Epidermis 2,npr2,3.1294882,2.7062964,0.0017511102259250165,0.009299337123365729,0.09349955476402494,0.01832460732984293
Epidermis 2,septin6,3.1254506,2.4148188,0.0017753287322871511,0.009418781489724757,0.09795191451469279,0.02268760907504363
Epidermis 2,cited4,3.1244252,1.2256321,0.0017815283010394166,0.00944707875017767,0.14247551202137132,0.06806282722513089
Epidermis 2,KIAA1107,3.1233678,1.5809332,0.0017879424441857776,0.009478788161947973,0.12110418521816563,0.0462478184991274
Epidermis 2,LOC100494722,3.114491,1.7851001,0.0018426251653332036,0.009745013022960698,0.11398040961709706,0.03926701570680628
Epidermis 2,LOC100145144,3.1058388,1.1081053,0.001897400927862277,0.010022557648724945,0.16295636687444345,0.08987783595113438
Epidermis 2,armc4,3.1041405,1.259606,0.0019083272470608377,0.010072958117589391,0.16295636687444345,0.0924956369982548
Epidermis 2,snrpf,3.0972826,1.110956,0.0019530350748754059,0.010297343599059545,0.14247551202137132,0.06719022687609075
Epidermis 2,ccdc77,3.0971866,1.1894573,0.001953668599060837,0.010297343599059545,0.14069456812110417,0.06631762652705062
Epidermis 2,gtf2a2,3.0915787,1.1387162,0.00199095233449945,0.010483728496890082,0.14425645592163847,0.06893542757417102
Epidermis 2,LOC116407564,3.0907135,1.1729523,0.0019967624886251443,0.010511786312253142,0.14870881567230632,0.07591623036649214
Epidermis 2,znhit3,3.0893035,1.2960637,0.0020062642404350397,0.010556713766706777,0.13178984861976847,0.05759162303664921
Epidermis 2,cdca7l,3.082734,1.1971066,0.002051083199422859,0.010787343093421596,0.14247551202137132,0.06806282722513089
Epidermis 2,dph6,3.0801384,1.2250851,0.0020690439459263585,0.0108765617788627,0.14514692787177205,0.07242582897033159
Epidermis 2,rbm38,3.0786002,1.6163434,0.0020797553170973284,0.010930236217336417,0.11665182546749778,0.04275741710296684
Epidermis 2,pdcd5,3.0647566,1.6639885,0.002178471660999671,0.011421535347110483,0.11487088156723063,0.04101221640488656
Epidermis 2,LOC100496797,3.0598857,1.8028866,0.002214214326113157,0.011597784639970042,0.11308993766696349,0.04013961605584642
Epidermis 2,aamp,3.0466511,1.074124,0.002314062051132959,0.012097543847094465,0.15048975957257346,0.07766143106457242
Epidermis 2,lrrn1,3.0453372,2.1303356,0.002324196035326932,0.012147612380088381,0.09795191451469279,0.02443280977312391
Epidermis 2,heg1,3.0222003,1.1927598,0.0025094436710062693,0.013059520711907418,0.13802315227070347,0.06544502617801047
Epidermis 2,orc3,3.0173936,1.6453887,0.0025495854665150324,0.013252621358938666,0.11130899376669635,0.038394415357766144
Epidermis 2,cnn3,3.0142212,1.0844404,0.0025763998431159473,0.013385624042055497,0.15048975957257346,0.07853403141361257
Epidermis 2,farsb,3.008517,2.2299027,0.002625261090428455,0.013620024311516717,0.09617097061442564,0.02356020942408377
Epidermis 2,mllt6,3.0065303,1.1049991,0.002642478111266094,0.013702831479547872,0.1371326803205699,0.0636998254799302
Epidermis 2,hadhb,3.0023963,2.9144638,0.0026786318452467297,0.01387858011042907,0.08637577916295637,0.013961605584642234
Epidermis 2,gfra1,3.0023644,1.0146624,0.0026789138639442393,0.01387858011042907,0.17186108637577915,0.10296684118673648
Epidermis 2,psma2,2.9997687,1.6656979,0.0027018476991903227,0.013990749559570961,0.11130899376669635,0.03926701570680628
Epidermis 2,numbl,2.9981985,1.1666728,0.002715808199858397,0.01405636876876425,0.13891362422083706,0.06631762652705062
Epidermis 2,itgb1bp2,2.997205,1.1047913,0.002724674359095288,0.014095571168757298,0.14781834372217276,0.07678883071553229
Epidermis 2,bicd1,2.9928148,1.6060603,0.002764174613714957,0.014289754618780875,0.1157613535173642,0.04450261780104712
Epidermis 2,fyn,2.9887772,1.1473784,0.0028009643570751615,0.014473086250470541,0.1495992876224399,0.07940663176265271
Epidermis 2,agap3,2.9878478,1.4924482,0.0028094948957883246,0.014510293046389832,0.12021371326803205,0.04886561954624782
Epidermis 2,cd276,2.9871428,1.5230136,0.002815982158063681,0.014540356524161756,0.1157613535173642,0.04363001745200698
Epidermis 2,ric8a,2.9844508,1.2045947,0.0028408777239629516,0.014648107942957364,0.14514692787177205,0.07504363001745201
Epidermis 2,shmt2,2.9815347,1.382722,0.0028680745692744904,0.014780957818034991,0.12911843276936777,0.05846422338568935
Epidermis 2,pkd1,2.9814706,1.224158,0.0028686749626221615,0.014780957818034991,0.13446126447016918,0.06282722513089005
Epidermis 2,cpt1a,2.9793878,1.0224301,0.002888250317715531,0.014874795889277932,0.1611754229741763,0.09162303664921466
Epidermis 2,slc7a8,2.974613,1.0567211,0.0029335839887711973,0.015097579296928372,0.15761353517364202,0.08726003490401396
Epidermis 2,atpaf2,2.973171,1.2244613,0.002947402489483616,0.015157970710115952,0.13980409617097062,0.06980802792321117
Epidermis 2,nob1,2.9643264,1.1946273,0.0030334632732640547,0.015571207265559854,0.13891362422083706,0.06806282722513089
Epidermis 2,hadha,2.9593914,2.2987676,0.0030824729722733497,0.015811622644094206,0.0917186108637578,0.02006980802792321
Epidermis 2,bbs9,2.955546,1.009478,0.0031211616817527826,0.015998794704610634,0.176313446126447,0.10907504363001745
Epidermis 2,ush1c,2.9475346,2.5946238,0.0032031886694491494,0.016373103761079852,0.08637577916295637,0.014834205933682374
Epidermis 2,ift81,2.945035,1.4735119,0.0032291803222466503,0.016486650400501675,0.1219946571682992,0.05235602094240838
Epidermis 2,LOC100493461,2.942888,1.2127231,0.0032516597615558297,0.016589774995770343,0.12822796081923418,0.056719022687609075
Epidermis 2,pou6f1,2.9401963,1.3840233,0.003280044336803582,0.016722861559203498,0.11932324131789848,0.04799301919720768
Epidermis 2,cog6,2.935037,1.2543325,0.0033350798727608383,0.01697964953418438,0.12911843276936777,0.05846422338568935
Epidermis 2,ap1m1,2.933018,1.844405,0.0033568434800901933,0.017086466428516002,0.1006233303650935,0.029668411867364748
Epidermis 2,mrpl20,2.924398,1.5827508,0.0034512331387033714,0.01754236159320901,0.11219946571682991,0.041884816753926704
Epidermis 2,fkbp4,2.9116437,1.1631052,0.00359532370155037,0.01824501360268154,0.14247551202137132,0.07417102966841187
Epidermis 2,phb2,2.9111953,1.1929389,0.0036004904189344297,0.018258494406592652,0.12911843276936777,0.05846422338568935
Epidermis 2,mutyh,2.9108427,1.69828,0.0036045547192738343,0.01827485792966411,0.10151380231522707,0.030541012216404886
Epidermis 2,adgre2,2.909048,2.0237947,0.003625310472109378,0.01836728577011812,0.10151380231522707,0.03228621291448516
Epidermis 2,cfap74,2.908343,1.2775365,0.00363349421285632,0.01840447474901062,0.13891362422083706,0.07068062827225131
Epidermis 2,rundc3b,2.9018378,1.9847982,0.00370980432771894,0.018773571483106443,0.09706144256455922,0.027050610820244327
Epidermis 2,slc2a8,2.8980565,1.1033512,0.0037548286986391092,0.01899701299165407,0.13624220837043632,0.06631762652705062
Epidermis 2,LOC105945432,2.8883147,1.0618588,0.0038731208096001693,0.019577338240974122,0.14692787177203917,0.07853403141361257
Epidermis 2,ctps2,2.8875136,1.6160284,0.003882997857710362,0.019622717983579854,0.10774710596616206,0.038394415357766144
Epidermis 2,sart3,2.8812327,1.1004418,0.00396123028563982,0.020004167105518746,0.14158504007123776,0.07242582897033159
Epidermis 2,stx19,2.8754647,1.1324744,0.004034334305262268,0.0203450910273002,0.13802315227070347,0.06893542757417102
Epidermis 2,dlat,2.8719075,1.1184295,0.004080023423655576,0.020570746563675676,0.13891362422083706,0.07068062827225131
Epidermis 2,gfm1,2.8567822,1.3817265,0.004279595194568094,0.02154708046623682,0.11843276936776491,0.049738219895287955
Epidermis 2,hras,2.8554683,2.1187356,0.004297342060864669,0.021621466707430932,0.09260908281389137,0.02356020942408377
Epidermis 2,atp6v1b1,2.8518472,2.5384414,0.004346600096936536,0.02185418449660188,0.08637577916295637,0.017452006980802792
Epidermis 2,ppil1,2.8435793,1.1259212,0.004460989255254164,0.02238805118189998,0.14069456812110417,0.07329842931937172
Epidermis 2,spice1,2.8258262,1.1621287,0.004715883536663831,0.023569696439198685,0.13268032056990206,0.06544502617801047
Epidermis 2,gpatch4,2.82291,1.0124342,0.00475899099381204,0.023768124295362795,0.14781834372217276,0.07940663176265271
Epidermis 2,rttn,2.822846,1.271689,0.004759942402765015,0.023768124295362795,0.1246660730186999,0.056719022687609075
Epidermis 2,lonrf3,2.8202825,1.0878712,0.004798140208800849,0.023947899701793993,0.13624220837043632,0.06806282722513089
Epidermis 2,ubxn6,2.819385,1.3034918,0.004811574834261233,0.02400876603475125,0.11487088156723063,0.0462478184991274
Epidermis 2,cbx2,2.8152833,1.0388817,0.004873424760824042,0.02430141720885316,0.1371326803205699,0.06893542757417102
Epidermis 2,etv4,2.8082654,2.4061303,0.004980916097469788,0.024809077873291084,0.08459483526268922,0.016579406631762654
Epidermis 2,clns1a,2.796761,1.2576972,0.005161768605104377,0.025692279364047128,0.12110418521816563,0.053228621291448515
Epidermis 2,emilin1,2.7925632,3.5972683,0.005229225986357563,0.026010243959039978,0.07390917186108638,0.006108202443280977
Epidermis 2,megf6,2.7908006,1.7321832,0.005257784412248743,0.026146334015423843,0.10418521816562779,0.037521815008726006
Epidermis 2,LOC101732639,2.7809308,1.5881287,0.005420331113443431,0.02689948720183059,0.10151380231522707,0.034031413612565446
Epidermis 2,otub2,2.780482,1.4304601,0.0054278262574132905,0.02693055860914402,0.11308993766696349,0.0462478184991274
Epidermis 2,s100pbp,2.7729833,1.4397688,0.005554495131158175,0.027508996426918415,0.1157613535173642,0.049738219895287955
Epidermis 2,prim2,2.7681766,1.6802306,0.005637089936382235,0.027910874014462274,0.09795191451469279,0.030541012216404886
Epidermis 2,septin9,2.7651322,1.3537995,0.005689971401429509,0.02814162872860229,0.11754229741763135,0.05148342059336824
Epidermis 2,spag8,2.7579541,2.1234474,0.005816435907788387,0.028728032581224628,0.09082813891362422,0.02443280977312391
Epidermis 2,sbds,2.7576337,1.3248181,0.005822140282557795,0.028749699729733798,0.12110418521816563,0.0549738219895288
Epidermis 2,LOC101731620,2.7548456,1.5055459,0.005871981558586268,0.028982698391746425,0.11398040961709706,0.04886561954624782
Epidermis 2,slc44a5,2.751609,1.8162113,0.005930325446330644,0.029264050557300084,0.09706144256455922,0.030541012216404886
Epidermis 2,nkain1,2.750712,2.1615906,0.0059465922187992345,0.02933768682035227,0.08993766696349065,0.02356020942408377
Epidermis 2,aptx,2.7483406,1.0700487,0.005989776706711261,0.029530708883223324,0.13446126447016918,0.06806282722513089
Epidermis 2,rragc,2.7435977,1.4154768,0.006076994378675314,0.029940414165065255,0.11308993766696349,0.04712041884816754
Epidermis 2,arntl2,2.7435977,1.8626109,0.006076994378675314,0.029940414165065255,0.0917186108637578,0.02530541012216405
Epidermis 2,pex5,2.740906,1.0672547,0.0061270036252479634,0.030173176733589664,0.13980409617097062,0.07504363001745201
Epidermis 2,hdgfl3,2.738791,2.574977,0.0061665562856281966,0.03035425777322194,0.0819234194122885,0.015706806282722512
Epidermis 2,ubr3,2.7277994,1.545533,0.006375836386438096,0.03129969084104965,0.10952804986642921,0.04450261780104712
Epidermis 2,zbtb39,2.7228644,1.3474865,0.006471860941226982,0.031742521375256,0.11398040961709706,0.04799301919720768
Epidermis 2,pmepa1,2.717641,1.8514285,0.006574912752015249,0.0322407126206123,0.09528049866429207,0.029668411867364748
Epidermis 2,chordc1,2.714821,1.1179117,0.006631159333922951,0.03249461662374416,0.12733748886910062,0.06195462478184991
Epidermis 2,aamdc,2.7095335,1.3553568,0.006737789014770444,0.032994904419054276,0.1157613535173642,0.0506108202443281
Epidermis 2,soga1,2.7053998,1.3349522,0.006822224775799058,0.033363461863001175,0.11308993766696349,0.04799301919720768
Epidermis 2,hectd2,2.7014582,1.60776,0.006903617540639219,0.03373126698483842,0.10240427426536064,0.037521815008726006
Epidermis 2,mcub,2.6966512,1.1606964,0.0070040569897663945,0.0341913931932198,0.13000890471950133,0.06631762652705062
Epidermis 2,tomm7,2.6867492,1.6278944,0.007215108752403497,0.03516660444185765,0.09973285841495994,0.034904013961605584
Epidermis 2,rpap1,2.6799877,1.202182,0.007362486437493525,0.035820917848951216,0.12377560106856635,0.059336823734729496
Epidermis 2,nlgn1,2.6778727,1.7282807,0.007409136964954665,0.036007745592934466,0.10329474621549421,0.03926701570680628
Epidermis 2,vps26c,2.6720405,1.3797281,0.007539156008536852,0.03659073026296322,0.10685663401602849,0.041884816753926704
Epidermis 2,dcc,2.6705985,1.4600388,0.007571617390860902,0.03674010742405509,0.11487088156723063,0.05148342059336824
Epidermis 2,atad3a,2.661754,1.5514427,0.007773469446240803,0.03764422476396373,0.10329474621549421,0.03926701570680628
Epidermis 2,trps1,2.65339,1.4356364,0.00796877310911267,0.03854723963953615,0.11754229741763135,0.0549738219895288
Epidermis 2,dnajc15,2.6501856,1.9301099,0.008044758831551386,0.03888032834181236,0.09082813891362422,0.027050610820244327
Epidermis 2,stx4,2.6494484,1.0896142,0.008062327045146075,0.03895660727460862,0.13268032056990206,0.06980802792321117
Epidermis 2,cops4,2.6481986,1.1023684,0.00809219513740641,0.03908361887856248,0.13000890471950133,0.06631762652705062
Epidermis 2,obi1,2.6472692,2.224364,0.00811446891702226,0.03916024047854043,0.08637577916295637,0.02268760907504363
Epidermis 2,ulk1,2.6429753,1.5649574,0.008218103410119778,0.03961281964042935,0.10596616206589493,0.04275741710296684
Epidermis 2,plekha1,2.6327848,1.5440338,0.008468797494213897,0.040776176107952665,0.09884238646482636,0.034904013961605584
Epidermis 2,c8orf33,2.6318555,1.2234529,0.008491996353598158,0.040878855599352615,0.11130899376669635,0.04712041884816754
Epidermis 2,snu13,2.6288753,1.8696175,0.008566776499408055,0.04121155864056066,0.08993766696349065,0.02617801047120419
Epidermis 2,coro7,2.628619,1.9024521,0.008573236618052498,0.04123354556811187,0.0881567230632235,0.02443280977312391
Epidermis 2,evx1,2.6193259,2.2280993,0.008810376093139267,0.042336757702794964,0.08103294746215495,0.017452006980802792
Epidermis 2,ipo9,2.6185567,1.5889792,0.008830261561330632,0.0424229717150585,0.09528049866429207,0.031413612565445025
Epidermis 2,bend2,2.6177876,2.259184,0.008850187117294208,0.042490634342459165,0.0854853072128228,0.02268760907504363
Epidermis 2,prdm14,2.616698,2.3580012,0.008878483745260662,0.04261711258366319,0.08459483526268922,0.02181500872600349
Epidermis 2,gprc5b,2.6161854,1.4315913,0.008891827748118229,0.04267177771974661,0.10507569011576136,0.041884816753926704
Epidermis 2,fam49b,2.6143909,1.0790151,0.008938672945750377,0.042858884278009005,0.12288512911843277,0.059336823734729496
Epidermis 2,dnajc17,2.6133654,1.0785809,0.008965540482258415,0.04296882470093584,0.1246660730186999,0.06195462478184991
Epidermis 2,wnt8a,2.6108336,1.6059421,0.009032178765493958,0.043259695531572356,0.10418521816562779,0.041884816753926704
Epidermis 2,baz2b,2.6100006,1.0800401,0.009054206882225352,0.043355683207601366,0.12911843276936777,0.06631762652705062
Epidermis 2,uxt,2.6044888,1.417955,0.009201143493602394,0.04399170731242284,0.10151380231522707,0.038394415357766144
Epidermis 2,scn4b,2.5984,1.6230024,0.009365927934669376,0.044759946005786345,0.10240427426536064,0.04013961605584642
Epidermis 2,cyp27c1,2.5929844,1.6151165,0.009514706385877682,0.04542122249972367,0.09973285841495994,0.037521815008726006
Epidermis 2,LOC100495603,2.5882096,1.4718865,0.009647622330462955,0.04601546816896877,0.09884238646482636,0.03577661431064572
Epidermis 2,txnrd2,2.581448,1.3948985,0.009838677173886045,0.04687549664003655,0.09884238646482636,0.03577661431064572
Epidermis 2,pacsin2,2.5771542,1.5589248,0.009961754020100976,0.047451524661127134,0.10151380231522707,0.04013961605584642
Epidermis 2,brsk2,2.5760005,1.1931678,0.009995052307768084,0.047589359896968664,0.12110418521816563,0.059336823734729496
Epidermis 2,itgb8,2.5641437,2.2074742,0.010343073226045656,0.04917128559162141,0.08281389136242208,0.020942408376963352
Epidermis 2,kdsr,2.5618043,1.1626947,0.010412996935062405,0.049458963627566466,0.1219946571682992,0.06108202443280977
Epidermis 2,rplp1,2.5599778,1.2481436,0.010467887006481632,0.04968887586870474,0.11398040961709706,0.05235602094240838
Epidermis 2,usp40,-2.5655537,-1.3457944,0.010301129548303003,0.04899323188176108,0.04630454140694568,0.1082024432809773
Epidermis 2,LOC100488328,-2.5897799,-6.1706142,0.009603730173982184,0.04581613382738636,0.0008904719501335708,0.0636998254799302
Epidermis 2,c9orf85,-2.6050975,-1.0024865,0.009184808214778049,0.04394249069385481,0.07034728406055209,0.13350785340314136
Epidermis 2,LOC100489718,-2.614519,-2.7017422,0.008935319564894045,0.04285222158803362,0.01157613535173642,0.07504363001745201
Epidermis 2,LOC733495,-2.6259913,-6.2468467,0.008639704363313497,0.04154406983513967,0.0008904719501335708,0.06457242582897033
Epidermis 2,cdhr3,-2.6463401,-1.0106447,0.008136797560939704,0.0392469185626139,0.07212822796081923,0.13612565445026178
Epidermis 2,slc7a4,-2.6509867,-2.2931383,0.008025701829121625,0.038796818700324094,0.018699910952804988,0.08289703315881326
Epidermis 2,rnf213,-2.6649585,-5.316771,0.007699784267813952,0.03732052254730525,0.0026714158504007124,0.06719022687609075
Epidermis 2,cyfip2,-2.6875825,-1.0053136,0.007197132917046723,0.03509466757159252,0.0854853072128228,0.14921465968586387
Epidermis 2,fhl3,-2.6891205,-1.4168322,0.007164052335077549,0.034941168083086095,0.03561887800534283,0.1012216404886562
Epidermis 2,chrdl2,-2.6969397,-1.6185938,0.0069979938155820655,0.03416943903553731,0.029385574354407838,0.09511343804537521
Epidermis 2,LOC100498522,-2.7037334,-1.6372893,0.006856528924388323,0.03350869376463104,0.03383793410507569,0.09947643979057591
Epidermis 2,gorasp1,-2.7050152,-1.4937024,0.006830127400568301,0.03338714381895181,0.03829029385574354,0.10383944153577661
Epidermis 2,tm9sf1,-2.728921,-3.3553054,0.00635419222941838,0.031207478874215277,0.008014247551202136,0.07417102966841187
Epidermis 2,LOC100497570,-2.7292414,-4.6239657,0.006348020341403567,0.03119120735639884,0.0017809439002671415,0.06806282722513089
Epidermis 2,pof1b,-2.7313886,-1.6586298,0.006306807669853329,0.031002669557078057,0.037399821905609976,0.10296684118673648
Epidermis 2,agr2,-2.7355223,-3.0345147,0.006228135491224886,0.030643550068549776,0.012466607301869992,0.07853403141361257
Epidermis 2,sec61g,-2.7625046,-1.1297921,0.005735975792638484,0.028356304433884087,0.06233303650934995,0.12914485165794065
Epidermis 2,c1galt1c1,-2.7674074,-2.4637296,0.005650407442368752,0.02796496729415481,0.017809439002671415,0.08464223385689354
Epidermis 2,drd2,-2.7750344,-4.370351,0.005519588265840651,0.02734232362063765,0.005342831700801425,0.07242582897033159
Epidermis 2,fance,-2.776156,-1.5583892,0.00550058242851442,0.02726055170851991,0.04363312555654497,0.1099476439790576
Epidermis 2,tmcc1,-2.7884293,-1.1371268,0.00529643077663559,0.02632651844577795,0.06500445235975066,0.13176265270506107
Epidermis 2,inpp1,-2.8019204,-2.181872,0.00507994060306534,0.02529075608019365,0.02226179875333927,0.08987783595113438
Epidermis 2,chid1,-2.8298318,-2.0285807,0.0046572462029138475,0.023303317907310953,0.024933214603739984,0.09336823734729494
Epidermis 2,exoc6,-2.8309214,-1.1423008,0.004641411457552627,0.023239397848953517,0.05966162065894924,0.12827225130890052
Epidermis 2,retsat,-2.83121,-1.1465262,0.004637228075466327,0.023224455780296242,0.060552092609082814,0.12914485165794065
Epidermis 2,il20ra,-2.838997,-3.266966,0.004525559486714309,0.022696445313627425,0.008904719501335707,0.07766143106457242
Epidermis 2,glipr2,-2.8423297,-3.1552808,0.004478516013958966,0.02247084339862005,0.01157613535173642,0.08027923211169284
Epidermis 2,dnajc5,-2.856654,-1.7242115,0.004281323665802332,0.021548015477937752,0.03294746215494212,0.10209424083769633
Epidermis 2,dtna,-2.860179,-1.1364523,0.004234020664659773,0.021327461893707503,0.07658058771148708,0.14397905759162305
Epidermis 2,gca,-2.8915193,-1.7367941,0.003833840436684931,0.019383279001135744,0.04007123775601069,0.10907504363001745
Epidermis 2,krt8.2,-2.9092083,-3.183076,0.003623452870440483,0.01836213773476121,0.009795191451469279,0.08027923211169284
Epidermis 2,sh3tc2,-2.9114516,-3.1753595,0.0035975371826654306,0.01824775891746684,0.009795191451469279,0.08027923211169284
Epidermis 2,dnaja4.2,-2.92177,-1.5294136,0.003480482953263493,0.01768279825917641,0.041852181656277826,0.112565445026178
Epidermis 2,bax,-2.9314477,-1.0060067,0.0033738600551190996,0.017169076553813868,0.07390917186108638,0.14485165794066318
Epidermis 2,larp6,-2.9388824,-2.1647124,0.003293980523298982,0.01678215012815949,0.02226179875333927,0.09336823734729494
Epidermis 2,kctd9,-2.939459,-2.5963204,0.003287855569173775,0.016754856696623292,0.015138023152270703,0.08638743455497382
Epidermis 2,tgds,-2.9419587,-2.9420402,0.003261433805081317,0.01663186423479304,0.01157613535173642,0.08289703315881326
Epidermis 2,unc50,-2.9460926,-2.1246037,0.0032181604897114973,0.01643808053511109,0.024933214603739984,0.09598603839441536
Epidermis 2,adap1,-2.9549692,-1.3902812,0.0031270030208626026,0.016021209889232883,0.04630454140694568,0.11780104712041885
Epidermis 2,arap1,-2.9743886,-1.5760562,0.002935729642866792,0.015105059310774882,0.03829029385574354,0.11082024432809773
Epidermis 2,idh3a,-2.9765997,-2.284145,0.0029146420046726124,0.015003633683406717,0.0213713268032057,0.09336823734729494
Epidermis 2,edem2,-2.9848676,-3.223852,0.002837011741029146,0.014631631576695106,0.01068566340160285,0.08289703315881326
Epidermis 2,ltbp4,-2.9863095,-2.9867668,0.002823666556595808,0.014569692109594969,0.02404274265360641,0.09511343804537521
Epidermis 2,ppara,-2.9890976,-1.6446837,0.002798028281124136,0.014461339441593975,0.034728406055209264,0.10732984293193717
Epidermis 2,fam83g,-2.997846,-1.1285377,0.0027189512345686135,0.014069299238681934,0.06678539626001781,0.1387434554973822
Epidermis 2,rps6kc1,-3.0114973,-1.6846986,0.002599627774097888,0.013493453296524741,0.037399821905609976,0.1099476439790576
Epidermis 2,inpp5d,-3.0125227,-1.7314262,0.002590860761173598,0.01345434856486651,0.04007123775601069,0.112565445026178
Epidermis 2,krt80,-3.022585,-4.201851,0.002506257436294115,0.01304916333032066,0.005342831700801425,0.07853403141361257
Epidermis 2,sfmbt1,-3.0307887,-1.2650172,0.0024391599966224068,0.012721058863837844,0.06144256455921639,0.1343804537521815
Epidermis 2,fam49a,-3.0473561,-1.5260372,0.0023086410024326593,0.012072095689931239,0.05075690115761353,0.12303664921465969
Epidermis 2,dusp7,-3.0803306,-1.6883458,0.0020677085887343656,0.010872161232475324,0.039180765805877114,0.11343804537521815
Epidermis 2,rnpep,-3.110101,-1.9763385,0.0018702345739692106,0.009886237557796062,0.024933214603739984,0.10034904013961606
Epidermis 2,tnip3,-3.1223102,-3.5819192,0.0017943778079778433,0.009505976729275192,0.007123775601068566,0.08289703315881326
Epidermis 2,trac,-3.1226628,-2.63066,0.0017922303249795607,0.009498973804418573,0.016028495102404273,0.09162303664921466
Epidermis 2,fam83a,-3.1344554,-5.028186,0.0017217343971514722,0.009152245135259994,0.003561887800534283,0.07940663176265271
Epidermis 2,gpsm1,-3.1443253,-1.9198729,0.0016647024453180905,0.008868523451974135,0.039180765805877114,0.1143106457242583
Epidermis 2,smim14,-3.1592264,-2.4965672,0.0015818852058889425,0.008450016420490236,0.018699910952804988,0.09511343804537521
Epidermis 2,akr1c8p,-3.1670456,-4.520968,0.001539962047805886,0.00824423744974785,0.004452359750667854,0.08115183246073299
Epidermis 2,ripk2,-3.1690004,-1.2346177,0.0015296423696584281,0.008193010836602002,0.07212822796081923,0.1474694589877836
Epidermis 2,picalml,-3.1854076,-1.0124986,0.0014455028703505121,0.0077546242705738766,0.08281389136242208,0.15968586387434555
Epidermis 2,kctd5,-3.1929703,-1.8656238,0.0014081745376563607,0.007572148000542002,0.034728406055209264,0.11169284467713787
Epidermis 2,zc3h12a,-3.194861,-4.0256286,0.0013989823653119053,0.007528284634641451,0.004452359750667854,0.08202443280977312
Epidermis 2,tspo,-3.1952775,-1.1772534,0.001396964424432847,0.007519279897767428,0.07034728406055209,0.1474694589877836
Epidermis 2,ano10l,-3.1959825,-4.0321083,0.0013935555610699781,0.007502782111548974,0.005342831700801425,0.08289703315881326
Epidermis 2,itgb6,-3.1965272,-3.2310467,0.0013909266949284546,0.007490476655980703,0.009795191451469279,0.08726003490401396
Epidermis 2,chst4,-3.198514,-3.3136182,0.0013813777709562297,0.007440889740813599,0.009795191451469279,0.08726003490401396
Epidermis 2,triqk,-3.2178054,-1.2577078,0.0012917541541277943,0.006980526844284943,0.06678539626001781,0.14397905759162305
Epidermis 2,tmed4,-3.2184463,-2.5747004,0.001288870877921038,0.006966671148653696,0.016028495102404273,0.09424083769633508
Epidermis 2,chmp2b,-3.220401,-1.3325453,0.0012801135336625567,0.006921049905364383,0.06233303650934995,0.13961605584642234
Epidermis 2,ros1,-3.2256246,-2.9285035,0.0012569815325236425,0.006802726691765477,0.012466607301869992,0.09075043630017451
Epidermis 2,aadacl3,-3.2290213,-3.863056,0.001242146389022116,0.0067307862813140275,0.005342831700801425,0.08376963350785341
Epidermis 2,abo.2,-3.235751,-4.0408154,0.0012132323470241827,0.0065806470406201065,0.005342831700801425,0.08376963350785341
Epidermis 2,adcy9,-3.2395,-1.0172311,0.0011973940331572366,0.00649958587003086,0.09884238646482636,0.17539267015706805
Epidermis 2,b3gnt2,-3.2715135,-1.4136573,0.0010697348436799804,0.005837130288557353,0.05966162065894924,0.13787085514834205
Epidermis 2,adpgkl,-3.2827294,-1.6286634,0.0010280730860420387,0.005615414971345013,0.0427426536064114,0.12216404886561955
Epidermis 2,tll2l,-3.3066032,-1.9705927,0.0009443456138597834,0.005178830268920415,0.051647373107747106,0.12914485165794065
Epidermis 2,pex1,-3.3384564,-1.4803115,0.000842452794081949,0.0046539651695347364,0.053428317008014245,0.13350785340314136
Epidermis 2,LOC100487889,-3.3486147,-5.3462276,0.0008121665808949612,0.004496901030629015,0.0026714158504007124,0.08376963350785341
Epidermis 2,borcs5,-3.3702452,-2.0156088,0.0007510128986426672,0.004170998335780514,0.030276046304541407,0.11169284467713787
Epidermis 2,galnt5,-3.3717835,-2.1841033,0.0007468312950630788,0.004150943884251513,0.02404274265360641,0.1055846422338569
Epidermis 2,arhgap30,-3.3845055,-1.6786058,0.0007130658419689775,0.003972379304979592,0.041852181656277826,0.12390924956369982
Epidermis 2,ptger4,-3.4090843,-2.9574492,0.0006518132592814216,0.0036469787514820263,0.012466607301869992,0.09511343804537521
Epidermis 2,zfpl1,-3.4143717,-2.8445582,0.0006392926567149582,0.0035824358146320243,0.015138023152270703,0.09773123909249563
Epidermis 2,gcm1,-3.4197235,-4.9697003,0.0006268483749142516,0.0035163132105408444,0.003561887800534283,0.08638743455497382
Epidermis 2,pnkd,-3.4219024,-1.8681146,0.0006218461085438264,0.0034918435240696953,0.039180765805877114,0.1212914485165794
Epidermis 2,lipe,-3.4381495,-1.8667772,0.000585704235734802,0.003293133761393742,0.034728406055209264,0.11780104712041885
Epidermis 2,natd1,-3.442059,-1.5981928,0.0005773042406369578,0.003247578199262453,0.051647373107747106,0.1343804537521815
Epidermis 2,LOC548809,-3.4517367,-4.4302287,0.0005569908803309199,0.003142217683480094,0.004452359750667854,0.0881326352530541
Epidermis 2,prr18,-3.4522173,-2.1126425,0.0005559995036566815,0.003137436040675575,0.02315227070347284,0.10732984293193717
Epidermis 2,adgrg4,-3.4528263,-3.7302873,0.0005547461192317038,0.0031311730646029507,0.008014247551202136,0.09162303664921466
Epidermis 2,stxbp2,-3.4764757,-1.3969725,0.0005080501098229187,0.0028750418688915738,0.060552092609082814,0.14397905759162305
Epidermis 2,arhgap11a.2,-3.478719,-2.8159523,0.000503816657979292,0.0028533047738816845,0.013357079252003561,0.09773123909249563
Epidermis 2,cdkl5,-3.503554,-2.3137734,0.0004590933318024831,0.002614950559452358,0.027604630454140695,0.11169284467713787
Epidermis 2,atp7b,-3.5245438,-3.3644004,0.00042421257709681823,0.002426064563296567,0.01068566340160285,0.09598603839441536
Epidermis 2,etnk1,-3.5280046,-2.0197587,0.0004187046213993287,0.002396787393377427,0.027604630454140695,0.11343804537521815
Epidermis 2,arhgap8,-3.5307608,-1.0917084,0.00041436649905667803,0.002375069970033037,0.08370436331255565,0.16928446771378708
Epidermis 2,LOC100486003,-3.5814245,-1.4781499,0.000341725995920252,0.001976883074489878,0.05253784505788068,0.13961605584642234
Epidermis 2,sowaha,-3.5962615,-1.4148048,0.0003228233653153721,0.001872495655116091,0.0578806767586821,0.14485165794066318
Epidermis 2,st6gal2,-3.6160014,-1.2062321,0.00029918876323759236,0.0017437494665084143,0.08637577916295637,0.1719022687609075
Epidermis 2,plcxd2,-3.6200712,-2.911945,0.00029452200786561264,0.0017179269536582555,0.014247551202137132,0.10209424083769633
Epidermis 2,mpzl3,-3.621321,-1.4766504,0.000293102650255257,0.0017101050618235194,0.05431878895814782,0.14223385689354276
Epidermis 2,LOC100486607,-3.62491,-1.7535955,0.000289062085824592,0.0016883361281526824,0.04363312555654497,0.13089005235602094
Epidermis 2,ttc39c,-3.6278582,-1.8913176,0.0002857821494430922,0.0016714157820953402,0.039180765805877114,0.12652705061082026
Epidermis 2,abhd10,-3.6287556,-1.5977242,0.000284790849788229,0.0016660646469782692,0.04808548530721282,0.13612565445026178
Epidermis 2,LOC108645367,-3.6533983,-1.7022718,0.0002587922565823445,0.001520901112546011,0.039180765805877114,0.12827225130890052
Epidermis 2,cds1,-3.661698,-2.839187,0.0002505489965551584,0.001474228553400009,0.015138023152270703,0.10383944153577661
Epidermis 2,fosl2,-3.6645823,-2.6065972,0.0002477426655599201,0.0014598954105274147,0.019590382902938557,0.1082024432809773
Epidermis 2,lmbrd2,-3.672914,-1.1759768,0.00023980020417238633,0.0014142379068231464,0.08014247551202137,0.16841186736474695
Epidermis 2,LOC100493256,-3.6740677,-4.566128,0.00023871949863211824,0.0014082449796300222,0.005342831700801425,0.09424083769633508
Epidermis 2,yipf3,-3.6745484,-1.079995,0.0002382705547386423,0.0014059766833293438,0.08637577916295637,0.1762652705061082
Epidermis 2,galnt12,-3.6958904,-4.08479,0.00021911736686053515,0.001297871895294174,0.005342831700801425,0.09511343804537521
Epidermis 2,sphk1,-3.7006974,-3.1058185,0.00021500778901561903,0.0012742218805295554,0.013357079252003561,0.10296684118673648
Epidermis 2,prkca,-3.702011,-2.6996977,0.00021389716382518305,0.001267984246625732,0.019590382902938557,0.10907504363001745
Epidermis 2,LOC100135231,-3.7107916,-5.6853247,0.0002066121079249266,0.0012271319561866694,0.0026714158504007124,0.0924956369982548
Epidermis 2,klf8,-3.7116249,-1.2527461,0.00020593306743049326,0.001223431926055212,0.07479964381121995,0.16404886561954624
Epidermis 2,rarres1,-3.728641,-2.5446293,0.00019251523675357633,0.0011462141831377324,0.020480854853072127,0.11082024432809773
Epidermis 2,vamp8,-3.7641473,-1.2669514,0.0001671184142573962,0.0010007384515671356,0.0730186999109528,0.16404886561954624
Epidermis 2,vkorc1,-3.7703,-2.5312624,0.00016305147242340904,0.000978264003231017,0.02226179875333927,0.11343804537521815
Epidermis 2,sh3bp1,-3.7716458,-4.062814,0.0001621743298737297,0.0009732689912471549,0.005342831700801425,0.0968586387434555
Epidermis 2,ankrd22,-3.776036,-4.606466,0.0001593439365394341,0.0009570724027599757,0.004452359750667854,0.09598603839441536
Epidermis 2,myo1e.1,-3.807825,-1.0551348,0.00014019438112268054,0.000846715081781902,0.13089937666963491,0.2164048865619546
Epidermis 2,irf9,-3.8137214,-3.3988807,0.00013688976332769704,0.0008285912692298688,0.01157613535173642,0.10383944153577661
Epidermis 2,cog2,-3.8161569,-1.3308586,0.0001355463438831947,0.0008209150069040221,0.07658058771148708,0.16753926701570682
Epidermis 2,galnt3,-3.8232388,-2.7702878,0.00013171004920260802,0.0007983458287916972,0.014247551202137132,0.10732984293193717
Epidermis 2,fkbp9,-3.833173,-1.2154269,0.00012650093437343869,0.0007678377994333257,0.08014247551202137,0.17277486910994763
Epidermis 2,surf4.1,-3.8351278,-2.9455633,0.00012549904918442972,0.000762180560048272,0.013357079252003561,0.10645724258289703
Epidermis 2,chmp2a,-3.8492599,-1.3315498,0.00011847531619829367,0.0007219351786548355,0.06856634016028496,0.16230366492146597
Epidermis 2,cdk5rap3,-3.852208,-2.6499372,0.00011705755378517008,0.000713694574223581,0.0213713268032057,0.1143106457242583
Epidermis 2,tnfrsf11a,-3.8675578,-3.2610638,0.00010993083261672527,0.0006721212380301378,0.015138023152270703,0.1082024432809773
Epidermis 2,micu2,-3.8724287,-1.8510728,0.00010775625856779217,0.0006593800667997176,0.041852181656277826,0.13525305410122165
Epidermis 2,ackr3,-3.8771713,-3.351913,0.00010567795907140112,0.0006473887548840663,0.009795191451469279,0.10383944153577661
Epidermis 2,gmppa,-3.8852146,-2.3841102,0.00010223950075115241,0.0006270287087945185,0.0213713268032057,0.11605584642233857
Epidermis 2,atp9a,-3.8899894,-1.5728738,0.0001002485811019216,0.0006155104919034979,0.05966162065894924,0.15270506108202445
Epidermis 2,tmem241,-3.8937707,-2.347324,9.869790742758152e-05,0.0006063308102413447,0.02404274265360641,0.11867364746945899
Epidermis 2,tmem79,-3.9171,-1.1381048,8.962063683854284e-05,0.0005524327447609727,0.1006233303650935,0.193717277486911
Epidermis 2,pde4b,-3.9301102,-1.9150684,8.490691297740158e-05,0.0005244137413189584,0.037399821905609976,0.13263525305410123
Epidermis 2,mid1ip1,-3.9315524,-2.969009,8.43991252181792e-05,0.0005217204848118664,0.017809439002671415,0.112565445026178
Epidermis 2,lrrk1,-3.936968,-2.5011663,8.251761113409068e-05,0.0005102342852244241,0.02226179875333927,0.11780104712041885
Epidermis 2,fam72a,-3.9401405,-1.4414984,8.143390899057413e-05,0.0005039618060361083,0.06589492430988424,0.16055846422338568
Epidermis 2,mif,-3.940429,-2.8163602,8.133606051751887e-05,0.0005036419343225821,0.016918967052537846,0.112565445026178
Epidermis 2,map2,-3.9430566,-2.9793556,8.044965668795646e-05,0.0004988610283000562,0.015138023152270703,0.11082024432809773
Epidermis 2,col1a2,-3.9627964,-3.7549639,7.407690100507787e-05,0.00046104736361431945,0.009795191451469279,0.1055846422338569
Epidermis 2,serinc1.1,-3.9714167,-1.0440036,7.144646079406815e-05,0.000445820194734733,0.10952804986642921,0.20331588132635253
Epidermis 2,mroh1,-3.9818957,-1.9508148,6.836780655046505e-05,0.0004269759320943612,0.04007123775601069,0.13612565445026178
Epidermis 2,slc12a8,-3.9824083,-2.7533338,6.82204376690691e-05,0.00042617754662947516,0.018699910952804988,0.11518324607329843
Epidermis 2,mfsd9,-3.9906762,-1.294945,6.58852213590702e-05,0.0004122975093995615,0.07836153161175423,0.17452006980802792
Epidermis 2,siae,-3.9932396,-3.9015708,6.51766264091543e-05,0.0004080973213412212,0.008014247551202136,0.10471204188481675
Epidermis 2,alg12,-3.995675,-1.6972083,6.451014703370797e-05,0.00040438837070455087,0.04986642920747997,0.14659685863874344
Epidermis 2,slc27a6,-3.9960916,-1.3792343,6.439679203994589e-05,0.0004037937928458791,0.07569011576135352,0.17102966841186737
Epidermis 2,tecr,-4.015287,-2.8677773,5.9373522671785026e-05,0.00037304625344688195,0.017809439002671415,0.11518324607329843
Epidermis 2,fam221a,-4.0575547,-1.1498048,4.9589189490497264e-05,0.0003131035022778185,0.10329474621549421,0.19982547993019198
Epidermis 2,kcnma1,-4.0581636,-1.4968698,4.946010776882847e-05,0.00031237887456544316,0.08014247551202137,0.17452006980802792
Epidermis 2,acad11,-4.062682,-1.7054169,4.851208984199001e-05,0.0003067465408409342,0.058771148708815675,0.15532286212914484
Epidermis 2,sgpp2,-4.0642524,-4.7312536,4.81866894456896e-05,0.00030477731895489646,0.004452359750667854,0.10296684118673648
Epidermis 2,rmc1,-4.0773587,-2.4734404,4.555017014170957e-05,0.0002888550603493881,0.026714158504007122,0.12478184991273997
Epidermis 2,nipal1,-4.122639,-2.9324899,3.745565301800077e-05,0.0002387729490230192,0.016028495102404273,0.11605584642233857
Epidermis 2,bcat1,-4.137252,-2.462541,3.5149055656462795e-05,0.00022472532771159527,0.0213713268032057,0.12216404886561955
Epidermis 2,ern2,-4.165548,-1.1595126,3.1060593505982856e-05,0.0001991108140111786,0.09884238646482636,0.19895287958115182
Epidermis 2,creld2,-4.1716685,-2.269041,3.023774709442898e-05,0.0001940070212724301,0.031166518254674976,0.13176265270506107
Epidermis 2,nr1i2,-4.181058,-1.5288789,2.9015622591803205e-05,0.00018654976445955736,0.05699020480854853,0.15881326352530542
Epidermis 2,tinf2,-4.1977534,-1.0492945,2.6957601582928634e-05,0.0001739331236372223,0.11843276936776491,0.21902268760907503
Epidermis 2,glb1l2,-4.2403097,-3.5906358,2.232116909967691e-05,0.00014517741607274215,0.01068566340160285,0.11343804537521815
Epidermis 2,ostc,-4.2572618,-1.7795142,2.0694613154058118e-05,0.00013528374884203183,0.04363312555654497,0.1474694589877836
Epidermis 2,prdx4,-4.26617,-1.5954835,1.9885706374515927e-05,0.00013019081872136577,0.053428317008014245,0.15706806282722513
Epidermis 2,ago3,-4.2666187,-1.2623811,1.9845776955593606e-05,0.00012996839704321973,0.09884238646482636,0.19895287958115182
Epidermis 2,avpr2,-4.270785,-4.1894574,1.9478632118445663e-05,0.00012760229104070932,0.005342831700801425,0.10907504363001745
Epidermis 2,LOC100488748,-4.278027,-3.9213445,1.8855712815370604e-05,0.0001236329655481376,0.008014247551202136,0.11169284467713787
Epidermis 2,syt13,-4.310425,-4.2619224,1.6294114730956106e-05,0.00010725607165737351,0.006233303650934996,0.11082024432809773
Epidermis 2,synj2,-4.3220897,-2.3144062,1.545585084355635e-05,0.00010198431244549232,0.03294746215494212,0.13699825479930192
Epidermis 2,ttc22,-4.3271527,-4.206286,1.5104931083327222e-05,9.97592921214538e-05,0.008014247551202136,0.112565445026178
Epidermis 2,arfgap3,-4.327441,-1.8047419,1.5085172402419137e-05,9.965896063977838e-05,0.04630454140694568,0.15095986038394416
Epidermis 2,tdgf1.3,-4.3326964,-1.3830094,1.4729412396845342e-05,9.739712360956432e-05,0.06589492430988424,0.17102966841186737
Epidermis 2,ap3s1,-4.3441687,-2.11854,1.3980404729388987e-05,9.258464691957422e-05,0.039180765805877114,0.1431064572425829
Epidermis 2,smoc1,-4.380989,-2.1452968,1.1814191353915183e-05,7.86927562679436e-05,0.0365093499554764,0.14223385689354276
Epidermis 2,arrdc1,-4.383681,-1.8848653,1.166907868718895e-05,7.777366097530546e-05,0.04986642920747997,0.1544502617801047
Epidermis 2,gchfr,-4.3840013,-1.5833025,1.1651917130354477e-05,7.768300754704095e-05,0.06322350845948353,0.16841186736474695
Epidermis 2,efhd1,-4.395986,-1.4487431,1.1027099167586472e-05,7.365238167612624e-05,0.06678539626001781,0.1736474694589878
Epidermis 2,acod1lb,-4.4047666,-4.2459903,1.0589786519754302e-05,7.081818315892081e-05,0.015138023152270703,0.12041884816753927
Epidermis 2,mapk13,-4.4053435,-1.5623566,1.0561645321366327e-05,7.065164394774207e-05,0.07123775601068566,0.1762652705061082
Epidermis 2,nadk,-4.448124,-3.0935583,8.662354436802456e-06,5.8196193400697776e-05,0.015138023152270703,0.12303664921465969
Epidermis 2,arid5b,-4.4611344,-1.5980958,8.152694989840235e-06,5.489045275325633e-05,0.0730186999109528,0.17888307155322863
Epidermis 2,LOC116412462,-4.465268,-4.530474,7.996850271026607e-06,5.38744272195343e-05,0.006233303650934996,0.1143106457242583
Epidermis 2,herc1,-4.467928,-1.5058376,7.898088162252936e-06,5.324194679904891e-05,0.08014247551202137,0.18586387434554974
Epidermis 2,acod1la,-4.479016,-3.9356558,7.498802085414358e-06,5.0628514946109744e-05,0.017809439002671415,0.12478184991273997
Epidermis 2,mall,-4.4942694,-4.6205173,6.980923922597637e-06,4.7234338268218e-05,0.005342831700801425,0.1143106457242583
Epidermis 2,fam20b,-4.497185,-1.6747665,6.885893108362919e-06,4.6605792033991085e-05,0.06144256455921639,0.16928446771378708
Epidermis 2,memo1,-4.5073757,-1.1348764,6.5634307510079155e-06,4.4506097705948947e-05,0.11308993766696349,0.2198952879581152
Epidermis 2,LOC100038305,-4.5099072,-2.2795722,6.4855915339127296e-06,4.400562588977291e-05,0.032056990204808546,0.14136125654450263
Epidermis 2,pi4k2a,-4.517214,-2.8451345,6.265863378034259e-06,4.2527964159280106e-05,0.018699910952804988,0.12827225130890052
Epidermis 2,phyhdla.2,-4.542626,-5.114668,5.555782502009001e-06,3.788522811760575e-05,0.005342831700801425,0.11518324607329843
Epidermis 2,paqr5,-4.5585523,-1.9825923,5.150742822341636e-06,3.517792772352339e-05,0.04452359750667854,0.1544502617801047
Epidermis 2,fam20c,-4.580407,-3.5214097,4.640712846661583e-06,3.181432454508401e-05,0.014247551202137132,0.12478184991273997
Epidermis 2,LOC101734693,-4.583195,-3.5418797,4.5792409381465776e-06,3.1422520915502036e-05,0.015138023152270703,0.1256544502617801
Epidermis 2,sms,-4.6233163,-2.5517683,3.776536125716533e-06,2.6020775118175074e-05,0.031166518254674976,0.14223385689354276
Epidermis 2,eya2,-4.6265845,-1.2214746,3.717448825638636e-06,2.563794273838833e-05,0.10863757791629564,0.2164048865619546
Epidermis 2,ppp3r1,-4.6283474,-1.0388759,3.6859568606836227e-06,2.5436832592339445e-05,0.14870881567230632,0.2556719022687609
Epidermis 2,ganab,-4.6336346,-1.6493907,3.59300814461781e-06,2.4811085672058616e-05,0.06233303650934995,0.1736474694589878
Epidermis 2,slc25a39,-4.6361985,-1.7006642,3.548755111409415e-06,2.4513259033258897e-05,0.05431878895814782,0.16666666666666666
Epidermis 2,atp6v0a2,-4.638602,-1.0193367,3.5077428639142243e-06,2.4237636806039356e-05,0.12822796081923418,0.24083769633507854
Epidermis 2,micu1,-4.640204,-1.1055052,3.4806542650518664e-06,2.4058079416438638e-05,0.11754229741763135,0.22949389179755672
Epidermis 2,cdhr4,-4.6415176,-3.1980433,3.4585914048290864e-06,2.3920736305792553e-05,0.0213713268032057,0.13263525305410123
Epidermis 2,slc30a6,-4.6666093,-1.0229948,3.062106619597772e-06,2.130004097744437e-05,0.13624220837043632,0.2469458987783595
Epidermis 2,phyhdla.3,-4.6851635,-3.8341212,2.7973631069443713e-06,1.9520710059684403e-05,0.016918967052537846,0.12914485165794065
Epidermis 2,LOC100492415,-4.7140684,-3.9202943,2.428188510826443e-06,1.6987977394916258e-05,0.009795191451469279,0.12390924956369982
Epidermis 2,syne3,-4.7268867,-1.4901074,2.279883264024412e-06,1.597602206303041e-05,0.07479964381121995,0.18848167539267016
Epidermis 2,ovol1,-4.7273355,-3.1258624,2.2748534395008987e-06,1.5945896852987187e-05,0.015138023152270703,0.1300174520069808
Epidermis 2,slc37a4,-4.7280083,-2.2366757,2.2673286763476513e-06,1.5898258048387565e-05,0.03829029385574354,0.1518324607329843
Epidermis 2,psen2,-4.740987,-1.052198,2.12679866842089e-06,1.4936876003737447e-05,0.1433659839715049,0.2513089005235602
Epidermis 2,aldob,-4.748293,-3.1535993,2.0514062494237546e-06,1.443991476408895e-05,0.016918967052537846,0.13176265270506107
Epidermis 2,tmem30b,-4.7521706,-2.8614602,2.01244490353069e-06,1.4170235637284021e-05,0.02226179875333927,0.13699825479930192
Epidermis 2,acaca,-4.767296,-1.098473,1.8671490393158554e-06,1.3189724566821393e-05,0.12288512911843277,0.23734729493891799
Epidermis 2,trpv4l.4,-4.7696033,-1.3633512,1.8458910629781231e-06,1.3048004174034863e-05,0.09260908281389137,0.20680628272251309
Epidermis 2,selenow2,-4.774378,-2.0489385,1.8026350260007186e-06,1.2746370350732884e-05,0.04363312555654497,0.15881326352530542
Epidermis 2,tmem181,-4.7839274,-2.4896905,1.7190267124403916e-06,1.2178857757195385e-05,0.03294746215494212,0.1474694589877836
Epidermis 2,pnliprp2,-4.7904005,-4.364112,1.664485701681969e-06,1.1800111272385395e-05,0.008014247551202136,0.12390924956369982
Epidermis 2,rab3d,-4.819754,-3.3922613,1.4373514006998551e-06,1.022309156280037e-05,0.014247551202137132,0.13089005235602094
Epidermis 2,far1,-4.822382,-1.0131699,1.4185394235289632e-06,1.0095873698899382e-05,0.13446126447016918,0.25043630017452007
Epidermis 2,ganc,-4.834367,-2.2270367,1.3356998119612888e-06,9.523358601028438e-06,0.034728406055209264,0.1518324607329843
Epidermis 2,slc44a4,-4.8475695,-2.2026844,1.2498313825035143e-06,8.930075306499593e-06,0.0427426536064114,0.15881326352530542
Epidermis 2,LOC105945479,-4.8510303,-1.1246647,1.228216032292408e-06,8.784300898280116e-06,0.1611754229741763,0.27399650959860383
Epidermis 2,LOC733712,-4.861734,-4.3220544,1.1636207047905933e-06,8.344189089462878e-06,0.008014247551202136,0.1256544502617801
Epidermis 2,alg11,-4.8705144,-2.0526884,1.113082129943296e-06,8.000186152006805e-06,0.03829029385574354,0.15706806282722513
Epidermis 2,LOC100485015,-4.904258,-1.7203497,9.378117420700352e-07,6.760485637168893e-06,0.060552092609082814,0.17801047120418848
Epidermis 2,gprc5cl2,-4.909385,-2.2253687,9.136234885311009e-07,6.590472113466828e-06,0.037399821905609976,0.156195462478185
Epidermis 2,lmcd1,-4.918967,-1.8800739,8.700222174628969e-07,6.284261770029087e-06,0.041852181656277826,0.16230366492146597
Epidermis 2,hmgcr,-4.920537,-1.2008026,8.630706972175229e-07,6.237135655951548e-06,0.10685663401602849,0.225130890052356
Epidermis 2,LOC100486385,-4.92278,-4.9416666,8.532326671575803e-07,6.1711601027661775e-06,0.003561887800534283,0.12303664921465969
Epidermis 2,pla2g7,-4.9246707,-2.2203085,8.4502456740431e-07,6.11990742958163e-06,0.0427426536064114,0.16055846422338568
Epidermis 2,maff,-4.978924,-1.6428803,6.393883410207621e-07,4.660017698535087e-06,0.06856634016028496,0.18848167539267016
Epidermis 2,gatd3ala,-4.9848523,-4.8582907,6.200922172812215e-07,4.5284579227890006e-06,0.008014247551202136,0.12827225130890052
Epidermis 2,riok3,-4.9979587,-1.0414773,5.794039598831318e-07,4.2398302510428635e-06,0.13802315227070347,0.2591623036649215
Epidermis 2,rcn1,-5.022858,-1.6738051,5.090819852674885e-07,3.74281603791168e-06,0.06767586821015138,0.18848167539267016
Epidermis 2,pmm1,-5.0253897,-3.0419512,5.024117054969372e-07,3.6950205007241886e-06,0.017809439002671415,0.13961605584642234
Epidermis 2,grb7,-5.0641003,-1.4535916,4.103334556998364e-07,3.0321321831446424e-06,0.10507569011576136,0.22164048865619546
Epidermis 2,ada,-5.067401,-2.437985,4.032840573205248e-07,2.982060797963799e-06,0.03294746215494212,0.15532286212914484
Epidermis 2,rnf144b,-5.087974,-1.1575232,3.6190864603107367e-07,2.679745016981357e-06,0.12911843276936777,0.24956369982547993
Epidermis 2,cd38,-5.0953445,-4.247634,3.4810745079364105e-07,2.5784292884480793e-06,0.006233303650934996,0.1300174520069808
Epidermis 2,cog7,-5.1286077,-2.038877,2.918928594130424e-07,2.170151306729812e-06,0.04808548530721282,0.17102966841186737
Epidermis 2,tbc1d9,-5.139503,-2.2156105,2.754658716169526e-07,2.051515626127482e-06,0.037399821905609976,0.16230366492146597
Epidermis 2,atp6ap2,-5.1989794,-1.0162371,2.0038574143099156e-07,1.5098816518527855e-06,0.13802315227070347,0.26352530541012215
Epidermis 2,gorab,-5.2046833,-1.1463774,1.9432755237049682e-07,1.4662591702201281e-06,0.12822796081923418,0.25218150087260033
Epidermis 2,scn3b,-5.212214,-3.3097637,1.8659997857237485e-07,1.4123476005646174e-06,0.016028495102404273,0.14223385689354276
Epidermis 2,gramd1b,-5.2143292,-3.2850304,1.8448366389223157e-07,1.3968140283804251e-06,0.016918967052537846,0.1431064572425829
Epidermis 2,copz1,-5.2322426,-1.9159743,1.6746585037515974e-07,1.2719360671898228e-06,0.05966162065894924,0.18411867364746945
Epidermis 2,fancl,-5.2482653,-1.1894002,1.5353817240042971e-07,1.1706346820229828e-06,0.13535173642030277,0.25654450261780104
Epidermis 2,peak1,-5.2533603,-4.890206,1.493488770153687e-07,1.1402875596054445e-06,0.005342831700801425,0.13263525305410123
Epidermis 2,cnfn.1,-5.2536488,-4.227543,1.4911508270065856e-07,1.1389010219149703e-06,0.008014247551202136,0.13525305410122165
Epidermis 2,mfsd6l,-5.279093,-3.6820495,1.2982500695654717e-07,9.961010818561236e-07,0.01157613535173642,0.13961605584642234
Epidermis 2,adamtsl5,-5.279157,-3.726704,1.2977961024110965e-07,9.961010818561236e-07,0.015138023152270703,0.14223385689354276
Epidermis 2,slc41a3,-5.280022,-3.5774586,1.2916825562438788e-07,9.924579246407633e-07,0.013357079252003561,0.14136125654450263
Epidermis 2,dpagt1,-5.284829,-1.0995427,1.258222463829488e-07,9.681125664042051e-07,0.13802315227070347,0.262652705061082
Epidermis 2,sertad4,-5.2874246,-1.4100488,1.240504295097087e-07,9.551532894606047e-07,0.08726625111308994,0.21465968586387435
Epidermis 2,tmem208,-5.302069,-1.2943318,1.1449729737735824e-07,8.828429420746764e-07,0.10863757791629564,0.23472949389179756
Epidermis 2,slc4a4,-5.308318,-3.1713178,1.1064133690437933e-07,8.543186881070281e-07,0.02226179875333927,0.15008726003490402
Epidermis 2,LOC100496167,-5.315849,-2.4670126,1.0616121169332248e-07,8.205964577966666e-07,0.03294746215494212,0.16143106457242584
Epidermis 2,LOC100489483,-5.334339,-5.699397,9.589317344089943e-08,7.417529023941391e-07,0.003561887800534283,0.13263525305410123
Epidermis 2,sft2d2,-5.351868,-1.4555953,8.705092643149817e-08,6.762329176439022e-07,0.0917186108637578,0.21902268760907503
Epidermis 2,LOC100491113,-5.3924055,-2.21327,6.952072445823507e-08,5.433423095999811e-07,0.04986642920747997,0.17801047120418848
Epidermis 2,pdcd6,-5.397052,-1.1707323,6.774478835166256e-08,5.298419450256734e-07,0.13802315227070347,0.2643979057591623
Epidermis 2,srprb,-5.421759,-1.1875622,5.9015439889085645e-08,4.6339543498371277e-07,0.12733748886910062,0.25741710296684117
Epidermis 2,tlcd4.2,-5.4363394,-5.0036006,5.438626354819582e-08,4.282795586016532e-07,0.005342831700801425,0.13699825479930192
Epidermis 2,cfap61,-5.4431653,-1.3859563,5.2342052884763735e-08,4.1277771449166227e-07,0.09884238646482636,0.22949389179755672
Epidermis 2,polk,-5.464091,-2.4748,4.65285159688312e-08,3.682621497844997e-07,0.030276046304541407,0.1631762652705061
Epidermis 2,prickle3,-5.4723268,-1.390992,4.441654482650647e-08,3.5218511070465034e-07,0.1006233303650935,0.231239092495637
Epidermis 2,sh3bgrl2,-5.4815235,-2.0329607,4.2167855401876966e-08,3.348416203509306e-07,0.04630454140694568,0.17975567190226877
Epidermis 2,rap1gap,-5.4985075,-3.261948,3.830190022396375e-08,3.046976904072596e-07,0.017809439002671415,0.15095986038394416
Epidermis 2,rhoc,-5.5191126,-2.5637543,3.407154475892082e-08,2.722355101370967e-07,0.029385574354407838,0.1631762652705061
Epidermis 2,macc1,-5.5336614,-3.053192,3.1361411893499865e-08,2.514097608111905e-07,0.020480854853072127,0.1544502617801047
Epidermis 2,ppp1r14c,-5.548915,-1.1992346,2.874478647272122e-08,2.3085755819700028e-07,0.13178984861976847,0.26352530541012215
Epidermis 2,kdf1,-5.5526004,-1.1402316,2.8145124355160833e-08,2.2612472700808708e-07,0.1433659839715049,0.27399650959860383
Epidermis 2,htatip2,-5.5772753,-1.4858222,2.4431523514327293e-08,1.969411590149714e-07,0.08014247551202137,0.2164048865619546
Epidermis 2,snx31,-5.5796466,-3.3136234,2.4100783759640103e-08,1.9441892880558473e-07,0.017809439002671415,0.15270506108202445
Epidermis 2,LOC100491461,-5.5932016,-2.4404578,2.2292002480897423e-08,1.79960705192624e-07,0.03561887800534283,0.17102966841186737
Epidermis 2,krt18.3,-5.59756,-2.8342535,2.1738974804213462e-08,1.756911737787933e-07,0.032056990204808546,0.16579406631762653
Epidermis 2,hspa13,-5.6015334,-1.7220833,2.1246367537437076e-08,1.717736146848516e-07,0.06945681211041853,0.20418848167539266
Epidermis 2,dctn2,-5.6207285,-1.1870348,1.9015366342239433e-08,1.5390738462685708e-07,0.12644701691896706,0.26090750436300175
Epidermis 2,hkdc1,-5.6451793,-1.83591,1.6500914193568117e-08,1.3410296037908748e-07,0.0730186999109528,0.20680628272251309
Epidermis 2,dse,-5.647006,-1.5647861,1.632661960137637e-08,1.3273590399464747e-07,0.0792520035618878,0.21553228621291448
Epidermis 2,LOC100497952,-5.7025404,-3.9318593,1.18034792188766e-08,9.664679926270404e-08,0.02315227070347284,0.15881326352530542
Epidermis 2,dnah14,-5.7202296,-1.5623018,1.0638017392218634e-08,8.726773590812135e-08,0.09082813891362422,0.2268760907504363
Epidermis 2,dnajc3,-5.737406,-1.6291412,9.613762219118989e-09,7.91331216082216e-08,0.0881567230632235,0.22338568935427575
Epidermis 2,gnpnat1,-5.7438793,-2.1673448,9.253184527104731e-09,7.63956638539358e-08,0.04808548530721282,0.18586387434554974
Epidermis 2,arf4,-5.7610555,-1.0830927,8.358956321440619e-09,6.919604927547638e-08,0.14514692787177205,0.28272251308900526
Epidermis 2,perp,-5.7658625,-1.1569217,8.124138574778519e-09,6.727773352570856e-08,0.13000890471950133,0.2696335078534031
Epidermis 2,appl2,-5.7673364,-2.6662865,8.053421793752655e-09,6.673011524490111e-08,0.031166518254674976,0.17015706806282724
Epidermis 2,wee2,-5.781308,-2.9658353,7.4121977178508684e-09,6.149869444913452e-08,0.02226179875333927,0.16230366492146597
Epidermis 2,fam160a1,-5.786756,-3.0121486,7.17587510755185e-09,5.960592718762425e-08,0.026714158504007122,0.16579406631762653
Epidermis 2,tmem184a,-5.818769,-2.1777372,5.928252144406324e-09,4.943079481967535e-08,0.051647373107747106,0.19109947643979058
Epidermis 2,stoml1,-5.8329654,-1.4138982,5.445089119663994e-09,4.5489008300225124e-08,0.10596616206589493,0.2443280977312391
Epidermis 2,mfsd11,-5.8379,-1.0909883,5.28627720978312e-09,4.423000574949289e-08,0.1611754229741763,0.29842931937172773
Epidermis 2,LOC105947542,-5.856134,-2.6656551,4.737656456749077e-09,3.985366289233678e-08,0.032056990204808546,0.1736474694589878
Epidermis 2,tmprss4,-5.8627353,-2.6669865,4.5530325126044275e-09,3.8344933407001626e-08,0.031166518254674976,0.17277486910994763
Epidermis 2,npdc1.1,-5.8958383,-2.097553,3.727837632757885e-09,3.15535861072187e-08,0.05520926090828139,0.19633507853403143
Epidermis 2,enc1,-5.89728,-1.8029239,3.695415815384001e-09,3.1303442743592504e-08,0.06678539626001781,0.20855148342059338
Epidermis 2,LOC100491712,-5.900325,-4.6170826,3.6278686192325495e-09,3.0743192675834355e-08,0.006233303650934996,0.14921465968586387
Epidermis 2,rad54b,-5.944259,-1.0984448,2.777103160354926e-09,2.369932266801128e-08,0.15405164737310775,0.2975567190226876
Epidermis 2,LOC101734651,-5.950828,-2.952214,2.6678894259522207e-09,2.2794054488529134e-08,0.03294746215494212,0.17539267015706805
Epidermis 2,gdpd3,-5.957269,-3.0531738,2.5648730151920254e-09,2.193966839063316e-08,0.02226179875333927,0.16666666666666666
Epidermis 2,zfyve27,-5.996557,-1.261816,2.0154487571990738e-09,1.7376178321154084e-08,0.13535173642030277,0.27835951134380454
Epidermis 2,parp16,-6.022706,-2.7448099,1.7152479935858236e-09,1.4823139195261884e-08,0.030276046304541407,0.1762652705061082
Epidermis 2,sort1,-6.0287304,-3.3972266,1.652525056503846e-09,1.4292409535461919e-08,0.019590382902938557,0.1649214659685864
Epidermis 2,smim7,-6.0494637,-1.1270962,1.4532858597830643e-09,1.260419346038404e-08,0.15405164737310775,0.2975567190226876
Epidermis 2,c3h12orf75,-6.055969,-1.8186998,1.3957474669877874e-09,1.211962016599304e-08,0.07034728406055209,0.21553228621291448
Epidermis 2,slc35a2,-6.0575714,-2.1372788,1.3819198742096127e-09,1.2009109348915953e-08,0.04986642920747997,0.19633507853403143
Epidermis 2,slc25a19,-6.0638843,-1.1037083,1.3287270142312397e-09,1.1560666737456093e-08,0.176313446126447,0.31326352530541013
Epidermis 2,adam15,-6.067826,-1.2829156,1.296532999535465e-09,1.1298580903699434e-08,0.13802315227070347,0.27835951134380454
Epidermis 2,abhd17a,-6.0708385,-1.3369915,1.2724432890962198e-09,1.1093082305780509e-08,0.11843276936776491,0.26352530541012215
Epidermis 2,mvb12a,-6.0765743,-2.1376472,1.2277709961778998e-09,1.0712191486444603e-08,0.051647373107747106,0.1980802792321117
Epidermis 2,kank1,-6.099262,-2.108021,1.065589736993659e-09,9.319532525426306e-09,0.05520926090828139,0.20157068062827224
Epidermis 2,LOC100145541,-6.1161184,-4.082918,9.588213046869129e-10,8.409340711243218e-09,0.01068566340160285,0.15881326352530542
Epidermis 2,tmem43,-6.1381974,-2.2972484,8.346299753934731e-10,7.328958025376651e-09,0.04452359750667854,0.19197207678883071
Epidermis 2,LOC108648340,-6.1422997,-4.765372,8.133534905675084e-10,7.1536422884617495e-09,0.014247551202137132,0.16143106457242584
Epidermis 2,slc4a1,-6.1423635,-2.0620708,8.130252794882912e-10,7.153638961175001e-09,0.04808548530721282,0.19720767888307156
Epidermis 2,muc22,-6.160053,-1.7213486,7.272079905492556e-10,6.414068537500124e-09,0.07658058771148708,0.225130890052356
Epidermis 2,kcnj2,-6.164443,-3.7476103,7.073176381207102e-10,6.246207276985843e-09,0.012466607301869992,0.16230366492146597
Epidermis 2,pik3ca,-6.1833177,-1.1839696,6.276828195447724e-10,5.5542038950877856e-09,0.15939447907390916,0.3019197207678883
Epidermis 2,tspyl2,-6.1995325,-1.0949533,5.663112760982676e-10,5.0213239966437625e-09,0.1745325022261799,0.32024432809773123
Epidermis 2,pcyt2,-6.2384677,-2.7802155,4.4187803190690504e-10,3.930787009474348e-09,0.029385574354407838,0.1806282722513089
Epidermis 2,palm3,-6.2412233,-1.1685063,4.34161266561946e-10,3.8652929406969496e-09,0.1620658949243099,0.30715532286212915
Epidermis 2,zdhhc20,-6.265578,-1.5869465,3.7144494503604105e-10,3.319123728759808e-09,0.09973285841495994,0.2469458987783595
Epidermis 2,nr3c1,-6.2794538,-1.652471,3.3976479918569006e-10,3.0410203786016995e-09,0.0854853072128228,0.23647469458987783
Epidermis 2,mpp5,-6.2882023,-1.0202113,3.2116370205588446e-10,2.8792576592282063e-09,0.20213713268032057,0.34554973821989526
Epidermis 2,slc35a5,-6.3340592,-1.6931765,2.3879410175734306e-10,2.158544363896845e-09,0.07747105966162066,0.231239092495637
Epidermis 2,trpv4l.3,-6.3592467,-2.1948862,2.0274557238661737e-10,1.8380187515780547e-09,0.05699020480854853,0.20855148342059338
Epidermis 2,epn3,-6.3663287,-4.555118,1.9360627109673853e-10,1.7573554249592061e-09,0.008014247551202136,0.16230366492146597
Epidermis 2,sgk1,-6.4132752,-1.8640199,1.42426062313677e-10,1.2992805626031547e-09,0.07569011576135352,0.2286212914485166
Epidermis 2,commd1,-6.424203,-2.891786,1.3256247388902485e-10,1.2118331557320532e-09,0.027604630454140695,0.18324607329842932
Epidermis 2,ap3m2,-6.434265,-1.1136789,1.2407228000491238e-10,1.135646485732883e-09,0.16295636687444345,0.31849912739965097
Epidermis 2,faah.2,-6.435675,-3.7267392,1.2292585736932866e-10,1.1256253183617796e-09,0.015138023152270703,0.17102966841186737
Epidermis 2,crb3,-6.4515376,-2.3422072,1.1072111354319804e-10,1.0155718447356555e-09,0.04363312555654497,0.19982547993019198
Epidermis 2,necap1,-6.4538126,-1.0027196,1.0907065420369917e-10,1.0008539719844067e-09,0.20837043633125557,0.3568935427574171
Epidermis 2,sh3d19,-6.4833584,-1.01813,8.970302241741879e-11,8.273075452960674e-10,0.21193232413178986,0.3621291448516579
Epidermis 2,arpc1b,-6.4849606,-1.264057,8.875489188138058e-11,8.192557088593932e-10,0.1460373998219056,0.29842931937172773
Epidermis 2,fam177b,-6.517679,-4.5381203,7.140355018470018e-11,6.630199440767415e-10,0.008904719501335707,0.16666666666666666
Epidermis 2,il17rc,-6.574175,-4.182938,4.892363203197318e-11,4.579848024751981e-10,0.009795191451469279,0.16928446771378708
Epidermis 2,LOC100489903,-6.5743995,-4.2818437,4.884993876245357e-11,4.5749120761180224e-10,0.008904719501335707,0.16841186736474695
Epidermis 2,bckdha,-6.5950365,-1.5211941,4.251508372199139e-11,3.993635996115257e-10,0.10596616206589493,0.262652705061082
Epidermis 2,kdelr3,-6.597921,-1.7301964,4.1696409217918435e-11,3.9217989032077507e-10,0.07747105966162066,0.23734729493891799
Epidermis 2,kif16b,-6.6011252,-1.8572286,4.080485683675677e-11,3.8412544479502565e-10,0.09528049866429207,0.2486910994764398
Epidermis 2,ppp1r3c.2,-6.6069255,-1.3737265,3.923834152070714e-11,3.703373055031793e-10,0.1157613535173642,0.2766143106457243
Epidermis 2,agpat4,-6.615834,-2.836186,3.694625305946596e-11,3.491572923389375e-10,0.037399821905609976,0.19546247818499127
Epidermis 2,derl1,-6.6384263,-1.857848,3.1705023601340475e-11,3.0001531656758474e-10,0.07212822796081923,0.231239092495637
Epidermis 2,edem3,-6.658198,-1.4166276,2.7720498520557098e-11,2.627667238128047e-10,0.1219946571682992,0.28097731239092494
Epidermis 2,dennd1b,-6.6642547,-1.1977311,2.6601183153593108e-11,2.528155128896146e-10,0.182546749777382,0.3324607329842932
Epidermis 2,prss8,-6.6737723,-4.0465097,2.4931057851589395e-11,2.374598923524802e-10,0.013357079252003561,0.17452006980802792
Epidermis 2,c5orf15,-6.684988,-1.8600625,2.3094349738210072e-11,2.208333942320254e-10,0.06411398040961709,0.22774869109947643
Epidermis 2,angpt4,-6.7010746,-4.2816415,2.068920559326754e-11,1.9809528532281308e-10,0.019590382902938557,0.17975567190226877
Epidermis 2,LOC116408733,-6.7135406,-3.6111515,1.899578828341067e-11,1.8236123894953992e-10,0.016918967052537846,0.17975567190226877
Epidermis 2,sec22b,-6.7977877,-1.8476833,1.0623777293795269e-11,1.0326122241777574e-10,0.0792520035618878,0.24083769633507854
Epidermis 2,aox1,-6.807594,-4.066834,9.92446774441632e-12,9.650704574461164e-11,0.016028495102404273,0.17975567190226877
Epidermis 2,nans,-6.8139706,-3.5224397,9.494103345877989e-12,9.240447328742355e-11,0.019590382902938557,0.18411867364746945
Epidermis 2,itpk1,-6.818297,-2.120268,9.21261303553334e-12,8.97448343965951e-11,0.06856634016028496,0.23036649214659685
Epidermis 2,entpd6,-6.841946,-2.8207412,7.812435120178425e-12,7.620703922995682e-11,0.032056990204808546,0.19720767888307156
Epidermis 2,LOC100492758,-6.8479066,-2.1155856,7.49383639515808e-12,7.326299461413282e-11,0.060552092609082814,0.225130890052356
Epidermis 2,igsf9,-6.8492527,-1.7038101,7.423676381030792e-12,7.260961107596276e-11,0.10151380231522707,0.262652705061082
Epidermis 2,lman2,-6.8605328,-1.3195817,6.860425108481136e-12,6.719090497853092e-11,0.13535173642030277,0.30017452006980805
Epidermis 2,tmed7,-6.896712,-1.0456959,5.321995384926672e-12,5.2334953264752104e-11,0.21371326803205698,0.3726003490401396
Epidermis 2,kcnk5,-6.923085,-1.9015481,4.41911595255022e-12,4.367279402201012e-11,0.0792520035618878,0.2443280977312391
Epidermis 2,map3k2,-6.926546,-1.4020104,4.312391957432921e-12,4.263738328189568e-11,0.12377560106856635,0.28970331588132636
Epidermis 2,naaladl2,-6.940486,-3.7664692,3.907535527334251e-12,3.8722221953660624e-11,0.018699910952804988,0.18586387434554974
Epidermis 2,hes4,-6.990797,-1.0106812,2.7332868828019455e-12,2.7284104789396733e-11,0.20480854853072128,0.37347294938917974
Epidermis 2,mboat2,-6.995668,-3.789655,2.6399790202969153e-12,2.637682335251785e-11,0.0213713268032057,0.1893542757417103
Epidermis 2,grik2,-6.9961486,-4.058585,2.6309421657996915e-12,2.629857489689192e-11,0.014247551202137132,0.18324607329842932
Epidermis 2,rtn3,-7.0395384,-1.2624633,1.928780024435381e-12,1.9377490291530595e-11,0.1647373107747106,0.32897033158813266
Epidermis 2,spdef,-7.0706544,-2.2650886,1.5420489595421036e-12,1.5535110963143233e-11,0.06233303650934995,0.23036649214659685
Epidermis 2,slain2l,-7.089337,-1.2928216,1.347562782284569e-12,1.3600910024158919e-11,0.16028495102404275,0.3254799301919721
Epidermis 2,pcyt1a,-7.093214,-1.8524954,1.310323834593626e-12,1.32434351063768e-11,0.0819234194122885,0.25218150087260033
Epidermis 2,abhd17b,-7.0985336,-1.9047999,1.2608739435741075e-12,1.2761377700709926e-11,0.07658058771148708,0.24607329842931938
Epidermis 2,igf2r,-7.1193633,-1.7091236,1.084267992652736e-12,1.1040509504281547e-11,0.09973285841495994,0.26788830715532286
Epidermis 2,tnk2l,-7.1211576,-2.132168,1.0702417355801906e-12,1.0907867777718515e-11,0.06767586821015138,0.23734729493891799
Epidermis 2,dip2b,-7.152947,-1.0128512,8.493451501735274e-13,8.709379944519052e-12,0.2493321460373998,0.4048865619546248
Epidermis 2,dnaja4.1,-7.1762757,-2.5499735,7.163593993741255e-13,7.366483719954191e-12,0.051647373107747106,0.22164048865619546
Epidermis 2,pld3,-7.181371,-1.3178769,6.901574618006086e-13,7.107091068405418e-12,0.1558325912733749,0.3219895287958115
Epidermis 2,znf850,-7.1929073,-1.7162702,6.34259532948822e-13,6.550012905099974e-12,0.09528049866429207,0.2670157068062827
Epidermis 2,LOC100145155,-7.1952786,-4.2490354,6.233327497954582e-13,6.446324138998433e-12,0.01068566340160285,0.1849912739965096
Epidermis 2,fam98a,-7.210532,-2.1945412,5.573354121264869e-13,5.780235754758589e-12,0.05966162065894924,0.2338568935427574
Epidermis 2,cyb5a,-7.2579274,-1.6839725,3.930660996742793e-13,4.096034078792955e-12,0.11308993766696349,0.28097731239092494
Epidermis 2,arl1,-7.3015733,-1.5814712,2.844220069126769e-13,2.979535579856708e-12,0.10774710596616206,0.28272251308900526
Epidermis 2,gmppb,-7.317596,-1.9162625,2.5245249953000614e-13,2.649719091988583e-12,0.07479964381121995,0.2513089005235602
Epidermis 2,zcchc4,-7.3567553,-1.6060463,1.8843406143710508e-13,1.9892693055728447e-12,0.11041852181656278,0.28534031413612565
Epidermis 2,ugt8,-7.360633,-2.5168908,1.8304020178480407e-13,1.935135776718125e-12,0.051647373107747106,0.2268760907504363
Epidermis 2,sec23ip,-7.373387,-1.1451132,1.663466492661184e-13,1.7603541385237485e-12,0.20658949243098843,0.3726003490401396
Epidermis 2,LOC100493583,-7.3958187,-4.060301,1.4053954056752356e-13,1.4894188026828224e-12,0.012466607301869992,0.19197207678883071
Epidermis 2,vsig10,-7.4129953,-3.870778,1.234784211232419e-13,1.3098797410453386e-12,0.015138023152270703,0.19458987783595114
Epidermis 2,zdhhc13,-7.423634,-1.2667265,1.1394959772111563e-13,1.209972833027963e-12,0.1772039180765806,0.34904013961605584
Epidermis 2,tmem39a,-7.438183,-1.047661,1.0207973748694753e-13,1.0849887733573707e-12,0.21905609973285842,0.3900523560209424
Epidermis 2,LOC100485405,-7.4487896,-3.9399629,9.420029743970814e-14,1.0031940900106741e-12,0.024933214603739984,0.2024432809773124
Epidermis 2,tspan3,-7.4690104,-1.8113343,8.080011313362808e-14,8.642839552396561e-13,0.09260908281389137,0.2696335078534031
Epidermis 2,LOC100495980,-7.5224624,-3.1106994,5.3754173454900993e-14,5.778176448075835e-13,0.034728406055209264,0.21465968586387435
Epidermis 2,fam83f,-7.5386453,-3.736565,4.7487943101075996e-14,5.107118809307931e-13,0.018699910952804988,0.2006980802792321
Epidermis 2,csgalnact1,-7.61956,-2.37685,2.545424822369946e-14,2.7688791151014254e-13,0.06767586821015138,0.2469458987783595
Epidermis 2,faf2,-7.6249433,-1.0134146,2.4414164053256355e-14,2.6597177923420214e-13,0.25378450578806766,0.42844677137870857
Epidermis 2,parp14.2,-7.6559954,-4.4143767,1.9182074624792682e-14,2.1023206950658017e-13,0.01068566340160285,0.19633507853403143
Epidermis 2,satpa,-7.6915016,-3.056448,1.4541813275887052e-14,1.596964808722352e-13,0.08726625111308994,0.2600349040139616
Epidermis 2,trappc12,-7.7103763,-2.2402756,1.2544727838236682e-14,1.3811226345013252e-13,0.06678539626001781,0.25043630017452007
Epidermis 2,stx3,-7.712908,-1.1531843,1.2298283923849924e-14,1.354673667351485e-13,0.21460373998219057,0.38917975567190227
Epidermis 2,LOC105945488,-7.7139335,-6.8133154,1.2199819770511821e-14,1.3445064000623153e-13,0.0026714158504007124,0.1893542757417103
Epidermis 2,mcf2l,-7.724733,-3.3020053,1.1208834570178434e-14,1.2371673199588448e-13,0.027604630454140695,0.21378708551483422
Epidermis 2,mpzl2,-7.7317185,-1.4202274,1.0610433016837032e-14,1.1740885337748522e-13,0.21549421193232413,0.3760907504363002
Epidermis 2,kif5a,-7.761905,-2.5206046,8.366287045381258e-15,9.309574177320981e-14,0.07569011576135352,0.2556719022687609
Epidermis 2,fbp2,-7.770942,-4.0335584,7.790450778985344e-15,8.677663422574741e-14,0.016918967052537846,0.20418848167539266
Epidermis 2,lnpk,-7.77514,-1.417789,7.536398465522942e-15,8.403257583861834e-14,0.1620658949243099,0.34205933682373474
Epidermis 2,atp6v1c1,-7.7796583,-1.2657534,7.272061679832872e-15,8.116811146579697e-14,0.195013357079252,0.3699825479930192
Epidermis 2,nsf,-7.7943354,-2.1150355,6.474844200169064e-15,7.24180293653968e-14,0.07123775601068566,0.2582897033158813
Epidermis 2,LOC100216148,-7.8079867,-2.1805656,5.810877886313925e-15,6.515887274268046e-14,0.07034728406055209,0.25654450261780104
Epidermis 2,dock6,-7.853363,-2.4856424,4.050277434568193e-15,4.5651396642413505e-14,0.058771148708815675,0.2443280977312391
Epidermis 2,nbeal1,-7.864771,-1.3143823,3.697732931691327e-15,4.176409435943915e-14,0.17809439002671415,0.35776614310645727
Epidermis 2,abcd1,-7.8833895,-4.7273765,3.1861829188657126e-15,3.611724544029543e-14,0.008904719501335707,0.19982547993019198
Epidermis 2,il17re,-7.8912725,-1.692649,2.991206556784686e-15,3.392469764844004e-14,0.1157613535173642,0.3010471204188482
Epidermis 2,sdf2,-7.9307847,-1.5873892,2.177658474076278e-15,2.4813935019748545e-14,0.12644701691896706,0.31239092495637
Epidermis 2,inf2,-7.933316,-2.3121967,2.1337047842086868e-15,2.433851128918858e-14,0.07747105966162066,0.262652705061082
Epidermis 2,mon2,-7.9546585,-1.467785,1.796265740543052e-15,2.0575493293643014e-14,0.14781834372217276,0.33507853403141363
Epidermis 2,LOC101732464,-7.9562926,-1.8917271,1.772708795096001e-15,2.031632280346105e-14,0.0881567230632235,0.2774869109947644
Epidermis 2,arhgef18,-7.9767694,-1.0970534,1.5021283243523246e-15,1.7251548508258987e-14,0.24220837043633126,0.42408376963350786
Epidermis 2,gas2l1,-7.9888186,-4.143513,1.3623789907899285e-15,1.5663051611183892e-14,0.014247551202137132,0.20767888307155322
Epidermis 2,atp6v1b2,-8.011635,-1.5917139,1.1319339531203132e-15,1.3054931707736973e-14,0.09884238646482636,0.29581151832460734
Epidermis 2,mcf2l.2,-8.014519,-2.706237,1.1056879748003365e-15,1.2758972658973106e-14,0.04007123775601069,0.23472949389179756
Epidermis 2,mideas,-8.016089,-1.6113896,1.0916515019010745e-15,1.2603665303165793e-14,0.12644701691896706,0.31413612565445026
Epidermis 2,hes5.10,-8.035637,-4.7765326,9.309398543551367e-16,1.079385683415698e-14,0.009795191451469279,0.20418848167539266
Epidermis 2,gadl1,-8.059319,-3.8885832,7.6720944500512e-16,8.91916744776597e-15,0.02315227070347284,0.2164048865619546
Epidermis 2,LOC116411534,-8.0641575,-4.306901,7.374270983717522e-16,8.577503578662049e-15,0.012466607301869992,0.20767888307155322
Epidermis 2,kif13b,-8.0740595,-2.261625,6.799876668056043e-16,7.922055994321992e-15,0.07212822796081923,0.262652705061082
Epidermis 2,ufm1,-8.098639,-1.8604017,5.557779461186381e-16,6.4923075815068525e-15,0.08993766696349065,0.2862129144851658
Epidermis 2,txndc11,-8.143598,-2.3663113,3.837020128100388e-16,4.518489811941639e-15,0.060552092609082814,0.2556719022687609
Epidermis 2,dapk3,-8.168113,-1.4304614,3.1325144033190277e-16,3.702849230488868e-15,0.15138023152270705,0.343804537521815
Epidermis 2,dock5,-8.172759,-1.7836425,3.014152189534115e-16,3.564868017768235e-15,0.12733748886910062,0.31326352530541013
Epidermis 2,slc9a7,-8.193493,-1.3157437,2.537531491604972e-16,3.0109556649435613e-15,0.18967052537845058,0.3743455497382199
Epidermis 2,cd164,-8.219898,-1.885583,2.0367640332278298e-16,2.422028772156102e-15,0.09528049866429207,0.2905759162303665
Epidermis 2,ggt6,-8.266108,-2.865234,1.3840386873040258e-16,1.6566707732123505e-15,0.04007123775601069,0.23909249563699825
Epidermis 2,sytl1,-8.276041,-2.7582145,1.2733765957737358e-16,1.525884167840675e-15,0.04719501335707925,0.24607329842931938
Epidermis 2,nipal2,-8.301581,-1.322449,1.0273441036619828e-16,1.235133646612018e-15,0.1923419412288513,0.3830715532286213
Epidermis 2,slc1a5,-8.317123,-1.4453473,9.012370786645466e-17,1.0859135446460005e-15,0.16918967052537845,0.35602094240837695
Epidermis 2,rasa4,-8.347759,-3.5298724,6.957031926775215e-17,8.401183933268509e-16,0.026714158504007122,0.22774869109947643
Epidermis 2,dap,-8.363525,-1.1323122,6.087142491011505e-17,7.358866276806762e-16,0.25378450578806766,0.44153577661431065
Epidermis 2,rundc1,-8.37346,-1.7187084,5.595094307472743e-17,6.786578815084087e-16,0.11041852181656278,0.3106457242582897
Epidermis 2,LOC100492479,-8.374453,-3.8511493,5.5481025421024326e-17,6.733322890501512e-16,0.0213713268032057,0.22251308900523561
Epidermis 2,egln1,-8.388136,-1.0788327,4.9390964972458405e-17,6.007582199910897e-16,0.2947462154942119,0.4668411867364747
Epidermis 2,LOC733482,-8.388777,-3.9167385,4.912248699445904e-17,5.978258721171728e-16,0.019590382902938557,0.22164048865619546
Epidermis 2,styk1,-8.392334,-3.2624114,4.765839156783603e-17,5.803313406259766e-16,0.029385574354407838,0.23211169284467714
Epidermis 2,ly6g6c,-8.39775,-2.7071912,4.551154219858386e-17,5.548085822990494e-16,0.04541406945681211,0.24781849912739964
Epidermis 2,fmn1,-8.444087,-2.884091,3.0642965876370274e-17,3.7586293332674296e-16,0.04808548530721282,0.2486910994764398
Epidermis 2,eipr1,-8.473409,-2.6715028,2.3831399914051205e-17,2.9313696591009657e-16,0.05431878895814782,0.2556719022687609
Epidermis 2,traf7,-8.510197,-1.1790465,1.736379149040636e-17,2.1430729304986267e-16,0.23330365093499555,0.424956369982548
Epidermis 2,card14,-8.54644,-4.6259313,1.2694288702632789e-17,1.5694168486127485e-16,0.014247551202137132,0.2198952879581152
Epidermis 2,wdr1,-8.592169,-2.043383,8.534258016017742e-18,1.0605127799972845e-16,0.08459483526268922,0.28970331588132636
Epidermis 2,tbc1d22a,-8.594861,-1.1352903,8.336562903394773e-18,1.0371273609747853e-16,0.25467497773820125,0.44415357766143104
Epidermis 2,nomo3,-8.612646,-1.6542606,7.139315409589519e-18,8.912299859991584e-17,0.13624220837043632,0.33595113438045376
Epidermis 2,lifr,-8.616043,-1.5538723,6.930772267062077e-18,8.661877528039037e-17,0.14692787177203917,0.34904013961605584
Epidermis 2,zfhx2,-8.620209,-1.7437606,6.683206063899967e-18,8.362055018369333e-17,0.13089937666963491,0.32809773123909247
Epidermis 2,kiaa1217,-8.653921,-2.3023415,4.975980214678212e-18,6.261872218252207e-17,0.07479964381121995,0.2792321116928447
Epidermis 2,snx33,-8.659913,-1.1610827,4.721237958921745e-18,5.944727841986809e-17,0.2350845948352627,0.4293193717277487
Epidermis 2,patj,-8.671321,-1.7995013,4.2713449979598155e-18,5.381352147833784e-17,0.12555654496883348,0.3263525305410122
Epidermis 2,plaat1,-8.674013,-4.4551682,4.17152195092557e-18,5.258623945184683e-17,0.01157613535173642,0.22164048865619546
Epidermis 2,pfkfb4,-8.738809,-1.3386247,2.355809795687602e-18,2.992207540843956e-17,0.20035618878005343,0.3961605584642234
Epidermis 2,slc25a24,-8.766464,-2.0689762,1.8436491132899847e-18,2.3485269878050645e-17,0.08993766696349065,0.29842931937172773
Epidermis 2,ccdc125,-8.799343,-1.2001594,1.3761990368150085e-18,1.7561426422421227e-17,0.23330365093499555,0.4354275741710297
Epidermis 2,nbas,-8.810046,-2.0382159,1.2509474534485853e-18,1.5991168354833966e-17,0.09349955476402494,0.3019197207678883
Epidermis 2,pi4k2b,-8.8237295,-1.0703454,1.1070978390320135e-18,1.4185544301537033e-17,0.26625111308993765,0.4677137870855148
Epidermis 2,gulp1,-8.82687,-2.7873116,1.0764616302070485e-18,1.3809211777041742e-17,0.05966162065894924,0.268760907504363
Epidermis 2,LOC101731739,-8.8277025,-3.0465906,1.068475182312026e-18,1.3714821737194541e-17,0.04808548530721282,0.25741710296684117
Epidermis 2,ggt1,-8.857634,-2.03875,8.173113189115103e-19,1.0521858578152252e-17,0.09973285841495994,0.30715532286212915
Epidermis 2,LOC100490052,-8.925281,-3.494915,4.445691331348952e-19,5.774370865557469e-18,0.027604630454140695,0.2425828970331588
Epidermis 2,LOC100493548,-8.983091,-4.5922937,2.63264917440694e-19,3.444067004480446e-18,0.01068566340160285,0.2286212914485166
Epidermis 2,LOC100492897,-9.044874,-4.589112,1.498373463368912e-19,1.97439657875441e-18,0.014247551202137132,0.23211169284467714
Epidermis 2,zw10,-9.06298,-1.896769,1.2693427981841688e-19,1.6776698485267565e-18,0.12021371326803205,0.3298429319371728
Epidermis 2,ppp1r37,-9.067081,-2.0265288,1.2224709325493905e-19,1.6166992860097121e-18,0.09349955476402494,0.30977312390924955
Epidermis 2,gtpbp1,-9.076151,-1.6426349,1.1248259735091996e-19,1.4902748978715388e-18,0.12733748886910062,0.34554973821989526
Epidermis 2,flii,-9.07833,-1.4156849,1.102536776754826e-19,1.4616315313224216e-18,0.1834372217275156,0.39092495636998253
Epidermis 2,pi4ka,-9.151553,-1.1144661,5.612062085948856e-20,7.508326595799509e-19,0.28762243989314334,0.4851657940663176
Epidermis 2,tmbim6,-9.175299,-1.6089754,4.503225292182307e-20,6.043350498198656e-19,0.14425645592163847,0.35951134380453753
Epidermis 2,tep1,-9.187733,-1.4436568,4.012083398881538e-20,5.404177274505805e-19,0.21460373998219057,0.40924956369982546
Epidermis 2,kiaa0319l,-9.2018,-1.1640939,3.52000919666025e-20,4.750162070520922e-19,0.2965271593944791,0.48429319371727747
Epidermis 2,LOC116410227,-9.204108,-4.5005817,3.445209829154844e-20,4.652099237746773e-19,0.014247551202137132,0.23647469458987783
Epidermis 2,palm2,-9.2427225,-1.3380898,2.4030336985680133e-20,3.2650434829671616e-19,0.21727515583259127,0.4258289703315881
Epidermis 2,abo2,-9.246504,-2.2872088,2.319553783759698e-20,3.1555475757743373e-19,0.07836153161175423,0.29842931937172773
Epidermis 2,zbtb7b,-9.267846,-2.59893,1.8994256085280084e-20,2.592080438004357e-19,0.0578806767586821,0.2801047120418848
Epidermis 2,LOC100498107,-9.327771,-3.5891953,1.0812065666836025e-20,1.4866419969504027e-19,0.0578806767586821,0.2757417102966841
Epidermis 2,golga3,-9.355458,-1.1628332,8.323808425035969e-21,1.1474025498591906e-19,0.27070347284060553,0.47731239092495636
Epidermis 2,arcn1,-9.358182,-1.1852018,8.112032355468864e-21,1.118916928120645e-19,0.25200356188780054,0.46335078534031415
Epidermis 2,rint1,-9.364142,-2.0690486,7.667026164186191e-21,1.0602165901692451e-19,0.09973285841495994,0.32024432809773123
Epidermis 2,ildr1,-9.386927,-2.4968734,6.177639925038439e-21,8.575208702561309e-20,0.06500445235975066,0.28883071553228623
Epidermis 2,prss27,-9.472937,-1.0689622,2.7208466160223257e-21,3.808312636832788e-20,0.340160284951024,0.5401396160558464
Epidermis 2,plpp5,-9.520331,-2.043068,1.726270268560644e-21,2.4239989401712882e-20,0.09884238646482636,0.3237347294938918
Epidermis 2,arl15,-9.53408,-1.202466,1.512214889989178e-21,2.1247933750453223e-20,0.27871772039180764,0.48429319371727747
Epidermis 2,ssuh2,-9.55305,-2.5057886,1.2593293153627038e-21,1.775182492928266e-20,0.0792520035618878,0.30279232111692844
Epidermis 2,fam83h,-9.570995,-1.4989448,1.0588114886120739e-21,1.4963941381479316e-20,0.18432769367764915,0.4013961605584642
Epidermis 2,rhbdl2,-9.600734,-1.9092401,7.937738282486472e-22,1.1298720617230091e-20,0.11308993766696349,0.3403141361256545
Epidermis 2,vps4b,-9.602432,-1.6223214,7.807991489369728e-22,1.1121291272162979e-20,0.14870881567230632,0.3743455497382199
Epidermis 2,eif1,-9.620986,-1.9842552,6.520289242271075e-22,9.31756591719693e-21,0.10151380231522707,0.33158813263525305
Epidermis 2,nucb1,-9.643354,-1.3115981,5.244578155591601e-22,7.524124913423033e-21,0.21905609973285842,0.44415357766143104
Epidermis 2,liph,-9.659953,-3.7383423,4.460662555850284e-22,6.41635580957212e-21,0.026714158504007122,0.2591623036649215
Epidermis 2,tmco4,-9.673476,-2.224607,3.9086903025479773e-22,5.633522529187544e-21,0.08459483526268922,0.3150087260034904
Epidermis 2,avl9,-9.6976385,-1.7467163,3.085561510831074e-22,4.46189779508581e-21,0.14781834372217276,0.3726003490401396
Epidermis 2,plpp2,-9.734555,-1.1547374,2.1475517676345194e-22,3.1178793826715134e-21,0.2804986642920748,0.49476439790575916
Epidermis 2,cope,-9.749905,-1.1348926,1.8464110275695392e-22,2.691418505851364e-21,0.28851291184327693,0.5043630017452007
Epidermis 2,ttf2,-9.781855,-1.3389325,1.3471954439813838e-22,1.9676808422434923e-21,0.23686553873552982,0.45287958115183247
Epidermis 2,edem1,-9.806882,-2.5598187,1.0516836576858752e-22,1.5412215644300527e-21,0.06856634016028496,0.3010471204188482
Epidermis 2,cracr2a,-9.817585,-3.703312,9.458240110946654e-23,1.389819915562067e-21,0.03294746215494212,0.2670157068062827
Epidermis 2,ddr1,-9.857161,-2.2605214,6.382871426358301e-23,9.436357547057214e-22,0.08281389136242208,0.31762652705061084
Epidermis 2,pm20d1,-9.889591,-2.72906,4.619122495833883e-23,6.861393599836021e-22,0.05966162065894924,0.2949389179755672
Epidermis 2,LOC100494266,-9.899268,-4.263755,4.1933095816439607e-23,6.237369351128348e-22,0.0213713268032057,0.2591623036649215
Epidermis 2,slc35b4,-9.899461,-2.3591864,4.1852560276302597e-23,6.229636546993172e-22,0.07569011576135352,0.31239092495637
Epidermis 2,mmel1,-9.92968,-1.7957839,3.0924777468150004e-23,4.618819775034231e-22,0.1682991985752449,0.38830715532286214
Epidermis 2,cyp2a13l,-9.94676,-1.3717695,2.6052808034927584e-23,3.9072049768395515e-22,0.20035618878005343,0.43804537521815007
Epidermis 2,slc35a3.2,-9.968166,-2.1783035,2.100718427151706e-23,3.1526669050121993e-22,0.09795191451469279,0.33158813263525305
Epidermis 2,selenos,-9.975505,-1.8633808,1.9510746814693976e-23,2.932121255120091e-22,0.13178984861976847,0.36300174520069806
Epidermis 2,pcsk7,-9.982618,-2.5408869,1.816096263795397e-23,2.7311534508807276e-22,0.06678539626001781,0.306282722513089
Epidermis 2,dennd11,-10.021169,-1.7100208,1.2303878118679761e-23,1.859300030662819e-22,0.15048975957257346,0.38219895287958117
Epidermis 2,ufsp2,-10.0532465,-2.1743207,8.888971135304434e-24,1.3488611901493606e-22,0.09706144256455922,0.3333333333333333
Epidermis 2,slc2a9,-10.0557785,-3.1687586,8.663427396304155e-24,1.3155507948138688e-22,0.04719501335707925,0.2862129144851658
Epidermis 2,plk2,-10.058182,-3.158866,8.454551717058981e-24,1.2847268316012815e-22,0.037399821905609976,0.2801047120418848
Epidermis 2,MGC147226,-10.068084,-4.30837,7.645323281369787e-24,1.164191202531543e-22,0.019590382902938557,0.2617801047120419
Epidermis 2,selenom,-10.068244,-2.9856257,7.632880671626074e-24,1.1631081643544173e-22,0.04808548530721282,0.28970331588132636
Epidermis 2,LOC100216133,-10.070006,-5.033757,7.49732866184971e-24,1.1432509345228688e-22,0.008904719501335707,0.2530541012216405
Epidermis 2,clcn5,-10.079043,-2.1096897,6.838888320909649e-24,1.046503380438776e-22,0.10685663401602849,0.34293193717277487
Epidermis 2,syne4,-10.129835,-3.7344553,4.073360832388203e-24,6.259493431235421e-23,0.030276046304541407,0.27225130890052357
Epidermis 2,LOC100493994,-10.132783,-4.2640867,3.952364288371191e-24,6.07783940356221e-23,0.017809439002671415,0.262652705061082
Epidermis 2,sec61b,-10.14259,-1.458257,3.57496588665734e-24,5.50136323080041e-23,0.19679430097951914,0.4319371727748691
Epidermis 2,rpn1,-10.154254,-1.0771661,3.1722816077204868e-24,4.88513457742193e-23,0.3517364203027605,0.5523560209424084
Epidermis 2,sel1l,-10.177647,-1.9089733,2.495225376938975e-24,3.853383789822036e-23,0.13802315227070347,0.37085514834205935
Epidermis 2,LOC100127624,-10.182806,-4.8620543,2.3663736634850547e-24,3.659577584047298e-23,0.01068566340160285,0.25741710296684117
Epidermis 2,LOC100492690,-10.210076,-1.8078164,1.7872354392642095e-24,2.771802737752972e-23,0.16028495102404275,0.39092495636998253
Epidermis 2,spryd3,-10.256735,-2.415202,1.1037601638775784e-24,1.7179137329509727e-23,0.07836153161175423,0.3219895287958115
Epidermis 2,vps13a,-10.282692,-1.41472,8.433885350880958e-25,1.3183081106129897e-23,0.2163846838824577,0.450261780104712
Epidermis 2,tpd52,-10.334156,-2.3890119,4.937370785866309e-25,7.762130253486219e-24,0.07390917186108638,0.3237347294938918
Epidermis 2,rell1,-10.351942,-2.1597478,4.100836935031628e-25,6.460964820167881e-24,0.09706144256455922,0.34205933682373474
Epidermis 2,pgm3,-10.35505,-2.0914383,3.9697907316675104e-25,6.272614305265513e-24,0.11041852181656278,0.3525305410122164
Epidermis 2,klf3,-10.359472,-1.661245,3.790475547976599e-25,5.99796714520648e-24,0.18165627782724844,0.4162303664921466
Epidermis 2,mpc2,-10.388537,-4.840666,2.796077067865713e-25,4.4405529620012905e-24,0.01157613535173642,0.26352530541012215
Epidermis 2,afmid,-10.468074,-4.1069245,1.210813062440146e-25,1.9470266643704074e-24,0.0213713268032057,0.27399650959860383
Epidermis 2,ophn1,-10.493454,-3.2657957,9.258079099922537e-26,1.4931304067953413e-24,0.0427426536064114,0.2940663176265271
Epidermis 2,fam126b,-10.516046,-1.8335849,7.286767096100963e-26,1.1778114429927342e-24,0.14247551202137132,0.3856893542757417
Epidermis 2,hid1,-10.517296,-3.4552956,7.190780913181202e-26,1.1631581193960489e-24,0.034728406055209264,0.2879581151832461
Epidermis 2,ero1a,-10.529473,-3.3161347,6.31872078120427e-26,1.025136105328315e-24,0.0427426536064114,0.2940663176265271
Epidermis 2,slc35e1,-10.534152,-1.6321782,6.012290543273546e-26,9.761472614938396e-25,0.176313446126447,0.4179755671902269
Epidermis 2,osbpl8,-10.565396,-2.0877655,4.311454764866736e-26,7.031409149787522e-25,0.11932324131789848,0.3647469458987784
Epidermis 2,derl2,-10.626154,-1.5423295,2.2520939195095734e-26,3.703311335163406e-25,0.18967052537845058,0.4363001745200698
Epidermis 2,reep5,-10.638492,-2.1608245,1.9729772844426782e-26,3.2541449224356524e-25,0.10240427426536064,0.3542757417102967
Epidermis 2,rasa1,-10.706267,-1.0757285,9.511998437964863e-27,1.5868602287066613e-25,0.38913624220837045,0.5951134380453752
Epidermis 2,rffl,-10.723412,-1.9614203,7.903316239275697e-27,1.3235476873156945e-25,0.12555654496883348,0.3769633507853403
Epidermis 2,kdelr1,-10.7585335,-1.0698037,5.402302504140305e-27,9.095960103614629e-26,0.3624220837043633,0.5951134380453752
Epidermis 2,b4galnt1,-10.777023,-3.238348,4.419551604381809e-27,7.464321637710174e-26,0.04363312555654497,0.3010471204188482
Epidermis 2,eps8l2,-10.780036,-4.052133,4.277187164047984e-27,7.229473362253375e-26,0.024933214603739984,0.2835951134380454
Epidermis 2,trabd,-10.787182,-1.8808347,3.957382671592542e-27,6.694112192001616e-26,0.13178984861976847,0.3856893542757417
Epidermis 2,LOC101733293,-10.861207,-3.430219,1.764022600386931e-27,3.019038208866135e-26,0.05075690115761353,0.306282722513089
Epidermis 2,c-answer,-10.898796,-1.5166179,1.1679229973779834e-27,2.0051335740192743e-26,0.21727515583259127,0.456369982547993
Epidermis 2,slc19a3.2,-10.931226,-4.124573,8.173651618232555e-28,1.4099387506834196e-26,0.0213713268032057,0.28534031413612565
Epidermis 2,snrnp48,-10.979903,-1.3202617,4.774362149929139e-28,8.288095184853121e-27,0.2956366874443455,0.5174520069808028
Epidermis 2,rpn2,-11.053864,-1.1268518,2.099787840282662e-28,3.6743761397600616e-27,0.3597506678539626,0.5837696335078534
Epidermis 2,mreg,-11.160382,-4.374113,6.371676195150885e-29,1.1349905816684691e-27,0.020480854853072127,0.28883071553228623
Epidermis 2,baiap2l1,-11.188326,-1.1826851,4.651310424304487e-29,8.312550759111237e-28,0.41585040071237755,0.6073298429319371
Epidermis 2,slc30a8,-11.220371,-3.7079186,3.239066162302624e-29,5.802927974351852e-28,0.04541406945681211,0.3106457242582897
Epidermis 2,fam219b,-11.227358,-3.165512,2.992961701811933e-29,5.370840238095247e-28,0.0427426536064114,0.31326352530541013
Epidermis 2,alg9,-11.245143,-1.3813127,2.4470076035758152e-29,4.39836514972223e-28,0.26357969723953695,0.5069808027923212
Epidermis 2,LOC100493336,-11.261166,-3.9720504,2.0404244817907667e-29,3.6827214737102e-28,0.031166518254674976,0.30017452006980805
Epidermis 2,inpp5a.2,-11.3070545,-2.3662896,1.2108665154742371e-29,2.1945447038341635e-28,0.09082813891362422,0.36038394415357766
Epidermis 2,cgnl1,-11.372107,-1.7441297,5.7580945651218774e-30,1.0523231281869724e-28,0.18165627782724844,0.4389179755671902
Epidermis 2,slco4c1,-11.379957,-2.320266,5.262531351206661e-30,9.64178812885647e-29,0.11041852181656278,0.3743455497382199
Epidermis 2,LOC100498095,-11.38861,-4.120112,4.7653153773420175e-30,8.738146794031947e-29,0.0213713268032057,0.29668411867364747
Epidermis 2,clta,-11.402678,-1.5532224,4.054528815236227e-30,7.441032235262381e-29,0.21371326803205698,0.468586387434555
Epidermis 2,mast1,-11.455136,-2.4256804,2.2161495243621637e-30,4.094716238027669e-29,0.10151380231522707,0.36649214659685864
Epidermis 2,phldb3,-11.456258,-2.788036,2.1876462518712656e-30,4.045477022210414e-29,0.07390917186108638,0.343804537521815
Epidermis 2,acsbg1,-11.4570265,-4.988094,2.1683117512856145e-30,4.0131238952335365e-29,0.013357079252003561,0.28970331588132636
Epidermis 2,ap1m2,-11.475004,-2.798751,1.7616909527836836e-30,3.2716475132504477e-29,0.05966162065894924,0.33507853403141363
Epidermis 2,sgms2,-11.504454,-3.7864332,1.2527977240224023e-30,2.3285604033980273e-29,0.029385574354407838,0.306282722513089
Epidermis 2,tp53i13,-11.543613,-1.2074066,7.951341362573398e-31,1.484227714907734e-29,0.3428317008014248,0.5794066317626527
Epidermis 2,tef,-11.564091,-1.5927322,6.265169811187263e-31,1.1734958836902768e-29,0.25289403383793413,0.4912739965095986
Epidermis 2,ap1b1,-11.619432,-1.7367759,3.2830873766475e-31,6.1865500557707336e-30,0.1709706144256456,0.4397905759162304
Epidermis 2,micall2,-11.635808,-2.5921893,2.7101162545183987e-31,5.120125263190128e-30,0.10329474621549421,0.36910994764397903
Epidermis 2,ssr2,-11.648242,-1.0346102,2.3424241433810614e-31,4.4292926544816414e-30,0.44078361531611754,0.6692844677137871
Epidermis 2,scamp1,-11.673077,-1.5655193,1.749783831541908e-31,3.3115379868235885e-30,0.23063223508459482,0.48429319371727747
Epidermis 2,prrc1,-11.684517,-1.5803381,1.5294661350957818e-31,2.899607344389666e-30,0.20747996438112198,0.4720767888307155
Epidermis 2,LOC733461,-11.80286,-4.207712,3.7726478825380664e-32,7.265926694162679e-31,0.02404274265360641,0.3080279232111693
Epidermis 2,trpv6,-11.815807,-4.574391,3.23428671506417e-32,6.240085801009306e-31,0.016028495102404273,0.3019197207678883
Epidermis 2,idh1,-11.832631,-2.5669293,2.6471315659151895e-32,5.1163027369207575e-31,0.08014247551202137,0.3621291448516579
Epidermis 2,irak2,-11.843879,-4.2051635,2.3149398948091513e-32,4.478218390481426e-31,0.02404274265360641,0.3089005235602094
Epidermis 2,dgkk,-11.861888,-5.233661,1.867163835074483e-32,3.6184175883801327e-31,0.01068566340160285,0.2975567190226876
Epidermis 2,atp2c1,-11.882333,-1.0210689,1.4622807003250106e-32,2.8438883388406468e-31,0.4879786286731968,0.7015706806282722
Epidermis 2,scn5a,-11.912648,-3.1007452,1.0169545856953017e-32,1.9866576557257992e-31,0.06945681211041853,0.3481675392670157
Epidermis 2,LOC100495047,-11.979943,-1.2884842,4.526327979955321e-33,8.890099266481104e-32,0.4238646482635797,0.6221640488656196
Epidermis 2,copb1,-11.984815,-1.389825,4.267998689395783e-33,8.390270216333819e-32,0.28851291184327693,0.5383944153577661
Epidermis 2,gnb5,-11.996896,-3.441678,3.688752062185762e-33,7.271206752389839e-32,0.04541406945681211,0.33158813263525305
Epidermis 2,gns,-12.018333,-2.9702065,2.846536954142837e-33,5.636504798216956e-32,0.06589492430988424,0.34904013961605584
Epidermis 2,mfge8,-12.039932,-1.3080913,2.191353328920765e-33,4.354965481819673e-32,0.3223508459483526,0.5698080279232112
Epidermis 2,slc30a7,-12.074958,-1.1270034,1.4323747490443357e-33,2.8596385543363633e-32,0.43365983971504896,0.662303664921466
Epidermis 2,sgpl1,-12.082584,-1.5657915,1.3055028405705967e-33,2.611125342263152e-32,0.26268922528940336,0.5095986038394416
Epidermis 2,pak2,-12.117226,-1.274554,8.56080918315851e-34,1.716961555015642e-32,0.3624220837043633,0.5898778359511344
Epidermis 2,plekha8,-12.147156,-2.77362,5.939582893491637e-34,1.1923425788305522e-32,0.08281389136242208,0.3656195462478185
Epidermis 2,cog1,-12.148823,-1.669195,5.819769252557397e-34,1.1693663430944288e-32,0.20747996438112198,0.48080279232111695
Epidermis 2,adipor2,-12.159974,-2.9003074,5.0774632179954335e-34,1.0230408576166053e-32,0.06767586821015138,0.3551483420593368
Epidermis 2,pdia3,-12.181413,-1.0682892,3.904593039420988e-34,7.87450320824449e-33,0.4790739091718611,0.6884816753926701
Epidermis 2,spire1,-12.186829,-2.969836,3.6536610525953638e-34,7.395782729933528e-33,0.060552092609082814,0.35165794066317624
Epidermis 2,ddrgk1,-12.190033,-1.3300996,3.512794609409172e-34,7.117241520140904e-33,0.3285841495992876,0.581151832460733
Epidermis 2,unc80,-12.190193,-3.0701847,3.5058946884427287e-34,7.109863196701559e-33,0.07569011576135352,0.35776614310645727
Epidermis 2,rapgef3,-12.203043,-3.1531663,2.9941994184417676e-34,6.0778070241690984e-33,0.07034728406055209,0.3551483420593368
Epidermis 2,gramd2a,-12.205959,-3.3743343,2.8888287464670648e-34,5.869379150526799e-33,0.04808548530721282,0.33856893542757416
Epidermis 2,hcfc2,-12.223905,-1.2939252,2.3168280356016554e-34,4.7292333549919294e-33,0.358860195903829,0.5951134380453752
Epidermis 2,LOC100496311,-12.224482,-4.741435,2.3004421120418116e-34,4.700182333976065e-33,0.018699910952804988,0.31239092495637
Epidermis 2,capn5,-12.272358,-2.49408,1.274864712845953e-34,2.61455102434319e-33,0.09973285841495994,0.38481675392670156
Epidermis 2,tbcd,-12.303185,-2.547325,8.707156495859742e-35,1.790752704016545e-33,0.08726625111308994,0.37783595113438045
Epidermis 2,c3orf52,-12.341512,-3.8138292,5.413007470556538e-35,1.1174762158468705e-33,0.029385574354407838,0.32722513089005234
Epidermis 2,ssr3,-12.377979,-1.3068178,3.4389317630747833e-35,7.126394112255921e-34,0.3241317898486198,0.5776614310645725
Epidermis 2,dennd3,-12.387689,-1.2158935,3.046984523221049e-35,6.320175787186931e-34,0.39536954585930545,0.6492146596858639
Epidermis 2,LOC100485638,-12.477223,-3.6901267,9.939219442932952e-36,2.0834169785229584e-34,0.03561887800534283,0.33507853403141363
Epidermis 2,anks6,-12.512826,-1.2648635,6.352328052261578e-36,1.3366841892806163e-34,0.38201246660730187,0.6291448516579407
Epidermis 2,cd9,-12.52449,-2.9176257,5.484231515068067e-36,1.1551294970106206e-34,0.06233303650934995,0.36300174520069806
Epidermis 2,man2a1,-12.527663,-1.3189843,5.2692494970714654e-36,1.1109207079767771e-34,0.3481745325022262,0.6020942408376964
Epidermis 2,ift46,-12.538078,-1.7119716,4.620673558639301e-36,9.760669673094694e-35,0.20926090828138913,0.4886561954624782
Epidermis 2,wwc1,-12.538142,-1.4401923,4.616938673175323e-36,9.760669673094694e-35,0.30008904719501334,0.5636998254799301
Epidermis 2,ralgps1,-12.612872,-3.047889,1.7933701351947596e-36,3.8215946992270365e-35,0.058771148708815675,0.36038394415357766
Epidermis 2,chmp4c,-12.627613,-3.2004564,1.4872211100076963e-36,3.1723022327935424e-35,0.05431878895814782,0.3551483420593368
Epidermis 2,rbm47,-12.632163,-1.8841103,1.4036582068194977e-36,2.9969888190810427e-35,0.14692787177203917,0.450261780104712
Epidermis 2,LOC100490565,-12.633221,-2.2826078,1.3849168431691551e-36,2.962771611254327e-35,0.11219946571682991,0.40924956369982546
Epidermis 2,hk1,-12.639534,-1.7176975,1.2780990766885036e-36,2.7369381700117603e-35,0.21104185218165628,0.49476439790575916
Epidermis 2,syngr2,-12.663311,-2.7386222,9.443067508202609e-37,2.026127591902548e-35,0.07836153161175423,0.37783595113438045
Epidermis 2,lman1,-12.6757765,-1.6572375,8.055657931202705e-37,1.730142831858014e-35,0.22350845948352627,0.5043630017452007
Epidermis 2,tmem184b,-12.786269,-1.8380862,1.9564216363513757e-37,4.25633863677202e-36,0.1861086375779163,0.4790575916230366
Epidermis 2,LOC105948358,-12.791365,-5.223805,1.8322809949078699e-37,3.9902398792300024e-36,0.01157613535173642,0.32111692844677137
Epidermis 2,atp10b,-12.794569,-1.7243366,1.7582492309740876e-37,3.832842804104452e-36,0.22707034728406056,0.5095986038394416
Epidermis 2,ndrg2,-12.796941,-1.5714357,1.7053870767809374e-37,3.721325140243684e-36,0.2680320569902048,0.537521815008726
Epidermis 2,tmed5,-12.808509,-1.7037225,1.4693092373857222e-37,3.2093890759753594e-36,0.20926090828138913,0.49825479930191974
Epidermis 2,use1,-12.856417,-1.84906,7.91620899033562e-38,1.7430837172362622e-36,0.1798753339269813,0.47294938917975565
Epidermis 2,slc19a3,-12.865325,-6.1967993,7.054426489278763e-38,1.559621483511164e-36,0.006233303650934996,0.31762652705061084
Epidermis 2,tmem63a,-12.869812,-3.907856,6.65642301688684e-38,1.4731217713132628e-36,0.031166518254674976,0.3411867364746946
Epidermis 2,galnt10,-12.893685,-3.2942626,4.885219350611248e-38,1.0866500657460556e-36,0.04986642920747997,0.3586387434554974
Epidermis 2,LOC100145165,-12.902306,-1.8398898,4.368283922533421e-38,9.746454342904067e-37,0.2288512911843277,0.5
Epidermis 2,vmp1,-12.935024,-1.420359,2.8553368184888455e-38,6.410113653934681e-37,0.3170080142475512,0.5924956369982548
Epidermis 2,pgap6,-12.9382925,-2.0679758,2.7364321532017584e-38,6.15584391907377e-37,0.1682991985752449,0.4572425828970332
Epidermis 2,LOC100495222,-12.946239,-1.2127796,2.4674679528877484e-38,5.55651374612627e-37,0.4452359750667854,0.6954624781849913
Epidermis 2,impact,-12.967166,-3.1710324,1.8784911788795764e-38,4.234561571728434e-37,0.06322350845948353,0.36910994764397903
Epidermis 2,slc17a9,-12.976107,-1.3698717,1.6716523688651764e-38,3.7721950714588435e-37,0.3250222617987533,0.5986038394415357
Epidermis 2,grhl2,-12.992578,-1.3853623,1.348090686787919e-38,3.0515235348961806e-37,0.31522707034728403,0.5933682373472949
Epidermis 2,mboat1,-13.082657,-4.0421324,4.1372074833861194e-39,9.443305909515534e-38,0.029385574354407838,0.343804537521815
Epidermis 2,tfg,-13.0828495,-1.8549706,4.12675365660113e-39,9.42930801473228e-38,0.18076580587711488,0.4825479930191972
Epidermis 2,LOC100497279,-13.095155,-3.4269552,3.5095780377815804e-39,8.027515970904807e-38,0.05966162065894924,0.3682373472949389
Epidermis 2,alas1,-13.096789,-1.7864792,3.4348370721725166e-39,7.864803751508551e-38,0.23241317898486197,0.5139616055846422
Epidermis 2,rab3b,-13.099609,-2.6392283,3.309575035854619e-39,7.585949249725172e-38,0.10418521816562779,0.40663176265270506
Epidermis 2,lasp1,-13.104159,-1.9567113,3.116956397113712e-39,7.151956418655973e-38,0.15761353517364202,0.4642233856893543
Epidermis 2,vapa,-13.108261,-1.9963171,2.9529019809347524e-39,6.789807600208349e-38,0.15316117542297417,0.4598603839441536
Epidermis 2,abo.1,-13.130053,-3.9506314,2.215035500708652e-39,5.103937662192555e-38,0.031166518254674976,0.3472949389179756
Epidermis 2,p3h3,-13.133481,-2.9277616,2.1169647092029794e-39,4.888284330107747e-38,0.06856634016028496,0.38045375218150085
Epidermis 2,bspry,-13.160303,-5.1199756,1.484889425625627e-39,3.436030981609418e-38,0.014247551202137132,0.33158813263525305
Epidermis 2,slc6a9,-13.17732,-1.2433726,1.1852821375638482e-39,2.74856976873334e-38,0.4577025823686554,0.7146596858638743
Epidermis 2,LOC549052,-13.194464,-4.373307,9.442470377137148e-40,2.1942933556923293e-38,0.02404274265360641,0.3411867364746946
Epidermis 2,znf750,-13.199463,-3.1355772,8.836318986672258e-40,2.0556217122406751e-38,0.05253784505788068,0.3717277486910995
Epidermis 2,sec23b,-13.2777815,-1.1016654,3.1148638749087014e-40,7.300692224960555e-39,0.5022261798753339,0.7268760907504364
Epidermis 2,znf534,-13.282557,-2.3544564,2.92244391558847e-40,6.857058998070537e-39,0.11665182546749778,0.42844677137870857
Epidermis 2,galnt4,-13.2995405,-4.312898,2.3289570489660158e-40,5.488139499512681e-39,0.025823686553873553,0.34554973821989526
Epidermis 2,ppt1,-13.340623,-2.2448106,1.3433306502715915e-40,3.193117442219651e-39,0.1433659839715049,0.44589877835951136
Epidermis 2,nos2,-13.519436,-2.362411,1.20093333294792e-41,2.924728377037563e-40,0.13535173642030277,0.4467713787085515
Epidermis 2,metrnl,-13.561831,-1.3363642,6.743081538277375e-42,1.6551269094122676e-40,0.3570792520035619,0.631762652705061
Epidermis 2,LOC100380178,-13.612752,-3.9361236,3.363366522747807e-42,8.302264806886866e-41,0.03294746215494212,0.35951134380453753
Epidermis 2,prr5,-13.652648,-2.3019593,1.9467269110024998e-42,4.821739832574977e-41,0.12110418521816563,0.4424083769633508
Epidermis 2,atp2a3,-13.68056,-1.8519257,1.3266707252610766e-42,3.2971847261870104e-41,0.3089937666963491,0.5619546247818499
Epidermis 2,slc25a1,-13.698217,-1.6422529,1.040480400388006e-42,2.592961640859428e-41,0.27871772039180764,0.5593368237347295
Epidermis 2,tmem63c,-13.845305,-3.762869,1.3580252331957764e-43,3.4417501293339184e-42,0.04363312555654497,0.37347294938917974
Epidermis 2,sipa1l3,-13.893117,-1.5947229,6.973334563488569e-44,1.7734864045441033e-42,0.31522707034728403,0.5837696335078534
Epidermis 2,stard9,-13.893822,-2.1895132,6.905018190502889e-44,1.7581610494161438e-42,0.18432769367764915,0.4895287958115183
Epidermis 2,sec16a,-13.94564,-1.2596992,3.344372859100479e-44,8.565441333149243e-43,0.41585040071237755,0.675392670157068
Epidermis 2,slc25a22l,-13.966725,-1.6450509,2.48806498049604e-44,6.379796232597426e-43,0.27871772039180764,0.5776614310645725
Epidermis 2,LOC100495391,-13.995598,-4.8719535,1.6582854116848917e-44,4.2873751147364954e-43,0.016918967052537846,0.3551483420593368
Epidermis 2,ywhaq,-13.995758,-1.446014,1.6545521453370402e-44,4.28279743338073e-43,0.3312555654496883,0.6151832460732984
Epidermis 2,klf17,-14.01412,-1.2244065,1.277715234494511e-44,3.3112855263544808e-43,0.5084594835262689,0.7504363001745201
Epidermis 2,arhgef37,-14.053761,-4.3635154,7.304967420926007e-45,1.8976392153812665e-43,0.029385574354407838,0.3656195462478185
Epidermis 2,LOC116409572,-14.082858,-4.667526,4.841178285538903e-45,1.263628604889287e-43,0.020480854853072127,0.35951134380453753
Epidermis 2,vps53,-14.101861,-2.3740714,3.698868795295184e-45,9.677819662126644e-44,0.14247551202137132,0.46160558464223383
Epidermis 2,snap23,-14.15214,-1.227337,1.811596186262209e-45,4.757020503059887e-44,0.4577025823686554,0.7233856893542757
Epidermis 2,pfkfb2,-14.310925,-1.5037931,1.8700989016494563e-46,5.000910310403527e-45,0.3410507569011576,0.6273996509598604
Epidermis 2,tbc1d23,-14.316116,-1.7431223,1.7355520635878873e-46,4.6525161645640406e-45,0.25467497773820125,0.555846422338569
Epidermis 2,tbc1d8b,-14.423629,-1.8571528,3.675032586336142e-47,9.974239560502605e-46,0.2288512911843277,0.5357766143106457
Epidermis 2,herpud1,-14.4266405,-1.817858,3.518035694942343e-47,9.560031992445438e-46,0.22617987533392697,0.5462478184991274
Epidermis 2,gopc,-14.434876,-1.7066057,3.1220522625536417e-47,8.494551424087658e-46,0.26625111308993765,0.5715532286212914
Epidermis 2,ptbp3,-14.464262,-2.4998503,2.0377910172790388e-47,5.565286331420013e-46,0.12377560106856635,0.45462478184991273
Epidermis 2,mybpc3,-14.495763,-4.7323,1.288632934781267e-47,3.532570260032917e-46,0.0213713268032057,0.3699825479930192
Epidermis 2,cap1,-14.499448,-1.5797437,1.221284566185132e-47,3.3521572979529264e-46,0.3143365983971505,0.6134380453752182
Epidermis 2,tmed10l,-14.533352,-4.165657,7.448481018036575e-48,2.054782608022454e-46,0.030276046304541407,0.3795811518324607
Epidermis 2,prdm2,-14.537421,-1.2961432,7.018693760941373e-48,1.9404854303977354e-46,0.44701691896705253,0.7120418848167539
Epidermis 2,ufl1,-14.539986,-2.4724796,6.760727862887251e-48,1.872155364163232e-46,0.13000890471950133,0.46160558464223383
Epidermis 2,vtcn1,-14.573313,-4.687144,4.152579955768255e-48,1.1528428398831946e-46,0.020480854853072127,0.3717277486910995
Epidermis 2,sertad2,-14.590745,-1.8804762,3.2166528313496714e-48,8.964314359244084e-47,0.2341941228851291,0.5514834205933682
Epidermis 2,esyt3,-14.637628,-2.4760199,1.6160979127043254e-48,4.521137506810395e-47,0.12110418521816563,0.462478184991274
Epidermis 2,cpeb3,-14.654612,-1.8667368,1.2587447470138125e-48,3.5259395538624394e-47,0.24309884238646481,0.5541012216404887
Epidermis 2,txlnb,-14.684478,-3.5810761,8.105619756279027e-49,2.2792877410021217e-47,0.07658058771148708,0.41361256544502617
Epidermis 2,sppl2a,-14.840763,-1.8875962,7.9842412424788455e-50,2.2804205255514517e-48,0.21816562778272486,0.5506108202443281
Epidermis 2,tmprss11f,-14.911007,-4.252902,2.79506536075179e-50,8.014602002229278e-49,0.03294746215494212,0.38917975567190227
Epidermis 2,erp44,-14.917128,-1.1053258,2.550181774805846e-50,7.331688604484633e-49,0.5868210151380232,0.8184991273996509
Epidermis 2,krt12.4,-14.930106,-3.2757149,2.0993299838841247e-50,6.051450406649338e-49,0.06411398040961709,0.418848167539267
Epidermis 2,LOC108647650,-14.994933,-2.9200974,7.924197362771225e-51,2.29328793969537e-49,0.13891362422083706,0.47033158813263526
Epidermis 2,sh3gl2,-15.00663,-1.6901448,6.64384227006526e-51,1.925302552126083e-49,0.333926981300089,0.6361256544502618
Epidermis 2,b4galt1l,-15.0518465,-4.063042,3.357327746661863e-51,9.794150903731085e-50,0.041852181656277826,0.3987783595113438
Epidermis 2,mast4,-15.055339,-3.1115496,3.184622988880265e-51,9.327739361121645e-50,0.10151380231522707,0.4432809773123909
Epidermis 2,usp43,-15.174772,-2.420633,5.19577753162251e-52,1.5383590436571884e-50,0.14425645592163847,0.48778359511343805
Epidermis 2,psme4,-15.224539,-1.3940746,2.430668731742605e-52,7.226106593372668e-51,0.42030276046304543,0.6954624781849913
Epidermis 2,MGC89056,-15.226686,-1.5816438,2.3521659436486978e-52,7.002266446979296e-51,0.3089937666963491,0.6369982547993019
Epidermis 2,LOC100486185,-15.340351,-4.281225,4.109683519404328e-53,1.230142717104552e-51,0.031166518254674976,0.39965095986038396
Epidermis 2,hivep1,-15.350701,-1.3142838,3.503774469068404e-53,1.0502178940871106e-51,0.5022261798753339,0.7530541012216405
Epidermis 2,mdm4,-15.390182,-1.1209229,1.9049767597571986e-53,5.7178126375050655e-52,0.667853962600178,0.837696335078534
Epidermis 2,esyt2,-15.398642,-1.6588541,1.6714447300101284e-53,5.03070282117945e-52,0.3303650934995548,0.6291448516579407
Epidermis 2,rin3,-15.426745,-1.2884903,1.0819064021073784e-53,3.278927722275709e-52,0.5378450578806767,0.7582897033158813
Epidermis 2,asph,-15.435205,-1.0484124,9.489825815176474e-54,2.8800763437130158e-52,0.7079252003561888,0.8595113438045375
Epidermis 2,cpt1al,-15.488817,-3.204788,4.1281652718510275e-54,1.2581102569421967e-52,0.07390917186108638,0.4397905759162304
Epidermis 2,slc25a16,-15.519869,-4.0739985,2.5457010111262853e-54,7.790987624654512e-53,0.03829029385574354,0.40924956369982546
Epidermis 2,ugcg,-15.555151,-2.24796,1.468086369756837e-54,4.511987700628723e-53,0.1674087266251113,0.5200698080279232
Epidermis 2,lrba,-15.610685,-1.6490747,6.157173457221412e-55,1.913898604131459e-53,0.39536954585930545,0.6832460732984293
Epidermis 2,slco2b1,-15.612192,-2.3000214,6.013513652649991e-55,1.871909863259279e-53,0.176313446126447,0.5209424083769634
Epidermis 2,abo.4,-15.678397,-1.6095345,2.125490655660234e-55,6.663840746718674e-54,0.3348174532502226,0.6588132635253054
Epidermis 2,f11r,-15.679551,-1.6514101,2.0872384665868333e-55,6.55332814091961e-54,0.3089937666963491,0.6308900523560209
Epidermis 2,slc13a3,-15.726562,-4.6493216,9.946763650261575e-56,3.1274975448466546e-54,0.027604630454140695,0.4040139616055846
Epidermis 2,acacb,-15.750115,-1.6595674,6.855640812401628e-56,2.1618054648470512e-54,0.3285841495992876,0.6518324607329843
Epidermis 2,aftph,-15.789274,-1.4573233,3.687967125276569e-56,1.1646183884321274e-54,0.40160284951024044,0.6910994764397905
Epidermis 2,LOC108645188,-15.801484,-4.3188014,3.0387860224991483e-56,9.637986889092139e-55,0.04719501335707925,0.4179755671902269
Epidermis 2,gpa33,-15.867818,-1.9809631,1.0585782833205428e-56,3.3869848563544815e-55,0.22083704363312556,0.5724258289703316
Epidermis 2,tmf1,-15.895858,-1.6877359,6.769572210909803e-57,2.1755351283396587e-55,0.30365093499554763,0.6404886561954625
Epidermis 2,acsl4,-15.949501,-1.4567915,2.871800201989695e-57,9.242706815282764e-56,0.43187889581478184,0.7172774869109948
Epidermis 2,fam174b,-15.963153,-2.9169328,2.3077314110544166e-57,7.438258068038172e-56,0.08904719501335707,0.46596858638743455
Epidermis 2,ugdh,-15.976772,-2.708885,1.8550639778563032e-57,5.9969408978966505e-56,0.11398040961709706,0.4851657940663176
Epidermis 2,LOC116408821,-15.979784,-2.4824772,1.7675621513829704e-57,5.722548027496706e-56,0.17186108637577915,0.5279232111692844
Epidermis 2,plekhn1,-16.021187,-1.2009233,9.08983067992124e-58,2.9648609157931443e-56,0.5823686553873553,0.8289703315881326
Epidermis 2,erlec1,-16.102262,-1.6679324,2.4594688792755122e-58,8.046187468466409e-57,0.3348174532502226,0.6518324607329843
Epidermis 2,sema3f,-16.110273,-1.312342,2.1606711475985217e-58,7.07928004680891e-57,0.5360641139804097,0.8141361256544503
Epidermis 2,mob2.2,-16.121265,-1.8159238,1.80869292351597e-58,5.943898837958129e-57,0.28851291184327693,0.62478184991274
Epidermis 2,ano5,-16.126265,-1.0712689,1.6681124987534507e-58,5.490178406530777e-57,0.7586821015138023,0.8944153577661431
Epidermis 2,LOC100216037,-16.181126,-3.9431925,6.853010014860645e-59,2.2623227161009703e-57,0.04363312555654497,0.4293193717277487
Epidermis 2,scnn1a,-16.280018,-4.2072906,1.3682953759235634e-59,4.5514593594555e-58,0.04719501335707925,0.43106457242582896
Epidermis 2,slc35b1,-16.328182,-2.2876582,6.221085017695451e-60,2.078871304305244e-58,0.1772039180765806,0.5366492146596858
Epidermis 2,grin1,-16.34885,-5.183625,4.4325865968635695e-60,1.4880534173870763e-58,0.015138023152270703,0.4109947643979058
Epidermis 2,mgat5,-16.448994,-3.3365033,8.527431930745892e-61,2.898397074155858e-59,0.09884238646482636,0.4712041884816754
Epidermis 2,LOC100493455,-16.469246,-2.8406885,6.102663683194281e-61,2.0807222536091e-59,0.11754229741763135,0.49476439790575916
Epidermis 2,marveld2,-16.510103,-1.9680841,3.1035062417505917e-61,1.0614672366965465e-59,0.23241317898486197,0.5890052356020943
Epidermis 2,hspa5,-16.54875,-2.1150303,1.6346077627322542e-61,5.608298111726497e-60,0.20569902048085487,0.575043630017452
Epidermis 2,stk17a,-16.554968,-1.5772645,1.4742218570180324e-61,5.065983486927636e-60,0.37043633125556547,0.699825479930192
Epidermis 2,aip,-16.55798,-1.6121581,1.4022486891198705e-61,4.826256884114305e-60,0.39091718610863757,0.693717277486911
Epidermis 2,itprid2,-16.638124,-1.2309487,3.689934457312248e-62,1.2740199334337116e-60,0.6402493321460374,0.8289703315881326
Epidermis 2,wdr7,-16.642675,-1.0792862,3.419915884299875e-62,1.1845394366874218e-60,0.7408726625111309,0.9048865619546248
Epidermis 2,stk10,-16.678213,-1.2345018,1.8878026411648227e-62,6.569974710184624e-61,0.6357969723953696,0.8760907504363001
Epidermis 2,lin54,-16.685743,-1.222513,1.6641906069171566e-62,5.8010069063161784e-61,0.5948352626892253,0.8315881326352531
Epidermis 2,dnase1l3,-16.693148,-4.6195354,1.4701362919903362e-62,5.13277504440338e-61,0.03383793410507569,0.43106457242582896
Epidermis 2,b4galt3l2,-16.754192,-3.059344,5.277194862505469e-63,1.848373500718007e-61,0.09349955476402494,0.48342059336823734
Epidermis 2,marveld3,-16.790628,-2.3021154,2.8580071265458536e-63,1.0026458763401458e-61,0.1682991985752449,0.5549738219895288
Epidermis 2,uba5,-16.808575,-2.2366867,2.1118998885519004e-63,7.432865720659842e-62,0.19056099732858414,0.5663176265270506
Epidermis 2,tbc1d14,-16.849785,-1.456042,1.0529750672543137e-63,3.7239820004143237e-62,0.4666073018699911,0.7469458987783595
Epidermis 2,atp11c,-16.857796,-2.2604272,9.195470616357512e-64,3.257376044148332e-62,0.2413178984861977,0.5741710296684118
Epidermis 2,tab2,-16.867058,-1.6442523,7.861683115919808e-64,2.7894274353249775e-62,0.3606411398040962,0.6928446771378709
Epidermis 2,rasef,-17.015972,-1.4774258,6.252690897178824e-65,2.270215774830934e-63,0.44612644701691895,0.7530541012216405
Epidermis 2,pick1,-17.01892,-1.8966632,5.9457068921363335e-65,2.1623545015551155e-63,0.27337488869100623,0.6256544502617801
Epidermis 2,LOC100497729,-17.187735,-5.08977,3.28100770842016e-66,1.2155325841330443e-64,0.02315227070347284,0.43455497382198954
Epidermis 2,crtc3,-17.233944,-1.5215454,1.4772468650683726e-66,5.491482767062514e-65,0.5013357079252003,0.7757417102966842
Epidermis 2,slc13a4l,-17.262177,-1.6672181,9.062927829429643e-67,3.380549541298876e-65,0.42475512021371326,0.7207678883071553
Epidermis 2,copg1,-17.285666,-2.2596798,6.032066238505698e-67,2.2577310015511638e-65,0.18521816562778273,0.5759162303664922
Epidermis 2,LOC101734002,-17.324505,-4.116767,3.0732868685041534e-67,1.1562447027177437e-65,0.06144256455921639,0.46596858638743455
Epidermis 2,cant1,-17.414392,-2.493283,6.416664608651202e-68,2.439338648525747e-66,0.1549421193232413,0.5514834205933682
Epidermis 2,LOC100496743,-17.41468,-1.410806,6.38441265816532e-68,2.431313588373917e-66,0.5075690115761353,0.7966841186736475
Epidermis 2,arhgap45,-17.61474,-1.5720886,1.898594514081174e-69,7.3848896420258996e-68,0.4683882457702582,0.7574171029668412
Epidermis 2,slc37a1,-17.616758,-3.061494,1.8320513299364477e-69,7.13878429831129e-68,0.09528049866429207,0.5078534031413613
Epidermis 2,pdia6,-17.728085,-1.8170732,2.545602703785369e-70,1.0008575963837935e-68,0.327693677649154,0.680628272251309
Epidermis 2,spag1,-17.817043,-1.8555106,5.2120163586741515e-71,2.067843799320521e-69,0.3072128227960819,0.6736474694589878
Epidermis 2,itfg1,-17.822073,-1.6733825,4.7637433424168985e-71,1.8934361288684726e-69,0.41406945681211044,0.7207678883071553
Epidermis 2,ssbp2,-17.850561,-2.0398102,2.8614234603248908e-71,1.1414830224451452e-69,0.3081032947462155,0.643979057591623
Epidermis 2,notch2,-17.854183,-2.2961876,2.6817562377103955e-71,1.0717692832065666e-69,0.20747996438112198,0.599476439790576
Epidermis 2,fam3a,-17.859951,-2.8843706,2.418501847822363e-71,9.683326389235188e-70,0.11487088156723063,0.5305410122164049
Epidermis 2,mpc1,-17.947851,-3.6973119,4.988284932583109e-72,2.0157289909980743e-70,0.05966162065894924,0.4851657940663176
Epidermis 2,hook2,-17.975763,-1.341293,3.016828581686896e-72,1.2213398233949861e-70,0.5672306322350846,0.8106457242582897
Epidermis 2,acy3,-18.047832,-2.5329,8.204662700411761e-73,3.352695595237548e-71,0.16295636687444345,0.568935427574171
Epidermis 2,creb3l4,-18.05969,-4.6954284,6.619303277701578e-73,2.7099402780999275e-71,0.032056990204808546,0.46335078534031415
Epidermis 2,srpra,-18.077925,-1.8528489,4.7565547402245195e-73,1.950992123805249e-71,0.3161175422974176,0.6788830715532286
Epidermis 2,elovl1,-18.109137,-2.4053247,2.6995091227797915e-73,1.1093406510014658e-71,0.170080142475512,0.5785340314136126
Epidermis 2,LOC100495090,-18.205946,-3.321882,4.629921306628931e-74,1.9207131717100742e-72,0.09349955476402494,0.5113438045375218
Epidermis 2,b4galt6,-18.304358,-2.9808362,7.638882446095431e-75,3.187152081381423e-73,0.10329474621549421,0.5331588132635253
Epidermis 2,nedd4,-18.37899,-2.5165656,1.9353709626722986e-75,8.121486495475429e-74,0.19323241317898487,0.5898778359511344
Epidermis 2,stim2,-18.395622,-1.6718184,1.4241715503977478e-75,5.987831869215656e-74,0.42920747996438113,0.7478184991273996
Epidermis 2,clic1,-18.500347,-3.0115588,2.0515156429823163e-76,8.675605202619598e-75,0.11219946571682991,0.5401396160558464
Epidermis 2,cnksr1,-18.547773,-2.5874949,8.500071606687064e-77,3.608561527811643e-75,0.163846838824577,0.5828970331588132
Epidermis 2,acly,-18.60302,-3.9058602,3.0370798765472123e-77,1.2969103715486638e-75,0.06678539626001781,0.5017452006980803
Epidermis 2,tpm1,-18.648716,-1.4028445,1.2934537072101745e-77,5.555994752959295e-76,0.572573463935886,0.8403141361256544
Epidermis 2,suco,-18.664707,-1.4773062,9.589951927282188e-78,4.1274623472430894e-76,0.5618878005342832,0.8167539267015707
Epidermis 2,slc38a10,-18.67118,-1.8108567,8.495446793446427e-78,3.663619456122421e-76,0.3668744434550312,0.7181500872600349
Epidermis 2,nxpe2,-18.677174,-5.2752314,7.593605424787128e-78,3.2811893856293055e-76,0.025823686553873553,0.4712041884816754
Epidermis 2,LOC100487973,-18.679607,-2.56705,7.254968727540374e-78,3.141084773882113e-76,0.163846838824577,0.587260034904014
Epidermis 2,slc22a5,-18.709219,-4.058012,4.164395907222457e-78,1.810184922141459e-76,0.05609973285841496,0.4956369982547993
Epidermis 2,anxa7,-18.735432,-1.6799177,2.545706831465481e-78,1.1109973753881653e-76,0.402493321460374,0.7478184991273996
Epidermis 2,gramd4,-18.809296,-2.1276557,6.337391721017324e-79,2.7768719828176512e-77,0.2778272484416741,0.6657940663176265
Epidermis 2,scamp2,-18.809937,-3.512305,6.261239517021982e-79,2.7490242957934945e-77,0.08281389136242208,0.5200698080279232
Epidermis 2,copb2,-18.810738,-1.651838,6.167331235416071e-79,2.7187340381416982e-77,0.42208370436331255,0.756544502617801
Epidermis 2,scfd1,-18.844578,-1.9886222,3.2555208136460615e-79,1.443876416149811e-77,0.30365093499554763,0.680628272251309
Epidermis 2,erbb2,-18.874187,-2.0437315,1.8596081613715288e-79,8.281328508017986e-78,0.29741763134461263,0.6771378708551483
Epidermis 2,slc16a12,-18.955679,-2.0875149,3.964031598416022e-80,1.7834872888461033e-78,0.26981300089047194,0.6605584642233857
Epidermis 2,tm9sf3,-18.973658,-1.1044695,2.816182516239444e-80,1.272296453144118e-78,0.7604630454140695,0.9389179755671903
Epidermis 2,LOC100492585,-18.996826,-4.718253,1.8117677843005788e-80,8.236371837754777e-79,0.03829029385574354,0.4886561954624782
Epidermis 2,znf238.2,-19.088892,-2.1661818,3.123244581450202e-81,1.4257807533854573e-79,0.25111308993766696,0.6527050610820244
Epidermis 2,p4hb,-19.089533,-1.3705969,3.085163255853397e-81,1.4113490022217396e-79,0.597506678539626,0.8586387434554974
Epidermis 2,nfxl1,-19.233833,-2.1278312,1.9283436098084513e-82,8.952848065878769e-81,0.27604630454140694,0.6666666666666666
Epidermis 2,golga1,-19.341795,-2.1365,2.3901328940202083e-83,1.1240321094917018e-81,0.26981300089047194,0.6640488656195462
Epidermis 2,cluh,-19.364578,-1.8516223,1.5360737859022521e-83,7.255122528608884e-82,0.41139804096170973,0.7382198952879581
Epidermis 2,copa,-19.428444,-1.2853465,4.435999370385674e-84,2.1043030926344737e-82,0.6705253784505788,0.8743455497382199
Epidermis 2,arfip2,-19.443474,-2.4924731,3.3097580814716982e-84,1.573469087054334e-82,0.23241317898486197,0.6204188481675392
Epidermis 2,nipal4,-19.44812,-2.4715617,3.023094342828683e-84,1.4403262370057792e-82,0.20569902048085487,0.6239092495636999
Epidermis 2,vsig8,-19.477346,-4.678963,1.7091242811414215e-84,8.160787951594521e-83,0.03561887800534283,0.49912739965095987
Epidermis 2,fastkd3,-19.529259,-1.3802522,6.193083057350753e-85,2.9700937449329843e-83,0.699020480854853,0.8883071553228621
Epidermis 2,adap1l,-19.532913,-1.5921143,5.765526637386793e-85,2.7711356113307755e-83,0.5877114870881567,0.8621291448516579
Epidermis 2,golga2,-19.581398,-1.450156,2.2282309357695765e-85,1.0757129922439807e-83,0.5966162065894924,0.8568935427574171
Epidermis 2,cldn4,-19.581814,-3.7531857,2.2100812989824895e-85,1.0693167189600202e-83,0.06945681211041853,0.5270506108202443
Epidermis 2,LOC100493464,-19.59758,-4.4490457,1.6215313542631357e-85,7.862985706972419e-84,0.04719501335707925,0.5087260034904014
Epidermis 2,nectin2,-19.615269,-1.154315,1.1452859188116364e-85,5.57841161481891e-84,0.7951914514692787,0.9554973821989529
Epidermis 2,slc39a11,-19.616135,-1.7210203,1.1259627302158887e-85,5.496562133342486e-84,0.5040071237756011,0.7783595113438045
Epidermis 2,ehd4,-19.654846,-3.9193108,5.254874357594693e-86,2.5767778282488493e-84,0.060552092609082814,0.5261780104712042
Epidermis 2,ssr1,-19.695639,-1.6522942,2.350118777033949e-86,1.157605910466316e-84,0.4479073909171861,0.787085514834206
Epidermis 2,ppp1r1a,-19.702658,-4.386696,2.0459536122853836e-86,1.0100623025719311e-84,0.08281389136242208,0.5287958115183246
Epidermis 2,st14,-19.836895,-1.3411437,1.4302305356053808e-87,7.109125402607065e-86,0.6482635796972396,0.8848167539267016
Epidermis 2,rnf31,-19.862885,-1.7946208,8.527046520437253e-88,4.257864579461357e-86,0.41674087266251114,0.7696335078534031
Epidermis 2,gale,-19.93348,-4.65964,2.0854425858566945e-88,1.0485355452990537e-86,0.03561887800534283,0.5113438045375218
Epidermis 2,asb9,-19.93489,-3.022238,2.027500152009665e-88,1.021757062748335e-86,0.12288512911843277,0.581151832460733
Epidermis 2,dnajb11,-19.950977,-1.9376448,1.4698837052533763e-88,7.424613965818037e-87,0.4300979519145147,0.7643979057591623
Epidermis 2,stt3a,-19.958668,-1.8769397,1.2602742861463596e-88,6.380613735034736e-87,0.3633125556544969,0.7356020942408377
Epidermis 2,cmtm4,-19.97376,-3.045689,9.316664483101708e-89,4.727882225250287e-87,0.1585040071237756,0.5916230366492147
Epidermis 2,akap9,-19.995136,-1.8188436,6.0713887906174456e-89,3.095415299066899e-87,0.4568121104185218,0.7574171029668412
Epidermis 2,rnf43,-20.009588,-1.6210717,4.5438964272892225e-89,2.3220694131119e-87,0.5565449688334817,0.8307155322862129
Epidermis 2,elf1,-20.06647,-1.7447681,1.449452565975685e-89,7.459552934470618e-88,0.42920747996438113,0.7853403141361257
Epidermis 2,prkcb,-20.147095,-2.735824,2.8537887567088054e-90,1.4791573505972172e-88,0.20302760463045413,0.6256544502617801
Epidermis 2,frrs1,-20.167475,-4.7518444,1.89045663330523e-90,9.845263531110602e-89,0.032056990204808546,0.5148342059336823
Epidermis 2,slc41a2,-20.21596,-2.599872,7.085320811597608e-91,3.698774771049555e-89,0.18788958147818344,0.6352530541012217
Epidermis 2,parm1,-20.220125,-4.3094106,6.511655660417869e-91,3.407454152661351e-89,0.05075690115761353,0.5287958115183246
Epidermis 2,sec61a1,-20.226856,-1.3415667,5.68123130382931e-91,2.980051641366812e-89,0.6731967943009796,0.8987783595113438
Epidermis 2,rgl3,-20.292677,-1.4629917,1.4924396986946736e-91,7.866310788699631e-90,0.6295636687444346,0.8708551483420593
Epidermis 2,gal3st4.1,-20.358145,-4.487975,3.9318611649450195e-92,2.0875217148483036e-90,0.04096170970614425,0.5261780104712042
Epidermis 2,arhgef16,-20.497992,-3.9695866,2.243640069363088e-93,1.197028605221808e-91,0.07034728406055209,0.5471204188481675
Epidermis 2,LOC733521,-20.553911,-4.430658,7.100593561028012e-94,3.797599316058633e-92,0.0578806767586821,0.5366492146596858
Epidermis 2,xbp1,-20.587526,-1.374477,3.5503798798215113e-94,1.903509566525435e-92,0.686553873552983,0.9066317626527051
Epidermis 2,pik3r6,-20.693115,-4.700448,3.9954073946631e-95,2.1526860434307037e-93,0.048975957257346395,0.5340314136125655
Epidermis 2,golgb1,-20.722727,-1.2075505,2.1609804360635566e-95,1.1700931537305922e-93,0.8210151380231523,0.956369982547993
Epidermis 2,pc.2,-20.78794,-3.5711715,5.565102294765845e-96,3.035902429352137e-94,0.21104185218165628,0.6230366492146597
Epidermis 2,rab15,-20.791624,-3.0972195,5.153746942661587e-96,2.818544161298709e-94,0.12822796081923418,0.6003490401396161
Epidermis 2,rhof,-20.8602,-2.9947896,1.2315394057442448e-96,6.769123771472333e-95,0.1460373998219056,0.612565445026178
Epidermis 2,fam83e,-20.868885,-4.5481067,1.0270151285717132e-96,5.6592164445867055e-95,0.048975957257346395,0.5418848167539267
Epidermis 2,astl2c,-20.872217,-4.0247793,9.57855827041064e-97,5.2914865827501406e-95,0.10685663401602849,0.5724258289703316
Epidermis 2,man1a1,-20.883755,-1.6412123,7.52417755967417e-97,4.167133972833758e-95,0.6081923419412288,0.8603839441535777
Epidermis 2,gch1,-20.901026,-4.536907,5.240597295061648e-97,2.909798309810184e-95,0.060552092609082814,0.5462478184991274
Epidermis 2,tram1,-20.925926,-1.7214011,3.109680821991767e-97,1.7310292147112843e-95,0.4657168299198575,0.81239092495637
Epidermis 2,abi1,-20.938904,-1.2526349,2.368445921359146e-97,1.3217866611247552e-95,0.7640249332146037,0.9354275741710296
Epidermis 2,misp3,-20.993414,-5.208261,7.533670334066021e-98,4.226021088937138e-96,0.025823686553873553,0.5296684118673648
Epidermis 2,dhfr,-21.062727,-4.8186817,1.748149090557888e-98,9.856940905701207e-97,0.0365093499554764,0.537521815008726
Epidermis 2,slit2,-21.088364,-1.5353639,1.0171935162575198e-98,5.765241485261128e-97,0.8949243098842387,0.9546247818499127
Epidermis 2,strn,-21.099997,-2.5578535,7.954246555240873e-99,4.5200420333831005e-97,0.22974176313446126,0.6745200698080279
Epidermis 2,capns2,-21.266184,-2.7173324,2.335248291332871e-100,1.3445238249386431e-98,0.20837043633125557,0.6535776614310645
Epidermis 2,syt8,-21.292557,-3.8966596,1.3306611255727468e-100,7.681575772783839e-99,0.06856634016028496,0.568935427574171
Epidermis 2,LOC108647843,-21.333544,-4.3026876,5.5445120036727966e-101,3.2091988443539548e-99,0.06856634016028496,0.56282722513089
Epidermis 2,hacl1,-21.385263,-3.8599808,1.832465823783137e-101,1.063463743105634e-99,0.0730186999109528,0.5732984293193717
Epidermis 2,slc18a2,-21.480408,-4.8369613,2.374171732906144e-102,1.3815147035665324e-100,0.04363312555654497,0.5506108202443281
Epidermis 2,rrbp1,-21.54972,-2.4449973,5.326673915730327e-103,3.1394857001977644e-101,0.2965271593944791,0.7033158813263525
Epidermis 2,itprid1,-21.561386,-3.9549088,4.140236789805908e-103,2.4483497829364422e-101,0.08726625111308994,0.5794066317626527
Epidermis 2,iqsec2,-21.60282,-2.5662246,1.6897720586209757e-103,1.0019705459556606e-101,0.2991985752448798,0.7068062827225131
Epidermis 2,MGC75872,-21.611185,-4.768811,1.4098602108141338e-103,8.405617393490496e-102,0.03829029385574354,0.5523560209424084
Epidermis 2,spint2,-21.635859,-1.8587959,8.259632559526065e-104,4.9514681890499524e-102,0.44345503116651824,0.800174520069808
Epidermis 2,fam3d,-21.815506,-4.783274,1.653326901050594e-105,1.002145730772917e-103,0.039180765805877114,0.5567190226876091
Epidermis 2,tspan15,-21.847038,-3.0171692,8.294048367729148e-106,5.041349009253976e-104,0.14069456812110417,0.6422338568935427
Epidermis 2,stim1,-21.87415,-1.880269,4.579793073048633e-106,2.7914990124858724e-104,0.44078361531611754,0.7949389179755671
Epidermis 2,slc10a7,-21.962337,-1.6513723,6.601428882665792e-107,4.1039823261723716e-105,0.628673196794301,0.8612565445026178
Epidermis 2,ap1g1,-21.973457,-1.8891791,5.168096870379503e-107,3.2313192495286855e-105,0.4452359750667854,0.8036649214659686
Epidermis 2,frk,-21.981949,-4.0064507,4.286559555734036e-107,2.68784528924346e-105,0.07212822796081923,0.5855148342059336
Epidermis 2,fam3b,-22.009413,-3.83732,2.3400584241620763e-107,1.471539333534313e-105,0.07836153161175423,0.5907504363001745
Epidermis 2,slc45a3,-22.043924,-4.0081363,1.0924377037989159e-107,6.909589314375693e-106,0.07390917186108638,0.5855148342059336
Epidermis 2,slc6a16,-22.052418,-4.6119437,9.055564723342078e-108,5.744229006629288e-106,0.04630454140694568,0.568935427574171
Epidermis 2,vill,-22.063793,-3.780231,7.042268449206982e-108,4.48015568017917e-106,0.09082813891362422,0.5986038394415357
Epidermis 2,erbb3,-22.070234,-4.5926933,6.107413102267786e-108,3.8967795703095136e-106,0.04808548530721282,0.568935427574171
Epidermis 2,actn4,-22.084333,-1.9075435,4.470848353597074e-108,2.8609496165349485e-106,0.45235975066785394,0.8089005235602095
Epidermis 2,zmynd11,-22.117277,-1.8825783,2.155525169609887e-108,1.3834033742958043e-106,0.4844167408726625,0.8115183246073299
Epidermis 2,pdia4,-22.121828,-2.7230756,1.9487257574077312e-108,1.2543700516930415e-106,0.21727515583259127,0.6797556719022687
Epidermis 2,slc39a5,-22.210049,-3.645847,2.746415847191313e-109,1.7889414985540787e-107,0.10685663401602849,0.6108202443280978
Epidermis 2,plcd3,-22.253887,-3.4304667,1.0343009892194545e-109,6.7573299059154845e-108,0.1460373998219056,0.6300174520069808
Epidermis 2,pank1,-22.292437,-2.6332817,4.3751607908215944e-110,2.866978486982523e-108,0.21994657168299198,0.693717277486911
Epidermis 2,prkcd,-22.338615,-2.2660081,1.5580097492172406e-110,1.0271096899598008e-108,0.3134461264470169,0.7547993019197208
Epidermis 2,itsn2,-22.362135,-2.465935,9.200298204695172e-111,6.102118757588248e-109,0.2769367764915405,0.7190226876090751
Epidermis 2,hsp90b1,-22.39713,-1.8390477,4.1976942516597636e-111,2.792618483703284e-109,0.5102404274265361,0.8472949389179756
Epidermis 2,slc18a1,-22.48548,-4.936133,5.757649830737588e-112,3.8539164710590464e-110,0.04363312555654497,0.5732984293193717
Epidermis 2,gmds,-22.598085,-2.7621243,4.525666977243881e-113,3.047980836741936e-111,0.2493321460373998,0.7024432809773123
Epidermis 2,wipf3,-22.6185,-4.449917,2.850129707484859e-113,1.925469979784121e-111,0.05609973285841496,0.5855148342059336
Epidermis 2,golm1,-22.620485,-4.271632,2.7246399348576365e-113,1.846408944674798e-111,0.058771148708815675,0.5916230366492147
Epidermis 2,atp12a-like,-22.700983,-3.6767633,4.380832187628524e-114,2.9966814785655807e-112,0.12377560106856635,0.6300174520069808
Epidermis 2,fbp1,-22.702457,-3.8676374,4.236382373453986e-114,2.906984269532687e-112,0.08281389136242208,0.6090750436300174
Epidermis 2,mfsd1,-22.731876,-2.3883681,2.168712596684402e-114,1.4975784041851372e-112,0.2920747996438112,0.7329842931937173
Epidermis 2,stard10,-22.752512,-3.9348576,1.355125253754946e-114,9.417257376492572e-113,0.0730186999109528,0.6055846422338569
Epidermis 2,cert1,-22.773598,-2.3176312,8.377734255650471e-115,5.840592306471212e-113,0.3232413178984862,0.7600349040139616
Epidermis 2,vgll1,-22.787281,-5.1528244,6.1304350136442225e-115,4.287571231818288e-113,0.032056990204808546,0.575043630017452
Epidermis 2,hk2,-22.789814,-2.5019078,5.786131237120882e-115,4.059780377016552e-113,0.3072128227960819,0.7486910994764397
Epidermis 2,mansc1,-22.870054,-2.0735059,9.231633756181571e-116,6.519206478758514e-114,0.37934105075690117,0.806282722513089
Epidermis 2,rab11fip1,-22.89018,-3.0269563,5.820049810394106e-116,4.123354120539278e-114,0.1611754229741763,0.6684118673647469
Epidermis 2,camk1,-22.915592,-2.2649753,3.2485070560185874e-116,2.308979559263244e-114,0.37934105075690117,0.7809773123909249
Epidermis 2,atg2a,-22.922834,-3.3868036,2.750805802900671e-116,1.9616122034344947e-114,0.13089937666963491,0.6448516579406631
Epidermis 2,LOC100496053,-23.02272,-4.5799747,2.7607454329915583e-117,1.9816521741219999e-115,0.05699020480854853,0.5968586387434555
Epidermis 2,zfhx3,-23.059252,-1.6385123,1.1879080754330713e-117,8.554898387467013e-116,0.6215494211932324,0.8917975567190227
Epidermis 2,atp8b1,-23.071974,-1.5266966,8.853282445235888e-118,6.396936299254712e-116,0.6705253784505788,0.9118673647469459
Epidermis 2,grk3,-23.104082,-1.2128007,4.21250807455357e-118,3.0742855750780417e-116,0.8414959928762245,0.956369982547993
Epidermis 2,b4galnt3,-23.14305,-3.0538752,1.7079928186866574e-118,1.2591253816405929e-116,0.1709706144256456,0.6736474694589878
Epidermis 2,nectin4,-23.165354,-2.067444,1.0180992350835088e-118,7.530828274154998e-117,0.41585040071237755,0.8027923211169284
Epidermis 2,LOC100486640,-23.260817,-3.9468124,1.1056458192123002e-119,8.290823856024605e-118,0.09706144256455922,0.6256544502617801
Epidermis 2,LOC100489305,-23.394285,-4.897325,4.886094852003253e-121,3.727953698096607e-119,0.04363312555654497,0.5959860383944153
Epidermis 2,hpgd,-23.422678,-4.125404,2.5107117683017946e-121,1.9223242630215248e-119,0.08637577916295637,0.6239092495636999
Epidermis 2,pard6b,-23.468695,-3.075173,8.518936333306541e-122,6.568611651204312e-120,0.1611754229741763,0.680628272251309
Epidermis 2,kiaa0232,-23.473822,-1.5420178,7.55138159024734e-122,5.843216229815149e-120,0.748886910062333,0.9424083769633508
Epidermis 2,rab27a,-23.51202,-4.654007,3.073218749931117e-122,2.386502005062167e-120,0.04986642920747997,0.6029668411867365
Epidermis 2,mia3,-23.51984,-1.0432343,2.5561989067021143e-122,1.9992407291450478e-120,0.92520035618878,0.9886561954624782
Epidermis 2,degs3,-23.816227,-4.9377184,2.267963417686134e-125,1.8329344347158935e-123,0.037399821905609976,0.6047120418848168
Epidermis 2,dipk1c,-23.975845,-4.0650206,4.968692582100078e-127,4.0305517038663865e-125,0.0881567230632235,0.6387434554973822
Epidermis 2,nipal3,-24.020388,-4.0808797,1.7029411047060358e-127,1.386562606186209e-125,0.08014247551202137,0.6361256544502618
Epidermis 2,LOC100486856,-24.08669,-4.989392,3.446638676486094e-128,2.8168203205843846e-126,0.0427426536064114,0.612565445026178
Epidermis 2,spata13,-24.208271,-3.3555615,1.820500322933738e-129,1.493426223561545e-127,0.14870881567230632,0.6823734729493892
Epidermis 2,sacm1l,-24.296171,-2.501935,2.151794276954477e-130,1.771860487449949e-128,0.3054318788958148,0.7591623036649214
Epidermis 2,sptlc3,-24.440054,-1.3014306,6.419954493606824e-132,5.306432841098277e-130,0.9492430988423864,0.9956369982547993
Epidermis 2,hyou1,-24.47069,-2.6589315,3.0312122443159394e-132,2.5149841210349095e-130,0.2715939447907391,0.7556719022687609
Epidermis 2,slc33a1,-24.62845,-3.0454552,6.263890326230911e-134,5.2570904157186426e-132,0.17809439002671415,0.7120418848167539
Epidermis 2,slc35f2,-24.77214,-3.3778045,1.7902678456414172e-135,1.5083179405305547e-133,0.1522707034728406,0.6972076788830716
Epidermis 2,hal.1,-24.826202,-2.198048,4.674490491314468e-136,3.9535681012005046e-134,0.46215494211932323,0.8717277486910995
Epidermis 2,gadd45a,-24.887632,-2.5277646,1.0127519213255201e-136,8.598933725775944e-135,0.30632235084594833,0.7853403141361257
Epidermis 2,ag1,-24.979507,-4.150032,1.0210520792401212e-137,8.703272430116674e-136,0.1006233303650935,0.6649214659685864
Epidermis 2,upk1a,-25.02469,-4.020654,3.2934065832770266e-138,2.8182519628897255e-136,0.0854853072128228,0.6640488656195462
Epidermis 2,mtus1,-25.08372,-4.4421,7.487757834052453e-139,6.432691484128291e-137,0.11932324131789848,0.6640488656195462
Epidermis 2,LOC100493594,-25.105286,-2.611196,4.354505222748188e-139,3.7557177259125775e-137,0.2920747996438112,0.7792321116928447
Epidermis 2,LOC100489670,-25.278587,-4.515261,5.494372855483947e-141,4.834383470948194e-139,0.09082813891362422,0.6605584642233857
Epidermis 2,iqgap1,-25.287142,-1.6815226,4.424086915997374e-141,3.9084210766793e-139,0.7275155832591274,0.9415357766143106
Epidermis 2,slc2a11.3,-25.338223,-3.5667498,1.2117572743630136e-141,1.0748681091006228e-139,0.13980409617097062,0.7024432809773123
Epidermis 2,magi1,-25.42183,-1.8031034,1.446923696990631e-142,1.2939886062308425e-140,0.6856634016028496,0.9267015706806283
Epidermis 2,anxa4,-25.422375,-2.5728354,1.4269925431750369e-142,1.281415814181995e-140,0.327693677649154,0.8097731239092496
Epidermis 2,LOC100497498,-25.43186,-3.611283,1.1207632953331672e-142,1.0105857796473158e-140,0.1495992876224399,0.699825479930192
Epidermis 2,galnt6.3,-25.451246,-4.334995,6.838635981244603e-143,6.191945051731887e-141,0.06767586821015138,0.6631762652705061
Epidermis 2,hdlbp,-25.506012,-1.4009559,1.6906174786329943e-143,1.543554979131823e-141,0.8040961709706145,0.9616055846422339
Epidermis 2,cndp2,-25.506653,-4.235288,1.6631636095572084e-143,1.5248694589978087e-141,0.08726625111308994,0.6710296684118674
Epidermis 2,ccdc186,-25.598751,-2.802583,1.5751481122961048e-144,1.450266116388747e-142,0.27248441674087265,0.7722513089005235
Epidermis 2,slain2,-25.646372,-2.5920067,4.641090603215538e-145,4.309499491607075e-143,0.31255565449688333,0.8010471204188482
Epidermis 2,map7,-25.78673,-3.466941,1.2492569441056414e-146,1.1649587939029573e-144,0.18788958147818344,0.7242582897033158
Epidermis 2,rreb1,-25.82166,-1.224789,5.065523781645299e-147,4.764430794796641e-145,0.9447907390917186,0.9956369982547993
Epidermis 2,LOC100488176,-25.824,-4.9855094,4.768155477395829e-147,4.5041524100543024e-145,0.04986642920747997,0.6570680628272252
Epidermis 2,rapgef2,-25.832523,-1.8192106,3.824655949132995e-147,3.6286007593926556e-145,0.6687444345503116,0.9118673647469459
Epidermis 2,rhpn2,-25.877354,-3.0413406,1.1979648193460294e-147,1.1415192280764065e-145,0.21816562778272486,0.7521815008726004
Epidermis 2,sidt1,-25.891647,-4.7315955,8.270633871843266e-148,7.9155044612935045e-146,0.06233303650934995,0.6657940663176265
Epidermis 2,capn9,-26.101736,-4.555593,3.484032372972205e-150,3.3788920182500656e-148,0.0881567230632235,0.6797556719022687
Epidermis 2,LOC100486361,-26.157879,-4.002794,8.0173964357631e-151,7.810161054677974e-149,0.10418521816562779,0.6963350785340314
Epidermis 2,LOC100494753,-26.25642,-3.3721578,6.037612202398422e-152,5.961390763282171e-150,0.2475512021371327,0.7678883071553229
Epidermis 2,sh3d21,-26.310192,-3.1341467,1.4661773276528747e-152,1.454247975759699e-150,0.21905609973285842,0.7626527050610821
Epidermis 2,sec24d,-26.37345,-3.931149,2.7635856073170426e-153,2.76624777693877e-151,0.12911843276936777,0.705933682373473
Epidermis 2,vwf,-26.397066,-4.195756,1.4806540596809597e-153,1.4889102413040655e-151,0.1006233303650935,0.6989528795811518
Epidermis 2,LOC595077,-26.474873,-4.432765,1.8874975287048218e-154,1.9068094247161071e-152,0.08726625111308994,0.68760907504363
Epidermis 2,epcam,-26.48737,-1.4147971,1.3550361740168223e-154,1.375267179219585e-152,0.8593054318788959,0.9764397905759162
Epidermis 2,ap1s3,-26.49945,-4.3226666,9.834422189871682e-155,1.0027893766597663e-152,0.08459483526268922,0.6902268760907504
Epidermis 2,cyp4f22,-26.508327,-5.1642156,7.770162235347667e-155,7.997769346109502e-153,0.048975957257346395,0.6701570680628273
Epidermis 2,epb41l5,-26.531113,-2.0082633,4.242708519055913e-155,4.3876844831430844e-153,0.553873552983081,0.8987783595113438
Epidermis 2,hagh,-26.587383,-4.9710646,9.498559862281758e-156,9.869908321659535e-154,0.053428317008014245,0.675392670157068
Epidermis 2,cpeb2,-26.673458,-1.894111,9.566981733095844e-157,1.0036591749898288e-154,0.6366874443455031,0.9380453752181501
Epidermis 2,calr,-26.680988,-1.3142055,7.823554678726925e-157,8.24723606978262e-155,0.9180765805877115,0.9921465968586387
Epidermis 2,cpne1,-26.78472,-3.2100818,4.868720508206654e-158,5.182456107784263e-156,0.19056099732858414,0.7582897033158813
Epidermis 2,crybg1,-26.88265,-3.5775712,3.504105284045326e-159,3.748190264860444e-157,0.20926090828138913,0.7504363001745201
Epidermis 2,trpv5,-26.934404,-3.3950214,8.688473349873673e-160,9.339466845694256e-158,0.17809439002671415,0.7495636998254799
Epidermis 2,osbpl1a,-26.936998,-3.5769582,8.100977889128376e-160,8.75106131280546e-158,0.21905609973285842,0.7539267015706806
Epidermis 2,flvcr2,-26.970295,-2.37521,3.298035528899045e-160,3.5804195659754256e-158,0.42297417631344614,0.8673647469458988
Epidermis 2,abcg2,-27.037237,-4.4673514,5.3963985925984255e-161,5.887740684454512e-159,0.09260908281389137,0.7050610820244329
Epidermis 2,cdh1,-27.080595,-1.4741011,1.6668395806782133e-161,1.8277440447225774e-159,0.8735529830810329,0.9956369982547993
Epidermis 2,slc35d2,-27.12738,-2.6723394,4.681874772585651e-162,5.1597570410399734e-160,0.30632235084594833,0.8298429319371727
Epidermis 2,ezr,-27.191921,-3.6920133,8.093376754018314e-163,8.964749956824041e-161,0.1558325912733749,0.7469458987783595
Epidermis 2,chmp5,-27.222748,-1.9698181,3.4944553527865736e-163,3.890434196589582e-161,0.6500445235975066,0.9284467713787086
Epidermis 2,lrrfip1,-27.251396,-3.6389377,1.599714543988027e-163,1.790121593044243e-161,0.17275155832591274,0.7495636998254799
Epidermis 2,cat1,-27.32289,-4.272702,2.26811822864844e-164,2.5511653539864747e-162,0.08726625111308994,0.7155322862129145
Epidermis 2,gbf1,-27.40233,-2.6668622,2.572659748331352e-165,2.9087050968051e-163,0.3659839715048976,0.8324607329842932
Epidermis 2,plcb4,-27.47988,-3.0857384,3.054615133266679e-166,3.489777844136765e-164,0.4781834372217275,0.8106457242582897
Epidermis 2,LOC101730864,-27.544483,-4.917732,5.152661985155099e-167,5.917696693582602e-165,0.06500445235975066,0.7041884816753927
Epidermis 2,hdac7,-27.620913,-2.594889,6.24160712196905e-168,7.206249153888182e-166,0.41406945681211044,0.8568935427574171
Epidermis 2,myh9,-27.699583,-1.8813081,7.0633180578087e-169,8.198333156353387e-167,0.7595725734639359,0.9520069808027923
Epidermis 2,slc35d1,-27.92528,-2.6295843,1.3163280739865793e-171,1.5442792958312447e-169,0.390026714158504,0.8516579406631762
Epidermis 2,rab1a,-27.949121,-1.9772252,6.756518458872075e-172,7.969404826543111e-170,0.6055209260908282,0.9363001745200699
Epidermis 2,sptlc2,-27.976809,-4.123338,3.112118057849225e-172,3.710903177067101e-170,0.10329474621549421,0.7417102966841187
Epidermis 2,frmd4b,-28.043495,-3.243641,4.795204478264496e-173,5.781003144762961e-171,0.21193232413178986,0.7905759162303665
Epidermis 2,nr1i3,-28.084608,-4.823902,1.5103224124396162e-173,1.8309302978802705e-171,0.06411398040961709,0.7164048865619547
Epidermis 2,rassf7,-28.12178,-4.1026998,5.306426693873769e-174,6.468800943408911e-172,0.10418521816562779,0.7425828970331588
Epidermis 2,sgms1,-28.1512,-3.938585,2.3167513618254358e-174,2.840102891370384e-172,0.14247551202137132,0.7556719022687609
Epidermis 2,chpf,-28.219423,-2.0740392,3.378406474474662e-175,4.188648163608614e-173,0.5859305431878896,0.9380453752181501
Epidermis 2,atp10d,-28.325686,-2.4107113,1.6685044454523238e-176,2.080482028812295e-174,0.4416740872662511,0.8760907504363001
Epidermis 2,slc22a23,-28.353437,-2.2471983,7.591856415670839e-177,9.575832303257422e-175,0.5298308103294747,0.912739965095986
Epidermis 2,ica1,-28.465948,-2.7818298,3.0934832285808657e-178,3.924587065747853e-176,0.3205699020480855,0.8464223385689355
Epidermis 2,grk6,-28.505045,-3.2115045,1.0143799615655194e-178,1.294431879609427e-176,0.25645592163846836,0.8106457242582897
Epidermis 2,atf6,-28.519978,-1.9775565,6.623067187701357e-179,8.55159462146931e-177,0.6464826357969724,0.944153577661431
Epidermis 2,angpt4.2,-28.52001,-4.2788,6.617009488490799e-179,8.55159462146931e-177,0.11130899376669635,0.7504363001745201
Epidermis 2,rab25,-28.596117,-4.604716,7.508824638189601e-180,9.81138098382846e-178,0.08014247551202137,0.7364746945898778
Epidermis 2,wdfy3,-28.653606,-2.5296607,1.445490418832631e-180,1.9001232788763158e-178,0.5707925200356189,0.8961605584642234
Epidermis 2,adgrf1,-28.668283,-4.775633,9.48652453157553e-181,1.2545784957788462e-178,0.07747105966162066,0.7338568935427574
Epidermis 2,syt16,-28.785152,-5.215306,3.2907681653306835e-182,4.378527569248832e-180,0.06144256455921639,0.7260034904013961
Epidermis 2,LOC101732788,-28.785921,-4.6517105,3.218629734330066e-182,4.3088171431175685e-180,0.14069456812110417,0.7521815008726004
Epidermis 2,lgals3,-28.83524,-5.167695,7.759805152723873e-183,1.045226594059183e-180,0.06411398040961709,0.7286212914485166
Epidermis 2,stk24,-28.900229,-3.292414,1.1860800818346682e-183,1.607543693522627e-181,0.22172751558325912,0.8150087260034904
Epidermis 2,ikzf2,-28.91199,-4.554233,8.439121436724932e-184,1.1509379304423422e-181,0.10774710596616206,0.7486910994764397
Epidermis 2,LOC100488554,-29.093622,-3.2325902,4.3229015240075374e-186,5.970255326289144e-184,0.26892252894033836,0.8350785340314136
Epidermis 2,upk3a,-29.197674,-4.513547,2.075715052565839e-187,2.8849795007668266e-185,0.08726625111308994,0.7539267015706806
Epidermis 2,uso1,-29.259842,-2.1790423,3.365827927757841e-188,4.738434271716377e-186,0.578806767586821,0.9389179755671903
Epidermis 2,ttc39a,-29.27346,-5.081691,2.258314461561677e-188,3.199914276995932e-186,0.06767586821015138,0.7382198952879581
Epidermis 2,fcgbp,-29.320246,-4.756678,5.7254446540289495e-189,8.165681555265733e-187,0.1682991985752449,0.7713787085514834
Epidermis 2,sytl5,-29.45833,-4.71533,9.847571865644883e-191,1.4137096426331381e-188,0.09082813891362422,0.7556719022687609
Epidermis 2,galnt1,-29.4649,-1.9710993,8.1129385213054e-191,1.1724002084331467e-188,0.7195013357079252,0.9476439790575916
Epidermis 2,upk1b,-29.491657,-4.2015347,3.683184530290609e-191,5.358051309031425e-189,0.11487088156723063,0.7713787085514834
Epidermis 2,atp13a2,-29.527836,-3.9916797,1.2648003359529275e-191,1.890356721289646e-189,0.1371326803205699,0.7835951134380453
Epidermis 2,galnt7,-29.84406,-2.5087268,1.0483532954721543e-195,1.5776632593446813e-193,0.6046304541406946,0.9267015706806283
Epidermis 2,clcn3,-29.846752,-3.3639202,9.673377347277674e-196,1.4658525492704592e-193,0.2288512911843277,0.8280977312390925
Epidermis 2,acer3,-29.861109,-3.0143356,6.298457268044559e-196,9.611093429790232e-194,0.3223508459483526,0.8630017452006981
Epidermis 2,LOC100487159,-29.907671,-2.6165922,1.5640440023100783e-196,2.4034509981977617e-194,0.46482635796972394,0.9171029668411868
Epidermis 2,mtmr12,-30.032455,-4.4873753,3.700560056031638e-198,5.726944750543714e-196,0.10507569011576136,0.7766143106457243
Epidermis 2,dmxl1,-30.043415,-3.4845293,2.6615767434904036e-198,4.148447579978864e-196,0.27248441674087265,0.8368237347294939
Epidermis 2,krt18.1,-30.075653,-2.312153,1.0088384502708952e-198,1.5837312103137556e-196,0.5921638468388246,0.9345549738219895
Epidermis 2,esrp1,-30.202873,-1.1657108,2.1715374714261027e-200,3.433704287245578e-198,0.9652715939447908,0.9965095986038395
Epidermis 2,LOC100216141,-30.404758,-4.130441,4.752300947964929e-203,7.624996984231081e-201,0.13980409617097062,0.7984293193717278
Epidermis 2,rnd1,-30.637857,-2.166337,3.8355128642762324e-206,6.2458750904008705e-204,0.6144256455921638,0.9520069808027923
Epidermis 2,dsc3,-30.672947,-4.471661,1.3066572301107793e-206,2.1600429862308573e-204,0.11487088156723063,0.7914485165794066
Epidermis 2,tbc1d30,-30.683298,-4.129728,9.508458316902813e-207,1.5838478544514222e-204,0.13624220837043632,0.8089005235602095
Epidermis 2,camsap3,-30.707138,-2.885815,4.5702980200761975e-207,7.671421007390978e-205,0.41674087266251114,0.8883071553228621
Epidermis 2,armh4,-30.851696,-4.747782,5.315833162678511e-209,8.991999646729287e-207,0.11219946571682991,0.7923211169284468
Epidermis 2,gfpt1,-31.023075,-1.9498924,2.6335224023603888e-211,4.524889160780004e-209,0.92520035618878,0.9982547993019197
Epidermis 2,lmo7,-31.157185,-2.4606998,4.0539523525739616e-213,7.020737641707653e-211,0.6170970614425646,0.9328097731239092
Epidermis 2,jup,-31.23938,-2.2764044,3.111986022937928e-214,5.476342500526494e-212,0.6251113089937667,0.9432809773123909
Epidermis 2,grhl1,-31.240854,-1.852498,2.971786686142835e-214,5.272142868156325e-212,0.8753339269813001,0.9947643979057592
Epidermis 2,tat,-31.500551,-3.4484663,8.536934853236195e-218,1.5395409539873308e-215,0.28851291184327693,0.8778359511343804
Epidermis 2,ankdd1b,-31.512247,-4.9273934,5.903319687852007e-218,1.0734694909051553e-215,0.11308993766696349,0.8045375218150087
Epidermis 2,ocln,-31.569544,-1.8401111,9.67053385923126e-219,1.773283355817524e-216,0.7898486197684773,0.9825479930191972
Epidermis 2,tanc2,-31.57512,-2.044306,8.108096910439822e-219,1.499379514260232e-216,0.8130008904719501,0.9642233856893543
Epidermis 2,kalrn,-31.639755,-3.7742112,1.0490220453094724e-219,1.9564709445041022e-217,0.20837043633125557,0.8411867364746946
Epidermis 2,lpcat4,-31.645075,-4.289341,8.863597742982723e-220,1.667349709910569e-217,0.1522707034728406,0.8237347294938918
Epidermis 2,atp1b2,-31.67757,-5.018212,3.164910531162882e-220,6.005348930478717e-218,0.08904719501335707,0.8019197207678883
Epidermis 2,gfod1,-31.834175,-3.9232423,2.179769765387926e-222,4.17234702197631e-220,0.2226179875333927,0.8603839441535777
Epidermis 2,fucolectin,-31.8924,-4.910113,3.403124015482572e-223,6.571643286888955e-221,0.14692787177203917,0.819371727748691
Epidermis 2,cers2,-31.92403,-3.8738725,1.2392248531103918e-223,2.414386207118023e-221,0.17898486197684774,0.8446771378708552
Epidermis 2,rbbp8nl,-31.987,-4.7405434,1.6534958771968452e-224,3.280084866937487e-222,0.09260908281389137,0.8184991273996509
Epidermis 2,kiaa1671,-32.05907,-2.25361,1.6410366979021897e-225,3.285235026139787e-223,0.7818343722172751,0.9729493891797557
Epidermis 2,rtbdn,-32.073425,-4.469995,1.0351305952727857e-225,2.091443029578468e-223,0.13268032056990206,0.8272251308900523
Epidermis 2,sgsm3,-32.086983,-4.259,6.698190672978399e-226,1.3659926978977723e-223,0.16028495102404275,0.8368237347294939
Epidermis 2,smap1,-32.24317,-2.890856,4.3855858113092177e-228,9.028100753639475e-226,0.4505788067675868,0.9171029668411868
Epidermis 2,gcc2,-32.359142,-2.6997702,1.0317814760152685e-229,2.144238436964683e-227,0.5129118432769367,0.9223385689354275
Epidermis 2,pkp3,-32.39824,-3.6706326,2.9060940128649393e-230,6.097488216800561e-228,0.25289403383793413,0.8743455497382199
Epidermis 2,scel,-32.40577,-4.439508,2.2763408975447967e-230,4.8225276432354373e-228,0.13891362422083706,0.837696335078534
Epidermis 2,ccdc149,-32.620056,-4.283541,2.1310939086336013e-233,4.604217839633051e-231,0.1522707034728406,0.8472949389179756
Epidermis 2,chsy1,-32.645435,-3.096554,9.301976325476463e-234,2.029784253982219e-231,0.5716829919857525,0.9363001745200699
Epidermis 2,anxa9,-32.70818,-4.7965627,1.1948352456425569e-234,2.6335858479965893e-232,0.11487088156723063,0.8342059336823735
Epidermis 2,magi3,-32.752083,-3.382524,2.835817976188076e-235,6.379421036948453e-233,0.38824577025823687,0.9031413612565445
Epidermis 2,dcbld1,-32.78403,-3.6870604,9.94457755309722e-236,2.2604231956889e-233,0.26357969723953695,0.8848167539267016
Epidermis 2,plxna2,-32.9855,-1.8233733,1.311025804642882e-238,3.0113572719065613e-236,0.9332146037399822,0.9869109947643979
Epidermis 2,wasl,-33.006653,-2.661268,6.520099454503811e-239,1.51356478932689e-236,0.5040071237756011,0.9520069808027923
Epidermis 2,eps8l1,-33.012867,-4.028168,5.3094401723919305e-239,1.245777354857681e-236,0.22083704363312556,0.8691099476439791
Epidermis 2,grhl3,-33.06802,-2.4724114,8.569601818995041e-240,2.0325791444814219e-237,0.8210151380231523,0.9895287958115183
Epidermis 2,arhgap27,-33.09699,-4.070055,3.2837274619188356e-240,7.874089774344057e-238,0.17809439002671415,0.8673647469458988
Epidermis 2,anxa11,-33.317554,-4.4620805,2.1503478691199898e-243,5.272218073265989e-241,0.1495992876224399,0.8621291448516579
Epidermis 2,pdxdc1,-33.345276,-3.7902699,8.528917376259083e-244,2.1391897249120626e-241,0.25556544968833483,0.8926701570680629
Epidermis 2,ncoa2,-33.469643,-3.020844,1.3331007988629106e-245,3.422305003763244e-243,0.42564559216384684,0.924956369982548
Epidermis 2,astl2d.1,-33.620865,-4.352963,8.314295885231588e-248,2.185858439899259e-245,0.2956366874443455,0.8944153577661431
Epidermis 2,eppk1,-33.677715,-2.0019739,1.2255353633800613e-248,3.2612691663800386e-246,0.9296527159394479,0.9965095986038395
Epidermis 2,map3k10,-33.78433,-4.482848,3.35066844256468e-250,9.026535319160972e-248,0.13446126447016918,0.8664921465968587
Epidermis 2,golph3l,-33.84624,-4.4986334,4.12207195197929e-251,1.1243466508017511e-248,0.1522707034728406,0.8691099476439791
Epidermis 2,camk2g,-33.886715,-3.4820073,1.045477839422467e-251,2.887768599245272e-249,0.4719501335707925,0.9258289703315882
Epidermis 2,flnb,-33.952953,-4.0234103,1.103331408685143e-252,3.0866403421690386e-250,0.3446126447016919,0.9040139616055847
Epidermis 2,lgalsl,-34.1185,-4.189819,3.922541757298137e-255,1.1262339958684558e-252,0.19590382902938558,0.8865619546247818
Epidermis 2,pfkp,-34.137726,-3.9487953,2.0339674761259573e-255,5.917760572872602e-253,0.26714158504007124,0.9083769633507853
Epidermis 2,tspan13,-34.21348,-4.4997334,1.524059763600477e-256,4.494122716422434e-254,0.14781834372217276,0.8769633507853403
Epidermis 2,mfsd6,-34.27453,-3.8826482,1.8808199594693765e-257,5.622105799394693e-255,0.2902938557435441,0.9031413612565445
Epidermis 2,LOC100497338,-34.335316,-4.789839,2.3329283243116497e-258,7.070392911778403e-256,0.12377560106856635,0.8699825479930192
Epidermis 2,tmem164,-34.366467,-2.9534101,7.995177830253311e-259,2.457222189210669e-256,0.5930543187889582,0.9755671902268761
Epidermis 2,capn1,-34.37153,-3.1652188,6.717226910582713e-259,2.0939515487975056e-256,0.44612644701691895,0.944153577661431
Epidermis 2,cab39l,-34.393097,-4.5827436,3.1980508803816025e-259,1.0113720037798107e-256,0.16562778272484416,0.881326352530541
Epidermis 2,b3gnt3.2,-34.434177,-3.7071345,7.769046615822367e-260,2.493064208880292e-257,0.28495102404274264,0.9171029668411868
Epidermis 2,elovl7,-34.495995,-4.9974403,9.211601918678192e-261,3.0455509919314675e-258,0.10507569011576136,0.8699825479930192
Epidermis 2,cep170b,-34.607704,-2.7049258,1.934843939850285e-262,6.4954199402266264e-260,0.6331255565449688,0.9677137870855148
Epidermis 2,trpm4,-34.69839,-3.0316958,8.330747696397004e-264,2.84039446067311e-261,0.5040071237756011,0.9520069808027923
Epidermis 2,LOC100485898,-34.706787,-3.8770447,6.223624813540207e-264,2.1556463024803312e-261,0.26001780943900266,0.9136125654450262
Epidermis 2,LOC100489839,-34.709736,-4.08487,5.617808575496815e-264,1.9771967891276776e-261,0.29385574354407834,0.9118673647469459
Epidermis 2,rbbp8,-34.86913,-3.1408179,2.1843526043897456e-266,7.813894783670269e-264,0.46215494211932323,0.9511343804537522
Epidermis 2,ap3b1,-34.90329,-3.0099702,6.627321634051492e-267,2.4102464229439603e-264,0.5716829919857525,0.9546247818499127
Epidermis 2,nek2,-34.912518,-2.4822886,4.800736077165714e-267,1.7755400328785262e-264,0.767586821015138,0.9851657940663177
Epidermis 2,casd1,-35.024166,-4.544416,9.647240606984715e-269,3.629524780776094e-266,0.19590382902938558,0.8970331588132635
Epidermis 2,calcrl,-35.21708,-4.5440216,1.0954066274853928e-271,4.193485617255922e-269,0.21371326803205698,0.9022687609075044
Epidermis 2,aldh1l1,-35.225956,-3.96967,8.01097751261262e-272,3.121563219691428e-269,0.3472840605520926,0.93717277486911
Epidermis 2,kifc3,-35.34529,-3.674583,1.1842860988726378e-273,4.698601266090878e-271,0.31255565449688333,0.9363001745200699
Epidermis 2,cast,-35.60153,-4.5336304,1.3267638274061573e-277,5.361354347746251e-275,0.3081032947462155,0.9223385689354275
Epidermis 2,gad1.2,-35.61784,-4.8072734,7.418948784700528e-278,3.0545071968103813e-275,0.14692787177203917,0.9013961605584643
Epidermis 2,fa2h,-35.671513,-4.630087,1.0933752268103979e-278,4.588180927736479e-276,0.19857524487978628,0.9075043630017452
Epidermis 2,LOC394967,-35.771656,-5.040579,3.0477866496741643e-280,1.3040343624027437e-277,0.26357969723953695,0.9101221640488656
Epidermis 2,dop1b,-35.857315,-4.9682407,1.414590468902461e-281,6.17355572438412e-279,0.14781834372217276,0.9013961605584643
Epidermis 2,kitlg,-35.973316,-3.8410242,2.186832900251019e-283,9.738547084974996e-281,0.3633125556544969,0.9450261780104712
Epidermis 2,kiaa1324,-36.003216,-4.089276,7.450046644240763e-284,3.3868222463328684e-281,0.3081032947462155,0.93717277486911
Epidermis 2,abo.3,-36.12515,-3.1429758,9.139555318714264e-286,4.24328162999285e-283,0.5200356188780053,0.9790575916230366
Epidermis 2,macf1,-36.139282,-2.1343203,5.482713800685931e-286,2.6008325618427764e-283,0.9278717720391808,0.9904013961605584
Epidermis 2,tm9sf2,-36.17671,-3.3307211,1.4151119130507884e-286,6.862034901040279e-284,0.41852181656277826,0.9581151832460733
Epidermis 2,arhgef25,-36.18187,-3.4217567,1.1739876058096937e-286,5.82217807872121e-284,0.5129118432769367,0.9607329842931938
Epidermis 2,hexdl,-36.2607,-5.340224,6.739728281776356e-288,3.420176996200974e-285,0.11487088156723063,0.9022687609075044
Epidermis 2,gna14,-36.32412,-3.9473934,6.734708032830939e-289,3.4990015234381886e-286,0.39715048975957257,0.9301919720767888
Epidermis 2,capn13,-36.376575,-3.5042844,9.98956705998957e-290,5.316642507708107e-287,0.4844167408726625,0.9607329842931938
Epidermis 2,cgn,-36.389843,-3.8078775,6.162538318624063e-290,3.3618187162673923e-287,0.37934105075690117,0.9450261780104712
Epidermis 2,LOC100492852,-36.546227,-4.9592924,2.047156641609585e-292,1.1454103865785322e-289,0.396260017809439,0.9415357766143106
Epidermis 2,ppl,-36.754166,-4.470131,9.974112939081312e-296,5.727503116939298e-293,0.26625111308993765,0.9336823734729494
Epidermis 2,gnb3,-37.34092,-4.8133326,3.5599979927777225e-305,2.0995328702811537e-302,0.18699910952804988,0.9319371727748691
Epidermis 2,arfgef2,-37.445965,-2.9555793,6.98761542399397e-307,4.356478747627783e-304,0.6402493321460374,0.981675392670157
Epidermis 2,krt8.1,-37.468746,-2.3861747,2.974552066372182e-307,1.9090500188325702e-304,0.8895814781834372,0.9991273996509599
Epidermis 2,kiaa1324l,-37.625706,-3.4998293,8.16882760990725e-310,5.4015753719935185e-307,0.5476402493321461,0.9773123909249564
Epidermis 2,gclc,-37.834194,-5.1969714,0.0,0.0,0.3027604630454141,0.9528795811518325
Epidermis 2,ugt3a2,-37.844353,-5.593335,0.0,0.0,0.1682991985752449,0.93717277486911
Epidermis 2,dsg2,-37.90588,-3.0931265,0.0,0.0,0.6170970614425646,0.9904013961605584
Epidermis 2,clint1,-37.990894,-4.0682693,0.0,0.0,0.36776491540516476,0.9650959860383944
Epidermis 2,tjp3,-38.11834,-4.6510253,0.0,0.0,0.21104185218165628,0.9554973821989529
Epidermis 2,golga4,-38.16788,-3.602095,0.0,0.0,0.5253784505788067,0.9755671902268761
Epidermis 2,otogl2,-38.20595,-4.7140985,0.0,0.0,0.8227960819234195,0.9851657940663177
Epidermis 2,pcdh1,-38.21566,-3.1981273,0.0,0.0,0.5841495992876224,0.987783595113438
Epidermis 2,msln,-38.281193,-5.144645,0.0,0.0,0.4835262689225289,0.9668411867364747
Epidermis 2,slc22a4,-38.3433,-5.032005,0.0,0.0,0.18521816562778273,0.9546247818499127
Epidermis 2,krt70,-38.456867,-2.568809,0.0,0.0,0.8886910062333037,0.9982547993019197
Epidermis 2,krt12.3,-38.581715,-3.456716,0.0,0.0,0.6429207479964381,0.9860383944153578
Epidermis 2,znf185,-38.686665,-4.2106776,0.0,0.0,0.4719501335707925,0.9729493891797557
Epidermis 2,epas1,-38.796326,-3.6408098,0.0,0.0,0.6509349955476402,0.9904013961605584
Epidermis 2,elovl3,-38.855095,-4.6403685,0.0,0.0,0.2475512021371327,0.974694589877836
Epidermis 2,rabgap1l,-38.88573,-4.821634,0.0,0.0,0.23864648263579696,0.9685863874345549
Epidermis 2,muc4,-38.94899,-4.713165,0.0,0.0,0.5992876224398932,0.9808027923211169
Epidermis 2,myo5c,-39.00401,-4.4650874,0.0,0.0,0.3098842386464826,0.9755671902268761
Epidermis 2,evpl,-39.24307,-4.453316,0.0,0.0,0.346393588601959,0.9825479930191972
Epidermis 2,upk3b,-39.366188,-4.9248347,0.0,0.0,0.21460373998219057,0.974694589877836
Epidermis 2,osbpl2,-39.538013,-5.183737,0.0,0.0,0.2341941228851291,0.9738219895287958
Epidermis 2,atp13a-like,-39.72359,-5.2333646,0.0,0.0,0.622439893143366,0.9921465968586387
Epidermis 2,upk2,-39.76057,-5.2126975,0.0,0.0,0.20926090828138913,0.9799301919720768
Epidermis 2,krt7,-39.884617,-3.7084754,0.0,0.0,0.6651825467497774,0.9956369982547993
Epidermis 2,acp3,-39.885258,-5.334734,0.0,0.0,0.20837043633125557,0.981675392670157
Epidermis 2,itpr3,-40.054905,-3.3673527,0.0,0.0,0.9519145146927872,0.9991273996509599
Epidermis 2,tmem45b,-40.0791,-5.6357627,0.0,0.0,0.1709706144256456,0.9834205933682374
Epidermis 2,trim29,-40.12252,-3.7468643,0.0,0.0,0.6562778272484416,0.9956369982547993
Epidermis 2,sytl2,-40.230804,-4.629177,0.0,0.0,0.6206589492430988,0.9912739965095986
Epidermis 2,LOC101734097,-40.43695,-4.418704,0.0,0.0,0.44879786286731965,0.9947643979057592
