group,names,scores,logfoldchanges,pvals,pvals_adj,pct_nz_group,pct_nz_reference
Neural Plate 1,nectin2,28.512617,3.7703073,8.171948891883114e-179,1.7832009676978142e-174,0.9913606911447084,0.5290102389078498
Neural Plate 1,lmo7,27.558311,4.477758,3.518485606796187e-167,3.83884372129498e-163,0.9654427645788337,0.5460750853242321
Neural Plate 1,spint2,27.540827,4.2033963,5.699338971001093e-167,4.145509189540494e-163,0.9654427645788337,0.30489192263936293
Neural Plate 1,epas1,27.348722,4.2127175,1.1183711048216411e-164,6.100993969578258e-161,0.9697624190064795,0.48236632536973834
Neural Plate 1,ocln,26.89109,3.0362017,2.7917889246472546e-159,1.2183925224945548e-155,0.9762419006479481,0.5551763367463026
Neural Plate 1,epcam,26.842342,2.9916995,1.0362683132908074e-158,3.768735144053118e-155,0.9848812095032398,0.6291240045506257
Neural Plate 1,itpr3,26.639494,2.9791887,2.3687616534415223e-156,7.384106862821065e-153,0.9935205183585313,0.89419795221843
Neural Plate 1,kiaa1671,26.020058,2.7655852,2.936806406727693e-149,8.010506575150624e-146,0.9848812095032398,0.7929465301478953
Neural Plate 1,dcbld1,25.610731,3.5785978,1.158509570633541e-144,2.8088708156438333e-141,0.9460043196544277,0.35381114903299204
Neural Plate 1,LOC100494753,25.0985,4.841476,5.1644888868811665e-139,1.1269431200063394e-135,0.8855291576673866,0.19226393629124006
Neural Plate 1,kalrn,24.832752,4.816661,3.9717722088130624e-136,7.878912851682712e-133,0.8639308855291576,0.13879408418657566
Neural Plate 1,tjp3,24.251175,4.000973,6.426099238653083e-130,1.1685325957220741e-126,0.8747300215982722,0.21046643913538113
Neural Plate 1,calcrl,23.907415,4.70098,2.564489874460216e-126,4.3045948885074136e-123,0.8466522678185745,0.20819112627986347
Neural Plate 1,arhgap45,23.64263,3.3422759,1.4054467551804173e-123,2.1905895460565632e-120,0.9244060475161987,0.46188850967007966
Neural Plate 1,osbpl1a,23.439486,4.3985944,1.6921854570388672e-121,2.4616785905363417e-118,0.8358531317494601,0.19112627986348124
Neural Plate 1,myo5c,23.347397,4.0690975,1.4646875329523312e-120,1.9975591660345515e-117,0.8552915766738661,0.2707622298065984
Neural Plate 1,astl2d.1,23.301537,4.670698,4.2769789351004585e-120,5.489879843695712e-117,0.8488120950323974,0.2605233219567691
Neural Plate 1,phldb3,23.138622,5.3855896,1.8926584450710971e-118,2.294427773883134e-115,0.7948164146868251,0.08304891922639362
Neural Plate 1,slc22a23,22.803679,2.861752,4.215643818988545e-115,4.599478188707452e-112,0.9092872570194385,0.44141069397042093
Neural Plate 1,sema3f,22.103191,3.4725215,2.94495030232994e-108,3.0600838355781727e-105,0.8552915766738661,0.2832764505119454
Neural Plate 1,adap1l,21.96954,3.7037215,5.633569117028839e-107,5.587732350122105e-104,0.8272138228941684,0.23321956769055746
Neural Plate 1,arhgap6,21.967318,2.0690827,5.916060129815528e-107,5.612797743161072e-104,0.9935205183585313,0.919226393629124
Neural Plate 1,cgn,21.01042,3.1856656,5.266733470699785e-98,4.7885579610058334e-95,0.8207343412526998,0.29579067121729236
Neural Plate 1,kifc3,20.982933,4.1048465,9.391718168388984e-98,8.19746728609664e-95,0.7602591792656588,0.15130830489192265
Neural Plate 1,wdfy3,20.831799,2.452697,2.2293484074291637e-96,1.8710235230196837e-93,0.8920086393088553,0.6393629124004551
Neural Plate 1,cnn2,20.731781,2.7355478,1.7903942199728174e-95,1.4469700842232166e-92,0.857451403887689,0.39476678043230945
Neural Plate 1,rassf7,20.250221,4.349891,3.536536423283386e-91,2.661060734222992e-88,0.7213822894168467,0.08646188850967008
Neural Plate 1,nectin3,20.227995,4.336616,5.551524952972179e-91,4.0379941999601975e-88,0.7365010799136069,0.1558589306029579
Neural Plate 1,pank1,19.715317,3.637187,1.593127684426364e-86,1.0863637250583654e-83,0.7365010799136069,0.1547212741751991
Neural Plate 1,plpp3,19.69324,3.0060349,2.4641310144251607e-86,1.6293879656294375e-83,0.8207343412526998,0.3435722411831627
Neural Plate 1,mst1,19.679016,2.962916,3.262796515571151e-86,2.0940436107728846e-83,0.8228941684665226,0.4197952218430034
Neural Plate 1,st14,19.554773,2.4812925,3.756755518072362e-85,2.3421760617102003e-82,0.8531317494600432,0.36063708759954494
Neural Plate 1,arhgef25,19.422974,2.648315,4.9348449056864775e-84,2.991201407971795e-81,0.8423326133909287,0.4402730375426621
Neural Plate 1,trpm4,19.384077,2.5129669,1.051729453067747e-83,6.202645512267921e-81,0.857451403887689,0.4402730375426621
Neural Plate 1,LOC100489839,19.144854,3.3995092,1.0683877692164578e-81,6.135076187387454e-79,0.7473002159827213,0.21729237770193402
Neural Plate 1,LOC100496572,19.061876,2.3223536,5.23623850409615e-81,2.929742574304669e-78,0.8768898488120951,0.5312855517633674
Neural Plate 1,eppk1,18.47304,2.1557097,3.403708089429772e-76,1.7683884337963585e-73,0.9092872570194385,0.6973833902161547
Neural Plate 1,angpt4.2,18.289602,3.9623966,1.001442791230073e-74,5.081972824984052e-72,0.6760259179265659,0.12286689419795221
Neural Plate 1,ncoa2,18.26582,2.250109,1.548691010986431e-74,7.68045148880339e-72,0.8336933045356372,0.4050056882821388
Neural Plate 1,LOC100495222,18.031855,3.9541106,1.0955281963795238e-72,5.3123379495994644e-70,0.6652267818574514,0.11831626848691695
Neural Plate 1,LOC101734097,17.990515,2.9355621,2.3119764414408634e-72,1.096731259319154e-69,0.7645788336933045,0.33447098976109213
Neural Plate 1,dsg2,17.925913,2.453327,7.402639813887921e-72,3.4368724123159223e-69,0.8056155507559395,0.36973833902161546
Neural Plate 1,cdh3,17.903389,1.1394645,1.1095769734943301e-71,5.04418315387912e-69,1.0,0.931740614334471
Neural Plate 1,usp54,17.859457,2.0878987,2.4400241702817354e-71,1.0866074983615865e-68,0.8833693304535637,0.6825938566552902
Neural Plate 1,kiaa1324l,17.850863,2.6952827,2.8460544985269224e-71,1.2420751042471194e-68,0.7775377969762419,0.3515358361774744
Neural Plate 1,rbbp8,17.774183,2.0502934,1.1201673856299989e-70,4.792778925849452e-68,0.8660907127429806,0.5130830489192264
Neural Plate 1,nipal4,17.76181,3.2816715,1.3965473161479222e-70,5.860395958781502e-68,0.693304535637149,0.15699658703071673
Neural Plate 1,iqgap1,17.706099,2.5795934,3.7626910962700515e-70,1.549163819088845e-67,0.7710583153347732,0.310580204778157
Neural Plate 1,LOC108647650,17.68817,4.4407473,5.1728865251344356e-70,2.0903251271288615e-67,0.6587473002159827,0.13879408418657566
Neural Plate 1,upk3b,17.658905,3.2503572,8.690895052668805e-70,3.448073108077927e-67,0.6954643628509719,0.20022753128555176
Neural Plate 1,rabgap1l,17.612972,2.9095926,1.95885276011225e-69,7.632879656858823e-67,0.7300215982721382,0.2502844141069397
Neural Plate 1,camsap3,17.553629,3.0620244,5.579839112420615e-69,2.1360994609145657e-66,0.7084233261339092,0.23094425483503983
Neural Plate 1,MGC89056,17.428719,3.1557186,4.995227484865468e-68,1.8793251542629203e-65,0.6889848812095032,0.149032992036405
Neural Plate 1,plcd3,17.31633,3.1160767,3.5423959532703635e-67,1.3101461372256374e-64,0.6976241900647948,0.20136518771331058
Neural Plate 1,usp53,17.267508,2.494123,8.263505662543756e-67,3.0052992843727887e-64,0.7624190064794817,0.2901023890784983
Neural Plate 1,spint1,17.047768,2.9070373,3.6313963795624634e-65,1.2990278753841396e-62,0.6976241900647948,0.19226393629124006
Neural Plate 1,gna14,16.871368,1.9441577,7.308366594283375e-64,2.4534748839055006e-61,0.8509719222462203,0.5335608646188851
Neural Plate 1,hpgd,16.82914,4.1132593,1.4925644205925683e-63,4.934734579053096e-61,0.6155507559395248,0.09101251422070535
Neural Plate 1,depdc1b,16.779057,1.7579863,3.4730857146930144e-63,1.1311373638853173e-60,0.8639308855291576,0.590443686006826
Neural Plate 1,psd3,16.481453,1.1562455,4.987230996720643e-61,1.6003877585211933e-58,0.980561555075594,0.9215017064846417
Neural Plate 1,spata13,16.475895,2.9644973,5.467266966747666e-61,1.729003369295664e-58,0.673866090712743,0.17633674630261661
Neural Plate 1,atp8b1,16.468191,2.5796955,6.2099934876177095e-61,1.9358323984758003e-58,0.7170626349892009,0.24800910125142206
Neural Plate 1,dtna,16.376472,3.8993113,2.8161072614029815e-60,8.417846102886912e-58,0.6177105831533477,0.12514220705346984
Neural Plate 1,chmp5,16.230003,1.5096339,3.0944172654432372e-59,9.003103886564917e-57,0.9071274298056156,0.6825938566552902
Neural Plate 1,plcb4,16.200888,2.6000316,4.970443540106651e-59,1.4271059011666739e-56,0.7386609071274298,0.41751990898748575
Neural Plate 1,dennd3,16.19422,2.6632538,5.539582363524944e-59,1.569860087720491e-56,0.6846652267818575,0.21046643913538113
Neural Plate 1,LOC595077,16.146954,4.4868937,1.1931188806859325e-58,3.3378265506984272e-56,0.5745140388768899,0.05688282138794084
Neural Plate 1,tanc2,16.059309,1.5124937,4.920036073346447e-58,1.3589886981834534e-55,0.9114470842332614,0.7599544937428896
Neural Plate 1,slc22a4,16.02382,3.409467,8.712714169072818e-58,2.3765016985417246e-55,0.6285097192224622,0.15927189988623436
Neural Plate 1,astl2c,15.936029,4.4031105,3.562858307125139e-57,9.59816433577502e-55,0.5896328293736501,0.11717861205915814
Neural Plate 1,pkp3,15.899357,2.5313144,6.401894449184506e-57,1.683081190068134e-54,0.6997840172786177,0.2582480091012514
Neural Plate 1,lsr,15.850311,1.6276307,1.3988594413922165e-56,3.6338704607880426e-54,0.8488120950323974,0.5415244596131968
Neural Plate 1,LOC100488554,15.77341,2.7789936,4.741905507658769e-56,1.2173308245014354e-53,0.67170626349892,0.22070534698521047
Neural Plate 1,slc2a11.3,15.721846,4.1229873,1.0715581198013107e-55,2.7188918293237675e-53,0.572354211663067,0.07736063708759955
Neural Plate 1,impact,15.655613,4.250285,3.0416962233918518e-55,7.542369692117455e-53,0.5615550755939525,0.05688282138794084
Neural Plate 1,cdh1,15.642573,2.0906966,3.733302603845388e-55,9.051599568723357e-53,0.7840172786177105,0.44937428896473264
Neural Plate 1,fastkd3,15.398829,1.7663344,1.6665821622897513e-53,3.99631751245326e-51,0.8704103671706264,0.6541524459613197
Neural Plate 1,crtc3,15.254436,1.8647168,1.5381927588492212e-52,3.609129482886974e-50,0.8228941684665226,0.5164960182025028
Neural Plate 1,map3k10,15.24636,3.5397935,1.740698309150313e-52,4.0408274259541475e-50,0.5766738660907127,0.10466439135381114
Neural Plate 1,krt8.1,15.241767,1.7868752,1.867510824485415e-52,4.2895740737996045e-50,0.8660907127429806,0.6177474402730375
Neural Plate 1,crb2,15.229765,3.6744761,2.243970437138291e-52,5.100591552999442e-50,0.5788336933045356,0.11262798634812286
Neural Plate 1,ano5,15.208428,2.341244,3.1091967767125153e-52,6.994410604602453e-50,0.6976241900647948,0.2992036405005688
Neural Plate 1,flvcr2,15.126933,2.7256057,1.0759403176196251e-51,2.3715246132098824e-49,0.6457883369330454,0.20705346985210465
Neural Plate 1,plcb3,15.109375,2.0694463,1.4046634319362235e-51,3.065116074828033e-49,0.7516198704103672,0.38794084186575656
Neural Plate 1,mfsd6,15.093817,2.1770751,1.7785020686583876e-51,3.8047738862935954e-49,0.7321814254859611,0.3424345847554039
Neural Plate 1,lrrfip1,15.038993,3.3281298,4.077063472454215e-51,8.554384810809945e-49,0.591792656587473,0.1410693970420933
Neural Plate 1,stk17a,14.988022,2.1262312,8.793398395319585e-51,1.8274356798501778e-48,0.714902807775378,0.31968145620022753
Neural Plate 1,esrp1,14.935717,1.9554598,1.9298853039105244e-50,3.9728327562859956e-48,0.8444924406047516,0.6245733788395904
Neural Plate 1,usp43,14.791248,2.3633628,1.6683079285992586e-49,3.4022567579406e-47,0.67170626349892,0.24118316268486917
Neural Plate 1,upk2,14.760798,3.121616,2.621571696719847e-49,5.296788517974424e-47,0.6004319654427646,0.16723549488054607
Neural Plate 1,jup,14.676562,2.4070556,9.109241423305654e-49,1.823603276128006e-46,0.6673866090712743,0.27417519908987487
Neural Plate 1,prss27,14.408815,3.9596632,4.554578791436382e-47,8.718023141046779e-45,0.5291576673866091,0.06825938566552901
Neural Plate 1,fnbp1l,14.3270235,1.2130384,1.483429449056552e-46,2.8147751311185236e-44,0.8898488120950324,0.7394766780432309
Neural Plate 1,dnmbp,14.307539,1.7207214,1.9633894814777777e-46,3.6933725754591885e-44,0.7818574514038877,0.43458475540386804
Neural Plate 1,znf185,14.276941,2.4486132,3.046828848112904e-46,5.682466008091596e-44,0.6846652267818575,0.3424345847554039
Neural Plate 1,gprc5cl2,14.10595,4.227679,3.490550078210067e-45,6.243220758739498e-43,0.5053995680345572,0.04664391353811149
Neural Plate 1,plec,13.962742,1.1483182,2.631143395588347e-44,4.593134402810665e-42,0.9395248380129589,0.856655290102389
Neural Plate 1,pard6b,13.927995,3.284372,4.2820731536649884e-44,7.415803038581247e-42,0.5421166306695464,0.10011376564277588
Neural Plate 1,egfr,13.880802,1.5038531,8.281190399228611e-44,1.4228650055241538e-41,0.8768898488120951,0.7542662116040956
Neural Plate 1,clcn3,13.775007,2.3282437,3.603480589217682e-43,6.095468987389073e-41,0.6306695464362851,0.2161547212741752
Neural Plate 1,tmem45b,13.75041,3.0795994,5.0641453830906155e-43,8.435474534688575e-41,0.5680345572354212,0.16382252559726962
Neural Plate 1,slit2,13.720109,1.3142618,7.694953082334489e-43,1.2720573576486432e-40,0.9222462203023758,0.8521046643913538
Neural Plate 1,slco4c1,13.647875,2.125003,2.078516300868127e-42,3.3847241941226412e-40,0.712742980561555,0.3583617747440273
Neural Plate 1,tat,13.620019,2.0042396,3.0449035498795736e-42,4.921691878660902e-40,0.6976241900647948,0.33560864618885095
Neural Plate 1,ccdc149,13.546673,3.5740957,8.290313851505359e-42,1.3204594055014484e-39,0.5140388768898488,0.08873720136518772
Neural Plate 1,ica1,13.500295,2.8322835,1.5575091037376291e-41,2.4450651908387628e-39,0.5615550755939525,0.15130830489192265
Neural Plate 1,hdlbp,13.4925165,1.2995774,1.7309101214390478e-41,2.6978706971372473e-39,0.8617710583153347,0.6621160409556314
Neural Plate 1,grk5,13.48896,1.551521,1.8164482653326397e-41,2.8111147232498958e-39,0.7796976241900648,0.4937428896473265
Neural Plate 1,krt70,13.423542,2.0517232,4.4016333220014694e-41,6.763946529534793e-39,0.7926565874730022,0.5722411831626849
Neural Plate 1,ezr,13.381461,3.576004,7.760696360299484e-41,1.1760149672089933e-38,0.5053995680345572,0.07963594994311718
Neural Plate 1,abo.3,13.321377,2.451535,1.7387111963783425e-40,2.616580483873918e-38,0.6090712742980562,0.23777019340159272
Neural Plate 1,rhpn2,13.281445,2.4984372,2.966170655365903e-40,4.3732979642391466e-38,0.5896328293736501,0.19795221843003413
Neural Plate 1,sec24c,13.27411,1.0771654,3.2713556237440197e-40,4.790889333269681e-38,0.9244060475161987,0.782707622298066
Neural Plate 1,unc80,13.241957,4.071126,5.022331021623679e-40,7.306152348190021e-38,0.48812095032397407,0.06825938566552901
Neural Plate 1,nek2,13.178983,2.129259,1.1594318102539084e-39,1.675494141162287e-37,0.673866090712743,0.34015927189988626
Neural Plate 1,ripk4,13.159573,1.9599248,1.499319087969785e-39,2.1524106459597815e-37,0.6587473002159827,0.29465301478953354
Neural Plate 1,tmem164,13.040368,2.3556447,7.210850651025625e-39,1.028418118013269e-36,0.6414686825053996,0.2901023890784983
Neural Plate 1,trpv5,12.899307,3.4169476,4.5416063897177264e-38,6.393702776131001e-36,0.4924406047516199,0.08418657565415244
Neural Plate 1,atp12a-like,12.771583,3.4393272,2.3630023587039806e-37,3.284272259189781e-35,0.5010799136069114,0.10352673492605233
Neural Plate 1,stx3,12.761655,3.419543,2.6843610195650352e-37,3.707306443539787e-35,0.48812095032397407,0.08191126279863481
Neural Plate 1,prickle2,12.7292795,1.196902,4.065740635588936e-37,5.579781535168941e-35,0.9114470842332614,0.8703071672354948
Neural Plate 1,mtrr,12.662601,1.111675,9.52881059719241e-37,1.2914793542940097e-34,0.9006479481641468,0.7610921501706485
Neural Plate 1,atf6,12.538285,1.6555268,4.6086112704917736e-36,6.131982105695183e-34,0.712742980561555,0.4482366325369738
Neural Plate 1,upk1b,12.526505,3.2611642,5.3467182338154405e-36,7.07095385333859e-34,0.4838012958963283,0.08418657565415244
Neural Plate 1,stard13,12.491611,1.071065,8.295696539398773e-36,1.090028315076542e-33,0.937365010799136,0.8361774744027304
Neural Plate 1,muc4,12.491166,1.8938105,8.342180863286858e-36,1.090028315076542e-33,0.7645788336933045,0.515358361774744
Neural Plate 1,hal.1,12.467607,1.9748983,1.1214373403665192e-35,1.4566002502462985e-33,0.6501079913606912,0.31399317406143346
Neural Plate 1,uso1,12.427304,1.5672915,1.8579568634997548e-35,2.384851571672244e-33,0.7365010799136069,0.4539249146757679
Neural Plate 1,rapgef2,12.375443,1.2440267,3.5492863619253005e-35,4.529179982665028e-33,0.8185745140388769,0.6313993174061433
Neural Plate 1,slc39a11,12.334845,1.6827328,5.880258476226732e-35,7.416943364725059e-33,0.6997840172786177,0.3993174061433447
Neural Plate 1,nos2,12.307729,4.3082566,8.230708338174475e-35,1.0262987808417442e-32,0.4427645788336933,0.04778156996587031
Neural Plate 1,gnb3,12.292393,2.7125335,9.951615420332895e-35,1.233830682312978e-32,0.531317494600432,0.16723549488054607
Neural Plate 1,stk10,12.255646,1.6407684,1.5669576661068246e-34,1.9317843633964418e-32,0.7451403887688985,0.44368600682593856
Neural Plate 1,tjp2,12.204378,1.2920765,2.9454987599760987e-34,3.5907110861138803e-32,0.8509719222462203,0.7121729237770194
Neural Plate 1,calr,12.084803,1.1262827,1.2707434261479006e-33,1.5404940167762966e-31,0.8920086393088553,0.7679180887372014
Neural Plate 1,marveld2,12.06969,2.6437943,1.5270954858830464e-33,1.8410359446107159e-31,0.5075593952483801,0.11831626848691695
Neural Plate 1,capn13,12.040425,2.3250625,2.178295885545559e-33,2.5974095365294887e-31,0.5809935205183585,0.2764505119453925
Neural Plate 1,rbbp8nl,12.022718,3.465433,2.699410237015449e-33,3.2012951511909848e-31,0.45788336933045354,0.07508532423208192
Neural Plate 1,sytl5,11.869804,3.384191,1.6986373307316904e-32,1.992793827628829e-30,0.46220302375809935,0.09101251422070535
Neural Plate 1,rasef,11.841504,2.6605403,2.3814438772472415e-32,2.7641216407134074e-30,0.49676025917926564,0.12400455062571103
Neural Plate 1,LOC100496743,11.658585,1.5234874,2.0746201407935686e-31,2.3097084740947172e-29,0.6846652267818575,0.3981797497155859
Neural Plate 1,elovl3,11.65214,2.7908785,2.2376985736210264e-31,2.478620333755554e-29,0.5010799136069114,0.15244596131968147
Neural Plate 1,tdgf1.3,11.618578,2.3784232,3.3160899840369963e-31,3.6180199770835644e-29,0.5140388768898488,0.15130830489192265
Neural Plate 1,atg2a,11.570422,2.9653072,5.819566020562651e-31,6.286571788846416e-29,0.468682505399568,0.10580204778156997
Neural Plate 1,grhl3,11.507523,1.8185037,1.2090141064179947e-30,1.2932302360856402e-28,0.6911447084233261,0.45164960182025027
Neural Plate 1,cep170b,11.474406,1.5561751,1.7739103245343234e-30,1.888219375203096e-28,0.6997840172786177,0.42093287827076226
Neural Plate 1,f11r,11.410248,2.1674993,3.7166985689797696e-30,3.917974853802297e-28,0.531317494600432,0.1831626848691695
Neural Plate 1,dop1b,11.396689,2.917565,4.343206413624128e-30,4.55639938229289e-28,0.47516198704103674,0.13196814562002276
Neural Plate 1,lekr1,11.33305,2.3359802,9.001493678649769e-30,9.398162371378784e-28,0.5248380129589633,0.1899886234357224
Neural Plate 1,hsp90b1,11.3276415,1.4910982,9.574837562061787e-30,9.949168116273822e-28,0.6997840172786177,0.4141069397042093
Neural Plate 1,metrnl,11.30749,1.236365,1.2048713062783478e-29,1.2460425011516506e-27,0.7775377969762419,0.5119453924914675
Neural Plate 1,hpdl,11.268965,1.9424772,1.867520039033594e-29,1.9042595687734605e-27,0.5658747300215983,0.2354948805460751
Neural Plate 1,gadd45a,11.145093,2.3460612,7.566532141937522e-29,7.573821003175168e-27,0.5183585313174947,0.18771331058020477
Neural Plate 1,mmel1,11.069303,2.528233,1.7677086972992382e-28,1.753325976534849e-26,0.4838012958963283,0.14334470989761092
Neural Plate 1,slc39a5,11.028926,2.7609668,2.7715623486919733e-28,2.712029686583298e-26,0.46220302375809935,0.12059158134243458
Neural Plate 1,plxna2,10.930391,1.1661547,8.249232222360151e-28,7.964889217881453e-26,0.9049676025917927,0.8213879408418657
Neural Plate 1,pdcd6ip,10.901868,1.8214974,1.1291542730884181e-27,1.0806699733799287e-25,0.5745140388768899,0.27303754266211605
Neural Plate 1,gcc2,10.893644,1.4075552,1.2359375651967597e-27,1.1777027777361786e-25,0.6997840172786177,0.4402730375426621
Neural Plate 1,zfhx3,10.886902,1.265479,1.3309054193500808e-27,1.2626820502451352e-25,0.755939524838013,0.5278725824800911
Neural Plate 1,adgrf1,10.828226,2.9611285,2.5300967958233077e-27,2.3797087147267413e-25,0.43844492440604754,0.09897610921501707
Neural Plate 1,cldn4,10.827559,3.7849834,2.548584011389815e-27,2.386809086374985e-25,0.39740820734341253,0.04436860068259386
Neural Plate 1,rab15,10.779922,3.0288517,4.282502740259938e-27,3.9596818769157673e-25,0.4298056155507559,0.08532423208191127
Neural Plate 1,rnd1,10.738359,1.4245701,6.72285005620036e-27,6.189844349212999e-25,0.6889848812095032,0.4402730375426621
Neural Plate 1,stox2,10.675534,1.2497064,1.324933373882997e-26,1.1965923467157944e-24,0.7624190064794817,0.5437997724687145
Neural Plate 1,dst,10.60493,1.5317,2.8267583295607567e-26,2.5279792421862816e-24,0.6565874730021598,0.4243458475540387
Neural Plate 1,sec61a1,10.581296,1.2058145,3.638880375145928e-26,3.2409799455534405e-24,0.7429805615550756,0.5221843003412969
Neural Plate 1,sytl2,10.5673685,1.5675877,4.221760606351279e-26,3.744838950861433e-24,0.7321814254859611,0.5290102389078498
Neural Plate 1,itpkb,10.557811,2.1371799,4.6743473007003295e-26,4.112860179378302e-24,0.5269978401727862,0.2036405005688282
Neural Plate 1,gfod1,10.501284,2.971644,8.521374308625642e-26,7.378766221766672e-24,0.4449244060475162,0.1296928327645051
Neural Plate 1,evpl,10.453794,2.0947137,1.407784088070383e-25,1.2141998650507443e-23,0.5377969762419006,0.24118316268486917
Neural Plate 1,LOC101732476,10.311696,2.4109159,6.239011641814963e-25,5.318026290470481e-23,0.45788336933045354,0.13765642775881684
Neural Plate 1,itpr2,10.279692,1.1316803,8.700589144157716e-25,7.38737570874185e-23,0.7667386609071274,0.571103526734926
Neural Plate 1,stard10,10.224422,3.5921466,1.5414336004058553e-24,1.288721172201386e-22,0.3801295896328294,0.04664391353811149
Neural Plate 1,LOC100488209,10.169822,1.2908851,2.7040430572758187e-24,2.2435332149359562e-22,0.712742980561555,0.42775881683731515
Neural Plate 1,anks6,10.16545,1.1404921,2.828124267183634e-24,2.3375946831141696e-22,0.8012958963282938,0.6359499431171786
Neural Plate 1,p4hb,10.144188,1.3878196,3.516929217258007e-24,2.8938408337987727e-22,0.6479481641468683,0.37770193401592717
Neural Plate 1,sh3d21,10.143891,2.5718853,3.52761863246631e-24,2.8938408337987727e-22,0.43628509719222464,0.1217292377701934
Neural Plate 1,LOC100485898,10.1411495,2.3955214,3.628033912259901e-24,2.9650684643978765e-22,0.46004319654427644,0.15130830489192265
Neural Plate 1,golga2,10.117369,1.0697962,4.6268945610375806e-24,3.7532887069294067e-22,0.7688984881209503,0.5574516496018203
Neural Plate 1,sgk1,10.116628,2.694475,4.662039863628976e-24,3.7538882606733536e-22,0.42116630669546434,0.09328782707622298
Neural Plate 1,gramd4,10.098105,1.3701138,5.6319491612398294e-24,4.501639657414444e-22,0.673866090712743,0.41751990898748575
Neural Plate 1,cpamd8,10.083807,1.0560024,6.5151683811022435e-24,5.188594497957374e-22,0.8099352051835853,0.6518771331058021
Neural Plate 1,tram1,10.082029,1.8097502,6.634174390927222e-24,5.26415706852447e-22,0.5334773218142549,0.23208191126279865
Neural Plate 1,wasl,10.054988,1.3950245,8.733243683356426e-24,6.854968000522322e-22,0.6501079913606912,0.41069397042093286
Neural Plate 1,arfgef2,10.018463,1.2463577,1.2645402298003217e-23,9.890154965760867e-22,0.7429805615550756,0.5119453924914675
Neural Plate 1,mylk,10.010758,2.3848376,1.3670096713410956e-23,1.0653399299405017e-21,0.4470842332613391,0.13083048919226395
Neural Plate 1,mpzl2,9.935265,2.3175817,2.9239981929644623e-23,2.2706250736184174e-21,0.4816414686825054,0.19681456200227532
Neural Plate 1,marveld3,9.926818,2.6094146,3.1824834973064156e-23,2.4538859503435793e-21,0.4168466522678186,0.10011376564277588
Neural Plate 1,LOC100490855,9.916372,2.6988976,3.533669890138888e-23,2.715077840588756e-21,0.41252699784017277,0.09442548350398179
Neural Plate 1,palm2,9.878959,1.3404324,5.136389618432431e-23,3.932672205747862e-21,0.6868250539956804,0.4448236632536974
Neural Plate 1,rtbdn,9.86503,3.2317638,5.901656181352486e-23,4.502798585080161e-21,0.38660907127429806,0.07281001137656427
Neural Plate 1,itprid1,9.852065,3.2784364,6.714970152575944e-23,5.105483055726818e-21,0.38660907127429806,0.07394766780432309
Neural Plate 1,tpm4,9.79576,3.2068079,1.1741137741321813e-22,8.895950231020253e-21,0.38876889848812096,0.07622298065984073
Neural Plate 1,LOC100498107,9.729379,3.9157934,2.2596940750701747e-22,1.6944599454332055e-20,0.3693304535637149,0.05460750853242321
Neural Plate 1,tp53bp2,9.724415,1.0555911,2.372659948375786e-22,1.7730757785447956e-20,0.7580993520518359,0.5494880546075085
Neural Plate 1,tm9sf2,9.716561,1.530167,2.5629006780526366e-22,1.908704972552443e-20,0.5982721382289417,0.3321956769055745
Neural Plate 1,acp3,9.715006,2.3856986,2.602343874220679e-22,1.9249405315040486e-20,0.46436285097192226,0.1831626848691695
Neural Plate 1,cd2ap,9.584985,1.5193468,9.247167189283165e-22,6.68153759064066e-20,0.6004319654427646,0.3424345847554039
Neural Plate 1,mansc1,9.569944,2.3569713,1.0696273778132323e-21,7.703082181934833e-20,0.42548596112311016,0.11945392491467577
Neural Plate 1,tspan15,9.56587,2.315213,1.1126161828061037e-21,7.986315041122364e-20,0.4298056155507559,0.1217292377701934
Neural Plate 1,tmco1,9.549868,1.0115169,1.2986233217903744e-21,9.260542321826066e-20,0.7861771058315334,0.5802047781569966
Neural Plate 1,tfap2c,9.509935,1.3124666,1.9078178924725314e-21,1.342919168762681e-19,0.7170626349892009,0.5335608646188851
Neural Plate 1,gad1.2,9.462816,2.7195601,2.9975930655157493e-21,2.096489688545486e-19,0.4146868250539957,0.13310580204778158
Neural Plate 1,krt18.1,9.405918,1.4008207,5.1578050948824e-21,3.5729671420771063e-19,0.6090712742980562,0.3594994311717861
Neural Plate 1,fa2h,9.400361,2.3355267,5.4375991407450195e-21,3.7548686977910465e-19,0.43844492440604754,0.149032992036405
Neural Plate 1,xbp1,9.343907,1.8957567,9.284285586796103e-21,6.350858802177987e-19,0.5118790496760259,0.26507394766780434
Neural Plate 1,cers2,9.329683,2.507162,1.0618794233717506e-20,7.241022155435928e-19,0.4038876889848812,0.1080773606370876
Neural Plate 1,ppl,9.269748,1.9032836,1.865874714580792e-20,1.2644488244368777e-18,0.5032397408207343,0.2434584755403868
Neural Plate 1,prkcd,9.244187,1.8812504,2.3703461360240666e-20,1.6013412704080854e-18,0.46652267818574517,0.17974971558589306
Neural Plate 1,golga4,9.224406,1.4071826,2.8513555720073676e-20,1.9144439980545466e-18,0.6457883369330454,0.4448236632536974
Neural Plate 1,atp1b2,9.218331,2.8441517,3.017592003872513e-20,2.0198427949847274e-18,0.37365010799136067,0.07281001137656427
Neural Plate 1,scel,9.153135,2.850051,5.530454068070693e-20,3.645922604814822e-18,0.3758099352051836,0.0875995449374289
Neural Plate 1,LOC100493594,9.103646,2.5700016,8.734922913241215e-20,5.7238664531482445e-18,0.3952483801295896,0.1149032992036405
Neural Plate 1,nectin4,9.069862,2.3151608,1.1916724309158475e-19,7.785474285932548e-18,0.4103671706263499,0.1285551763367463
Neural Plate 1,gas6,8.9925165,1.114247,2.4163323398927114e-19,1.5483266684657273e-17,0.714902807775378,0.4937428896473265
Neural Plate 1,man1a1,8.992369,1.3006988,2.4195930248238534e-19,1.5483266684657273e-17,0.6393088552915767,0.44368600682593856
Neural Plate 1,myo5b,8.952065,1.8984085,3.488921601010076e-19,2.2195847887941943e-17,0.46004319654427644,0.20022753128555176
Neural Plate 1,pdia6,8.94236,1.8278018,3.809459290167953e-19,2.4164596270568287e-17,0.46220302375809935,0.19681456200227532
Neural Plate 1,hyou1,8.937915,1.977623,3.965822329265324e-19,2.5083538854173517e-17,0.4406047516198704,0.16609783845278725
Neural Plate 1,hacl1,8.884351,3.60855,6.429525451683786e-19,4.0431894778441465e-17,0.3304535637149028,0.03981797497155859
Neural Plate 1,mob4,8.8429365,1.1241482,9.323536287558862e-19,5.829480955037877e-17,0.6609071274298056,0.4539249146757679
Neural Plate 1,tbc1d30,8.830119,2.4998112,1.04564034695695e-18,6.519119431699317e-17,0.38444924406047515,0.10693970420932879
Neural Plate 1,nfxl1,8.801597,1.9791486,1.348837528291685e-18,8.33795572375435e-17,0.4298056155507559,0.16040955631399317
Neural Plate 1,snx33,8.776481,1.4563043,1.6866932111370031e-18,1.0367699312738181e-16,0.5183585313174947,0.24800910125142206
Neural Plate 1,irf6,8.764109,1.2435316,1.882603755548485e-18,1.1539409143208846e-16,0.6025917926565875,0.34584755403868034
Neural Plate 1,cat1,8.756107,3.3644397,2.021094474634914e-18,1.2353586143139624e-16,0.3326133909287257,0.04664391353811149
Neural Plate 1,efna4,8.736845,1.3378085,2.3971144991049965e-18,1.4611015498595008e-16,0.5874730021598272,0.3503981797497156
Neural Plate 1,fhod1,8.724176,1.8173678,2.6812569076397892e-18,1.6297411415489648e-16,0.48812095032397407,0.23777019340159272
Neural Plate 1,map7,8.676242,2.528505,4.090603803537873e-18,2.465775292734805e-16,0.38660907127429806,0.11831626848691695
Neural Plate 1,slc10a7,8.652016,1.1075841,5.0597534864766794e-18,3.024900844613907e-16,0.6868250539956804,0.4948805460750853
Neural Plate 1,LOC116407738,8.6452,2.4683285,5.3711091517957324e-18,3.2022670164299096e-16,0.3650107991360691,0.07849829351535836
Neural Plate 1,slc33a1,8.615343,2.1427846,6.973231516438217e-18,4.1316628964076575e-16,0.39740820734341253,0.11831626848691695
Neural Plate 1,tspan13,8.603193,2.199424,7.752831814654881e-18,4.572284946691464e-16,0.4038876889848812,0.1422070534698521
Neural Plate 1,elf1,8.5936365,2.5864854,8.425961582761925e-18,4.942551282189462e-16,0.367170626349892,0.09670079635949944
Neural Plate 1,LOC100487159,8.589487,1.8715435,8.73583174142862e-18,5.110578671037906e-16,0.44924406047516197,0.1945392491467577
Neural Plate 1,stt3a,8.585931,1.6992117,9.010367149700216e-18,5.257091485925359e-16,0.46652267818574517,0.2161547212741752
Neural Plate 1,sec23b,8.58193,1.0044059,9.329406380536876e-18,5.428719376791871e-16,0.6803455723542117,0.46757679180887374
Neural Plate 1,gbf1,8.57104,1.9344211,1.0255484022347275e-17,5.935939439035541e-16,0.43628509719222464,0.17406143344709898
Neural Plate 1,mob2.2,8.569262,1.8498104,1.0415062677776575e-17,6.012356684967266e-16,0.43628509719222464,0.16723549488054607
Neural Plate 1,LOC100497175,8.557112,2.307136,1.1573056192593596e-17,6.663210004712001e-16,0.38444924406047515,0.1080773606370876
Neural Plate 1,rnf31,8.523477,1.7243001,1.548343883677869e-17,8.844610441291828e-16,0.45788336933045354,0.20022753128555176
Neural Plate 1,osbpl2,8.519476,2.0403707,1.602772223051923e-17,9.107836635212504e-16,0.45788336933045354,0.2241183162684869
Neural Plate 1,tmod3,8.507252,1.2500626,1.7810496180273398e-17,1.0094619146746644e-15,0.5788336933045356,0.3321956769055745
Neural Plate 1,rasa4,8.496139,3.8375523,1.9600205050568477e-17,1.105157815008927e-15,0.31317494600431967,0.03526734926052332
Neural Plate 1,esyt2,8.47006,1.5278234,2.4526630857123992e-17,1.379370133848718e-15,0.49892008639308855,0.2445961319681456
Neural Plate 1,gnb5,8.466652,3.9858978,2.5254675624294983e-17,1.4166639506368659e-15,0.30669546436285094,0.02844141069397042
Neural Plate 1,grhl1,8.457392,1.5650593,2.734249332437994e-17,1.5298475559776786e-15,0.6263498920086393,0.45164960182025027
Neural Plate 1,pdia4,8.414718,2.2507906,3.938421056380502e-17,2.1593036651075106e-15,0.38876889848812096,0.12741751990898748
Neural Plate 1,smap1,8.403753,1.7013505,4.324318631951801e-17,2.359023921695506e-15,0.490280777537797,0.25369738339021614
Neural Plate 1,sh3d19,8.394122,1.4476365,4.693895563586245e-17,2.5542517479554975e-15,0.5118790496760259,0.25369738339021614
Neural Plate 1,slc35d2,8.392862,2.4768152,4.7444724098628825e-17,2.5753515536223373e-15,0.367170626349892,0.10352673492605233
Neural Plate 1,clint1,8.363747,1.4891696,6.07574526975292e-17,3.2816543943385756e-15,0.5421166306695464,0.310580204778157
Neural Plate 1,lyn,8.343299,1.4919374,7.224644986319521e-17,3.892567364110575e-15,0.5010799136069114,0.25483503981797495
Neural Plate 1,wwc1,8.320036,2.2983506,8.79369793767647e-17,4.7031196739715256e-15,0.37365010799136067,0.11035267349260523
Neural Plate 1,erbb2,8.289364,1.971388,1.1385583067266618e-16,6.05962946611768e-15,0.408207343412527,0.15017064846416384
Neural Plate 1,krt12.3,8.269435,1.6051935,1.3459581650563792e-16,7.128677941673603e-15,0.5485961123110151,0.3435722411831627
Neural Plate 1,satpa,8.267731,3.8011198,1.365329965503301e-16,7.21376880805025e-15,0.3390928725701944,0.08418657565415244
Neural Plate 1,kitlg,8.208684,2.1488364,2.2362622006611787e-16,1.1786830309330333e-14,0.41252699784017277,0.16837315130830488
Neural Plate 1,mpzl1,8.207202,1.0247282,2.2640228468176017e-16,1.190439579286913e-14,0.652267818574514,0.42889647326507396
Neural Plate 1,arfip2,8.182087,1.7710121,2.7896982522499517e-16,1.4598082868668152e-14,0.4298056155507559,0.17633674630261661
Neural Plate 1,lpin2,8.176456,1.4313803,2.9231344595935685e-16,1.525974091932805e-14,0.5248380129589633,0.2901023890784983
Neural Plate 1,axl,8.158675,2.0789301,3.3871799036949207e-16,1.7556212037654837e-14,0.38444924406047515,0.1285551763367463
Neural Plate 1,golph3l,8.14697,2.5202162,3.731562768664982e-16,1.9295362837686866e-14,0.3650107991360691,0.11376564277588168
Neural Plate 1,pick1,8.144673,2.233127,3.803073065445452e-16,1.9618642402147804e-14,0.3650107991360691,0.10238907849829351
Neural Plate 1,dsc3,8.1179285,2.12685,4.742093375500912e-16,2.4290427123663238e-14,0.37365010799136067,0.11376564277588168
Neural Plate 1,sgpl1,8.109556,1.4013209,5.080488817139963e-16,2.5902183756731573e-14,0.5075593952483801,0.27986348122866894
Neural Plate 1,kif5a,8.106593,3.4596317,5.205889056822857e-16,2.647965154054349e-14,0.31965442764578833,0.06029579067121729
Neural Plate 1,rin3,8.048583,1.101454,8.375781043002476e-16,4.2307388458184495e-14,0.6263498920086393,0.4459613196814562
Neural Plate 1,ap3b1,8.042212,1.602566,8.823107162891142e-16,4.4361525668536314e-14,0.5032397408207343,0.2992036405005688
Neural Plate 1,kit,8.026358,1.2812203,1.0040930738627706e-15,5.0368540148872456e-14,0.572354211663067,0.3640500568828214
Neural Plate 1,sacm1l,7.9077454,1.8543711,2.6209206169634116e-15,1.2968505392915784e-13,0.4103671706263499,0.17064846416382254
Neural Plate 1,hspa5,7.8875937,2.269327,3.080681615553085e-15,1.5072545635198175e-13,0.35205183585313177,0.09897610921501707
Neural Plate 1,galnt7,7.864257,1.0295866,3.712951735621511e-15,1.7964594195786476e-13,0.714902807775378,0.5870307167235495
Neural Plate 1,upk1a,7.856107,2.6731553,3.96255619105798e-15,1.912985368253898e-13,0.326133909287257,0.07281001137656427
Neural Plate 1,acacb,7.8541813,1.8615533,4.023926165626716e-15,1.934054908813669e-13,0.39956803455723544,0.1547212741751991
Neural Plate 1,sipa1l3,7.817212,1.2592627,5.400609722653071e-15,2.578702511116251e-13,0.5377969762419006,0.31399317406143346
Neural Plate 1,hook2,7.8126187,1.0105162,5.6011863067591224e-15,2.6686350742312405e-13,0.6371490280777538,0.4311717861205916
Neural Plate 1,dnajb11,7.772908,1.2290958,7.670418883753652e-15,3.6307204004856493e-13,0.5788336933045356,0.3822525597269625
Neural Plate 1,ccdc186,7.7652035,1.593869,8.151426174781952e-15,3.8500491463185495e-13,0.4406047516198704,0.20477815699658702
Neural Plate 1,tspan1,7.7391253,4.5480323,1.0010324883417407e-14,4.707657312091622e-13,0.27213822894168466,0.017064846416382253
Neural Plate 1,LOC100216141,7.706601,2.7285552,1.2921274882901535e-14,6.063551381070847e-13,0.31965442764578833,0.07053469852104664
Neural Plate 1,kiaa1324,7.6974144,2.144444,1.3884689449411811e-14,6.501669709777148e-13,0.3952483801295896,0.16040955631399317
Neural Plate 1,cpne3,7.671114,1.1768974,1.7050903286267294e-14,7.933214511932593e-13,0.5464362850971922,0.3162684869169511
Neural Plate 1,zcchc4,7.6704473,2.2273266,1.7139779862168322e-14,7.957598646220744e-13,0.3412526997840173,0.09101251422070535
Neural Plate 1,b3gnt3.2,7.6605935,1.7720356,1.8507555641340483e-14,8.571036646320254e-13,0.4146868250539957,0.1956769055745165
Neural Plate 1,tpm1,7.6603713,1.1786476,1.8539614577989824e-14,8.571036646320254e-13,0.5529157667386609,0.3503981797497156
Neural Plate 1,nipal2,7.6417017,1.0078077,2.1436943252580775e-14,9.889546273035203e-13,0.6285097192224622,0.41638225255972694
Neural Plate 1,rap1gap2,7.6278477,1.3537976,2.387056299583621e-14,1.0965885371202987e-12,0.5205183585313174,0.31399317406143346
Neural Plate 1,LOC100492479,7.6236987,4.1959295,2.4650836684291932e-14,1.1300544270754922e-12,0.27213822894168466,0.02161547212741752
Neural Plate 1,srpra,7.611178,1.6594094,2.7160859343451447e-14,1.242509668204306e-12,0.4146868250539957,0.18430034129692832
Neural Plate 1,LOC100492758,7.60414,2.858909,2.868048033154858e-14,1.3065485622436777e-12,0.3045356371490281,0.05688282138794084
Neural Plate 1,ssr1,7.598361,1.168755,2.99904282208057e-14,1.3605428985575907e-12,0.5464362850971922,0.32195676905574516
Neural Plate 1,cpne1,7.591249,2.3166583,3.1683662219457457e-14,1.4343759196904174e-12,0.3390928725701944,0.09670079635949944
Neural Plate 1,atp13a2,7.5657635,2.6496577,3.855937840943487e-14,1.7312843544697086e-12,0.31965442764578833,0.07849829351535836
Neural Plate 1,ap1g1,7.5616145,1.2373939,3.98097018277145e-14,1.783752574091495e-12,0.5205183585313174,0.3117178612059158
Neural Plate 1,creb3l2,7.560207,1.2441008,4.0242910263759734e-14,1.7994683296424204e-12,0.531317494600432,0.32081911262798635
Neural Plate 1,uba5,7.558355,2.2043755,4.081999055237842e-14,1.821539905610326e-12,0.3434125269978402,0.1012514220705347
Neural Plate 1,slc16a12,7.552131,1.152387,4.281922341586991e-14,1.902970008467815e-12,0.5485961123110151,0.3265073947667804
Neural Plate 1,rnf123,7.5412407,1.189465,4.655209819017027e-14,2.0604732953503155e-12,0.5291576673866091,0.31968145620022753
Neural Plate 1,arhgap27,7.5280533,2.0103025,5.150235483485478e-14,2.257972998041034e-12,0.3714902807775378,0.13651877133105803
Neural Plate 1,ssr2,7.4562635,1.193183,8.901047855543937e-14,3.876841621872739e-12,0.5183585313174947,0.29692832764505117
Neural Plate 1,pla2g7,7.4285555,3.1580453,1.0979002511379204e-13,4.75342884525408e-12,0.28509719222462204,0.03981797497155859
Neural Plate 1,entpd4,7.407811,1.2817614,1.284007905250574e-13,5.526299112519285e-12,0.4838012958963283,0.267349260523322
Neural Plate 1,tfap2a,7.386104,1.0170883,1.511934837388688e-13,6.481715144726633e-12,0.6803455723542117,0.5051194539249146
Neural Plate 1,gpa33,7.3518023,2.4376576,1.955521674958113e-13,8.334265326027537e-12,0.3174946004319654,0.07849829351535836
Neural Plate 1,zmynd11,7.3429856,1.1230861,2.0888061283247505e-13,8.850454082752306e-12,0.5593952483801296,0.38794084186575656
Neural Plate 1,kctd15,7.3082395,1.008985,2.7066526182872727e-13,1.1423958758925836e-11,0.6263498920086393,0.4232081911262799
Neural Plate 1,trim29,7.3007565,1.3992817,2.86153818314577e-13,1.2054367701626225e-11,0.5831533477321814,0.40386803185437997
Neural Plate 1,cldn7,7.273567,1.588955,3.5011695127828236e-13,1.460784320046539e-11,0.3930885529157667,0.15358361774744028
Neural Plate 1,LOC100492852,7.2698627,1.4772736,3.598530326307241e-13,1.495686290482863e-11,0.5593952483801296,0.378839590443686
Neural Plate 1,krt7,7.240969,1.2681937,4.454900036773768e-13,1.84110556254622e-11,0.5982721382289417,0.44141069397042093
Neural Plate 1,chpf,7.2299304,1.1983757,4.832422833955023e-13,1.9933515814694246e-11,0.5291576673866091,0.3503981797497156
Neural Plate 1,hes4,7.1897755,1.5254272,6.489796087327672e-13,2.6519445771830922e-11,0.4060475161987041,0.1751990898748578
Neural Plate 1,ssbp2,7.1882195,1.4579631,6.564160263398258e-13,2.677318525375951e-11,0.43628509719222464,0.2150170648464164
Neural Plate 1,copb2,7.169624,1.2027574,7.520402620385512e-13,3.0559163050173607e-11,0.48812095032397407,0.2821387940841866
Neural Plate 1,slc44a2,7.151621,1.8849006,8.57590545596404e-13,3.459054213578398e-11,0.35853131749460043,0.13196814562002276
Neural Plate 1,epb41l5,7.0849433,1.0227268,1.3910114174361011e-12,5.518774570886029e-11,0.5701943844492441,0.3731513083048919
Neural Plate 1,tbc1d14,7.07872,1.1110111,1.454918491868707e-12,5.7618468985602636e-11,0.531317494600432,0.32195676905574516
Neural Plate 1,mfge8,7.0780535,1.1226523,1.461934191867347e-12,5.7791423914379307e-11,0.5183585313174947,0.3185437997724687
Neural Plate 1,aldh1l1,7.0290823,1.8516008,2.0789624597224802e-12,8.134252837932369e-11,0.4017278617710583,0.2025028441410694
Neural Plate 1,stim1,6.9982624,1.0259814,2.591562551155255e-12,1.0044491372781318e-10,0.5615550755939525,0.36860068259385664
Neural Plate 1,cfap61,6.9718876,2.2932417,3.1271600316756503e-12,1.2056141175122678e-10,0.30669546436285094,0.07963594994311718
Neural Plate 1,grk6,6.955885,2.0933213,3.5035525488867468e-12,1.341245967881714e-10,0.3347732181425486,0.11717861205915814
Neural Plate 1,ikzf2,6.9055805,2.182183,4.999852552752449e-12,1.8941281693335278e-10,0.32397408207343414,0.11035267349260523
Neural Plate 1,rpn2,6.8918004,1.340779,5.509059414060941e-12,2.0762208199347805e-10,0.42116630669546434,0.19795221843003413
Neural Plate 1,ildr1,6.8591285,2.9395847,6.928191287516812e-12,2.597595568469147e-10,0.2678185745140389,0.04209328782707622
Neural Plate 1,lima1,6.8547573,1.039118,7.143364973205384e-12,2.669098751375251e-10,0.5637149028077754,0.38680318543799774
Neural Plate 1,znf519,6.8521643,1.2781934,7.27409085035357e-12,2.7086678574328544e-10,0.4449244060475162,0.23208191126279865
Neural Plate 1,ssr3,6.8249745,1.3357655,8.794080982088543e-12,3.2469651626083606e-10,0.42116630669546434,0.20705346985210465
Neural Plate 1,pld3,6.8178625,1.8421031,9.240506761887707e-12,3.4060320616748587e-10,0.3412526997840173,0.12514220705346984
Neural Plate 1,cap1,6.782301,1.7247347,1.1827670793518472e-11,4.3303960467343383e-10,0.3542116630669546,0.13765642775881684
Neural Plate 1,LOC100497952,6.76452,4.6475334,1.3375159384788642e-11,4.880591186211923e-10,0.24190064794816415,0.020477815699658702
Neural Plate 1,rrbp1,6.745406,1.5043309,1.5259964435314495e-11,5.559059832103466e-10,0.4319654427645788,0.2502844141069397
Neural Plate 1,sec24d,6.7417016,2.0776026,1.5654217672685967e-11,5.693178063928008e-10,0.326133909287257,0.11376564277588168
Neural Plate 1,pfkp,6.7364416,2.1014416,1.6231246441277056e-11,5.886421560467236e-10,0.3434125269978402,0.1422070534698521
Neural Plate 1,rell1,6.736071,2.1098332,1.6272658313412506e-11,5.888651360812178e-10,0.31317494600431967,0.09670079635949944
Neural Plate 1,hip1r,6.7244396,1.201246,1.7626946296862025e-11,6.347155035376671e-10,0.5010799136069114,0.32081911262798635
Neural Plate 1,cracr2a,6.7174754,3.8634303,1.8489979516207073e-11,6.646949637943238e-10,0.24622030237580994,0.026166097838452786
Neural Plate 1,LOC100487973,6.7148085,2.7550917,1.883134545952936e-11,6.758532718295891e-10,0.27429805615550756,0.05688282138794084
Neural Plate 1,lifr,6.703399,1.545862,2.0362625189997982e-11,7.284144988048294e-10,0.38444924406047515,0.17064846416382254
Neural Plate 1,pi4k2b,6.695472,1.4954362,2.149767308005268e-11,7.677589595414559e-10,0.38876889848812096,0.1751990898748578
Neural Plate 1,ogfod2,6.6863594,1.1898156,2.2879089358515368e-11,8.157591648564768e-10,0.46436285097192226,0.25597269624573377
Neural Plate 1,ugt3a2,6.645834,1.9390045,3.0150466913306327e-11,1.066310111045798e-09,0.35853131749460043,0.1558589306029579
Neural Plate 1,rab11fip1,6.6270905,2.0792165,3.423682243623766e-11,1.2030301165557842e-09,0.31317494600431967,0.10238907849829351
Neural Plate 1,slc6a9,6.5994563,2.0228126,4.1266886729718104e-11,1.4477246548700623e-09,0.3434125269978402,0.1422070534698521
Neural Plate 1,tab2,6.591751,1.2034614,4.346687430482301e-11,1.5224569248885118e-09,0.4427645788336933,0.24004550625711035
Neural Plate 1,iffo2,6.561524,1.5421069,5.326061740976284e-11,1.8447617976165633e-09,0.38228941684665224,0.18657565415244595
Neural Plate 1,sgms1,6.546929,2.2792704,5.873228378492526e-11,2.018263251135203e-09,0.3002159827213823,0.09215017064846416
Neural Plate 1,sec16a,6.545818,1.0344077,5.917073791186e-11,2.0301331320356873e-09,0.5053995680345572,0.31285551763367464
Neural Plate 1,cntrl,6.5404835,1.3324627,6.132028120345227e-11,2.1005806218846658e-09,0.4146868250539957,0.2241183162684869
Neural Plate 1,pip4k2c,6.5274444,1.7469283,6.690138617886471e-11,2.288174212866782e-09,0.34557235421166305,0.1422070534698521
Neural Plate 1,plekhg7,6.5065517,1.224265,7.689532043570092e-11,2.621769980042859e-09,0.48812095032397407,0.310580204778157
Neural Plate 1,ag1,6.490549,2.5197902,8.552396554460707e-11,2.906882324219425e-09,0.3023758099352052,0.10011376564277588
Neural Plate 1,LOC100497338,6.4795847,2.350597,9.19755175327862e-11,3.116456161619453e-09,0.2937365010799136,0.08646188850967008
Neural Plate 1,copb1,6.477436,1.3740934,9.329429509242681e-11,3.1562400204834812e-09,0.38876889848812096,0.18657565415244595
Neural Plate 1,pitpnc1l,6.466175,1.0213728,1.0051471222330722e-10,3.3900023731449565e-09,0.5248380129589633,0.33674630261660976
Neural Plate 1,efnb1,6.4329844,1.1318183,1.2512259011489568e-10,4.18116391867862e-09,0.46004319654427644,0.2571103526734926
Neural Plate 1,klf17,6.4120917,1.8949842,1.4353620466502437e-10,4.774548051822404e-09,0.34557235421166305,0.15699658703071673
Neural Plate 1,rgl3,6.405128,1.0085944,1.502434250650076e-10,4.990048368863822e-09,0.5377969762419006,0.38794084186575656
Neural Plate 1,zfp36l2,6.3817167,1.1033798,1.751138200040245e-10,5.763436902425066e-09,0.46220302375809935,0.27303754266211605
Neural Plate 1,morc1,6.36727,4.1870127,1.9242256499590584e-10,6.304583769933425e-09,0.22462203023758098,0.013651877133105802
Neural Plate 1,LOC100486640,6.352675,2.480731,2.1160278417122779e-10,6.9122520260484454e-09,0.27645788336933047,0.07167235494880546
Neural Plate 1,ncoa1,6.3354125,1.6502225,2.367068444710325e-10,7.686279841075e-09,0.3412526997840173,0.13765642775881684
Neural Plate 1,slc43a2,6.3292637,1.094114,2.4633410427918127e-10,7.963342947371873e-09,0.490280777537797,0.3094425483503982
Neural Plate 1,cab39l,6.2682166,2.0238814,3.6520693055396327e-10,1.165084858423689e-08,0.3174946004319654,0.12741751990898748
Neural Plate 1,slc41a2,6.233692,1.7372237,4.555676780678803e-10,1.4476924529414536e-08,0.31965442764578833,0.11604095563139932
Neural Plate 1,stk24,6.2017612,1.2653208,5.583480505176077e-10,1.7606521402232252e-08,0.42116630669546434,0.24004550625711035
Neural Plate 1,acer3,6.1951675,1.3841466,5.822312230434493e-10,1.830672553030419e-08,0.38228941684665224,0.19340159271899887
Neural Plate 1,ptk2b,6.1909447,1.3173261,5.980477833200495e-10,1.8776979395434244e-08,0.39956803455723544,0.20819112627986347
Neural Plate 1,znf238.2,6.1607914,1.0934746,7.238230701262777e-10,2.2693309214404463e-08,0.4427645788336933,0.24800910125142206
Neural Plate 1,cope,6.1581984,1.2336533,7.357717326706031e-10,2.3001826616912936e-08,0.39740820734341253,0.1956769055745165
Neural Plate 1,elovl7,6.0915947,2.548219,1.1179136051931882e-09,3.421317360297414e-08,0.2634989200863931,0.0671217292377702
Neural Plate 1,ppp1r14a,6.0897427,2.5877082,1.1309234667350375e-09,3.456285849807458e-08,0.2505399568034557,0.048919226393629126
Neural Plate 1,ntan1,6.05307,3.2049623,1.4211113623650917e-09,4.306954310856759e-08,0.22894168466522677,0.02844141069397042
Neural Plate 1,slc17a9,6.0313625,2.3155072,1.6258286847415867e-09,4.900166813500852e-08,0.2634989200863931,0.06598407281001138
Neural Plate 1,anxa2,6.02914,1.6961105,1.6483438308987882e-09,4.961173894350684e-08,0.3282937365010799,0.1410693970420933
Neural Plate 1,LOC108648340,6.0112853,4.5667415,1.8405818004489405e-09,5.5169416851093864e-08,0.2159827213822894,0.019340159271899887
Neural Plate 1,syne4,6.0015798,4.4841247,1.95406648106473e-09,5.8490651143091184e-08,0.21166306695464362,0.013651877133105802
Neural Plate 1,tnk2l,5.955498,2.7348924,2.592805576329091e-09,7.708121318947834e-08,0.24190064794816415,0.04550625711035267
Neural Plate 1,grik2,5.933124,3.2275834,2.9722370430509574e-09,8.77634431886535e-08,0.22894168466522677,0.034129692832764506
Neural Plate 1,angpt4,5.916529,3.9835954,3.288066227195536e-09,9.669662148737708e-08,0.2203023758099352,0.027303754266211604
Neural Plate 1,oxr1,5.9151955,1.0256075,3.3148182739894783e-09,9.735215283542989e-08,0.468682505399568,0.2844141069397042
Neural Plate 1,LOC100216037,5.905638,3.7528841,3.512840110098179e-09,1.0275292767084767e-07,0.2159827213822894,0.02161547212741752
Neural Plate 1,gin1,5.889043,1.3638214,3.884385058157499e-09,1.1331706731825505e-07,0.3758099352051836,0.1899886234357224
Neural Plate 1,tmed5,5.876967,2.0179698,4.1785175535398944e-09,1.2124924406355591e-07,0.27429805615550756,0.08191126279863481
Neural Plate 1,slc25a1,5.854074,1.3590876,4.796743630472225e-09,1.384520406885376e-07,0.3714902807775378,0.19112627986348124
Neural Plate 1,frmd6,5.853852,1.0744908,4.803161714920607e-09,1.384541503055252e-07,0.46004319654427644,0.29692832764505117
Neural Plate 1,ess2,5.8377013,1.1070961,5.292597403014994e-09,1.5176053604624203e-07,0.4298056155507559,0.2582480091012514
Neural Plate 1,nedd4,5.823032,1.1707287,5.778945522563176e-09,1.6548867486594628e-07,0.42332613390928725,0.24800910125142206
Neural Plate 1,LOC100495980,5.8173275,3.5730128,5.979593714537918e-09,1.7078627545148155e-07,0.21814254859611232,0.027303754266211604
Neural Plate 1,pgap6,5.814068,2.0652103,6.097275533027943e-09,1.7391980314536307e-07,0.2786177105831533,0.09442548350398179
Neural Plate 1,tspan3,5.785174,1.9191319,7.243730856719694e-09,2.0554675035693166e-07,0.27429805615550756,0.08418657565415244
Neural Plate 1,upk3a,5.7736163,2.1181674,7.758789510062537e-09,2.1930640660501891e-07,0.2634989200863931,0.07508532423208192
Neural Plate 1,cmtm4,5.754132,1.6436223,8.708816219741375e-09,2.4520655320126006e-07,0.34773218142548595,0.17747440273037543
Neural Plate 1,ovol2,5.7496867,1.1622313,8.940898082737652e-09,2.514166714734772e-07,0.42548596112311016,0.2514220705346985
Neural Plate 1,spdef,5.7383513,2.5968432,9.560254497536832e-09,2.6779757816527757e-07,0.23758099352051837,0.048919226393629126
Neural Plate 1,ccdc125,5.7204227,1.7578123,1.0625941876476092e-08,2.946234786360671e-07,0.28725701943844495,0.1012514220705347
Neural Plate 1,myo6,5.688788,1.3171731,1.2794435441633046e-08,3.516213800653334e-07,0.38228941684665224,0.21046643913538113
Neural Plate 1,scfd1,5.6722665,1.1485571,1.409204920073659e-08,3.863098060418004e-07,0.4060475161987041,0.23435722411831628
Neural Plate 1,snap23,5.6678214,1.1237833,1.4462462840934051e-08,3.9596662691596227e-07,0.4038876889848812,0.23435722411831628
Neural Plate 1,alpl,5.6349273,1.522182,1.7513244163739354e-08,4.776956261211955e-07,0.3304535637149028,0.1547212741751991
Neural Plate 1,syt8,5.6289263,2.6659265,1.813350874575842e-08,4.927662445095821e-07,0.22894168466522677,0.04436860068259386
Neural Plate 1,LOC100145165,5.6032925,1.7714565,2.103181878098788e-08,5.686930825525855e-07,0.31101511879049676,0.13879408418657566
Neural Plate 1,slc38a10,5.5966244,1.0678556,2.185654253941309e-08,5.902618994462043e-07,0.4470842332613391,0.2901023890784983
Neural Plate 1,nphp1,5.5941057,4.2734895,2.21762042012219e-08,5.981544522557022e-07,0.19870410367170627,0.013651877133105802
Neural Plate 1,ndfip2,5.590105,1.0540677,2.2693250932293117e-08,6.113449735723063e-07,0.4103671706263499,0.22866894197952217
Neural Plate 1,ddr1,5.5761027,1.3248931,2.4596693148235507e-08,6.593666353656598e-07,0.3779697624190065,0.20819112627986347
Neural Plate 1,cant1,5.5116477,2.505996,3.55490288655831e-08,9.402610410616835e-07,0.23110151187904968,0.05005688282138794
Neural Plate 1,dnah5,5.511203,1.2447767,3.563893847478367e-08,9.414979133877173e-07,0.41252699784017277,0.25597269624573377
Neural Plate 1,numb,5.5049796,1.1942444,3.6921068605357744e-08,9.71839129116419e-07,0.39740820734341253,0.23208191126279865
Neural Plate 1,rffl,5.4911256,2.150066,3.9938013510793555e-08,1.046203352723921e-06,0.24406047516198703,0.06370875995449374
Neural Plate 1,tbc1d8b,5.4846063,1.2562221,4.1439186412636525e-08,1.0842260032495703e-06,0.35205183585313177,0.17633674630261661
Neural Plate 1,esyt3,5.4833465,2.591524,4.173542540909316e-08,1.0906691231758346e-06,0.2224622030237581,0.040955631399317405
Neural Plate 1,gmds,5.4317827,1.1466553,5.579389170881487e-08,1.4493791797357729e-06,0.42548596112311016,0.2707622298065984
Neural Plate 1,fam3b,5.4065933,2.9078543,6.423480859066467e-08,1.656817681154721e-06,0.21382289416846653,0.03640500568828214
Neural Plate 1,sec61b,5.401185,1.4611921,6.62021427625333e-08,1.7035341476665554e-06,0.2958963282937365,0.1149032992036405
Neural Plate 1,rspo2,5.3912573,1.7936615,6.996639075845395e-08,1.7961607208708514e-06,0.31101511879049676,0.15130830489192265
Neural Plate 1,fam83h,5.3905907,1.433793,7.022651096889488e-08,1.8007199716242716e-06,0.31101511879049676,0.1342434584755404
Neural Plate 1,pdxdc1,5.381478,1.8357198,7.387675043069119e-08,1.8898764022838361e-06,0.2894168466522678,0.12286689419795221
Neural Plate 1,LOC100496311,5.377255,3.3717225,7.563000551232417e-08,1.932461768482934e-06,0.20302375809935205,0.026166097838452786
Neural Plate 1,gopc,5.3702908,1.1418867,7.860971887232312e-08,2.006248743290015e-06,0.3714902807775378,0.2025028441410694
Neural Plate 1,LOC116411612,5.368587,1.0445896,7.935593079871973e-08,2.022927296680915e-06,0.4060475161987041,0.23890784982935154
Neural Plate 1,manf,5.354066,1.5782064,8.599944819463306e-08,2.1871724464511516e-06,0.28077753779697623,0.10238907849829351
Neural Plate 1,tmf1,5.349028,1.1460215,8.842777571731055e-08,2.2437005743342248e-06,0.38228941684665224,0.21729237770193402
Neural Plate 1,LOC116408821,5.3468795,1.8228483,8.948346045823014e-08,2.267849698790987e-06,0.28725701943844495,0.12059158134243458
Neural Plate 1,hm13,5.342212,1.5095433,9.181905868207378e-08,2.32434301566303e-06,0.2980561555075594,0.12627986348122866
Neural Plate 1,slc37a1,5.328432,3.675258,9.906416641095894e-08,2.499051069657266e-06,0.19438444924406048,0.01820250284414107
Neural Plate 1,itpka,5.320579,1.7973828,1.0343749042400636e-07,2.6033557999333827e-06,0.27213822894168466,0.10011376564277588
Neural Plate 1,nucb1,5.311022,1.2629131,1.0901221427975024e-07,2.7259139289534937e-06,0.3390928725701944,0.16723549488054607
Neural Plate 1,ppt1,5.300946,1.3409743,1.152040424663545e-07,2.8664394648327496e-06,0.31317494600431967,0.1410693970420933
Neural Plate 1,parm1,5.2980566,2.3329115,1.1704154438881143e-07,2.9088423008066677e-06,0.23542116630669546,0.06257110352673492
Neural Plate 1,tbcd,5.291611,2.196512,1.2124335290442017e-07,3.006421822417446e-06,0.22894168466522677,0.05233219567690557
Neural Plate 1,ap1b1,5.2730155,1.4983984,1.3420009973099717e-07,3.316399067078244e-06,0.28509719222462204,0.10921501706484642
Neural Plate 1,prrg2,5.2633843,1.51183,1.4142740284401813e-07,3.4871043587110956e-06,0.2915766738660907,0.12059158134243458
Neural Plate 1,tbc1d23,5.2523456,1.1437079,1.5017433744485097e-07,3.694424145867072e-06,0.3650107991360691,0.20136518771331058
Neural Plate 1,tef,5.2400475,1.1960888,1.6053545829880325e-07,3.931587245272936e-06,0.36285097192224625,0.20477815699658702
Neural Plate 1,lrrc59,5.226934,1.0554519,1.7234397078688863e-07,4.2066194480321e-06,0.38876889848812096,0.23094425483503983
Neural Plate 1,fam174b,5.164776,2.098851,2.4072749244376503e-07,5.7915265850224884e-06,0.23542116630669546,0.06598407281001138
Neural Plate 1,hexdl,5.1432905,2.0284867,2.6996749848888916e-07,6.46647726073112e-06,0.2548596112311015,0.08987485779294653
Neural Plate 1,lgalsl,5.137586,1.4218752,2.7829015067422266e-07,6.651226043660693e-06,0.3347732181425486,0.17974971558589306
Neural Plate 1,znf750,5.1370673,3.3672698,2.7905892468989227e-07,6.662302839888556e-06,0.19222462203023757,0.022753128555176336
Neural Plate 1,asb9,5.1359563,2.667443,2.807132101671833e-07,6.694473179298478e-06,0.21166306695464362,0.04323094425483504
Neural Plate 1,ltbp4,5.126177,4.1812897,2.9568511971826043e-07,7.0208324236911435e-06,0.1900647948164147,0.022753128555176336
Neural Plate 1,LOC100486361,5.1061735,2.4607255,3.287480298423309e-07,7.763648007780847e-06,0.2203023758099352,0.05460750853242321
Neural Plate 1,aaas,5.078984,1.1522666,3.794591658498502e-07,8.903417696784495e-06,0.34989200863930886,0.1899886234357224
Neural Plate 1,pcmtd2,5.0762424,1.0738585,3.849717971802547e-07,9.023060780097033e-06,0.3563714902807775,0.1945392491467577
Neural Plate 1,sds,5.072168,2.7350152,3.933093123883443e-07,9.198716511925039e-06,0.20950323974082075,0.04323094425483504
Neural Plate 1,rnf128,5.0668335,2.9325383,4.044875716082899e-07,9.439917967983417e-06,0.20086393088552915,0.03526734926052332
Neural Plate 1,mapk13,5.0587583,2.189645,4.219955678417506e-07,9.80374696564979e-06,0.22894168466522677,0.06370875995449374
Neural Plate 1,cert1,5.05861,1.1004324,4.223235483117548e-07,9.80374696564979e-06,0.3714902807775378,0.22525597269624573
Neural Plate 1,anxa7,5.02779,1.2307373,4.961644335506972e-07,1.1444824634788332e-05,0.3434125269978402,0.19340159271899887
Neural Plate 1,sgsm3,5.023345,1.9713029,5.077921776445564e-07,1.1700668541057937e-05,0.2505399568034557,0.09101251422070535
Neural Plate 1,ppp3r1,4.9869685,2.4472313,6.133402586569509e-07,1.3955889243121298e-05,0.21814254859611232,0.05688282138794084
Neural Plate 1,herpud1,4.96941,1.2910446,6.715687563973804e-07,1.5154396932106762e-05,0.31317494600431967,0.15699658703071673
Neural Plate 1,nol12,4.9507403,1.2762973,7.393165860320897e-07,1.6580295194045457e-05,0.32397408207343414,0.16837315130830488
Neural Plate 1,adam28.1,4.9500737,1.5842905,7.418540220816289e-07,1.6620119728791812e-05,0.26997840172786175,0.10921501706484642
Neural Plate 1,rhof,4.9438505,1.8472954,7.659448715623592e-07,1.712467524832197e-05,0.2505399568034557,0.09215017064846416
Neural Plate 1,acod1lb,4.9379234,5.7701125,7.895880115804994e-07,1.7635209826712462e-05,0.17062634989200864,0.007963594994311717
Neural Plate 1,scnn1a,4.9208837,2.80933,8.615433318787031e-07,1.9183405147882835e-05,0.20302375809935205,0.04209328782707622
Neural Plate 1,slc35b1,4.917698,1.5267587,8.756788825873173e-07,1.9478276143667532e-05,0.2786177105831533,0.1217292377701934
Neural Plate 1,tmem87b,4.911697,1.7609894,9.029152301570028e-07,2.0022879306154428e-05,0.2526997840172786,0.09442548350398179
Neural Plate 1,ift46,4.903992,1.2455388,9.390831790326305e-07,2.0761635308683923e-05,0.31101511879049676,0.15130830489192265
Neural Plate 1,gatd3ala,4.900658,5.0588036,9.551614984099367e-07,2.109572779028667e-05,0.17062634989200864,0.009101251422070534
Neural Plate 1,b4galt6,4.89725,2.2638319,9.71870887799838e-07,2.144306839502555e-05,0.2203023758099352,0.06143344709897611
Neural Plate 1,gramd2b,4.8931756,2.8027382,9.922190190852923e-07,2.1847841791584426e-05,0.19438444924406048,0.03299203640500569
Neural Plate 1,lgals8,4.8845816,4.0793386,1.036488199192958e-06,2.2685264788956404e-05,0.17494600431965443,0.013651877133105802
Neural Plate 1,LOC101731554,4.8734684,1.0860492,1.0965578409467492e-06,2.388022819091718e-05,0.36285097192224625,0.20819112627986347
Neural Plate 1,dap,4.856651,1.0333207,1.193878221626179e-06,2.584485781161196e-05,0.38444924406047515,0.24232081911262798
Neural Plate 1,gal3st4.1,4.855836,2.8602576,1.1987993604787103e-06,2.592566981665603e-05,0.19438444924406048,0.03526734926052332
Neural Plate 1,sh3bp4,4.84539,1.5032877,1.2636336030158714e-06,2.727373773630992e-05,0.2613390928725702,0.09897610921501707
Neural Plate 1,nr1i3,4.837537,2.1718748,1.3145817252103583e-06,2.826156436040909e-05,0.2224622030237581,0.06598407281001138
Neural Plate 1,atp10b,4.8282757,1.0229633,1.3772024560060422e-06,2.9578675976877806e-05,0.37365010799136067,0.22070534698521047
Neural Plate 1,tep1,4.797308,1.356717,1.6081240928399012e-06,3.4168330895676225e-05,0.2937365010799136,0.14334470989761092
Neural Plate 1,slc35e1,4.792418,1.4051262,1.647830614375631e-06,3.494393764459732e-05,0.2786177105831533,0.12286689419795221
Neural Plate 1,mast1,4.770859,1.9952688,1.8344193982941839e-06,3.8750111994363395e-05,0.22894168466522677,0.07508532423208192
Neural Plate 1,ca12,4.7667103,1.7552613,1.8725839920804195e-06,3.9518041867685524e-05,0.23974082073434125,0.08418657565415244
Neural Plate 1,golga1,4.7624874,1.1393086,1.9122129891970263e-06,4.031536196837518e-05,0.3412526997840173,0.1956769055745165
Neural Plate 1,mastl,4.760042,1.34783,1.9355230652993923e-06,4.072438367074089e-05,0.3045356371490281,0.1547212741751991
Neural Plate 1,frk,4.7401133,2.3866694,2.1359886873310727e-06,4.4602305403111326e-05,0.20950323974082075,0.055745164960182024
Neural Plate 1,plekha8,4.6933646,2.1020901,2.6874769212931743e-06,5.5167858795426485e-05,0.2203023758099352,0.06825938566552901
Neural Plate 1,slco2b1,4.676473,1.9299846,2.9185088896462023e-06,5.935208059736233e-05,0.23326133909287258,0.08418657565415244
Neural Plate 1,slc35a3.2,4.666916,2.1756217,3.0575432189584765e-06,6.200618083726108e-05,0.20734341252699784,0.053469852104664393
Neural Plate 1,LOC100485405,4.655951,4.0161695,3.224883390895725e-06,6.509729923472305e-05,0.17062634989200864,0.01820250284414107
Neural Plate 1,dipk1c,4.6508393,2.6199644,3.305869654238088e-06,6.660884739162449e-05,0.19654427645788336,0.04436860068259386
Neural Plate 1,acod1la,4.634244,3.9420097,3.5824440402534914e-06,7.191583385682745e-05,0.1771058315334773,0.027303754266211604
Neural Plate 1,osbp2,4.617278,1.0834737,3.88805963881542e-06,7.748068436401031e-05,0.31965442764578833,0.1695108077360637
Neural Plate 1,erlec1,4.6019425,1.0705862,4.1856916993234786e-06,8.303270779176147e-05,0.3563714902807775,0.2229806598407281
Neural Plate 1,hes5.10,4.600757,3.496597,4.209584443782176e-06,8.34308284720898e-05,0.16846652267818574,0.015927189988623434
Neural Plate 1,copg1,4.5710483,1.5676656,4.852903316574876e-06,9.50585307638962e-05,0.2505399568034557,0.10466439135381114
Neural Plate 1,LOC101733293,4.511483,2.6957042,6.437595126512998e-06,0.00012409431383007078,0.1900647948164147,0.04209328782707622
Neural Plate 1,tmem39a,4.5111127,1.1412039,6.448849179641055e-06,0.0001242015339355229,0.30885529157667385,0.1626848691695108
Neural Plate 1,ttll5,4.502,1.6789784,6.731700291647953e-06,0.0001294206449903524,0.23110151187904968,0.08304891922639362
Neural Plate 1,dennd2d,4.49874,1.040666,6.835735250496309e-06,0.0001313050870608098,0.3326133909287257,0.1899886234357224
Neural Plate 1,abo.1,4.4782925,3.4229774,7.524251876180117e-06,0.00014364540699048672,0.16630669546436286,0.01820250284414107
Neural Plate 1,b4galt1l,4.4762177,2.1298027,7.597693824010814e-06,0.00014492069662040206,0.20518358531317496,0.05915813424345848
Neural Plate 1,slc22a5,4.4723654,2.0129092,7.735908286756879e-06,0.00014742817006578327,0.20734341252699784,0.06029579067121729
Neural Plate 1,ly6g6c,4.471921,3.3918006,7.75200993137765e-06,0.00014747742695082102,0.16630669546436286,0.01820250284414107
Neural Plate 1,tfg,4.47118,1.3077896,7.77891723441744e-06,0.00014786041199670987,0.2678185745140389,0.12059158134243458
Neural Plate 1,vmp1,4.4678464,1.0719699,7.9011089959084e-06,0.00014992182556497146,0.34557235421166305,0.21274175199089876
Neural Plate 1,fbp1,4.4396935,2.3553376,9.008713258886953e-06,0.00016844827079877652,0.19654427645788336,0.051194539249146756
Neural Plate 1,ackr3,4.4262094,3.853978,9.590330380633383e-06,0.0001785585317711613,0.15982721382289417,0.013651877133105802
Neural Plate 1,hes1,4.423691,3.2329624,9.702888225645314e-06,0.0001801929565717501,0.16846652267818574,0.022753128555176336
Neural Plate 1,anxa9,4.4210978,1.9368819,9.820074164168671e-06,0.00018221414824517396,0.2224622030237581,0.07963594994311718
Neural Plate 1,tmem79,4.4182086,2.093702,9.952245039745113e-06,0.0001841967252012537,0.20302375809935205,0.05802047781569966
Neural Plate 1,cpeb3,4.393834,1.192362,1.1136887443524931e-05,0.00020473295779709986,0.30885529157667385,0.1751990898748578
Neural Plate 1,capn1,4.365459,1.2251225,1.2685612429954782e-05,0.00023121908448593933,0.3390928725701944,0.2150170648464164
Neural Plate 1,kremen2,4.3653107,1.3559816,1.2694214894558237e-05,0.00023121908448593933,0.26997840172786175,0.13310580204778158
Neural Plate 1,vill,4.3599024,2.459397,1.3012041881883173e-05,0.00023641612481646354,0.1857451403887689,0.04209328782707622
Neural Plate 1,erbb3,4.3487897,2.1207495,1.3689100038082475e-05,0.0002483041163183688,0.19438444924406048,0.051194539249146756
Neural Plate 1,rhbdl2,4.3213034,2.0624387,1.5511012194279364e-05,0.00027834358313435034,0.20302375809935205,0.06257110352673492
Neural Plate 1,LOC105945479,4.31997,1.241056,1.5605042403758812e-05,0.0002792589687343794,0.30885529157667385,0.17292377701934017
Neural Plate 1,golm1,4.3196735,2.0916815,1.562601167795597e-05,0.0002792589687343794,0.19870410367170627,0.05802047781569966
Neural Plate 1,anxa4,4.317229,1.5386735,1.5800036084126902e-05,0.00028213796022236756,0.24622030237580994,0.10693970420932879
Neural Plate 1,lypd6,4.3135242,1.685194,1.6067233928869846e-05,0.0002866746619475625,0.23974082073434125,0.10352673492605233
Neural Plate 1,rbfox3,4.213508,2.9940147,2.5143464855700675e-05,0.00043613318490957426,0.16846652267818574,0.030716723549488054
Neural Plate 1,LOC100486901,4.2130637,1.7619101,2.519301896475719e-05,0.0004366456448212603,0.21814254859611232,0.08191126279863481
Neural Plate 1,zdhhc13,4.199728,1.3534802,2.672358364732579e-05,0.0004609765365757281,0.24838012958963282,0.11149032992036405
Neural Plate 1,slc25a16,4.1889853,1.8844092,2.8020433488202446e-05,0.00048144399932761064,0.19222462203023757,0.05233219567690557
Neural Plate 1,dlx5,4.18254,1.5559096,2.8827031966005106e-05,0.0004945241073350609,0.23542116630669546,0.1012514220705347
Neural Plate 1,cyp4f22,4.177576,2.3189697,2.946319878151728e-05,0.0005042482044011675,0.1857451403887689,0.05005688282138794
Neural Plate 1,srp19,4.1667595,1.0893419,3.0896002150525706e-05,0.0005279417877264068,0.28293736501079914,0.14675767918088736
Neural Plate 1,piezo1,4.1665373,1.2451112,3.092612628510186e-05,0.0005280430372982845,0.2678185745140389,0.1353811149032992
Neural Plate 1,ugcg,4.1572766,1.8388077,3.22064028636614e-05,0.000546907328317475,0.20518358531317496,0.06825938566552901
Neural Plate 1,gramd1b,4.151794,3.3681567,3.298788905502588e-05,0.0005580067651703254,0.15550755939524838,0.01820250284414107
Neural Plate 1,prdm1,4.1450524,1.0319284,3.397361321038983e-05,0.0005728322292106317,0.30669546436285094,0.1695108077360637
Neural Plate 1,chmp4c,4.1281605,3.1659253,3.656766054542163e-05,0.0006138022467397272,0.15766738660907129,0.02161547212741752
Neural Plate 1,scn3b,4.113936,3.3218608,3.889691690803371e-05,0.0006488272691485081,0.15334773218142547,0.017064846416382253
Neural Plate 1,LOC100145045,4.1083055,1.6482536,3.9857260607419476e-05,0.0006639124303164125,0.2203023758099352,0.08873720136518772
Neural Plate 1,derl2,4.0706697,1.1699656,4.687817516050994e-05,0.0007737735704822143,0.27429805615550756,0.14562002275312855
Neural Plate 1,ufsp2,4.0404425,2.347311,5.335044096332071e-05,0.0008753082498200159,0.17278617710583152,0.03981797497155859
Neural Plate 1,stard9,4.039183,1.7107025,5.3637694363101015e-05,0.0008793599764817635,0.2159827213822894,0.08646188850967008
Neural Plate 1,slain2,4.036442,1.1562576,5.426796672987628e-05,0.0008890250015109837,0.2980561555075594,0.17633674630261661
Neural Plate 1,abhd10,4.0226617,2.0697207,5.754409397781378e-05,0.000939872510995415,0.1879049676025918,0.05802047781569966
Neural Plate 1,mreg,4.014957,3.8630779,5.945667365686417e-05,0.0009682119969152487,0.1468682505399568,0.01478953356086462
Neural Plate 1,cd164,4.0061407,1.9269197,6.171892536502276e-05,0.001001314996572611,0.1879049676025918,0.055745164960182024
Neural Plate 1,nedd4l,4.0059185,1.615708,6.177699659792109e-05,0.0010015125131970551,0.21382289416846653,0.08304891922639362
Neural Plate 1,eps8l1,3.9997692,1.6620353,6.340429962321754e-05,0.0010256080222966865,0.23110151187904968,0.10693970420932879
Neural Plate 1,prkcb,3.9972503,1.1678793,6.408255146509578e-05,0.0010358113744591518,0.2786177105831533,0.1547212741751991
Neural Plate 1,prickle3,3.987693,2.599351,6.671889532690653e-05,0.0010776262138626406,0.16414686825053995,0.03299203640500569
Neural Plate 1,plk2,3.9717646,2.2215195,7.134221461164425e-05,0.0011480519653692398,0.17062634989200864,0.038680318543799774
Neural Plate 1,mpc1,3.9622073,2.0985265,7.425998091084842e-05,0.0011901101934774394,0.18142548596112312,0.051194539249146756
Neural Plate 1,fam49a,3.9526503,1.6882905,7.729035293555337e-05,0.0012319596723204603,0.20518358531317496,0.07736063708759955
Neural Plate 1,slc43a1,3.9453158,1.6001177,7.969489115240649e-05,0.0012675089065864883,0.24190064794816415,0.1217292377701934
Neural Plate 1,col27a1,3.9193857,1.5960275,8.87750004874595e-05,0.0014017071531380995,0.21382289416846653,0.0875995449374289
Neural Plate 1,nipal3,3.9080503,2.324846,9.304391335163782e-05,0.0014659286882643242,0.17278617710583152,0.04550625711035267
Neural Plate 1,adap1,3.8950112,3.4366508,9.819419979041205e-05,0.001539292840248981,0.1447084233261339,0.015927189988623434
Neural Plate 1,LOC100486856,3.8580422,1.9854693,0.00011429894607214941,0.001772649113177237,0.1879049676025918,0.06370875995449374
Neural Plate 1,lman1,3.831297,1.0467824,0.00012746952397836244,0.0019588116075576387,0.28293736501079914,0.16382252559726962
Neural Plate 1,tmprss11f,3.8151462,2.9585018,0.000136102334803316,0.002081211666253089,0.15550755939524838,0.03185437997724687
Neural Plate 1,hk2,3.8109233,1.3503907,0.0001384487369882139,0.00211412868426859,0.24406047516198703,0.12514220705346984
Neural Plate 1,prrc1,3.777214,1.0194415,0.00015859244181524247,0.0023998929770113774,0.27213822894168466,0.15130830489192265
Neural Plate 1,ufl1,3.7751396,1.7285146,0.00015991807469349634,0.0024182760276415687,0.19222462203023757,0.06939704209328783
Neural Plate 1,phyhdla.3,3.767805,4.041035,0.0001646892204018263,0.0024869781857358142,0.14038876889848811,0.017064846416382253
Neural Plate 1,nxpe2,3.7645452,3.1180327,0.00016685243755939618,0.0025161624326078677,0.1490280777537797,0.026166097838452786
Neural Plate 1,frmd8,3.7625449,1.286545,0.0001681930706320847,0.0025346277584687295,0.2267818574514039,0.10580204778156997
Neural Plate 1,vwf,3.7555068,1.8733085,0.0001729910991636709,0.0025997512223488034,0.1879049676025918,0.0671217292377702
Neural Plate 1,arhgef16,3.7468386,1.6356704,0.00017907718593848697,0.0026838209301948655,0.20734341252699784,0.08873720136518772
Neural Plate 1,vps4b,3.7363925,1.2096795,0.00018667920757863568,0.0027862701700228517,0.2505399568034557,0.13310580204778158
Neural Plate 1,tmed10l,3.73417,3.192091,0.00018833532507398485,0.0028090670734377465,0.14254859611231102,0.019340159271899887
Neural Plate 1,cndp2,3.6860878,1.783555,0.00022772770529702876,0.0033417930445773128,0.1900647948164147,0.07053469852104664
Neural Plate 1,neurl1b,3.6800869,5.808845,0.00023315445452899936,0.0034145391626022115,0.12526997840172785,0.0034129692832764505
Neural Plate 1,sort1,3.6537123,2.6054227,0.00025847595742871523,0.0037676712538757483,0.1490280777537797,0.02844141069397042
Neural Plate 1,vps53,3.6516378,1.442136,0.0002605732098389186,0.0037931741240127036,0.21382289416846653,0.09670079635949944
Neural Plate 1,ssuh2,3.6403768,2.3001866,0.00027223945693587365,0.003949825259174002,0.16198704103671707,0.04323094425483504
Neural Plate 1,pm20d1,3.610594,1.0368927,0.00030549653422244356,0.004382424114186867,0.2613390928725702,0.14448236632536973
Neural Plate 1,otc,3.6057043,3.686562,0.00031130743307346395,0.004451533091150758,0.13174946004319654,0.012514220705346985
Neural Plate 1,ptbp3,3.6031113,1.613509,0.0003144308024421655,0.004490310562886449,0.1857451403887689,0.06598407281001138
Neural Plate 1,bcl11a,3.5995553,1.0963749,0.0003187620064066533,0.0045402778993469855,0.22894168466522677,0.1080773606370876
Neural Plate 1,gclc,3.592517,1.043335,0.00032749931841447174,0.004649552782773057,0.37365010799136067,0.27303754266211605
Neural Plate 1,ehd4,3.5274692,2.4727352,0.00041955251922707834,0.005842409395056845,0.1490280777537797,0.03299203640500569
Neural Plate 1,mtmr12,3.5150228,1.5655313,0.0004397163347260601,0.006076662533285217,0.19438444924406048,0.080773606370876
Neural Plate 1,LOC100496053,3.5005019,2.12445,0.00046438304620077933,0.006385193731031636,0.15766738660907129,0.04209328782707622
Neural Plate 1,ggt1,3.4978347,1.712379,0.00046905170447254606,0.006437218392009703,0.183585313174946,0.07053469852104664
Neural Plate 1,ap1s3,3.4870923,1.8070159,0.0004883029508177005,0.006672046768812175,0.17926565874730022,0.06598407281001138
Neural Plate 1,phyhdla.2,3.4656813,4.298677,0.0005288898267051165,0.007159370290652821,0.12742980561555076,0.013651877133105802
Neural Plate 1,vapa,3.4629402,1.0549204,0.0005343073342342486,0.007228220917746769,0.23542116630669546,0.11945392491467577
Neural Plate 1,c3orf52,3.4380472,3.2244549,0.0005859257463935242,0.00787283602958934,0.12958963282937366,0.015927189988623434
Neural Plate 1,LOC116410405,3.4367876,4.407384,0.00058865692629481,0.007899804913086747,0.11879049676025918,0.004550625711035267
Neural Plate 1,casd1,3.4270082,1.1730092,0.0006102705072797347,0.008164753365635248,0.27213822894168466,0.17178612059158135
Neural Plate 1,anxa11,3.424193,1.3557547,0.0006166281564044727,0.008239707900123698,0.23110151187904968,0.12627986348122866
Neural Plate 1,fam221a,3.4231558,1.747313,0.0006189859433954431,0.008266151940533638,0.16630669546436286,0.053469852104664393
Neural Plate 1,LOC100488176,3.4136727,2.1963708,0.0006409351517935033,0.008538367489185614,0.15766738660907129,0.04664391353811149
Neural Plate 1,nexn,3.3970773,1.7511634,0.0006810969694248221,0.009029293420303185,0.17494600431965443,0.06484641638225255
Neural Plate 1,il1r1,3.3870018,2.3604903,0.0007066095571994464,0.009344804331908558,0.1447084233261339,0.03299203640500569
Neural Plate 1,acy3,3.3732216,1.2871106,0.0007429412532918208,0.0097896866473918,0.2159827213822894,0.1080773606370876
Neural Plate 1,trappc11,3.368554,1.0690022,0.000755635390364703,0.009938951086888598,0.23542116630669546,0.12514220705346984
Neural Plate 1,kcnk5,3.353663,1.4930946,0.0007974946717979451,0.010420437864253269,0.19870410367170627,0.09215017064846416
Neural Plate 1,MGC69416,3.3526998,1.3348998,0.0008002747418282553,0.010447051265152104,0.20950323974082075,0.10238907849829351
Neural Plate 1,gosr2,3.3515885,1.2710336,0.0008034936895128449,0.010473737036355908,0.20302375809935205,0.09215017064846416
Neural Plate 1,MGC75872,3.349514,2.5549586,0.0008095345612307789,0.010539888818983786,0.14038876889848811,0.030716723549488054
Neural Plate 1,acaca,3.344254,1.1485903,0.0008250419138155679,0.01071621404843423,0.22894168466522677,0.12286689419795221
Neural Plate 1,LOC100497498,3.3300292,1.1702491,0.000868368328962153,0.01123882877003745,0.23110151187904968,0.12400455062571103
Neural Plate 1,dctn2,3.326177,1.3631525,0.0008804604442075481,0.011381829000623761,0.19870410367170627,0.09101251422070535
Neural Plate 1,tesc,3.3247693,1.4137565,0.000884917521017773,0.011432673313279351,0.1900647948164147,0.080773606370876
Neural Plate 1,dnajc3,3.3235838,1.2572144,0.000888687062214978,0.011474580109226648,0.19654427645788336,0.08646188850967008
Neural Plate 1,lrrk1,3.3179533,2.7928984,0.0009067965040693325,0.011694566498402425,0.12958963282937366,0.019340159271899887
Neural Plate 1,efcab10,3.31336,1.1566797,0.0009218226625339364,0.01186731110274515,0.20086393088552915,0.08987485779294653
Neural Plate 1,blvrb,3.309211,3.269779,0.000935592654444636,0.0120303873380297,0.12311015118790497,0.013651877133105802
Neural Plate 1,camk1,3.3035064,1.3278735,0.0009548376964978846,0.012241782241645323,0.22894168466522677,0.1285551763367463
Neural Plate 1,mvp,3.299654,2.797006,0.0009680410738026088,0.012403772326157796,0.12958963282937366,0.020477815699658702
Neural Plate 1,ttc39a,3.2968388,1.7306604,0.0009777964033426448,0.012521417439753435,0.17062634989200864,0.06370875995449374
Neural Plate 1,fam83c,3.2715752,3.1201024,0.0010695011098996049,0.013584158160139278,0.12526997840172785,0.017064846416382253
Neural Plate 1,cds1,3.252461,3.1379867,0.0011441028552474145,0.014447609030297355,0.12742980561555076,0.020477815699658702
Neural Plate 1,elovl1,3.2509792,1.4831424,0.0011500823131964442,0.014514717267934995,0.17278617710583152,0.06484641638225255
Neural Plate 1,LOC100496344,3.2500162,4.8553257,0.0011539844360604818,0.01454713713418589,0.11231101511879049,0.004550625711035267
Neural Plate 1,arhgdig,3.23794,1.0090191,0.0012039607780066294,0.015142148782064933,0.22462203023758098,0.11604095563139932
Neural Plate 1,llgl2,3.234458,1.2915038,0.001218738176564528,0.015292746262688077,0.1879049676025918,0.080773606370876
Neural Plate 1,arpc1b,3.2170477,1.5496393,0.0012951702260102338,0.016149662572439605,0.17494600431965443,0.07053469852104664
Neural Plate 1,ttc9,3.2126026,1.0617245,0.0013153814982644863,0.01635495138098539,0.2267818574514039,0.12286689419795221
Neural Plate 1,plpp5,3.1982298,1.6302259,0.0013827400657379018,0.017133884710089014,0.16630669546436286,0.06143344709897611
Neural Plate 1,lmbrd2,3.1934142,1.4485035,0.0014060107777746896,0.017372911201484428,0.17062634989200864,0.06370875995449374
Neural Plate 1,naaladl2,3.189932,3.2662125,0.001423061660323161,0.017563703897008877,0.12311015118790497,0.01820250284414107
Neural Plate 1,galnt4,3.1795602,2.019271,0.001474987579076399,0.018112382646610074,0.1468682505399568,0.04209328782707622
Neural Plate 1,syt16,3.158816,1.8226956,0.0015841147631988277,0.019321949831057363,0.16630669546436286,0.06484641638225255
Neural Plate 1,kdf1,3.156149,1.6008666,0.0015986723561186881,0.019445166935822683,0.16198704103671707,0.05688282138794084
Neural Plate 1,cnksr1,3.1541486,1.8516585,0.001609671257768935,0.019568042627173217,0.15550755939524838,0.05233219567690557
Neural Plate 1,crybb3,3.146073,3.8521373,0.0016547861191440823,0.02007175536733909,0.11231101511879049,0.007963594994311717
Neural Plate 1,slc13a3,3.1392572,2.9432182,0.0016937670396580233,0.020487633354976567,0.12311015118790497,0.019340159271899887
Neural Plate 1,ccser1,3.134812,2.0329309,0.0017196425633749348,0.02075460197754671,0.1490280777537797,0.04664391353811149
Neural Plate 1,LOC100494793,3.1311817,1.813673,0.0017410433792586512,0.020978082594590296,0.1511879049676026,0.04778156996587031
Neural Plate 1,fam3a,3.1198466,1.6385531,0.0018094523586305626,0.021742323743214484,0.15334773218142547,0.048919226393629126
Neural Plate 1,LOC549052,3.119328,3.0588715,0.0018126404949621428,0.021756671199432847,0.12095032397408208,0.01820250284414107
Neural Plate 1,irak2,3.106437,2.9256973,0.001893566522618493,0.022665669275950706,0.12095032397408208,0.01820250284414107
Neural Plate 1,LOC100491826,3.0779138,4.080225,0.0020845521110090127,0.024788562187644504,0.1079913606911447,0.005688282138794084
Neural Plate 1,fam83f,3.0547247,3.6501877,0.002252671305675214,0.026570562465480452,0.11231101511879049,0.011376564277588168
Neural Plate 1,LOC101733990,3.053169,2.1567495,0.0022643839183865712,0.0266654730076165,0.13390928725701945,0.03299203640500569
Neural Plate 1,alas1,3.033462,1.3090677,0.0024176513230689495,0.028241739572102537,0.1879049676025918,0.08987485779294653
Neural Plate 1,fam126b,3.0294614,1.4400251,0.0024499022974905577,0.02855732800937044,0.17494600431965443,0.07622298065984073
Neural Plate 1,fam91a1,3.0270905,1.3937223,0.002469199282118434,0.028736212018723385,0.16414686825053995,0.06370875995449374
Neural Plate 1,bdh2,3.0250902,1.8073447,0.0024855891822745686,0.028896132949607547,0.1490280777537797,0.05005688282138794
Neural Plate 1,rab25,3.010125,1.6841921,0.002611403152289474,0.030212630789989897,0.15982721382289417,0.06143344709897611
Neural Plate 1,bcl11b,2.997308,2.0501587,0.0027237542965130855,0.03129807398852661,0.1447084233261339,0.04778156996587031
Neural Plate 1,sema4g,2.9936037,1.4033871,0.0027570386918489434,0.031629301719836474,0.16630669546436286,0.0671217292377702
Neural Plate 1,adam15,2.9927146,2.257663,0.0027650820363160395,0.03168952474498545,0.12742980561555076,0.02844141069397042
Neural Plate 1,plcxd2,2.9841206,3.468999,0.002843946722038215,0.03242307284304906,0.1101511879049676,0.011376564277588168
Neural Plate 1,ppp1r3c.2,2.9838984,1.4350545,0.002846013301649045,0.032429689950539846,0.16846652267818574,0.07053469852104664
Neural Plate 1,cndp1,2.9661918,1.4103448,0.0030151248368200535,0.034089657546243726,0.17926565874730022,0.08418657565415244
Neural Plate 1,LOC116409572,2.9507818,3.3182209,0.0031697079166169424,0.03559763069917566,0.11231101511879049,0.01478953356086462
Neural Plate 1,gch1,2.9498928,1.9777813,0.0031788428029874186,0.0356818563806525,0.1468682505399568,0.051194539249146756
Neural Plate 1,rbm47,2.9489295,1.6244,0.003188766001666325,0.03577483954877166,0.1511879049676026,0.05460750853242321
Neural Plate 1,gale,2.939669,2.1505492,0.0032856322346813743,0.03674822193387098,0.13390928725701945,0.03754266211604096
Neural Plate 1,sptlc2,2.9307044,1.2753564,0.003381944398291983,0.037786691610409304,0.18142548596112312,0.08646188850967008
Neural Plate 1,clic1,2.9300375,1.5508714,0.0033892098204535205,0.03784848899289471,0.15334773218142547,0.05688282138794084
Neural Plate 1,ripk1,2.9275186,1.3944656,0.0034167854005197635,0.03809794288438516,0.17926565874730022,0.08532423208191127
Neural Plate 1,LOC100489305,2.9265556,2.2799044,0.003427382870479427,0.03815761306976101,0.12958963282937366,0.034129692832764506
Neural Plate 1,LOC101730595,2.8938835,2.6343923,0.0038050929682433947,0.04206227642352539,0.11879049676025918,0.023890784982935155
Neural Plate 1,st6galnac2,2.8922536,1.151532,0.0038248905379585298,0.04225971464749017,0.1879049676025918,0.09328782707622298
Neural Plate 1,prr5,2.8815851,2.368842,0.003956802538122868,0.04351884485099753,0.11879049676025918,0.022753128555176336
Neural Plate 1,traf3ip1,2.8809924,1.0790912,0.00396425070326579,0.043556855284976236,0.20518358531317496,0.11149032992036405
Neural Plate 1,flii,2.8598778,1.1188619,0.00423804122121622,0.046239148744079576,0.1900647948164147,0.09556313993174062
Neural Plate 1,LOC101734591,2.854692,1.0172493,0.0043078600376909556,0.04688369769698471,0.21382289416846653,0.12286689419795221
Neural Plate 1,lpcat4,2.8408377,1.0787401,0.004499519858444226,0.048630026166969514,0.2159827213822894,0.12514220705346984
Neural Plate 1,vgll1,2.8331327,2.4186292,0.004609423546617415,0.04964572122938727,0.12311015118790497,0.030716723549488054
Neural Plate 1,tmem63c,2.8317993,1.9289576,0.00462869026617456,0.04982863852895662,0.13606911447084233,0.04323094425483504
Neural Plate 1,LOC116407528,-2.8418748,-1.7298832,0.004484907853271431,0.0484961220348047,0.056155507559395246,0.14789533560864618
Neural Plate 1,lmbr1,-2.8441715,-1.9412014,0.004452705587523956,0.04821959733268499,0.04967602591792657,0.1410693970420933
Neural Plate 1,vim,-2.8498023,-1.8772144,0.004374642737259215,0.04751571885004148,0.04319654427645788,0.13651877133105803
Neural Plate 1,pou2f2,-2.8606188,-2.0362587,0.004228151324285844,0.04615432218471306,0.04103671706263499,0.1342434584755404
Neural Plate 1,zfyve21,-2.8675828,-1.0571111,0.004136204416773558,0.04524116119218837,0.13174946004319654,0.21843003412969283
Neural Plate 1,kifap3,-2.906256,-1.0932437,0.003657821489821884,0.040578201692630066,0.11447084233261338,0.20705346985210465
Neural Plate 1,lhx2,-2.9153686,-2.525976,0.0035526875571219537,0.03947209530751433,0.032397408207343416,0.12741751990898748
Neural Plate 1,scn1a,-2.915813,-2.4347832,0.003547630101642546,0.03943598392661334,0.0367170626349892,0.13083048919226395
Neural Plate 1,maneal,-2.926926,-1.5897186,0.0034233033846251116,0.03813165041138569,0.06911447084233262,0.1626848691695108
Neural Plate 1,prph,-2.9481146,-2.1798954,0.0031971845961002894,0.0358508556379776,0.047516198704103674,0.1422070534698521
Neural Plate 1,ipo9,-2.953597,-1.4373893,0.003140938400648774,0.03531087936144096,0.06047516198704104,0.15813424345847554
Neural Plate 1,cct8,-2.9680438,-1.127975,0.0029970156069369994,0.033918823544691154,0.1079913606911447,0.2025028441410694
Neural Plate 1,ankrd35,-2.9729335,-1.0491571,0.002949682985465335,0.033453759057088917,0.12958963282937366,0.22184300341296928
Neural Plate 1,fbln1,-2.9821203,-1.3249109,0.002862595362590859,0.03260161451309767,0.10583153347732181,0.19795221843003413
Neural Plate 1,cfp,-2.9847133,-1.1521895,0.0028384425396330284,0.03237723714444972,0.10583153347732181,0.20022753128555176
Neural Plate 1,lrrn1,-2.9873064,-1.4441605,0.0028144759238860127,0.032187986968090505,0.06911447084233262,0.16609783845278725
Neural Plate 1,pik3r3,-2.997308,-1.2125027,0.0027237542965130855,0.03129807398852661,0.09503239740820735,0.19226393629124006
Neural Plate 1,runx1t1,-3.0003455,-1.6555094,0.0026967354912139966,0.03103663773933577,0.058315334773218146,0.1558589306029579
Neural Plate 1,scarf2,-3.0032349,-1.850408,0.0026712621835996465,0.030808463059369916,0.05399568034557235,0.15130830489192265
Neural Plate 1,cdknx,-3.0082726,-1.5148084,0.002627372595581283,0.030334337253004853,0.0755939524838013,0.17178612059158135
Neural Plate 1,LOC116410852,-3.061911,-1.1407781,0.002199287185963496,0.025983024193237385,0.12095032397408208,0.21729237770193402
Neural Plate 1,cyp26c1,-3.0709498,-1.4434139,0.002133791081434413,0.025305138689119742,0.0734341252699784,0.17406143344709898
Neural Plate 1,celf5,-3.09688,-3.3802068,0.0019556910861373783,0.023383635720878756,0.01511879049676026,0.11717861205915814
Neural Plate 1,rpa2,-3.127848,-1.6393046,0.0017609126364697809,0.02120578070662643,0.058315334773218146,0.161547212741752
Neural Plate 1,ttc21b,-3.1325893,-1.382014,0.0017327162008087334,0.020889281888313464,0.09935205183585313,0.19681456200227532
Neural Plate 1,stx1a,-3.1729665,-1.1589843,0.001508899524491638,0.018487196251505914,0.13390928725701945,0.229806598407281
Neural Plate 1,tcf7l2,-3.1926734,-1.0495294,0.001409622770392734,0.017407684478064428,0.15550755939524838,0.2502844141069397
Neural Plate 1,slc16a3,-3.1934142,-1.5153291,0.0014060107777746896,0.017372911201484428,0.0734341252699784,0.17747440273037543
Neural Plate 1,prr5l,-3.2039344,-1.115165,0.0013556330356578625,0.016817094071114393,0.12311015118790497,0.2229806598407281
Neural Plate 1,pan2,-3.237051,-1.2895828,0.0012077179136121077,0.015180652415282143,0.10151187904967603,0.20477815699658702
Neural Plate 1,frem1,-3.2539427,-1.8908845,0.0011381521444919973,0.014380786302814055,0.10151187904967603,0.20022753128555176
Neural Plate 1,inpp5a.1,-3.2654262,-1.0471661,0.001092995137057136,0.013850317587528319,0.12742980561555076,0.23208191126279865
Neural Plate 1,rnf220.2,-3.272242,-1.1319461,0.0010669818369048823,0.013560052803204098,0.12526997840172785,0.22753128555176336
Neural Plate 1,snx7,-3.3472173,-1.8480694,0.0008162718111790146,0.010608616552553471,0.06479481641468683,0.17064846416382254
Neural Plate 1,trim8,-3.3550706,-1.0140061,0.000793447611792139,0.010373768925653844,0.12742980561555076,0.2366325369738339
Neural Plate 1,mdfi,-3.358034,-1.0726434,0.0007849897147050882,0.010287844182930769,0.1490280777537797,0.24914675767918087
Neural Plate 1,hdac10,-3.3678875,-1.0571213,0.0007574651924887432,0.009957016846564377,0.14038876889848811,0.24687144482366324
Neural Plate 1,acer2,-3.3883352,-1.8270395,0.00070318263502659,0.009305123274054106,0.06263498920086392,0.17178612059158135
Neural Plate 1,myo5a,-3.3954475,-1.1897455,0.0006851650978396641,0.009077709532458596,0.12742980561555076,0.23208191126279865
Neural Plate 1,nme4,-3.44553,-1.9933931,0.0005699410680068173,0.0076817072544637195,0.047516198704103674,0.16040955631399317
Neural Plate 1,pcna,-3.4656813,-1.1881018,0.0005288898267051165,0.007159370290652821,0.1079913606911447,0.22184300341296928
Neural Plate 1,hdgfl3,-3.492871,-2.4769967,0.0004778573863719776,0.006541136802795738,0.03023758099352052,0.14562002275312855
Neural Plate 1,rab3a,-3.4957602,-1.5848981,0.0004727131164306605,0.006479317156804926,0.08207343412526998,0.1945392491467577
Neural Plate 1,lonrf3,-3.5142078,-1.3534056,0.0004410676442375585,0.006091479155004914,0.09935205183585313,0.21160409556313994
Neural Plate 1,adamts5,-3.524876,-1.2578553,0.0004236807255423872,0.005896133362283437,0.17062634989200864,0.27303754266211605
Neural Plate 1,ank2,-3.5571778,-1.0469644,0.00037486041530559143,0.005270508455143885,0.1900647948164147,0.2901023890784983
Neural Plate 1,dclk1,-3.5750327,-1.8354075,0.0003501842421689073,0.004945870775642541,0.06479481641468683,0.18088737201365188
Neural Plate 1,efna1,-3.5811076,-1.444,0.000342140590440157,0.0048385287258552595,0.09287257019438445,0.20705346985210465
Neural Plate 1,plppr3,-3.6102235,-1.4979796,0.0003059331729630844,0.0043833012260193465,0.10367170626349892,0.2150170648464164
Neural Plate 1,itgb8,-3.6325235,-1.5635012,0.00028066294941590656,0.004053174201988416,0.08423326133909287,0.20136518771331058
Neural Plate 1,rnf125,-3.7237236,-1.6242139,0.0001963057286954402,0.002917975003994006,0.08855291576673865,0.20477815699658702
Neural Plate 1,stx2,-3.7595074,-1.0137104,0.0001702482373024731,0.002562059852536045,0.17062634989200864,0.2912400455062571
Neural Plate 1,tcf4,-3.7597296,-1.167709,0.00017009706192543418,0.002561551406676949,0.1447084233261339,0.2605233219567691
Neural Plate 1,jam2,-3.7793624,-2.2702336,0.0001572303712514095,0.002384241786710915,0.047516198704103674,0.1695108077360637
Neural Plate 1,shf,-3.8582644,-1.0504638,0.00011419507680522804,0.0017722978456378954,0.17278617710583152,0.2901023890784983
Neural Plate 1,prdm14,-3.8721185,-2.8193765,0.00010789345925398341,0.0016768826028355926,0.03455723542116631,0.16040955631399317
Neural Plate 1,ulk1,-3.8970115,-1.7020062,9.738699203325831e-05,0.0015277365587043348,0.09503239740820735,0.21729237770193402
Neural Plate 1,dlc,-3.9038274,-1.0306752,9.468329851203565e-05,0.0014885333262472118,0.3282937365010799,0.4141069397042093
Neural Plate 1,sema3a,-3.9362032,-1.0242826,8.27809069852497e-05,0.0013118098557190513,0.24838012958963282,0.3503981797497156
Neural Plate 1,abcc1,-3.9495387,-1.0668702,7.830196026622466e-05,0.0012462633661336894,0.1490280777537797,0.2787258248009101
Neural Plate 1,prrg1,-3.955095,-1.0093765,7.650420064559889e-05,0.0012212129936266375,0.1900647948164147,0.310580204778157
Neural Plate 1,ube2o,-3.973913,-1.1082348,7.070138176140493e-05,0.0011385792261369868,0.15766738660907129,0.2832764505119454
Neural Plate 1,dck.2,-4.0025845,-1.2626694,6.265429655854275e-05,0.0010142280454035323,0.11663066954643629,0.24800910125142206
Neural Plate 1,hip1,-4.0591865,-1.2486862,4.924400598026056e-05,0.000811596264724521,0.15334773218142547,0.27303754266211605
Neural Plate 1,ankfn1l,-4.0980077,-1.2395357,4.1672170638346094e-05,0.00069255783358671,0.17494600431965443,0.29806598407281
Neural Plate 1,numbl,-4.099786,-1.2781085,4.135330386045285e-05,0.0006877823502583396,0.11879049676025918,0.2514220705346985
Neural Plate 1,dlgap4,-4.119789,-1.1712983,3.7921966832103626e-05,0.0006345822379166666,0.1511879049676026,0.27986348122866894
Neural Plate 1,LOC100498624,-4.1315684,-2.1215363,3.602961012759243e-05,0.0006052364300186254,0.056155507559395246,0.1899886234357224
Neural Plate 1,slc44a5,-4.144904,-2.1471894,3.3995588507757116e-05,0.0005728322292106317,0.058315334773218146,0.19226393629124006
Neural Plate 1,reep3,-4.1526093,-1.311318,3.287059306918436e-05,0.0005564540041603351,0.1468682505399568,0.2753128555176337
Neural Plate 1,fyn,-4.192986,-1.217864,2.753062809664874e-05,0.0004734009737564792,0.15982721382289417,0.2844141069397042
Neural Plate 1,pfn2,-4.21699,-1.6245754,2.4758486220952124e-05,0.00043048201420509667,0.08855291576673865,0.2241183162684869
Neural Plate 1,fgfr3,-4.23077,-1.0166454,2.328925816232443e-05,0.000405582523830871,0.20734341252699784,0.3321956769055745
Neural Plate 1,gdf11.1,-4.2318816,-1.732245,2.3174458765305383e-05,0.00040390564274578973,0.10583153347732181,0.23777019340159272
Neural Plate 1,LOC100145446,-4.2557373,-1.4264812,2.0836133662393347e-05,0.0003657805894184113,0.1079913606911447,0.24687144482366324
Neural Plate 1,dennd1a,-4.297892,-1.4130963,1.7242992058439275e-05,0.0003056533953754699,0.12095032397408208,0.2582480091012514
Neural Plate 1,c15orf41,-4.319748,-1.0243059,1.5620766842529546e-05,0.0002792589687343794,0.21382289416846653,0.3435722411831627
Neural Plate 1,agap3,-4.325971,-1.5697802,1.5186142135408449e-05,0.00027296277391824364,0.11447084233261338,0.24800910125142206
Neural Plate 1,ipo8,-4.333602,-1.3807396,1.4668936314929562e-05,0.00026497587692721685,0.12311015118790497,0.2605233219567691
Neural Plate 1,dck.1,-4.341159,-1.5805253,1.4173333166049136e-05,0.000256448012451375,0.09503239740820735,0.23435722411831628
Neural Plate 1,rims2,-4.3609395,-1.2224407,1.2950506263195885e-05,0.0002354941643076645,0.17062634989200864,0.2992036405005688
Neural Plate 1,marchf9,-4.3779798,-2.1191297,1.1978459808946594e-05,0.00021909637174436178,0.058315334773218146,0.20136518771331058
Neural Plate 1,septin6,-4.409837,-1.8950461,1.0344863598253643e-05,0.0001913010750656718,0.0755939524838013,0.21729237770193402
Neural Plate 1,tgfbr2,-4.418801,-1.5393898,9.924995301664976e-06,0.00018384832128831192,0.10367170626349892,0.24573378839590443
Neural Plate 1,pfkfb1,-4.424654,-1.4840293,9.659703200386276e-06,0.00017969683165867768,0.1079913606911447,0.24914675767918087
Neural Plate 1,dchs1,-4.445398,-1.3009893,8.772928653021979e-06,0.00016460367681650267,0.15334773218142547,0.28782707622298065
Neural Plate 1,mpdz,-4.445546,-1.2327213,8.766883661441014e-06,0.00016460367681650267,0.16198704103671707,0.29692832764505117
Neural Plate 1,nedd9,-4.5663066,-1.8733563,4.9639208764372544e-06,9.697199413136736e-05,0.08855291576673865,0.23435722411831628
Neural Plate 1,rundc3b,-4.5774198,-1.8314152,4.7074628953259756e-06,9.237549266088859e-05,0.0755939524838013,0.22525597269624573
Neural Plate 1,pappa,-4.5797906,-1.1858125,4.654418873498952e-06,9.141680849560813e-05,0.18142548596112312,0.31968145620022753
Neural Plate 1,gria1,-4.5831985,-1.6868178,4.5791701282321414e-06,9.018237488100501e-05,0.1101511879049676,0.25369738339021614
Neural Plate 1,ust,-4.5839396,-1.0626763,4.562966622281287e-06,9.002576371139238e-05,0.23758099352051837,0.3640500568828214
Neural Plate 1,camsap2,-4.648839,-1.3880917,3.3380878915112323e-06,6.713402385314895e-05,0.12526997840172785,0.27417519908987487
Neural Plate 1,nckap5l,-4.6622486,-1.0587194,3.127731678307695e-06,6.319466014106686e-05,0.19438444924406048,0.3390216154721274
Neural Plate 1,ap1m1,-4.665805,-1.4711099,3.0741164045947507e-06,6.228439560321454e-05,0.11879049676025918,0.26507394766780434
Neural Plate 1,ebf4,-4.671361,-1.054138,2.992103566609983e-06,6.0735527373950174e-05,0.2570194384449244,0.37656427758816835
Neural Plate 1,zbtb47,-4.6803994,-1.1132456,2.8631622491532445e-06,5.832298136447497e-05,0.1900647948164147,0.3321956769055745
Neural Plate 1,fgf8,-4.687216,-1.0039268,2.769471801257576e-06,5.6637904569111117e-05,0.265658747300216,0.40159271899886234
Neural Plate 1,mcm6.2,-4.6884007,-1.0896412,2.753481045848701e-06,5.636370534846576e-05,0.1900647948164147,0.33674630261660976
Neural Plate 1,wwc3,-4.6894383,-1.255443,2.739561849246279e-06,5.613143578629395e-05,0.15982721382289417,0.30602957906712175
Neural Plate 1,ptk2,-4.723444,-1.474095,2.318840911710959e-06,4.805263773451551e-05,0.13174946004319654,0.2753128555176337
Neural Plate 1,atp13a3,-4.7240367,-1.1075482,2.3120893384193223e-06,4.7975755384304146e-05,0.19870410367170627,0.3424345847554039
Neural Plate 1,LOC100492268,-4.804124,-1.2874346,1.5543070888826532e-06,3.308930242586183e-05,0.1490280777537797,0.3003412969283277
Neural Plate 1,slc38a3,-4.811384,-1.5404496,1.4988859476070043e-06,3.2097340787764905e-05,0.11663066954643629,0.2696245733788396
Neural Plate 1,nova2,-4.879766,-1.1808109,1.0621189774175403e-06,2.3199697904132278e-05,0.21814254859611232,0.3572241183162685
Neural Plate 1,atp2b3,-4.8966575,-2.1029084,9.748054482233715e-07,2.148609059159817e-05,0.06911447084233262,0.22753128555176336
Neural Plate 1,hps3,-4.911697,-1.2183989,9.029152301570028e-07,2.0022879306154428e-05,0.17278617710583152,0.323094425483504
Neural Plate 1,pitpnc1,-4.9347377,-1.0722741,8.025850811387366e-07,1.7907166723444143e-05,0.19870410367170627,0.35267349260523323
Neural Plate 1,LOC734009,-4.9566674,-1.1561341,7.171260900322576e-07,1.611576561338197e-05,0.20302375809935205,0.3515358361774744
Neural Plate 1,dhcr7,-4.9903765,-1.4902568,6.026169485443496e-07,1.375492095626177e-05,0.12742980561555076,0.2844141069397042
Neural Plate 1,mms22l,-5.0007486,-1.026197,5.710812267120518e-07,1.3103641901244672e-05,0.2591792656587473,0.4050056882821388
Neural Plate 1,pcdh18,-5.061944,-1.7424281,4.1500313748597117e-07,9.664656844270412e-06,0.1079913606911447,0.267349260523322
Neural Plate 1,dbn1,-5.0691304,-2.0851524,3.9963763214947213e-07,9.336716029050996e-06,0.08855291576673865,0.24914675767918087
Neural Plate 1,phka1,-5.127436,-1.0794439,2.937145218545597e-07,6.996882730773305e-06,0.2203023758099352,0.37656427758816835
Neural Plate 1,LOC116406756,-5.240714,-2.1104784,1.5995641363776697e-07,3.9218077550446214e-06,0.07127429805615551,0.24118316268486917
Neural Plate 1,st8sia4,-5.3202085,-1.438334,1.036483288570286e-07,2.6056568939967982e-06,0.17278617710583152,0.33560864618885095
Neural Plate 1,ccn6,-5.3819966,-1.0628244,7.366417182644539e-08,1.8866501096535971e-06,0.31101511879049676,0.459613196814562
Neural Plate 1,mthfd2,-5.391628,-1.0572171,6.982228305518006e-08,1.79457248356547e-06,0.23974082073434125,0.40159271899886234
Neural Plate 1,tktl2,-5.411557,-1.5028774,6.247910618403846e-08,1.6147755734236871e-06,0.13822894168466524,0.3094425483503982
Neural Plate 1,ldlrad3,-5.428078,-1.4089432,5.696407618310215e-08,1.476262596664456e-06,0.14254859611231102,0.31399317406143346
Neural Plate 1,gnao1,-5.4984603,-1.5786693,3.8312205642814755e-08,1.0060296502188457e-06,0.1490280777537797,0.3174061433447099
Neural Plate 1,clip2,-5.523427,-2.7380743,3.324500037546508e-08,8.825293834465006e-07,0.047516198704103674,0.22753128555176336
Neural Plate 1,dpysl4,-5.576399,-2.5039372,2.4554848762993142e-08,6.590545570200165e-07,0.06047516198704104,0.24004550625711035
Neural Plate 1,LOC100492966,-5.5793624,-1.338296,2.4140186825950485e-08,6.495228319717208e-07,0.17278617710583152,0.3492605233219568
Neural Plate 1,gtdc1,-5.7304983,-1.8299116,1.0013600575028418e-08,2.7835258362763707e-07,0.11879049676025918,0.29465301478953354
Neural Plate 1,cass4,-5.7359066,-1.2403605,9.699208074096596e-09,2.699571675827319e-07,0.21814254859611232,0.3856655290102389
Neural Plate 1,satb1,-5.737092,-1.5694369,9.631593223740644e-09,2.68760864111566e-07,0.15550755939524838,0.32764505119453924
Neural Plate 1,htra1,-5.7376847,-1.4169761,9.597957836228237e-09,2.685090230055594e-07,0.1900647948164147,0.3640500568828214
Neural Plate 1,ltbp1,-5.7390924,-1.37856,9.518530746835127e-09,2.669715416795492e-07,0.2980561555075594,0.44368600682593856
Neural Plate 1,cpn1,-5.758577,-1.5177187,8.482595291183484e-09,2.3914562254381757e-07,0.1511879049676026,0.3333333333333333
Neural Plate 1,hsf2.2,-5.7599845,-1.0832291,8.41215728507924e-09,2.374666029983365e-07,0.265658747300216,0.42889647326507396
Neural Plate 1,vav2,-5.842739,-1.1821611,5.134942789393935e-09,1.4743366658863824e-07,0.22894168466522677,0.3970420932878271
Neural Plate 1,ripor1,-5.862372,-1.1667688,4.56301632499301e-09,1.320551448642871e-07,0.23326133909287258,0.4072810011376564
Neural Plate 1,c21orf91,-5.880375,-1.182064,4.093383988464556e-09,1.1893705993646481e-07,0.24406047516198703,0.41751990898748575
Neural Plate 1,slco5a1,-5.974316,-2.3181055,2.3105721907798095e-09,6.887840952869703e-08,0.06911447084233262,0.2616609783845279
Neural Plate 1,elovl6,-5.98091,-1.731262,2.218945776577942e-09,6.623750450165153e-08,0.12311015118790497,0.31285551763367464
Neural Plate 1,pdgfa,-6.024621,-1.5681412,1.6950655601840101e-09,5.09476936484508e-08,0.16846652267818574,0.3503981797497156
Neural Plate 1,meis2,-6.049662,-1.0393014,1.4515007376734263e-09,4.392953896917037e-08,0.3563714902807775,0.5164960182025028
Neural Plate 1,brsk2,-6.0644794,-2.120856,1.3238189566070058e-09,4.0232664975099544e-08,0.08639308855291576,0.28100113765642776
Neural Plate 1,pbx3,-6.105819,-1.7100177,1.022746355354225e-09,3.1521678277096816e-08,0.19222462203023757,0.36063708759954494
Neural Plate 1,nkain1,-6.122489,-2.0100467,9.212491743610944e-10,2.851429536699779e-08,0.09071274298056156,0.28782707622298065
Neural Plate 1,nasp,-6.224876,-1.0387075,4.819370981212929e-10,1.5285391596082463e-08,0.3023758099352052,0.4812286689419795
Neural Plate 1,ell,-6.2336183,-1.0775448,4.5578328911176325e-10,1.4476924529414536e-08,0.27645788336933047,0.4550625711035267
Neural Plate 1,rrm2.2,-6.282293,-1.2078758,3.3361569017066966e-10,1.067423456776273e-08,0.24622030237580994,0.43686006825938567
Neural Plate 1,supt20hl1,-6.337487,-1.5011866,2.3354276464749684e-10,7.594838550481414e-09,0.1900647948164147,0.37770193401592717
Neural Plate 1,snap91,-6.3498597,-1.2249683,2.1551166595967756e-10,7.029417134388825e-09,0.23758099352051837,0.4300341296928328
Neural Plate 1,evc2,-6.402609,-1.2418293,1.5274408652800815e-10,5.065393179525328e-09,0.2267818574514039,0.42093287827076226
Neural Plate 1,pgm2l1,-6.4277244,-1.5646824,1.2952850529664858e-10,4.315177884088807e-09,0.15766738660907129,0.3583617747440273
Neural Plate 1,mfap2,-6.429428,-1.8523222,1.2808488689732155e-10,4.273609047379898e-09,0.12311015118790497,0.323094425483504
Neural Plate 1,LOC100486894,-6.4329844,-1.1473017,1.2512259011489568e-10,4.18116391867862e-09,0.28077753779697623,0.4630261660978385
Neural Plate 1,st3gal3,-6.451358,-1.6047876,1.1085252203611162e-10,3.727138495146366e-09,0.16414686825053995,0.36291240045506257
Neural Plate 1,ube2e2,-6.522851,-1.0290991,6.898341888571183e-11,2.3556919929657557e-09,0.3563714902807775,0.534698521046644
Neural Plate 1,limd2,-6.5485587,-1.1002038,5.809496080830978e-11,1.9995112615112425e-09,0.28725701943844495,0.4800910125142207
Neural Plate 1,znf282,-6.7322927,-1.3282458,1.6701013658126035e-11,6.023682959239144e-10,0.24190064794816415,0.43458475540386804
Neural Plate 1,cep170,-6.831346,-1.7397728,8.412149295077017e-12,3.111212029963993e-10,0.15550755939524838,0.36177474402730375
Neural Plate 1,tle5,-6.8334947,-1.016636,8.287060336994967e-12,3.0753731907069247e-10,0.3650107991360691,0.5472127417519909
Neural Plate 1,abca1,-6.8521643,-1.9640222,7.27409085035357e-12,2.7086678574328544e-10,0.13390928725701945,0.3424345847554039
Neural Plate 1,tacc1,-6.9478836,-1.0011274,3.708061803540463e-12,1.4145737170464413e-10,0.4190064794816415,0.5824800910125142
Neural Plate 1,atp10a,-6.949069,-2.1360178,3.6770417700217375e-12,1.4051966455979744e-10,0.1079913606911447,0.32764505119453924
Neural Plate 1,arl13b,-6.9679613,-1.2518153,3.2156689644664405e-12,1.2353716984792641e-10,0.24622030237580994,0.45620022753128553
Neural Plate 1,fam53a,-7.0123386,-1.0352097,2.343667164629436e-12,9.116071515040806e-11,0.3779697624190065,0.5620022753128555
Neural Plate 1,pax6,-7.0279713,-1.6364118,2.0955834012705274e-12,8.180272879986436e-11,0.2634989200863931,0.44937428896473264
Neural Plate 1,dennd2c,-7.0290084,-1.4631534,2.0800664880464974e-12,8.134252837932369e-11,0.20950323974082075,0.4232081911262799
Neural Plate 1,brip1,-7.0755343,-1.0368195,1.4887387534327986e-12,5.874460820733652e-11,0.3801295896328294,0.5745164960182025
Neural Plate 1,boc,-7.086499,-1.2137332,1.3754699961681682e-12,5.4670547880483785e-11,0.2678185745140389,0.47440273037542663
Neural Plate 1,stam,-7.1039095,-1.2466239,1.212763025816441e-12,4.837971112676519e-11,0.2505399568034557,0.4630261660978385
Neural Plate 1,fsd1l,-7.120431,-1.1731402,1.0759030349293256e-12,4.3077578211362966e-11,0.34989200863930886,0.5301478953356087
Neural Plate 1,ago1,-7.1988883,-1.1669198,6.070555525742538e-13,2.4899547392336078e-11,0.2958963282937365,0.4960182025028441
Neural Plate 1,cd81,-7.2774196,-1.3419148,3.402658889726223e-13,1.4224026749562436e-11,0.2505399568034557,0.459613196814562
Neural Plate 1,spns2,-7.2826796,-1.5793108,3.272537389124071e-13,1.373269968616853e-11,0.20734341252699784,0.4152445961319681
Neural Plate 1,rnf165,-7.3513575,-1.6305974,1.9620371908379968e-13,8.345733633776983e-12,0.20302375809935205,0.4118316268486917
Neural Plate 1,nfe2l3,-7.5539837,-1.5552716,4.2214358416661823e-14,1.879917377571383e-12,0.21382289416846653,0.43458475540386804
Neural Plate 1,rnf130,-7.6019917,-1.3776801,2.916080524833466e-14,1.325662356924814e-12,0.2786177105831533,0.4891922639362912
Neural Plate 1,kif13a,-7.6065845,-1.3576022,2.8143364729481216e-14,1.2847622631004386e-12,0.2591792656587473,0.48236632536973834
Neural Plate 1,arhgef40,-7.6338487,-1.4167082,2.2784761059546872e-14,1.0489161837138657e-12,0.26997840172786175,0.48464163822525597
Neural Plate 1,rspo3,-7.684079,-1.3805013,1.5410154532113964e-14,7.185149189001257e-13,0.3412526997840173,0.5449374288964732
Neural Plate 1,galnt16,-7.785133,-2.1484325,6.964009101672954e-15,3.303513969730555e-13,0.12095032397408208,0.3640500568828214
Neural Plate 1,col4a6,-7.8380303,-1.8067056,4.576687337933853e-15,2.1948987780451564e-13,0.24622030237580994,0.45733788395904434
Neural Plate 1,slc12a2,-7.87574,-1.0781263,3.3873152354450123e-15,1.6425467945032359e-13,0.4146868250539957,0.5881683731513083
Neural Plate 1,rab34,-8.112594,-1.595046,4.955043286936639e-16,2.5321779757434285e-14,0.19654427645788336,0.45051194539249145
Neural Plate 1,cerk,-8.165047,-1.3596442,3.2131002128458547e-16,1.6693585653454617e-14,0.27429805615550756,0.5164960182025028
Neural Plate 1,cttnbp2nl,-8.194386,-1.477689,2.5187726222837395e-16,1.3212052257416701e-14,0.24622030237580994,0.4857792946530148
Neural Plate 1,sh3pxd2a,-8.331,-1.5312947,8.016215832703842e-17,4.297834046325075e-15,0.3174946004319654,0.5130830489192264
Neural Plate 1,cacna2d2,-8.388343,-1.1984237,4.930418456399474e-17,2.669644196950197e-15,0.3952483801295896,0.6063708759954494
Neural Plate 1,lrch2,-8.410643,-1.8941789,4.0776912821768094e-17,2.2300576809117834e-15,0.16414686825053995,0.4197952218430034
Neural Plate 1,tmtc2,-8.422349,-1.343105,3.6901110022925336e-17,2.033381620732964e-15,0.3304535637149028,0.5597269624573379
Neural Plate 1,nxn,-8.521476,-1.1644719,1.575326116003757e-17,8.97524573820313e-16,0.41252699784017277,0.6177474402730375
Neural Plate 1,gnai2,-8.526884,-1.1037376,1.503420602866913e-17,8.610535689018087e-16,0.46652267818574517,0.658703071672355
Neural Plate 1,dhx32,-8.5808935,-1.0536894,9.413924109038283e-18,5.46333079742884e-16,0.4773218142548596,0.689419795221843
Neural Plate 1,ptch2,-8.596896,-1.119276,8.190125108409323e-18,4.81716226389757e-16,0.468682505399568,0.6905574516496018
Neural Plate 1,col4a5,-8.721879,-2.5280511,2.7362172910604607e-18,1.6585277085619533e-16,0.12742980561555076,0.39476678043230945
Neural Plate 1,vcan,-8.829008,-1.9126709,1.0560806251788418e-18,6.565451658697295e-17,0.2224622030237581,0.4664391353811149
Neural Plate 1,pard6g,-8.991923,-1.2785755,2.4294011875467077e-19,1.5500574068262195e-17,0.36069114470842334,0.6052332195676906
Neural Plate 1,ppip5k2,-8.995776,-1.0147455,2.3456856964035775e-19,1.5098881292396007e-17,0.5291576673866091,0.7292377701934016
Neural Plate 1,arid1b,-9.026374,-1.3930435,1.774544200404142e-19,1.1524502677684161e-17,0.34989200863930886,0.5893060295790671
Neural Plate 1,ism1,-9.136688,-1.6257409,6.439400994919866e-20,4.23235449126947e-18,0.3045356371490281,0.540386803185438
Neural Plate 1,atrn,-9.234853,-1.4000396,2.5864172901880138e-20,1.7419201138639706e-18,0.3369330453563715,0.5733788395904437
Neural Plate 1,c3,-9.308791,-1.1547761,1.2929596371285055e-20,8.789305994324336e-19,0.5421166306695464,0.7337883959044369
Neural Plate 1,ralgps2,-9.421476,-1.4047675,4.447910264820915e-21,3.0910143276642413e-19,0.37365010799136067,0.5938566552901023
Neural Plate 1,zc3h12c,-9.495785,-2.7088916,2.185594560711723e-21,1.5335002864723635e-19,0.10583153347732181,0.40273037542662116
Neural Plate 1,llgl1,-9.51801,-1.123665,1.7652634905572457e-21,1.2465959426359114e-19,0.5226781857451404,0.7030716723549488
Neural Plate 1,plekhg4,-9.534828,-1.6850243,1.5013432251820523e-21,1.0671273783940574e-19,0.3002159827213823,0.540386803185438
Neural Plate 1,efna5,-9.561647,-1.407071,1.1589721217675568e-21,8.291780547242576e-20,0.4838012958963283,0.6791808873720137
Neural Plate 1,tada2a,-9.631584,-1.2914926,5.88153912903381e-22,4.292343322228989e-20,0.36285097192224625,0.6336746302616609
Neural Plate 1,clstn1,-9.667812,-1.0814539,4.131124813723923e-22,3.045448464873977e-20,0.5377969762419006,0.7349260523321957
Neural Plate 1,mast3,-9.793167,-1.120336,1.2046274522515638e-22,9.095562503661374e-21,0.49892008639308855,0.7303754266211604
Neural Plate 1,cbfa2t2,-10.065063,-1.8025569,7.883658384103065e-24,6.232945999982354e-22,0.23326133909287258,0.5233219567690558
Neural Plate 1,trim9,-10.10507,-2.3680444,5.24581451238711e-24,4.2084161203970264e-22,0.1490280777537797,0.4527872582480091
Neural Plate 1,arhgap12,-10.129148,-1.1821249,4.1020828808621414e-24,3.3399832292273426e-22,0.49676025917926564,0.7440273037542662
Neural Plate 1,emb,-10.246352,-2.9482846,1.2289401955929664e-24,1.0353939771441746e-22,0.08423326133909287,0.4118316268486917
Neural Plate 1,znf521,-10.272208,-1.3627048,9.402707845738913e-25,7.952577050460032e-23,0.5680345572354212,0.7360637087599545
Neural Plate 1,foxp1,-10.359853,-1.1393096,3.7754354295506333e-25,3.2307363336558576e-23,0.5269978401727862,0.7360637087599545
Neural Plate 1,sptbn1,-10.362446,-1.4729145,3.674449253813695e-25,3.1566991010814424e-23,0.35853131749460043,0.6200227531285551
Neural Plate 1,itga5,-10.527213,-1.2993742,6.472210349637745e-26,5.671891648170491e-24,0.509719222462203,0.7258248009101251
Neural Plate 1,ksr2,-10.559441,-1.4273307,4.593895437245472e-26,4.0584369366855645e-24,0.45788336933045354,0.6848691695108078
Neural Plate 1,tfdp2,-10.675386,-1.1316903,1.3270489340782834e-26,1.1965923467157944e-24,0.5529157667386609,0.7906712172923777
Neural Plate 1,prex1,-10.800888,-1.3920847,3.408902796105772e-27,3.165347570801023e-25,0.4816414686825054,0.70193401592719
Neural Plate 1,lama5,-10.816965,-1.3487177,2.8609549989924586e-27,2.66790166807754e-25,0.4514038876889849,0.6746302616609784
Neural Plate 1,sik2,-10.847266,-1.7602439,2.0547967058435955e-27,1.941026792996238e-25,0.2591792656587473,0.5813424345847554
Neural Plate 1,plekhg1,-10.92602,-1.3832235,8.656252082577946e-28,8.32106064730984e-26,0.4427645788336933,0.7076222980659841
Neural Plate 1,zbtb16,-11.002329,-1.8695321,3.723893275496374e-28,3.6276372841342136e-26,0.3369330453563715,0.6018202502844141
Neural Plate 1,pxdn,-11.061894,-1.4571849,1.9199978644861112e-28,1.8872195225653798e-26,0.4190064794816415,0.6928327645051194
Neural Plate 1,gldc,-11.068265,-1.2727953,1.7882849809451504e-28,1.7657088945341233e-26,0.6285097192224622,0.8213879408418657
Neural Plate 1,ncam1,-11.069377,-1.5389398,1.766247982515683e-28,1.753325976534849e-26,0.5161987041036717,0.7178612059158134
Neural Plate 1,fer,-11.182432,-1.1697807,4.970859384977458e-29,5.0217186407219036e-27,0.5745140388768899,0.7747440273037542
Neural Plate 1,ptpru,-11.221328,-2.3841312,3.204235202640823e-29,3.252075179387228e-27,0.17062634989200864,0.5073947667804323
Neural Plate 1,cep131,-11.606354,-1.093434,3.8258378410983796e-31,4.1534133099804846e-29,0.7796976241900648,0.9169510807736063
Neural Plate 1,syn1,-11.625987,-2.9797306,3.040593973564174e-31,3.3341106078966754e-29,0.1101511879049676,0.46871444823663255
Neural Plate 1,fgd4,-11.633173,-1.7683202,2.795104028783054e-31,3.080402273337122e-29,0.3045356371490281,0.6188850967007964
Neural Plate 1,smarcad1,-11.6661415,-1.1783942,1.8983957195022436e-31,2.1353037626421884e-29,0.6501079913606912,0.8521046643913538
Neural Plate 1,gpm6b,-11.672513,-1.6256641,1.7614207807052352e-31,1.9915006661020173e-29,0.38444924406047515,0.6939704209328783
Neural Plate 1,dll1,-11.685404,-2.0242124,1.5135819870116595e-31,1.7202016947177823e-29,0.28725701943844495,0.59613196814562
Neural Plate 1,ctnnd2,-11.717113,-1.1675503,1.0416157173059286e-31,1.191045942219981e-29,0.9114470842332614,0.9738339021615472
Neural Plate 1,enah,-11.749192,-1.2705196,7.129709687684894e-32,8.23160820608318e-30,0.5658747300215983,0.8077360637087599
Neural Plate 1,cep85l,-11.898106,-1.2778397,1.2106413448658432e-32,1.427967826287436e-30,0.5680345572354212,0.7997724687144482
Neural Plate 1,hdac9,-12.238384,-2.342646,1.9385425562328215e-34,2.3764571415481124e-32,0.1879049676025918,0.5597269624573379
Neural Plate 1,abi2,-12.31284,-1.5549064,7.725546329951771e-35,9.688456693441241e-33,0.4168466522678186,0.7201365187713311
Neural Plate 1,abcb5,-12.428341,-1.0782821,1.834009913884023e-35,2.3680432148439804e-33,0.7688984881209503,0.8907849829351536
Neural Plate 1,bcar1,-12.553991,-2.0892322,3.7796705660010426e-36,5.059889044215261e-34,0.24190064794816415,0.5949943117178612
Neural Plate 1,enox1,-12.642673,-1.5173484,1.2280748985600732e-36,1.6541865655234172e-34,0.5961123110151187,0.8020477815699659
Neural Plate 1,sox5,-12.695941,-1.028577,6.227720200155828e-37,8.49344265547502e-35,0.816414686825054,0.8862343572241184
Neural Plate 1,dock7,-12.867005,-1.0663915,6.902650181113991e-38,9.655303179621051e-36,0.7667386609071274,0.9021615472127418
Neural Plate 1,pbx1,-12.994804,-1.0333902,1.309417993956456e-38,1.8553772757223266e-36,0.8250539956803455,0.926052332195677
Neural Plate 1,lamb1,-13.296187,-1.3871078,2.4357515112889125e-40,3.6156825665194124e-38,0.7062634989200864,0.8805460750853242
Neural Plate 1,clic4,-13.310782,-2.3661401,2.003721171707294e-40,2.994739704645538e-38,0.22462203023758098,0.602957906712173
Neural Plate 1,ptprd,-13.409614,-2.190236,5.31148576262331e-41,8.105030127706522e-39,0.42548596112311016,0.6939704209328783
Neural Plate 1,sema6d,-13.538227,-1.7265165,9.300630068052348e-42,1.470645280543263e-39,0.4470842332613391,0.7406143344709898
Neural Plate 1,nova1,-13.754707,-3.011792,4.772075722561715e-43,8.010112641693784e-41,0.17062634989200864,0.5733788395904437
Neural Plate 1,pald1,-13.871615,-2.083889,9.41325298788052e-44,1.6047390113167254e-41,0.32181425485961124,0.6803185437997725
Neural Plate 1,phf21b,-13.992302,-1.7694887,1.7369719940114134e-44,3.056650474300246e-42,0.47516198704103674,0.7747440273037542
Neural Plate 1,lamc1,-14.054905,-1.545413,7.187838439318512e-45,1.275169289303815e-42,0.5269978401727862,0.8054607508532423
Neural Plate 1,LOC100170590,-14.199373,-2.6713045,9.24355629641597e-46,1.6808636828674408e-43,0.17494600431965443,0.5995449374288965
Neural Plate 1,phf14,-14.220191,-1.4003804,6.8664905412339746e-46,1.2591066394980384e-43,0.6868250539956804,0.9078498293515358
Neural Plate 1,lrp1,-14.250789,-1.6453167,4.4324489495415816e-46,8.196649875249733e-44,0.5356371490280778,0.7906712172923777
Neural Plate 1,dpysl3,-14.504238,-2.1803536,1.138950668529412e-47,2.1993842953964866e-45,0.35205183585313177,0.7121729237770194
Neural Plate 1,zeb2,-14.544837,-1.5859264,6.298033727497677e-48,1.2381026483578991e-45,0.9287257019438445,0.9829351535836177
Neural Plate 1,ptprs,-14.588326,-1.3518213,3.332753019281272e-48,6.611273057612421e-46,0.7688984881209503,0.9078498293515358
Neural Plate 1,fscn1,-15.107078,-2.646711,1.4544780502185234e-51,3.1423926271107325e-49,0.23110151187904968,0.6496018202502845
Neural Plate 1,znf423,-15.150122,-1.3681399,7.562592560416405e-52,1.6839115536821056e-49,0.8401727861771058,0.9670079635949943
Neural Plate 1,rasal2,-15.320669,-1.0387077,5.564209018255807e-53,1.3197457063843476e-50,0.9092872570194385,0.9670079635949943
Neural Plate 1,col13a1,-15.642573,-1.6594987,3.733302603845388e-55,9.051599568723357e-53,0.6177105831533477,0.8577929465301479
Neural Plate 1,nbea,-15.687618,-2.070837,1.8382520998857467e-55,4.610632077196194e-53,0.6155507559395248,0.8430034129692833
Neural Plate 1,tmeff1,-15.902987,-2.0672078,6.041441034598092e-57,1.6076864001946946e-54,0.4470842332613391,0.7861205915813424
Neural Plate 1,lama1,-16.301126,-1.8814753,9.689005779982781e-60,2.8570783125000575e-57,0.7516198704103672,0.9112627986348123
Neural Plate 1,celf3,-16.379362,-1.9773343,2.6854777193452956e-60,8.138862404699124e-58,0.5053995680345572,0.8339021615472128
Neural Plate 1,rasgef1b,-16.405514,-1.7211211,1.7464278562910092e-60,5.367436936919171e-58,0.6760259179265659,0.9078498293515358
Neural Plate 1,ssbp4,-16.933304,-2.2390244,2.556184199680772e-64,8.715389909567833e-62,0.5982721382289417,0.8589306029579067
Neural Plate 1,notch1,-16.946491,-1.2603818,2.0428584090413762e-64,7.075748149792361e-62,0.9092872570194385,0.9943117178612059
Neural Plate 1,srgap1,-16.962347,-1.4226125,1.5598943887626003e-64,5.490073460836887e-62,0.7710583153347732,0.931740614334471
Neural Plate 1,tox3,-18.643734,-2.0185173,1.4197577660171842e-77,7.556227856649018e-75,0.591792656587473,0.8964732650739476
Neural Plate 1,srrm4,-18.649216,-2.473449,1.281417379863693e-77,6.990452161501411e-75,0.5572354211663066,0.8782707622298066
Neural Plate 1,gse1,-19.97936,-1.3052082,8.328284356445388e-89,5.8623062239353165e-86,0.9568034557235421,0.9920364050056882
Neural Plate 1,nhs,-20.33305,-2.0383847,6.559708259979884e-92,5.1121212121793226e-89,0.7926565874730022,0.9533560864618885
Neural Plate 1,col18a1,-23.025047,-2.3388095,2.616405359541961e-117,3.0048727026613227e-114,0.838012958963283,0.981797497155859
Neural Plate 2,col18a1,23.025047,2.3388095,2.616405359541961e-117,3.0048727026613227e-114,0.981797497155859,0.838012958963283
Neural Plate 2,nhs,20.33305,2.0383847,6.559708259979884e-92,5.1121212121793226e-89,0.9533560864618885,0.7926565874730022
Neural Plate 2,gse1,19.97936,1.3052082,8.328284356445388e-89,5.8623062239353165e-86,0.9920364050056882,0.9568034557235421
Neural Plate 2,srrm4,18.649216,2.473449,1.281417379863693e-77,6.990452161501411e-75,0.8782707622298066,0.5572354211663066
Neural Plate 2,tox3,18.643734,2.0185173,1.4197577660171842e-77,7.556227856649018e-75,0.8964732650739476,0.591792656587473
Neural Plate 2,srgap1,16.962347,1.4226125,1.5598943887626003e-64,5.490073460836887e-62,0.931740614334471,0.7710583153347732
Neural Plate 2,notch1,16.946491,1.2603818,2.0428584090413762e-64,7.075748149792361e-62,0.9943117178612059,0.9092872570194385
Neural Plate 2,ssbp4,16.933304,2.2390244,2.556184199680772e-64,8.715389909567833e-62,0.8589306029579067,0.5982721382289417
Neural Plate 2,rasgef1b,16.405514,1.7211211,1.7464278562910092e-60,5.367436936919171e-58,0.9078498293515358,0.6760259179265659
Neural Plate 2,celf3,16.379362,1.9773343,2.6854777193452956e-60,8.138862404699124e-58,0.8339021615472128,0.5053995680345572
Neural Plate 2,lama1,16.301126,1.8814753,9.689005779982781e-60,2.8570783125000575e-57,0.9112627986348123,0.7516198704103672
Neural Plate 2,tmeff1,15.902987,2.0672078,6.041441034598092e-57,1.6076864001946946e-54,0.7861205915813424,0.4470842332613391
Neural Plate 2,nbea,15.687618,2.070837,1.8382520998857467e-55,4.610632077196194e-53,0.8430034129692833,0.6155507559395248
Neural Plate 2,col13a1,15.642573,1.6594987,3.733302603845388e-55,9.051599568723357e-53,0.8577929465301479,0.6177105831533477
Neural Plate 2,rasal2,15.320669,1.0387077,5.564209018255807e-53,1.3197457063843476e-50,0.9670079635949943,0.9092872570194385
Neural Plate 2,znf423,15.150122,1.3681399,7.562592560416405e-52,1.6839115536821056e-49,0.9670079635949943,0.8401727861771058
Neural Plate 2,fscn1,15.107078,2.646711,1.4544780502185234e-51,3.1423926271107325e-49,0.6496018202502845,0.23110151187904968
Neural Plate 2,ptprs,14.588326,1.3518213,3.332753019281272e-48,6.611273057612421e-46,0.9078498293515358,0.7688984881209503
Neural Plate 2,zeb2,14.544837,1.5859264,6.298033727497677e-48,1.2381026483578991e-45,0.9829351535836177,0.9287257019438445
Neural Plate 2,dpysl3,14.504238,2.1803536,1.138950668529412e-47,2.1993842953964866e-45,0.7121729237770194,0.35205183585313177
Neural Plate 2,lrp1,14.250789,1.6453167,4.4324489495415816e-46,8.196649875249733e-44,0.7906712172923777,0.5356371490280778
Neural Plate 2,phf14,14.220191,1.4003804,6.8664905412339746e-46,1.2591066394980384e-43,0.9078498293515358,0.6868250539956804
Neural Plate 2,LOC100170590,14.199373,2.6713045,9.24355629641597e-46,1.6808636828674408e-43,0.5995449374288965,0.17494600431965443
Neural Plate 2,lamc1,14.054905,1.545413,7.187838439318512e-45,1.275169289303815e-42,0.8054607508532423,0.5269978401727862
Neural Plate 2,phf21b,13.992302,1.7694887,1.7369719940114134e-44,3.056650474300246e-42,0.7747440273037542,0.47516198704103674
Neural Plate 2,pald1,13.871615,2.083889,9.41325298788052e-44,1.6047390113167254e-41,0.6803185437997725,0.32181425485961124
Neural Plate 2,nova1,13.754707,3.011792,4.772075722561715e-43,8.010112641693784e-41,0.5733788395904437,0.17062634989200864
Neural Plate 2,sema6d,13.538227,1.7265165,9.300630068052348e-42,1.470645280543263e-39,0.7406143344709898,0.4470842332613391
Neural Plate 2,ptprd,13.409614,2.190236,5.31148576262331e-41,8.105030127706522e-39,0.6939704209328783,0.42548596112311016
Neural Plate 2,clic4,13.310782,2.3661401,2.003721171707294e-40,2.994739704645538e-38,0.602957906712173,0.22462203023758098
Neural Plate 2,lamb1,13.296187,1.3871078,2.4357515112889125e-40,3.6156825665194124e-38,0.8805460750853242,0.7062634989200864
Neural Plate 2,pbx1,12.994804,1.0333902,1.309417993956456e-38,1.8553772757223266e-36,0.926052332195677,0.8250539956803455
Neural Plate 2,dock7,12.867005,1.0663915,6.902650181113991e-38,9.655303179621051e-36,0.9021615472127418,0.7667386609071274
Neural Plate 2,sox5,12.695941,1.028577,6.227720200155828e-37,8.49344265547502e-35,0.8862343572241184,0.816414686825054
Neural Plate 2,enox1,12.642673,1.5173484,1.2280748985600732e-36,1.6541865655234172e-34,0.8020477815699659,0.5961123110151187
Neural Plate 2,bcar1,12.553991,2.0892322,3.7796705660010426e-36,5.059889044215261e-34,0.5949943117178612,0.24190064794816415
Neural Plate 2,abcb5,12.428341,1.0782821,1.834009913884023e-35,2.3680432148439804e-33,0.8907849829351536,0.7688984881209503
Neural Plate 2,abi2,12.31284,1.5549064,7.725546329951771e-35,9.688456693441241e-33,0.7201365187713311,0.4168466522678186
Neural Plate 2,hdac9,12.238384,2.342646,1.9385425562328215e-34,2.3764571415481124e-32,0.5597269624573379,0.1879049676025918
Neural Plate 2,cep85l,11.898106,1.2778397,1.2106413448658432e-32,1.427967826287436e-30,0.7997724687144482,0.5680345572354212
Neural Plate 2,enah,11.749192,1.2705196,7.129709687684894e-32,8.23160820608318e-30,0.8077360637087599,0.5658747300215983
Neural Plate 2,ctnnd2,11.717113,1.1675503,1.0416157173059286e-31,1.191045942219981e-29,0.9738339021615472,0.9114470842332614
Neural Plate 2,dll1,11.685404,2.0242124,1.5135819870116595e-31,1.7202016947177823e-29,0.59613196814562,0.28725701943844495
Neural Plate 2,gpm6b,11.672513,1.6256641,1.7614207807052352e-31,1.9915006661020173e-29,0.6939704209328783,0.38444924406047515
Neural Plate 2,smarcad1,11.6661415,1.1783942,1.8983957195022436e-31,2.1353037626421884e-29,0.8521046643913538,0.6501079913606912
Neural Plate 2,fgd4,11.633173,1.7683202,2.795104028783054e-31,3.080402273337122e-29,0.6188850967007964,0.3045356371490281
Neural Plate 2,syn1,11.625987,2.9797306,3.040593973564174e-31,3.3341106078966754e-29,0.46871444823663255,0.1101511879049676
Neural Plate 2,cep131,11.606354,1.093434,3.8258378410983796e-31,4.1534133099804846e-29,0.9169510807736063,0.7796976241900648
Neural Plate 2,ptpru,11.221328,2.3841312,3.204235202640823e-29,3.252075179387228e-27,0.5073947667804323,0.17062634989200864
Neural Plate 2,fer,11.182432,1.1697807,4.970859384977458e-29,5.0217186407219036e-27,0.7747440273037542,0.5745140388768899
Neural Plate 2,ncam1,11.069377,1.5389398,1.766247982515683e-28,1.753325976534849e-26,0.7178612059158134,0.5161987041036717
Neural Plate 2,gldc,11.068265,1.2727953,1.7882849809451504e-28,1.7657088945341233e-26,0.8213879408418657,0.6285097192224622
Neural Plate 2,pxdn,11.061894,1.4571849,1.9199978644861112e-28,1.8872195225653798e-26,0.6928327645051194,0.4190064794816415
Neural Plate 2,zbtb16,11.002329,1.8695321,3.723893275496374e-28,3.6276372841342136e-26,0.6018202502844141,0.3369330453563715
Neural Plate 2,plekhg1,10.92602,1.3832235,8.656252082577946e-28,8.32106064730984e-26,0.7076222980659841,0.4427645788336933
Neural Plate 2,sik2,10.847266,1.7602439,2.0547967058435955e-27,1.941026792996238e-25,0.5813424345847554,0.2591792656587473
Neural Plate 2,lama5,10.816965,1.3487177,2.8609549989924586e-27,2.66790166807754e-25,0.6746302616609784,0.4514038876889849
Neural Plate 2,prex1,10.800888,1.3920847,3.408902796105772e-27,3.165347570801023e-25,0.70193401592719,0.4816414686825054
Neural Plate 2,tfdp2,10.675386,1.1316903,1.3270489340782834e-26,1.1965923467157944e-24,0.7906712172923777,0.5529157667386609
Neural Plate 2,ksr2,10.559441,1.4273307,4.593895437245472e-26,4.0584369366855645e-24,0.6848691695108078,0.45788336933045354
Neural Plate 2,itga5,10.527213,1.2993742,6.472210349637745e-26,5.671891648170491e-24,0.7258248009101251,0.509719222462203
Neural Plate 2,sptbn1,10.362446,1.4729145,3.674449253813695e-25,3.1566991010814424e-23,0.6200227531285551,0.35853131749460043
Neural Plate 2,foxp1,10.359853,1.1393096,3.7754354295506333e-25,3.2307363336558576e-23,0.7360637087599545,0.5269978401727862
Neural Plate 2,znf521,10.272208,1.3627048,9.402707845738913e-25,7.952577050460032e-23,0.7360637087599545,0.5680345572354212
Neural Plate 2,emb,10.246352,2.9482846,1.2289401955929664e-24,1.0353939771441746e-22,0.4118316268486917,0.08423326133909287
Neural Plate 2,arhgap12,10.129148,1.1821249,4.1020828808621414e-24,3.3399832292273426e-22,0.7440273037542662,0.49676025917926564
Neural Plate 2,trim9,10.10507,2.3680444,5.24581451238711e-24,4.2084161203970264e-22,0.4527872582480091,0.1490280777537797
Neural Plate 2,cbfa2t2,10.065063,1.8025569,7.883658384103065e-24,6.232945999982354e-22,0.5233219567690558,0.23326133909287258
Neural Plate 2,mast3,9.793167,1.120336,1.2046274522515638e-22,9.095562503661374e-21,0.7303754266211604,0.49892008639308855
Neural Plate 2,clstn1,9.667812,1.0814539,4.131124813723923e-22,3.045448464873977e-20,0.7349260523321957,0.5377969762419006
Neural Plate 2,tada2a,9.631584,1.2914926,5.88153912903381e-22,4.292343322228989e-20,0.6336746302616609,0.36285097192224625
Neural Plate 2,efna5,9.561647,1.407071,1.1589721217675568e-21,8.291780547242576e-20,0.6791808873720137,0.4838012958963283
Neural Plate 2,plekhg4,9.534828,1.6850243,1.5013432251820523e-21,1.0671273783940574e-19,0.540386803185438,0.3002159827213823
Neural Plate 2,llgl1,9.51801,1.123665,1.7652634905572457e-21,1.2465959426359114e-19,0.7030716723549488,0.5226781857451404
Neural Plate 2,zc3h12c,9.495785,2.7088916,2.185594560711723e-21,1.5335002864723635e-19,0.40273037542662116,0.10583153347732181
Neural Plate 2,ralgps2,9.421476,1.4047675,4.447910264820915e-21,3.0910143276642413e-19,0.5938566552901023,0.37365010799136067
Neural Plate 2,c3,9.308791,1.1547761,1.2929596371285055e-20,8.789305994324336e-19,0.7337883959044369,0.5421166306695464
Neural Plate 2,atrn,9.234853,1.4000396,2.5864172901880138e-20,1.7419201138639706e-18,0.5733788395904437,0.3369330453563715
Neural Plate 2,ism1,9.136688,1.6257409,6.439400994919866e-20,4.23235449126947e-18,0.540386803185438,0.3045356371490281
Neural Plate 2,arid1b,9.026374,1.3930435,1.774544200404142e-19,1.1524502677684161e-17,0.5893060295790671,0.34989200863930886
Neural Plate 2,ppip5k2,8.995776,1.0147455,2.3456856964035775e-19,1.5098881292396007e-17,0.7292377701934016,0.5291576673866091
Neural Plate 2,pard6g,8.991923,1.2785755,2.4294011875467077e-19,1.5500574068262195e-17,0.6052332195676906,0.36069114470842334
Neural Plate 2,vcan,8.829008,1.9126709,1.0560806251788418e-18,6.565451658697295e-17,0.4664391353811149,0.2224622030237581
Neural Plate 2,col4a5,8.721879,2.5280511,2.7362172910604607e-18,1.6585277085619533e-16,0.39476678043230945,0.12742980561555076
Neural Plate 2,ptch2,8.596896,1.119276,8.190125108409323e-18,4.81716226389757e-16,0.6905574516496018,0.468682505399568
Neural Plate 2,dhx32,8.5808935,1.0536894,9.413924109038283e-18,5.46333079742884e-16,0.689419795221843,0.4773218142548596
Neural Plate 2,gnai2,8.526884,1.1037376,1.503420602866913e-17,8.610535689018087e-16,0.658703071672355,0.46652267818574517
Neural Plate 2,nxn,8.521476,1.1644719,1.575326116003757e-17,8.97524573820313e-16,0.6177474402730375,0.41252699784017277
Neural Plate 2,tmtc2,8.422349,1.343105,3.6901110022925336e-17,2.033381620732964e-15,0.5597269624573379,0.3304535637149028
Neural Plate 2,lrch2,8.410643,1.8941789,4.0776912821768094e-17,2.2300576809117834e-15,0.4197952218430034,0.16414686825053995
Neural Plate 2,cacna2d2,8.388343,1.1984237,4.930418456399474e-17,2.669644196950197e-15,0.6063708759954494,0.3952483801295896
Neural Plate 2,sh3pxd2a,8.331,1.5312947,8.016215832703842e-17,4.297834046325075e-15,0.5130830489192264,0.3174946004319654
Neural Plate 2,cttnbp2nl,8.194386,1.477689,2.5187726222837395e-16,1.3212052257416701e-14,0.4857792946530148,0.24622030237580994
Neural Plate 2,cerk,8.165047,1.3596442,3.2131002128458547e-16,1.6693585653454617e-14,0.5164960182025028,0.27429805615550756
Neural Plate 2,rab34,8.112594,1.595046,4.955043286936639e-16,2.5321779757434285e-14,0.45051194539249145,0.19654427645788336
Neural Plate 2,slc12a2,7.87574,1.0781263,3.3873152354450123e-15,1.6425467945032359e-13,0.5881683731513083,0.4146868250539957
Neural Plate 2,col4a6,7.8380303,1.8067056,4.576687337933853e-15,2.1948987780451564e-13,0.45733788395904434,0.24622030237580994
Neural Plate 2,galnt16,7.785133,2.1484325,6.964009101672954e-15,3.303513969730555e-13,0.3640500568828214,0.12095032397408208
Neural Plate 2,rspo3,7.684079,1.3805013,1.5410154532113964e-14,7.185149189001257e-13,0.5449374288964732,0.3412526997840173
Neural Plate 2,arhgef40,7.6338487,1.4167082,2.2784761059546872e-14,1.0489161837138657e-12,0.48464163822525597,0.26997840172786175
Neural Plate 2,kif13a,7.6065845,1.3576022,2.8143364729481216e-14,1.2847622631004386e-12,0.48236632536973834,0.2591792656587473
Neural Plate 2,rnf130,7.6019917,1.3776801,2.916080524833466e-14,1.325662356924814e-12,0.4891922639362912,0.2786177105831533
Neural Plate 2,nfe2l3,7.5539837,1.5552716,4.2214358416661823e-14,1.879917377571383e-12,0.43458475540386804,0.21382289416846653
Neural Plate 2,rnf165,7.3513575,1.6305974,1.9620371908379968e-13,8.345733633776983e-12,0.4118316268486917,0.20302375809935205
Neural Plate 2,spns2,7.2826796,1.5793108,3.272537389124071e-13,1.373269968616853e-11,0.4152445961319681,0.20734341252699784
Neural Plate 2,cd81,7.2774196,1.3419148,3.402658889726223e-13,1.4224026749562436e-11,0.459613196814562,0.2505399568034557
Neural Plate 2,ago1,7.1988883,1.1669198,6.070555525742538e-13,2.4899547392336078e-11,0.4960182025028441,0.2958963282937365
Neural Plate 2,fsd1l,7.120431,1.1731402,1.0759030349293256e-12,4.3077578211362966e-11,0.5301478953356087,0.34989200863930886
Neural Plate 2,stam,7.1039095,1.2466239,1.212763025816441e-12,4.837971112676519e-11,0.4630261660978385,0.2505399568034557
Neural Plate 2,boc,7.086499,1.2137332,1.3754699961681682e-12,5.4670547880483785e-11,0.47440273037542663,0.2678185745140389
Neural Plate 2,brip1,7.0755343,1.0368195,1.4887387534327986e-12,5.874460820733652e-11,0.5745164960182025,0.3801295896328294
Neural Plate 2,dennd2c,7.0290084,1.4631534,2.0800664880464974e-12,8.134252837932369e-11,0.4232081911262799,0.20950323974082075
Neural Plate 2,pax6,7.0279713,1.6364118,2.0955834012705274e-12,8.180272879986436e-11,0.44937428896473264,0.2634989200863931
Neural Plate 2,fam53a,7.0123386,1.0352097,2.343667164629436e-12,9.116071515040806e-11,0.5620022753128555,0.3779697624190065
Neural Plate 2,arl13b,6.9679613,1.2518153,3.2156689644664405e-12,1.2353716984792641e-10,0.45620022753128553,0.24622030237580994
Neural Plate 2,atp10a,6.949069,2.1360178,3.6770417700217375e-12,1.4051966455979744e-10,0.32764505119453924,0.1079913606911447
Neural Plate 2,tacc1,6.9478836,1.0011274,3.708061803540463e-12,1.4145737170464413e-10,0.5824800910125142,0.4190064794816415
Neural Plate 2,abca1,6.8521643,1.9640222,7.27409085035357e-12,2.7086678574328544e-10,0.3424345847554039,0.13390928725701945
Neural Plate 2,tle5,6.8334947,1.016636,8.287060336994967e-12,3.0753731907069247e-10,0.5472127417519909,0.3650107991360691
Neural Plate 2,cep170,6.831346,1.7397728,8.412149295077017e-12,3.111212029963993e-10,0.36177474402730375,0.15550755939524838
Neural Plate 2,znf282,6.7322927,1.3282458,1.6701013658126035e-11,6.023682959239144e-10,0.43458475540386804,0.24190064794816415
Neural Plate 2,limd2,6.5485587,1.1002038,5.809496080830978e-11,1.9995112615112425e-09,0.4800910125142207,0.28725701943844495
Neural Plate 2,ube2e2,6.522851,1.0290991,6.898341888571183e-11,2.3556919929657557e-09,0.534698521046644,0.3563714902807775
Neural Plate 2,st3gal3,6.451358,1.6047876,1.1085252203611162e-10,3.727138495146366e-09,0.36291240045506257,0.16414686825053995
Neural Plate 2,LOC100486894,6.4329844,1.1473017,1.2512259011489568e-10,4.18116391867862e-09,0.4630261660978385,0.28077753779697623
Neural Plate 2,mfap2,6.429428,1.8523222,1.2808488689732155e-10,4.273609047379898e-09,0.323094425483504,0.12311015118790497
Neural Plate 2,pgm2l1,6.4277244,1.5646824,1.2952850529664858e-10,4.315177884088807e-09,0.3583617747440273,0.15766738660907129
Neural Plate 2,evc2,6.402609,1.2418293,1.5274408652800815e-10,5.065393179525328e-09,0.42093287827076226,0.2267818574514039
Neural Plate 2,snap91,6.3498597,1.2249683,2.1551166595967756e-10,7.029417134388825e-09,0.4300341296928328,0.23758099352051837
Neural Plate 2,supt20hl1,6.337487,1.5011866,2.3354276464749684e-10,7.594838550481414e-09,0.37770193401592717,0.1900647948164147
Neural Plate 2,rrm2.2,6.282293,1.2078758,3.3361569017066966e-10,1.067423456776273e-08,0.43686006825938567,0.24622030237580994
Neural Plate 2,ell,6.2336183,1.0775448,4.5578328911176325e-10,1.4476924529414536e-08,0.4550625711035267,0.27645788336933047
Neural Plate 2,nasp,6.224876,1.0387075,4.819370981212929e-10,1.5285391596082463e-08,0.4812286689419795,0.3023758099352052
Neural Plate 2,nkain1,6.122489,2.0100467,9.212491743610944e-10,2.851429536699779e-08,0.28782707622298065,0.09071274298056156
Neural Plate 2,pbx3,6.105819,1.7100177,1.022746355354225e-09,3.1521678277096816e-08,0.36063708759954494,0.19222462203023757
Neural Plate 2,brsk2,6.0644794,2.120856,1.3238189566070058e-09,4.0232664975099544e-08,0.28100113765642776,0.08639308855291576
Neural Plate 2,meis2,6.049662,1.0393014,1.4515007376734263e-09,4.392953896917037e-08,0.5164960182025028,0.3563714902807775
Neural Plate 2,pdgfa,6.024621,1.5681412,1.6950655601840101e-09,5.09476936484508e-08,0.3503981797497156,0.16846652267818574
Neural Plate 2,elovl6,5.98091,1.731262,2.218945776577942e-09,6.623750450165153e-08,0.31285551763367464,0.12311015118790497
Neural Plate 2,slco5a1,5.974316,2.3181055,2.3105721907798095e-09,6.887840952869703e-08,0.2616609783845279,0.06911447084233262
Neural Plate 2,c21orf91,5.880375,1.182064,4.093383988464556e-09,1.1893705993646481e-07,0.41751990898748575,0.24406047516198703
Neural Plate 2,ripor1,5.862372,1.1667688,4.56301632499301e-09,1.320551448642871e-07,0.4072810011376564,0.23326133909287258
Neural Plate 2,vav2,5.842739,1.1821611,5.134942789393935e-09,1.4743366658863824e-07,0.3970420932878271,0.22894168466522677
Neural Plate 2,hsf2.2,5.7599845,1.0832291,8.41215728507924e-09,2.374666029983365e-07,0.42889647326507396,0.265658747300216
Neural Plate 2,cpn1,5.758577,1.5177187,8.482595291183484e-09,2.3914562254381757e-07,0.3333333333333333,0.1511879049676026
Neural Plate 2,ltbp1,5.7390924,1.37856,9.518530746835127e-09,2.669715416795492e-07,0.44368600682593856,0.2980561555075594
Neural Plate 2,htra1,5.7376847,1.4169761,9.597957836228237e-09,2.685090230055594e-07,0.3640500568828214,0.1900647948164147
Neural Plate 2,satb1,5.737092,1.5694369,9.631593223740644e-09,2.68760864111566e-07,0.32764505119453924,0.15550755939524838
Neural Plate 2,cass4,5.7359066,1.2403605,9.699208074096596e-09,2.699571675827319e-07,0.3856655290102389,0.21814254859611232
Neural Plate 2,gtdc1,5.7304983,1.8299116,1.0013600575028418e-08,2.7835258362763707e-07,0.29465301478953354,0.11879049676025918
Neural Plate 2,LOC100492966,5.5793624,1.338296,2.4140186825950485e-08,6.495228319717208e-07,0.3492605233219568,0.17278617710583152
Neural Plate 2,dpysl4,5.576399,2.5039372,2.4554848762993142e-08,6.590545570200165e-07,0.24004550625711035,0.06047516198704104
Neural Plate 2,clip2,5.523427,2.7380743,3.324500037546508e-08,8.825293834465006e-07,0.22753128555176336,0.047516198704103674
Neural Plate 2,gnao1,5.4984603,1.5786693,3.8312205642814755e-08,1.0060296502188457e-06,0.3174061433447099,0.1490280777537797
Neural Plate 2,ldlrad3,5.428078,1.4089432,5.696407618310215e-08,1.476262596664456e-06,0.31399317406143346,0.14254859611231102
Neural Plate 2,tktl2,5.411557,1.5028774,6.247910618403846e-08,1.6147755734236871e-06,0.3094425483503982,0.13822894168466524
Neural Plate 2,mthfd2,5.391628,1.0572171,6.982228305518006e-08,1.79457248356547e-06,0.40159271899886234,0.23974082073434125
Neural Plate 2,ccn6,5.3819966,1.0628244,7.366417182644539e-08,1.8866501096535971e-06,0.459613196814562,0.31101511879049676
Neural Plate 2,st8sia4,5.3202085,1.438334,1.036483288570286e-07,2.6056568939967982e-06,0.33560864618885095,0.17278617710583152
Neural Plate 2,LOC116406756,5.240714,2.1104784,1.5995641363776697e-07,3.9218077550446214e-06,0.24118316268486917,0.07127429805615551
Neural Plate 2,phka1,5.127436,1.0794439,2.937145218545597e-07,6.996882730773305e-06,0.37656427758816835,0.2203023758099352
Neural Plate 2,dbn1,5.0691304,2.0851524,3.9963763214947213e-07,9.336716029050996e-06,0.24914675767918087,0.08855291576673865
Neural Plate 2,pcdh18,5.061944,1.7424281,4.1500313748597117e-07,9.664656844270412e-06,0.267349260523322,0.1079913606911447
Neural Plate 2,mms22l,5.0007486,1.026197,5.710812267120518e-07,1.3103641901244672e-05,0.4050056882821388,0.2591792656587473
Neural Plate 2,dhcr7,4.9903765,1.4902568,6.026169485443496e-07,1.375492095626177e-05,0.2844141069397042,0.12742980561555076
Neural Plate 2,LOC734009,4.9566674,1.1561341,7.171260900322576e-07,1.611576561338197e-05,0.3515358361774744,0.20302375809935205
Neural Plate 2,pitpnc1,4.9347377,1.0722741,8.025850811387366e-07,1.7907166723444143e-05,0.35267349260523323,0.19870410367170627
Neural Plate 2,hps3,4.911697,1.2183989,9.029152301570028e-07,2.0022879306154428e-05,0.323094425483504,0.17278617710583152
Neural Plate 2,atp2b3,4.8966575,2.1029084,9.748054482233715e-07,2.148609059159817e-05,0.22753128555176336,0.06911447084233262
Neural Plate 2,nova2,4.879766,1.1808109,1.0621189774175403e-06,2.3199697904132278e-05,0.3572241183162685,0.21814254859611232
Neural Plate 2,slc38a3,4.811384,1.5404496,1.4988859476070043e-06,3.2097340787764905e-05,0.2696245733788396,0.11663066954643629
Neural Plate 2,LOC100492268,4.804124,1.2874346,1.5543070888826532e-06,3.308930242586183e-05,0.3003412969283277,0.1490280777537797
Neural Plate 2,atp13a3,4.7240367,1.1075482,2.3120893384193223e-06,4.7975755384304146e-05,0.3424345847554039,0.19870410367170627
Neural Plate 2,ptk2,4.723444,1.474095,2.318840911710959e-06,4.805263773451551e-05,0.2753128555176337,0.13174946004319654
Neural Plate 2,wwc3,4.6894383,1.255443,2.739561849246279e-06,5.613143578629395e-05,0.30602957906712175,0.15982721382289417
Neural Plate 2,mcm6.2,4.6884007,1.0896412,2.753481045848701e-06,5.636370534846576e-05,0.33674630261660976,0.1900647948164147
Neural Plate 2,fgf8,4.687216,1.0039268,2.769471801257576e-06,5.6637904569111117e-05,0.40159271899886234,0.265658747300216
Neural Plate 2,zbtb47,4.6803994,1.1132456,2.8631622491532445e-06,5.832298136447497e-05,0.3321956769055745,0.1900647948164147
Neural Plate 2,ebf4,4.671361,1.054138,2.992103566609983e-06,6.0735527373950174e-05,0.37656427758816835,0.2570194384449244
Neural Plate 2,ap1m1,4.665805,1.4711099,3.0741164045947507e-06,6.228439560321454e-05,0.26507394766780434,0.11879049676025918
Neural Plate 2,nckap5l,4.6622486,1.0587194,3.127731678307695e-06,6.319466014106686e-05,0.3390216154721274,0.19438444924406048
Neural Plate 2,camsap2,4.648839,1.3880917,3.3380878915112323e-06,6.713402385314895e-05,0.27417519908987487,0.12526997840172785
Neural Plate 2,ust,4.5839396,1.0626763,4.562966622281287e-06,9.002576371139238e-05,0.3640500568828214,0.23758099352051837
Neural Plate 2,gria1,4.5831985,1.6868178,4.5791701282321414e-06,9.018237488100501e-05,0.25369738339021614,0.1101511879049676
Neural Plate 2,pappa,4.5797906,1.1858125,4.654418873498952e-06,9.141680849560813e-05,0.31968145620022753,0.18142548596112312
Neural Plate 2,rundc3b,4.5774198,1.8314152,4.7074628953259756e-06,9.237549266088859e-05,0.22525597269624573,0.0755939524838013
Neural Plate 2,nedd9,4.5663066,1.8733563,4.9639208764372544e-06,9.697199413136736e-05,0.23435722411831628,0.08855291576673865
Neural Plate 2,mpdz,4.445546,1.2327213,8.766883661441014e-06,0.00016460367681650267,0.29692832764505117,0.16198704103671707
Neural Plate 2,dchs1,4.445398,1.3009893,8.772928653021979e-06,0.00016460367681650267,0.28782707622298065,0.15334773218142547
Neural Plate 2,pfkfb1,4.424654,1.4840293,9.659703200386276e-06,0.00017969683165867768,0.24914675767918087,0.1079913606911447
Neural Plate 2,tgfbr2,4.418801,1.5393898,9.924995301664976e-06,0.00018384832128831192,0.24573378839590443,0.10367170626349892
Neural Plate 2,septin6,4.409837,1.8950461,1.0344863598253643e-05,0.0001913010750656718,0.21729237770193402,0.0755939524838013
Neural Plate 2,marchf9,4.3779798,2.1191297,1.1978459808946594e-05,0.00021909637174436178,0.20136518771331058,0.058315334773218146
Neural Plate 2,rims2,4.3609395,1.2224407,1.2950506263195885e-05,0.0002354941643076645,0.2992036405005688,0.17062634989200864
Neural Plate 2,dck.1,4.341159,1.5805253,1.4173333166049136e-05,0.000256448012451375,0.23435722411831628,0.09503239740820735
Neural Plate 2,ipo8,4.333602,1.3807396,1.4668936314929562e-05,0.00026497587692721685,0.2605233219567691,0.12311015118790497
Neural Plate 2,agap3,4.325971,1.5697802,1.5186142135408449e-05,0.00027296277391824364,0.24800910125142206,0.11447084233261338
Neural Plate 2,c15orf41,4.319748,1.0243059,1.5620766842529546e-05,0.0002792589687343794,0.3435722411831627,0.21382289416846653
Neural Plate 2,dennd1a,4.297892,1.4130963,1.7242992058439275e-05,0.0003056533953754699,0.2582480091012514,0.12095032397408208
Neural Plate 2,LOC100145446,4.2557373,1.4264812,2.0836133662393347e-05,0.0003657805894184113,0.24687144482366324,0.1079913606911447
Neural Plate 2,gdf11.1,4.2318816,1.732245,2.3174458765305383e-05,0.00040390564274578973,0.23777019340159272,0.10583153347732181
Neural Plate 2,fgfr3,4.23077,1.0166454,2.328925816232443e-05,0.000405582523830871,0.3321956769055745,0.20734341252699784
Neural Plate 2,pfn2,4.21699,1.6245754,2.4758486220952124e-05,0.00043048201420509667,0.2241183162684869,0.08855291576673865
Neural Plate 2,fyn,4.192986,1.217864,2.753062809664874e-05,0.0004734009737564792,0.2844141069397042,0.15982721382289417
Neural Plate 2,reep3,4.1526093,1.311318,3.287059306918436e-05,0.0005564540041603351,0.2753128555176337,0.1468682505399568
Neural Plate 2,slc44a5,4.144904,2.1471894,3.3995588507757116e-05,0.0005728322292106317,0.19226393629124006,0.058315334773218146
Neural Plate 2,LOC100498624,4.1315684,2.1215363,3.602961012759243e-05,0.0006052364300186254,0.1899886234357224,0.056155507559395246
Neural Plate 2,dlgap4,4.119789,1.1712983,3.7921966832103626e-05,0.0006345822379166666,0.27986348122866894,0.1511879049676026
Neural Plate 2,numbl,4.099786,1.2781085,4.135330386045285e-05,0.0006877823502583396,0.2514220705346985,0.11879049676025918
Neural Plate 2,ankfn1l,4.0980077,1.2395357,4.1672170638346094e-05,0.00069255783358671,0.29806598407281,0.17494600431965443
Neural Plate 2,hip1,4.0591865,1.2486862,4.924400598026056e-05,0.000811596264724521,0.27303754266211605,0.15334773218142547
Neural Plate 2,dck.2,4.0025845,1.2626694,6.265429655854275e-05,0.0010142280454035323,0.24800910125142206,0.11663066954643629
Neural Plate 2,ube2o,3.973913,1.1082348,7.070138176140493e-05,0.0011385792261369868,0.2832764505119454,0.15766738660907129
Neural Plate 2,prrg1,3.955095,1.0093765,7.650420064559889e-05,0.0012212129936266375,0.310580204778157,0.1900647948164147
Neural Plate 2,abcc1,3.9495387,1.0668702,7.830196026622466e-05,0.0012462633661336894,0.2787258248009101,0.1490280777537797
Neural Plate 2,sema3a,3.9362032,1.0242826,8.27809069852497e-05,0.0013118098557190513,0.3503981797497156,0.24838012958963282
Neural Plate 2,dlc,3.9038274,1.0306752,9.468329851203565e-05,0.0014885333262472118,0.4141069397042093,0.3282937365010799
Neural Plate 2,ulk1,3.8970115,1.7020062,9.738699203325831e-05,0.0015277365587043348,0.21729237770193402,0.09503239740820735
Neural Plate 2,prdm14,3.8721185,2.8193765,0.00010789345925398341,0.0016768826028355926,0.16040955631399317,0.03455723542116631
Neural Plate 2,shf,3.8582644,1.0504638,0.00011419507680522804,0.0017722978456378954,0.2901023890784983,0.17278617710583152
Neural Plate 2,jam2,3.7793624,2.2702336,0.0001572303712514095,0.002384241786710915,0.1695108077360637,0.047516198704103674
Neural Plate 2,tcf4,3.7597296,1.167709,0.00017009706192543418,0.002561551406676949,0.2605233219567691,0.1447084233261339
Neural Plate 2,stx2,3.7595074,1.0137104,0.0001702482373024731,0.002562059852536045,0.2912400455062571,0.17062634989200864
Neural Plate 2,rnf125,3.7237236,1.6242139,0.0001963057286954402,0.002917975003994006,0.20477815699658702,0.08855291576673865
Neural Plate 2,itgb8,3.6325235,1.5635012,0.00028066294941590656,0.004053174201988416,0.20136518771331058,0.08423326133909287
Neural Plate 2,plppr3,3.6102235,1.4979796,0.0003059331729630844,0.0043833012260193465,0.2150170648464164,0.10367170626349892
Neural Plate 2,efna1,3.5811076,1.444,0.000342140590440157,0.0048385287258552595,0.20705346985210465,0.09287257019438445
Neural Plate 2,dclk1,3.5750327,1.8354075,0.0003501842421689073,0.004945870775642541,0.18088737201365188,0.06479481641468683
Neural Plate 2,ank2,3.5571778,1.0469644,0.00037486041530559143,0.005270508455143885,0.2901023890784983,0.1900647948164147
Neural Plate 2,adamts5,3.524876,1.2578553,0.0004236807255423872,0.005896133362283437,0.27303754266211605,0.17062634989200864
Neural Plate 2,lonrf3,3.5142078,1.3534056,0.0004410676442375585,0.006091479155004914,0.21160409556313994,0.09935205183585313
Neural Plate 2,rab3a,3.4957602,1.5848981,0.0004727131164306605,0.006479317156804926,0.1945392491467577,0.08207343412526998
Neural Plate 2,hdgfl3,3.492871,2.4769967,0.0004778573863719776,0.006541136802795738,0.14562002275312855,0.03023758099352052
Neural Plate 2,pcna,3.4656813,1.1881018,0.0005288898267051165,0.007159370290652821,0.22184300341296928,0.1079913606911447
Neural Plate 2,nme4,3.44553,1.9933931,0.0005699410680068173,0.0076817072544637195,0.16040955631399317,0.047516198704103674
Neural Plate 2,myo5a,3.3954475,1.1897455,0.0006851650978396641,0.009077709532458596,0.23208191126279865,0.12742980561555076
Neural Plate 2,acer2,3.3883352,1.8270395,0.00070318263502659,0.009305123274054106,0.17178612059158135,0.06263498920086392
Neural Plate 2,hdac10,3.3678875,1.0571213,0.0007574651924887432,0.009957016846564377,0.24687144482366324,0.14038876889848811
Neural Plate 2,mdfi,3.358034,1.0726434,0.0007849897147050882,0.010287844182930769,0.24914675767918087,0.1490280777537797
Neural Plate 2,trim8,3.3550706,1.0140061,0.000793447611792139,0.010373768925653844,0.2366325369738339,0.12742980561555076
Neural Plate 2,snx7,3.3472173,1.8480694,0.0008162718111790146,0.010608616552553471,0.17064846416382254,0.06479481641468683
Neural Plate 2,rnf220.2,3.272242,1.1319461,0.0010669818369048823,0.013560052803204098,0.22753128555176336,0.12526997840172785
Neural Plate 2,inpp5a.1,3.2654262,1.0471661,0.001092995137057136,0.013850317587528319,0.23208191126279865,0.12742980561555076
Neural Plate 2,frem1,3.2539427,1.8908845,0.0011381521444919973,0.014380786302814055,0.20022753128555176,0.10151187904967603
Neural Plate 2,pan2,3.237051,1.2895828,0.0012077179136121077,0.015180652415282143,0.20477815699658702,0.10151187904967603
Neural Plate 2,prr5l,3.2039344,1.115165,0.0013556330356578625,0.016817094071114393,0.2229806598407281,0.12311015118790497
Neural Plate 2,slc16a3,3.1934142,1.5153291,0.0014060107777746896,0.017372911201484428,0.17747440273037543,0.0734341252699784
Neural Plate 2,tcf7l2,3.1926734,1.0495294,0.001409622770392734,0.017407684478064428,0.2502844141069397,0.15550755939524838
Neural Plate 2,stx1a,3.1729665,1.1589843,0.001508899524491638,0.018487196251505914,0.229806598407281,0.13390928725701945
Neural Plate 2,ttc21b,3.1325893,1.382014,0.0017327162008087334,0.020889281888313464,0.19681456200227532,0.09935205183585313
Neural Plate 2,rpa2,3.127848,1.6393046,0.0017609126364697809,0.02120578070662643,0.161547212741752,0.058315334773218146
Neural Plate 2,celf5,3.09688,3.3802068,0.0019556910861373783,0.023383635720878756,0.11717861205915814,0.01511879049676026
Neural Plate 2,cyp26c1,3.0709498,1.4434139,0.002133791081434413,0.025305138689119742,0.17406143344709898,0.0734341252699784
Neural Plate 2,LOC116410852,3.061911,1.1407781,0.002199287185963496,0.025983024193237385,0.21729237770193402,0.12095032397408208
Neural Plate 2,cdknx,3.0082726,1.5148084,0.002627372595581283,0.030334337253004853,0.17178612059158135,0.0755939524838013
Neural Plate 2,scarf2,3.0032349,1.850408,0.0026712621835996465,0.030808463059369916,0.15130830489192265,0.05399568034557235
Neural Plate 2,runx1t1,3.0003455,1.6555094,0.0026967354912139966,0.03103663773933577,0.1558589306029579,0.058315334773218146
Neural Plate 2,pik3r3,2.997308,1.2125027,0.0027237542965130855,0.03129807398852661,0.19226393629124006,0.09503239740820735
Neural Plate 2,lrrn1,2.9873064,1.4441605,0.0028144759238860127,0.032187986968090505,0.16609783845278725,0.06911447084233262
Neural Plate 2,cfp,2.9847133,1.1521895,0.0028384425396330284,0.03237723714444972,0.20022753128555176,0.10583153347732181
Neural Plate 2,fbln1,2.9821203,1.3249109,0.002862595362590859,0.03260161451309767,0.19795221843003413,0.10583153347732181
Neural Plate 2,ankrd35,2.9729335,1.0491571,0.002949682985465335,0.033453759057088917,0.22184300341296928,0.12958963282937366
Neural Plate 2,cct8,2.9680438,1.127975,0.0029970156069369994,0.033918823544691154,0.2025028441410694,0.1079913606911447
Neural Plate 2,ipo9,2.953597,1.4373893,0.003140938400648774,0.03531087936144096,0.15813424345847554,0.06047516198704104
Neural Plate 2,prph,2.9481146,2.1798954,0.0031971845961002894,0.0358508556379776,0.1422070534698521,0.047516198704103674
Neural Plate 2,maneal,2.926926,1.5897186,0.0034233033846251116,0.03813165041138569,0.1626848691695108,0.06911447084233262
Neural Plate 2,scn1a,2.915813,2.4347832,0.003547630101642546,0.03943598392661334,0.13083048919226395,0.0367170626349892
Neural Plate 2,lhx2,2.9153686,2.525976,0.0035526875571219537,0.03947209530751433,0.12741751990898748,0.032397408207343416
Neural Plate 2,kifap3,2.906256,1.0932437,0.003657821489821884,0.040578201692630066,0.20705346985210465,0.11447084233261338
Neural Plate 2,zfyve21,2.8675828,1.0571111,0.004136204416773558,0.04524116119218837,0.21843003412969283,0.13174946004319654
Neural Plate 2,pou2f2,2.8606188,2.0362587,0.004228151324285844,0.04615432218471306,0.1342434584755404,0.04103671706263499
Neural Plate 2,vim,2.8498023,1.8772144,0.004374642737259215,0.04751571885004148,0.13651877133105803,0.04319654427645788
Neural Plate 2,lmbr1,2.8441715,1.9412014,0.004452705587523956,0.04821959733268499,0.1410693970420933,0.04967602591792657
Neural Plate 2,LOC116407528,2.8418748,1.7298832,0.004484907853271431,0.0484961220348047,0.14789533560864618,0.056155507559395246
Neural Plate 2,tmem63c,-2.8317993,-1.9289576,0.00462869026617456,0.04982863852895662,0.04323094425483504,0.13606911447084233
Neural Plate 2,vgll1,-2.8331327,-2.4186292,0.004609423546617415,0.04964572122938727,0.030716723549488054,0.12311015118790497
Neural Plate 2,lpcat4,-2.8408377,-1.0787401,0.004499519858444226,0.048630026166969514,0.12514220705346984,0.2159827213822894
Neural Plate 2,LOC101734591,-2.854692,-1.0172493,0.0043078600376909556,0.04688369769698471,0.12286689419795221,0.21382289416846653
Neural Plate 2,flii,-2.8598778,-1.1188619,0.00423804122121622,0.046239148744079576,0.09556313993174062,0.1900647948164147
Neural Plate 2,traf3ip1,-2.8809924,-1.0790912,0.00396425070326579,0.043556855284976236,0.11149032992036405,0.20518358531317496
Neural Plate 2,prr5,-2.8815851,-2.368842,0.003956802538122868,0.04351884485099753,0.022753128555176336,0.11879049676025918
Neural Plate 2,st6galnac2,-2.8922536,-1.151532,0.0038248905379585298,0.04225971464749017,0.09328782707622298,0.1879049676025918
Neural Plate 2,LOC101730595,-2.8938835,-2.6343923,0.0038050929682433947,0.04206227642352539,0.023890784982935155,0.11879049676025918
Neural Plate 2,LOC100489305,-2.9265556,-2.2799044,0.003427382870479427,0.03815761306976101,0.034129692832764506,0.12958963282937366
Neural Plate 2,ripk1,-2.9275186,-1.3944656,0.0034167854005197635,0.03809794288438516,0.08532423208191127,0.17926565874730022
Neural Plate 2,clic1,-2.9300375,-1.5508714,0.0033892098204535205,0.03784848899289471,0.05688282138794084,0.15334773218142547
Neural Plate 2,sptlc2,-2.9307044,-1.2753564,0.003381944398291983,0.037786691610409304,0.08646188850967008,0.18142548596112312
Neural Plate 2,gale,-2.939669,-2.1505492,0.0032856322346813743,0.03674822193387098,0.03754266211604096,0.13390928725701945
Neural Plate 2,rbm47,-2.9489295,-1.6244,0.003188766001666325,0.03577483954877166,0.05460750853242321,0.1511879049676026
Neural Plate 2,gch1,-2.9498928,-1.9777813,0.0031788428029874186,0.0356818563806525,0.051194539249146756,0.1468682505399568
Neural Plate 2,LOC116409572,-2.9507818,-3.3182209,0.0031697079166169424,0.03559763069917566,0.01478953356086462,0.11231101511879049
Neural Plate 2,cndp1,-2.9661918,-1.4103448,0.0030151248368200535,0.034089657546243726,0.08418657565415244,0.17926565874730022
Neural Plate 2,ppp1r3c.2,-2.9838984,-1.4350545,0.002846013301649045,0.032429689950539846,0.07053469852104664,0.16846652267818574
Neural Plate 2,plcxd2,-2.9841206,-3.468999,0.002843946722038215,0.03242307284304906,0.011376564277588168,0.1101511879049676
Neural Plate 2,adam15,-2.9927146,-2.257663,0.0027650820363160395,0.03168952474498545,0.02844141069397042,0.12742980561555076
Neural Plate 2,sema4g,-2.9936037,-1.4033871,0.0027570386918489434,0.031629301719836474,0.0671217292377702,0.16630669546436286
Neural Plate 2,bcl11b,-2.997308,-2.0501587,0.0027237542965130855,0.03129807398852661,0.04778156996587031,0.1447084233261339
Neural Plate 2,rab25,-3.010125,-1.6841921,0.002611403152289474,0.030212630789989897,0.06143344709897611,0.15982721382289417
Neural Plate 2,bdh2,-3.0250902,-1.8073447,0.0024855891822745686,0.028896132949607547,0.05005688282138794,0.1490280777537797
Neural Plate 2,fam91a1,-3.0270905,-1.3937223,0.002469199282118434,0.028736212018723385,0.06370875995449374,0.16414686825053995
Neural Plate 2,fam126b,-3.0294614,-1.4400251,0.0024499022974905577,0.02855732800937044,0.07622298065984073,0.17494600431965443
Neural Plate 2,alas1,-3.033462,-1.3090677,0.0024176513230689495,0.028241739572102537,0.08987485779294653,0.1879049676025918
Neural Plate 2,LOC101733990,-3.053169,-2.1567495,0.0022643839183865712,0.0266654730076165,0.03299203640500569,0.13390928725701945
Neural Plate 2,fam83f,-3.0547247,-3.6501877,0.002252671305675214,0.026570562465480452,0.011376564277588168,0.11231101511879049
Neural Plate 2,LOC100491826,-3.0779138,-4.080225,0.0020845521110090127,0.024788562187644504,0.005688282138794084,0.1079913606911447
Neural Plate 2,irak2,-3.106437,-2.9256973,0.001893566522618493,0.022665669275950706,0.01820250284414107,0.12095032397408208
Neural Plate 2,LOC549052,-3.119328,-3.0588715,0.0018126404949621428,0.021756671199432847,0.01820250284414107,0.12095032397408208
Neural Plate 2,fam3a,-3.1198466,-1.6385531,0.0018094523586305626,0.021742323743214484,0.048919226393629126,0.15334773218142547
Neural Plate 2,LOC100494793,-3.1311817,-1.813673,0.0017410433792586512,0.020978082594590296,0.04778156996587031,0.1511879049676026
Neural Plate 2,ccser1,-3.134812,-2.0329309,0.0017196425633749348,0.02075460197754671,0.04664391353811149,0.1490280777537797
Neural Plate 2,slc13a3,-3.1392572,-2.9432182,0.0016937670396580233,0.020487633354976567,0.019340159271899887,0.12311015118790497
Neural Plate 2,crybb3,-3.146073,-3.8521373,0.0016547861191440823,0.02007175536733909,0.007963594994311717,0.11231101511879049
Neural Plate 2,cnksr1,-3.1541486,-1.8516585,0.001609671257768935,0.019568042627173217,0.05233219567690557,0.15550755939524838
Neural Plate 2,kdf1,-3.156149,-1.6008666,0.0015986723561186881,0.019445166935822683,0.05688282138794084,0.16198704103671707
Neural Plate 2,syt16,-3.158816,-1.8226956,0.0015841147631988277,0.019321949831057363,0.06484641638225255,0.16630669546436286
Neural Plate 2,galnt4,-3.1795602,-2.019271,0.001474987579076399,0.018112382646610074,0.04209328782707622,0.1468682505399568
Neural Plate 2,naaladl2,-3.189932,-3.2662125,0.001423061660323161,0.017563703897008877,0.01820250284414107,0.12311015118790497
Neural Plate 2,lmbrd2,-3.1934142,-1.4485035,0.0014060107777746896,0.017372911201484428,0.06370875995449374,0.17062634989200864
Neural Plate 2,plpp5,-3.1982298,-1.6302259,0.0013827400657379018,0.017133884710089014,0.06143344709897611,0.16630669546436286
Neural Plate 2,ttc9,-3.2126026,-1.0617245,0.0013153814982644863,0.01635495138098539,0.12286689419795221,0.2267818574514039
Neural Plate 2,arpc1b,-3.2170477,-1.5496393,0.0012951702260102338,0.016149662572439605,0.07053469852104664,0.17494600431965443
Neural Plate 2,llgl2,-3.234458,-1.2915038,0.001218738176564528,0.015292746262688077,0.080773606370876,0.1879049676025918
Neural Plate 2,arhgdig,-3.23794,-1.0090191,0.0012039607780066294,0.015142148782064933,0.11604095563139932,0.22462203023758098
Neural Plate 2,LOC100496344,-3.2500162,-4.8553257,0.0011539844360604818,0.01454713713418589,0.004550625711035267,0.11231101511879049
Neural Plate 2,elovl1,-3.2509792,-1.4831424,0.0011500823131964442,0.014514717267934995,0.06484641638225255,0.17278617710583152
Neural Plate 2,cds1,-3.252461,-3.1379867,0.0011441028552474145,0.014447609030297355,0.020477815699658702,0.12742980561555076
Neural Plate 2,fam83c,-3.2715752,-3.1201024,0.0010695011098996049,0.013584158160139278,0.017064846416382253,0.12526997840172785
Neural Plate 2,ttc39a,-3.2968388,-1.7306604,0.0009777964033426448,0.012521417439753435,0.06370875995449374,0.17062634989200864
Neural Plate 2,mvp,-3.299654,-2.797006,0.0009680410738026088,0.012403772326157796,0.020477815699658702,0.12958963282937366
Neural Plate 2,camk1,-3.3035064,-1.3278735,0.0009548376964978846,0.012241782241645323,0.1285551763367463,0.22894168466522677
Neural Plate 2,blvrb,-3.309211,-3.269779,0.000935592654444636,0.0120303873380297,0.013651877133105802,0.12311015118790497
Neural Plate 2,efcab10,-3.31336,-1.1566797,0.0009218226625339364,0.01186731110274515,0.08987485779294653,0.20086393088552915
Neural Plate 2,lrrk1,-3.3179533,-2.7928984,0.0009067965040693325,0.011694566498402425,0.019340159271899887,0.12958963282937366
Neural Plate 2,dnajc3,-3.3235838,-1.2572144,0.000888687062214978,0.011474580109226648,0.08646188850967008,0.19654427645788336
Neural Plate 2,tesc,-3.3247693,-1.4137565,0.000884917521017773,0.011432673313279351,0.080773606370876,0.1900647948164147
Neural Plate 2,dctn2,-3.326177,-1.3631525,0.0008804604442075481,0.011381829000623761,0.09101251422070535,0.19870410367170627
Neural Plate 2,LOC100497498,-3.3300292,-1.1702491,0.000868368328962153,0.01123882877003745,0.12400455062571103,0.23110151187904968
Neural Plate 2,acaca,-3.344254,-1.1485903,0.0008250419138155679,0.01071621404843423,0.12286689419795221,0.22894168466522677
Neural Plate 2,MGC75872,-3.349514,-2.5549586,0.0008095345612307789,0.010539888818983786,0.030716723549488054,0.14038876889848811
Neural Plate 2,gosr2,-3.3515885,-1.2710336,0.0008034936895128449,0.010473737036355908,0.09215017064846416,0.20302375809935205
Neural Plate 2,MGC69416,-3.3526998,-1.3348998,0.0008002747418282553,0.010447051265152104,0.10238907849829351,0.20950323974082075
Neural Plate 2,kcnk5,-3.353663,-1.4930946,0.0007974946717979451,0.010420437864253269,0.09215017064846416,0.19870410367170627
Neural Plate 2,trappc11,-3.368554,-1.0690022,0.000755635390364703,0.009938951086888598,0.12514220705346984,0.23542116630669546
Neural Plate 2,acy3,-3.3732216,-1.2871106,0.0007429412532918208,0.0097896866473918,0.1080773606370876,0.2159827213822894
Neural Plate 2,il1r1,-3.3870018,-2.3604903,0.0007066095571994464,0.009344804331908558,0.03299203640500569,0.1447084233261339
Neural Plate 2,nexn,-3.3970773,-1.7511634,0.0006810969694248221,0.009029293420303185,0.06484641638225255,0.17494600431965443
Neural Plate 2,LOC100488176,-3.4136727,-2.1963708,0.0006409351517935033,0.008538367489185614,0.04664391353811149,0.15766738660907129
Neural Plate 2,fam221a,-3.4231558,-1.747313,0.0006189859433954431,0.008266151940533638,0.053469852104664393,0.16630669546436286
Neural Plate 2,anxa11,-3.424193,-1.3557547,0.0006166281564044727,0.008239707900123698,0.12627986348122866,0.23110151187904968
Neural Plate 2,casd1,-3.4270082,-1.1730092,0.0006102705072797347,0.008164753365635248,0.17178612059158135,0.27213822894168466
Neural Plate 2,LOC116410405,-3.4367876,-4.407384,0.00058865692629481,0.007899804913086747,0.004550625711035267,0.11879049676025918
Neural Plate 2,c3orf52,-3.4380472,-3.2244549,0.0005859257463935242,0.00787283602958934,0.015927189988623434,0.12958963282937366
Neural Plate 2,vapa,-3.4629402,-1.0549204,0.0005343073342342486,0.007228220917746769,0.11945392491467577,0.23542116630669546
Neural Plate 2,phyhdla.2,-3.4656813,-4.298677,0.0005288898267051165,0.007159370290652821,0.013651877133105802,0.12742980561555076
Neural Plate 2,ap1s3,-3.4870923,-1.8070159,0.0004883029508177005,0.006672046768812175,0.06598407281001138,0.17926565874730022
Neural Plate 2,ggt1,-3.4978347,-1.712379,0.00046905170447254606,0.006437218392009703,0.07053469852104664,0.183585313174946
Neural Plate 2,LOC100496053,-3.5005019,-2.12445,0.00046438304620077933,0.006385193731031636,0.04209328782707622,0.15766738660907129
Neural Plate 2,mtmr12,-3.5150228,-1.5655313,0.0004397163347260601,0.006076662533285217,0.080773606370876,0.19438444924406048
Neural Plate 2,ehd4,-3.5274692,-2.4727352,0.00041955251922707834,0.005842409395056845,0.03299203640500569,0.1490280777537797
Neural Plate 2,gclc,-3.592517,-1.043335,0.00032749931841447174,0.004649552782773057,0.27303754266211605,0.37365010799136067
Neural Plate 2,bcl11a,-3.5995553,-1.0963749,0.0003187620064066533,0.0045402778993469855,0.1080773606370876,0.22894168466522677
Neural Plate 2,ptbp3,-3.6031113,-1.613509,0.0003144308024421655,0.004490310562886449,0.06598407281001138,0.1857451403887689
Neural Plate 2,otc,-3.6057043,-3.686562,0.00031130743307346395,0.004451533091150758,0.012514220705346985,0.13174946004319654
Neural Plate 2,pm20d1,-3.610594,-1.0368927,0.00030549653422244356,0.004382424114186867,0.14448236632536973,0.2613390928725702
Neural Plate 2,ssuh2,-3.6403768,-2.3001866,0.00027223945693587365,0.003949825259174002,0.04323094425483504,0.16198704103671707
Neural Plate 2,vps53,-3.6516378,-1.442136,0.0002605732098389186,0.0037931741240127036,0.09670079635949944,0.21382289416846653
Neural Plate 2,sort1,-3.6537123,-2.6054227,0.00025847595742871523,0.0037676712538757483,0.02844141069397042,0.1490280777537797
Neural Plate 2,neurl1b,-3.6800869,-5.808845,0.00023315445452899936,0.0034145391626022115,0.0034129692832764505,0.12526997840172785
Neural Plate 2,cndp2,-3.6860878,-1.783555,0.00022772770529702876,0.0033417930445773128,0.07053469852104664,0.1900647948164147
Neural Plate 2,tmed10l,-3.73417,-3.192091,0.00018833532507398485,0.0028090670734377465,0.019340159271899887,0.14254859611231102
Neural Plate 2,vps4b,-3.7363925,-1.2096795,0.00018667920757863568,0.0027862701700228517,0.13310580204778158,0.2505399568034557
Neural Plate 2,arhgef16,-3.7468386,-1.6356704,0.00017907718593848697,0.0026838209301948655,0.08873720136518772,0.20734341252699784
Neural Plate 2,vwf,-3.7555068,-1.8733085,0.0001729910991636709,0.0025997512223488034,0.0671217292377702,0.1879049676025918
Neural Plate 2,frmd8,-3.7625449,-1.286545,0.0001681930706320847,0.0025346277584687295,0.10580204778156997,0.2267818574514039
Neural Plate 2,nxpe2,-3.7645452,-3.1180327,0.00016685243755939618,0.0025161624326078677,0.026166097838452786,0.1490280777537797
Neural Plate 2,phyhdla.3,-3.767805,-4.041035,0.0001646892204018263,0.0024869781857358142,0.017064846416382253,0.14038876889848811
Neural Plate 2,ufl1,-3.7751396,-1.7285146,0.00015991807469349634,0.0024182760276415687,0.06939704209328783,0.19222462203023757
Neural Plate 2,prrc1,-3.777214,-1.0194415,0.00015859244181524247,0.0023998929770113774,0.15130830489192265,0.27213822894168466
Neural Plate 2,hk2,-3.8109233,-1.3503907,0.0001384487369882139,0.00211412868426859,0.12514220705346984,0.24406047516198703
Neural Plate 2,tmprss11f,-3.8151462,-2.9585018,0.000136102334803316,0.002081211666253089,0.03185437997724687,0.15550755939524838
Neural Plate 2,lman1,-3.831297,-1.0467824,0.00012746952397836244,0.0019588116075576387,0.16382252559726962,0.28293736501079914
Neural Plate 2,LOC100486856,-3.8580422,-1.9854693,0.00011429894607214941,0.001772649113177237,0.06370875995449374,0.1879049676025918
Neural Plate 2,adap1,-3.8950112,-3.4366508,9.819419979041205e-05,0.001539292840248981,0.015927189988623434,0.1447084233261339
Neural Plate 2,nipal3,-3.9080503,-2.324846,9.304391335163782e-05,0.0014659286882643242,0.04550625711035267,0.17278617710583152
Neural Plate 2,col27a1,-3.9193857,-1.5960275,8.87750004874595e-05,0.0014017071531380995,0.0875995449374289,0.21382289416846653
Neural Plate 2,slc43a1,-3.9453158,-1.6001177,7.969489115240649e-05,0.0012675089065864883,0.1217292377701934,0.24190064794816415
Neural Plate 2,fam49a,-3.9526503,-1.6882905,7.729035293555337e-05,0.0012319596723204603,0.07736063708759955,0.20518358531317496
Neural Plate 2,mpc1,-3.9622073,-2.0985265,7.425998091084842e-05,0.0011901101934774394,0.051194539249146756,0.18142548596112312
Neural Plate 2,plk2,-3.9717646,-2.2215195,7.134221461164425e-05,0.0011480519653692398,0.038680318543799774,0.17062634989200864
Neural Plate 2,prickle3,-3.987693,-2.599351,6.671889532690653e-05,0.0010776262138626406,0.03299203640500569,0.16414686825053995
Neural Plate 2,prkcb,-3.9972503,-1.1678793,6.408255146509578e-05,0.0010358113744591518,0.1547212741751991,0.2786177105831533
Neural Plate 2,eps8l1,-3.9997692,-1.6620353,6.340429962321754e-05,0.0010256080222966865,0.10693970420932879,0.23110151187904968
Neural Plate 2,nedd4l,-4.0059185,-1.615708,6.177699659792109e-05,0.0010015125131970551,0.08304891922639362,0.21382289416846653
Neural Plate 2,cd164,-4.0061407,-1.9269197,6.171892536502276e-05,0.001001314996572611,0.055745164960182024,0.1879049676025918
Neural Plate 2,mreg,-4.014957,-3.8630779,5.945667365686417e-05,0.0009682119969152487,0.01478953356086462,0.1468682505399568
Neural Plate 2,abhd10,-4.0226617,-2.0697207,5.754409397781378e-05,0.000939872510995415,0.05802047781569966,0.1879049676025918
Neural Plate 2,slain2,-4.036442,-1.1562576,5.426796672987628e-05,0.0008890250015109837,0.17633674630261661,0.2980561555075594
Neural Plate 2,stard9,-4.039183,-1.7107025,5.3637694363101015e-05,0.0008793599764817635,0.08646188850967008,0.2159827213822894
Neural Plate 2,ufsp2,-4.0404425,-2.347311,5.335044096332071e-05,0.0008753082498200159,0.03981797497155859,0.17278617710583152
Neural Plate 2,derl2,-4.0706697,-1.1699656,4.687817516050994e-05,0.0007737735704822143,0.14562002275312855,0.27429805615550756
Neural Plate 2,LOC100145045,-4.1083055,-1.6482536,3.9857260607419476e-05,0.0006639124303164125,0.08873720136518772,0.2203023758099352
Neural Plate 2,scn3b,-4.113936,-3.3218608,3.889691690803371e-05,0.0006488272691485081,0.017064846416382253,0.15334773218142547
Neural Plate 2,chmp4c,-4.1281605,-3.1659253,3.656766054542163e-05,0.0006138022467397272,0.02161547212741752,0.15766738660907129
Neural Plate 2,prdm1,-4.1450524,-1.0319284,3.397361321038983e-05,0.0005728322292106317,0.1695108077360637,0.30669546436285094
Neural Plate 2,gramd1b,-4.151794,-3.3681567,3.298788905502588e-05,0.0005580067651703254,0.01820250284414107,0.15550755939524838
Neural Plate 2,ugcg,-4.1572766,-1.8388077,3.22064028636614e-05,0.000546907328317475,0.06825938566552901,0.20518358531317496
Neural Plate 2,piezo1,-4.1665373,-1.2451112,3.092612628510186e-05,0.0005280430372982845,0.1353811149032992,0.2678185745140389
Neural Plate 2,srp19,-4.1667595,-1.0893419,3.0896002150525706e-05,0.0005279417877264068,0.14675767918088736,0.28293736501079914
Neural Plate 2,cyp4f22,-4.177576,-2.3189697,2.946319878151728e-05,0.0005042482044011675,0.05005688282138794,0.1857451403887689
Neural Plate 2,dlx5,-4.18254,-1.5559096,2.8827031966005106e-05,0.0004945241073350609,0.1012514220705347,0.23542116630669546
Neural Plate 2,slc25a16,-4.1889853,-1.8844092,2.8020433488202446e-05,0.00048144399932761064,0.05233219567690557,0.19222462203023757
Neural Plate 2,zdhhc13,-4.199728,-1.3534802,2.672358364732579e-05,0.0004609765365757281,0.11149032992036405,0.24838012958963282
Neural Plate 2,LOC100486901,-4.2130637,-1.7619101,2.519301896475719e-05,0.0004366456448212603,0.08191126279863481,0.21814254859611232
Neural Plate 2,rbfox3,-4.213508,-2.9940147,2.5143464855700675e-05,0.00043613318490957426,0.030716723549488054,0.16846652267818574
Neural Plate 2,lypd6,-4.3135242,-1.685194,1.6067233928869846e-05,0.0002866746619475625,0.10352673492605233,0.23974082073434125
Neural Plate 2,anxa4,-4.317229,-1.5386735,1.5800036084126902e-05,0.00028213796022236756,0.10693970420932879,0.24622030237580994
Neural Plate 2,golm1,-4.3196735,-2.0916815,1.562601167795597e-05,0.0002792589687343794,0.05802047781569966,0.19870410367170627
Neural Plate 2,LOC105945479,-4.31997,-1.241056,1.5605042403758812e-05,0.0002792589687343794,0.17292377701934017,0.30885529157667385
Neural Plate 2,rhbdl2,-4.3213034,-2.0624387,1.5511012194279364e-05,0.00027834358313435034,0.06257110352673492,0.20302375809935205
Neural Plate 2,erbb3,-4.3487897,-2.1207495,1.3689100038082475e-05,0.0002483041163183688,0.051194539249146756,0.19438444924406048
Neural Plate 2,vill,-4.3599024,-2.459397,1.3012041881883173e-05,0.00023641612481646354,0.04209328782707622,0.1857451403887689
Neural Plate 2,kremen2,-4.3653107,-1.3559816,1.2694214894558237e-05,0.00023121908448593933,0.13310580204778158,0.26997840172786175
Neural Plate 2,capn1,-4.365459,-1.2251225,1.2685612429954782e-05,0.00023121908448593933,0.2150170648464164,0.3390928725701944
Neural Plate 2,cpeb3,-4.393834,-1.192362,1.1136887443524931e-05,0.00020473295779709986,0.1751990898748578,0.30885529157667385
Neural Plate 2,tmem79,-4.4182086,-2.093702,9.952245039745113e-06,0.0001841967252012537,0.05802047781569966,0.20302375809935205
Neural Plate 2,anxa9,-4.4210978,-1.9368819,9.820074164168671e-06,0.00018221414824517396,0.07963594994311718,0.2224622030237581
Neural Plate 2,hes1,-4.423691,-3.2329624,9.702888225645314e-06,0.0001801929565717501,0.022753128555176336,0.16846652267818574
Neural Plate 2,ackr3,-4.4262094,-3.853978,9.590330380633383e-06,0.0001785585317711613,0.013651877133105802,0.15982721382289417
Neural Plate 2,fbp1,-4.4396935,-2.3553376,9.008713258886953e-06,0.00016844827079877652,0.051194539249146756,0.19654427645788336
Neural Plate 2,vmp1,-4.4678464,-1.0719699,7.9011089959084e-06,0.00014992182556497146,0.21274175199089876,0.34557235421166305
Neural Plate 2,tfg,-4.47118,-1.3077896,7.77891723441744e-06,0.00014786041199670987,0.12059158134243458,0.2678185745140389
Neural Plate 2,ly6g6c,-4.471921,-3.3918006,7.75200993137765e-06,0.00014747742695082102,0.01820250284414107,0.16630669546436286
Neural Plate 2,slc22a5,-4.4723654,-2.0129092,7.735908286756879e-06,0.00014742817006578327,0.06029579067121729,0.20734341252699784
Neural Plate 2,b4galt1l,-4.4762177,-2.1298027,7.597693824010814e-06,0.00014492069662040206,0.05915813424345848,0.20518358531317496
Neural Plate 2,abo.1,-4.4782925,-3.4229774,7.524251876180117e-06,0.00014364540699048672,0.01820250284414107,0.16630669546436286
Neural Plate 2,dennd2d,-4.49874,-1.040666,6.835735250496309e-06,0.0001313050870608098,0.1899886234357224,0.3326133909287257
Neural Plate 2,ttll5,-4.502,-1.6789784,6.731700291647953e-06,0.0001294206449903524,0.08304891922639362,0.23110151187904968
Neural Plate 2,tmem39a,-4.5111127,-1.1412039,6.448849179641055e-06,0.0001242015339355229,0.1626848691695108,0.30885529157667385
Neural Plate 2,LOC101733293,-4.511483,-2.6957042,6.437595126512998e-06,0.00012409431383007078,0.04209328782707622,0.1900647948164147
Neural Plate 2,copg1,-4.5710483,-1.5676656,4.852903316574876e-06,9.50585307638962e-05,0.10466439135381114,0.2505399568034557
Neural Plate 2,hes5.10,-4.600757,-3.496597,4.209584443782176e-06,8.34308284720898e-05,0.015927189988623434,0.16846652267818574
Neural Plate 2,erlec1,-4.6019425,-1.0705862,4.1856916993234786e-06,8.303270779176147e-05,0.2229806598407281,0.3563714902807775
Neural Plate 2,osbp2,-4.617278,-1.0834737,3.88805963881542e-06,7.748068436401031e-05,0.1695108077360637,0.31965442764578833
Neural Plate 2,acod1la,-4.634244,-3.9420097,3.5824440402534914e-06,7.191583385682745e-05,0.027303754266211604,0.1771058315334773
Neural Plate 2,dipk1c,-4.6508393,-2.6199644,3.305869654238088e-06,6.660884739162449e-05,0.04436860068259386,0.19654427645788336
Neural Plate 2,LOC100485405,-4.655951,-4.0161695,3.224883390895725e-06,6.509729923472305e-05,0.01820250284414107,0.17062634989200864
Neural Plate 2,slc35a3.2,-4.666916,-2.1756217,3.0575432189584765e-06,6.200618083726108e-05,0.053469852104664393,0.20734341252699784
Neural Plate 2,slco2b1,-4.676473,-1.9299846,2.9185088896462023e-06,5.935208059736233e-05,0.08418657565415244,0.23326133909287258
Neural Plate 2,plekha8,-4.6933646,-2.1020901,2.6874769212931743e-06,5.5167858795426485e-05,0.06825938566552901,0.2203023758099352
Neural Plate 2,frk,-4.7401133,-2.3866694,2.1359886873310727e-06,4.4602305403111326e-05,0.055745164960182024,0.20950323974082075
Neural Plate 2,mastl,-4.760042,-1.34783,1.9355230652993923e-06,4.072438367074089e-05,0.1547212741751991,0.3045356371490281
Neural Plate 2,golga1,-4.7624874,-1.1393086,1.9122129891970263e-06,4.031536196837518e-05,0.1956769055745165,0.3412526997840173
Neural Plate 2,ca12,-4.7667103,-1.7552613,1.8725839920804195e-06,3.9518041867685524e-05,0.08418657565415244,0.23974082073434125
Neural Plate 2,mast1,-4.770859,-1.9952688,1.8344193982941839e-06,3.8750111994363395e-05,0.07508532423208192,0.22894168466522677
Neural Plate 2,slc35e1,-4.792418,-1.4051262,1.647830614375631e-06,3.494393764459732e-05,0.12286689419795221,0.2786177105831533
Neural Plate 2,tep1,-4.797308,-1.356717,1.6081240928399012e-06,3.4168330895676225e-05,0.14334470989761092,0.2937365010799136
Neural Plate 2,atp10b,-4.8282757,-1.0229633,1.3772024560060422e-06,2.9578675976877806e-05,0.22070534698521047,0.37365010799136067
Neural Plate 2,nr1i3,-4.837537,-2.1718748,1.3145817252103583e-06,2.826156436040909e-05,0.06598407281001138,0.2224622030237581
Neural Plate 2,sh3bp4,-4.84539,-1.5032877,1.2636336030158714e-06,2.727373773630992e-05,0.09897610921501707,0.2613390928725702
Neural Plate 2,gal3st4.1,-4.855836,-2.8602576,1.1987993604787103e-06,2.592566981665603e-05,0.03526734926052332,0.19438444924406048
Neural Plate 2,dap,-4.856651,-1.0333207,1.193878221626179e-06,2.584485781161196e-05,0.24232081911262798,0.38444924406047515
Neural Plate 2,LOC101731554,-4.8734684,-1.0860492,1.0965578409467492e-06,2.388022819091718e-05,0.20819112627986347,0.36285097192224625
Neural Plate 2,lgals8,-4.8845816,-4.0793386,1.036488199192958e-06,2.2685264788956404e-05,0.013651877133105802,0.17494600431965443
Neural Plate 2,gramd2b,-4.8931756,-2.8027382,9.922190190852923e-07,2.1847841791584426e-05,0.03299203640500569,0.19438444924406048
Neural Plate 2,b4galt6,-4.89725,-2.2638319,9.71870887799838e-07,2.144306839502555e-05,0.06143344709897611,0.2203023758099352
Neural Plate 2,gatd3ala,-4.900658,-5.0588036,9.551614984099367e-07,2.109572779028667e-05,0.009101251422070534,0.17062634989200864
Neural Plate 2,ift46,-4.903992,-1.2455388,9.390831790326305e-07,2.0761635308683923e-05,0.15130830489192265,0.31101511879049676
Neural Plate 2,tmem87b,-4.911697,-1.7609894,9.029152301570028e-07,2.0022879306154428e-05,0.09442548350398179,0.2526997840172786
Neural Plate 2,slc35b1,-4.917698,-1.5267587,8.756788825873173e-07,1.9478276143667532e-05,0.1217292377701934,0.2786177105831533
Neural Plate 2,scnn1a,-4.9208837,-2.80933,8.615433318787031e-07,1.9183405147882835e-05,0.04209328782707622,0.20302375809935205
Neural Plate 2,acod1lb,-4.9379234,-5.7701125,7.895880115804994e-07,1.7635209826712462e-05,0.007963594994311717,0.17062634989200864
Neural Plate 2,rhof,-4.9438505,-1.8472954,7.659448715623592e-07,1.712467524832197e-05,0.09215017064846416,0.2505399568034557
Neural Plate 2,adam28.1,-4.9500737,-1.5842905,7.418540220816289e-07,1.6620119728791812e-05,0.10921501706484642,0.26997840172786175
Neural Plate 2,nol12,-4.9507403,-1.2762973,7.393165860320897e-07,1.6580295194045457e-05,0.16837315130830488,0.32397408207343414
Neural Plate 2,herpud1,-4.96941,-1.2910446,6.715687563973804e-07,1.5154396932106762e-05,0.15699658703071673,0.31317494600431967
Neural Plate 2,ppp3r1,-4.9869685,-2.4472313,6.133402586569509e-07,1.3955889243121298e-05,0.05688282138794084,0.21814254859611232
Neural Plate 2,sgsm3,-5.023345,-1.9713029,5.077921776445564e-07,1.1700668541057937e-05,0.09101251422070535,0.2505399568034557
Neural Plate 2,anxa7,-5.02779,-1.2307373,4.961644335506972e-07,1.1444824634788332e-05,0.19340159271899887,0.3434125269978402
Neural Plate 2,cert1,-5.05861,-1.1004324,4.223235483117548e-07,9.80374696564979e-06,0.22525597269624573,0.3714902807775378
Neural Plate 2,mapk13,-5.0587583,-2.189645,4.219955678417506e-07,9.80374696564979e-06,0.06370875995449374,0.22894168466522677
Neural Plate 2,rnf128,-5.0668335,-2.9325383,4.044875716082899e-07,9.439917967983417e-06,0.03526734926052332,0.20086393088552915
Neural Plate 2,sds,-5.072168,-2.7350152,3.933093123883443e-07,9.198716511925039e-06,0.04323094425483504,0.20950323974082075
Neural Plate 2,pcmtd2,-5.0762424,-1.0738585,3.849717971802547e-07,9.023060780097033e-06,0.1945392491467577,0.3563714902807775
Neural Plate 2,aaas,-5.078984,-1.1522666,3.794591658498502e-07,8.903417696784495e-06,0.1899886234357224,0.34989200863930886
Neural Plate 2,LOC100486361,-5.1061735,-2.4607255,3.287480298423309e-07,7.763648007780847e-06,0.05460750853242321,0.2203023758099352
Neural Plate 2,ltbp4,-5.126177,-4.1812897,2.9568511971826043e-07,7.0208324236911435e-06,0.022753128555176336,0.1900647948164147
Neural Plate 2,asb9,-5.1359563,-2.667443,2.807132101671833e-07,6.694473179298478e-06,0.04323094425483504,0.21166306695464362
Neural Plate 2,znf750,-5.1370673,-3.3672698,2.7905892468989227e-07,6.662302839888556e-06,0.022753128555176336,0.19222462203023757
Neural Plate 2,lgalsl,-5.137586,-1.4218752,2.7829015067422266e-07,6.651226043660693e-06,0.17974971558589306,0.3347732181425486
Neural Plate 2,hexdl,-5.1432905,-2.0284867,2.6996749848888916e-07,6.46647726073112e-06,0.08987485779294653,0.2548596112311015
Neural Plate 2,fam174b,-5.164776,-2.098851,2.4072749244376503e-07,5.7915265850224884e-06,0.06598407281001138,0.23542116630669546
Neural Plate 2,lrrc59,-5.226934,-1.0554519,1.7234397078688863e-07,4.2066194480321e-06,0.23094425483503983,0.38876889848812096
Neural Plate 2,tef,-5.2400475,-1.1960888,1.6053545829880325e-07,3.931587245272936e-06,0.20477815699658702,0.36285097192224625
Neural Plate 2,tbc1d23,-5.2523456,-1.1437079,1.5017433744485097e-07,3.694424145867072e-06,0.20136518771331058,0.3650107991360691
Neural Plate 2,prrg2,-5.2633843,-1.51183,1.4142740284401813e-07,3.4871043587110956e-06,0.12059158134243458,0.2915766738660907
Neural Plate 2,ap1b1,-5.2730155,-1.4983984,1.3420009973099717e-07,3.316399067078244e-06,0.10921501706484642,0.28509719222462204
Neural Plate 2,tbcd,-5.291611,-2.196512,1.2124335290442017e-07,3.006421822417446e-06,0.05233219567690557,0.22894168466522677
Neural Plate 2,parm1,-5.2980566,-2.3329115,1.1704154438881143e-07,2.9088423008066677e-06,0.06257110352673492,0.23542116630669546
Neural Plate 2,ppt1,-5.300946,-1.3409743,1.152040424663545e-07,2.8664394648327496e-06,0.1410693970420933,0.31317494600431967
Neural Plate 2,nucb1,-5.311022,-1.2629131,1.0901221427975024e-07,2.7259139289534937e-06,0.16723549488054607,0.3390928725701944
Neural Plate 2,itpka,-5.320579,-1.7973828,1.0343749042400636e-07,2.6033557999333827e-06,0.10011376564277588,0.27213822894168466
Neural Plate 2,slc37a1,-5.328432,-3.675258,9.906416641095894e-08,2.499051069657266e-06,0.01820250284414107,0.19438444924406048
Neural Plate 2,hm13,-5.342212,-1.5095433,9.181905868207378e-08,2.32434301566303e-06,0.12627986348122866,0.2980561555075594
Neural Plate 2,LOC116408821,-5.3468795,-1.8228483,8.948346045823014e-08,2.267849698790987e-06,0.12059158134243458,0.28725701943844495
Neural Plate 2,tmf1,-5.349028,-1.1460215,8.842777571731055e-08,2.2437005743342248e-06,0.21729237770193402,0.38228941684665224
Neural Plate 2,manf,-5.354066,-1.5782064,8.599944819463306e-08,2.1871724464511516e-06,0.10238907849829351,0.28077753779697623
Neural Plate 2,LOC116411612,-5.368587,-1.0445896,7.935593079871973e-08,2.022927296680915e-06,0.23890784982935154,0.4060475161987041
Neural Plate 2,gopc,-5.3702908,-1.1418867,7.860971887232312e-08,2.006248743290015e-06,0.2025028441410694,0.3714902807775378
Neural Plate 2,LOC100496311,-5.377255,-3.3717225,7.563000551232417e-08,1.932461768482934e-06,0.026166097838452786,0.20302375809935205
Neural Plate 2,pdxdc1,-5.381478,-1.8357198,7.387675043069119e-08,1.8898764022838361e-06,0.12286689419795221,0.2894168466522678
Neural Plate 2,fam83h,-5.3905907,-1.433793,7.022651096889488e-08,1.8007199716242716e-06,0.1342434584755404,0.31101511879049676
Neural Plate 2,rspo2,-5.3912573,-1.7936615,6.996639075845395e-08,1.7961607208708514e-06,0.15130830489192265,0.31101511879049676
Neural Plate 2,sec61b,-5.401185,-1.4611921,6.62021427625333e-08,1.7035341476665554e-06,0.1149032992036405,0.2958963282937365
Neural Plate 2,fam3b,-5.4065933,-2.9078543,6.423480859066467e-08,1.656817681154721e-06,0.03640500568828214,0.21382289416846653
Neural Plate 2,gmds,-5.4317827,-1.1466553,5.579389170881487e-08,1.4493791797357729e-06,0.2707622298065984,0.42548596112311016
Neural Plate 2,esyt3,-5.4833465,-2.591524,4.173542540909316e-08,1.0906691231758346e-06,0.040955631399317405,0.2224622030237581
Neural Plate 2,tbc1d8b,-5.4846063,-1.2562221,4.1439186412636525e-08,1.0842260032495703e-06,0.17633674630261661,0.35205183585313177
Neural Plate 2,rffl,-5.4911256,-2.150066,3.9938013510793555e-08,1.046203352723921e-06,0.06370875995449374,0.24406047516198703
Neural Plate 2,numb,-5.5049796,-1.1942444,3.6921068605357744e-08,9.71839129116419e-07,0.23208191126279865,0.39740820734341253
Neural Plate 2,dnah5,-5.511203,-1.2447767,3.563893847478367e-08,9.414979133877173e-07,0.25597269624573377,0.41252699784017277
Neural Plate 2,cant1,-5.5116477,-2.505996,3.55490288655831e-08,9.402610410616835e-07,0.05005688282138794,0.23110151187904968
Neural Plate 2,ddr1,-5.5761027,-1.3248931,2.4596693148235507e-08,6.593666353656598e-07,0.20819112627986347,0.3779697624190065
Neural Plate 2,ndfip2,-5.590105,-1.0540677,2.2693250932293117e-08,6.113449735723063e-07,0.22866894197952217,0.4103671706263499
Neural Plate 2,nphp1,-5.5941057,-4.2734895,2.21762042012219e-08,5.981544522557022e-07,0.013651877133105802,0.19870410367170627
Neural Plate 2,slc38a10,-5.5966244,-1.0678556,2.185654253941309e-08,5.902618994462043e-07,0.2901023890784983,0.4470842332613391
Neural Plate 2,LOC100145165,-5.6032925,-1.7714565,2.103181878098788e-08,5.686930825525855e-07,0.13879408418657566,0.31101511879049676
Neural Plate 2,syt8,-5.6289263,-2.6659265,1.813350874575842e-08,4.927662445095821e-07,0.04436860068259386,0.22894168466522677
Neural Plate 2,alpl,-5.6349273,-1.522182,1.7513244163739354e-08,4.776956261211955e-07,0.1547212741751991,0.3304535637149028
Neural Plate 2,snap23,-5.6678214,-1.1237833,1.4462462840934051e-08,3.9596662691596227e-07,0.23435722411831628,0.4038876889848812
Neural Plate 2,scfd1,-5.6722665,-1.1485571,1.409204920073659e-08,3.863098060418004e-07,0.23435722411831628,0.4060475161987041
Neural Plate 2,myo6,-5.688788,-1.3171731,1.2794435441633046e-08,3.516213800653334e-07,0.21046643913538113,0.38228941684665224
Neural Plate 2,ccdc125,-5.7204227,-1.7578123,1.0625941876476092e-08,2.946234786360671e-07,0.1012514220705347,0.28725701943844495
Neural Plate 2,spdef,-5.7383513,-2.5968432,9.560254497536832e-09,2.6779757816527757e-07,0.048919226393629126,0.23758099352051837
Neural Plate 2,ovol2,-5.7496867,-1.1622313,8.940898082737652e-09,2.514166714734772e-07,0.2514220705346985,0.42548596112311016
Neural Plate 2,cmtm4,-5.754132,-1.6436223,8.708816219741375e-09,2.4520655320126006e-07,0.17747440273037543,0.34773218142548595
Neural Plate 2,upk3a,-5.7736163,-2.1181674,7.758789510062537e-09,2.1930640660501891e-07,0.07508532423208192,0.2634989200863931
Neural Plate 2,tspan3,-5.785174,-1.9191319,7.243730856719694e-09,2.0554675035693166e-07,0.08418657565415244,0.27429805615550756
Neural Plate 2,pgap6,-5.814068,-2.0652103,6.097275533027943e-09,1.7391980314536307e-07,0.09442548350398179,0.2786177105831533
Neural Plate 2,LOC100495980,-5.8173275,-3.5730128,5.979593714537918e-09,1.7078627545148155e-07,0.027303754266211604,0.21814254859611232
Neural Plate 2,nedd4,-5.823032,-1.1707287,5.778945522563176e-09,1.6548867486594628e-07,0.24800910125142206,0.42332613390928725
Neural Plate 2,ess2,-5.8377013,-1.1070961,5.292597403014994e-09,1.5176053604624203e-07,0.2582480091012514,0.4298056155507559
Neural Plate 2,frmd6,-5.853852,-1.0744908,4.803161714920607e-09,1.384541503055252e-07,0.29692832764505117,0.46004319654427644
Neural Plate 2,slc25a1,-5.854074,-1.3590876,4.796743630472225e-09,1.384520406885376e-07,0.19112627986348124,0.3714902807775378
Neural Plate 2,tmed5,-5.876967,-2.0179698,4.1785175535398944e-09,1.2124924406355591e-07,0.08191126279863481,0.27429805615550756
Neural Plate 2,gin1,-5.889043,-1.3638214,3.884385058157499e-09,1.1331706731825505e-07,0.1899886234357224,0.3758099352051836
Neural Plate 2,LOC100216037,-5.905638,-3.7528841,3.512840110098179e-09,1.0275292767084767e-07,0.02161547212741752,0.2159827213822894
Neural Plate 2,oxr1,-5.9151955,-1.0256075,3.3148182739894783e-09,9.735215283542989e-08,0.2844141069397042,0.468682505399568
Neural Plate 2,angpt4,-5.916529,-3.9835954,3.288066227195536e-09,9.669662148737708e-08,0.027303754266211604,0.2203023758099352
Neural Plate 2,grik2,-5.933124,-3.2275834,2.9722370430509574e-09,8.77634431886535e-08,0.034129692832764506,0.22894168466522677
Neural Plate 2,tnk2l,-5.955498,-2.7348924,2.592805576329091e-09,7.708121318947834e-08,0.04550625711035267,0.24190064794816415
Neural Plate 2,syne4,-6.0015798,-4.4841247,1.95406648106473e-09,5.8490651143091184e-08,0.013651877133105802,0.21166306695464362
Neural Plate 2,LOC108648340,-6.0112853,-4.5667415,1.8405818004489405e-09,5.5169416851093864e-08,0.019340159271899887,0.2159827213822894
Neural Plate 2,anxa2,-6.02914,-1.6961105,1.6483438308987882e-09,4.961173894350684e-08,0.1410693970420933,0.3282937365010799
Neural Plate 2,slc17a9,-6.0313625,-2.3155072,1.6258286847415867e-09,4.900166813500852e-08,0.06598407281001138,0.2634989200863931
Neural Plate 2,ntan1,-6.05307,-3.2049623,1.4211113623650917e-09,4.306954310856759e-08,0.02844141069397042,0.22894168466522677
Neural Plate 2,ppp1r14a,-6.0897427,-2.5877082,1.1309234667350375e-09,3.456285849807458e-08,0.048919226393629126,0.2505399568034557
Neural Plate 2,elovl7,-6.0915947,-2.548219,1.1179136051931882e-09,3.421317360297414e-08,0.0671217292377702,0.2634989200863931
Neural Plate 2,cope,-6.1581984,-1.2336533,7.357717326706031e-10,2.3001826616912936e-08,0.1956769055745165,0.39740820734341253
Neural Plate 2,znf238.2,-6.1607914,-1.0934746,7.238230701262777e-10,2.2693309214404463e-08,0.24800910125142206,0.4427645788336933
Neural Plate 2,ptk2b,-6.1909447,-1.3173261,5.980477833200495e-10,1.8776979395434244e-08,0.20819112627986347,0.39956803455723544
Neural Plate 2,acer3,-6.1951675,-1.3841466,5.822312230434493e-10,1.830672553030419e-08,0.19340159271899887,0.38228941684665224
Neural Plate 2,stk24,-6.2017612,-1.2653208,5.583480505176077e-10,1.7606521402232252e-08,0.24004550625711035,0.42116630669546434
Neural Plate 2,slc41a2,-6.233692,-1.7372237,4.555676780678803e-10,1.4476924529414536e-08,0.11604095563139932,0.31965442764578833
Neural Plate 2,cab39l,-6.2682166,-2.0238814,3.6520693055396327e-10,1.165084858423689e-08,0.12741751990898748,0.3174946004319654
Neural Plate 2,slc43a2,-6.3292637,-1.094114,2.4633410427918127e-10,7.963342947371873e-09,0.3094425483503982,0.490280777537797
Neural Plate 2,ncoa1,-6.3354125,-1.6502225,2.367068444710325e-10,7.686279841075e-09,0.13765642775881684,0.3412526997840173
Neural Plate 2,LOC100486640,-6.352675,-2.480731,2.1160278417122779e-10,6.9122520260484454e-09,0.07167235494880546,0.27645788336933047
Neural Plate 2,morc1,-6.36727,-4.1870127,1.9242256499590584e-10,6.304583769933425e-09,0.013651877133105802,0.22462203023758098
Neural Plate 2,zfp36l2,-6.3817167,-1.1033798,1.751138200040245e-10,5.763436902425066e-09,0.27303754266211605,0.46220302375809935
Neural Plate 2,rgl3,-6.405128,-1.0085944,1.502434250650076e-10,4.990048368863822e-09,0.38794084186575656,0.5377969762419006
Neural Plate 2,klf17,-6.4120917,-1.8949842,1.4353620466502437e-10,4.774548051822404e-09,0.15699658703071673,0.34557235421166305
Neural Plate 2,efnb1,-6.4329844,-1.1318183,1.2512259011489568e-10,4.18116391867862e-09,0.2571103526734926,0.46004319654427644
Neural Plate 2,pitpnc1l,-6.466175,-1.0213728,1.0051471222330722e-10,3.3900023731449565e-09,0.33674630261660976,0.5248380129589633
Neural Plate 2,copb1,-6.477436,-1.3740934,9.329429509242681e-11,3.1562400204834812e-09,0.18657565415244595,0.38876889848812096
Neural Plate 2,LOC100497338,-6.4795847,-2.350597,9.19755175327862e-11,3.116456161619453e-09,0.08646188850967008,0.2937365010799136
Neural Plate 2,ag1,-6.490549,-2.5197902,8.552396554460707e-11,2.906882324219425e-09,0.10011376564277588,0.3023758099352052
Neural Plate 2,plekhg7,-6.5065517,-1.224265,7.689532043570092e-11,2.621769980042859e-09,0.310580204778157,0.48812095032397407
Neural Plate 2,pip4k2c,-6.5274444,-1.7469283,6.690138617886471e-11,2.288174212866782e-09,0.1422070534698521,0.34557235421166305
Neural Plate 2,cntrl,-6.5404835,-1.3324627,6.132028120345227e-11,2.1005806218846658e-09,0.2241183162684869,0.4146868250539957
Neural Plate 2,sec16a,-6.545818,-1.0344077,5.917073791186e-11,2.0301331320356873e-09,0.31285551763367464,0.5053995680345572
Neural Plate 2,sgms1,-6.546929,-2.2792704,5.873228378492526e-11,2.018263251135203e-09,0.09215017064846416,0.3002159827213823
Neural Plate 2,iffo2,-6.561524,-1.5421069,5.326061740976284e-11,1.8447617976165633e-09,0.18657565415244595,0.38228941684665224
Neural Plate 2,tab2,-6.591751,-1.2034614,4.346687430482301e-11,1.5224569248885118e-09,0.24004550625711035,0.4427645788336933
Neural Plate 2,slc6a9,-6.5994563,-2.0228126,4.1266886729718104e-11,1.4477246548700623e-09,0.1422070534698521,0.3434125269978402
Neural Plate 2,rab11fip1,-6.6270905,-2.0792165,3.423682243623766e-11,1.2030301165557842e-09,0.10238907849829351,0.31317494600431967
Neural Plate 2,ugt3a2,-6.645834,-1.9390045,3.0150466913306327e-11,1.066310111045798e-09,0.1558589306029579,0.35853131749460043
Neural Plate 2,ogfod2,-6.6863594,-1.1898156,2.2879089358515368e-11,8.157591648564768e-10,0.25597269624573377,0.46436285097192226
Neural Plate 2,pi4k2b,-6.695472,-1.4954362,2.149767308005268e-11,7.677589595414559e-10,0.1751990898748578,0.38876889848812096
Neural Plate 2,lifr,-6.703399,-1.545862,2.0362625189997982e-11,7.284144988048294e-10,0.17064846416382254,0.38444924406047515
Neural Plate 2,LOC100487973,-6.7148085,-2.7550917,1.883134545952936e-11,6.758532718295891e-10,0.05688282138794084,0.27429805615550756
Neural Plate 2,cracr2a,-6.7174754,-3.8634303,1.8489979516207073e-11,6.646949637943238e-10,0.026166097838452786,0.24622030237580994
Neural Plate 2,hip1r,-6.7244396,-1.201246,1.7626946296862025e-11,6.347155035376671e-10,0.32081911262798635,0.5010799136069114
Neural Plate 2,rell1,-6.736071,-2.1098332,1.6272658313412506e-11,5.888651360812178e-10,0.09670079635949944,0.31317494600431967
Neural Plate 2,pfkp,-6.7364416,-2.1014416,1.6231246441277056e-11,5.886421560467236e-10,0.1422070534698521,0.3434125269978402
Neural Plate 2,sec24d,-6.7417016,-2.0776026,1.5654217672685967e-11,5.693178063928008e-10,0.11376564277588168,0.326133909287257
Neural Plate 2,rrbp1,-6.745406,-1.5043309,1.5259964435314495e-11,5.559059832103466e-10,0.2502844141069397,0.4319654427645788
Neural Plate 2,LOC100497952,-6.76452,-4.6475334,1.3375159384788642e-11,4.880591186211923e-10,0.020477815699658702,0.24190064794816415
Neural Plate 2,cap1,-6.782301,-1.7247347,1.1827670793518472e-11,4.3303960467343383e-10,0.13765642775881684,0.3542116630669546
Neural Plate 2,pld3,-6.8178625,-1.8421031,9.240506761887707e-12,3.4060320616748587e-10,0.12514220705346984,0.3412526997840173
Neural Plate 2,ssr3,-6.8249745,-1.3357655,8.794080982088543e-12,3.2469651626083606e-10,0.20705346985210465,0.42116630669546434
Neural Plate 2,znf519,-6.8521643,-1.2781934,7.27409085035357e-12,2.7086678574328544e-10,0.23208191126279865,0.4449244060475162
Neural Plate 2,lima1,-6.8547573,-1.039118,7.143364973205384e-12,2.669098751375251e-10,0.38680318543799774,0.5637149028077754
Neural Plate 2,ildr1,-6.8591285,-2.9395847,6.928191287516812e-12,2.597595568469147e-10,0.04209328782707622,0.2678185745140389
Neural Plate 2,rpn2,-6.8918004,-1.340779,5.509059414060941e-12,2.0762208199347805e-10,0.19795221843003413,0.42116630669546434
Neural Plate 2,ikzf2,-6.9055805,-2.182183,4.999852552752449e-12,1.8941281693335278e-10,0.11035267349260523,0.32397408207343414
Neural Plate 2,grk6,-6.955885,-2.0933213,3.5035525488867468e-12,1.341245967881714e-10,0.11717861205915814,0.3347732181425486
Neural Plate 2,cfap61,-6.9718876,-2.2932417,3.1271600316756503e-12,1.2056141175122678e-10,0.07963594994311718,0.30669546436285094
Neural Plate 2,stim1,-6.9982624,-1.0259814,2.591562551155255e-12,1.0044491372781318e-10,0.36860068259385664,0.5615550755939525
Neural Plate 2,aldh1l1,-7.0290823,-1.8516008,2.0789624597224802e-12,8.134252837932369e-11,0.2025028441410694,0.4017278617710583
Neural Plate 2,mfge8,-7.0780535,-1.1226523,1.461934191867347e-12,5.7791423914379307e-11,0.3185437997724687,0.5183585313174947
Neural Plate 2,tbc1d14,-7.07872,-1.1110111,1.454918491868707e-12,5.7618468985602636e-11,0.32195676905574516,0.531317494600432
Neural Plate 2,epb41l5,-7.0849433,-1.0227268,1.3910114174361011e-12,5.518774570886029e-11,0.3731513083048919,0.5701943844492441
Neural Plate 2,slc44a2,-7.151621,-1.8849006,8.57590545596404e-13,3.459054213578398e-11,0.13196814562002276,0.35853131749460043
Neural Plate 2,copb2,-7.169624,-1.2027574,7.520402620385512e-13,3.0559163050173607e-11,0.2821387940841866,0.48812095032397407
Neural Plate 2,ssbp2,-7.1882195,-1.4579631,6.564160263398258e-13,2.677318525375951e-11,0.2150170648464164,0.43628509719222464
Neural Plate 2,hes4,-7.1897755,-1.5254272,6.489796087327672e-13,2.6519445771830922e-11,0.1751990898748578,0.4060475161987041
Neural Plate 2,chpf,-7.2299304,-1.1983757,4.832422833955023e-13,1.9933515814694246e-11,0.3503981797497156,0.5291576673866091
Neural Plate 2,krt7,-7.240969,-1.2681937,4.454900036773768e-13,1.84110556254622e-11,0.44141069397042093,0.5982721382289417
Neural Plate 2,LOC100492852,-7.2698627,-1.4772736,3.598530326307241e-13,1.495686290482863e-11,0.378839590443686,0.5593952483801296
Neural Plate 2,cldn7,-7.273567,-1.588955,3.5011695127828236e-13,1.460784320046539e-11,0.15358361774744028,0.3930885529157667
Neural Plate 2,trim29,-7.3007565,-1.3992817,2.86153818314577e-13,1.2054367701626225e-11,0.40386803185437997,0.5831533477321814
Neural Plate 2,kctd15,-7.3082395,-1.008985,2.7066526182872727e-13,1.1423958758925836e-11,0.4232081911262799,0.6263498920086393
Neural Plate 2,zmynd11,-7.3429856,-1.1230861,2.0888061283247505e-13,8.850454082752306e-12,0.38794084186575656,0.5593952483801296
Neural Plate 2,gpa33,-7.3518023,-2.4376576,1.955521674958113e-13,8.334265326027537e-12,0.07849829351535836,0.3174946004319654
Neural Plate 2,tfap2a,-7.386104,-1.0170883,1.511934837388688e-13,6.481715144726633e-12,0.5051194539249146,0.6803455723542117
Neural Plate 2,entpd4,-7.407811,-1.2817614,1.284007905250574e-13,5.526299112519285e-12,0.267349260523322,0.4838012958963283
Neural Plate 2,pla2g7,-7.4285555,-3.1580453,1.0979002511379204e-13,4.75342884525408e-12,0.03981797497155859,0.28509719222462204
Neural Plate 2,ssr2,-7.4562635,-1.193183,8.901047855543937e-14,3.876841621872739e-12,0.29692832764505117,0.5183585313174947
Neural Plate 2,arhgap27,-7.5280533,-2.0103025,5.150235483485478e-14,2.257972998041034e-12,0.13651877133105803,0.3714902807775378
Neural Plate 2,rnf123,-7.5412407,-1.189465,4.655209819017027e-14,2.0604732953503155e-12,0.31968145620022753,0.5291576673866091
Neural Plate 2,slc16a12,-7.552131,-1.152387,4.281922341586991e-14,1.902970008467815e-12,0.3265073947667804,0.5485961123110151
Neural Plate 2,uba5,-7.558355,-2.2043755,4.081999055237842e-14,1.821539905610326e-12,0.1012514220705347,0.3434125269978402
Neural Plate 2,creb3l2,-7.560207,-1.2441008,4.0242910263759734e-14,1.7994683296424204e-12,0.32081911262798635,0.531317494600432
Neural Plate 2,ap1g1,-7.5616145,-1.2373939,3.98097018277145e-14,1.783752574091495e-12,0.3117178612059158,0.5205183585313174
Neural Plate 2,atp13a2,-7.5657635,-2.6496577,3.855937840943487e-14,1.7312843544697086e-12,0.07849829351535836,0.31965442764578833
Neural Plate 2,cpne1,-7.591249,-2.3166583,3.1683662219457457e-14,1.4343759196904174e-12,0.09670079635949944,0.3390928725701944
Neural Plate 2,ssr1,-7.598361,-1.168755,2.99904282208057e-14,1.3605428985575907e-12,0.32195676905574516,0.5464362850971922
Neural Plate 2,LOC100492758,-7.60414,-2.858909,2.868048033154858e-14,1.3065485622436777e-12,0.05688282138794084,0.3045356371490281
Neural Plate 2,srpra,-7.611178,-1.6594094,2.7160859343451447e-14,1.242509668204306e-12,0.18430034129692832,0.4146868250539957
Neural Plate 2,LOC100492479,-7.6236987,-4.1959295,2.4650836684291932e-14,1.1300544270754922e-12,0.02161547212741752,0.27213822894168466
Neural Plate 2,rap1gap2,-7.6278477,-1.3537976,2.387056299583621e-14,1.0965885371202987e-12,0.31399317406143346,0.5205183585313174
Neural Plate 2,nipal2,-7.6417017,-1.0078077,2.1436943252580775e-14,9.889546273035203e-13,0.41638225255972694,0.6285097192224622
Neural Plate 2,tpm1,-7.6603713,-1.1786476,1.8539614577989824e-14,8.571036646320254e-13,0.3503981797497156,0.5529157667386609
Neural Plate 2,b3gnt3.2,-7.6605935,-1.7720356,1.8507555641340483e-14,8.571036646320254e-13,0.1956769055745165,0.4146868250539957
Neural Plate 2,zcchc4,-7.6704473,-2.2273266,1.7139779862168322e-14,7.957598646220744e-13,0.09101251422070535,0.3412526997840173
Neural Plate 2,cpne3,-7.671114,-1.1768974,1.7050903286267294e-14,7.933214511932593e-13,0.3162684869169511,0.5464362850971922
Neural Plate 2,kiaa1324,-7.6974144,-2.144444,1.3884689449411811e-14,6.501669709777148e-13,0.16040955631399317,0.3952483801295896
Neural Plate 2,LOC100216141,-7.706601,-2.7285552,1.2921274882901535e-14,6.063551381070847e-13,0.07053469852104664,0.31965442764578833
Neural Plate 2,tspan1,-7.7391253,-4.5480323,1.0010324883417407e-14,4.707657312091622e-13,0.017064846416382253,0.27213822894168466
Neural Plate 2,ccdc186,-7.7652035,-1.593869,8.151426174781952e-15,3.8500491463185495e-13,0.20477815699658702,0.4406047516198704
Neural Plate 2,dnajb11,-7.772908,-1.2290958,7.670418883753652e-15,3.6307204004856493e-13,0.3822525597269625,0.5788336933045356
Neural Plate 2,hook2,-7.8126187,-1.0105162,5.6011863067591224e-15,2.6686350742312405e-13,0.4311717861205916,0.6371490280777538
Neural Plate 2,sipa1l3,-7.817212,-1.2592627,5.400609722653071e-15,2.578702511116251e-13,0.31399317406143346,0.5377969762419006
Neural Plate 2,acacb,-7.8541813,-1.8615533,4.023926165626716e-15,1.934054908813669e-13,0.1547212741751991,0.39956803455723544
Neural Plate 2,upk1a,-7.856107,-2.6731553,3.96255619105798e-15,1.912985368253898e-13,0.07281001137656427,0.326133909287257
Neural Plate 2,galnt7,-7.864257,-1.0295866,3.712951735621511e-15,1.7964594195786476e-13,0.5870307167235495,0.714902807775378
Neural Plate 2,hspa5,-7.8875937,-2.269327,3.080681615553085e-15,1.5072545635198175e-13,0.09897610921501707,0.35205183585313177
Neural Plate 2,sacm1l,-7.9077454,-1.8543711,2.6209206169634116e-15,1.2968505392915784e-13,0.17064846416382254,0.4103671706263499
Neural Plate 2,kit,-8.026358,-1.2812203,1.0040930738627706e-15,5.0368540148872456e-14,0.3640500568828214,0.572354211663067
Neural Plate 2,ap3b1,-8.042212,-1.602566,8.823107162891142e-16,4.4361525668536314e-14,0.2992036405005688,0.5032397408207343
Neural Plate 2,rin3,-8.048583,-1.101454,8.375781043002476e-16,4.2307388458184495e-14,0.4459613196814562,0.6263498920086393
Neural Plate 2,kif5a,-8.106593,-3.4596317,5.205889056822857e-16,2.647965154054349e-14,0.06029579067121729,0.31965442764578833
Neural Plate 2,sgpl1,-8.109556,-1.4013209,5.080488817139963e-16,2.5902183756731573e-14,0.27986348122866894,0.5075593952483801
Neural Plate 2,dsc3,-8.1179285,-2.12685,4.742093375500912e-16,2.4290427123663238e-14,0.11376564277588168,0.37365010799136067
Neural Plate 2,pick1,-8.144673,-2.233127,3.803073065445452e-16,1.9618642402147804e-14,0.10238907849829351,0.3650107991360691
Neural Plate 2,golph3l,-8.14697,-2.5202162,3.731562768664982e-16,1.9295362837686866e-14,0.11376564277588168,0.3650107991360691
Neural Plate 2,axl,-8.158675,-2.0789301,3.3871799036949207e-16,1.7556212037654837e-14,0.1285551763367463,0.38444924406047515
Neural Plate 2,lpin2,-8.176456,-1.4313803,2.9231344595935685e-16,1.525974091932805e-14,0.2901023890784983,0.5248380129589633
Neural Plate 2,arfip2,-8.182087,-1.7710121,2.7896982522499517e-16,1.4598082868668152e-14,0.17633674630261661,0.4298056155507559
Neural Plate 2,mpzl1,-8.207202,-1.0247282,2.2640228468176017e-16,1.190439579286913e-14,0.42889647326507396,0.652267818574514
Neural Plate 2,kitlg,-8.208684,-2.1488364,2.2362622006611787e-16,1.1786830309330333e-14,0.16837315130830488,0.41252699784017277
Neural Plate 2,satpa,-8.267731,-3.8011198,1.365329965503301e-16,7.21376880805025e-15,0.08418657565415244,0.3390928725701944
Neural Plate 2,krt12.3,-8.269435,-1.6051935,1.3459581650563792e-16,7.128677941673603e-15,0.3435722411831627,0.5485961123110151
Neural Plate 2,erbb2,-8.289364,-1.971388,1.1385583067266618e-16,6.05962946611768e-15,0.15017064846416384,0.408207343412527
Neural Plate 2,wwc1,-8.320036,-2.2983506,8.79369793767647e-17,4.7031196739715256e-15,0.11035267349260523,0.37365010799136067
Neural Plate 2,lyn,-8.343299,-1.4919374,7.224644986319521e-17,3.892567364110575e-15,0.25483503981797495,0.5010799136069114
Neural Plate 2,clint1,-8.363747,-1.4891696,6.07574526975292e-17,3.2816543943385756e-15,0.310580204778157,0.5421166306695464
Neural Plate 2,slc35d2,-8.392862,-2.4768152,4.7444724098628825e-17,2.5753515536223373e-15,0.10352673492605233,0.367170626349892
Neural Plate 2,sh3d19,-8.394122,-1.4476365,4.693895563586245e-17,2.5542517479554975e-15,0.25369738339021614,0.5118790496760259
Neural Plate 2,smap1,-8.403753,-1.7013505,4.324318631951801e-17,2.359023921695506e-15,0.25369738339021614,0.490280777537797
Neural Plate 2,pdia4,-8.414718,-2.2507906,3.938421056380502e-17,2.1593036651075106e-15,0.12741751990898748,0.38876889848812096
Neural Plate 2,grhl1,-8.457392,-1.5650593,2.734249332437994e-17,1.5298475559776786e-15,0.45164960182025027,0.6263498920086393
Neural Plate 2,gnb5,-8.466652,-3.9858978,2.5254675624294983e-17,1.4166639506368659e-15,0.02844141069397042,0.30669546436285094
Neural Plate 2,esyt2,-8.47006,-1.5278234,2.4526630857123992e-17,1.379370133848718e-15,0.2445961319681456,0.49892008639308855
Neural Plate 2,rasa4,-8.496139,-3.8375523,1.9600205050568477e-17,1.105157815008927e-15,0.03526734926052332,0.31317494600431967
Neural Plate 2,tmod3,-8.507252,-1.2500626,1.7810496180273398e-17,1.0094619146746644e-15,0.3321956769055745,0.5788336933045356
Neural Plate 2,osbpl2,-8.519476,-2.0403707,1.602772223051923e-17,9.107836635212504e-16,0.2241183162684869,0.45788336933045354
Neural Plate 2,rnf31,-8.523477,-1.7243001,1.548343883677869e-17,8.844610441291828e-16,0.20022753128555176,0.45788336933045354
Neural Plate 2,LOC100497175,-8.557112,-2.307136,1.1573056192593596e-17,6.663210004712001e-16,0.1080773606370876,0.38444924406047515
Neural Plate 2,mob2.2,-8.569262,-1.8498104,1.0415062677776575e-17,6.012356684967266e-16,0.16723549488054607,0.43628509719222464
Neural Plate 2,gbf1,-8.57104,-1.9344211,1.0255484022347275e-17,5.935939439035541e-16,0.17406143344709898,0.43628509719222464
Neural Plate 2,sec23b,-8.58193,-1.0044059,9.329406380536876e-18,5.428719376791871e-16,0.46757679180887374,0.6803455723542117
Neural Plate 2,stt3a,-8.585931,-1.6992117,9.010367149700216e-18,5.257091485925359e-16,0.2161547212741752,0.46652267818574517
Neural Plate 2,LOC100487159,-8.589487,-1.8715435,8.73583174142862e-18,5.110578671037906e-16,0.1945392491467577,0.44924406047516197
Neural Plate 2,elf1,-8.5936365,-2.5864854,8.425961582761925e-18,4.942551282189462e-16,0.09670079635949944,0.367170626349892
Neural Plate 2,tspan13,-8.603193,-2.199424,7.752831814654881e-18,4.572284946691464e-16,0.1422070534698521,0.4038876889848812
Neural Plate 2,slc33a1,-8.615343,-2.1427846,6.973231516438217e-18,4.1316628964076575e-16,0.11831626848691695,0.39740820734341253
Neural Plate 2,LOC116407738,-8.6452,-2.4683285,5.3711091517957324e-18,3.2022670164299096e-16,0.07849829351535836,0.3650107991360691
Neural Plate 2,slc10a7,-8.652016,-1.1075841,5.0597534864766794e-18,3.024900844613907e-16,0.4948805460750853,0.6868250539956804
Neural Plate 2,map7,-8.676242,-2.528505,4.090603803537873e-18,2.465775292734805e-16,0.11831626848691695,0.38660907127429806
Neural Plate 2,fhod1,-8.724176,-1.8173678,2.6812569076397892e-18,1.6297411415489648e-16,0.23777019340159272,0.48812095032397407
Neural Plate 2,efna4,-8.736845,-1.3378085,2.3971144991049965e-18,1.4611015498595008e-16,0.3503981797497156,0.5874730021598272
Neural Plate 2,cat1,-8.756107,-3.3644397,2.021094474634914e-18,1.2353586143139624e-16,0.04664391353811149,0.3326133909287257
Neural Plate 2,irf6,-8.764109,-1.2435316,1.882603755548485e-18,1.1539409143208846e-16,0.34584755403868034,0.6025917926565875
Neural Plate 2,snx33,-8.776481,-1.4563043,1.6866932111370031e-18,1.0367699312738181e-16,0.24800910125142206,0.5183585313174947
Neural Plate 2,nfxl1,-8.801597,-1.9791486,1.348837528291685e-18,8.33795572375435e-17,0.16040955631399317,0.4298056155507559
Neural Plate 2,tbc1d30,-8.830119,-2.4998112,1.04564034695695e-18,6.519119431699317e-17,0.10693970420932879,0.38444924406047515
Neural Plate 2,mob4,-8.8429365,-1.1241482,9.323536287558862e-19,5.829480955037877e-17,0.4539249146757679,0.6609071274298056
Neural Plate 2,hacl1,-8.884351,-3.60855,6.429525451683786e-19,4.0431894778441465e-17,0.03981797497155859,0.3304535637149028
Neural Plate 2,hyou1,-8.937915,-1.977623,3.965822329265324e-19,2.5083538854173517e-17,0.16609783845278725,0.4406047516198704
Neural Plate 2,pdia6,-8.94236,-1.8278018,3.809459290167953e-19,2.4164596270568287e-17,0.19681456200227532,0.46220302375809935
Neural Plate 2,myo5b,-8.952065,-1.8984085,3.488921601010076e-19,2.2195847887941943e-17,0.20022753128555176,0.46004319654427644
Neural Plate 2,man1a1,-8.992369,-1.3006988,2.4195930248238534e-19,1.5483266684657273e-17,0.44368600682593856,0.6393088552915767
Neural Plate 2,gas6,-8.9925165,-1.114247,2.4163323398927114e-19,1.5483266684657273e-17,0.4937428896473265,0.714902807775378
Neural Plate 2,nectin4,-9.069862,-2.3151608,1.1916724309158475e-19,7.785474285932548e-18,0.1285551763367463,0.4103671706263499
Neural Plate 2,LOC100493594,-9.103646,-2.5700016,8.734922913241215e-20,5.7238664531482445e-18,0.1149032992036405,0.3952483801295896
Neural Plate 2,scel,-9.153135,-2.850051,5.530454068070693e-20,3.645922604814822e-18,0.0875995449374289,0.3758099352051836
Neural Plate 2,atp1b2,-9.218331,-2.8441517,3.017592003872513e-20,2.0198427949847274e-18,0.07281001137656427,0.37365010799136067
Neural Plate 2,golga4,-9.224406,-1.4071826,2.8513555720073676e-20,1.9144439980545466e-18,0.4448236632536974,0.6457883369330454
Neural Plate 2,prkcd,-9.244187,-1.8812504,2.3703461360240666e-20,1.6013412704080854e-18,0.17974971558589306,0.46652267818574517
Neural Plate 2,ppl,-9.269748,-1.9032836,1.865874714580792e-20,1.2644488244368777e-18,0.2434584755403868,0.5032397408207343
Neural Plate 2,cers2,-9.329683,-2.507162,1.0618794233717506e-20,7.241022155435928e-19,0.1080773606370876,0.4038876889848812
Neural Plate 2,xbp1,-9.343907,-1.8957567,9.284285586796103e-21,6.350858802177987e-19,0.26507394766780434,0.5118790496760259
Neural Plate 2,fa2h,-9.400361,-2.3355267,5.4375991407450195e-21,3.7548686977910465e-19,0.149032992036405,0.43844492440604754
Neural Plate 2,krt18.1,-9.405918,-1.4008207,5.1578050948824e-21,3.5729671420771063e-19,0.3594994311717861,0.6090712742980562
Neural Plate 2,gad1.2,-9.462816,-2.7195601,2.9975930655157493e-21,2.096489688545486e-19,0.13310580204778158,0.4146868250539957
Neural Plate 2,tfap2c,-9.509935,-1.3124666,1.9078178924725314e-21,1.342919168762681e-19,0.5335608646188851,0.7170626349892009
Neural Plate 2,tmco1,-9.549868,-1.0115169,1.2986233217903744e-21,9.260542321826066e-20,0.5802047781569966,0.7861771058315334
Neural Plate 2,tspan15,-9.56587,-2.315213,1.1126161828061037e-21,7.986315041122364e-20,0.1217292377701934,0.4298056155507559
Neural Plate 2,mansc1,-9.569944,-2.3569713,1.0696273778132323e-21,7.703082181934833e-20,0.11945392491467577,0.42548596112311016
Neural Plate 2,cd2ap,-9.584985,-1.5193468,9.247167189283165e-22,6.68153759064066e-20,0.3424345847554039,0.6004319654427646
Neural Plate 2,acp3,-9.715006,-2.3856986,2.602343874220679e-22,1.9249405315040486e-20,0.1831626848691695,0.46436285097192226
Neural Plate 2,tm9sf2,-9.716561,-1.530167,2.5629006780526366e-22,1.908704972552443e-20,0.3321956769055745,0.5982721382289417
Neural Plate 2,tp53bp2,-9.724415,-1.0555911,2.372659948375786e-22,1.7730757785447956e-20,0.5494880546075085,0.7580993520518359
Neural Plate 2,LOC100498107,-9.729379,-3.9157934,2.2596940750701747e-22,1.6944599454332055e-20,0.05460750853242321,0.3693304535637149
Neural Plate 2,tpm4,-9.79576,-3.2068079,1.1741137741321813e-22,8.895950231020253e-21,0.07622298065984073,0.38876889848812096
Neural Plate 2,itprid1,-9.852065,-3.2784364,6.714970152575944e-23,5.105483055726818e-21,0.07394766780432309,0.38660907127429806
Neural Plate 2,rtbdn,-9.86503,-3.2317638,5.901656181352486e-23,4.502798585080161e-21,0.07281001137656427,0.38660907127429806
Neural Plate 2,palm2,-9.878959,-1.3404324,5.136389618432431e-23,3.932672205747862e-21,0.4448236632536974,0.6868250539956804
Neural Plate 2,LOC100490855,-9.916372,-2.6988976,3.533669890138888e-23,2.715077840588756e-21,0.09442548350398179,0.41252699784017277
Neural Plate 2,marveld3,-9.926818,-2.6094146,3.1824834973064156e-23,2.4538859503435793e-21,0.10011376564277588,0.4168466522678186
Neural Plate 2,mpzl2,-9.935265,-2.3175817,2.9239981929644623e-23,2.2706250736184174e-21,0.19681456200227532,0.4816414686825054
Neural Plate 2,mylk,-10.010758,-2.3848376,1.3670096713410956e-23,1.0653399299405017e-21,0.13083048919226395,0.4470842332613391
Neural Plate 2,arfgef2,-10.018463,-1.2463577,1.2645402298003217e-23,9.890154965760867e-22,0.5119453924914675,0.7429805615550756
Neural Plate 2,wasl,-10.054988,-1.3950245,8.733243683356426e-24,6.854968000522322e-22,0.41069397042093286,0.6501079913606912
Neural Plate 2,tram1,-10.082029,-1.8097502,6.634174390927222e-24,5.26415706852447e-22,0.23208191126279865,0.5334773218142549
Neural Plate 2,cpamd8,-10.083807,-1.0560024,6.5151683811022435e-24,5.188594497957374e-22,0.6518771331058021,0.8099352051835853
Neural Plate 2,gramd4,-10.098105,-1.3701138,5.6319491612398294e-24,4.501639657414444e-22,0.41751990898748575,0.673866090712743
Neural Plate 2,sgk1,-10.116628,-2.694475,4.662039863628976e-24,3.7538882606733536e-22,0.09328782707622298,0.42116630669546434
Neural Plate 2,golga2,-10.117369,-1.0697962,4.6268945610375806e-24,3.7532887069294067e-22,0.5574516496018203,0.7688984881209503
Neural Plate 2,LOC100485898,-10.1411495,-2.3955214,3.628033912259901e-24,2.9650684643978765e-22,0.15130830489192265,0.46004319654427644
Neural Plate 2,sh3d21,-10.143891,-2.5718853,3.52761863246631e-24,2.8938408337987727e-22,0.1217292377701934,0.43628509719222464
Neural Plate 2,p4hb,-10.144188,-1.3878196,3.516929217258007e-24,2.8938408337987727e-22,0.37770193401592717,0.6479481641468683
Neural Plate 2,anks6,-10.16545,-1.1404921,2.828124267183634e-24,2.3375946831141696e-22,0.6359499431171786,0.8012958963282938
Neural Plate 2,LOC100488209,-10.169822,-1.2908851,2.7040430572758187e-24,2.2435332149359562e-22,0.42775881683731515,0.712742980561555
Neural Plate 2,stard10,-10.224422,-3.5921466,1.5414336004058553e-24,1.288721172201386e-22,0.04664391353811149,0.3801295896328294
Neural Plate 2,itpr2,-10.279692,-1.1316803,8.700589144157716e-25,7.38737570874185e-23,0.571103526734926,0.7667386609071274
Neural Plate 2,LOC101732476,-10.311696,-2.4109159,6.239011641814963e-25,5.318026290470481e-23,0.13765642775881684,0.45788336933045354
Neural Plate 2,evpl,-10.453794,-2.0947137,1.407784088070383e-25,1.2141998650507443e-23,0.24118316268486917,0.5377969762419006
Neural Plate 2,gfod1,-10.501284,-2.971644,8.521374308625642e-26,7.378766221766672e-24,0.1296928327645051,0.4449244060475162
Neural Plate 2,itpkb,-10.557811,-2.1371799,4.6743473007003295e-26,4.112860179378302e-24,0.2036405005688282,0.5269978401727862
Neural Plate 2,sytl2,-10.5673685,-1.5675877,4.221760606351279e-26,3.744838950861433e-24,0.5290102389078498,0.7321814254859611
Neural Plate 2,sec61a1,-10.581296,-1.2058145,3.638880375145928e-26,3.2409799455534405e-24,0.5221843003412969,0.7429805615550756
Neural Plate 2,dst,-10.60493,-1.5317,2.8267583295607567e-26,2.5279792421862816e-24,0.4243458475540387,0.6565874730021598
Neural Plate 2,stox2,-10.675534,-1.2497064,1.324933373882997e-26,1.1965923467157944e-24,0.5437997724687145,0.7624190064794817
Neural Plate 2,rnd1,-10.738359,-1.4245701,6.72285005620036e-27,6.189844349212999e-25,0.4402730375426621,0.6889848812095032
Neural Plate 2,rab15,-10.779922,-3.0288517,4.282502740259938e-27,3.9596818769157673e-25,0.08532423208191127,0.4298056155507559
Neural Plate 2,cldn4,-10.827559,-3.7849834,2.548584011389815e-27,2.386809086374985e-25,0.04436860068259386,0.39740820734341253
Neural Plate 2,adgrf1,-10.828226,-2.9611285,2.5300967958233077e-27,2.3797087147267413e-25,0.09897610921501707,0.43844492440604754
Neural Plate 2,zfhx3,-10.886902,-1.265479,1.3309054193500808e-27,1.2626820502451352e-25,0.5278725824800911,0.755939524838013
Neural Plate 2,gcc2,-10.893644,-1.4075552,1.2359375651967597e-27,1.1777027777361786e-25,0.4402730375426621,0.6997840172786177
Neural Plate 2,pdcd6ip,-10.901868,-1.8214974,1.1291542730884181e-27,1.0806699733799287e-25,0.27303754266211605,0.5745140388768899
Neural Plate 2,plxna2,-10.930391,-1.1661547,8.249232222360151e-28,7.964889217881453e-26,0.8213879408418657,0.9049676025917927
Neural Plate 2,slc39a5,-11.028926,-2.7609668,2.7715623486919733e-28,2.712029686583298e-26,0.12059158134243458,0.46220302375809935
Neural Plate 2,mmel1,-11.069303,-2.528233,1.7677086972992382e-28,1.753325976534849e-26,0.14334470989761092,0.4838012958963283
Neural Plate 2,gadd45a,-11.145093,-2.3460612,7.566532141937522e-29,7.573821003175168e-27,0.18771331058020477,0.5183585313174947
Neural Plate 2,hpdl,-11.268965,-1.9424772,1.867520039033594e-29,1.9042595687734605e-27,0.2354948805460751,0.5658747300215983
Neural Plate 2,metrnl,-11.30749,-1.236365,1.2048713062783478e-29,1.2460425011516506e-27,0.5119453924914675,0.7775377969762419
Neural Plate 2,hsp90b1,-11.3276415,-1.4910982,9.574837562061787e-30,9.949168116273822e-28,0.4141069397042093,0.6997840172786177
Neural Plate 2,lekr1,-11.33305,-2.3359802,9.001493678649769e-30,9.398162371378784e-28,0.1899886234357224,0.5248380129589633
Neural Plate 2,dop1b,-11.396689,-2.917565,4.343206413624128e-30,4.55639938229289e-28,0.13196814562002276,0.47516198704103674
Neural Plate 2,f11r,-11.410248,-2.1674993,3.7166985689797696e-30,3.917974853802297e-28,0.1831626848691695,0.531317494600432
Neural Plate 2,cep170b,-11.474406,-1.5561751,1.7739103245343234e-30,1.888219375203096e-28,0.42093287827076226,0.6997840172786177
Neural Plate 2,grhl3,-11.507523,-1.8185037,1.2090141064179947e-30,1.2932302360856402e-28,0.45164960182025027,0.6911447084233261
Neural Plate 2,atg2a,-11.570422,-2.9653072,5.819566020562651e-31,6.286571788846416e-29,0.10580204778156997,0.468682505399568
Neural Plate 2,tdgf1.3,-11.618578,-2.3784232,3.3160899840369963e-31,3.6180199770835644e-29,0.15130830489192265,0.5140388768898488
Neural Plate 2,elovl3,-11.65214,-2.7908785,2.2376985736210264e-31,2.478620333755554e-29,0.15244596131968147,0.5010799136069114
Neural Plate 2,LOC100496743,-11.658585,-1.5234874,2.0746201407935686e-31,2.3097084740947172e-29,0.3981797497155859,0.6846652267818575
Neural Plate 2,rasef,-11.841504,-2.6605403,2.3814438772472415e-32,2.7641216407134074e-30,0.12400455062571103,0.49676025917926564
Neural Plate 2,sytl5,-11.869804,-3.384191,1.6986373307316904e-32,1.992793827628829e-30,0.09101251422070535,0.46220302375809935
Neural Plate 2,rbbp8nl,-12.022718,-3.465433,2.699410237015449e-33,3.2012951511909848e-31,0.07508532423208192,0.45788336933045354
Neural Plate 2,capn13,-12.040425,-2.3250625,2.178295885545559e-33,2.5974095365294887e-31,0.2764505119453925,0.5809935205183585
Neural Plate 2,marveld2,-12.06969,-2.6437943,1.5270954858830464e-33,1.8410359446107159e-31,0.11831626848691695,0.5075593952483801
Neural Plate 2,calr,-12.084803,-1.1262827,1.2707434261479006e-33,1.5404940167762966e-31,0.7679180887372014,0.8920086393088553
Neural Plate 2,tjp2,-12.204378,-1.2920765,2.9454987599760987e-34,3.5907110861138803e-32,0.7121729237770194,0.8509719222462203
Neural Plate 2,stk10,-12.255646,-1.6407684,1.5669576661068246e-34,1.9317843633964418e-32,0.44368600682593856,0.7451403887688985
Neural Plate 2,gnb3,-12.292393,-2.7125335,9.951615420332895e-35,1.233830682312978e-32,0.16723549488054607,0.531317494600432
Neural Plate 2,nos2,-12.307729,-4.3082566,8.230708338174475e-35,1.0262987808417442e-32,0.04778156996587031,0.4427645788336933
Neural Plate 2,slc39a11,-12.334845,-1.6827328,5.880258476226732e-35,7.416943364725059e-33,0.3993174061433447,0.6997840172786177
Neural Plate 2,rapgef2,-12.375443,-1.2440267,3.5492863619253005e-35,4.529179982665028e-33,0.6313993174061433,0.8185745140388769
Neural Plate 2,uso1,-12.427304,-1.5672915,1.8579568634997548e-35,2.384851571672244e-33,0.4539249146757679,0.7365010799136069
Neural Plate 2,hal.1,-12.467607,-1.9748983,1.1214373403665192e-35,1.4566002502462985e-33,0.31399317406143346,0.6501079913606912
Neural Plate 2,muc4,-12.491166,-1.8938105,8.342180863286858e-36,1.090028315076542e-33,0.515358361774744,0.7645788336933045
Neural Plate 2,stard13,-12.491611,-1.071065,8.295696539398773e-36,1.090028315076542e-33,0.8361774744027304,0.937365010799136
Neural Plate 2,upk1b,-12.526505,-3.2611642,5.3467182338154405e-36,7.07095385333859e-34,0.08418657565415244,0.4838012958963283
Neural Plate 2,atf6,-12.538285,-1.6555268,4.6086112704917736e-36,6.131982105695183e-34,0.4482366325369738,0.712742980561555
Neural Plate 2,mtrr,-12.662601,-1.111675,9.52881059719241e-37,1.2914793542940097e-34,0.7610921501706485,0.9006479481641468
Neural Plate 2,prickle2,-12.7292795,-1.196902,4.065740635588936e-37,5.579781535168941e-35,0.8703071672354948,0.9114470842332614
Neural Plate 2,stx3,-12.761655,-3.419543,2.6843610195650352e-37,3.707306443539787e-35,0.08191126279863481,0.48812095032397407
Neural Plate 2,atp12a-like,-12.771583,-3.4393272,2.3630023587039806e-37,3.284272259189781e-35,0.10352673492605233,0.5010799136069114
Neural Plate 2,trpv5,-12.899307,-3.4169476,4.5416063897177264e-38,6.393702776131001e-36,0.08418657565415244,0.4924406047516199
Neural Plate 2,tmem164,-13.040368,-2.3556447,7.210850651025625e-39,1.028418118013269e-36,0.2901023890784983,0.6414686825053996
Neural Plate 2,ripk4,-13.159573,-1.9599248,1.499319087969785e-39,2.1524106459597815e-37,0.29465301478953354,0.6587473002159827
Neural Plate 2,nek2,-13.178983,-2.129259,1.1594318102539084e-39,1.675494141162287e-37,0.34015927189988626,0.673866090712743
Neural Plate 2,unc80,-13.241957,-4.071126,5.022331021623679e-40,7.306152348190021e-38,0.06825938566552901,0.48812095032397407
Neural Plate 2,sec24c,-13.27411,-1.0771654,3.2713556237440197e-40,4.790889333269681e-38,0.782707622298066,0.9244060475161987
Neural Plate 2,rhpn2,-13.281445,-2.4984372,2.966170655365903e-40,4.3732979642391466e-38,0.19795221843003413,0.5896328293736501
Neural Plate 2,abo.3,-13.321377,-2.451535,1.7387111963783425e-40,2.616580483873918e-38,0.23777019340159272,0.6090712742980562
Neural Plate 2,ezr,-13.381461,-3.576004,7.760696360299484e-41,1.1760149672089933e-38,0.07963594994311718,0.5053995680345572
Neural Plate 2,krt70,-13.423542,-2.0517232,4.4016333220014694e-41,6.763946529534793e-39,0.5722411831626849,0.7926565874730022
Neural Plate 2,grk5,-13.48896,-1.551521,1.8164482653326397e-41,2.8111147232498958e-39,0.4937428896473265,0.7796976241900648
Neural Plate 2,hdlbp,-13.4925165,-1.2995774,1.7309101214390478e-41,2.6978706971372473e-39,0.6621160409556314,0.8617710583153347
Neural Plate 2,ica1,-13.500295,-2.8322835,1.5575091037376291e-41,2.4450651908387628e-39,0.15130830489192265,0.5615550755939525
Neural Plate 2,ccdc149,-13.546673,-3.5740957,8.290313851505359e-42,1.3204594055014484e-39,0.08873720136518772,0.5140388768898488
Neural Plate 2,tat,-13.620019,-2.0042396,3.0449035498795736e-42,4.921691878660902e-40,0.33560864618885095,0.6976241900647948
Neural Plate 2,slco4c1,-13.647875,-2.125003,2.078516300868127e-42,3.3847241941226412e-40,0.3583617747440273,0.712742980561555
Neural Plate 2,slit2,-13.720109,-1.3142618,7.694953082334489e-43,1.2720573576486432e-40,0.8521046643913538,0.9222462203023758
Neural Plate 2,tmem45b,-13.75041,-3.0795994,5.0641453830906155e-43,8.435474534688575e-41,0.16382252559726962,0.5680345572354212
Neural Plate 2,clcn3,-13.775007,-2.3282437,3.603480589217682e-43,6.095468987389073e-41,0.2161547212741752,0.6306695464362851
Neural Plate 2,egfr,-13.880802,-1.5038531,8.281190399228611e-44,1.4228650055241538e-41,0.7542662116040956,0.8768898488120951
Neural Plate 2,pard6b,-13.927995,-3.284372,4.2820731536649884e-44,7.415803038581247e-42,0.10011376564277588,0.5421166306695464
Neural Plate 2,plec,-13.962742,-1.1483182,2.631143395588347e-44,4.593134402810665e-42,0.856655290102389,0.9395248380129589
Neural Plate 2,gprc5cl2,-14.10595,-4.227679,3.490550078210067e-45,6.243220758739498e-43,0.04664391353811149,0.5053995680345572
Neural Plate 2,znf185,-14.276941,-2.4486132,3.046828848112904e-46,5.682466008091596e-44,0.3424345847554039,0.6846652267818575
Neural Plate 2,dnmbp,-14.307539,-1.7207214,1.9633894814777777e-46,3.6933725754591885e-44,0.43458475540386804,0.7818574514038877
Neural Plate 2,fnbp1l,-14.3270235,-1.2130384,1.483429449056552e-46,2.8147751311185236e-44,0.7394766780432309,0.8898488120950324
Neural Plate 2,prss27,-14.408815,-3.9596632,4.554578791436382e-47,8.718023141046779e-45,0.06825938566552901,0.5291576673866091
Neural Plate 2,jup,-14.676562,-2.4070556,9.109241423305654e-49,1.823603276128006e-46,0.27417519908987487,0.6673866090712743
Neural Plate 2,upk2,-14.760798,-3.121616,2.621571696719847e-49,5.296788517974424e-47,0.16723549488054607,0.6004319654427646
Neural Plate 2,usp43,-14.791248,-2.3633628,1.6683079285992586e-49,3.4022567579406e-47,0.24118316268486917,0.67170626349892
Neural Plate 2,esrp1,-14.935717,-1.9554598,1.9298853039105244e-50,3.9728327562859956e-48,0.6245733788395904,0.8444924406047516
Neural Plate 2,stk17a,-14.988022,-2.1262312,8.793398395319585e-51,1.8274356798501778e-48,0.31968145620022753,0.714902807775378
Neural Plate 2,lrrfip1,-15.038993,-3.3281298,4.077063472454215e-51,8.554384810809945e-49,0.1410693970420933,0.591792656587473
Neural Plate 2,mfsd6,-15.093817,-2.1770751,1.7785020686583876e-51,3.8047738862935954e-49,0.3424345847554039,0.7321814254859611
Neural Plate 2,plcb3,-15.109375,-2.0694463,1.4046634319362235e-51,3.065116074828033e-49,0.38794084186575656,0.7516198704103672
Neural Plate 2,flvcr2,-15.126933,-2.7256057,1.0759403176196251e-51,2.3715246132098824e-49,0.20705346985210465,0.6457883369330454
Neural Plate 2,ano5,-15.208428,-2.341244,3.1091967767125153e-52,6.994410604602453e-50,0.2992036405005688,0.6976241900647948
Neural Plate 2,crb2,-15.229765,-3.6744761,2.243970437138291e-52,5.100591552999442e-50,0.11262798634812286,0.5788336933045356
Neural Plate 2,krt8.1,-15.241767,-1.7868752,1.867510824485415e-52,4.2895740737996045e-50,0.6177474402730375,0.8660907127429806
Neural Plate 2,map3k10,-15.24636,-3.5397935,1.740698309150313e-52,4.0408274259541475e-50,0.10466439135381114,0.5766738660907127
Neural Plate 2,crtc3,-15.254436,-1.8647168,1.5381927588492212e-52,3.609129482886974e-50,0.5164960182025028,0.8228941684665226
Neural Plate 2,fastkd3,-15.398829,-1.7663344,1.6665821622897513e-53,3.99631751245326e-51,0.6541524459613197,0.8704103671706264
Neural Plate 2,cdh1,-15.642573,-2.0906966,3.733302603845388e-55,9.051599568723357e-53,0.44937428896473264,0.7840172786177105
Neural Plate 2,impact,-15.655613,-4.250285,3.0416962233918518e-55,7.542369692117455e-53,0.05688282138794084,0.5615550755939525
Neural Plate 2,slc2a11.3,-15.721846,-4.1229873,1.0715581198013107e-55,2.7188918293237675e-53,0.07736063708759955,0.572354211663067
Neural Plate 2,LOC100488554,-15.77341,-2.7789936,4.741905507658769e-56,1.2173308245014354e-53,0.22070534698521047,0.67170626349892
Neural Plate 2,lsr,-15.850311,-1.6276307,1.3988594413922165e-56,3.6338704607880426e-54,0.5415244596131968,0.8488120950323974
Neural Plate 2,pkp3,-15.899357,-2.5313144,6.401894449184506e-57,1.683081190068134e-54,0.2582480091012514,0.6997840172786177
Neural Plate 2,astl2c,-15.936029,-4.4031105,3.562858307125139e-57,9.59816433577502e-55,0.11717861205915814,0.5896328293736501
Neural Plate 2,slc22a4,-16.02382,-3.409467,8.712714169072818e-58,2.3765016985417246e-55,0.15927189988623436,0.6285097192224622
Neural Plate 2,tanc2,-16.059309,-1.5124937,4.920036073346447e-58,1.3589886981834534e-55,0.7599544937428896,0.9114470842332614
Neural Plate 2,LOC595077,-16.146954,-4.4868937,1.1931188806859325e-58,3.3378265506984272e-56,0.05688282138794084,0.5745140388768899
Neural Plate 2,dennd3,-16.19422,-2.6632538,5.539582363524944e-59,1.569860087720491e-56,0.21046643913538113,0.6846652267818575
Neural Plate 2,plcb4,-16.200888,-2.6000316,4.970443540106651e-59,1.4271059011666739e-56,0.41751990898748575,0.7386609071274298
Neural Plate 2,chmp5,-16.230003,-1.5096339,3.0944172654432372e-59,9.003103886564917e-57,0.6825938566552902,0.9071274298056156
Neural Plate 2,dtna,-16.376472,-3.8993113,2.8161072614029815e-60,8.417846102886912e-58,0.12514220705346984,0.6177105831533477
Neural Plate 2,atp8b1,-16.468191,-2.5796955,6.2099934876177095e-61,1.9358323984758003e-58,0.24800910125142206,0.7170626349892009
Neural Plate 2,spata13,-16.475895,-2.9644973,5.467266966747666e-61,1.729003369295664e-58,0.17633674630261661,0.673866090712743
Neural Plate 2,psd3,-16.481453,-1.1562455,4.987230996720643e-61,1.6003877585211933e-58,0.9215017064846417,0.980561555075594
Neural Plate 2,depdc1b,-16.779057,-1.7579863,3.4730857146930144e-63,1.1311373638853173e-60,0.590443686006826,0.8639308855291576
Neural Plate 2,hpgd,-16.82914,-4.1132593,1.4925644205925683e-63,4.934734579053096e-61,0.09101251422070535,0.6155507559395248
Neural Plate 2,gna14,-16.871368,-1.9441577,7.308366594283375e-64,2.4534748839055006e-61,0.5335608646188851,0.8509719222462203
Neural Plate 2,spint1,-17.047768,-2.9070373,3.6313963795624634e-65,1.2990278753841396e-62,0.19226393629124006,0.6976241900647948
Neural Plate 2,usp53,-17.267508,-2.494123,8.263505662543756e-67,3.0052992843727887e-64,0.2901023890784983,0.7624190064794817
Neural Plate 2,plcd3,-17.31633,-3.1160767,3.5423959532703635e-67,1.3101461372256374e-64,0.20136518771331058,0.6976241900647948
Neural Plate 2,MGC89056,-17.428719,-3.1557186,4.995227484865468e-68,1.8793251542629203e-65,0.149032992036405,0.6889848812095032
Neural Plate 2,camsap3,-17.553629,-3.0620244,5.579839112420615e-69,2.1360994609145657e-66,0.23094425483503983,0.7084233261339092
Neural Plate 2,rabgap1l,-17.612972,-2.9095926,1.95885276011225e-69,7.632879656858823e-67,0.2502844141069397,0.7300215982721382
Neural Plate 2,upk3b,-17.658905,-3.2503572,8.690895052668805e-70,3.448073108077927e-67,0.20022753128555176,0.6954643628509719
Neural Plate 2,LOC108647650,-17.68817,-4.4407473,5.1728865251344356e-70,2.0903251271288615e-67,0.13879408418657566,0.6587473002159827
Neural Plate 2,iqgap1,-17.706099,-2.5795934,3.7626910962700515e-70,1.549163819088845e-67,0.310580204778157,0.7710583153347732
Neural Plate 2,nipal4,-17.76181,-3.2816715,1.3965473161479222e-70,5.860395958781502e-68,0.15699658703071673,0.693304535637149
Neural Plate 2,rbbp8,-17.774183,-2.0502934,1.1201673856299989e-70,4.792778925849452e-68,0.5130830489192264,0.8660907127429806
Neural Plate 2,kiaa1324l,-17.850863,-2.6952827,2.8460544985269224e-71,1.2420751042471194e-68,0.3515358361774744,0.7775377969762419
Neural Plate 2,usp54,-17.859457,-2.0878987,2.4400241702817354e-71,1.0866074983615865e-68,0.6825938566552902,0.8833693304535637
Neural Plate 2,cdh3,-17.903389,-1.1394645,1.1095769734943301e-71,5.04418315387912e-69,0.931740614334471,1.0
Neural Plate 2,dsg2,-17.925913,-2.453327,7.402639813887921e-72,3.4368724123159223e-69,0.36973833902161546,0.8056155507559395
Neural Plate 2,LOC101734097,-17.990515,-2.9355621,2.3119764414408634e-72,1.096731259319154e-69,0.33447098976109213,0.7645788336933045
Neural Plate 2,LOC100495222,-18.031855,-3.9541106,1.0955281963795238e-72,5.3123379495994644e-70,0.11831626848691695,0.6652267818574514
Neural Plate 2,ncoa2,-18.26582,-2.250109,1.548691010986431e-74,7.68045148880339e-72,0.4050056882821388,0.8336933045356372
Neural Plate 2,angpt4.2,-18.289602,-3.9623966,1.001442791230073e-74,5.081972824984052e-72,0.12286689419795221,0.6760259179265659
Neural Plate 2,eppk1,-18.47304,-2.1557097,3.403708089429772e-76,1.7683884337963585e-73,0.6973833902161547,0.9092872570194385
Neural Plate 2,LOC100496572,-19.061876,-2.3223536,5.23623850409615e-81,2.929742574304669e-78,0.5312855517633674,0.8768898488120951
Neural Plate 2,LOC100489839,-19.144854,-3.3995092,1.0683877692164578e-81,6.135076187387454e-79,0.21729237770193402,0.7473002159827213
Neural Plate 2,trpm4,-19.384077,-2.5129669,1.051729453067747e-83,6.202645512267921e-81,0.4402730375426621,0.857451403887689
Neural Plate 2,arhgef25,-19.422974,-2.648315,4.9348449056864775e-84,2.991201407971795e-81,0.4402730375426621,0.8423326133909287
Neural Plate 2,st14,-19.554773,-2.4812925,3.756755518072362e-85,2.3421760617102003e-82,0.36063708759954494,0.8531317494600432
Neural Plate 2,mst1,-19.679016,-2.962916,3.262796515571151e-86,2.0940436107728846e-83,0.4197952218430034,0.8228941684665226
Neural Plate 2,plpp3,-19.69324,-3.0060349,2.4641310144251607e-86,1.6293879656294375e-83,0.3435722411831627,0.8207343412526998
Neural Plate 2,pank1,-19.715317,-3.637187,1.593127684426364e-86,1.0863637250583654e-83,0.1547212741751991,0.7365010799136069
Neural Plate 2,nectin3,-20.227995,-4.336616,5.551524952972179e-91,4.0379941999601975e-88,0.1558589306029579,0.7365010799136069
Neural Plate 2,rassf7,-20.250221,-4.349891,3.536536423283386e-91,2.661060734222992e-88,0.08646188850967008,0.7213822894168467
Neural Plate 2,cnn2,-20.731781,-2.7355478,1.7903942199728174e-95,1.4469700842232166e-92,0.39476678043230945,0.857451403887689
Neural Plate 2,wdfy3,-20.831799,-2.452697,2.2293484074291637e-96,1.8710235230196837e-93,0.6393629124004551,0.8920086393088553
Neural Plate 2,kifc3,-20.982933,-4.1048465,9.391718168388984e-98,8.19746728609664e-95,0.15130830489192265,0.7602591792656588
Neural Plate 2,cgn,-21.01042,-3.1856656,5.266733470699785e-98,4.7885579610058334e-95,0.29579067121729236,0.8207343412526998
Neural Plate 2,arhgap6,-21.967318,-2.0690827,5.916060129815528e-107,5.612797743161072e-104,0.919226393629124,0.9935205183585313
Neural Plate 2,adap1l,-21.96954,-3.7037215,5.633569117028839e-107,5.587732350122105e-104,0.23321956769055746,0.8272138228941684
Neural Plate 2,sema3f,-22.103191,-3.4725215,2.94495030232994e-108,3.0600838355781727e-105,0.2832764505119454,0.8552915766738661
Neural Plate 2,slc22a23,-22.803679,-2.861752,4.215643818988545e-115,4.599478188707452e-112,0.44141069397042093,0.9092872570194385
Neural Plate 2,phldb3,-23.138622,-5.3855896,1.8926584450710971e-118,2.294427773883134e-115,0.08304891922639362,0.7948164146868251
Neural Plate 2,astl2d.1,-23.301537,-4.670698,4.2769789351004585e-120,5.489879843695712e-117,0.2605233219567691,0.8488120950323974
Neural Plate 2,myo5c,-23.347397,-4.0690975,1.4646875329523312e-120,1.9975591660345515e-117,0.2707622298065984,0.8552915766738661
Neural Plate 2,osbpl1a,-23.439486,-4.3985944,1.6921854570388672e-121,2.4616785905363417e-118,0.19112627986348124,0.8358531317494601
Neural Plate 2,arhgap45,-23.64263,-3.3422759,1.4054467551804173e-123,2.1905895460565632e-120,0.46188850967007966,0.9244060475161987
Neural Plate 2,calcrl,-23.907415,-4.70098,2.564489874460216e-126,4.3045948885074136e-123,0.20819112627986347,0.8466522678185745
Neural Plate 2,tjp3,-24.251175,-4.000973,6.426099238653083e-130,1.1685325957220741e-126,0.21046643913538113,0.8747300215982722
Neural Plate 2,kalrn,-24.832752,-4.816661,3.9717722088130624e-136,7.878912851682712e-133,0.13879408418657566,0.8639308855291576
Neural Plate 2,LOC100494753,-25.0985,-4.841476,5.1644888868811665e-139,1.1269431200063394e-135,0.19226393629124006,0.8855291576673866
Neural Plate 2,dcbld1,-25.610731,-3.5785978,1.158509570633541e-144,2.8088708156438333e-141,0.35381114903299204,0.9460043196544277
Neural Plate 2,kiaa1671,-26.020058,-2.7655852,2.936806406727693e-149,8.010506575150624e-146,0.7929465301478953,0.9848812095032398
Neural Plate 2,itpr3,-26.639494,-2.9791887,2.3687616534415223e-156,7.384106862821065e-153,0.89419795221843,0.9935205183585313
Neural Plate 2,epcam,-26.842342,-2.9916995,1.0362683132908074e-158,3.768735144053118e-155,0.6291240045506257,0.9848812095032398
Neural Plate 2,ocln,-26.89109,-3.0362017,2.7917889246472546e-159,1.2183925224945548e-155,0.5551763367463026,0.9762419006479481
Neural Plate 2,epas1,-27.348722,-4.2127175,1.1183711048216411e-164,6.100993969578258e-161,0.48236632536973834,0.9697624190064795
Neural Plate 2,spint2,-27.540827,-4.2033963,5.699338971001093e-167,4.145509189540494e-163,0.30489192263936293,0.9654427645788337
Neural Plate 2,lmo7,-27.558311,-4.477758,3.518485606796187e-167,3.83884372129498e-163,0.5460750853242321,0.9654427645788337
Neural Plate 2,nectin2,-28.512617,-3.7703073,8.171948891883114e-179,1.7832009676978142e-174,0.5290102389078498,0.9913606911447084
