group,names,scores,logfoldchanges,pvals,pvals_adj,pct_nz_group,pct_nz_reference
Neural Plate 1,lmo7,26.116707,4.571031,2.3555234493610544e-150,6.885430594827299e-146,0.9701492537313433,0.23877551020408164
Neural Plate 1,nectin2,24.75744,3.1876411,2.578016897176566e-135,3.7679005960684105e-131,0.9641791044776119,0.3683673469387755
Neural Plate 1,nectin3,23.403507,4.8833437,3.936229428057211e-121,3.835330747051344e-117,0.8805970149253731,0.12857142857142856
Neural Plate 1,itpr3,22.969528,2.7647104,9.402557166222067e-117,6.871153713145931e-113,0.9402985074626866,0.463265306122449
Neural Plate 1,phldb3,22.912699,6.699064,3.471614923898717e-116,2.0295755168096677e-112,0.844776119402985,0.030612244897959183
Neural Plate 1,epas1,22.443556,4.7525673,1.4793407550868169e-111,7.207101601990457e-108,0.8567164179104477,0.11326530612244898
Neural Plate 1,mst1,21.769255,3.1133566,4.539489369269686e-105,1.8956259107588884e-101,0.8805970149253731,0.31020408163265306
Neural Plate 1,epcam,21.569098,2.168242,3.504593070405107e-103,1.2805345005126461e-99,0.9432835820895522,0.5326530612244897
Neural Plate 1,crb2,21.535017,3.600169,7.316840522968984e-103,2.376428503632293e-99,0.8597014925373134,0.2173469387755102
Neural Plate 1,spint2,21.496101,3.3606913,1.6932789198645781e-102,4.949623610656149e-99,0.8776119402985074,0.23877551020408164
Neural Plate 1,angpt4.2,21.045874,3.8977728,2.494750991685024e-98,6.629460567085904e-95,0.8477611940298507,0.1520408163265306
Neural Plate 1,plpp3,20.825052,3.9616876,2.566487079943027e-96,6.006372486924507e-93,0.8238805970149253,0.1704081632653061
Neural Plate 1,arhgap45,20.823135,2.8041956,2.671234043652923e-96,6.006372486924507e-93,0.8805970149253731,0.3673469387755102
Neural Plate 1,usp54,20.621979,1.5619061,1.7428367108052028e-94,3.638918563824777e-91,0.9223880597014925,0.713265306122449
Neural Plate 1,ocln,20.53165,3.0637004,1.1229716894799499e-93,2.1883723636792276e-90,0.8626865671641791,0.26326530612244897
Neural Plate 1,dtna,20.411322,3.7418113,1.326473066522171e-92,2.4233833879693488e-89,0.817910447761194,0.18571428571428572
Neural Plate 1,cnn2,20.154001,2.3393438,2.482151757566633e-90,4.030876556968346e-87,0.8985074626865671,0.44081632653061226
Neural Plate 1,dcbld1,20.049173,2.647371,2.0522612139732203e-89,3.1573498708237474e-86,0.8835820895522388,0.35714285714285715
Neural Plate 1,kalrn,19.959679,4.0912137,1.2350559256163188e-88,1.8050959880845307e-85,0.7850746268656716,0.12040816326530612
Neural Plate 1,astl2d,18.570498,4.5213737,5.56853895779783e-77,7.398816467063108e-74,0.7223880597014926,0.08673469387755102
Neural Plate 1,ackr3,18.344507,5.180343,3.652180830638412e-75,4.641604254799627e-72,0.6985074626865672,0.04387755102040816
Neural Plate 1,calcrl,18.174099,4.9460325,8.277595518293249e-74,1.0081766441467914e-70,0.6955223880597015,0.06938775510204082
Neural Plate 1,arhgef25,18.10577,2.681801,2.8697144209297506e-73,3.3553848895279015e-70,0.8059701492537313,0.3040816326530612
Neural Plate 1,arhgap6,17.788952,1.6169647,8.607448830092075e-71,9.318679138978571e-68,0.9402985074626866,0.6459183673469387
Neural Plate 1,osbpl1a,17.331474,5.9600177,2.7225647820051345e-67,2.8422603979568604e-64,0.6477611940298508,0.027551020408163266
Neural Plate 1,cldn6,17.1499,3.8896732,6.296021115854145e-66,6.134633107917751e-63,0.6865671641791045,0.09897959183673469
Neural Plate 1,plcb4,16.955326,2.1252112,1.7578137960416716e-64,1.6575050023256164e-61,0.8208955223880597,0.4377551020408163
Neural Plate 1,cdh3,16.329191,1.1004136,6.119024705359341e-60,5.110434604638826e-57,0.9522388059701492,0.7683673469387755
Neural Plate 1,rassf7,16.207947,3.5347712,4.431248314426788e-59,3.598050541083595e-56,0.6686567164179105,0.12142857142857143
Neural Plate 1,LOC595077,16.057037,4.841097,5.103474205415443e-58,3.925780381539442e-55,0.6179104477611941,0.04285714285714286
Neural Plate 1,usp53,15.632226,3.633586,4.391907984209389e-55,3.2094965571606163e-52,0.6417910447761194,0.10408163265306122
Neural Plate 1,depdc1b,15.591811,2.509268,8.275390499174744e-55,5.899949748326267e-52,0.7283582089552239,0.24591836734693878
Neural Plate 1,KIAA1671,15.575562,1.8176714,1.0671138498500835e-54,7.426858320230426e-52,0.844776119402985,0.4928571428571429
Neural Plate 1,gprc5cl2,15.374072,5.8311276,2.443198021634546e-53,1.5870471415644315e-50,0.5761194029850746,0.018367346938775512
Neural Plate 1,upk3b,15.241745,3.985161,1.8681359071757564e-52,1.1871191457098813e-49,0.6119402985074627,0.07346938775510205
Neural Plate 1,lpin2,15.14825,2.9613252,7.78114765881187e-52,4.839377174781485e-49,0.6656716417910448,0.18061224489795918
Neural Plate 1,adap1l,15.116168,3.527187,1.2670462057050131e-51,7.716047424784007e-49,0.6328358208955224,0.10918367346938776
Neural Plate 1,wdfy3,14.496782,1.3180199,1.269642940019002e-47,7.57406791422356e-45,0.8417910447761194,0.6142857142857143
Neural Plate 1,slc22a23,14.341956,2.2185712,1.196350362995965e-46,6.856964207987265e-44,0.7313432835820896,0.2857142857142857
Neural Plate 1,elapor2,14.181631,2.6912596,1.190474413301989e-45,6.4442143657834146e-43,0.6597014925373135,0.19489795918367347
Neural Plate 1,kif5a,14.109301,4.973227,3.32860511586829e-45,1.7690628389444724e-42,0.5402985074626866,0.03979591836734694
Neural Plate 1,stard13,14.071303,1.7633977,5.700925551862563e-45,2.9757813358302606e-42,0.8149253731343283,0.43979591836734694
Neural Plate 1,cldn4,14.046804,3.069031,8.058953032964489e-45,4.132829054501491e-42,0.6179104477611941,0.12755102040816327
Neural Plate 1,cldn7,13.834481,2.1884484,1.5787097601770305e-43,7.956424999954273e-41,0.7194029850746269,0.2673469387755102
Neural Plate 1,itpkb,13.273676,2.618939,3.290361629817499e-40,1.4572812242605351e-37,0.6179104477611941,0.19183673469387755
Neural Plate 1,gnb3,13.245094,2.7294743,4.816790660684412e-40,2.1014866836188963e-37,0.6149253731343284,0.1704081632653061
Neural Plate 1,tjp3,13.238678,3.6000683,5.246449699911978e-40,2.255278987913633e-37,0.5492537313432836,0.08571428571428572
Neural Plate 1,gramd4,13.19218,1.6549686,9.73295796300256e-40,4.123247742268519e-37,0.7910447761194029,0.4479591836734694
Neural Plate 1,dst,13.026188,2.5628266,8.68388202157574e-39,3.626265076752578e-36,0.6119402985074627,0.21020408163265306
Neural Plate 1,dennd3,13.019522,3.6110437,9.476257194004156e-39,3.901415127294866e-36,0.5343283582089552,0.07244897959183673
Neural Plate 1,MGC89056,13.013689,4.192715,1.0228304690252922e-38,4.152549644455322e-36,0.5164179104477612,0.04693877551020408
Neural Plate 1,dnmbp,12.937276,2.2283144,2.772886436615503e-38,1.11033210176312e-35,0.6507462686567164,0.2336734693877551
Neural Plate 1,plcd3,12.894195,2.6107388,4.85306708805173e-38,1.8914667206778682e-35,0.6029850746268657,0.17755102040816326
Neural Plate 1,rbbp8,12.79995,1.9804578,1.6405835608480726e-37,6.309986587782896e-35,0.6925373134328359,0.3112244897959184
Neural Plate 1,nek2,12.722036,3.0877988,4.460806433080917e-37,1.6334035135994996e-34,0.5552238805970149,0.12040816326530612
Neural Plate 1,lekr1,12.587709,2.6382844,2.4672832987753028e-36,8.795263183719619e-34,0.5791044776119403,0.17142857142857143
Neural Plate 1,hes4,12.300891,1.9654852,8.958085888901851e-35,3.009813892166552e-32,0.7044776119402985,0.2795918367346939
Neural Plate 1,slc22a4,12.211395,3.2021027,2.7021558789861575e-34,8.874912190858918e-32,0.5283582089552239,0.10816326530612246
Neural Plate 1,upk1a,11.998572,2.3970346,3.6147797244274745e-33,1.1485176752689078e-30,0.5850746268656717,0.18775510204081633
Neural Plate 1,cldn6.2,11.949325,1.0527319,6.54548895663124e-33,2.0573245988310513e-30,0.8895522388059701,0.6520408163265307
Neural Plate 1,pank1,11.926743,3.0045555,8.586827149052463e-33,2.6702291956803464e-30,0.5223880597014925,0.11020408163265306
Neural Plate 1,lsr,11.893328,1.7512683,1.281954099303624e-32,3.944505292288867e-30,0.6746268656716418,0.3193877551020408
Neural Plate 1,usp43,11.585259,2.7407072,4.894822997258687e-31,1.4750574333285432e-28,0.5283582089552239,0.12244897959183673
Neural Plate 1,ly6g6c,11.561511,3.2127955,6.456290072659829e-31,1.9257532154481576e-28,0.4955223880597015,0.08673469387755102
Neural Plate 1,upk1b,11.475931,2.7220557,1.742904699244052e-30,5.044242303327018e-28,0.5283582089552239,0.12755102040816327
Neural Plate 1,rab40b,11.445766,4.013214,2.4691277800291604e-30,7.07598766059141e-28,0.45671641791044776,0.04693877551020408
Neural Plate 1,astl2c,11.431767,4.008415,2.9014354064471565e-30,8.154986381332388e-28,0.45671641791044776,0.053061224489795916
Neural Plate 1,chmp5,11.232444,1.0030897,2.8255435833767155e-29,7.719015372493904e-27,0.8537313432835821,0.6530612244897959
Neural Plate 1,grk5,11.186946,1.6449106,4.724270842521716e-29,1.266928082548186e-26,0.6626865671641791,0.33877551020408164
Neural Plate 1,iqgap1,11.104283,2.020718,1.1957278355125137e-28,3.148857690078044e-26,0.5970149253731343,0.23265306122448978
Neural Plate 1,spata13,11.090117,2.7383506,1.401039156385899e-28,3.656587105385376e-26,0.5044776119402985,0.12244897959183673
Neural Plate 1,LOC100496743,11.059119,2.1223333,1.980334044573198e-28,5.0336647353842734e-26,0.564179104477612,0.20918367346938777
Neural Plate 1,ppp1r14a,10.710803,2.140128,9.057298235325776e-27,2.1351119735226432e-24,0.5582089552238806,0.19387755102040816
Neural Plate 1,upk2,10.570477,2.6960068,4.084147001931403e-26,9.326851641676316e-24,0.48955223880597015,0.11836734693877551
Neural Plate 1,fastkd3,10.458732,1.0768329,1.3363207856217448e-25,3.004768683423787e-23,0.7761194029850746,0.5806122448979592
Neural Plate 1,sfrp2,10.454399,1.8597617,1.398830921015222e-25,3.121315011618012e-23,0.5791044776119403,0.2642857142857143
Neural Plate 1,znf519,10.42815,1.4118947,1.8444414807255495e-25,4.084459766900647e-23,0.6626865671641791,0.39591836734693875
Neural Plate 1,metrnl,10.145997,1.2987889,3.452335408604371e-24,7.475201209549212e-22,0.6805970149253732,0.41836734693877553
Neural Plate 1,map3k10,10.03867,4.0076756,1.0305487387312354e-23,2.182896389989329e-21,0.4,0.04081632653061224
Neural Plate 1,dsg2,9.994005,2.2086933,1.619050804827963e-23,3.380462433994727e-21,0.5074626865671642,0.17551020408163265
Neural Plate 1,myo5c,9.963507,3.6480763,2.2015790598952305e-23,4.564138829772871e-21,0.408955223880597,0.05612244897959184
Neural Plate 1,gmnn,9.899509,1.2198905,4.183211423923267e-23,8.318330145081703e-21,0.7044776119402985,0.463265306122449
Neural Plate 1,sh3bp4,9.779182,1.910156,1.3832359290209086e-22,2.660090094816459e-20,0.5432835820895522,0.21428571428571427
Neural Plate 1,ripk4,9.378535,1.3670086,6.689544402085086e-21,1.222137952608432e-18,0.6626865671641791,0.363265306122449
Neural Plate 1,LOC100492479,9.366036,6.1834235,7.530778508278997e-21,1.3652898766209644e-18,0.3492537313432836,0.009183673469387756
Neural Plate 1,kifc3,9.365536,4.1567416,7.566520475269277e-21,1.3652898766209644e-18,0.3701492537313433,0.0326530612244898
Neural Plate 1,zfp36l2.1,9.255542,1.1157117,2.1314719657759617e-20,3.75331668865043e-18,0.808955223880597,0.5357142857142857
Neural Plate 1,nipal4,9.215877,2.9437864,3.087445082232559e-20,5.277725567177774e-18,0.40298507462686567,0.08061224489795918
Neural Plate 1,ccng2,9.179046,1.2632647,4.349301666971791e-20,7.391537036468164e-18,0.6417910447761194,0.38571428571428573
Neural Plate 1,oxr1,9.174046,2.171659,4.555923972276478e-20,7.697931423908308e-18,0.46567164179104475,0.14489795918367346
Neural Plate 1,dnah5,9.164379,3.2425196,4.9832893453697086e-20,8.323801763114397e-18,0.3940298507462687,0.07959183673469387
Neural Plate 1,LOC100491113,9.1637125,2.0521605,5.014182276247478e-20,8.327816029374434e-18,0.48955223880597015,0.17755102040816326
Neural Plate 1,znf84,9.1341305,1.6960022,6.593424822292731e-20,1.0888836213584113e-17,0.5373134328358209,0.2357142857142857
Neural Plate 1,sipa1l3,9.1027155,1.0456103,8.810076645168572e-20,1.438700281647612e-17,0.7253731343283583,0.5081632653061224
Neural Plate 1,LOC100495222,9.098216,3.627649,9.18277444053541e-20,1.491231553729392e-17,0.373134328358209,0.04591836734693878
Neural Plate 1,KIAA1217,9.064218,1.667767,1.2550161587584495e-19,2.026816427440234e-17,0.5582089552238806,0.2755102040816326
Neural Plate 1,eppk1,9.022053,1.4025708,1.8459673032234556e-19,2.964806057171694e-17,0.6298507462686567,0.37142857142857144
Neural Plate 1,mpzl1,9.019553,1.2778262,1.8885795983653638e-19,3.016670504908085e-17,0.6358208955223881,0.3704081632653061
Neural Plate 1,impact,9.002888,4.706535,2.198578588436512e-19,3.4738730118155505e-17,0.34626865671641793,0.02040816326530612
Neural Plate 1,alpl,8.983889,2.7578323,2.613630485517844e-19,4.1074748775361345e-17,0.408955223880597,0.10306122448979592
Neural Plate 1,camsap3,8.912225,2.5271657,5.001841365084785e-19,7.777065156531563e-17,0.417910447761194,0.10408163265306122
Neural Plate 1,LOC100489839,8.906726,2.7121167,5.256200563376598e-19,8.129312098839224e-17,0.41492537313432837,0.11020408163265306
Neural Plate 1,luzp1,8.888393,1.0277572,6.199902886114263e-19,9.439029232500313e-17,0.7194029850746269,0.5091836734693878
Neural Plate 1,palm2,8.88631,1.1890279,6.317204848492678e-19,9.567783156802564e-17,0.6567164179104478,0.4336734693877551
Neural Plate 1,slco4c1,8.86956,1.530482,7.34350614471952e-19,1.1008104005963912e-16,0.5761194029850746,0.2969387755102041
Neural Plate 1,LOC101733293,8.795481,3.6216063,1.4243652411149573e-18,2.1028091092440057e-16,0.3641791044776119,0.058163265306122446
Neural Plate 1,angpt4,8.741734,4.236556,2.295602050586584e-18,3.3551371770348216e-16,0.34328358208955223,0.025510204081632654
Neural Plate 1,cgn,8.69807,2.4647186,3.375788641235252e-18,4.885033553066716e-16,0.41492537313432837,0.11224489795918367
Neural Plate 1,krt8,8.661238,1.0089698,4.666695900770341e-18,6.7198122106117165e-16,0.7731343283582089,0.563265306122449
Neural Plate 1,fshr,8.628989,4.0542583,6.1896523470009016e-18,8.789396857151775e-16,0.34626865671641793,0.03979591836734694
Neural Plate 1,znf750,8.55641,3.0033755,1.1643718181690457e-17,1.620750124614256e-15,0.373134328358209,0.07040816326530612
Neural Plate 1,enc1,8.5500765,1.702117,1.2300699357293422e-17,1.7040840896352798e-15,0.5044776119402985,0.21326530612244898
Neural Plate 1,ntan1,8.531244,2.888842,1.447822208366336e-17,1.9855220473949024e-15,0.3761194029850746,0.07551020408163266
Neural Plate 1,clcn3,8.530244,2.3112698,1.4603921870271425e-17,1.9855220473949024e-15,0.4208955223880597,0.12551020408163266
Neural Plate 1,unc80,8.468414,5.4280586,2.487571291415691e-17,3.275414253124868e-15,0.3194029850746269,0.011224489795918367
Neural Plate 1,col27a1,8.429083,2.3149552,3.4838603634785085e-17,4.556003535334683e-15,0.41492537313432837,0.11938775510204082
Neural Plate 1,cripto.3,8.428832,2.722678,3.491309883052133e-17,4.556003535334683e-15,0.382089552238806,0.0826530612244898
Neural Plate 1,abcb1l,8.418416,4.3633065,3.816075919485331e-17,4.957676231221142e-15,0.3283582089552239,0.022448979591836733
Neural Plate 1,rbfox3,8.34342,2.0852482,7.217225054898486e-17,9.252925683321826e-15,0.4388059701492537,0.16122448979591836
Neural Plate 1,tmod3,8.335171,1.1614628,7.738663225171984e-17,9.835168031956619e-15,0.6328358208955224,0.39693877551020407
Neural Plate 1,hpgd,8.298089,5.4147344,1.0579945491449237e-16,1.3330275287092787e-14,0.31343283582089554,0.012244897959183673
Neural Plate 1,itpr2,8.296756,1.3363415,1.0699310281239687e-16,1.3422812825361256e-14,0.582089552238806,0.32346938775510203
Neural Plate 1,plcb3,8.292506,1.6551883,1.1088717552240403e-16,1.3851893280749538e-14,0.5014925373134328,0.23979591836734693
Neural Plate 1,upk3a,8.287923,2.024946,1.1524335077534209e-16,1.433480164474053e-14,0.43582089552238806,0.1469387755102041
Neural Plate 1,LOC100488554,8.277007,1.9285058,1.2631016434084444e-16,1.55787865563174e-14,0.4537313432835821,0.1826530612244898
Neural Plate 1,atp10b,8.219093,1.9329919,2.0504823120014377e-16,2.466569895560248e-14,0.4537313432835821,0.18571428571428572
Neural Plate 1,ano5,8.192595,2.545206,2.556550502108958e-16,3.050225621516202e-14,0.3850746268656716,0.09489795918367347
Neural Plate 1,egfr,8.159762,1.5484478,3.35684080091821e-16,3.9887729045382196e-14,0.5313432835820896,0.2673469387755102
Neural Plate 1,ttc9,8.155763,1.7326406,3.469832416845691e-16,4.106342970721311e-14,0.46567164179104475,0.20408163265306123
Neural Plate 1,lyn,8.096349,1.5011302,5.66332251592524e-16,6.595401612072137e-14,0.5253731343283582,0.25816326530612244
Neural Plate 1,snx33,8.089849,2.2973912,5.973861601120946e-16,6.929442399300254e-14,0.3940298507462687,0.10918367346938776
Neural Plate 1,hpdl,7.9894376,1.3272653,1.3555575075971186e-15,1.5538941766498577e-13,0.5701492537313433,0.3224489795918367
Neural Plate 1,frmd6,7.948773,1.0319163,1.883679736786125e-15,2.1341799374416752e-13,0.6716417910447762,0.45408163265306123
Neural Plate 1,morc1,7.929524,7.104078,2.199876727616522e-15,2.463777648465845e-13,0.29253731343283584,0.003061224489795918
Neural Plate 1,cpne3,7.892026,1.6068305,2.9732041124903395e-15,3.2920352050077695e-13,0.4835820895522388,0.21326530612244898
Neural Plate 1,lrrfip1,7.8909426,3.0092254,2.999129446777937e-15,3.308209541840222e-13,0.34328358208955223,0.0653061224489796
Neural Plate 1,st14,7.745283,2.3267698,9.536919685435358e-15,1.024903306341768e-12,0.37910447761194027,0.10816326530612246
Neural Plate 1,rspo1,7.6552873,5.900578,1.9288030920928253e-14,2.0280878843512725e-12,0.2865671641791045,0.00816326530612245
Neural Plate 1,marveld2,7.6297054,3.595211,2.3529078960931655e-14,2.4476103455764882e-12,0.31044776119402984,0.03163265306122449
Neural Plate 1,afap1l1,7.6112065,1.3056594,2.715493688918477e-14,2.804826714515053e-12,0.5432835820895522,0.29285714285714287
Neural Plate 1,mylk,7.6024566,2.2062697,2.905611242444941e-14,2.99063106436296e-12,0.37910447761194027,0.11224489795918367
Neural Plate 1,sp7,7.5307937,1.8347241,5.043284554231052e-14,5.083456924300962e-12,0.4388059701492537,0.19693877551020408
Neural Plate 1,satpa,7.413633,4.0216937,1.228859070764965e-13,1.2094538551357135e-11,0.29850746268656714,0.03469387755102041
Neural Plate 1,tspan3,7.3898005,1.4741986,1.4704915884272865e-13,1.4327979873772669e-11,0.46567164179104475,0.23265306122448978
Neural Plate 1,pard3b,7.365635,1.2042708,1.7630542288817795e-13,1.71215409184197e-11,0.5552238805970149,0.32653061224489793
Neural Plate 1,LOC100486901,7.3085546,2.1530807,2.7003115654025403e-13,2.5544597853812834e-11,0.3701492537313433,0.11530612244897959
Neural Plate 1,pcdh1,7.255474,1.3143678,4.002578740819116e-13,3.762037915526803e-11,0.5104477611940299,0.29285714285714287
Neural Plate 1,rtbdn,7.2291417,2.416398,4.860553680972034e-13,4.5104395126505883e-11,0.34626865671641793,0.09183673469387756
Neural Plate 1,prr5,7.223892,3.02874,5.052032660495083e-13,4.6732900854092336e-11,0.31044776119402984,0.05
Neural Plate 1,LOC105947373,7.2115593,4.437859,5.531469367848235e-13,5.084603178980244e-11,0.28059701492537314,0.019387755102040816
Neural Plate 1,stard10,7.209476,4.23146,5.616751084753983e-13,5.1468103748728426e-11,0.2835820895522388,0.02346938775510204
Neural Plate 1,krt18,7.192144,1.0654671,6.378183245969172e-13,5.79008305785481e-11,0.5970149253731343,0.39591836734693875
Neural Plate 1,plekhg7,7.186477,1.414693,6.648431548987619e-13,6.016727634936753e-11,0.48656716417910445,0.2510204081632653
Neural Plate 1,pcdh20,7.180811,4.5265665,6.929911837674648e-13,6.252106571823075e-11,0.27761194029850744,0.0163265306122449
Neural Plate 1,f11r,7.169395,1.4376335,7.532999665931473e-13,6.775295791841319e-11,0.46567164179104475,0.22551020408163266
Neural Plate 1,spint1,7.0997314,1.9857085,1.249993689660132e-12,1.105882612039076e-10,0.3761194029850746,0.12755102040816327
Neural Plate 1,tmcc1,7.086149,1.2604244,1.3789536095573136e-12,1.206832124579935e-10,0.5074626865671642,0.2979591836734694
Neural Plate 1,rnf123,7.0761495,1.4503361,1.4821498938677824e-12,1.2894262960609866e-10,0.45671641791044776,0.2357142857142857
Neural Plate 1,pim1,6.9771543,1.0535724,3.0121865968008757e-12,2.5820887510582523e-10,0.573134328358209,0.3693877551020408
Neural Plate 1,gli1,6.9298234,1.0242728,4.213663241199978e-12,3.570133049377292e-10,0.6268656716417911,0.44081632653061226
Neural Plate 1,myo5b,6.92699,1.9795802,4.298883523458451e-12,3.6318111061911554e-10,0.373134328358209,0.13979591836734695
Neural Plate 1,tpm4,6.898158,2.4055636,5.268102755002545e-12,4.4250549319390634e-10,0.33134328358208953,0.09489795918367347
Neural Plate 1,mansc1,6.8693266,2.2274284,6.450576726615092e-12,5.402773876667214e-10,0.3402985074626866,0.09591836734693877
Neural Plate 1,mst1rl,6.816329,1.4101504,9.339626664593962e-12,7.656116428468951e-10,0.4626865671641791,0.23469387755102042
Neural Plate 1,hal,6.8040795,1.7788637,1.0169728537137531e-11,8.280538575740032e-10,0.3880597014925373,0.14387755102040817
Neural Plate 1,slc39a11,6.656337,1.699137,2.807362683977362e-11,2.2239029435052105e-09,0.39104477611940297,0.1663265306122449
Neural Plate 1,lgals8,6.643171,7.254051,3.0700546132627406e-11,2.425426118926572e-09,0.24477611940298508,0.0020408163265306124
Neural Plate 1,stk10,6.6270885,1.7358006,3.423726469775106e-11,2.6902943128493582e-09,0.3880597014925373,0.16428571428571428
Neural Plate 1,fhdc1,6.617089,1.4117126,3.663412486104344e-11,2.8709171683998946e-09,0.43582089552238806,0.2153061224489796
Neural Plate 1,kcnip2,6.550009,3.4619656,5.753366481980306e-11,4.472783394541658e-09,0.2716417910447761,0.03571428571428571
Neural Plate 1,zfhx2,6.4510136,1.0013336,1.1110439807588207e-10,8.413711554808573e-09,0.5373134328358209,0.3510204081632653
Neural Plate 1,esyt2,6.4071827,1.368234,1.4823323493251897e-10,1.1167540438949644e-08,0.4388059701492537,0.22857142857142856
Neural Plate 1,gabbr1,6.3874335,1.5057796,1.6869282417506284e-10,1.2611406505016015e-08,0.4059701492537313,0.186734693877551
Neural Plate 1,masp1,6.373351,1.1898886,1.849420022732184e-10,1.3790917521552159e-08,0.5014925373134328,0.3081632653061224
Neural Plate 1,pdcd6ip,6.3507686,2.0632377,2.1424157633707073e-10,1.5814382620982106e-08,0.3283582089552239,0.10714285714285714
Neural Plate 1,slc2a11.3,6.3155203,3.2248604,2.692537094006589e-10,1.9578495471369802e-08,0.26865671641791045,0.04285714285714286
Neural Plate 1,cd2ap,6.313187,1.5106897,2.7334638593767847e-10,1.9826769745271165e-08,0.40298507462686567,0.19183673469387755
Neural Plate 1,cfap61,6.281189,3.4473743,3.3599368490655875e-10,2.4190717742619752e-08,0.25970149253731345,0.030612244897959183
Neural Plate 1,cnfn,6.249357,3.9845002,4.121456282062146e-10,2.9241332179844315e-08,0.24776119402985075,0.02142857142857143
Neural Plate 1,slc43a1,6.209359,3.6682124,5.32011322176325e-10,3.720388267592382e-08,0.2537313432835821,0.030612244897959183
Neural Plate 1,dsc3,6.186527,2.633814,6.150420165147972e-10,4.2602590485175446e-08,0.2835820895522388,0.061224489795918366
Neural Plate 1,pacrg,6.1516953,2.0586903,7.665906416315088e-10,5.2478246008268465e-08,0.3373134328358209,0.13877551020408163
Neural Plate 1,hes1,6.1221967,2.3356695,9.22939681150707e-10,6.303376126101944e-08,0.28955223880597014,0.0653061224489796
Neural Plate 1,trpv5,6.068533,3.9499578,1.2908411696740405e-09,8.754658522213893e-08,0.2417910447761194,0.022448979591836733
Neural Plate 1,rabgap1l,6.067366,1.8764985,1.3002492843827456e-09,8.798052507359268e-08,0.33432835820895523,0.12448979591836734
Neural Plate 1,fam174b,6.0551167,1.9348034,1.403158844755508e-09,9.47245639516126e-08,0.3283582089552239,0.11734693877551021
Neural Plate 1,abhd10,6.052117,2.3038135,1.4295469262282587e-09,9.62836087570927e-08,0.29253731343283584,0.07857142857142857
Neural Plate 1,ildr1,6.0507,2.0772867,1.4421754970206986e-09,9.691087805382079e-08,0.3074626865671642,0.09285714285714286
Neural Plate 1,rspo2,6.046367,2.0834439,1.4814827796658876e-09,9.909662044030562e-08,0.32238805970149254,0.12244897959183673
Neural Plate 1,tat,5.972621,2.0520265,2.3347213537780784e-09,1.5405471758981267e-07,0.31044776119402984,0.10102040816326531
Neural Plate 1,pard6b,5.945039,2.1604238,2.76391310738423e-09,1.8074260412069e-07,0.2955223880597015,0.08163265306122448
Neural Plate 1,tbc1d14,5.9160404,1.5205479,3.2978448515239133e-09,2.1280199305716448e-07,0.36716417910447763,0.1673469387755102
Neural Plate 1,ltbp4,5.902791,4.898735,3.574030754364653e-09,2.3011562330579994e-07,0.22686567164179106,0.013265306122448979
Neural Plate 1,rell1,5.8920417,1.3689456,3.81453419979611e-09,2.4452335349614056e-07,0.4,0.19591836734693877
Neural Plate 1,syt8,5.889875,2.515857,3.864880606563327e-09,2.4720858864431643e-07,0.27761194029850744,0.06938775510204082
Neural Plate 1,fhod1,5.8710427,1.7444584,4.330632076153851e-09,2.7459589201313066e-07,0.34328358208955223,0.14285714285714285
Neural Plate 1,ccdc149,5.8428774,3.8863635,5.1306829005168105e-09,3.2252686422582123e-07,0.23283582089552238,0.02040816326530612
Neural Plate 1,mgat4g,5.8368773,2.5968797,5.318816085335665e-09,3.3363586478636654e-07,0.2716417910447761,0.06428571428571428
Neural Plate 1,lima1,5.822545,1.2656808,5.79582187799785e-09,3.6277873515151e-07,0.417910447761194,0.23673469387755103
Neural Plate 1,sema3f,5.8140454,1.1004238,6.098088944555691e-09,3.8007086980449343e-07,0.48955223880597015,0.2938775510204082
Neural Plate 1,fam184a,5.8044624,3.2684522,6.457282101492393e-09,4.01601730018562e-07,0.24477611940298508,0.03571428571428571
Neural Plate 1,myo6,5.738216,1.3410324,9.567918002325137e-09,5.83882695461307e-07,0.3940298507462687,0.21224489795918366
Neural Plate 1,neurl1b,5.7280498,2.3505573,1.0159187232013121e-08,6.161062281721484e-07,0.2746268656716418,0.0673469387755102
Neural Plate 1,LOC101734097,5.694718,2.4135985,1.2357606603326868e-08,7.341975581744871e-07,0.27761194029850744,0.07857142857142857
Neural Plate 1,pip4k2c,5.666386,3.06002,1.4584080218857077e-08,8.577610641396603e-07,0.24477611940298508,0.04285714285714286
Neural Plate 1,nedd4,5.5654745,1.7971965,2.614403001235085e-08,1.4868018313055014e-06,0.31044776119402984,0.11530612244897959
Neural Plate 1,pla2g7,5.5625577,2.7813132,2.6584895443704682e-08,1.5089380169221973e-06,0.24776119402985075,0.04897959183673469
Neural Plate 1,rhpn2,5.557558,2.9659894,2.7357503618188484e-08,1.5497813726032316e-06,0.2417910447761194,0.04285714285714286
Neural Plate 1,tsnax,5.5543914,1.1706398,2.785804439055699e-08,1.5750841307163857e-06,0.41492537313432837,0.22346938775510203
Neural Plate 1,XB5949052,5.5275598,1.6468585,3.2471607737495366e-08,1.8218379381472688e-06,0.3253731343283582,0.12959183673469388
Neural Plate 1,gadd45a,5.5123935,2.352947,3.5398617919498944e-08,1.9784646279251886e-06,0.2656716417910448,0.06938775510204082
Neural Plate 1,kiz,5.4888115,1.0234598,4.046472998001845e-08,2.231744381218716e-06,0.46567164179104475,0.28877551020408165
Neural Plate 1,nuak2,5.4633126,2.0401516,4.673303107515259e-08,2.5533705259024023e-06,0.28059701492537314,0.08469387755102041
Neural Plate 1,chst4,5.44423,3.4217122,5.202986488771719e-08,2.83218804568503e-06,0.22388059701492538,0.025510204081632654
Neural Plate 1,cacna1e,5.4362307,1.2198949,5.441948269106695e-08,2.956758175729699e-06,0.41194029850746267,0.24693877551020407
Neural Plate 1,prkcd,5.371067,1.0219266,7.827200024851056e-08,4.1751256190952776e-06,0.4626865671641791,0.2836734693877551
Neural Plate 1,atp12al,5.368901,3.0863285,7.921801317860834e-08,4.217890242666485e-06,0.23283582089552238,0.04081632653061224
Neural Plate 1,itprid1,5.3622346,3.3997607,8.219878887779429e-08,4.360712881464256e-06,0.22388059701492538,0.03163265306122449
Neural Plate 1,plekha8,5.353568,2.9465618,8.623653915069344e-08,4.558373012502568e-06,0.23582089552238805,0.04591836734693878
Neural Plate 1,pmfbp1,5.338902,2.0108035,9.351106728063788e-08,4.916226632518572e-06,0.2835820895522388,0.09795918367346938
Neural Plate 1,perp,5.321403,1.2815644,1.0296997307717399e-07,5.336729225210768e-06,0.382089552238806,0.19795918367346937
Neural Plate 1,tnk2l,5.2714057,3.1426804,1.353829569061932e-07,6.8704500231335654e-06,0.22388059701492538,0.03469387755102041
Neural Plate 1,pkp3,5.1822433,1.451165,2.192329855841124e-07,1.0861693901032525e-05,0.3373134328358209,0.15816326530612246
Neural Plate 1,tspan13,5.156411,2.3330863,2.517277236163096e-07,1.2366811914333354e-05,0.24776119402985075,0.06326530612244897
Neural Plate 1,mfsd6,5.155328,1.1939503,2.531874046826125e-07,1.2396852640330728e-05,0.3880597014925373,0.2153061224489796
Neural Plate 1,dixdc1,5.144245,1.3796415,2.68598564441873e-07,1.3129439192642792e-05,0.3492537313432836,0.18061224489795918
Neural Plate 1,ier3,5.141745,2.0582023,2.721979639305478e-07,1.3283169755682541e-05,0.25970149253731345,0.07244897959183673
Neural Plate 1,XB13580952,5.128996,4.517847,2.912916383092308e-07,1.4167630415003537e-05,0.19701492537313434,0.009183673469387756
Neural Plate 1,ctf1,5.11858,1.5324186,3.0784501186863525e-07,1.4947869670983515e-05,0.3194029850746269,0.1520408163265306
Neural Plate 1,sptlc1,5.1070805,1.0727768,3.271746502923075e-07,1.583384470644775e-05,0.41194029850746267,0.25510204081632654
Neural Plate 1,atp8b1,5.1045804,1.7193651,3.315291722383542e-07,1.599163239884378e-05,0.2955223880597015,0.12142857142857143
Neural Plate 1,gnb5,5.0959973,4.466377,3.4690958407089915e-07,1.67059539571276e-05,0.19701492537313434,0.011224489795918367
Neural Plate 1,rasgef1a,5.072249,1.2308811,3.931420342625439e-07,1.877767124759546e-05,0.37910447761194027,0.22142857142857142
Neural Plate 1,nherf2,5.04675,1.4593241,4.493887389923486e-07,2.1359483299976167e-05,0.32238805970149254,0.1489795918367347
Neural Plate 1,nedd4l,5.0417504,1.6265715,4.612930828264921e-07,2.1854227073097556e-05,0.2955223880597015,0.11632653061224489
Neural Plate 1,rnd1,5.019335,1.3097224,5.18507413998965e-07,2.4406586503387675e-05,0.34626865671641793,0.17448979591836736
Neural Plate 1,dctn2,5.005252,1.4097061,5.578897978832563e-07,2.6134097246675425e-05,0.3253731343283582,0.15
Neural Plate 1,pgap1,4.986253,1.0538049,6.15615196792852e-07,2.8563567964209298e-05,0.40298507462686567,0.23877551020408164
Neural Plate 1,atp1b2,4.9627542,2.4407105,6.950052755298247e-07,3.2043689604120354e-05,0.23582089552238805,0.05918367346938776
Neural Plate 1,tuft1,4.9478383,1.301105,7.504223056285222e-07,3.438180942919645e-05,0.3402985074626866,0.1663265306122449
Neural Plate 1,plcl1,4.9454217,2.0079217,7.597920944450325e-07,3.4653454785386354e-05,0.25671641791044775,0.07959183673469387
Neural Plate 1,grhl3,4.9450884,1.4951723,7.610932904183244e-07,3.4653454785386354e-05,0.3253731343283582,0.15816326530612246
Neural Plate 1,sytl5,4.933422,2.9044514,8.08011999282924e-07,3.6675463899129116e-05,0.21791044776119403,0.04183673469387755
Neural Plate 1,st6galnac2,4.931256,1.7221501,8.170269112083151e-07,3.6985611717063043e-05,0.27761194029850744,0.1
Neural Plate 1,LOC101733912,4.9311724,1.3805264,8.173755659820986e-07,3.6985611717063043e-05,0.3283582089552239,0.17244897959183675
Neural Plate 1,arfip1,4.925756,1.003972,8.403480943899039e-07,3.7907739424554444e-05,0.417910447761194,0.24897959183673468
Neural Plate 1,morn1,4.8922577,2.6480653,9.968582305088068e-07,4.4284442151980134e-05,0.22388059701492538,0.04693877551020408
Neural Plate 1,slc8a1,4.8795915,1.3626726,1.0630573154227005e-06,4.686912275583854e-05,0.3373134328358209,0.1826530612244898
Neural Plate 1,ift46,4.8664255,1.7239801,1.1363467069143545e-06,4.987470058530555e-05,0.2835820895522388,0.11428571428571428
Neural Plate 1,cpn1,4.85026,1.3703699,1.2329990585652144e-06,5.387413375324332e-05,0.3253731343283582,0.15306122448979592
Neural Plate 1,map7,4.8408437,2.57591,1.2928913942475848e-06,5.61552872886347e-05,0.22686567164179106,0.05612244897959184
Neural Plate 1,sh3d21,4.8347607,3.14223,1.3330602836978014e-06,5.772842244854879e-05,0.20597014925373133,0.03163265306122449
Neural Plate 1,bak1,4.823761,2.478401,1.4087617578529607e-06,6.064729741354918e-05,0.22388059701492538,0.05
Neural Plate 1,stx3,4.8175945,3.1254623,1.452991425703254e-06,6.236768335496595e-05,0.20597014925373133,0.0326530612244898
Neural Plate 1,tdgf1,4.810428,2.1343894,1.5060716397452215e-06,6.45512904712501e-05,0.23582089552238805,0.05918367346938776
Neural Plate 1,pros1,4.7997622,1.0222192,1.5885410570380977e-06,6.798630108093797e-05,0.3970149253731343,0.23673469387755103
Neural Plate 1,dleu7,4.789096,1.4385899,1.6753423890850506e-06,7.128374581564063e-05,0.31343283582089554,0.15612244897959185
Neural Plate 1,LOC100497952,4.7681804,5.501017,1.8589722289874165e-06,7.829916026733599e-05,0.1791044776119403,0.00510204081632653
Neural Plate 1,exoc4,4.7464314,1.4192915,2.070367455076212e-06,8.657927193037591e-05,0.33134328358208953,0.17142857142857143
Neural Plate 1,slc39a5,4.7292657,2.417652,2.2533329579466018e-06,9.369441777203004e-05,0.22686567164179106,0.05918367346938776
Neural Plate 1,nme7,4.727599,1.6890317,2.2719013558216505e-06,9.433231325571402e-05,0.28059701492537314,0.11632653061224489
Neural Plate 1,cat1,4.705517,4.823854,2.5322351551449797e-06,0.00010454769183621878,0.1791044776119403,0.007142857142857143
Neural Plate 1,rbbp8nl,4.697934,2.954305,2.6280638421942244e-06,0.0001080463209158641,0.20597014925373133,0.03775510204081633
Neural Plate 1,LOC100491826,4.6927676,5.6462607,2.6953370126916654e-06,0.0001102819971425892,0.1761194029850746,0.00510204081632653
Neural Plate 1,ece1,4.6821012,1.4121242,2.8394895082896274e-06,0.0001151194421869821,0.30149253731343284,0.13979591836734695
Neural Plate 1,tspan18,4.6778517,3.5005424,2.898962026707455e-06,0.00011736781025302716,0.191044776119403,0.02142857142857143
Neural Plate 1,mmel1,4.6725187,3.1776993,2.9752864564142018e-06,0.00011995944607923247,0.19701492537313434,0.027551020408163266
Neural Plate 1,pcdh10,4.668185,1.3473017,3.038715965477669e-06,0.0001221797887027204,0.31044776119402984,0.14795918367346939
Neural Plate 1,agbl5,4.6665187,1.4555432,3.063455677743201e-06,0.00012300531993971362,0.29850746268656714,0.1357142857142857
Neural Plate 1,nos2,4.6581025,3.61665,3.1913717210424472e-06,0.00012796568830972807,0.1880597014925373,0.018367346938775512
Neural Plate 1,prss27,4.647853,3.8513877,3.354076331965861e-06,0.00013357357664808456,0.18507462686567164,0.015306122448979591
Neural Plate 1,flvcr2,4.6429367,1.650847,3.4349165318420175e-06,0.00013642125698678535,0.27761194029850744,0.11938775510204082
Neural Plate 1,rab15,4.635604,2.5461557,3.558972382009584e-06,0.0001407744542605171,0.21194029850746268,0.044897959183673466
Neural Plate 1,ica1,4.622104,2.2733068,3.798667934822079e-06,0.0001500525167605192,0.22388059701492538,0.05918367346938776
Neural Plate 1,gcnt3,4.604439,4.7321362,4.135800476104253e-06,0.00016314923578542972,0.1761194029850746,0.00816326530612245
Neural Plate 1,rin3,4.603439,1.3408012,4.15571690899549e-06,0.00016349362175887907,0.31343283582089554,0.16020408163265307
Neural Plate 1,iqca1,4.559941,3.2743306,5.116804685732105e-06,0.00019863123209646103,0.19402985074626866,0.030612244897959183
Neural Plate 1,ttc12,4.554441,1.6567904,5.2525048970504836e-06,0.0002036286082833988,0.26865671641791045,0.10816326530612246
Neural Plate 1,atg2a,4.528109,2.3118603,5.951387349526259e-06,0.00022920290331225572,0.21791044776119403,0.05510204081632653
Neural Plate 1,LOC101730242,4.5121098,2.6863887,6.418593696964124e-06,0.00024590027831711443,0.2,0.03571428571428571
Neural Plate 1,sec61g,4.497944,1.0364467,6.861380932397764e-06,0.00026047405978560915,0.36716417910447763,0.2163265306122449
Neural Plate 1,ptprvl,4.487611,3.0110698,7.20262751749477e-06,0.00027187705182192285,0.19701492537313434,0.036734693877551024
Neural Plate 1,prrt4,4.4874444,1.7059232,7.208262295576278e-06,0.00027187705182192285,0.25671641791044775,0.1
Neural Plate 1,cdh1,4.456946,1.2197567,8.313557744812657e-06,0.0003103622049024506,0.33432835820895523,0.18775510204081633
Neural Plate 1,muc4,4.454779,1.1281066,8.397952685335632e-06,0.00031311295273602787,0.39104477611940297,0.24387755102040817
Neural Plate 1,gclm,4.4521127,1.3024222,8.502947775797967e-06,0.0003166237788972616,0.3074626865671642,0.15714285714285714
Neural Plate 1,hes5.10,4.441613,4.587694,8.928690679225211e-06,0.0003312113670614621,0.1701492537313433,0.00816326530612245
Neural Plate 1,cep170b,4.421281,1.2846137,9.811748189252095e-06,0.00036031056698495977,0.3194029850746269,0.17244897959183675
Neural Plate 1,slc33a1,4.407865,1.6840222,1.0439458458992032e-05,0.00038159150582617763,0.25671641791044775,0.10510204081632653
Neural Plate 1,rasef2,4.4077816,2.3409438,1.0443474553075233e-05,0.00038159150582617763,0.21194029850746268,0.05408163265306123
Neural Plate 1,arfip2,4.391199,1.0307127,1.1272723367103572e-05,0.0004088250331808989,0.3641791044776119,0.2173469387755102
Neural Plate 1,rax,4.378783,2.1683915,1.1934384042433606e-05,0.00043174997517868405,0.2208955223880597,0.0653061224489796
Neural Plate 1,trhd,4.3553677,1.0778614,1.3284380133788086e-05,0.0004764610008475578,0.34626865671641793,0.19489795918367347
Neural Plate 1,hook2,4.3547845,1.0247934,1.331980203217166e-05,0.0004771459965715806,0.3611940298507463,0.2153061224489796
Neural Plate 1,tmem177,4.3522844,1.6055377,1.3472633291814931e-05,0.00048144076253428146,0.25671641791044775,0.10204081632653061
Neural Plate 1,LOC100492758,4.339285,2.914287,1.4294700790120496e-05,0.0005089505466455691,0.1880597014925373,0.030612244897959183
Neural Plate 1,LOC100495973,4.3224525,3.6334252,1.5430427557079652e-05,0.0005421235912511963,0.1761194029850746,0.019387755102040816
Neural Plate 1,sgk1,4.2634554,2.7702112,2.0128962662684506e-05,0.0006914097621538553,0.1880597014925373,0.0336734693877551
Neural Plate 1,LOC116408821,4.238623,1.7722358,2.248945852964653e-05,0.0007706792054866327,0.24776119402985075,0.10204081632653061
Neural Plate 1,slc66a2,4.2285404,1.2365129,2.3521214212110012e-05,0.0008022737603666136,0.3044776119402985,0.16020408163265307
Neural Plate 1,hivep2,4.211958,1.2209384,2.531665969418778e-05,0.000856517684630559,0.3074626865671642,0.1653061224489796
Neural Plate 1,kitlg,4.2092915,1.3936708,2.5617272614923175e-05,0.0008636891531797224,0.30149253731343284,0.1653061224489796
Neural Plate 1,mpzl2,4.204625,3.4010978,2.6151531707321873e-05,0.0008806859715860896,0.17313432835820897,0.02040816326530612
Neural Plate 1,echdc1,4.191459,4.494182,2.7716623264003688e-05,0.0009323183137285291,0.16119402985074627,0.00816326530612245
Neural Plate 1,LOC116408867,4.1806264,2.364557,2.907073607052401e-05,0.000972273096198498,0.2,0.05
Neural Plate 1,gatd3ala,4.1697936,5.017168,3.0487582979369174e-05,0.001013859542741684,0.1582089552238806,0.006122448979591836
Neural Plate 1,six3,4.1637936,1.5516214,3.130028884160917e-05,0.001037306373880217,0.25671641791044775,0.11224489795918367
Neural Plate 1,egln1,4.1497946,1.1972021,3.327739866925302e-05,0.001097891242100378,0.30149253731343284,0.15816326530612246
Neural Plate 1,nkx6-2,4.131295,1.1731042,3.6072474662963844e-05,0.0011821014651043679,0.3074626865671642,0.16020408163265307
Neural Plate 1,chuk,4.106963,2.430709,4.0089502739894753e-05,0.0013078752841404727,0.191044776119403,0.04285714285714286
Neural Plate 1,ncoa1,4.10313,1.221562,4.075979250849831e-05,0.0013267811746279666,0.29850746268656714,0.16122448979591836
Neural Plate 1,nphp1,4.0941305,3.8026366,4.237555519669996e-05,0.0013763109488385962,0.16417910447761194,0.015306122448979591
Neural Plate 1,btd,4.0936303,4.471339,4.2467078508892114e-05,0.0013777526880060216,0.1582089552238806,0.009183673469387756
Neural Plate 1,tiparp,4.0921307,1.1998283,4.274277497409709e-05,0.001385159706505357,0.2955223880597015,0.15306122448979592
Neural Plate 1,pld3,4.085381,1.4093852,4.4004556666174766e-05,0.00142289512821787,0.2626865671641791,0.11734693877551021
Neural Plate 1,rnf222,4.0817976,4.791773,4.468866781245632e-05,0.001441826102456855,0.15522388059701492,0.006122448979591836
Neural Plate 1,kcnk5,4.063799,2.0785878,4.828046883748791e-05,0.0015525702800754774,0.20298507462686566,0.05510204081632653
Neural Plate 1,cc2d2a,3.9743865,1.1074685,7.056091277180552e-05,0.0021895605533255274,0.31044776119402984,0.17857142857142858
Neural Plate 1,cfap43,3.9690535,2.6453736,7.215871448540833e-05,0.0022343976516133166,0.1791044776119403,0.03571428571428571
Neural Plate 1,abo.3,3.9453878,2.0768776,7.967089995338407e-05,0.0024566034562630485,0.208955223880597,0.07040816326530612
Neural Plate 1,amt,3.9382217,4.9420557,8.208777123355669e-05,0.00252845905261127,0.14925373134328357,0.00510204081632653
Neural Plate 1,ca12,3.9348884,2.517191,8.323535800103337e-05,0.0025611081576086387,0.1791044776119403,0.03571428571428571
Neural Plate 1,plch2,3.933472,1.7338082,8.372765932606151e-05,0.002573547013417565,0.21791044776119403,0.07551020408163266
Neural Plate 1,mob2.2,3.9066398,1.1961727,9.358849983927748e-05,0.0028467070122808746,0.2865671641791045,0.15306122448979592
Neural Plate 1,acod1la,3.8798077,4.7533684,0.00010453903247822227,0.0031535402047171467,0.14925373134328357,0.00816326530612245
Neural Plate 1,znf185,3.876808,1.7289757,0.00010583582758797426,0.0031893681198186348,0.23283582089552238,0.1
Neural Plate 1,LOC100485898,3.8629754,1.9297934,0.00011201433249868378,0.0033479457599887782,0.21492537313432836,0.07959183673469387
Neural Plate 1,arhgef16,3.8629754,1.8891712,0.00011201433249868378,0.0033479457599887782,0.21194029850746268,0.07857142857142857
Neural Plate 1,plekha6,3.8513093,1.1064434,0.00011748803699492023,0.0034936854622568798,0.2955223880597015,0.16122448979591836
Neural Plate 1,XB5992952,3.840893,1.6187994,0.0001225875080176151,0.003637924311535946,0.2208955223880597,0.0826530612244898
Neural Plate 1,dync2i1,3.8351433,1.4418572,0.00012549107871383244,0.0037165448043404623,0.2417910447761194,0.10510204081632653
Neural Plate 1,tm9sf2,3.822144,1.1601722,0.0001322963922385264,0.0038826865878758684,0.3074626865671642,0.18571428571428572
Neural Plate 1,abhd11,3.8144777,1.442343,0.00013647125160357236,0.004001194739843554,0.23582089552238805,0.09795918367346938
Neural Plate 1,ag1,3.7377315,1.3658713,0.0001856880797991333,0.005337117267068305,0.25671641791044775,0.12959183673469388
Neural Plate 1,tmem72,3.725732,1.2286637,0.0001947491517281235,0.005581090641338017,0.28059701492537314,0.16224489795918368
Neural Plate 1,ezr,3.717899,2.7276716,0.00020088641893009686,0.00572888869438601,0.16716417910447762,0.0336734693877551
Neural Plate 1,palld,3.7139826,1.6675822,0.00020402275430382165,0.0058126599717885094,0.21492537313432836,0.0836734693877551
Neural Plate 1,dpy19l3,3.7088163,2.1704252,0.0002082304420223017,0.0059037672655226974,0.18208955223880596,0.04795918367346939
Neural Plate 1,elovl1,3.6819842,1.4556309,0.00023142568679930295,0.006523437078910728,0.2417910447761194,0.11734693877551021
Neural Plate 1,LOC116406886,3.6784844,1.6857985,0.0002346239927461387,0.006600860377249645,0.20597014925373133,0.07142857142857142
Neural Plate 1,pdxdc1,3.6751513,2.0187387,0.000237708519311035,0.006681209353827755,0.191044776119403,0.05918367346938776
Neural Plate 1,ccdc39,3.6498191,2.7541232,0.00026242495057437034,0.00731960279602998,0.16417910447761194,0.0326530612244898
Neural Plate 1,sec24d,3.6371531,1.8256625,0.0002756680223139996,0.007637963943374904,0.20298507462686566,0.07551020408163266
Neural Plate 1,slc22a15.2,3.6339867,2.4441998,0.00027907530369352036,0.007725047540023953,0.1701492537313433,0.03979591836734694
Neural Plate 1,efcab10,3.6329868,1.971276,0.00028015946009784176,0.007747721076745517,0.1880597014925373,0.058163265306122446
Neural Plate 1,b3gnt2,3.5918221,1.1469133,0.00032837402042580166,0.008970748589781877,0.2716417910447761,0.14795918367346939
Neural Plate 1,rffl,3.5839891,1.4328256,0.0003383861725443514,0.009218421444216156,0.22686567164179106,0.1
Neural Plate 1,dop1b,3.56599,2.3065639,0.0003624851624493949,0.009820022042222671,0.1761194029850746,0.05
Neural Plate 1,fam3b,3.5608237,2.8829536,0.0003696933754092513,0.009996768785002613,0.1582089552238806,0.030612244897959183
Neural Plate 1,ift80,3.556657,1.1376544,0.0003756038293225817,0.01014720474577485,0.2716417910447761,0.1510204081632653
Neural Plate 1,rbpms,3.5468242,1.5082653,0.0003899045231583571,0.01048509578329525,0.21791044776119403,0.09387755102040816
Neural Plate 1,sorl1,3.5426579,1.1021516,0.00039611628439057116,0.010642348445791162,0.26865671641791045,0.14285714285714285
Neural Plate 1,nfxl1,3.5415745,1.2660027,0.00039774642138816794,0.010666537287704163,0.24477611940298508,0.12142857142857143
Neural Plate 1,fzd8,3.5331583,1.1875069,0.00041062649674016737,0.01097168475887736,0.2537313432835821,0.12551020408163266
Neural Plate 1,elovl7,3.5258253,1.8805617,0.00042216528135309854,0.011259409981051481,0.20298507462686566,0.08163265306122448
Neural Plate 1,acacb,3.5188258,1.134261,0.00043346140127652937,0.011539626794821704,0.2626865671641791,0.14081632653061224
Neural Plate 1,slc6a9,3.5119927,1.7133168,0.00044476021999623763,0.011783461040720266,0.2,0.07448979591836735
Neural Plate 1,tmed10l,3.511826,3.1563385,0.0004450392045757988,0.011783461040720266,0.14925373134328357,0.022448979591836733
Neural Plate 1,hydin,3.50016,1.1361111,0.0004649790648769043,0.012278051531541816,0.28059701492537314,0.1653061224489796
Neural Plate 1,gpa33,3.49966,1.0011094,0.0004658519794832174,0.012289999289055891,0.2955223880597015,0.17653061224489797
Neural Plate 1,tnfrsf21,3.4977434,1.10491,0.00046921233549453574,0.012334123901835229,0.2746268656716418,0.16224489795918368
Neural Plate 1,creb3l2,3.4901605,1.1079988,0.00048273063215599065,0.012655335523364808,0.26865671641791045,0.1510204081632653
Neural Plate 1,elf1,3.4884105,1.7060026,0.00048590140384898323,0.012727046537553431,0.20298507462686566,0.08061224489795918
Neural Plate 1,LOC100486856,3.4808276,2.7892818,0.0004998671687621006,0.013042561128232889,0.1582089552238806,0.0336734693877551
Neural Plate 1,uba5,3.480661,1.713391,0.0005001782704919116,0.013042561128232889,0.19701492537313434,0.07346938775510205
Neural Plate 1,tmem45b,3.4709947,2.039935,0.000518534179684248,0.013473131205644669,0.1880597014925373,0.0673469387755102
Neural Plate 1,parm1,3.4661617,2.5070784,0.0005279457911506814,0.013693330453527566,0.16417910447761194,0.04081632653061224
Neural Plate 1,spdef,3.458662,4.2554903,0.0005428656831762817,0.01401811553438683,0.13432835820895522,0.00816326530612245
Neural Plate 1,ift70a,3.452829,1.7486181,0.0005547406205138353,0.014299491250652486,0.191044776119403,0.0673469387755102
Neural Plate 1,atp8a1,3.4458294,1.3747971,0.0005693098399959947,0.014636320081726403,0.2298507462686567,0.11122448979591837
Neural Plate 1,LOC100496344,3.4236639,3.6606057,0.0006178301868772761,0.01575898271606427,0.1373134328358209,0.012244897959183673
Neural Plate 1,ncmap,3.4178307,3.0810735,0.0006312235914988535,0.01607255819085626,0.14328358208955225,0.018367346938775512
Neural Plate 1,rab3d,3.4174974,2.5408988,0.0006319970280961436,0.016078246412774912,0.15522388059701492,0.030612244897959183
Neural Plate 1,ugcg,3.4109144,2.3356147,0.0006474542133475083,0.016343466416546645,0.16119402985074627,0.03775510204081633
Neural Plate 1,ccdc186,3.4059145,1.1419415,0.0006594279863966393,0.016602704108837348,0.25671641791044775,0.14183673469387756
Neural Plate 1,lasp1,3.4046648,1.123802,0.0006624534363767364,0.016664523578940087,0.2537313432835821,0.1336734693877551
Neural Plate 1,gal3st4,3.3964984,2.8342423,0.0006825395183647281,0.017062791069443084,0.15223880597014924,0.030612244897959183
Neural Plate 1,tspan1,3.3963318,2.4062705,0.0006829552718431942,0.017062791069443084,0.1582089552238806,0.03469387755102041
Neural Plate 1,bbs2,3.3884156,1.1981107,0.0007029768915241271,0.01753303542332915,0.23880597014925373,0.11734693877551021
Neural Plate 1,slc41a2,3.373333,1.2926329,0.0007426410702709728,0.018427963603642447,0.23582089552238805,0.12142857142857143
Neural Plate 1,hacl1,3.3721664,3.7924461,0.0007457940430443915,0.018459191932456064,0.13432835820895522,0.011224489795918367
Neural Plate 1,kcnt2,3.36775,1.0050551,0.0007578432565404837,0.01872571110053667,0.2746268656716418,0.15612244897959185
Neural Plate 1,ankrd66,3.3454175,5.4459186,0.0008215876279085567,0.020063348330321654,0.1253731343283582,0.003061224489795918
Neural Plate 1,lrrk1,3.344751,3.3805058,0.0008235647750937113,0.02007808335343142,0.1373134328358209,0.015306122448979591
Neural Plate 1,stmn1,3.3203356,1.1366578,0.0008990931999580948,0.021738125167886743,0.23582089552238805,0.11326530612244898
Neural Plate 1,lman1,3.3191688,1.3206172,0.0009028579754853699,0.02179960229844997,0.21791044776119403,0.10102040816326531
Neural Plate 1,slc35a3.2,3.3130026,1.4622937,0.0009230013690493565,0.022224261135652176,0.20597014925373133,0.08775510204081632
Neural Plate 1,itpka,3.310086,1.9391574,0.0009326729959026334,0.022408448638468248,0.17313432835820897,0.05408163265306123
Neural Plate 1,rnft2,3.3051696,1.0938146,0.0009491894036742704,0.02272379644455577,0.24776119402985075,0.12857142857142856
Neural Plate 1,ppp2r5b,3.29517,4.2550144,0.0009836211897450466,0.023452064435103958,0.12835820895522387,0.00816326530612245
Neural Plate 1,dnai1,3.29467,3.0020854,0.0009853727693738415,0.023474679235180734,0.14328358208955225,0.024489795918367346
Neural Plate 1,fam83h,3.2938368,1.2939711,0.00098829848794064,0.02351303351290523,0.21791044776119403,0.1
Neural Plate 1,zbbx,3.2863371,2.7524989,0.00101499423128458,0.02410178421988591,0.14626865671641792,0.027551020408163266
Neural Plate 1,gbf1,3.2728379,1.1963075,0.001064735300008041,0.02511967518525831,0.2537313432835821,0.14795918367346939
Neural Plate 1,zc2hc1c,3.2679214,2.1858575,0.0010834042809101413,0.02547786849178145,0.16119402985074627,0.04387755102040816
Neural Plate 1,kcnip1,3.2495058,2.0872724,0.0011560576146378227,0.02699099052194744,0.16417910447761194,0.04693877551020408
Neural Plate 1,cert1,3.2471726,1.3668821,0.001165577292345937,0.027169848351327023,0.2208955223880597,0.11020408163265306
Neural Plate 1,bbs9,3.2395062,1.5492836,0.001197368653700158,0.027778002473261364,0.2,0.08571428571428572
Neural Plate 1,golm1,3.2224238,1.8781171,0.001271110116236682,0.02928812344355979,0.1791044776119403,0.0663265306122449
Neural Plate 1,vps4b,3.2183406,1.096811,0.001289346231409873,0.02962962239806761,0.2507462686567164,0.14081632653061224
Neural Plate 1,agps,3.2168407,1.0393118,0.0012961056420093167,0.029761558540121236,0.2626865671641791,0.1489795918367347
Neural Plate 1,il1r2,3.1835923,2.5935175,0.0014545973091393118,0.03290970119462169,0.14328358208955225,0.027551020408163266
Neural Plate 1,elovl3,3.1770093,2.5736284,0.001488022688743473,0.03351031680636399,0.15223880597014924,0.03979591836734694
Neural Plate 1,sppl2a,3.1658432,1.0762361,0.001546341366696426,0.0346634236885761,0.2417910447761194,0.12857142857142856
Neural Plate 1,ntf4,3.1490107,1.1653439,0.001638242092019951,0.036499584292557306,0.2298507462686567,0.11836734693877551
Neural Plate 1,osbpl2,3.1259284,1.6439027,0.0017724464729748212,0.039190909872562026,0.19701492537313434,0.09081632653061225
Neural Plate 1,cracr2a,3.125012,3.2584887,0.0017779788712562487,0.03928352258933591,0.13134328358208955,0.018367346938775512
Neural Plate 1,cers2,3.1216786,1.3727973,0.0017982307663084295,0.03964108863496357,0.21194029850746268,0.10510204081632653
Neural Plate 1,atp13a2,3.1048462,1.6382954,0.001903779894760568,0.0416849364073005,0.18208955223880596,0.07346938775510205
Neural Plate 1,XB5992703,3.1000965,2.9061065,0.001934576454365813,0.04223271421774987,0.1373134328358209,0.025510204081632654
Neural Plate 1,nexn,3.0910137,1.661217,0.0019947453039628605,0.0433842261756982,0.1791044776119403,0.06938775510204082
Neural Plate 1,gmds,3.0838473,1.1246494,0.0020434249050635496,0.04427023795099208,0.2537313432835821,0.1540816326530612
Neural Plate 1,rab11fip1,3.0823474,1.8988647,0.0020537506046145364,0.04440324254695822,0.16119402985074627,0.04897959183673469
Neural Plate 1,hesx1,3.0803473,1.1244848,0.002067592670418462,0.04460354343099784,0.2298507462686567,0.12040816326530612
Neural Plate 1,copb1,3.0642648,1.0826395,0.002182056211530148,0.04665960871926683,0.23880597014925373,0.12959183673469388
Neural Plate 1,LOC100497175,3.0521822,1.6566547,0.0022718420066771953,0.04840248811747894,0.16716417910447762,0.05510204081632653
Neural Plate 1,cpne1,3.0467658,1.1885654,0.0023131790692261706,0.04911785275787342,0.2208955223880597,0.11326530612244898
Neural Plate 1,vstm2b,-3.0490155,-1.210719,0.002295925353293808,0.04884439155904753,0.10746268656716418,0.2163265306122449
Neural Plate 1,bicd1,-3.0495157,-1.3239304,0.0022921072381211476,0.04879867929899436,0.09850746268656717,0.20510204081632652
Neural Plate 1,rnf125,-3.0533488,-1.3470162,0.0022630276916200437,0.04824986320477425,0.09253731343283582,0.20204081632653062
Neural Plate 1,inka1,-3.0775142,-2.1054873,0.0020873487963669066,0.04489719843017001,0.041791044776119404,0.15306122448979592
Neural Plate 1,msx1,-3.104513,-1.4744477,0.0019059262788736068,0.04170069689951676,0.07462686567164178,0.18775510204081633
Neural Plate 1,mmp17,-3.1263452,-1.4852132,0.0017699369817395813,0.039165047625457756,0.07462686567164178,0.18877551020408162
Neural Plate 1,cnr1,-3.1653433,-2.1813288,0.0015490012365212836,0.034696440723949146,0.03880597014925373,0.1540816326530612
Neural Plate 1,ube2ql1,-3.174426,-2.0104606,0.0015013312303447989,0.03375801014939139,0.05373134328358209,0.1663265306122449
Neural Plate 1,timp3,-3.1801758,-3.5198255,0.001471857300657102,0.03319742342245968,0.014925373134328358,0.1306122448979592
Neural Plate 1,celf2,-3.1816757,-1.5254289,0.0014642566337235716,0.03307703683181895,0.07761194029850746,0.19183673469387755
Neural Plate 1,hoxb1,-3.192675,-1.1135252,0.0014096141241228316,0.0320657046398712,0.11641791044776119,0.2336734693877551
Neural Plate 1,ypel1,-3.2111742,-1.5548787,0.0013219374334087351,0.030283348836967663,0.07462686567164178,0.18979591836734694
Neural Plate 1,hectd2,-3.2132576,-1.0467547,0.0013123857269905393,0.030111732484819822,0.14925373134328357,0.25816326530612244
Neural Plate 1,mapkbp1,-3.2301733,-1.4976864,0.0012371519377709379,0.028587500626863466,0.07761194029850746,0.19387755102040816
Neural Plate 1,ncan,-3.2920036,-1.6222646,0.000994763402522169,0.02364059269847604,0.08358208955223881,0.19795918367346937
Neural Plate 1,ubr3,-3.313336,-1.133854,0.000921901977342688,0.022216089612286986,0.1253731343283582,0.24285714285714285
Neural Plate 1,LOC101731264,-3.324002,-1.9257296,0.0008873555650347906,0.02148493012492931,0.05970149253731343,0.17755102040816326
Neural Plate 1,frmd3,-3.3436677,-1.0694603,0.0008267870562301524,0.020139843700552988,0.14029850746268657,0.25918367346938775
Neural Plate 1,sdc3,-3.347834,-1.8184186,0.0008144573255941422,0.019939197725663625,0.056716417910447764,0.17857142857142858
Neural Plate 1,pcdh8,-3.3535838,-3.8957508,0.0007977223166998786,0.01954586843206551,0.011940298507462687,0.1336734693877551
Neural Plate 1,b4galt2,-3.3545005,-1.203859,0.0007950840982132825,0.019497569861470186,0.11343283582089553,0.23469387755102042
Neural Plate 1,adgrb1,-3.3628335,-1.4461654,0.0007714690108915016,0.01901417424736044,0.09253731343283582,0.21224489795918366
Neural Plate 1,pnhd,-3.3815825,-1.0083753,0.0007206959048143744,0.01791382822587498,0.15522388059701492,0.27653061224489794
Neural Plate 1,gphn,-3.382249,-1.4494221,0.0007189491280988343,0.01788561869230385,0.10149253731343283,0.2173469387755102
Neural Plate 1,LOC493495,-3.3874989,-1.6347522,0.0007053300923911682,0.017561758032952502,0.056716417910447764,0.1836734693877551
Neural Plate 1,hoxa4,-3.3881655,-1.4721011,0.0007036179489937557,0.017534063313756582,0.08059701492537313,0.20408163265306123
Neural Plate 1,cfi,-3.4078312,-1.247987,0.0006548139082903284,0.01651498304851992,0.11940298507462686,0.23877551020408164
Neural Plate 1,cyp26c1,-3.4346633,-1.9912099,0.0005932907164063508,0.015186060360134887,0.056716417910447764,0.17959183673469387
Neural Plate 1,hoxa9,-3.4393296,-1.0876684,0.0005831567066024115,0.014952854114644818,0.14626865671641792,0.2673469387755102
Neural Plate 1,slc37a2,-3.4470792,-1.4394083,0.0005666823339911493,0.014581594458534582,0.0955223880597015,0.2173469387755102
Neural Plate 1,mtss2,-3.5064096,-1.1095561,0.0004541956205732255,0.012004152065981877,0.14328358208955225,0.2642857142857143
Neural Plate 1,fat4,-3.5136592,-2.8332298,0.00044197933808329287,0.011734330637159613,0.026865671641791045,0.1540816326530612
Neural Plate 1,arhgap24,-3.515659,-1.3274279,0.0004386637045838057,0.011664208508420556,0.12238805970149254,0.24285714285714285
Neural Plate 1,slc44a5,-3.5903223,-2.0148914,0.00033026951757767755,0.009005698011486095,0.04776119402985075,0.17959183673469387
Neural Plate 1,tox2,-3.6241539,-1.1387724,0.0002899090511055987,0.007987117316557733,0.1582089552238806,0.27653061224489794
Neural Plate 1,pitpnc1,-3.6407363,-1.2007949,0.00027185944774913605,0.0075467459802041744,0.1253731343283582,0.25612244897959185
Neural Plate 1,kcnk9,-3.667485,-1.5995852,0.0002449479201102145,0.006871470875951708,0.07462686567164178,0.20816326530612245
Neural Plate 1,efna1,-3.686984,-1.0963647,0.00022692759318264827,0.006409005291132359,0.16716417910447762,0.28775510204081634
Neural Plate 1,rab30,-3.6986501,-1.9828687,0.00021674914201360538,0.006139335436240018,0.0626865671641791,0.19387755102040816
Neural Plate 1,rnd3,-3.7249823,-1.5086375,0.00019532904555763002,0.005592226572669033,0.08955223880597014,0.22448979591836735
Neural Plate 1,sycp1,-3.744481,-1.713417,0.0001807669250277152,0.005211043378190477,0.0955223880597015,0.22448979591836735
Neural Plate 1,LOC100216241,-3.7582304,-1.1477937,0.00017111921230313036,0.004967215188513211,0.16119402985074627,0.28877551020408165
Neural Plate 1,mvb12b,-3.7637303,-1.0390389,0.0001673974682003038,0.004864011325013002,0.17313432835820897,0.30306122448979594
Neural Plate 1,dlgap4,-3.7903123,-1.4323144,0.00015045802762127732,0.004389260085227103,0.1044776119402985,0.23775510204081632
Neural Plate 1,hoxb6,-3.8396432,-1.5802209,0.0001232132790663094,0.003652786369561146,0.09253731343283582,0.22755102040816327
Neural Plate 1,hecw1,-3.8588922,-1.7267473,0.00011390217191082873,0.0033939596199036035,0.08955223880597014,0.22142857142857142
Neural Plate 1,gabra1,-3.9016402,-1.9673069,9.554315308211571e-05,0.002900126591633774,0.06865671641791045,0.20612244897959184
Neural Plate 1,apbb2,-3.9103062,-1.5153372,9.217915555079074e-05,0.0028067592665678796,0.09850746268656717,0.23775510204081632
Neural Plate 1,nlgn1,-3.911723,-1.4369673,9.16400238050636e-05,0.0027932529049487114,0.0955223880597015,0.23979591836734693
Neural Plate 1,rsu1,-3.9144728,-1.4256464,9.060196492637507e-05,0.0027644948191679224,0.11044776119402985,0.24897959183673468
Neural Plate 1,arhgap23,-3.921639,-1.2354294,8.794866355036861e-05,0.0026891499835155074,0.1373134328358209,0.2755102040816326
Neural Plate 1,rbm20,-3.9218056,-1.1818353,8.788784122452105e-05,0.0026891499835155074,0.1761194029850746,0.3010204081632653
Neural Plate 1,pik3r3,-3.9511375,-1.1482168,7.77805821613013e-05,0.0024008492050232293,0.15223880597014924,0.29285714285714287
Neural Plate 1,LOC116411597,-3.9941354,-1.3272873,6.493073030256941e-05,0.002032109397724204,0.12835820895522387,0.2683673469387755
Neural Plate 1,irak1,-4.0103846,-2.0151334,6.0619903807313594e-05,0.0019053552776253585,0.06567164179104477,0.20714285714285716
Neural Plate 1,sipa1,-4.0460496,-2.0489333,5.2089206162191806e-05,0.0016622484555971929,0.06567164179104477,0.20918367346938777
Neural Plate 1,tmem221,-4.0480494,-1.7725105,5.1646230654696657e-05,0.00164991362652179,0.07164179104477612,0.2193877551020408
Neural Plate 1,gas1,-4.1288786,-1.4681736,3.645364757751369e-05,0.0011932548402444599,0.10746268656716418,0.2540816326530612
Neural Plate 1,cxcl12,-4.142295,-1.3501225,3.438479581456988e-05,0.0011314204694141147,0.10746268656716418,0.26326530612244897
Neural Plate 1,ank2,-4.157794,-1.0146327,3.213355299354451e-05,0.00106135128537209,0.19701492537313434,0.34285714285714286
Neural Plate 1,smpd3,-4.1839595,-1.3472503,2.86475282055128e-05,0.0009603163956139274,0.14626865671641792,0.28775510204081634
Neural Plate 1,me2,-4.288454,-3.0646498,1.7992085998973066e-05,0.0006238750484412594,0.026865671641791045,0.1826530612244898
Neural Plate 1,fgf13,-4.3044534,-2.032604,1.6739849028289846e-05,0.000583917096594201,0.0626865671641791,0.21836734693877552
Neural Plate 1,syt1,-4.3049536,-2.3089726,1.6702087649168455e-05,0.000583917096594201,0.05373134328358209,0.20816326530612245
Neural Plate 1,LOC100492173,-4.324286,-1.0892258,1.5302681105281943e-05,0.0005382823963760487,0.18208955223880596,0.336734693877551
Neural Plate 1,ergic1,-4.3257856,-1.0396448,1.519891189576736e-05,0.0005359220670991263,0.20298507462686566,0.3510204081632653
Neural Plate 1,mmd,-4.3311186,-1.0782894,1.4835361594599162e-05,0.0005243681436175673,0.208955223880597,0.3448979591836735
Neural Plate 1,trim9,-4.3497844,-1.2010319,1.3627136459820349e-05,0.00048577417787440077,0.1761194029850746,0.3224489795918367
Neural Plate 1,bcr,-4.354451,-1.0759526,1.3340083552450944e-05,0.00047728761606082444,0.191044776119403,0.3408163265306122
Neural Plate 1,kif13a,-4.3665338,-1.0925914,1.262338190134498e-05,0.0004538672525931305,0.18507462686567164,0.33979591836734696
Neural Plate 1,nceh1,-4.368117,-1.2959331,1.2532238087682024e-05,0.0004511451373658045,0.14626865671641792,0.2979591836734694
Neural Plate 1,cadps,-4.404615,-1.4577142,1.0597184089572964e-05,0.0003867244545846533,0.1253731343283582,0.2795918367346939
Neural Plate 1,ebf4,-4.4168644,-1.8616059,1.001429437621563e-05,0.00036728712535904524,0.08358208955223881,0.23979591836734693
Neural Plate 1,ccdc88a,-4.433614,-1.5435481,9.266659690904555e-06,0.0003420122846273119,0.11044776119402985,0.2683673469387755
Neural Plate 1,ifrd1,-4.4396133,-1.0195563,9.012061339046773e-06,0.0003338803105217696,0.21194029850746268,0.37244897959183676
Neural Plate 1,hes3,-4.51011,-1.1574401,6.479404286149211e-06,0.0002479050611105073,0.18208955223880596,0.3408163265306122
Neural Plate 1,slit1,-4.5322757,-1.0610747,5.835168018413859e-06,0.0002250234780293608,0.22388059701492538,0.37244897959183676
Neural Plate 1,chst12,-4.5446916,-1.0211155,5.5015759505394755e-06,0.00021272032620399392,0.22686567164179106,0.37857142857142856
Neural Plate 1,myh10,-4.581773,-1.8300607,4.6105012811177385e-06,0.0001794534792920807,0.08059701492537313,0.24693877551020407
Neural Plate 1,fgfr3,-4.596189,-1.0724943,4.302884459166684e-06,0.0001690559349810502,0.23283582089552238,0.37448979591836734
Neural Plate 1,ephb2,-4.6039386,-1.2940243,4.145747231368606e-06,0.00016332120932632845,0.16417910447761194,0.32448979591836735
Neural Plate 1,marchf9,-4.685601,-2.2308612,2.7913928954672223e-06,0.0001136423478097526,0.056716417910447764,0.22653061224489796
Neural Plate 1,cdin1,-4.6926007,-1.0282443,2.697534396939936e-06,0.0001102819971425892,0.23283582089552238,0.38979591836734695
Neural Plate 1,LOC108644713,-4.7127666,-2.0701957,2.4437610775179445e-06,0.00010103759555435226,0.07462686567164178,0.24081632653061225
Neural Plate 1,hip1,-4.742515,-1.1409172,2.110811154360017e-06,8.789333454857217e-05,0.19701492537313434,0.36020408163265305
Neural Plate 1,mtcl2,-4.7434316,-2.1982296,2.1012781418606383e-06,8.762120023499047e-05,0.06865671641791045,0.23469387755102042
Neural Plate 1,st8sia4,-4.7595143,-1.4552222,1.9405944065694204e-06,8.126864627282339e-05,0.1373134328358209,0.30306122448979594
Neural Plate 1,fat3,-4.7615976,-1.7785594,1.9206649918124162e-06,8.054943812864955e-05,0.09850746268656717,0.2653061224489796
Neural Plate 1,septin6,-4.7834296,-1.579145,1.723291665961983e-06,7.311108662951339e-05,0.11641791044776119,0.2857142857142857
Neural Plate 1,gdf11,-4.7879295,-1.3725985,1.6851082643185952e-06,7.159505766612915e-05,0.16119402985074627,0.32448979591836735
Neural Plate 1,efna3,-4.829261,-1.2497591,1.3704084010172394e-06,5.925799995582089e-05,0.1761194029850746,0.3377551020408163
Neural Plate 1,itpr1,-4.8444266,-1.205402,1.2697778745884608e-06,5.5315763117876746e-05,0.191044776119403,0.3551020408163265
Neural Plate 1,reep3,-4.856926,-1.2240652,1.1922207873183894e-06,5.2170368015125505e-05,0.19402985074626866,0.35714285714285715
Neural Plate 1,zic5,-4.8735085,-1.8856949,1.096335003097461e-06,4.8211270684098254e-05,0.08955223880597014,0.26224489795918365
Neural Plate 1,mapkap1,-4.8864245,-1.1435071,1.0268361880897891e-06,4.534055681881061e-05,0.20597014925373133,0.3693877551020408
Neural Plate 1,gria2,-4.91909,-1.53141,8.69476371050668e-07,3.910102123412627e-05,0.14029850746268657,0.30714285714285716
Neural Plate 1,cxcr4,-4.9294224,-1.3931811,8.247305045912428e-07,3.726073783571347e-05,0.15223880597014924,0.32551020408163267
Neural Plate 1,LOC100496797,-4.9875865,-1.0508871,6.113832175686245e-07,2.8412309749997558e-05,0.24776119402985075,0.41020408163265304
Neural Plate 1,syngap1,-5.004419,-3.0747662,5.603083281921767e-07,2.620539638621683e-05,0.03880597014925373,0.2173469387755102
Neural Plate 1,cdh23,-5.012835,-1.6047803,5.363388100688081e-07,2.5205337230098603e-05,0.1253731343283582,0.3051020408163265
Neural Plate 1,rspo3,-5.0382504,-1.0569701,4.698064997605488e-07,2.222154335679709e-05,0.2865671641791045,0.42448979591836733
Neural Plate 1,XB5768883,-5.0914145,-1.571073,3.554022042142199e-07,1.7058722219024404e-05,0.12238805970149254,0.3051020408163265
Neural Plate 1,entpd2,-5.0949974,-1.489988,3.487456457096209e-07,1.6766749950226853e-05,0.14328358208955225,0.3173469387755102
Neural Plate 1,dennd2b,-5.1361623,-1.2343231,2.8040560624360747e-07,1.3660893793511482e-05,0.19701492537313434,0.3683673469387755
Neural Plate 1,wnt11,-5.209242,-4.2039475,1.896137140668298e-07,9.442246125873087e-06,0.014925373134328358,0.20408163265306123
Neural Plate 1,LOC116407528,-5.209242,-1.3437233,1.896137140668298e-07,9.442246125873087e-06,0.17313432835820897,0.3510204081632653
Neural Plate 1,mtcl1,-5.2564063,-2.5456727,1.4689757636956907e-07,7.429001825015353e-06,0.06567164179104477,0.24897959183673468
Neural Plate 1,maneal,-5.2680726,-1.0986999,1.378637554908088e-07,6.984220860921719e-06,0.2507462686567164,0.4122448979591837
Neural Plate 1,slco5a1,-5.280572,-1.3949658,1.2878137556805497e-07,6.546797198660548e-06,0.16119402985074627,0.3489795918367347
Neural Plate 1,notum,-5.290238,-1.370035,1.2215733289391425e-07,6.2426241220664466e-06,0.18208955223880596,0.3551020408163265
Neural Plate 1,XB5730291,-5.298071,-1.5065821,1.1703253337666917e-07,6.0017157598831874e-06,0.14029850746268657,0.3295918367346939
Neural Plate 1,gramd1a,-5.2994876,-1.6796883,1.1612819511841642e-07,5.9658053980780854e-06,0.11940298507462686,0.30714285714285716
Neural Plate 1,sp5,-5.3294024,-1.6141669,9.853630917741904e-08,5.134251075873683e-06,0.1253731343283582,0.3142857142857143
Neural Plate 1,hnf1b,-5.335736,-1.0068308,9.515793297845498e-08,4.975959819129191e-06,0.31044776119402984,0.49183673469387756
Neural Plate 1,slc25a24,-5.3585677,-1.8928133,8.388421433049584e-08,4.442064255606383e-06,0.08955223880597014,0.2836734693877551
Neural Plate 1,ap3b2,-5.366651,-1.6967074,8.021212796185664e-08,4.263055840823694e-06,0.11940298507462686,0.30714285714285716
Neural Plate 1,lrrn1,-5.4640627,-1.1532955,4.653591318182018e-08,2.5473619442280627e-06,0.23582089552238805,0.4193877551020408
Neural Plate 1,kif26a,-5.4860616,-1.2841563,4.1099368333863206e-08,2.2624776568119685e-06,0.21194029850746268,0.39387755102040817
Neural Plate 1,st3gal2,-5.4992275,-1.121658,3.8145851939040325e-08,2.111820829602439e-06,0.2417910447761194,0.42551020408163265
Neural Plate 1,hoxb3,-5.506394,-1.1413784,3.6625852580057955e-08,2.035380792333981e-06,0.25970149253731345,0.4316326530612245
Neural Plate 1,brsk2,-5.597223,-1.4542077,2.1781279739606446e-08,1.2459659257699334e-06,0.1701492537313433,0.36122448979591837
Neural Plate 1,rims2,-5.625388,-1.3939943,1.8509145739791532e-08,1.0692506701973247e-06,0.18208955223880596,0.373469387755102
Neural Plate 1,dnajc6,-5.636054,-1.071762,1.7399069272225114e-08,1.009111495826215e-06,0.27761194029850744,0.45408163265306123
Neural Plate 1,lef1,-5.661553,-1.0693952,1.5000926158635844e-08,8.805061697652296e-07,0.28059701492537314,0.4714285714285714
Neural Plate 1,arhgef40,-5.682385,-1.1090422,1.3282908401950359e-08,7.843892838331534e-07,0.2656716417910448,0.44387755102040816
Neural Plate 1,cep170,-5.6842184,-1.0682433,1.3141223523590735e-08,7.791705980082775e-07,0.27761194029850744,0.4642857142857143
Neural Plate 1,irx1,-5.706051,-1.1719934,1.1562758390957281e-08,6.92604488782935e-07,0.24776119402985075,0.4326530612244898
Neural Plate 1,scn1a,-5.7552147,-2.1542845,8.653163890406249e-09,5.313878858833299e-07,0.08656716417910448,0.2897959183673469
Neural Plate 1,sncaip,-5.7654643,-2.193317,8.143328946938352e-09,5.032508423846828e-07,0.08358208955223881,0.286734693877551
Neural Plate 1,ptprm,-5.819045,-2.506567,5.9184771200588754e-09,3.696645399496602e-07,0.06865671641791045,0.27448979591836736
Neural Plate 1,tp53inp2,-5.8428774,-1.6676098,5.1306829005168105e-09,3.2252686422582123e-07,0.14029850746268657,0.3438775510204082
Neural Plate 1,abca1,-5.8566265,-1.5971019,4.723636653049122e-09,2.9822164795956564e-07,0.15522388059701492,0.35612244897959183
Neural Plate 1,pou3f1,-5.967371,-2.3428698,2.411066698314107e-09,1.5873398796941365e-07,0.07761194029850746,0.28775510204081634
Neural Plate 1,fbln1,-6.0333676,-1.6941301,1.6057736486912241e-09,1.071652272257835e-07,0.14328358208955225,0.3510204081632653
Neural Plate 1,gria1,-6.049367,-1.435627,1.4541605002400222e-09,9.74921228956791e-08,0.1880597014925373,0.39591836734693875
Neural Plate 1,dhrsx,-6.196193,-1.3763254,5.784516618165952e-10,4.016323165453894e-08,0.21194029850746268,0.4122448979591837
Neural Plate 1,rab3a,-6.210192,-1.3097885,5.291977717310409e-10,3.709587545676272e-08,0.2417910447761194,0.4377551020408163
Neural Plate 1,pcdh18,-6.2251916,-2.5907216,4.809677717728219e-10,3.3796079174738836e-08,0.06567164179104477,0.28775510204081634
Neural Plate 1,dhrs3,-6.2546067,-1.1367087,3.9851856866880813e-10,2.8412429953068123e-08,0.3044776119402985,0.5051020408163265
Neural Plate 1,runx1t1,-6.316687,-1.9862041,2.6722987431052596e-10,1.9479791660775523e-08,0.11343283582089553,0.3346938775510204
Neural Plate 1,camk2g,-6.3690176,-1.1836948,1.90242483819565e-10,1.4114157473425645e-08,0.27761194029850744,0.4887755102040816
Neural Plate 1,nkain1,-6.387517,-1.8531551,1.6860095610697816e-10,1.2611406505016015e-08,0.13432835820895522,0.35306122448979593
Neural Plate 1,ube2e2,-6.401683,-1.0125941,1.5367358843928104e-10,1.1547641808916772e-08,0.3641791044776119,0.573469387755102
Neural Plate 1,ism1,-6.509011,-1.5661062,7.5647232215543e-11,5.819063802348783e-09,0.1761194029850746,0.39693877551020407
Neural Plate 1,tafa5,-6.545009,-1.629807,5.949175468177703e-11,4.612741329185741e-09,0.17313432835820897,0.39591836734693875
Neural Plate 1,zc3h12c,-6.634838,-1.3007085,3.248591130033942e-11,2.5595570706744514e-09,0.2626865671641791,0.46938775510204084
Neural Plate 1,hmcn2,-6.7716646,-1.1700705,1.2730904271796792e-11,1.0308505893875126e-09,0.3044776119402985,0.5061224489795918
Neural Plate 1,nckap5l,-6.7921634,-1.016816,1.1046421797124196e-11,8.969387654214928e-10,0.373134328358209,0.5785714285714286
Neural Plate 1,cdh20,-6.840828,-1.283807,7.873685692596707e-12,6.501573629386845e-10,0.2955223880597015,0.4826530612244898
Neural Plate 1,dennd5b,-6.8673263,-1.037666,6.541624201351434e-12,5.463377629420108e-10,0.3582089552238806,0.5795918367346938
Neural Plate 1,nrcam,-6.954822,-1.1373821,3.5300707911692942e-12,2.9996366074613266e-10,0.3641791044776119,0.5836734693877551
Neural Plate 1,anos1,-6.963072,-4.162317,3.32932154698257e-12,2.845596436837646e-10,0.023880597014925373,0.27448979591836736
Neural Plate 1,trim36,-7.084482,-1.5854647,1.395649495433849e-12,1.2177979224187118e-10,0.19402985074626866,0.4306122448979592
Neural Plate 1,hs6st2,-7.0887322,-1.6449312,1.3534615388297924e-12,1.1880791063523622e-10,0.18507462686567164,0.4316326530612245
Neural Plate 1,galnt16,-7.154479,-2.2165349,8.399134522072297e-13,7.50810707078579e-11,0.10746268656716418,0.35714285714285715
Neural Plate 1,cntfr,-7.2488074,-1.3635612,4.2045666908066495e-13,3.914130220986279e-11,0.2835820895522388,0.5214285714285715
Neural Plate 1,arid1b,-7.2548075,-1.1414902,4.022340891548689e-13,3.7684950833608886e-11,0.36716417910447763,0.5897959183673469
Neural Plate 1,celsr3,-7.2849727,-1.4036297,3.2173600479836327e-13,3.033762953632567e-11,0.2507462686567164,0.4816326530612245
Neural Plate 1,emb,-7.3224707,-3.1196823,2.434466480790235e-13,2.3255519509797176e-11,0.04477611940298507,0.3112244897959184
Neural Plate 1,ube2g1,-7.3330536,-1.1134202,2.249672130157249e-13,2.156071017594313e-11,0.3582089552238806,0.5826530612244898
Neural Plate 1,ldlrad3,-7.3978004,-1.2538574,1.384589536364681e-13,1.3581522395126173e-11,0.3044776119402985,0.5326530612244897
Neural Plate 1,apln,-7.444798,-2.8154528,9.709295368658227e-14,9.620759760042327e-12,0.06567164179104477,0.3306122448979592
Neural Plate 1,dpysl4,-7.4710464,-1.5250372,7.955948216345068e-14,7.910215044625261e-12,0.23283582089552238,0.4704081632653061
Neural Plate 1,lrch2,-7.5132947,-1.1863544,5.76576254818915e-14,5.771883734456062e-12,0.33134328358208953,0.573469387755102
Neural Plate 1,crabp2,-7.548793,-1.2272011,4.393113589348674e-14,4.4434291809775465e-12,0.3522388059701492,0.6061224489795919
Neural Plate 1,nkd1,-7.569125,-1.0355096,3.757463025824752e-14,3.813694503745948e-12,0.4507462686567164,0.6602040816326531
Neural Plate 1,xylt1,-7.591707,-1.0128256,3.1571763207350956e-14,3.238155123909038e-12,0.43582089552238806,0.65
Neural Plate 1,hs3st3b1,-7.636622,-1.6156353,2.2299544736816407e-14,2.3279928292924297e-12,0.21791044776119403,0.4673469387755102
Neural Plate 1,jam2,-7.6459546,-1.6937461,2.0740086570319167e-14,2.1729515073010737e-12,0.18208955223880596,0.4520408163265306
Neural Plate 1,ncald,-7.681786,-1.9022361,1.5688558514058664e-14,1.6555677036983712e-12,0.1582089552238806,0.42244897959183675
Neural Plate 1,pdgfa,-7.6924524,-1.9715998,1.4434132254002157e-14,1.5287105794084673e-12,0.13432835820895522,0.4163265306122449
Neural Plate 1,cux2,-7.713118,-1.3614297,1.2278054055010394e-14,1.3050901748436685e-12,0.29253731343283584,0.5510204081632653
Neural Plate 1,syn1,-7.8729434,-3.4351518,3.463935543713992e-15,3.806552627003898e-13,0.04477611940298507,0.32551020408163267
Neural Plate 1,mfap2,-7.895942,-1.1412914,2.881301980704835e-15,3.202408296501256e-13,0.373134328358209,0.6040816326530613
Neural Plate 1,onecut2,-7.930107,-2.0683322,2.189568392878357e-15,2.4616643727779716e-13,0.15522388059701492,0.42448979591836733
Neural Plate 1,pbx3,-8.083933,-1.6768639,6.271085021013304e-16,7.216932529497633e-14,0.2507462686567164,0.49183673469387756
Neural Plate 1,grip1,-8.107765,-1.3273326,5.155931400443299e-16,6.028521230654322e-14,0.3253731343283582,0.5642857142857143
Neural Plate 1,nedd9,-8.120765,-1.8568702,4.63256568465254e-16,5.438334438878651e-14,0.18507462686567164,0.45714285714285713
Neural Plate 1,pou2f2,-8.246092,-1.4440106,1.6365934127342735e-16,1.9823477379145648e-14,0.28955223880597014,0.5418367346938775
Neural Plate 1,vim,-8.271257,-1.5768744,1.325540316871257e-16,1.6144528751026546e-14,0.2537313432835821,0.5040816326530613
Neural Plate 1,dll1,-8.27309,-2.6226292,1.3053088712940746e-16,1.5964637496567824e-14,0.0955223880597015,0.3836734693877551
Neural Plate 1,pald1,-8.27509,-1.1520925,1.2835853580795166e-16,1.5764909076479977e-14,0.408955223880597,0.6581632653061225
Neural Plate 1,clip2,-8.277757,-1.7178525,1.2551743100659964e-16,1.554661027861828e-14,0.21194029850746268,0.48673469387755103
Neural Plate 1,clic4,-8.41275,-1.2237304,4.0050822428013914e-17,5.18020172740387e-15,0.3880597014925373,0.6530612244897959
Neural Plate 1,nexmif,-8.476414,-2.4288418,2.3224237160233842e-17,3.0717994408633274e-15,0.11343283582089553,0.40408163265306124
Neural Plate 1,irx3,-8.484997,-1.829888,2.1572549293475982e-17,2.8663054018072565e-15,0.19701492537313434,0.4806122448979592
Neural Plate 1,gab3,-8.487579,-1.3589623,2.1098529332664322e-17,2.8161237941694555e-15,0.3492537313432836,0.6163265306122448
Neural Plate 1,bcl2,-8.497579,-1.5777277,1.9358563970303122e-17,2.595734786311608e-15,0.26865671641791045,0.5326530612244897
Neural Plate 1,hdac9,-8.499995,-2.033044,1.8959786245300613e-17,2.553979316757522e-15,0.15522388059701492,0.45
Neural Plate 1,fyn,-8.530411,-1.0744073,1.458289737382452e-17,1.9855220473949024e-15,0.4746268656716418,0.7173469387755103
Neural Plate 1,cdknx,-8.535911,-1.5509286,1.3905597471336235e-17,1.917332640021837e-15,0.2835820895522388,0.5295918367346939
Neural Plate 1,lama5,-8.558576,-1.5986094,1.1427009581218991e-17,1.598195775447906e-15,0.23880597014925373,0.5163265306122449
Neural Plate 1,XB5726464,-8.584575,-1.2397505,9.11730457370308e-18,1.2874779226759167e-15,0.3880597014925373,0.6244897959183674
Neural Plate 1,rassf4,-8.657071,-1.1992433,4.840405204446626e-18,6.935778653489183e-16,0.417910447761194,0.6653061224489796
Neural Plate 1,dock4,-8.749066,-1.5817299,2.1512466368466115e-18,3.1599542935509195e-16,0.25970149253731345,0.5428571428571428
Neural Plate 1,itga5,-8.877727,-1.872751,6.824053404043076e-19,1.028216005430841e-16,0.20597014925373133,0.49081632653061225
Neural Plate 1,cdc25b,-8.890726,-1.02323,6.071077735107145e-19,9.340193330258788e-17,0.5223880597014925,0.7306122448979592
Neural Plate 1,dclk1,-8.928225,-1.929122,4.329008304980008e-19,6.76691132421768e-17,0.20597014925373133,0.48775510204081635
Neural Plate 1,tmem150b,-9.013054,-1.518659,2.0039740366453489e-19,3.1835959274554455e-17,0.29850746268656714,0.5755102040816327
Neural Plate 1,cttnbp2nl,-9.123714,-1.1545455,7.25924829837468e-20,1.1921072303920802e-17,0.4507462686567164,0.7010204081632653
Neural Plate 1,sema5b,-9.253208,-2.1112382,2.178533243867453e-20,3.8132158833227256e-18,0.16119402985074627,0.47959183673469385
Neural Plate 1,jam3,-9.35037,-2.244374,8.734151702944508e-21,1.5567560270047008e-18,0.14029850746268657,0.4714285714285714
Neural Plate 1,pax3,-9.357703,-1.7137486,8.148884038038825e-21,1.4613498731037602e-18,0.3044776119402985,0.6020408163265306
Neural Plate 1,st3gal3,-9.498529,-2.0868082,2.1287505605324517e-21,3.963408129613e-19,0.18208955223880596,0.49489795918367346
Neural Plate 1,ptprd,-9.6570215,-1.2498171,4.5901485752293765e-22,8.769583856374504e-20,0.4507462686567164,0.6969387755102041
Neural Plate 1,ksr2,-9.7825985,-1.0639749,1.3373190321927474e-22,2.588819379471934e-20,0.5671641791044776,0.8071428571428572
Neural Plate 1,col13a1,-9.853345,-1.164985,6.629976919250157e-23,1.3094652386932523e-20,0.5223880597014925,0.7612244897959184
Neural Plate 1,dact4,-9.909259,-2.8965306,3.794493828150064e-23,7.597044458264007e-21,0.08955223880597014,0.43979591836734694
Neural Plate 1,abr,-9.938174,-1.477088,2.8398381236315426e-23,5.724917806336112e-21,0.382089552238806,0.6448979591836734
Neural Plate 1,fscn1,-9.940174,-2.0119307,2.7833976436815966e-23,5.689615141430542e-21,0.2,0.5326530612244897
Neural Plate 1,ltbp1,-10.03517,-1.9416462,1.0677578553662823e-23,2.2454409978569637e-21,0.24776119402985075,0.5653061224489796
Neural Plate 1,lrp1,-10.058835,-1.1493378,8.398623622330957e-24,1.7919720226595342e-21,0.5134328358208955,0.7591836734693878
Neural Plate 1,wnt4,-10.395652,-2.2395344,2.595067972654087e-25,5.703491120951249e-23,0.19402985074626866,0.5377551020408163
Neural Plate 1,prex1,-10.521563,-1.193717,6.872457396816774e-26,1.5572775361732645e-23,0.5253731343283582,0.7704081632653061
Neural Plate 1,kirrel3,-10.63964,-2.2354503,1.9488161888476157e-26,4.485499686315327e-24,0.2,0.5387755102040817
Neural Plate 1,ark2c,-10.979206,-2.145861,4.811332292264055e-28,1.1918648663997508e-25,0.21492537313432836,0.5581632653061225
Neural Plate 1,prtg,-10.998622,-1.0949998,3.880165446473617e-28,9.694112492809427e-26,0.6179104477611941,0.8346938775510204
Neural Plate 1,sh3pxd2a,-11.057119,-1.7339376,2.0249777077071844e-28,5.102769256378337e-26,0.3194029850746269,0.6469387755102041
Neural Plate 1,gnao1,-11.080284,-1.3648875,1.5637494546818403e-28,4.0451292309561836e-26,0.4746268656716418,0.7510204081632653
Neural Plate 1,wnt3a,-11.113116,-2.778155,1.0831249559793734e-28,2.878256871657551e-26,0.13432835820895522,0.5081632653061224
Neural Plate 1,cdon,-11.218111,-1.4741887,3.3229260917368203e-29,8.993745609959166e-27,0.43283582089552236,0.763265306122449
Neural Plate 1,ssh2,-11.406935,-1.8721975,3.860954794462499e-30,1.0647129207257858e-27,0.27761194029850744,0.6295918367346939
Neural Plate 1,cbfa2t2,-11.414268,-1.2473392,3.5487938213360684e-30,9.879504018235677e-28,0.5582089552238806,0.8336734693877551
Neural Plate 1,ralgps2,-11.433267,-1.248761,2.8517373151703586e-30,8.093119753373277e-28,0.5223880597014925,0.7714285714285715
Neural Plate 1,lhfpl2,-11.485348,-1.529245,1.5630529130785687e-30,4.568959970219964e-28,0.41194029850746267,0.7418367346938776
Neural Plate 1,plekhg4,-11.71667,-1.5183288,1.0470790045045858e-31,3.188246497986828e-29,0.43582089552238806,0.7561224489795918
Neural Plate 1,s1pr5,-12.003572,-2.395305,3.402864294642872e-33,1.0930673208429207e-30,0.1880597014925373,0.5755102040816327
Neural Plate 1,bcar1,-12.059736,-1.4391439,1.723345473394003e-33,5.597234614753345e-31,0.46567164179104475,0.7836734693877551
Neural Plate 1,fgd4,-12.463383,-1.4415597,1.1824654555392701e-35,4.114839015579572e-33,0.48059701492537316,0.7877551020408163
Neural Plate 1,col4a6,-12.503047,-1.5888122,7.184355441937005e-36,2.5301914930513323e-33,0.4746268656716418,0.7918367346938775
Neural Plate 1,rnf130,-12.65154,-1.4238126,1.0970320996316681e-36,3.958931519053493e-34,0.4955223880597015,0.7714285714285715
Neural Plate 1,lamc1,-12.721869,-1.0307751,4.4703322188074296e-37,1.6334035135994996e-34,0.6776119402985075,0.8938775510204081
Neural Plate 1,col4a5,-12.782701,-2.2526715,2.0483281671323046e-37,7.775932552395376e-35,0.2537313432835821,0.6530612244897959
Neural Plate 1,dpysl3,-13.564661,-1.6144167,6.487857270227813e-42,3.010262791524273e-39,0.46865671641791046,0.7979591836734694
Neural Plate 1,phf21b,-13.589327,-1.1224577,4.6332205312327866e-42,2.1844140217494452e-39,0.6835820895522388,0.9224489795918367
Neural Plate 1,ptpru,-13.645491,-1.5559456,2.1476292028215106e-42,1.0291368725848456e-39,0.48656716417910445,0.8112244897959183
Neural Plate 1,ephb1,-13.697655,-1.5200884,1.0485662368672254e-42,5.108439944977645e-40,0.5194029850746269,0.8244897959183674
Neural Plate 1,nbea,-14.304958,-1.0004536,2.0376061888546198e-46,1.1237974812530074e-43,0.7671641791044777,0.9377551020408164
Neural Plate 1,vcan,-14.328207,-3.4432197,1.4583755637385878e-46,8.198033866085127e-44,0.1253731343283582,0.5969387755102041
Neural Plate 1,rasgef1b,-14.405453,-1.4202015,4.781717556006732e-47,2.795487717592655e-44,0.5970149253731343,0.889795918367347
Neural Plate 1,spns2,-15.468901,-3.5230925,5.625984550455447e-54,3.737571690780981e-51,0.12238805970149254,0.6357142857142857
Neural Plate 1,dbn1,-15.511898,-3.299016,2.882300261059279e-54,1.9593609053726463e-51,0.14925373134328357,0.6591836734693878
Neural Plate 1,nova1,-15.919545,-2.234739,4.6373879302425594e-57,3.4757817074082115e-54,0.3492537313432836,0.7826530612244897
Neural Plate 1,celf3,-16.42052,-1.7403814,1.3639298326923364e-60,1.1726186158655788e-57,0.5343283582089552,0.8826530612244898
Neural Plate 1,tox3,-16.434853,-1.6993164,1.0768629709665013e-60,9.538721667976304e-58,0.5432835820895522,0.8877551020408163
Neural Plate 1,tmeff1,-17.299477,-1.5405371,4.7468345434655296e-67,4.784645535863479e-64,0.6507462686567164,0.9346938775510204
Neural Plate 1,dcc,-17.982609,-1.7083645,2.6664399779224694e-72,2.9977964228712194e-69,0.6417910447761194,0.9040816326530612
Neural Plate 1,srrm4,-19.591362,-1.977893,1.8321951597400183e-85,2.5503284149695465e-82,0.5791044776119403,0.936734693877551
Neural Plate 1,col18a1,-20.326326,-1.3177086,7.522818483417503e-92,1.2935265122869236e-88,0.7791044776119403,0.9816326530612245
Neural Plate 2,col18a1,20.326326,1.3177086,7.522818483417503e-92,1.2935265122869236e-88,0.9816326530612245,0.7791044776119403
Neural Plate 2,srrm4,19.591362,1.977893,1.8321951597400183e-85,2.5503284149695465e-82,0.936734693877551,0.5791044776119403
Neural Plate 2,dcc,17.982609,1.7083645,2.6664399779224694e-72,2.9977964228712194e-69,0.9040816326530612,0.6417910447761194
Neural Plate 2,tmeff1,17.299477,1.5405371,4.7468345434655296e-67,4.784645535863479e-64,0.9346938775510204,0.6507462686567164
Neural Plate 2,tox3,16.434853,1.6993164,1.0768629709665013e-60,9.538721667976304e-58,0.8877551020408163,0.5432835820895522
Neural Plate 2,celf3,16.42052,1.7403814,1.3639298326923364e-60,1.1726186158655788e-57,0.8826530612244898,0.5343283582089552
Neural Plate 2,nova1,15.919545,2.234739,4.6373879302425594e-57,3.4757817074082115e-54,0.7826530612244897,0.3492537313432836
Neural Plate 2,dbn1,15.511898,3.299016,2.882300261059279e-54,1.9593609053726463e-51,0.6591836734693878,0.14925373134328357
Neural Plate 2,spns2,15.468901,3.5230925,5.625984550455447e-54,3.737571690780981e-51,0.6357142857142857,0.12238805970149254
Neural Plate 2,rasgef1b,14.405453,1.4202015,4.781717556006732e-47,2.795487717592655e-44,0.889795918367347,0.5970149253731343
Neural Plate 2,vcan,14.328207,3.4432197,1.4583755637385878e-46,8.198033866085127e-44,0.5969387755102041,0.1253731343283582
Neural Plate 2,nbea,14.304958,1.0004536,2.0376061888546198e-46,1.1237974812530074e-43,0.9377551020408164,0.7671641791044777
Neural Plate 2,ephb1,13.697655,1.5200884,1.0485662368672254e-42,5.108439944977645e-40,0.8244897959183674,0.5194029850746269
Neural Plate 2,ptpru,13.645491,1.5559456,2.1476292028215106e-42,1.0291368725848456e-39,0.8112244897959183,0.48656716417910445
Neural Plate 2,phf21b,13.589327,1.1224577,4.6332205312327866e-42,2.1844140217494452e-39,0.9224489795918367,0.6835820895522388
Neural Plate 2,dpysl3,13.564661,1.6144167,6.487857270227813e-42,3.010262791524273e-39,0.7979591836734694,0.46865671641791046
Neural Plate 2,col4a5,12.782701,2.2526715,2.0483281671323046e-37,7.775932552395376e-35,0.6530612244897959,0.2537313432835821
Neural Plate 2,lamc1,12.721869,1.0307751,4.4703322188074296e-37,1.6334035135994996e-34,0.8938775510204081,0.6776119402985075
Neural Plate 2,rnf130,12.65154,1.4238126,1.0970320996316681e-36,3.958931519053493e-34,0.7714285714285715,0.4955223880597015
Neural Plate 2,col4a6,12.503047,1.5888122,7.184355441937005e-36,2.5301914930513323e-33,0.7918367346938775,0.4746268656716418
Neural Plate 2,fgd4,12.463383,1.4415597,1.1824654555392701e-35,4.114839015579572e-33,0.7877551020408163,0.48059701492537316
Neural Plate 2,bcar1,12.059736,1.4391439,1.723345473394003e-33,5.597234614753345e-31,0.7836734693877551,0.46567164179104475
Neural Plate 2,s1pr5,12.003572,2.395305,3.402864294642872e-33,1.0930673208429207e-30,0.5755102040816327,0.1880597014925373
Neural Plate 2,plekhg4,11.71667,1.5183288,1.0470790045045858e-31,3.188246497986828e-29,0.7561224489795918,0.43582089552238806
Neural Plate 2,lhfpl2,11.485348,1.529245,1.5630529130785687e-30,4.568959970219964e-28,0.7418367346938776,0.41194029850746267
Neural Plate 2,ralgps2,11.433267,1.248761,2.8517373151703586e-30,8.093119753373277e-28,0.7714285714285715,0.5223880597014925
Neural Plate 2,cbfa2t2,11.414268,1.2473392,3.5487938213360684e-30,9.879504018235677e-28,0.8336734693877551,0.5582089552238806
Neural Plate 2,ssh2,11.406935,1.8721975,3.860954794462499e-30,1.0647129207257858e-27,0.6295918367346939,0.27761194029850744
Neural Plate 2,cdon,11.218111,1.4741887,3.3229260917368203e-29,8.993745609959166e-27,0.763265306122449,0.43283582089552236
Neural Plate 2,wnt3a,11.113116,2.778155,1.0831249559793734e-28,2.878256871657551e-26,0.5081632653061224,0.13432835820895522
Neural Plate 2,gnao1,11.080284,1.3648875,1.5637494546818403e-28,4.0451292309561836e-26,0.7510204081632653,0.4746268656716418
Neural Plate 2,sh3pxd2a,11.057119,1.7339376,2.0249777077071844e-28,5.102769256378337e-26,0.6469387755102041,0.3194029850746269
Neural Plate 2,prtg,10.998622,1.0949998,3.880165446473617e-28,9.694112492809427e-26,0.8346938775510204,0.6179104477611941
Neural Plate 2,ark2c,10.979206,2.145861,4.811332292264055e-28,1.1918648663997508e-25,0.5581632653061225,0.21492537313432836
Neural Plate 2,kirrel3,10.63964,2.2354503,1.9488161888476157e-26,4.485499686315327e-24,0.5387755102040817,0.2
Neural Plate 2,prex1,10.521563,1.193717,6.872457396816774e-26,1.5572775361732645e-23,0.7704081632653061,0.5253731343283582
Neural Plate 2,wnt4,10.395652,2.2395344,2.595067972654087e-25,5.703491120951249e-23,0.5377551020408163,0.19402985074626866
Neural Plate 2,lrp1,10.058835,1.1493378,8.398623622330957e-24,1.7919720226595342e-21,0.7591836734693878,0.5134328358208955
Neural Plate 2,ltbp1,10.03517,1.9416462,1.0677578553662823e-23,2.2454409978569637e-21,0.5653061224489796,0.24776119402985075
Neural Plate 2,fscn1,9.940174,2.0119307,2.7833976436815966e-23,5.689615141430542e-21,0.5326530612244897,0.2
Neural Plate 2,abr,9.938174,1.477088,2.8398381236315426e-23,5.724917806336112e-21,0.6448979591836734,0.382089552238806
Neural Plate 2,dact4,9.909259,2.8965306,3.794493828150064e-23,7.597044458264007e-21,0.43979591836734694,0.08955223880597014
Neural Plate 2,col13a1,9.853345,1.164985,6.629976919250157e-23,1.3094652386932523e-20,0.7612244897959184,0.5223880597014925
Neural Plate 2,ksr2,9.7825985,1.0639749,1.3373190321927474e-22,2.588819379471934e-20,0.8071428571428572,0.5671641791044776
Neural Plate 2,ptprd,9.6570215,1.2498171,4.5901485752293765e-22,8.769583856374504e-20,0.6969387755102041,0.4507462686567164
Neural Plate 2,st3gal3,9.498529,2.0868082,2.1287505605324517e-21,3.963408129613e-19,0.49489795918367346,0.18208955223880596
Neural Plate 2,pax3,9.357703,1.7137486,8.148884038038825e-21,1.4613498731037602e-18,0.6020408163265306,0.3044776119402985
Neural Plate 2,jam3,9.35037,2.244374,8.734151702944508e-21,1.5567560270047008e-18,0.4714285714285714,0.14029850746268657
Neural Plate 2,sema5b,9.253208,2.1112382,2.178533243867453e-20,3.8132158833227256e-18,0.47959183673469385,0.16119402985074627
Neural Plate 2,cttnbp2nl,9.123714,1.1545455,7.25924829837468e-20,1.1921072303920802e-17,0.7010204081632653,0.4507462686567164
Neural Plate 2,tmem150b,9.013054,1.518659,2.0039740366453489e-19,3.1835959274554455e-17,0.5755102040816327,0.29850746268656714
Neural Plate 2,dclk1,8.928225,1.929122,4.329008304980008e-19,6.76691132421768e-17,0.48775510204081635,0.20597014925373133
Neural Plate 2,cdc25b,8.890726,1.02323,6.071077735107145e-19,9.340193330258788e-17,0.7306122448979592,0.5223880597014925
Neural Plate 2,itga5,8.877727,1.872751,6.824053404043076e-19,1.028216005430841e-16,0.49081632653061225,0.20597014925373133
Neural Plate 2,dock4,8.749066,1.5817299,2.1512466368466115e-18,3.1599542935509195e-16,0.5428571428571428,0.25970149253731345
Neural Plate 2,rassf4,8.657071,1.1992433,4.840405204446626e-18,6.935778653489183e-16,0.6653061224489796,0.417910447761194
Neural Plate 2,XB5726464,8.584575,1.2397505,9.11730457370308e-18,1.2874779226759167e-15,0.6244897959183674,0.3880597014925373
Neural Plate 2,lama5,8.558576,1.5986094,1.1427009581218991e-17,1.598195775447906e-15,0.5163265306122449,0.23880597014925373
Neural Plate 2,cdknx,8.535911,1.5509286,1.3905597471336235e-17,1.917332640021837e-15,0.5295918367346939,0.2835820895522388
Neural Plate 2,fyn,8.530411,1.0744073,1.458289737382452e-17,1.9855220473949024e-15,0.7173469387755103,0.4746268656716418
Neural Plate 2,hdac9,8.499995,2.033044,1.8959786245300613e-17,2.553979316757522e-15,0.45,0.15522388059701492
Neural Plate 2,bcl2,8.497579,1.5777277,1.9358563970303122e-17,2.595734786311608e-15,0.5326530612244897,0.26865671641791045
Neural Plate 2,gab3,8.487579,1.3589623,2.1098529332664322e-17,2.8161237941694555e-15,0.6163265306122448,0.3492537313432836
Neural Plate 2,irx3,8.484997,1.829888,2.1572549293475982e-17,2.8663054018072565e-15,0.4806122448979592,0.19701492537313434
Neural Plate 2,nexmif,8.476414,2.4288418,2.3224237160233842e-17,3.0717994408633274e-15,0.40408163265306124,0.11343283582089553
Neural Plate 2,clic4,8.41275,1.2237304,4.0050822428013914e-17,5.18020172740387e-15,0.6530612244897959,0.3880597014925373
Neural Plate 2,clip2,8.277757,1.7178525,1.2551743100659964e-16,1.554661027861828e-14,0.48673469387755103,0.21194029850746268
Neural Plate 2,pald1,8.27509,1.1520925,1.2835853580795166e-16,1.5764909076479977e-14,0.6581632653061225,0.408955223880597
Neural Plate 2,dll1,8.27309,2.6226292,1.3053088712940746e-16,1.5964637496567824e-14,0.3836734693877551,0.0955223880597015
Neural Plate 2,vim,8.271257,1.5768744,1.325540316871257e-16,1.6144528751026546e-14,0.5040816326530613,0.2537313432835821
Neural Plate 2,pou2f2,8.246092,1.4440106,1.6365934127342735e-16,1.9823477379145648e-14,0.5418367346938775,0.28955223880597014
Neural Plate 2,nedd9,8.120765,1.8568702,4.63256568465254e-16,5.438334438878651e-14,0.45714285714285713,0.18507462686567164
Neural Plate 2,grip1,8.107765,1.3273326,5.155931400443299e-16,6.028521230654322e-14,0.5642857142857143,0.3253731343283582
Neural Plate 2,pbx3,8.083933,1.6768639,6.271085021013304e-16,7.216932529497633e-14,0.49183673469387756,0.2507462686567164
Neural Plate 2,onecut2,7.930107,2.0683322,2.189568392878357e-15,2.4616643727779716e-13,0.42448979591836733,0.15522388059701492
Neural Plate 2,mfap2,7.895942,1.1412914,2.881301980704835e-15,3.202408296501256e-13,0.6040816326530613,0.373134328358209
Neural Plate 2,syn1,7.8729434,3.4351518,3.463935543713992e-15,3.806552627003898e-13,0.32551020408163267,0.04477611940298507
Neural Plate 2,cux2,7.713118,1.3614297,1.2278054055010394e-14,1.3050901748436685e-12,0.5510204081632653,0.29253731343283584
Neural Plate 2,pdgfa,7.6924524,1.9715998,1.4434132254002157e-14,1.5287105794084673e-12,0.4163265306122449,0.13432835820895522
Neural Plate 2,ncald,7.681786,1.9022361,1.5688558514058664e-14,1.6555677036983712e-12,0.42244897959183675,0.1582089552238806
Neural Plate 2,jam2,7.6459546,1.6937461,2.0740086570319167e-14,2.1729515073010737e-12,0.4520408163265306,0.18208955223880596
Neural Plate 2,hs3st3b1,7.636622,1.6156353,2.2299544736816407e-14,2.3279928292924297e-12,0.4673469387755102,0.21791044776119403
Neural Plate 2,xylt1,7.591707,1.0128256,3.1571763207350956e-14,3.238155123909038e-12,0.65,0.43582089552238806
Neural Plate 2,nkd1,7.569125,1.0355096,3.757463025824752e-14,3.813694503745948e-12,0.6602040816326531,0.4507462686567164
Neural Plate 2,crabp2,7.548793,1.2272011,4.393113589348674e-14,4.4434291809775465e-12,0.6061224489795919,0.3522388059701492
Neural Plate 2,lrch2,7.5132947,1.1863544,5.76576254818915e-14,5.771883734456062e-12,0.573469387755102,0.33134328358208953
Neural Plate 2,dpysl4,7.4710464,1.5250372,7.955948216345068e-14,7.910215044625261e-12,0.4704081632653061,0.23283582089552238
Neural Plate 2,apln,7.444798,2.8154528,9.709295368658227e-14,9.620759760042327e-12,0.3306122448979592,0.06567164179104477
Neural Plate 2,ldlrad3,7.3978004,1.2538574,1.384589536364681e-13,1.3581522395126173e-11,0.5326530612244897,0.3044776119402985
Neural Plate 2,ube2g1,7.3330536,1.1134202,2.249672130157249e-13,2.156071017594313e-11,0.5826530612244898,0.3582089552238806
Neural Plate 2,emb,7.3224707,3.1196823,2.434466480790235e-13,2.3255519509797176e-11,0.3112244897959184,0.04477611940298507
Neural Plate 2,celsr3,7.2849727,1.4036297,3.2173600479836327e-13,3.033762953632567e-11,0.4816326530612245,0.2507462686567164
Neural Plate 2,arid1b,7.2548075,1.1414902,4.022340891548689e-13,3.7684950833608886e-11,0.5897959183673469,0.36716417910447763
Neural Plate 2,cntfr,7.2488074,1.3635612,4.2045666908066495e-13,3.914130220986279e-11,0.5214285714285715,0.2835820895522388
Neural Plate 2,galnt16,7.154479,2.2165349,8.399134522072297e-13,7.50810707078579e-11,0.35714285714285715,0.10746268656716418
Neural Plate 2,hs6st2,7.0887322,1.6449312,1.3534615388297924e-12,1.1880791063523622e-10,0.4316326530612245,0.18507462686567164
Neural Plate 2,trim36,7.084482,1.5854647,1.395649495433849e-12,1.2177979224187118e-10,0.4306122448979592,0.19402985074626866
Neural Plate 2,anos1,6.963072,4.162317,3.32932154698257e-12,2.845596436837646e-10,0.27448979591836736,0.023880597014925373
Neural Plate 2,nrcam,6.954822,1.1373821,3.5300707911692942e-12,2.9996366074613266e-10,0.5836734693877551,0.3641791044776119
Neural Plate 2,dennd5b,6.8673263,1.037666,6.541624201351434e-12,5.463377629420108e-10,0.5795918367346938,0.3582089552238806
Neural Plate 2,cdh20,6.840828,1.283807,7.873685692596707e-12,6.501573629386845e-10,0.4826530612244898,0.2955223880597015
Neural Plate 2,nckap5l,6.7921634,1.016816,1.1046421797124196e-11,8.969387654214928e-10,0.5785714285714286,0.373134328358209
Neural Plate 2,hmcn2,6.7716646,1.1700705,1.2730904271796792e-11,1.0308505893875126e-09,0.5061224489795918,0.3044776119402985
Neural Plate 2,zc3h12c,6.634838,1.3007085,3.248591130033942e-11,2.5595570706744514e-09,0.46938775510204084,0.2626865671641791
Neural Plate 2,tafa5,6.545009,1.629807,5.949175468177703e-11,4.612741329185741e-09,0.39591836734693875,0.17313432835820897
Neural Plate 2,ism1,6.509011,1.5661062,7.5647232215543e-11,5.819063802348783e-09,0.39693877551020407,0.1761194029850746
Neural Plate 2,ube2e2,6.401683,1.0125941,1.5367358843928104e-10,1.1547641808916772e-08,0.573469387755102,0.3641791044776119
Neural Plate 2,nkain1,6.387517,1.8531551,1.6860095610697816e-10,1.2611406505016015e-08,0.35306122448979593,0.13432835820895522
Neural Plate 2,camk2g,6.3690176,1.1836948,1.90242483819565e-10,1.4114157473425645e-08,0.4887755102040816,0.27761194029850744
Neural Plate 2,runx1t1,6.316687,1.9862041,2.6722987431052596e-10,1.9479791660775523e-08,0.3346938775510204,0.11343283582089553
Neural Plate 2,dhrs3,6.2546067,1.1367087,3.9851856866880813e-10,2.8412429953068123e-08,0.5051020408163265,0.3044776119402985
Neural Plate 2,pcdh18,6.2251916,2.5907216,4.809677717728219e-10,3.3796079174738836e-08,0.28775510204081634,0.06567164179104477
Neural Plate 2,rab3a,6.210192,1.3097885,5.291977717310409e-10,3.709587545676272e-08,0.4377551020408163,0.2417910447761194
Neural Plate 2,dhrsx,6.196193,1.3763254,5.784516618165952e-10,4.016323165453894e-08,0.4122448979591837,0.21194029850746268
Neural Plate 2,gria1,6.049367,1.435627,1.4541605002400222e-09,9.74921228956791e-08,0.39591836734693875,0.1880597014925373
Neural Plate 2,fbln1,6.0333676,1.6941301,1.6057736486912241e-09,1.071652272257835e-07,0.3510204081632653,0.14328358208955225
Neural Plate 2,pou3f1,5.967371,2.3428698,2.411066698314107e-09,1.5873398796941365e-07,0.28775510204081634,0.07761194029850746
Neural Plate 2,abca1,5.8566265,1.5971019,4.723636653049122e-09,2.9822164795956564e-07,0.35612244897959183,0.15522388059701492
Neural Plate 2,tp53inp2,5.8428774,1.6676098,5.1306829005168105e-09,3.2252686422582123e-07,0.3438775510204082,0.14029850746268657
Neural Plate 2,ptprm,5.819045,2.506567,5.9184771200588754e-09,3.696645399496602e-07,0.27448979591836736,0.06865671641791045
Neural Plate 2,sncaip,5.7654643,2.193317,8.143328946938352e-09,5.032508423846828e-07,0.286734693877551,0.08358208955223881
Neural Plate 2,scn1a,5.7552147,2.1542845,8.653163890406249e-09,5.313878858833299e-07,0.2897959183673469,0.08656716417910448
Neural Plate 2,irx1,5.706051,1.1719934,1.1562758390957281e-08,6.92604488782935e-07,0.4326530612244898,0.24776119402985075
Neural Plate 2,cep170,5.6842184,1.0682433,1.3141223523590735e-08,7.791705980082775e-07,0.4642857142857143,0.27761194029850744
Neural Plate 2,arhgef40,5.682385,1.1090422,1.3282908401950359e-08,7.843892838331534e-07,0.44387755102040816,0.2656716417910448
Neural Plate 2,lef1,5.661553,1.0693952,1.5000926158635844e-08,8.805061697652296e-07,0.4714285714285714,0.28059701492537314
Neural Plate 2,dnajc6,5.636054,1.071762,1.7399069272225114e-08,1.009111495826215e-06,0.45408163265306123,0.27761194029850744
Neural Plate 2,rims2,5.625388,1.3939943,1.8509145739791532e-08,1.0692506701973247e-06,0.373469387755102,0.18208955223880596
Neural Plate 2,brsk2,5.597223,1.4542077,2.1781279739606446e-08,1.2459659257699334e-06,0.36122448979591837,0.1701492537313433
Neural Plate 2,hoxb3,5.506394,1.1413784,3.6625852580057955e-08,2.035380792333981e-06,0.4316326530612245,0.25970149253731345
Neural Plate 2,st3gal2,5.4992275,1.121658,3.8145851939040325e-08,2.111820829602439e-06,0.42551020408163265,0.2417910447761194
Neural Plate 2,kif26a,5.4860616,1.2841563,4.1099368333863206e-08,2.2624776568119685e-06,0.39387755102040817,0.21194029850746268
Neural Plate 2,lrrn1,5.4640627,1.1532955,4.653591318182018e-08,2.5473619442280627e-06,0.4193877551020408,0.23582089552238805
Neural Plate 2,ap3b2,5.366651,1.6967074,8.021212796185664e-08,4.263055840823694e-06,0.30714285714285716,0.11940298507462686
Neural Plate 2,slc25a24,5.3585677,1.8928133,8.388421433049584e-08,4.442064255606383e-06,0.2836734693877551,0.08955223880597014
Neural Plate 2,hnf1b,5.335736,1.0068308,9.515793297845498e-08,4.975959819129191e-06,0.49183673469387756,0.31044776119402984
Neural Plate 2,sp5,5.3294024,1.6141669,9.853630917741904e-08,5.134251075873683e-06,0.3142857142857143,0.1253731343283582
Neural Plate 2,gramd1a,5.2994876,1.6796883,1.1612819511841642e-07,5.9658053980780854e-06,0.30714285714285716,0.11940298507462686
Neural Plate 2,XB5730291,5.298071,1.5065821,1.1703253337666917e-07,6.0017157598831874e-06,0.3295918367346939,0.14029850746268657
Neural Plate 2,notum,5.290238,1.370035,1.2215733289391425e-07,6.2426241220664466e-06,0.3551020408163265,0.18208955223880596
Neural Plate 2,slco5a1,5.280572,1.3949658,1.2878137556805497e-07,6.546797198660548e-06,0.3489795918367347,0.16119402985074627
Neural Plate 2,maneal,5.2680726,1.0986999,1.378637554908088e-07,6.984220860921719e-06,0.4122448979591837,0.2507462686567164
Neural Plate 2,mtcl1,5.2564063,2.5456727,1.4689757636956907e-07,7.429001825015353e-06,0.24897959183673468,0.06567164179104477
Neural Plate 2,wnt11,5.209242,4.2039475,1.896137140668298e-07,9.442246125873087e-06,0.20408163265306123,0.014925373134328358
Neural Plate 2,LOC116407528,5.209242,1.3437233,1.896137140668298e-07,9.442246125873087e-06,0.3510204081632653,0.17313432835820897
Neural Plate 2,dennd2b,5.1361623,1.2343231,2.8040560624360747e-07,1.3660893793511482e-05,0.3683673469387755,0.19701492537313434
Neural Plate 2,entpd2,5.0949974,1.489988,3.487456457096209e-07,1.6766749950226853e-05,0.3173469387755102,0.14328358208955225
Neural Plate 2,XB5768883,5.0914145,1.571073,3.554022042142199e-07,1.7058722219024404e-05,0.3051020408163265,0.12238805970149254
Neural Plate 2,rspo3,5.0382504,1.0569701,4.698064997605488e-07,2.222154335679709e-05,0.42448979591836733,0.2865671641791045
Neural Plate 2,cdh23,5.012835,1.6047803,5.363388100688081e-07,2.5205337230098603e-05,0.3051020408163265,0.1253731343283582
Neural Plate 2,syngap1,5.004419,3.0747662,5.603083281921767e-07,2.620539638621683e-05,0.2173469387755102,0.03880597014925373
Neural Plate 2,LOC100496797,4.9875865,1.0508871,6.113832175686245e-07,2.8412309749997558e-05,0.41020408163265304,0.24776119402985075
Neural Plate 2,cxcr4,4.9294224,1.3931811,8.247305045912428e-07,3.726073783571347e-05,0.32551020408163267,0.15223880597014924
Neural Plate 2,gria2,4.91909,1.53141,8.69476371050668e-07,3.910102123412627e-05,0.30714285714285716,0.14029850746268657
Neural Plate 2,mapkap1,4.8864245,1.1435071,1.0268361880897891e-06,4.534055681881061e-05,0.3693877551020408,0.20597014925373133
Neural Plate 2,zic5,4.8735085,1.8856949,1.096335003097461e-06,4.8211270684098254e-05,0.26224489795918365,0.08955223880597014
Neural Plate 2,reep3,4.856926,1.2240652,1.1922207873183894e-06,5.2170368015125505e-05,0.35714285714285715,0.19402985074626866
Neural Plate 2,itpr1,4.8444266,1.205402,1.2697778745884608e-06,5.5315763117876746e-05,0.3551020408163265,0.191044776119403
Neural Plate 2,efna3,4.829261,1.2497591,1.3704084010172394e-06,5.925799995582089e-05,0.3377551020408163,0.1761194029850746
Neural Plate 2,gdf11,4.7879295,1.3725985,1.6851082643185952e-06,7.159505766612915e-05,0.32448979591836735,0.16119402985074627
Neural Plate 2,septin6,4.7834296,1.579145,1.723291665961983e-06,7.311108662951339e-05,0.2857142857142857,0.11641791044776119
Neural Plate 2,fat3,4.7615976,1.7785594,1.9206649918124162e-06,8.054943812864955e-05,0.2653061224489796,0.09850746268656717
Neural Plate 2,st8sia4,4.7595143,1.4552222,1.9405944065694204e-06,8.126864627282339e-05,0.30306122448979594,0.1373134328358209
Neural Plate 2,mtcl2,4.7434316,2.1982296,2.1012781418606383e-06,8.762120023499047e-05,0.23469387755102042,0.06865671641791045
Neural Plate 2,hip1,4.742515,1.1409172,2.110811154360017e-06,8.789333454857217e-05,0.36020408163265305,0.19701492537313434
Neural Plate 2,LOC108644713,4.7127666,2.0701957,2.4437610775179445e-06,0.00010103759555435226,0.24081632653061225,0.07462686567164178
Neural Plate 2,cdin1,4.6926007,1.0282443,2.697534396939936e-06,0.0001102819971425892,0.38979591836734695,0.23283582089552238
Neural Plate 2,marchf9,4.685601,2.2308612,2.7913928954672223e-06,0.0001136423478097526,0.22653061224489796,0.056716417910447764
Neural Plate 2,ephb2,4.6039386,1.2940243,4.145747231368606e-06,0.00016332120932632845,0.32448979591836735,0.16417910447761194
Neural Plate 2,fgfr3,4.596189,1.0724943,4.302884459166684e-06,0.0001690559349810502,0.37448979591836734,0.23283582089552238
Neural Plate 2,myh10,4.581773,1.8300607,4.6105012811177385e-06,0.0001794534792920807,0.24693877551020407,0.08059701492537313
Neural Plate 2,chst12,4.5446916,1.0211155,5.5015759505394755e-06,0.00021272032620399392,0.37857142857142856,0.22686567164179106
Neural Plate 2,slit1,4.5322757,1.0610747,5.835168018413859e-06,0.0002250234780293608,0.37244897959183676,0.22388059701492538
Neural Plate 2,hes3,4.51011,1.1574401,6.479404286149211e-06,0.0002479050611105073,0.3408163265306122,0.18208955223880596
Neural Plate 2,ifrd1,4.4396133,1.0195563,9.012061339046773e-06,0.0003338803105217696,0.37244897959183676,0.21194029850746268
Neural Plate 2,ccdc88a,4.433614,1.5435481,9.266659690904555e-06,0.0003420122846273119,0.2683673469387755,0.11044776119402985
Neural Plate 2,ebf4,4.4168644,1.8616059,1.001429437621563e-05,0.00036728712535904524,0.23979591836734693,0.08358208955223881
Neural Plate 2,cadps,4.404615,1.4577142,1.0597184089572964e-05,0.0003867244545846533,0.2795918367346939,0.1253731343283582
Neural Plate 2,nceh1,4.368117,1.2959331,1.2532238087682024e-05,0.0004511451373658045,0.2979591836734694,0.14626865671641792
Neural Plate 2,kif13a,4.3665338,1.0925914,1.262338190134498e-05,0.0004538672525931305,0.33979591836734696,0.18507462686567164
Neural Plate 2,bcr,4.354451,1.0759526,1.3340083552450944e-05,0.00047728761606082444,0.3408163265306122,0.191044776119403
Neural Plate 2,trim9,4.3497844,1.2010319,1.3627136459820349e-05,0.00048577417787440077,0.3224489795918367,0.1761194029850746
Neural Plate 2,mmd,4.3311186,1.0782894,1.4835361594599162e-05,0.0005243681436175673,0.3448979591836735,0.208955223880597
Neural Plate 2,ergic1,4.3257856,1.0396448,1.519891189576736e-05,0.0005359220670991263,0.3510204081632653,0.20298507462686566
Neural Plate 2,LOC100492173,4.324286,1.0892258,1.5302681105281943e-05,0.0005382823963760487,0.336734693877551,0.18208955223880596
Neural Plate 2,syt1,4.3049536,2.3089726,1.6702087649168455e-05,0.000583917096594201,0.20816326530612245,0.05373134328358209
Neural Plate 2,fgf13,4.3044534,2.032604,1.6739849028289846e-05,0.000583917096594201,0.21836734693877552,0.0626865671641791
Neural Plate 2,me2,4.288454,3.0646498,1.7992085998973066e-05,0.0006238750484412594,0.1826530612244898,0.026865671641791045
Neural Plate 2,smpd3,4.1839595,1.3472503,2.86475282055128e-05,0.0009603163956139274,0.28775510204081634,0.14626865671641792
Neural Plate 2,ank2,4.157794,1.0146327,3.213355299354451e-05,0.00106135128537209,0.34285714285714286,0.19701492537313434
Neural Plate 2,cxcl12,4.142295,1.3501225,3.438479581456988e-05,0.0011314204694141147,0.26326530612244897,0.10746268656716418
Neural Plate 2,gas1,4.1288786,1.4681736,3.645364757751369e-05,0.0011932548402444599,0.2540816326530612,0.10746268656716418
Neural Plate 2,tmem221,4.0480494,1.7725105,5.1646230654696657e-05,0.00164991362652179,0.2193877551020408,0.07164179104477612
Neural Plate 2,sipa1,4.0460496,2.0489333,5.2089206162191806e-05,0.0016622484555971929,0.20918367346938777,0.06567164179104477
Neural Plate 2,irak1,4.0103846,2.0151334,6.0619903807313594e-05,0.0019053552776253585,0.20714285714285716,0.06567164179104477
Neural Plate 2,LOC116411597,3.9941354,1.3272873,6.493073030256941e-05,0.002032109397724204,0.2683673469387755,0.12835820895522387
Neural Plate 2,pik3r3,3.9511375,1.1482168,7.77805821613013e-05,0.0024008492050232293,0.29285714285714287,0.15223880597014924
Neural Plate 2,rbm20,3.9218056,1.1818353,8.788784122452105e-05,0.0026891499835155074,0.3010204081632653,0.1761194029850746
Neural Plate 2,arhgap23,3.921639,1.2354294,8.794866355036861e-05,0.0026891499835155074,0.2755102040816326,0.1373134328358209
Neural Plate 2,rsu1,3.9144728,1.4256464,9.060196492637507e-05,0.0027644948191679224,0.24897959183673468,0.11044776119402985
Neural Plate 2,nlgn1,3.911723,1.4369673,9.16400238050636e-05,0.0027932529049487114,0.23979591836734693,0.0955223880597015
Neural Plate 2,apbb2,3.9103062,1.5153372,9.217915555079074e-05,0.0028067592665678796,0.23775510204081632,0.09850746268656717
Neural Plate 2,gabra1,3.9016402,1.9673069,9.554315308211571e-05,0.002900126591633774,0.20612244897959184,0.06865671641791045
Neural Plate 2,hecw1,3.8588922,1.7267473,0.00011390217191082873,0.0033939596199036035,0.22142857142857142,0.08955223880597014
Neural Plate 2,hoxb6,3.8396432,1.5802209,0.0001232132790663094,0.003652786369561146,0.22755102040816327,0.09253731343283582
Neural Plate 2,dlgap4,3.7903123,1.4323144,0.00015045802762127732,0.004389260085227103,0.23775510204081632,0.1044776119402985
Neural Plate 2,mvb12b,3.7637303,1.0390389,0.0001673974682003038,0.004864011325013002,0.30306122448979594,0.17313432835820897
Neural Plate 2,LOC100216241,3.7582304,1.1477937,0.00017111921230313036,0.004967215188513211,0.28877551020408165,0.16119402985074627
Neural Plate 2,sycp1,3.744481,1.713417,0.0001807669250277152,0.005211043378190477,0.22448979591836735,0.0955223880597015
Neural Plate 2,rnd3,3.7249823,1.5086375,0.00019532904555763002,0.005592226572669033,0.22448979591836735,0.08955223880597014
Neural Plate 2,rab30,3.6986501,1.9828687,0.00021674914201360538,0.006139335436240018,0.19387755102040816,0.0626865671641791
Neural Plate 2,efna1,3.686984,1.0963647,0.00022692759318264827,0.006409005291132359,0.28775510204081634,0.16716417910447762
Neural Plate 2,kcnk9,3.667485,1.5995852,0.0002449479201102145,0.006871470875951708,0.20816326530612245,0.07462686567164178
Neural Plate 2,pitpnc1,3.6407363,1.2007949,0.00027185944774913605,0.0075467459802041744,0.25612244897959185,0.1253731343283582
Neural Plate 2,tox2,3.6241539,1.1387724,0.0002899090511055987,0.007987117316557733,0.27653061224489794,0.1582089552238806
Neural Plate 2,slc44a5,3.5903223,2.0148914,0.00033026951757767755,0.009005698011486095,0.17959183673469387,0.04776119402985075
Neural Plate 2,arhgap24,3.515659,1.3274279,0.0004386637045838057,0.011664208508420556,0.24285714285714285,0.12238805970149254
Neural Plate 2,fat4,3.5136592,2.8332298,0.00044197933808329287,0.011734330637159613,0.1540816326530612,0.026865671641791045
Neural Plate 2,mtss2,3.5064096,1.1095561,0.0004541956205732255,0.012004152065981877,0.2642857142857143,0.14328358208955225
Neural Plate 2,slc37a2,3.4470792,1.4394083,0.0005666823339911493,0.014581594458534582,0.2173469387755102,0.0955223880597015
Neural Plate 2,hoxa9,3.4393296,1.0876684,0.0005831567066024115,0.014952854114644818,0.2673469387755102,0.14626865671641792
Neural Plate 2,cyp26c1,3.4346633,1.9912099,0.0005932907164063508,0.015186060360134887,0.17959183673469387,0.056716417910447764
Neural Plate 2,cfi,3.4078312,1.247987,0.0006548139082903284,0.01651498304851992,0.23877551020408164,0.11940298507462686
Neural Plate 2,hoxa4,3.3881655,1.4721011,0.0007036179489937557,0.017534063313756582,0.20408163265306123,0.08059701492537313
Neural Plate 2,LOC493495,3.3874989,1.6347522,0.0007053300923911682,0.017561758032952502,0.1836734693877551,0.056716417910447764
Neural Plate 2,gphn,3.382249,1.4494221,0.0007189491280988343,0.01788561869230385,0.2173469387755102,0.10149253731343283
Neural Plate 2,pnhd,3.3815825,1.0083753,0.0007206959048143744,0.01791382822587498,0.27653061224489794,0.15522388059701492
Neural Plate 2,adgrb1,3.3628335,1.4461654,0.0007714690108915016,0.01901417424736044,0.21224489795918366,0.09253731343283582
Neural Plate 2,b4galt2,3.3545005,1.203859,0.0007950840982132825,0.019497569861470186,0.23469387755102042,0.11343283582089553
Neural Plate 2,pcdh8,3.3535838,3.8957508,0.0007977223166998786,0.01954586843206551,0.1336734693877551,0.011940298507462687
Neural Plate 2,sdc3,3.347834,1.8184186,0.0008144573255941422,0.019939197725663625,0.17857142857142858,0.056716417910447764
Neural Plate 2,frmd3,3.3436677,1.0694603,0.0008267870562301524,0.020139843700552988,0.25918367346938775,0.14029850746268657
Neural Plate 2,LOC101731264,3.324002,1.9257296,0.0008873555650347906,0.02148493012492931,0.17755102040816326,0.05970149253731343
Neural Plate 2,ubr3,3.313336,1.133854,0.000921901977342688,0.022216089612286986,0.24285714285714285,0.1253731343283582
Neural Plate 2,ncan,3.2920036,1.6222646,0.000994763402522169,0.02364059269847604,0.19795918367346937,0.08358208955223881
Neural Plate 2,mapkbp1,3.2301733,1.4976864,0.0012371519377709379,0.028587500626863466,0.19387755102040816,0.07761194029850746
Neural Plate 2,hectd2,3.2132576,1.0467547,0.0013123857269905393,0.030111732484819822,0.25816326530612244,0.14925373134328357
Neural Plate 2,ypel1,3.2111742,1.5548787,0.0013219374334087351,0.030283348836967663,0.18979591836734694,0.07462686567164178
Neural Plate 2,hoxb1,3.192675,1.1135252,0.0014096141241228316,0.0320657046398712,0.2336734693877551,0.11641791044776119
Neural Plate 2,celf2,3.1816757,1.5254289,0.0014642566337235716,0.03307703683181895,0.19183673469387755,0.07761194029850746
Neural Plate 2,timp3,3.1801758,3.5198255,0.001471857300657102,0.03319742342245968,0.1306122448979592,0.014925373134328358
Neural Plate 2,ube2ql1,3.174426,2.0104606,0.0015013312303447989,0.03375801014939139,0.1663265306122449,0.05373134328358209
Neural Plate 2,cnr1,3.1653433,2.1813288,0.0015490012365212836,0.034696440723949146,0.1540816326530612,0.03880597014925373
Neural Plate 2,mmp17,3.1263452,1.4852132,0.0017699369817395813,0.039165047625457756,0.18877551020408162,0.07462686567164178
Neural Plate 2,msx1,3.104513,1.4744477,0.0019059262788736068,0.04170069689951676,0.18775510204081633,0.07462686567164178
Neural Plate 2,inka1,3.0775142,2.1054873,0.0020873487963669066,0.04489719843017001,0.15306122448979592,0.041791044776119404
Neural Plate 2,rnf125,3.0533488,1.3470162,0.0022630276916200437,0.04824986320477425,0.20204081632653062,0.09253731343283582
Neural Plate 2,bicd1,3.0495157,1.3239304,0.0022921072381211476,0.04879867929899436,0.20510204081632652,0.09850746268656717
Neural Plate 2,vstm2b,3.0490155,1.210719,0.002295925353293808,0.04884439155904753,0.2163265306122449,0.10746268656716418
Neural Plate 2,cpne1,-3.0467658,-1.1885654,0.0023131790692261706,0.04911785275787342,0.11326530612244898,0.2208955223880597
Neural Plate 2,LOC100497175,-3.0521822,-1.6566547,0.0022718420066771953,0.04840248811747894,0.05510204081632653,0.16716417910447762
Neural Plate 2,copb1,-3.0642648,-1.0826395,0.002182056211530148,0.04665960871926683,0.12959183673469388,0.23880597014925373
Neural Plate 2,hesx1,-3.0803473,-1.1244848,0.002067592670418462,0.04460354343099784,0.12040816326530612,0.2298507462686567
Neural Plate 2,rab11fip1,-3.0823474,-1.8988647,0.0020537506046145364,0.04440324254695822,0.04897959183673469,0.16119402985074627
Neural Plate 2,gmds,-3.0838473,-1.1246494,0.0020434249050635496,0.04427023795099208,0.1540816326530612,0.2537313432835821
Neural Plate 2,nexn,-3.0910137,-1.661217,0.0019947453039628605,0.0433842261756982,0.06938775510204082,0.1791044776119403
Neural Plate 2,XB5992703,-3.1000965,-2.9061065,0.001934576454365813,0.04223271421774987,0.025510204081632654,0.1373134328358209
Neural Plate 2,atp13a2,-3.1048462,-1.6382954,0.001903779894760568,0.0416849364073005,0.07346938775510205,0.18208955223880596
Neural Plate 2,cers2,-3.1216786,-1.3727973,0.0017982307663084295,0.03964108863496357,0.10510204081632653,0.21194029850746268
Neural Plate 2,cracr2a,-3.125012,-3.2584887,0.0017779788712562487,0.03928352258933591,0.018367346938775512,0.13134328358208955
Neural Plate 2,osbpl2,-3.1259284,-1.6439027,0.0017724464729748212,0.039190909872562026,0.09081632653061225,0.19701492537313434
Neural Plate 2,ntf4,-3.1490107,-1.1653439,0.001638242092019951,0.036499584292557306,0.11836734693877551,0.2298507462686567
Neural Plate 2,sppl2a,-3.1658432,-1.0762361,0.001546341366696426,0.0346634236885761,0.12857142857142856,0.2417910447761194
Neural Plate 2,elovl3,-3.1770093,-2.5736284,0.001488022688743473,0.03351031680636399,0.03979591836734694,0.15223880597014924
Neural Plate 2,il1r2,-3.1835923,-2.5935175,0.0014545973091393118,0.03290970119462169,0.027551020408163266,0.14328358208955225
Neural Plate 2,agps,-3.2168407,-1.0393118,0.0012961056420093167,0.029761558540121236,0.1489795918367347,0.2626865671641791
Neural Plate 2,vps4b,-3.2183406,-1.096811,0.001289346231409873,0.02962962239806761,0.14081632653061224,0.2507462686567164
Neural Plate 2,golm1,-3.2224238,-1.8781171,0.001271110116236682,0.02928812344355979,0.0663265306122449,0.1791044776119403
Neural Plate 2,bbs9,-3.2395062,-1.5492836,0.001197368653700158,0.027778002473261364,0.08571428571428572,0.2
Neural Plate 2,cert1,-3.2471726,-1.3668821,0.001165577292345937,0.027169848351327023,0.11020408163265306,0.2208955223880597
Neural Plate 2,kcnip1,-3.2495058,-2.0872724,0.0011560576146378227,0.02699099052194744,0.04693877551020408,0.16417910447761194
Neural Plate 2,zc2hc1c,-3.2679214,-2.1858575,0.0010834042809101413,0.02547786849178145,0.04387755102040816,0.16119402985074627
Neural Plate 2,gbf1,-3.2728379,-1.1963075,0.001064735300008041,0.02511967518525831,0.14795918367346939,0.2537313432835821
Neural Plate 2,zbbx,-3.2863371,-2.7524989,0.00101499423128458,0.02410178421988591,0.027551020408163266,0.14626865671641792
Neural Plate 2,fam83h,-3.2938368,-1.2939711,0.00098829848794064,0.02351303351290523,0.1,0.21791044776119403
Neural Plate 2,dnai1,-3.29467,-3.0020854,0.0009853727693738415,0.023474679235180734,0.024489795918367346,0.14328358208955225
Neural Plate 2,ppp2r5b,-3.29517,-4.2550144,0.0009836211897450466,0.023452064435103958,0.00816326530612245,0.12835820895522387
Neural Plate 2,rnft2,-3.3051696,-1.0938146,0.0009491894036742704,0.02272379644455577,0.12857142857142856,0.24776119402985075
Neural Plate 2,itpka,-3.310086,-1.9391574,0.0009326729959026334,0.022408448638468248,0.05408163265306123,0.17313432835820897
Neural Plate 2,slc35a3.2,-3.3130026,-1.4622937,0.0009230013690493565,0.022224261135652176,0.08775510204081632,0.20597014925373133
Neural Plate 2,lman1,-3.3191688,-1.3206172,0.0009028579754853699,0.02179960229844997,0.10102040816326531,0.21791044776119403
Neural Plate 2,stmn1,-3.3203356,-1.1366578,0.0008990931999580948,0.021738125167886743,0.11326530612244898,0.23582089552238805
Neural Plate 2,lrrk1,-3.344751,-3.3805058,0.0008235647750937113,0.02007808335343142,0.015306122448979591,0.1373134328358209
Neural Plate 2,ankrd66,-3.3454175,-5.4459186,0.0008215876279085567,0.020063348330321654,0.003061224489795918,0.1253731343283582
Neural Plate 2,kcnt2,-3.36775,-1.0050551,0.0007578432565404837,0.01872571110053667,0.15612244897959185,0.2746268656716418
Neural Plate 2,hacl1,-3.3721664,-3.7924461,0.0007457940430443915,0.018459191932456064,0.011224489795918367,0.13432835820895522
Neural Plate 2,slc41a2,-3.373333,-1.2926329,0.0007426410702709728,0.018427963603642447,0.12142857142857143,0.23582089552238805
Neural Plate 2,bbs2,-3.3884156,-1.1981107,0.0007029768915241271,0.01753303542332915,0.11734693877551021,0.23880597014925373
Neural Plate 2,tspan1,-3.3963318,-2.4062705,0.0006829552718431942,0.017062791069443084,0.03469387755102041,0.1582089552238806
Neural Plate 2,gal3st4,-3.3964984,-2.8342423,0.0006825395183647281,0.017062791069443084,0.030612244897959183,0.15223880597014924
Neural Plate 2,lasp1,-3.4046648,-1.123802,0.0006624534363767364,0.016664523578940087,0.1336734693877551,0.2537313432835821
Neural Plate 2,ccdc186,-3.4059145,-1.1419415,0.0006594279863966393,0.016602704108837348,0.14183673469387756,0.25671641791044775
Neural Plate 2,ugcg,-3.4109144,-2.3356147,0.0006474542133475083,0.016343466416546645,0.03775510204081633,0.16119402985074627
Neural Plate 2,rab3d,-3.4174974,-2.5408988,0.0006319970280961436,0.016078246412774912,0.030612244897959183,0.15522388059701492
Neural Plate 2,ncmap,-3.4178307,-3.0810735,0.0006312235914988535,0.01607255819085626,0.018367346938775512,0.14328358208955225
Neural Plate 2,LOC100496344,-3.4236639,-3.6606057,0.0006178301868772761,0.01575898271606427,0.012244897959183673,0.1373134328358209
Neural Plate 2,atp8a1,-3.4458294,-1.3747971,0.0005693098399959947,0.014636320081726403,0.11122448979591837,0.2298507462686567
Neural Plate 2,ift70a,-3.452829,-1.7486181,0.0005547406205138353,0.014299491250652486,0.0673469387755102,0.191044776119403
Neural Plate 2,spdef,-3.458662,-4.2554903,0.0005428656831762817,0.01401811553438683,0.00816326530612245,0.13432835820895522
Neural Plate 2,parm1,-3.4661617,-2.5070784,0.0005279457911506814,0.013693330453527566,0.04081632653061224,0.16417910447761194
Neural Plate 2,tmem45b,-3.4709947,-2.039935,0.000518534179684248,0.013473131205644669,0.0673469387755102,0.1880597014925373
Neural Plate 2,uba5,-3.480661,-1.713391,0.0005001782704919116,0.013042561128232889,0.07346938775510205,0.19701492537313434
Neural Plate 2,LOC100486856,-3.4808276,-2.7892818,0.0004998671687621006,0.013042561128232889,0.0336734693877551,0.1582089552238806
Neural Plate 2,elf1,-3.4884105,-1.7060026,0.00048590140384898323,0.012727046537553431,0.08061224489795918,0.20298507462686566
Neural Plate 2,creb3l2,-3.4901605,-1.1079988,0.00048273063215599065,0.012655335523364808,0.1510204081632653,0.26865671641791045
Neural Plate 2,tnfrsf21,-3.4977434,-1.10491,0.00046921233549453574,0.012334123901835229,0.16224489795918368,0.2746268656716418
Neural Plate 2,gpa33,-3.49966,-1.0011094,0.0004658519794832174,0.012289999289055891,0.17653061224489797,0.2955223880597015
Neural Plate 2,hydin,-3.50016,-1.1361111,0.0004649790648769043,0.012278051531541816,0.1653061224489796,0.28059701492537314
Neural Plate 2,tmed10l,-3.511826,-3.1563385,0.0004450392045757988,0.011783461040720266,0.022448979591836733,0.14925373134328357
Neural Plate 2,slc6a9,-3.5119927,-1.7133168,0.00044476021999623763,0.011783461040720266,0.07448979591836735,0.2
Neural Plate 2,acacb,-3.5188258,-1.134261,0.00043346140127652937,0.011539626794821704,0.14081632653061224,0.2626865671641791
Neural Plate 2,elovl7,-3.5258253,-1.8805617,0.00042216528135309854,0.011259409981051481,0.08163265306122448,0.20298507462686566
Neural Plate 2,fzd8,-3.5331583,-1.1875069,0.00041062649674016737,0.01097168475887736,0.12551020408163266,0.2537313432835821
Neural Plate 2,nfxl1,-3.5415745,-1.2660027,0.00039774642138816794,0.010666537287704163,0.12142857142857143,0.24477611940298508
Neural Plate 2,sorl1,-3.5426579,-1.1021516,0.00039611628439057116,0.010642348445791162,0.14285714285714285,0.26865671641791045
Neural Plate 2,rbpms,-3.5468242,-1.5082653,0.0003899045231583571,0.01048509578329525,0.09387755102040816,0.21791044776119403
Neural Plate 2,ift80,-3.556657,-1.1376544,0.0003756038293225817,0.01014720474577485,0.1510204081632653,0.2716417910447761
Neural Plate 2,fam3b,-3.5608237,-2.8829536,0.0003696933754092513,0.009996768785002613,0.030612244897959183,0.1582089552238806
Neural Plate 2,dop1b,-3.56599,-2.3065639,0.0003624851624493949,0.009820022042222671,0.05,0.1761194029850746
Neural Plate 2,rffl,-3.5839891,-1.4328256,0.0003383861725443514,0.009218421444216156,0.1,0.22686567164179106
Neural Plate 2,b3gnt2,-3.5918221,-1.1469133,0.00032837402042580166,0.008970748589781877,0.14795918367346939,0.2716417910447761
Neural Plate 2,efcab10,-3.6329868,-1.971276,0.00028015946009784176,0.007747721076745517,0.058163265306122446,0.1880597014925373
Neural Plate 2,slc22a15.2,-3.6339867,-2.4441998,0.00027907530369352036,0.007725047540023953,0.03979591836734694,0.1701492537313433
Neural Plate 2,sec24d,-3.6371531,-1.8256625,0.0002756680223139996,0.007637963943374904,0.07551020408163266,0.20298507462686566
Neural Plate 2,ccdc39,-3.6498191,-2.7541232,0.00026242495057437034,0.00731960279602998,0.0326530612244898,0.16417910447761194
Neural Plate 2,pdxdc1,-3.6751513,-2.0187387,0.000237708519311035,0.006681209353827755,0.05918367346938776,0.191044776119403
Neural Plate 2,LOC116406886,-3.6784844,-1.6857985,0.0002346239927461387,0.006600860377249645,0.07142857142857142,0.20597014925373133
Neural Plate 2,elovl1,-3.6819842,-1.4556309,0.00023142568679930295,0.006523437078910728,0.11734693877551021,0.2417910447761194
Neural Plate 2,dpy19l3,-3.7088163,-2.1704252,0.0002082304420223017,0.0059037672655226974,0.04795918367346939,0.18208955223880596
Neural Plate 2,palld,-3.7139826,-1.6675822,0.00020402275430382165,0.0058126599717885094,0.0836734693877551,0.21492537313432836
Neural Plate 2,ezr,-3.717899,-2.7276716,0.00020088641893009686,0.00572888869438601,0.0336734693877551,0.16716417910447762
Neural Plate 2,tmem72,-3.725732,-1.2286637,0.0001947491517281235,0.005581090641338017,0.16224489795918368,0.28059701492537314
Neural Plate 2,ag1,-3.7377315,-1.3658713,0.0001856880797991333,0.005337117267068305,0.12959183673469388,0.25671641791044775
Neural Plate 2,abhd11,-3.8144777,-1.442343,0.00013647125160357236,0.004001194739843554,0.09795918367346938,0.23582089552238805
Neural Plate 2,tm9sf2,-3.822144,-1.1601722,0.0001322963922385264,0.0038826865878758684,0.18571428571428572,0.3074626865671642
Neural Plate 2,dync2i1,-3.8351433,-1.4418572,0.00012549107871383244,0.0037165448043404623,0.10510204081632653,0.2417910447761194
Neural Plate 2,XB5992952,-3.840893,-1.6187994,0.0001225875080176151,0.003637924311535946,0.0826530612244898,0.2208955223880597
Neural Plate 2,plekha6,-3.8513093,-1.1064434,0.00011748803699492023,0.0034936854622568798,0.16122448979591836,0.2955223880597015
Neural Plate 2,arhgef16,-3.8629754,-1.8891712,0.00011201433249868378,0.0033479457599887782,0.07857142857142857,0.21194029850746268
Neural Plate 2,LOC100485898,-3.8629754,-1.9297934,0.00011201433249868378,0.0033479457599887782,0.07959183673469387,0.21492537313432836
Neural Plate 2,znf185,-3.876808,-1.7289757,0.00010583582758797426,0.0031893681198186348,0.1,0.23283582089552238
Neural Plate 2,acod1la,-3.8798077,-4.7533684,0.00010453903247822227,0.0031535402047171467,0.00816326530612245,0.14925373134328357
Neural Plate 2,mob2.2,-3.9066398,-1.1961727,9.358849983927748e-05,0.0028467070122808746,0.15306122448979592,0.2865671641791045
Neural Plate 2,plch2,-3.933472,-1.7338082,8.372765932606151e-05,0.002573547013417565,0.07551020408163266,0.21791044776119403
Neural Plate 2,ca12,-3.9348884,-2.517191,8.323535800103337e-05,0.0025611081576086387,0.03571428571428571,0.1791044776119403
Neural Plate 2,amt,-3.9382217,-4.9420557,8.208777123355669e-05,0.00252845905261127,0.00510204081632653,0.14925373134328357
Neural Plate 2,abo.3,-3.9453878,-2.0768776,7.967089995338407e-05,0.0024566034562630485,0.07040816326530612,0.208955223880597
Neural Plate 2,cfap43,-3.9690535,-2.6453736,7.215871448540833e-05,0.0022343976516133166,0.03571428571428571,0.1791044776119403
Neural Plate 2,cc2d2a,-3.9743865,-1.1074685,7.056091277180552e-05,0.0021895605533255274,0.17857142857142858,0.31044776119402984
Neural Plate 2,kcnk5,-4.063799,-2.0785878,4.828046883748791e-05,0.0015525702800754774,0.05510204081632653,0.20298507462686566
Neural Plate 2,rnf222,-4.0817976,-4.791773,4.468866781245632e-05,0.001441826102456855,0.006122448979591836,0.15522388059701492
Neural Plate 2,pld3,-4.085381,-1.4093852,4.4004556666174766e-05,0.00142289512821787,0.11734693877551021,0.2626865671641791
Neural Plate 2,tiparp,-4.0921307,-1.1998283,4.274277497409709e-05,0.001385159706505357,0.15306122448979592,0.2955223880597015
Neural Plate 2,btd,-4.0936303,-4.471339,4.2467078508892114e-05,0.0013777526880060216,0.009183673469387756,0.1582089552238806
Neural Plate 2,nphp1,-4.0941305,-3.8026366,4.237555519669996e-05,0.0013763109488385962,0.015306122448979591,0.16417910447761194
Neural Plate 2,ncoa1,-4.10313,-1.221562,4.075979250849831e-05,0.0013267811746279666,0.16122448979591836,0.29850746268656714
Neural Plate 2,chuk,-4.106963,-2.430709,4.0089502739894753e-05,0.0013078752841404727,0.04285714285714286,0.191044776119403
Neural Plate 2,nkx6-2,-4.131295,-1.1731042,3.6072474662963844e-05,0.0011821014651043679,0.16020408163265307,0.3074626865671642
Neural Plate 2,egln1,-4.1497946,-1.1972021,3.327739866925302e-05,0.001097891242100378,0.15816326530612246,0.30149253731343284
Neural Plate 2,six3,-4.1637936,-1.5516214,3.130028884160917e-05,0.001037306373880217,0.11224489795918367,0.25671641791044775
Neural Plate 2,gatd3ala,-4.1697936,-5.017168,3.0487582979369174e-05,0.001013859542741684,0.006122448979591836,0.1582089552238806
Neural Plate 2,LOC116408867,-4.1806264,-2.364557,2.907073607052401e-05,0.000972273096198498,0.05,0.2
Neural Plate 2,echdc1,-4.191459,-4.494182,2.7716623264003688e-05,0.0009323183137285291,0.00816326530612245,0.16119402985074627
Neural Plate 2,mpzl2,-4.204625,-3.4010978,2.6151531707321873e-05,0.0008806859715860896,0.02040816326530612,0.17313432835820897
Neural Plate 2,kitlg,-4.2092915,-1.3936708,2.5617272614923175e-05,0.0008636891531797224,0.1653061224489796,0.30149253731343284
Neural Plate 2,hivep2,-4.211958,-1.2209384,2.531665969418778e-05,0.000856517684630559,0.1653061224489796,0.3074626865671642
Neural Plate 2,slc66a2,-4.2285404,-1.2365129,2.3521214212110012e-05,0.0008022737603666136,0.16020408163265307,0.3044776119402985
Neural Plate 2,LOC116408821,-4.238623,-1.7722358,2.248945852964653e-05,0.0007706792054866327,0.10204081632653061,0.24776119402985075
Neural Plate 2,sgk1,-4.2634554,-2.7702112,2.0128962662684506e-05,0.0006914097621538553,0.0336734693877551,0.1880597014925373
Neural Plate 2,LOC100495973,-4.3224525,-3.6334252,1.5430427557079652e-05,0.0005421235912511963,0.019387755102040816,0.1761194029850746
Neural Plate 2,LOC100492758,-4.339285,-2.914287,1.4294700790120496e-05,0.0005089505466455691,0.030612244897959183,0.1880597014925373
Neural Plate 2,tmem177,-4.3522844,-1.6055377,1.3472633291814931e-05,0.00048144076253428146,0.10204081632653061,0.25671641791044775
Neural Plate 2,hook2,-4.3547845,-1.0247934,1.331980203217166e-05,0.0004771459965715806,0.2153061224489796,0.3611940298507463
Neural Plate 2,trhd,-4.3553677,-1.0778614,1.3284380133788086e-05,0.0004764610008475578,0.19489795918367347,0.34626865671641793
Neural Plate 2,rax,-4.378783,-2.1683915,1.1934384042433606e-05,0.00043174997517868405,0.0653061224489796,0.2208955223880597
Neural Plate 2,arfip2,-4.391199,-1.0307127,1.1272723367103572e-05,0.0004088250331808989,0.2173469387755102,0.3641791044776119
Neural Plate 2,rasef2,-4.4077816,-2.3409438,1.0443474553075233e-05,0.00038159150582617763,0.05408163265306123,0.21194029850746268
Neural Plate 2,slc33a1,-4.407865,-1.6840222,1.0439458458992032e-05,0.00038159150582617763,0.10510204081632653,0.25671641791044775
Neural Plate 2,cep170b,-4.421281,-1.2846137,9.811748189252095e-06,0.00036031056698495977,0.17244897959183675,0.3194029850746269
Neural Plate 2,hes5.10,-4.441613,-4.587694,8.928690679225211e-06,0.0003312113670614621,0.00816326530612245,0.1701492537313433
Neural Plate 2,gclm,-4.4521127,-1.3024222,8.502947775797967e-06,0.0003166237788972616,0.15714285714285714,0.3074626865671642
Neural Plate 2,muc4,-4.454779,-1.1281066,8.397952685335632e-06,0.00031311295273602787,0.24387755102040817,0.39104477611940297
Neural Plate 2,cdh1,-4.456946,-1.2197567,8.313557744812657e-06,0.0003103622049024506,0.18775510204081633,0.33432835820895523
Neural Plate 2,prrt4,-4.4874444,-1.7059232,7.208262295576278e-06,0.00027187705182192285,0.1,0.25671641791044775
Neural Plate 2,ptprvl,-4.487611,-3.0110698,7.20262751749477e-06,0.00027187705182192285,0.036734693877551024,0.19701492537313434
Neural Plate 2,sec61g,-4.497944,-1.0364467,6.861380932397764e-06,0.00026047405978560915,0.2163265306122449,0.36716417910447763
Neural Plate 2,LOC101730242,-4.5121098,-2.6863887,6.418593696964124e-06,0.00024590027831711443,0.03571428571428571,0.2
Neural Plate 2,atg2a,-4.528109,-2.3118603,5.951387349526259e-06,0.00022920290331225572,0.05510204081632653,0.21791044776119403
Neural Plate 2,ttc12,-4.554441,-1.6567904,5.2525048970504836e-06,0.0002036286082833988,0.10816326530612246,0.26865671641791045
Neural Plate 2,iqca1,-4.559941,-3.2743306,5.116804685732105e-06,0.00019863123209646103,0.030612244897959183,0.19402985074626866
Neural Plate 2,rin3,-4.603439,-1.3408012,4.15571690899549e-06,0.00016349362175887907,0.16020408163265307,0.31343283582089554
Neural Plate 2,gcnt3,-4.604439,-4.7321362,4.135800476104253e-06,0.00016314923578542972,0.00816326530612245,0.1761194029850746
Neural Plate 2,ica1,-4.622104,-2.2733068,3.798667934822079e-06,0.0001500525167605192,0.05918367346938776,0.22388059701492538
Neural Plate 2,rab15,-4.635604,-2.5461557,3.558972382009584e-06,0.0001407744542605171,0.044897959183673466,0.21194029850746268
Neural Plate 2,flvcr2,-4.6429367,-1.650847,3.4349165318420175e-06,0.00013642125698678535,0.11938775510204082,0.27761194029850744
Neural Plate 2,prss27,-4.647853,-3.8513877,3.354076331965861e-06,0.00013357357664808456,0.015306122448979591,0.18507462686567164
Neural Plate 2,nos2,-4.6581025,-3.61665,3.1913717210424472e-06,0.00012796568830972807,0.018367346938775512,0.1880597014925373
Neural Plate 2,agbl5,-4.6665187,-1.4555432,3.063455677743201e-06,0.00012300531993971362,0.1357142857142857,0.29850746268656714
Neural Plate 2,pcdh10,-4.668185,-1.3473017,3.038715965477669e-06,0.0001221797887027204,0.14795918367346939,0.31044776119402984
Neural Plate 2,mmel1,-4.6725187,-3.1776993,2.9752864564142018e-06,0.00011995944607923247,0.027551020408163266,0.19701492537313434
Neural Plate 2,tspan18,-4.6778517,-3.5005424,2.898962026707455e-06,0.00011736781025302716,0.02142857142857143,0.191044776119403
Neural Plate 2,ece1,-4.6821012,-1.4121242,2.8394895082896274e-06,0.0001151194421869821,0.13979591836734695,0.30149253731343284
Neural Plate 2,LOC100491826,-4.6927676,-5.6462607,2.6953370126916654e-06,0.0001102819971425892,0.00510204081632653,0.1761194029850746
Neural Plate 2,rbbp8nl,-4.697934,-2.954305,2.6280638421942244e-06,0.0001080463209158641,0.03775510204081633,0.20597014925373133
Neural Plate 2,cat1,-4.705517,-4.823854,2.5322351551449797e-06,0.00010454769183621878,0.007142857142857143,0.1791044776119403
Neural Plate 2,nme7,-4.727599,-1.6890317,2.2719013558216505e-06,9.433231325571402e-05,0.11632653061224489,0.28059701492537314
Neural Plate 2,slc39a5,-4.7292657,-2.417652,2.2533329579466018e-06,9.369441777203004e-05,0.05918367346938776,0.22686567164179106
Neural Plate 2,exoc4,-4.7464314,-1.4192915,2.070367455076212e-06,8.657927193037591e-05,0.17142857142857143,0.33134328358208953
Neural Plate 2,LOC100497952,-4.7681804,-5.501017,1.8589722289874165e-06,7.829916026733599e-05,0.00510204081632653,0.1791044776119403
Neural Plate 2,dleu7,-4.789096,-1.4385899,1.6753423890850506e-06,7.128374581564063e-05,0.15612244897959185,0.31343283582089554
Neural Plate 2,pros1,-4.7997622,-1.0222192,1.5885410570380977e-06,6.798630108093797e-05,0.23673469387755103,0.3970149253731343
Neural Plate 2,tdgf1,-4.810428,-2.1343894,1.5060716397452215e-06,6.45512904712501e-05,0.05918367346938776,0.23582089552238805
Neural Plate 2,stx3,-4.8175945,-3.1254623,1.452991425703254e-06,6.236768335496595e-05,0.0326530612244898,0.20597014925373133
Neural Plate 2,bak1,-4.823761,-2.478401,1.4087617578529607e-06,6.064729741354918e-05,0.05,0.22388059701492538
Neural Plate 2,sh3d21,-4.8347607,-3.14223,1.3330602836978014e-06,5.772842244854879e-05,0.03163265306122449,0.20597014925373133
Neural Plate 2,map7,-4.8408437,-2.57591,1.2928913942475848e-06,5.61552872886347e-05,0.05612244897959184,0.22686567164179106
Neural Plate 2,cpn1,-4.85026,-1.3703699,1.2329990585652144e-06,5.387413375324332e-05,0.15306122448979592,0.3253731343283582
Neural Plate 2,ift46,-4.8664255,-1.7239801,1.1363467069143545e-06,4.987470058530555e-05,0.11428571428571428,0.2835820895522388
Neural Plate 2,slc8a1,-4.8795915,-1.3626726,1.0630573154227005e-06,4.686912275583854e-05,0.1826530612244898,0.3373134328358209
Neural Plate 2,morn1,-4.8922577,-2.6480653,9.968582305088068e-07,4.4284442151980134e-05,0.04693877551020408,0.22388059701492538
Neural Plate 2,arfip1,-4.925756,-1.003972,8.403480943899039e-07,3.7907739424554444e-05,0.24897959183673468,0.417910447761194
Neural Plate 2,LOC101733912,-4.9311724,-1.3805264,8.173755659820986e-07,3.6985611717063043e-05,0.17244897959183675,0.3283582089552239
Neural Plate 2,st6galnac2,-4.931256,-1.7221501,8.170269112083151e-07,3.6985611717063043e-05,0.1,0.27761194029850744
Neural Plate 2,sytl5,-4.933422,-2.9044514,8.08011999282924e-07,3.6675463899129116e-05,0.04183673469387755,0.21791044776119403
Neural Plate 2,grhl3,-4.9450884,-1.4951723,7.610932904183244e-07,3.4653454785386354e-05,0.15816326530612246,0.3253731343283582
Neural Plate 2,plcl1,-4.9454217,-2.0079217,7.597920944450325e-07,3.4653454785386354e-05,0.07959183673469387,0.25671641791044775
Neural Plate 2,tuft1,-4.9478383,-1.301105,7.504223056285222e-07,3.438180942919645e-05,0.1663265306122449,0.3402985074626866
Neural Plate 2,atp1b2,-4.9627542,-2.4407105,6.950052755298247e-07,3.2043689604120354e-05,0.05918367346938776,0.23582089552238805
Neural Plate 2,pgap1,-4.986253,-1.0538049,6.15615196792852e-07,2.8563567964209298e-05,0.23877551020408164,0.40298507462686567
Neural Plate 2,dctn2,-5.005252,-1.4097061,5.578897978832563e-07,2.6134097246675425e-05,0.15,0.3253731343283582
Neural Plate 2,rnd1,-5.019335,-1.3097224,5.18507413998965e-07,2.4406586503387675e-05,0.17448979591836736,0.34626865671641793
Neural Plate 2,nedd4l,-5.0417504,-1.6265715,4.612930828264921e-07,2.1854227073097556e-05,0.11632653061224489,0.2955223880597015
Neural Plate 2,nherf2,-5.04675,-1.4593241,4.493887389923486e-07,2.1359483299976167e-05,0.1489795918367347,0.32238805970149254
Neural Plate 2,rasgef1a,-5.072249,-1.2308811,3.931420342625439e-07,1.877767124759546e-05,0.22142857142857142,0.37910447761194027
Neural Plate 2,gnb5,-5.0959973,-4.466377,3.4690958407089915e-07,1.67059539571276e-05,0.011224489795918367,0.19701492537313434
Neural Plate 2,atp8b1,-5.1045804,-1.7193651,3.315291722383542e-07,1.599163239884378e-05,0.12142857142857143,0.2955223880597015
Neural Plate 2,sptlc1,-5.1070805,-1.0727768,3.271746502923075e-07,1.583384470644775e-05,0.25510204081632654,0.41194029850746267
Neural Plate 2,ctf1,-5.11858,-1.5324186,3.0784501186863525e-07,1.4947869670983515e-05,0.1520408163265306,0.3194029850746269
Neural Plate 2,XB13580952,-5.128996,-4.517847,2.912916383092308e-07,1.4167630415003537e-05,0.009183673469387756,0.19701492537313434
Neural Plate 2,ier3,-5.141745,-2.0582023,2.721979639305478e-07,1.3283169755682541e-05,0.07244897959183673,0.25970149253731345
Neural Plate 2,dixdc1,-5.144245,-1.3796415,2.68598564441873e-07,1.3129439192642792e-05,0.18061224489795918,0.3492537313432836
Neural Plate 2,mfsd6,-5.155328,-1.1939503,2.531874046826125e-07,1.2396852640330728e-05,0.2153061224489796,0.3880597014925373
Neural Plate 2,tspan13,-5.156411,-2.3330863,2.517277236163096e-07,1.2366811914333354e-05,0.06326530612244897,0.24776119402985075
Neural Plate 2,pkp3,-5.1822433,-1.451165,2.192329855841124e-07,1.0861693901032525e-05,0.15816326530612246,0.3373134328358209
Neural Plate 2,tnk2l,-5.2714057,-3.1426804,1.353829569061932e-07,6.8704500231335654e-06,0.03469387755102041,0.22388059701492538
Neural Plate 2,perp,-5.321403,-1.2815644,1.0296997307717399e-07,5.336729225210768e-06,0.19795918367346937,0.382089552238806
Neural Plate 2,pmfbp1,-5.338902,-2.0108035,9.351106728063788e-08,4.916226632518572e-06,0.09795918367346938,0.2835820895522388
Neural Plate 2,plekha8,-5.353568,-2.9465618,8.623653915069344e-08,4.558373012502568e-06,0.04591836734693878,0.23582089552238805
Neural Plate 2,itprid1,-5.3622346,-3.3997607,8.219878887779429e-08,4.360712881464256e-06,0.03163265306122449,0.22388059701492538
Neural Plate 2,atp12al,-5.368901,-3.0863285,7.921801317860834e-08,4.217890242666485e-06,0.04081632653061224,0.23283582089552238
Neural Plate 2,prkcd,-5.371067,-1.0219266,7.827200024851056e-08,4.1751256190952776e-06,0.2836734693877551,0.4626865671641791
Neural Plate 2,cacna1e,-5.4362307,-1.2198949,5.441948269106695e-08,2.956758175729699e-06,0.24693877551020407,0.41194029850746267
Neural Plate 2,chst4,-5.44423,-3.4217122,5.202986488771719e-08,2.83218804568503e-06,0.025510204081632654,0.22388059701492538
Neural Plate 2,nuak2,-5.4633126,-2.0401516,4.673303107515259e-08,2.5533705259024023e-06,0.08469387755102041,0.28059701492537314
Neural Plate 2,kiz,-5.4888115,-1.0234598,4.046472998001845e-08,2.231744381218716e-06,0.28877551020408165,0.46567164179104475
Neural Plate 2,gadd45a,-5.5123935,-2.352947,3.5398617919498944e-08,1.9784646279251886e-06,0.06938775510204082,0.2656716417910448
Neural Plate 2,XB5949052,-5.5275598,-1.6468585,3.2471607737495366e-08,1.8218379381472688e-06,0.12959183673469388,0.3253731343283582
Neural Plate 2,tsnax,-5.5543914,-1.1706398,2.785804439055699e-08,1.5750841307163857e-06,0.22346938775510203,0.41492537313432837
Neural Plate 2,rhpn2,-5.557558,-2.9659894,2.7357503618188484e-08,1.5497813726032316e-06,0.04285714285714286,0.2417910447761194
Neural Plate 2,pla2g7,-5.5625577,-2.7813132,2.6584895443704682e-08,1.5089380169221973e-06,0.04897959183673469,0.24776119402985075
Neural Plate 2,nedd4,-5.5654745,-1.7971965,2.614403001235085e-08,1.4868018313055014e-06,0.11530612244897959,0.31044776119402984
Neural Plate 2,pip4k2c,-5.666386,-3.06002,1.4584080218857077e-08,8.577610641396603e-07,0.04285714285714286,0.24477611940298508
Neural Plate 2,LOC101734097,-5.694718,-2.4135985,1.2357606603326868e-08,7.341975581744871e-07,0.07857142857142857,0.27761194029850744
Neural Plate 2,neurl1b,-5.7280498,-2.3505573,1.0159187232013121e-08,6.161062281721484e-07,0.0673469387755102,0.2746268656716418
Neural Plate 2,myo6,-5.738216,-1.3410324,9.567918002325137e-09,5.83882695461307e-07,0.21224489795918366,0.3940298507462687
Neural Plate 2,fam184a,-5.8044624,-3.2684522,6.457282101492393e-09,4.01601730018562e-07,0.03571428571428571,0.24477611940298508
Neural Plate 2,sema3f,-5.8140454,-1.1004238,6.098088944555691e-09,3.8007086980449343e-07,0.2938775510204082,0.48955223880597015
Neural Plate 2,lima1,-5.822545,-1.2656808,5.79582187799785e-09,3.6277873515151e-07,0.23673469387755103,0.417910447761194
Neural Plate 2,mgat4g,-5.8368773,-2.5968797,5.318816085335665e-09,3.3363586478636654e-07,0.06428571428571428,0.2716417910447761
Neural Plate 2,ccdc149,-5.8428774,-3.8863635,5.1306829005168105e-09,3.2252686422582123e-07,0.02040816326530612,0.23283582089552238
Neural Plate 2,fhod1,-5.8710427,-1.7444584,4.330632076153851e-09,2.7459589201313066e-07,0.14285714285714285,0.34328358208955223
Neural Plate 2,syt8,-5.889875,-2.515857,3.864880606563327e-09,2.4720858864431643e-07,0.06938775510204082,0.27761194029850744
Neural Plate 2,rell1,-5.8920417,-1.3689456,3.81453419979611e-09,2.4452335349614056e-07,0.19591836734693877,0.4
Neural Plate 2,ltbp4,-5.902791,-4.898735,3.574030754364653e-09,2.3011562330579994e-07,0.013265306122448979,0.22686567164179106
Neural Plate 2,tbc1d14,-5.9160404,-1.5205479,3.2978448515239133e-09,2.1280199305716448e-07,0.1673469387755102,0.36716417910447763
Neural Plate 2,pard6b,-5.945039,-2.1604238,2.76391310738423e-09,1.8074260412069e-07,0.08163265306122448,0.2955223880597015
Neural Plate 2,tat,-5.972621,-2.0520265,2.3347213537780784e-09,1.5405471758981267e-07,0.10102040816326531,0.31044776119402984
Neural Plate 2,rspo2,-6.046367,-2.0834439,1.4814827796658876e-09,9.909662044030562e-08,0.12244897959183673,0.32238805970149254
Neural Plate 2,ildr1,-6.0507,-2.0772867,1.4421754970206986e-09,9.691087805382079e-08,0.09285714285714286,0.3074626865671642
Neural Plate 2,abhd10,-6.052117,-2.3038135,1.4295469262282587e-09,9.62836087570927e-08,0.07857142857142857,0.29253731343283584
Neural Plate 2,fam174b,-6.0551167,-1.9348034,1.403158844755508e-09,9.47245639516126e-08,0.11734693877551021,0.3283582089552239
Neural Plate 2,rabgap1l,-6.067366,-1.8764985,1.3002492843827456e-09,8.798052507359268e-08,0.12448979591836734,0.33432835820895523
Neural Plate 2,trpv5,-6.068533,-3.9499578,1.2908411696740405e-09,8.754658522213893e-08,0.022448979591836733,0.2417910447761194
Neural Plate 2,hes1,-6.1221967,-2.3356695,9.22939681150707e-10,6.303376126101944e-08,0.0653061224489796,0.28955223880597014
Neural Plate 2,pacrg,-6.1516953,-2.0586903,7.665906416315088e-10,5.2478246008268465e-08,0.13877551020408163,0.3373134328358209
Neural Plate 2,dsc3,-6.186527,-2.633814,6.150420165147972e-10,4.2602590485175446e-08,0.061224489795918366,0.2835820895522388
Neural Plate 2,slc43a1,-6.209359,-3.6682124,5.32011322176325e-10,3.720388267592382e-08,0.030612244897959183,0.2537313432835821
Neural Plate 2,cnfn,-6.249357,-3.9845002,4.121456282062146e-10,2.9241332179844315e-08,0.02142857142857143,0.24776119402985075
Neural Plate 2,cfap61,-6.281189,-3.4473743,3.3599368490655875e-10,2.4190717742619752e-08,0.030612244897959183,0.25970149253731345
Neural Plate 2,cd2ap,-6.313187,-1.5106897,2.7334638593767847e-10,1.9826769745271165e-08,0.19183673469387755,0.40298507462686567
Neural Plate 2,slc2a11.3,-6.3155203,-3.2248604,2.692537094006589e-10,1.9578495471369802e-08,0.04285714285714286,0.26865671641791045
Neural Plate 2,pdcd6ip,-6.3507686,-2.0632377,2.1424157633707073e-10,1.5814382620982106e-08,0.10714285714285714,0.3283582089552239
Neural Plate 2,masp1,-6.373351,-1.1898886,1.849420022732184e-10,1.3790917521552159e-08,0.3081632653061224,0.5014925373134328
Neural Plate 2,gabbr1,-6.3874335,-1.5057796,1.6869282417506284e-10,1.2611406505016015e-08,0.186734693877551,0.4059701492537313
Neural Plate 2,esyt2,-6.4071827,-1.368234,1.4823323493251897e-10,1.1167540438949644e-08,0.22857142857142856,0.4388059701492537
Neural Plate 2,zfhx2,-6.4510136,-1.0013336,1.1110439807588207e-10,8.413711554808573e-09,0.3510204081632653,0.5373134328358209
Neural Plate 2,kcnip2,-6.550009,-3.4619656,5.753366481980306e-11,4.472783394541658e-09,0.03571428571428571,0.2716417910447761
Neural Plate 2,fhdc1,-6.617089,-1.4117126,3.663412486104344e-11,2.8709171683998946e-09,0.2153061224489796,0.43582089552238806
Neural Plate 2,stk10,-6.6270885,-1.7358006,3.423726469775106e-11,2.6902943128493582e-09,0.16428571428571428,0.3880597014925373
Neural Plate 2,lgals8,-6.643171,-7.254051,3.0700546132627406e-11,2.425426118926572e-09,0.0020408163265306124,0.24477611940298508
Neural Plate 2,slc39a11,-6.656337,-1.699137,2.807362683977362e-11,2.2239029435052105e-09,0.1663265306122449,0.39104477611940297
Neural Plate 2,hal,-6.8040795,-1.7788637,1.0169728537137531e-11,8.280538575740032e-10,0.14387755102040817,0.3880597014925373
Neural Plate 2,mst1rl,-6.816329,-1.4101504,9.339626664593962e-12,7.656116428468951e-10,0.23469387755102042,0.4626865671641791
Neural Plate 2,mansc1,-6.8693266,-2.2274284,6.450576726615092e-12,5.402773876667214e-10,0.09591836734693877,0.3402985074626866
Neural Plate 2,tpm4,-6.898158,-2.4055636,5.268102755002545e-12,4.4250549319390634e-10,0.09489795918367347,0.33134328358208953
Neural Plate 2,myo5b,-6.92699,-1.9795802,4.298883523458451e-12,3.6318111061911554e-10,0.13979591836734695,0.373134328358209
Neural Plate 2,gli1,-6.9298234,-1.0242728,4.213663241199978e-12,3.570133049377292e-10,0.44081632653061226,0.6268656716417911
Neural Plate 2,pim1,-6.9771543,-1.0535724,3.0121865968008757e-12,2.5820887510582523e-10,0.3693877551020408,0.573134328358209
Neural Plate 2,rnf123,-7.0761495,-1.4503361,1.4821498938677824e-12,1.2894262960609866e-10,0.2357142857142857,0.45671641791044776
Neural Plate 2,tmcc1,-7.086149,-1.2604244,1.3789536095573136e-12,1.206832124579935e-10,0.2979591836734694,0.5074626865671642
Neural Plate 2,spint1,-7.0997314,-1.9857085,1.249993689660132e-12,1.105882612039076e-10,0.12755102040816327,0.3761194029850746
Neural Plate 2,f11r,-7.169395,-1.4376335,7.532999665931473e-13,6.775295791841319e-11,0.22551020408163266,0.46567164179104475
Neural Plate 2,pcdh20,-7.180811,-4.5265665,6.929911837674648e-13,6.252106571823075e-11,0.0163265306122449,0.27761194029850744
Neural Plate 2,plekhg7,-7.186477,-1.414693,6.648431548987619e-13,6.016727634936753e-11,0.2510204081632653,0.48656716417910445
Neural Plate 2,krt18,-7.192144,-1.0654671,6.378183245969172e-13,5.79008305785481e-11,0.39591836734693875,0.5970149253731343
Neural Plate 2,stard10,-7.209476,-4.23146,5.616751084753983e-13,5.1468103748728426e-11,0.02346938775510204,0.2835820895522388
Neural Plate 2,LOC105947373,-7.2115593,-4.437859,5.531469367848235e-13,5.084603178980244e-11,0.019387755102040816,0.28059701492537314
Neural Plate 2,prr5,-7.223892,-3.02874,5.052032660495083e-13,4.6732900854092336e-11,0.05,0.31044776119402984
Neural Plate 2,rtbdn,-7.2291417,-2.416398,4.860553680972034e-13,4.5104395126505883e-11,0.09183673469387756,0.34626865671641793
Neural Plate 2,pcdh1,-7.255474,-1.3143678,4.002578740819116e-13,3.762037915526803e-11,0.29285714285714287,0.5104477611940299
Neural Plate 2,LOC100486901,-7.3085546,-2.1530807,2.7003115654025403e-13,2.5544597853812834e-11,0.11530612244897959,0.3701492537313433
Neural Plate 2,pard3b,-7.365635,-1.2042708,1.7630542288817795e-13,1.71215409184197e-11,0.32653061224489793,0.5552238805970149
Neural Plate 2,tspan3,-7.3898005,-1.4741986,1.4704915884272865e-13,1.4327979873772669e-11,0.23265306122448978,0.46567164179104475
Neural Plate 2,satpa,-7.413633,-4.0216937,1.228859070764965e-13,1.2094538551357135e-11,0.03469387755102041,0.29850746268656714
Neural Plate 2,sp7,-7.5307937,-1.8347241,5.043284554231052e-14,5.083456924300962e-12,0.19693877551020408,0.4388059701492537
Neural Plate 2,mylk,-7.6024566,-2.2062697,2.905611242444941e-14,2.99063106436296e-12,0.11224489795918367,0.37910447761194027
Neural Plate 2,afap1l1,-7.6112065,-1.3056594,2.715493688918477e-14,2.804826714515053e-12,0.29285714285714287,0.5432835820895522
Neural Plate 2,marveld2,-7.6297054,-3.595211,2.3529078960931655e-14,2.4476103455764882e-12,0.03163265306122449,0.31044776119402984
Neural Plate 2,rspo1,-7.6552873,-5.900578,1.9288030920928253e-14,2.0280878843512725e-12,0.00816326530612245,0.2865671641791045
Neural Plate 2,st14,-7.745283,-2.3267698,9.536919685435358e-15,1.024903306341768e-12,0.10816326530612246,0.37910447761194027
Neural Plate 2,lrrfip1,-7.8909426,-3.0092254,2.999129446777937e-15,3.308209541840222e-13,0.0653061224489796,0.34328358208955223
Neural Plate 2,cpne3,-7.892026,-1.6068305,2.9732041124903395e-15,3.2920352050077695e-13,0.21326530612244898,0.4835820895522388
Neural Plate 2,morc1,-7.929524,-7.104078,2.199876727616522e-15,2.463777648465845e-13,0.003061224489795918,0.29253731343283584
Neural Plate 2,frmd6,-7.948773,-1.0319163,1.883679736786125e-15,2.1341799374416752e-13,0.45408163265306123,0.6716417910447762
Neural Plate 2,hpdl,-7.9894376,-1.3272653,1.3555575075971186e-15,1.5538941766498577e-13,0.3224489795918367,0.5701492537313433
Neural Plate 2,snx33,-8.089849,-2.2973912,5.973861601120946e-16,6.929442399300254e-14,0.10918367346938776,0.3940298507462687
Neural Plate 2,lyn,-8.096349,-1.5011302,5.66332251592524e-16,6.595401612072137e-14,0.25816326530612244,0.5253731343283582
Neural Plate 2,ttc9,-8.155763,-1.7326406,3.469832416845691e-16,4.106342970721311e-14,0.20408163265306123,0.46567164179104475
Neural Plate 2,egfr,-8.159762,-1.5484478,3.35684080091821e-16,3.9887729045382196e-14,0.2673469387755102,0.5313432835820896
Neural Plate 2,ano5,-8.192595,-2.545206,2.556550502108958e-16,3.050225621516202e-14,0.09489795918367347,0.3850746268656716
Neural Plate 2,atp10b,-8.219093,-1.9329919,2.0504823120014377e-16,2.466569895560248e-14,0.18571428571428572,0.4537313432835821
Neural Plate 2,LOC100488554,-8.277007,-1.9285058,1.2631016434084444e-16,1.55787865563174e-14,0.1826530612244898,0.4537313432835821
Neural Plate 2,upk3a,-8.287923,-2.024946,1.1524335077534209e-16,1.433480164474053e-14,0.1469387755102041,0.43582089552238806
Neural Plate 2,plcb3,-8.292506,-1.6551883,1.1088717552240403e-16,1.3851893280749538e-14,0.23979591836734693,0.5014925373134328
Neural Plate 2,itpr2,-8.296756,-1.3363415,1.0699310281239687e-16,1.3422812825361256e-14,0.32346938775510203,0.582089552238806
Neural Plate 2,hpgd,-8.298089,-5.4147344,1.0579945491449237e-16,1.3330275287092787e-14,0.012244897959183673,0.31343283582089554
Neural Plate 2,tmod3,-8.335171,-1.1614628,7.738663225171984e-17,9.835168031956619e-15,0.39693877551020407,0.6328358208955224
Neural Plate 2,rbfox3,-8.34342,-2.0852482,7.217225054898486e-17,9.252925683321826e-15,0.16122448979591836,0.4388059701492537
Neural Plate 2,abcb1l,-8.418416,-4.3633065,3.816075919485331e-17,4.957676231221142e-15,0.022448979591836733,0.3283582089552239
Neural Plate 2,cripto.3,-8.428832,-2.722678,3.491309883052133e-17,4.556003535334683e-15,0.0826530612244898,0.382089552238806
Neural Plate 2,col27a1,-8.429083,-2.3149552,3.4838603634785085e-17,4.556003535334683e-15,0.11938775510204082,0.41492537313432837
Neural Plate 2,unc80,-8.468414,-5.4280586,2.487571291415691e-17,3.275414253124868e-15,0.011224489795918367,0.3194029850746269
Neural Plate 2,clcn3,-8.530244,-2.3112698,1.4603921870271425e-17,1.9855220473949024e-15,0.12551020408163266,0.4208955223880597
Neural Plate 2,ntan1,-8.531244,-2.888842,1.447822208366336e-17,1.9855220473949024e-15,0.07551020408163266,0.3761194029850746
Neural Plate 2,enc1,-8.5500765,-1.702117,1.2300699357293422e-17,1.7040840896352798e-15,0.21326530612244898,0.5044776119402985
Neural Plate 2,znf750,-8.55641,-3.0033755,1.1643718181690457e-17,1.620750124614256e-15,0.07040816326530612,0.373134328358209
Neural Plate 2,fshr,-8.628989,-4.0542583,6.1896523470009016e-18,8.789396857151775e-16,0.03979591836734694,0.34626865671641793
Neural Plate 2,krt8,-8.661238,-1.0089698,4.666695900770341e-18,6.7198122106117165e-16,0.563265306122449,0.7731343283582089
Neural Plate 2,cgn,-8.69807,-2.4647186,3.375788641235252e-18,4.885033553066716e-16,0.11224489795918367,0.41492537313432837
Neural Plate 2,angpt4,-8.741734,-4.236556,2.295602050586584e-18,3.3551371770348216e-16,0.025510204081632654,0.34328358208955223
Neural Plate 2,LOC101733293,-8.795481,-3.6216063,1.4243652411149573e-18,2.1028091092440057e-16,0.058163265306122446,0.3641791044776119
Neural Plate 2,slco4c1,-8.86956,-1.530482,7.34350614471952e-19,1.1008104005963912e-16,0.2969387755102041,0.5761194029850746
Neural Plate 2,palm2,-8.88631,-1.1890279,6.317204848492678e-19,9.567783156802564e-17,0.4336734693877551,0.6567164179104478
Neural Plate 2,luzp1,-8.888393,-1.0277572,6.199902886114263e-19,9.439029232500313e-17,0.5091836734693878,0.7194029850746269
Neural Plate 2,LOC100489839,-8.906726,-2.7121167,5.256200563376598e-19,8.129312098839224e-17,0.11020408163265306,0.41492537313432837
Neural Plate 2,camsap3,-8.912225,-2.5271657,5.001841365084785e-19,7.777065156531563e-17,0.10408163265306122,0.417910447761194
Neural Plate 2,alpl,-8.983889,-2.7578323,2.613630485517844e-19,4.1074748775361345e-17,0.10306122448979592,0.408955223880597
Neural Plate 2,impact,-9.002888,-4.706535,2.198578588436512e-19,3.4738730118155505e-17,0.02040816326530612,0.34626865671641793
Neural Plate 2,mpzl1,-9.019553,-1.2778262,1.8885795983653638e-19,3.016670504908085e-17,0.3704081632653061,0.6358208955223881
Neural Plate 2,eppk1,-9.022053,-1.4025708,1.8459673032234556e-19,2.964806057171694e-17,0.37142857142857144,0.6298507462686567
Neural Plate 2,KIAA1217,-9.064218,-1.667767,1.2550161587584495e-19,2.026816427440234e-17,0.2755102040816326,0.5582089552238806
Neural Plate 2,LOC100495222,-9.098216,-3.627649,9.18277444053541e-20,1.491231553729392e-17,0.04591836734693878,0.373134328358209
Neural Plate 2,sipa1l3,-9.1027155,-1.0456103,8.810076645168572e-20,1.438700281647612e-17,0.5081632653061224,0.7253731343283583
Neural Plate 2,znf84,-9.1341305,-1.6960022,6.593424822292731e-20,1.0888836213584113e-17,0.2357142857142857,0.5373134328358209
Neural Plate 2,LOC100491113,-9.1637125,-2.0521605,5.014182276247478e-20,8.327816029374434e-18,0.17755102040816326,0.48955223880597015
Neural Plate 2,dnah5,-9.164379,-3.2425196,4.9832893453697086e-20,8.323801763114397e-18,0.07959183673469387,0.3940298507462687
Neural Plate 2,oxr1,-9.174046,-2.171659,4.555923972276478e-20,7.697931423908308e-18,0.14489795918367346,0.46567164179104475
Neural Plate 2,ccng2,-9.179046,-1.2632647,4.349301666971791e-20,7.391537036468164e-18,0.38571428571428573,0.6417910447761194
Neural Plate 2,nipal4,-9.215877,-2.9437864,3.087445082232559e-20,5.277725567177774e-18,0.08061224489795918,0.40298507462686567
Neural Plate 2,zfp36l2.1,-9.255542,-1.1157117,2.1314719657759617e-20,3.75331668865043e-18,0.5357142857142857,0.808955223880597
Neural Plate 2,kifc3,-9.365536,-4.1567416,7.566520475269277e-21,1.3652898766209644e-18,0.0326530612244898,0.3701492537313433
Neural Plate 2,LOC100492479,-9.366036,-6.1834235,7.530778508278997e-21,1.3652898766209644e-18,0.009183673469387756,0.3492537313432836
Neural Plate 2,ripk4,-9.378535,-1.3670086,6.689544402085086e-21,1.222137952608432e-18,0.363265306122449,0.6626865671641791
Neural Plate 2,sh3bp4,-9.779182,-1.910156,1.3832359290209086e-22,2.660090094816459e-20,0.21428571428571427,0.5432835820895522
Neural Plate 2,gmnn,-9.899509,-1.2198905,4.183211423923267e-23,8.318330145081703e-21,0.463265306122449,0.7044776119402985
Neural Plate 2,myo5c,-9.963507,-3.6480763,2.2015790598952305e-23,4.564138829772871e-21,0.05612244897959184,0.408955223880597
Neural Plate 2,dsg2,-9.994005,-2.2086933,1.619050804827963e-23,3.380462433994727e-21,0.17551020408163265,0.5074626865671642
Neural Plate 2,map3k10,-10.03867,-4.0076756,1.0305487387312354e-23,2.182896389989329e-21,0.04081632653061224,0.4
Neural Plate 2,metrnl,-10.145997,-1.2987889,3.452335408604371e-24,7.475201209549212e-22,0.41836734693877553,0.6805970149253732
Neural Plate 2,znf519,-10.42815,-1.4118947,1.8444414807255495e-25,4.084459766900647e-23,0.39591836734693875,0.6626865671641791
Neural Plate 2,sfrp2,-10.454399,-1.8597617,1.398830921015222e-25,3.121315011618012e-23,0.2642857142857143,0.5791044776119403
Neural Plate 2,fastkd3,-10.458732,-1.0768329,1.3363207856217448e-25,3.004768683423787e-23,0.5806122448979592,0.7761194029850746
Neural Plate 2,upk2,-10.570477,-2.6960068,4.084147001931403e-26,9.326851641676316e-24,0.11836734693877551,0.48955223880597015
Neural Plate 2,ppp1r14a,-10.710803,-2.140128,9.057298235325776e-27,2.1351119735226432e-24,0.19387755102040816,0.5582089552238806
Neural Plate 2,LOC100496743,-11.059119,-2.1223333,1.980334044573198e-28,5.0336647353842734e-26,0.20918367346938777,0.564179104477612
Neural Plate 2,spata13,-11.090117,-2.7383506,1.401039156385899e-28,3.656587105385376e-26,0.12244897959183673,0.5044776119402985
Neural Plate 2,iqgap1,-11.104283,-2.020718,1.1957278355125137e-28,3.148857690078044e-26,0.23265306122448978,0.5970149253731343
Neural Plate 2,grk5,-11.186946,-1.6449106,4.724270842521716e-29,1.266928082548186e-26,0.33877551020408164,0.6626865671641791
Neural Plate 2,chmp5,-11.232444,-1.0030897,2.8255435833767155e-29,7.719015372493904e-27,0.6530612244897959,0.8537313432835821
Neural Plate 2,astl2c,-11.431767,-4.008415,2.9014354064471565e-30,8.154986381332388e-28,0.053061224489795916,0.45671641791044776
Neural Plate 2,rab40b,-11.445766,-4.013214,2.4691277800291604e-30,7.07598766059141e-28,0.04693877551020408,0.45671641791044776
Neural Plate 2,upk1b,-11.475931,-2.7220557,1.742904699244052e-30,5.044242303327018e-28,0.12755102040816327,0.5283582089552239
Neural Plate 2,ly6g6c,-11.561511,-3.2127955,6.456290072659829e-31,1.9257532154481576e-28,0.08673469387755102,0.4955223880597015
Neural Plate 2,usp43,-11.585259,-2.7407072,4.894822997258687e-31,1.4750574333285432e-28,0.12244897959183673,0.5283582089552239
Neural Plate 2,lsr,-11.893328,-1.7512683,1.281954099303624e-32,3.944505292288867e-30,0.3193877551020408,0.6746268656716418
Neural Plate 2,pank1,-11.926743,-3.0045555,8.586827149052463e-33,2.6702291956803464e-30,0.11020408163265306,0.5223880597014925
Neural Plate 2,cldn6.2,-11.949325,-1.0527319,6.54548895663124e-33,2.0573245988310513e-30,0.6520408163265307,0.8895522388059701
Neural Plate 2,upk1a,-11.998572,-2.3970346,3.6147797244274745e-33,1.1485176752689078e-30,0.18775510204081633,0.5850746268656717
Neural Plate 2,slc22a4,-12.211395,-3.2021027,2.7021558789861575e-34,8.874912190858918e-32,0.10816326530612246,0.5283582089552239
Neural Plate 2,hes4,-12.300891,-1.9654852,8.958085888901851e-35,3.009813892166552e-32,0.2795918367346939,0.7044776119402985
Neural Plate 2,lekr1,-12.587709,-2.6382844,2.4672832987753028e-36,8.795263183719619e-34,0.17142857142857143,0.5791044776119403
Neural Plate 2,nek2,-12.722036,-3.0877988,4.460806433080917e-37,1.6334035135994996e-34,0.12040816326530612,0.5552238805970149
Neural Plate 2,rbbp8,-12.79995,-1.9804578,1.6405835608480726e-37,6.309986587782896e-35,0.3112244897959184,0.6925373134328359
Neural Plate 2,plcd3,-12.894195,-2.6107388,4.85306708805173e-38,1.8914667206778682e-35,0.17755102040816326,0.6029850746268657
Neural Plate 2,dnmbp,-12.937276,-2.2283144,2.772886436615503e-38,1.11033210176312e-35,0.2336734693877551,0.6507462686567164
Neural Plate 2,MGC89056,-13.013689,-4.192715,1.0228304690252922e-38,4.152549644455322e-36,0.04693877551020408,0.5164179104477612
Neural Plate 2,dennd3,-13.019522,-3.6110437,9.476257194004156e-39,3.901415127294866e-36,0.07244897959183673,0.5343283582089552
Neural Plate 2,dst,-13.026188,-2.5628266,8.68388202157574e-39,3.626265076752578e-36,0.21020408163265306,0.6119402985074627
Neural Plate 2,gramd4,-13.19218,-1.6549686,9.73295796300256e-40,4.123247742268519e-37,0.4479591836734694,0.7910447761194029
Neural Plate 2,tjp3,-13.238678,-3.6000683,5.246449699911978e-40,2.255278987913633e-37,0.08571428571428572,0.5492537313432836
Neural Plate 2,gnb3,-13.245094,-2.7294743,4.816790660684412e-40,2.1014866836188963e-37,0.1704081632653061,0.6149253731343284
Neural Plate 2,itpkb,-13.273676,-2.618939,3.290361629817499e-40,1.4572812242605351e-37,0.19183673469387755,0.6179104477611941
Neural Plate 2,cldn7,-13.834481,-2.1884484,1.5787097601770305e-43,7.956424999954273e-41,0.2673469387755102,0.7194029850746269
Neural Plate 2,cldn4,-14.046804,-3.069031,8.058953032964489e-45,4.132829054501491e-42,0.12755102040816327,0.6179104477611941
Neural Plate 2,stard13,-14.071303,-1.7633977,5.700925551862563e-45,2.9757813358302606e-42,0.43979591836734694,0.8149253731343283
Neural Plate 2,kif5a,-14.109301,-4.973227,3.32860511586829e-45,1.7690628389444724e-42,0.03979591836734694,0.5402985074626866
Neural Plate 2,elapor2,-14.181631,-2.6912596,1.190474413301989e-45,6.4442143657834146e-43,0.19489795918367347,0.6597014925373135
Neural Plate 2,slc22a23,-14.341956,-2.2185712,1.196350362995965e-46,6.856964207987265e-44,0.2857142857142857,0.7313432835820896
Neural Plate 2,wdfy3,-14.496782,-1.3180199,1.269642940019002e-47,7.57406791422356e-45,0.6142857142857143,0.8417910447761194
Neural Plate 2,adap1l,-15.116168,-3.527187,1.2670462057050131e-51,7.716047424784007e-49,0.10918367346938776,0.6328358208955224
Neural Plate 2,lpin2,-15.14825,-2.9613252,7.78114765881187e-52,4.839377174781485e-49,0.18061224489795918,0.6656716417910448
Neural Plate 2,upk3b,-15.241745,-3.985161,1.8681359071757564e-52,1.1871191457098813e-49,0.07346938775510205,0.6119402985074627
Neural Plate 2,gprc5cl2,-15.374072,-5.8311276,2.443198021634546e-53,1.5870471415644315e-50,0.018367346938775512,0.5761194029850746
Neural Plate 2,KIAA1671,-15.575562,-1.8176714,1.0671138498500835e-54,7.426858320230426e-52,0.4928571428571429,0.844776119402985
Neural Plate 2,depdc1b,-15.591811,-2.509268,8.275390499174744e-55,5.899949748326267e-52,0.24591836734693878,0.7283582089552239
Neural Plate 2,usp53,-15.632226,-3.633586,4.391907984209389e-55,3.2094965571606163e-52,0.10408163265306122,0.6417910447761194
Neural Plate 2,LOC595077,-16.057037,-4.841097,5.103474205415443e-58,3.925780381539442e-55,0.04285714285714286,0.6179104477611941
Neural Plate 2,rassf7,-16.207947,-3.5347712,4.431248314426788e-59,3.598050541083595e-56,0.12142857142857143,0.6686567164179105
Neural Plate 2,cdh3,-16.329191,-1.1004136,6.119024705359341e-60,5.110434604638826e-57,0.7683673469387755,0.9522388059701492
Neural Plate 2,plcb4,-16.955326,-2.1252112,1.7578137960416716e-64,1.6575050023256164e-61,0.4377551020408163,0.8208955223880597
Neural Plate 2,cldn6,-17.1499,-3.8896732,6.296021115854145e-66,6.134633107917751e-63,0.09897959183673469,0.6865671641791045
Neural Plate 2,osbpl1a,-17.331474,-5.9600177,2.7225647820051345e-67,2.8422603979568604e-64,0.027551020408163266,0.6477611940298508
Neural Plate 2,arhgap6,-17.788952,-1.6169647,8.607448830092075e-71,9.318679138978571e-68,0.6459183673469387,0.9402985074626866
Neural Plate 2,arhgef25,-18.10577,-2.681801,2.8697144209297506e-73,3.3553848895279015e-70,0.3040816326530612,0.8059701492537313
Neural Plate 2,calcrl,-18.174099,-4.9460325,8.277595518293249e-74,1.0081766441467914e-70,0.06938775510204082,0.6955223880597015
Neural Plate 2,ackr3,-18.344507,-5.180343,3.652180830638412e-75,4.641604254799627e-72,0.04387755102040816,0.6985074626865672
Neural Plate 2,astl2d,-18.570498,-4.5213737,5.56853895779783e-77,7.398816467063108e-74,0.08673469387755102,0.7223880597014926
Neural Plate 2,kalrn,-19.959679,-4.0912137,1.2350559256163188e-88,1.8050959880845307e-85,0.12040816326530612,0.7850746268656716
Neural Plate 2,dcbld1,-20.049173,-2.647371,2.0522612139732203e-89,3.1573498708237474e-86,0.35714285714285715,0.8835820895522388
Neural Plate 2,cnn2,-20.154001,-2.3393438,2.482151757566633e-90,4.030876556968346e-87,0.44081632653061226,0.8985074626865671
Neural Plate 2,dtna,-20.411322,-3.7418113,1.326473066522171e-92,2.4233833879693488e-89,0.18571428571428572,0.817910447761194
Neural Plate 2,ocln,-20.53165,-3.0637004,1.1229716894799499e-93,2.1883723636792276e-90,0.26326530612244897,0.8626865671641791
Neural Plate 2,usp54,-20.621979,-1.5619061,1.7428367108052028e-94,3.638918563824777e-91,0.713265306122449,0.9223880597014925
Neural Plate 2,arhgap45,-20.823135,-2.8041956,2.671234043652923e-96,6.006372486924507e-93,0.3673469387755102,0.8805970149253731
Neural Plate 2,plpp3,-20.825052,-3.9616876,2.566487079943027e-96,6.006372486924507e-93,0.1704081632653061,0.8238805970149253
Neural Plate 2,angpt4.2,-21.045874,-3.8977728,2.494750991685024e-98,6.629460567085904e-95,0.1520408163265306,0.8477611940298507
Neural Plate 2,spint2,-21.496101,-3.3606913,1.6932789198645781e-102,4.949623610656149e-99,0.23877551020408164,0.8776119402985074
Neural Plate 2,crb2,-21.535017,-3.600169,7.316840522968984e-103,2.376428503632293e-99,0.2173469387755102,0.8597014925373134
Neural Plate 2,epcam,-21.569098,-2.168242,3.504593070405107e-103,1.2805345005126461e-99,0.5326530612244897,0.9432835820895522
Neural Plate 2,mst1,-21.769255,-3.1133566,4.539489369269686e-105,1.8956259107588884e-101,0.31020408163265306,0.8805970149253731
Neural Plate 2,epas1,-22.443556,-4.7525673,1.4793407550868169e-111,7.207101601990457e-108,0.11326530612244898,0.8567164179104477
Neural Plate 2,phldb3,-22.912699,-6.699064,3.471614923898717e-116,2.0295755168096677e-112,0.030612244897959183,0.844776119402985
Neural Plate 2,itpr3,-22.969528,-2.7647104,9.402557166222067e-117,6.871153713145931e-113,0.463265306122449,0.9402985074626866
Neural Plate 2,nectin3,-23.403507,-4.8833437,3.936229428057211e-121,3.835330747051344e-117,0.12857142857142856,0.8805970149253731
Neural Plate 2,nectin2,-24.75744,-3.1876411,2.578016897176566e-135,3.7679005960684105e-131,0.3683673469387755,0.9641791044776119
Neural Plate 2,lmo7,-26.116707,-4.571031,2.3555234493610544e-150,6.885430594827299e-146,0.23877551020408164,0.9701492537313433
