group,names,scores,logfoldchanges,pvals,pvals_adj,pct_nz_group,pct_nz_reference
Neural Plate Border 1,lmo7,18.65973,3.856456,1.0526130457706305e-77,3.0768931940921303e-73,0.9651162790697675,0.3105022831050228
Neural Plate Border 1,angpt4.2,18.175327,4.5940814,8.094372695120294e-74,7.886886941702044e-70,0.9447674418604651,0.1461187214611872
Neural Plate Border 1,epas1,18.039547,4.485177,9.532367441091538e-73,6.966015816763669e-69,0.9418604651162791,0.1780821917808219
Neural Plate Border 1,itpr3,18.010849,2.8602183,1.6015436201601991e-72,9.362944312180556e-69,0.9767441860465116,0.5342465753424658
Neural Plate Border 1,epcam,16.97269,1.9573528,1.307979928659955e-64,6.372260215776523e-61,0.9912790697674418,0.6666666666666666
Neural Plate Border 1,arhgef25,16.917421,4.0571485,3.3476642704365025e-64,1.3979367755589915e-60,0.8924418604651163,0.2009132420091324
Neural Plate Border 1,gna14,16.871452,3.103316,7.297902623940964e-64,2.666562395005229e-60,0.9418604651162791,0.3698630136986301
Neural Plate Border 1,tjp3,16.752943,4.867972,5.389291683575476e-63,1.750382057806608e-59,0.8691860465116279,0.1050228310502283
Neural Plate Border 1,ocln,16.69289,3.129224,1.4764506716635982e-62,4.315812958339864e-59,0.9447674418604651,0.3059360730593607
Neural Plate Border 1,plcb4,16.642405,2.3921049,3.4354096360622944e-62,9.129132642885175e-59,0.9476744186046512,0.5662100456621004
Neural Plate Border 1,calcrl,16.61105,5.5451355,5.7969597473413315e-62,1.368549831940679e-58,0.8517441860465116,0.0684931506849315
Neural Plate Border 1,rbbp8,16.608128,3.7471344,6.08639725470522e-62,1.368549831940679e-58,0.9098837209302325,0.2100456621004566
Neural Plate Border 1,astl2d,16.519112,5.5359735,2.67305568530196e-61,5.581149338361543e-58,0.8517441860465116,0.0684931506849315
Neural Plate Border 1,cldn4,16.415482,4.426469,1.4819908604773278e-60,2.888004989507518e-57,0.8837209302325582,0.1141552511415525
Neural Plate Border 1,elapor2,16.392365,3.7798169,2.1684257590823012e-60,3.961578335233422e-57,0.8982558139534884,0.228310502283105
Neural Plate Border 1,slc22a4,16.359682,4.652174,3.7106381980452945e-60,6.380333245121294e-57,0.8662790697674418,0.1187214611872146
Neural Plate Border 1,KIAA1671,16.085993,2.6305487,3.198837915079612e-58,5.194735060871785e-55,0.9302325581395349,0.4429223744292237
Neural Plate Border 1,KIAA1217,15.990866,3.4216423,1.4796013239832265e-57,2.1625113150676846e-54,0.8808139534883721,0.2876712328767123
Neural Plate Border 1,upk3b,15.822932,4.484262,2.161843854491155e-56,3.0091837005062355e-53,0.8372093023255814,0.1095890410958904
Neural Plate Border 1,nectin2,15.77404,2.4743717,4.694779675284483e-56,6.237868394920033e-53,0.9534883720930233,0.4520547945205479
Neural Plate Border 1,dcbld1,15.6922,3.8832424,1.7102503698548e-55,2.1735795026619855e-52,0.8604651162790697,0.1598173515981735
Neural Plate Border 1,spint2,15.407351,2.9738474,1.4607891949313612e-53,1.7791803732099423e-50,0.8837209302325582,0.2968036529680365
Neural Plate Border 1,upk1b,15.116124,4.226121,1.2678794460922986e-51,1.4254378495663068e-48,0.813953488372093,0.1187214611872146
Neural Plate Border 1,ly6g6c,14.946066,4.201939,1.6522706346815005e-50,1.7249115329419622e-47,0.7965116279069767,0.1187214611872146
Neural Plate Border 1,LOC100489839,14.929856,4.1563067,2.1071825670178358e-50,2.1239673660861503e-47,0.8052325581395349,0.1552511415525114
Neural Plate Border 1,myo5c,14.768035,5.0584464,2.354789782565291e-49,2.2204148430376136e-46,0.7645348837209303,0.0776255707762557
Neural Plate Border 1,upk2,14.616842,4.0808635,2.1934147113124287e-48,2.0036157945741753e-45,0.8052325581395349,0.1187214611872146
Neural Plate Border 1,eppk1,14.493814,2.176047,1.3257107671654333e-47,1.1742985283337207e-44,0.9273255813953488,0.5251141552511416
Neural Plate Border 1,upk1a,14.347138,3.3006554,1.1102403222484747e-46,9.545127899895635e-44,0.8313953488372093,0.2146118721461187
Neural Plate Border 1,gnb3,14.33651,3.0363383,1.2940092981173928e-46,1.0807195940934145e-43,0.8401162790697675,0.3059360730593607
Neural Plate Border 1,mgat4g,14.155823,5.1411605,1.719149002290966e-45,1.3581741752964116e-42,0.7354651162790697,0.0593607305936073
Neural Plate Border 1,tanc2,14.123937,1.418326,2.704528703545244e-45,2.080423119298185e-42,0.9651162790697675,0.7397260273972602
Neural Plate Border 1,slc22a23,14.08089,2.704396,4.977886489987437e-45,3.730989743303148e-42,0.8604651162790697,0.3059360730593607
Neural Plate Border 1,trpm4,14.009944,3.5374494,1.355126670762994e-44,9.902926928268268e-42,0.7761627906976745,0.182648401826484
Neural Plate Border 1,camsap3,13.987357,3.9495158,1.8620264706878253e-44,1.3275340430408737e-41,0.7616279069767442,0.1232876712328767
Neural Plate Border 1,LOC595077,13.831647,4.640232,1.642164599776846e-43,1.1163282189785346e-40,0.7383720930232558,0.0639269406392694
Neural Plate Border 1,LOC101734097,13.80853,4.7624507,2.26405052047291e-43,1.5041013809987188e-40,0.7296511627906976,0.0730593607305936
Neural Plate Border 1,adap1l,13.743163,2.903372,5.5975552907235935e-43,3.6360475267364747e-40,0.8343023255813954,0.2922374429223744
Neural Plate Border 1,dsg2,13.709949,2.902228,8.852036521433884e-43,5.625084338218128e-40,0.8081395348837209,0.2968036529680365
Neural Plate Border 1,ackr3,13.694537,5.41297,1.0945562700932827e-42,6.8074413470418615e-40,0.7063953488372093,0.0410958904109589
Neural Plate Border 1,clcn3,13.640331,3.7399325,2.305125550143284e-42,1.4037734365882986e-39,0.752906976744186,0.1415525114155251
Neural Plate Border 1,stard10,13.446357,5.713387,3.234168988898727e-41,1.9293468104999732e-38,0.6918604651162791,0.0273972602739726
Neural Plate Border 1,chmp5,13.325456,1.4642675,1.6462421163127262e-40,9.435549667046528e-38,0.9156976744186046,0.6484018264840182
Neural Plate Border 1,rtbdn,13.216512,4.4559846,7.0456395256700905e-40,3.9605978649012005e-37,0.7063953488372093,0.0821917808219178
Neural Plate Border 1,arhgap45,13.140251,2.1790645,1.9358384419623336e-39,1.06766968862266e-36,0.8575581395348837,0.4337899543378995
Neural Plate Border 1,iqgap1,13.131748,2.623578,2.1659852271241902e-39,1.1724798921123556e-36,0.8691860465116279,0.3059360730593607
Neural Plate Border 1,capn13,13.109959,3.9760118,2.8875404193510687e-39,1.534648981782747e-36,0.7151162790697675,0.1324200913242009
Neural Plate Border 1,mfsd6,13.106239,3.5901732,3.032684915184011e-39,1.5830073706382825e-36,0.7383720930232558,0.1598173515981735
Neural Plate Border 1,krt8,13.095079,1.9705794,3.513088499282804e-39,1.801598068816415e-36,0.9011627906976745,0.5753424657534246
Neural Plate Border 1,rbbp8nl,13.009253,7.637566,1.0839753799777186e-38,5.370454971547236e-36,0.6540697674418605,0.0091324200913242
Neural Plate Border 1,znf185,12.941494,3.9671562,2.6247380476168886e-38,1.2787286311648213e-35,0.7093023255813954,0.1232876712328767
Neural Plate Border 1,atf6,12.819796,2.2866118,1.270345614270196e-37,6.087454532906902e-35,0.8255813953488372,0.3744292237442922
Neural Plate Border 1,cgn,12.783658,3.766608,2.0232426079590398e-37,9.53893623762108e-35,0.7122093023255814,0.1141552511415525
Neural Plate Border 1,pank1,12.7650585,3.9081314,2.5695889671411843e-37,1.192248493627047e-34,0.7151162790697675,0.091324200913242
Neural Plate Border 1,dop1b,12.710852,5.3230066,5.1470733413791146e-37,2.3508453256539516e-34,0.6569767441860465,0.045662100456621
Neural Plate Border 1,rrbp1,12.682686,2.8759758,7.3760444850839446e-37,3.3170639437459817e-34,0.7558139534883721,0.2648401826484018
Neural Plate Border 1,map3k10,12.510767,5.613553,6.519197412263806e-36,2.6839811205335676e-33,0.6424418604651163,0.0273972602739726
Neural Plate Border 1,tmem45b,12.470643,4.24667,1.0795096773170309e-35,4.264209105088396e-33,0.6715116279069767,0.0958904109589041
Neural Plate Border 1,atp8b1,12.468517,2.9332447,1.1086935587603088e-35,4.3210961888163446e-33,0.7558139534883721,0.2146118721461187
Neural Plate Border 1,krt70,12.429723,2.038885,1.8025815015134126e-35,6.933060509307706e-33,0.8604651162790697,0.5342465753424658
Neural Plate Border 1,dsp,12.411654,1.3709583,2.2593629370531686e-35,8.577069871818333e-33,0.9593023255813954,0.7488584474885844
Neural Plate Border 1,MGC89056,12.401026,3.4647167,2.580006630051146e-35,9.668740231157057e-33,0.7093023255813954,0.1278538812785388
Neural Plate Border 1,golga4,12.392523,3.114035,2.868755767804245e-35,1.0614759474517201e-32,0.7325581395348837,0.2054794520547945
Neural Plate Border 1,arhgef16,12.38402,3.6211224,3.189591956127707e-35,1.1654370308696126e-32,0.6918604651162791,0.1415525114155251
Neural Plate Border 1,rassf7,12.374454,3.2431364,3.5933090897075635e-35,1.2967409629782937e-32,0.7267441860465116,0.1552511415525114
Neural Plate Border 1,slco4c1,12.150188,4.236269,5.723362407065712e-34,1.9453442618713703e-31,0.6569767441860465,0.0776255707762557
Neural Plate Border 1,ptbp1,12.130791,1.1052791,7.254534289785545e-34,2.4097419525536506e-31,0.9563953488372093,0.7853881278538812
Neural Plate Border 1,ptprvl,12.102891,3.3841708,1.0195664867641518e-33,3.348645839843025e-31,0.6947674418604651,0.1324200913242009
Neural Plate Border 1,plxna2,12.090137,1.4892727,1.1908913933268455e-33,3.867882924259669e-31,0.9127906976744186,0.6986301369863014
Neural Plate Border 1,calr,12.038587,1.3477595,2.2273794679617948e-33,7.077014046520786e-31,0.9593023255813954,0.7214611872146118
Neural Plate Border 1,pkp3,12.005107,4.4627495,3.340329408876032e-33,1.0499050424823151e-30,0.6424418604651163,0.0684931506849315
Neural Plate Border 1,zfhx3,11.965515,2.2856019,5.386249122639605e-33,1.6573205063566137e-30,0.7936046511627907,0.3561643835616438
Neural Plate Border 1,jup,11.958872,1.9609637,5.8349232206974845e-33,1.7766733402521683e-30,0.8401162790697675,0.4794520547945205
Neural Plate Border 1,nek2,11.951963,2.6086857,6.34093950651144e-33,1.9108453888127414e-30,0.7877906976744186,0.2876712328767123
Neural Plate Border 1,myo5b,11.72132,2.4905782,9.911473475149133e-32,2.926487688404892e-29,0.752906976744186,0.2785388127853881
Neural Plate Border 1,ccdc149,11.710426,6.1548586,1.1271160973471047e-31,3.2946730641553215e-29,0.5959302325581395,0.0182648401826484
Neural Plate Border 1,cltc,11.704315,1.5240492,1.211339141954933e-31,3.5058073721271925e-29,0.877906976744186,0.5753424657534246
Neural Plate Border 1,pcdh1,11.696875,2.7407262,1.3223451467748169e-31,3.789555978958301e-29,0.7209302325581395,0.2465753424657534
Neural Plate Border 1,cep170b,11.6649885,2.9582376,1.924289800113826e-31,5.461059723022063e-29,0.7034883720930233,0.2191780821917808
Neural Plate Border 1,scel,11.621411,5.330627,3.2079417493073663e-31,9.016475507115733e-29,0.6017441860465116,0.0410958904109589
Neural Plate Border 1,akap9,11.615299,2.2335336,3.4457913251684712e-31,9.592754878666626e-29,0.7703488372093024,0.3744292237442922
Neural Plate Border 1,LOC100485898,11.611845,4.2051907,3.587888300905437e-31,9.894109709789324e-29,0.6308139534883721,0.0776255707762557
Neural Plate Border 1,slc33a1,11.602811,3.2115269,3.987626126300078e-31,1.0792805490544222e-28,0.6744186046511628,0.1552511415525114
Neural Plate Border 1,slc2a11.3,11.57863,4.4405727,5.288417722525703e-31,1.4053248949740801e-28,0.6191860465116279,0.0639269406392694
Neural Plate Border 1,kalrn,11.554716,2.9921546,6.987820217529538e-31,1.8401889439514046e-28,0.6831395348837209,0.1917808219178082
Neural Plate Border 1,abo.3,11.515124,4.380954,1.1070017921937861e-30,2.8891758381800505e-28,0.6191860465116279,0.0684931506849315
Neural Plate Border 1,grhl3,11.507153,3.1053436,1.2142164224773195e-30,3.14095223410925e-28,0.6947674418604651,0.2054794520547945
Neural Plate Border 1,esrp1,11.496524,2.2192256,1.3733582954543964e-30,3.4908379421241267e-28,0.7848837209302325,0.3881278538812785
Neural Plate Border 1,fam174b,11.491741,2.9106588,1.45156822627277e-30,3.6578267950154606e-28,0.688953488372093,0.2054794520547945
Neural Plate Border 1,hdlbp,11.488552,1.303151,1.506148195811345e-30,3.762924607842857e-28,0.8982558139534884,0.6621004566210046
Neural Plate Border 1,anxa7,11.486161,2.3391113,1.54841553074638e-30,3.8357402016311387e-28,0.752906976744186,0.3013698630136986
Neural Plate Border 1,gadd45a,11.469952,3.4307027,1.867627013975176e-30,4.549383770459031e-28,0.6511627906976745,0.1232876712328767
Neural Plate Border 1,kifc3,11.468889,3.7511446,1.8907062814713276e-30,4.5675401085692875e-28,0.6453488372093024,0.0867579908675799
Neural Plate Border 1,rabgap1l,11.389174,3.1506891,4.734564321479189e-30,1.125171135619172e-27,0.6686046511627907,0.1643835616438356
Neural Plate Border 1,atp10b,11.3806715,2.2833633,5.219653018430158e-30,1.2304490111429997e-27,0.7790697674418605,0.3287671232876712
Neural Plate Border 1,krt18,11.371371,1.9564025,5.806827971349668e-30,1.3579151074441771e-27,0.8343023255813954,0.4383561643835616
Neural Plate Border 1,upk3a,11.3490505,3.5083597,7.497222860182776e-30,1.7256009561102576e-27,0.6482558139534884,0.1095890410958904
Neural Plate Border 1,cdh1,11.336031,2.0715735,8.700190524791152e-30,1.9868380408607044e-27,0.7965116279069767,0.4018264840182648
Neural Plate Border 1,mst1rl,11.324073,2.1242957,9.972796374554523e-30,2.2598047350744437e-27,0.8401162790697675,0.3835616438356164
Neural Plate Border 1,LOC100496743,11.320619,2.4958127,1.037368786864755e-29,2.3325636160648967e-27,0.7383720930232558,0.2511415525114155
Neural Plate Border 1,ppl,11.304145,3.473128,1.2516809476007592e-29,2.7718095287361967e-27,0.6482558139534884,0.1415525114155251
Neural Plate Border 1,sytl2,11.282355,3.01892,1.603925717043225e-29,3.4988322861858596e-27,0.686046511627907,0.2328767123287671
Neural Plate Border 1,esyt2,11.277573,2.4768567,1.6935431343999046e-29,3.6669599527143415e-27,0.7383720930232558,0.2602739726027397
Neural Plate Border 1,LOC101733293,11.250469,4.615459,2.3036230355176095e-29,4.9151244489938136e-27,0.5959302325581395,0.0593607305936073
Neural Plate Border 1,muc4,11.219115,2.760581,3.2854192172828e-29,6.959136894231414e-27,0.7122093023255814,0.2968036529680365
Neural Plate Border 1,nipal4,11.187229,3.814997,4.709218372249926e-29,9.83251158851697e-27,0.622093023255814,0.0821917808219178
Neural Plate Border 1,fam3b,11.172349,4.3288536,5.568855575262034e-29,1.1544909029821597e-26,0.5988372093023255,0.0684931506849315
Neural Plate Border 1,xbp1,11.151623,2.7308505,7.031221604781773e-29,1.447391822037859e-26,0.6976744186046512,0.2100456621004566
Neural Plate Border 1,cd2ap,11.121331,2.2618692,9.878709763350527e-29,2.0193326230244702e-26,0.7732558139534884,0.3150684931506849
Neural Plate Border 1,smap1,11.103262,3.0945556,1.209471024479495e-28,2.455142188650008e-26,0.6569767441860465,0.1917808219178082
Neural Plate Border 1,slc39a5,11.100871,3.6342845,1.242276069800987e-28,2.5043428825070796e-26,0.625,0.091324200913242
Neural Plate Border 1,map7,11.09901,4.3827415,1.2684000639460132e-28,2.539493306109994e-26,0.5930232558139535,0.0730593607305936
Neural Plate Border 1,gbf1,11.05809,3.1531692,2.0031711557330882e-28,3.9563983819752635e-26,0.6482558139534884,0.1689497716894977
Neural Plate Border 1,ag1,11.049056,3.1469018,2.215323030060812e-28,4.346047482664939e-26,0.6540697674418605,0.1598173515981735
Neural Plate Border 1,LOC100497338,11.04693,4.308743,2.2683954926017974e-28,4.420497909616209e-26,0.5959302325581395,0.0776255707762557
Neural Plate Border 1,osbpl2,11.043741,3.9089787,2.3503778989739496e-28,4.54992691158328e-26,0.6104651162790697,0.1141552511415525
Neural Plate Border 1,fa2h,11.028861,5.3895183,2.773541852213346e-28,5.298915155689434e-26,0.5697674418604651,0.0365296803652968
Neural Plate Border 1,syt8,11.025938,3.746635,2.8651419495296477e-28,5.438374306928645e-26,0.6133720930232558,0.1004566210045662
Neural Plate Border 1,znf750,11.010527,3.8005517,3.4000940834148807e-28,6.371035266173101e-26,0.6133720930232558,0.1004566210045662
Neural Plate Border 1,prkcd,10.983689,2.3232305,4.578351579888491e-28,8.470240191881043e-26,0.7412790697674418,0.2968036529680365
Neural Plate Border 1,usp54,10.978907,2.209935,4.82731395918045e-28,8.87466756860401e-26,0.7558139534883721,0.3561643835616438
Neural Plate Border 1,golgb1,10.96934,1.2772379,5.366223875676594e-28,9.742862739745499e-26,0.9098837209302325,0.680365296803653
Neural Plate Border 1,itprid1,10.915134,4.3183503,9.758486684909981e-28,1.7393312456500223e-25,0.5843023255813954,0.0684931506849315
Neural Plate Border 1,slc39a11,10.910883,2.3517663,1.0225831616579337e-27,1.811583539298367e-25,0.7151162790697675,0.2785388127853881
Neural Plate Border 1,krt7,10.84897,2.0981781,2.0168351499048874e-27,3.5514523052331184e-25,0.7761627906976745,0.4292237442922374
Neural Plate Border 1,cnn2,10.827979,1.8866724,2.536923895236455e-27,4.440528286326755e-25,0.7616279069767442,0.4155251141552511
Neural Plate Border 1,sec24c,10.808847,1.6175432,3.125723400943353e-27,5.438572662677092e-25,0.875,0.4977168949771689
Neural Plate Border 1,ano5,10.745606,2.6970742,6.2151901905323885e-27,1.0685703577337086e-24,0.688953488372093,0.2054794520547945
Neural Plate Border 1,plcd3,10.745075,2.7185292,6.2510872420534425e-27,1.0685703577337086e-24,0.6802325581395349,0.1963470319634703
Neural Plate Border 1,evpl,10.729133,3.5547168,7.429047054023646e-27,1.2625492699777047e-24,0.6133720930232558,0.1324200913242009
Neural Plate Border 1,golga2,10.720364,1.6625836,8.168157369278101e-27,1.3722034946055643e-24,0.8401162790697675,0.4748858447488584
Neural Plate Border 1,sacm1l,10.707078,2.7974553,9.429129119109831e-27,1.5442172484875122e-24,0.6598837209302325,0.182648401826484
Neural Plate Border 1,astl2c,10.706015,4.0842414,9.53797319433499e-27,1.548913858020034e-24,0.5843023255813954,0.0730593607305936
Neural Plate Border 1,LOC105947373,10.693526,4.7109838,1.0914094255214601e-26,1.762596072785514e-24,0.5668604651162791,0.0410958904109589
Neural Plate Border 1,elf1,10.685023,2.6924386,1.1961911014335905e-26,1.910702846229797e-24,0.6802325581395349,0.2100456621004566
Neural Plate Border 1,spata13,10.651011,3.961878,1.7248076111185054e-26,2.7106371656239266e-24,0.5813953488372093,0.0684931506849315
Neural Plate Border 1,sema3f,10.632411,1.9731337,2.1059608972614308e-26,3.257108094595179e-24,0.8197674418604651,0.4018264840182648
Neural Plate Border 1,parm1,10.629223,3.969794,2.1792138658881368e-26,3.3351099745432524e-24,0.5813953488372093,0.0867579908675799
Neural Plate Border 1,ica1,10.622048,3.5727434,2.3533977481555214e-26,3.582925498767398e-24,0.6017441860465116,0.1004566210045662
Neural Plate Border 1,grhl1,10.606105,2.6299412,2.791439076205059e-26,4.184438750592312e-24,0.6773255813953488,0.2374429223744292
Neural Plate Border 1,egfr,10.604776,1.896298,2.8313981759179275e-26,4.222683677564129e-24,0.8168604651162791,0.4429223744292237
Neural Plate Border 1,arfip2,10.54871,2.6748557,5.1499145695788824e-26,7.564681044389965e-24,0.6540697674418605,0.2009132420091324
Neural Plate Border 1,atp1b2,10.545788,4.213123,5.312597708937298e-26,7.764627181497307e-24,0.5697674418604651,0.0639269406392694
Neural Plate Border 1,sec24d,10.544724,4.0987864,5.373009652223596e-26,7.813852992246167e-24,0.5755813953488372,0.0776255707762557
Neural Plate Border 1,kitlg,10.539942,2.7744524,5.65339989721562e-26,8.180917445322266e-24,0.6627906976744186,0.2374429223744292
Neural Plate Border 1,wdfy3,10.526921,1.6092155,6.492311814076537e-26,9.34860919395425e-24,0.811046511627907,0.4931506849315068
Neural Plate Border 1,gal3st4,10.489455,4.6766853,9.658356405246754e-26,1.3754356711789102e-23,0.5552325581395349,0.0502283105022831
Neural Plate Border 1,tat,10.488924,4.4881296,9.712829014146078e-26,1.3754356711789102e-23,0.5581395348837209,0.045662100456621
Neural Plate Border 1,elovl7,10.484141,4.1685348,1.0216988774402339e-25,1.435830763771898e-23,0.5697674418604651,0.0776255707762557
Neural Plate Border 1,LOC100486856,10.448269,5.5587373,1.492236893348719e-25,2.0771226966417335e-23,0.5377906976744186,0.0273972602739726
Neural Plate Border 1,cd9,10.441627,3.2695081,1.6004521422312896e-25,2.2171950980835465e-23,0.6104651162790697,0.136986301369863
Neural Plate Border 1,dsc3,10.433655,3.9701676,1.7406181895963228e-25,2.400000485853307e-23,0.5755813953488372,0.0821917808219178
Neural Plate Border 1,magi1,10.410272,1.5090619,2.2258580038574623e-25,3.0546504840731214e-23,0.813953488372093,0.5342465753424658
Neural Plate Border 1,chpf,10.37626,2.147432,3.1799032799621635e-25,4.303321887804352e-23,0.7180232558139535,0.3059360730593607
Neural Plate Border 1,LOC100495222,10.371211,3.3389032,3.3524852569142007e-25,4.5159675827123964e-23,0.6017441860465116,0.1095890410958904
Neural Plate Border 1,sec61a1,10.355002,1.4325514,3.971767507818313e-25,5.30131214707932e-23,0.8691860465116279,0.5616438356164384
Neural Plate Border 1,trpv5,10.349954,4.80591,4.186880708964863e-25,5.563032272897815e-23,0.5436046511627907,0.0365296803652968
Neural Plate Border 1,cldn7,10.342248,1.9920338,4.5376646527303705e-25,6.001831468957532e-23,0.7645348837209303,0.3333333333333333
Neural Plate Border 1,sptlc2,10.289636,3.3214765,7.847252636101856e-25,1.028623505856024e-22,0.5930232558139535,0.136986301369863
Neural Plate Border 1,sytl5,10.28751,4.6705275,8.022396409278781e-25,1.0468869171411966e-22,0.5465116279069767,0.0410958904109589
Neural Plate Border 1,gramd4,10.286979,2.5191667,8.066784122572952e-25,1.0480007408307998e-22,0.6802325581395349,0.2191780821917808
Neural Plate Border 1,fastkd3,10.284853,1.3433019,8.246781480646787e-25,1.0666445551362221e-22,0.8924418604651163,0.6164383561643836
Neural Plate Border 1,ezr,10.262533,5.6485233,1.0394404483465419e-24,1.3384970813047472e-22,0.5261627906976745,0.0228310502283105
Neural Plate Border 1,adgrf1,10.222675,5.375018,1.5694865796841633e-24,1.994680965684686e-22,0.5290697674418605,0.0228310502283105
Neural Plate Border 1,p4hb,10.219486,1.7588369,1.6219770702670982e-24,2.052468040734959e-22,0.7790697674418605,0.410958904109589
Neural Plate Border 1,clint1,10.204606,3.2923477,1.890862755624041e-24,2.372180652774521e-22,0.5930232558139535,0.1415525114155251
Neural Plate Border 1,anxa4,10.20248,3.0099986,1.9327189286429183e-24,2.4143293591094507e-22,0.6191860465116279,0.1598173515981735
Neural Plate Border 1,KIAA0232,10.183349,1.4690326,2.353203169457157e-24,2.9270843338894535e-22,0.8546511627906976,0.5616438356164384
Neural Plate Border 1,ssr3,10.171658,2.3313682,2.6535435307374683e-24,3.2866835147028364e-22,0.686046511627907,0.2374429223744292
Neural Plate Border 1,tm9sf2,10.13924,2.6148524,3.699668793749533e-24,4.524896171970403e-22,0.6482558139534884,0.2328767123287671
Neural Plate Border 1,sp7,10.125689,2.0579352,4.2497781620957625e-24,5.154575330133661e-22,0.7761627906976745,0.365296803652968
Neural Plate Border 1,cpne1,10.116654,2.9861174,4.660773195239472e-24,5.606545731277573e-22,0.6075581395348837,0.1461187214611872
Neural Plate Border 1,ap3b1,10.114794,2.9256341,4.750155047029298e-24,5.690646810643992e-22,0.6104651162790697,0.1689497716894977
Neural Plate Border 1,camk1,10.0852995,2.6885898,6.416930511598214e-24,7.533064087732024e-22,0.6366279069767442,0.2100456621004566
Neural Plate Border 1,stt3a,10.073342,2.5678153,7.24727228331736e-24,8.47380064454599e-22,0.6395348837209303,0.2054794520547945
Neural Plate Border 1,phldb3,10.040393,6.4120436,1.012697627412378e-23,1.1700460216162539e-21,0.5116279069767442,0.0136986301369863
Neural Plate Border 1,st14,10.026576,2.0646684,1.1648640277616953e-23,1.324908186595413e-21,0.7325581395348837,0.3013698630136986
Neural Plate Border 1,trim29,10.022856,2.8003266,1.2095649786682369e-23,1.3651271772761093e-21,0.6162790697674418,0.2054794520547945
Neural Plate Border 1,uso1,10.021527,2.2455099,1.2259378806103629e-23,1.3767002499366351e-21,0.6773255813953488,0.2648401826484018
Neural Plate Border 1,slc41a2,10.016479,3.3846753,1.290181261198313e-23,1.439438490308698e-21,0.5697674418604651,0.1050228310502283
Neural Plate Border 1,elovl3,10.011961,4.2973924,1.3504817667444107e-23,1.5009860275173333e-21,0.5377906976744186,0.0639269406392694
Neural Plate Border 1,galnt7,10.010101,1.4023917,1.3761150982357836e-23,1.5236825922928104e-21,0.8284883720930233,0.589041095890411
Neural Plate Border 1,dtna,9.977684,4.4150376,1.90870172943509e-23,2.1054060472874384e-21,0.5348837209302325,0.0502283105022831
Neural Plate Border 1,slc10a7,9.969181,2.2283545,2.0793661990909596e-23,2.2850358408130767e-21,0.6802325581395349,0.273972602739726
Neural Plate Border 1,tram1,9.964398,2.0320764,2.1819175026773158e-23,2.3887502067700606e-21,0.6976744186046512,0.3287671232876712
Neural Plate Border 1,spint1,9.955363,2.1991045,2.3894785200533466e-23,2.5965370490587127e-21,0.7209302325581395,0.2602739726027397
Neural Plate Border 1,LOC100486361,9.955363,4.516432,2.3894785200533466e-23,2.5965370490587127e-21,0.5290697674418605,0.0547945205479452
Neural Plate Border 1,anxa11,9.939421,4.765198,2.804537532644873e-23,3.0362754302497144e-21,0.5261627906976745,0.0502283105022831
Neural Plate Border 1,mprip,9.92082,1.3753744,3.3796693776053105e-23,3.645428619069403e-21,0.8517441860465116,0.5707762557077626
Neural Plate Border 1,golm1,9.906737,4.83765,3.8914693190685415e-23,4.166723064677383e-21,0.5203488372093024,0.0365296803652968
Neural Plate Border 1,atp10d,9.906737,1.6951478,3.8914693190685415e-23,4.166723064677383e-21,0.7819767441860465,0.4200913242009132
Neural Plate Border 1,stx3,9.905409,3.1079595,3.943542345053817e-23,4.207068842637523e-21,0.5872093023255814,0.1278538812785388
Neural Plate Border 1,cert1,9.883354,3.2463443,4.915930188938987e-23,5.187637377360128e-21,0.5784883720930233,0.1187214611872146
Neural Plate Border 1,slc6a9,9.866082,2.6568408,5.840102325531848e-23,6.075161248313931e-21,0.6395348837209303,0.1872146118721461
Neural Plate Border 1,cers2,9.863425,2.9414668,5.996792620839765e-23,6.216037060275432e-21,0.5930232558139535,0.1598173515981735
Neural Plate Border 1,stk10,9.83898,2.8778775,7.64827391632383e-23,7.84444543326533e-21,0.5988372093023255,0.1598173515981735
Neural Plate Border 1,gfpt1,9.8241,2.102275,8.866309531389509e-23,9.030351704252499e-21,0.7093023255813954,0.3698630136986301
Neural Plate Border 1,pfkp,9.812939,3.801702,9.904099411338993e-23,1.0052317010168406e-20,0.5465116279069767,0.0958904109589041
Neural Plate Border 1,b4galt3l2,9.808156,1.9003779,1.038486664381693e-22,1.0503807503993518e-20,0.7441860465116279,0.3835616438356164
Neural Plate Border 1,zbtb7b,9.800716,3.6455908,1.117902513535693e-22,1.126807185281443e-20,0.5465116279069767,0.0867579908675799
Neural Plate Border 1,osbpl8,9.780256,2.249401,1.3686407479542383e-22,1.3700937569674774e-20,0.6715116279069767,0.2557077625570776
Neural Plate Border 1,slc38a10,9.7693615,2.285296,1.5240956157473887e-22,1.5205064485976764e-20,0.6686046511627907,0.2374429223744292
Neural Plate Border 1,copb2,9.724721,2.3371,2.365530306371253e-22,2.343959877475868e-20,0.6540697674418605,0.2237442922374429
Neural Plate Border 1,gcc2,9.722064,1.9189363,2.4280943725797607e-22,2.3879570370422517e-20,0.7063953488372093,0.3607305936073059
Neural Plate Border 1,mansc1,9.708246,2.7461543,2.780796860372668e-22,2.718577693162323e-20,0.622093023255814,0.1598173515981735
Neural Plate Border 1,mob2.2,9.704792,3.1996403,2.8766191273688955e-22,2.793569890768112e-20,0.5726744186046512,0.1095890410958904
Neural Plate Border 1,hyou1,9.685926,2.7498713,3.460572865369375e-22,3.3495366035633184e-20,0.6075581395348837,0.1598173515981735
Neural Plate Border 1,gnb5,9.671046,4.977278,4.002654990797583e-22,3.8487371064475045e-20,0.5058139534883721,0.0319634703196347
Neural Plate Border 1,sh3d21,9.593456,4.041234,8.518235188303788e-22,8.137141594421832e-20,0.5232558139534884,0.0547945205479452
Neural Plate Border 1,hsp90b1,9.569542,2.1225917,1.0738020465376203e-21,1.019100896829259e-19,0.6686046511627907,0.2876712328767123
Neural Plate Border 1,b3galt2l.12,9.552536,4.8981586,1.2655939292987515e-21,1.1933734241074776e-19,0.5,0.0319634703196347
Neural Plate Border 1,elapor1,9.549082,4.0084987,1.3085076215125471e-21,1.2298709416216483e-19,0.5261627906976745,0.0730593607305936
Neural Plate Border 1,krt12.3,9.542173,2.0296278,1.3987001373486793e-21,1.3104296062448474e-19,0.6947674418604651,0.3744292237442922
Neural Plate Border 1,tm9sf3,9.537656,1.3503053,1.4609700066285953e-21,1.3643966218453824e-19,0.8691860465116279,0.5616438356164384
Neural Plate Border 1,sgsm3,9.531279,4.6444516,1.5535751793542271e-21,1.4462597473790895e-19,0.5058139534883721,0.045662100456621
Neural Plate Border 1,osbpl1a,9.5280905,4.248502,1.6020320722212572e-21,1.4866349048603037e-19,0.5116279069767442,0.0547945205479452
Neural Plate Border 1,sipa1l3,9.52065,1.8377649,1.7209901608296596e-21,1.5869483719625165e-19,0.7383720930232558,0.3470319634703196
Neural Plate Border 1,arfgef2,9.50577,1.9730608,1.9857353923814983e-21,1.8195934562603002e-19,0.688953488372093,0.3424657534246575
Neural Plate Border 1,nectin3,9.487435,3.8051767,2.3678792629649803e-21,2.1562454434806646e-19,0.5261627906976745,0.0821917808219178
Neural Plate Border 1,lgalsl,9.486373,2.8202598,2.3921385098321568e-21,2.171571452823099e-19,0.5843023255813954,0.1735159817351598
Neural Plate Border 1,XB5897453,9.440404,2.9776883,3.7134663695343614e-21,3.360629580429069e-19,0.5872093023255814,0.182648401826484
Neural Plate Border 1,gad1.2,9.43562,5.573116,3.8868650265296925e-21,3.5066960367435013e-19,0.48546511627906974,0.0228310502283105
Neural Plate Border 1,degs3,9.42446,4.700609,4.323224764421092e-21,3.8883748642705517e-19,0.49709302325581395,0.0410958904109589
Neural Plate Border 1,perp,9.375568,2.1112273,6.880398801321796e-21,6.169353906792559e-19,0.6976744186046512,0.2876712328767123
Neural Plate Border 1,b3gnt3.2,9.366534,4.408611,7.495340767894322e-21,6.679765426412163e-19,0.502906976744186,0.0410958904109589
Neural Plate Border 1,trip11,9.366534,1.1236092,7.495340767894322e-21,6.679765426412163e-19,0.877906976744186,0.6484018264840182
Neural Plate Border 1,epb41l5,9.337305,2.190537,9.881710993273244e-21,8.753099819526369e-19,0.6453488372093024,0.2511415525114155
Neural Plate Border 1,luzp1,9.334117,1.1967075,1.0183693020716352e-20,8.984277811272383e-19,0.8808139534883721,0.6255707762557078
Neural Plate Border 1,pdxdc1,9.329865,3.9961567,1.0600573778092132e-20,9.27740635052129e-19,0.5116279069767442,0.0730593607305936
Neural Plate Border 1,tmed10l,9.302231,4.559344,1.3752972453313722e-20,1.2000392172621296e-18,0.4941860465116279,0.0365296803652968
Neural Plate Border 1,pdia4,9.291602,3.2653205,1.5198355588453213e-20,1.3222117029942735e-18,0.5348837209302325,0.1050228310502283
Neural Plate Border 1,erlec1,9.29107,2.2961757,1.527444112199058e-20,1.3248877995160435e-18,0.6308139534883721,0.2328767123287671
Neural Plate Border 1,nectin4,9.224641,3.2949185,2.845121948333111e-20,2.431747358822373e-18,0.5348837209302325,0.0867579908675799
Neural Plate Border 1,nos2,9.221187,5.5845118,2.9382996904285167e-20,2.5040652551287457e-18,0.4738372093023256,0.0182648401826484
Neural Plate Border 1,sgms1,9.207635,2.3099153,3.3338868554458395e-20,2.8247201933778936e-18,0.622093023255814,0.2557077625570776
Neural Plate Border 1,flvcr2,9.175218,2.2227006,4.5066314853677163e-20,3.78544094680413e-18,0.6337209302325582,0.2420091324200913
Neural Plate Border 1,lrrfip1,9.169372,3.6340723,4.7578324761152586e-20,3.981864980898823e-18,0.5116279069767442,0.0730593607305936
Neural Plate Border 1,ssr1,9.16884,1.5771384,4.781343807243976e-20,3.981864980898823e-18,0.7558139534883721,0.4292237442922374
Neural Plate Border 1,mst1,9.16884,2.7427099,4.781343807243976e-20,3.981864980898823e-18,0.5813953488372093,0.1643835616438356
Neural Plate Border 1,gfod1,9.164589,4.4688473,4.973615651270573e-20,4.130220429042333e-18,0.4883720930232558,0.0410958904109589
Neural Plate Border 1,tbc1d30,9.130046,4.17996,6.847037909369476e-20,5.653835173129354e-18,0.4941860465116279,0.045662100456621
Neural Plate Border 1,rasef2,9.105068,3.0078635,8.621218674099706e-20,7.078843906253049e-18,0.5436046511627907,0.1232876712328767
Neural Plate Border 1,cat1,9.09816,6.0678663,9.187538542646826e-20,7.499126871220008e-18,0.46511627906976744,0.0136986301369863
Neural Plate Border 1,slc35d2,9.097894,4.179577,9.210039159686577e-20,7.499126871220008e-18,0.49127906976744184,0.045662100456621
Neural Plate Border 1,pdia6,9.096034,2.5632458,9.369075681585416e-20,7.586355990261033e-18,0.5813953488372093,0.1643835616438356
Neural Plate Border 1,numb,9.089126,1.7588414,9.983905448478556e-20,8.061865750399907e-18,0.7034883720930233,0.3972602739726027
Neural Plate Border 1,rab3d,9.068931,4.3723354,1.2019066174910744e-19,9.625460913940163e-18,0.4883720930232558,0.0365296803652968
Neural Plate Border 1,crybg1,9.066539,2.634872,1.22857124484673e-19,9.812121873801848e-18,0.5843023255813954,0.2100456621004566
Neural Plate Border 1,ap1g1,9.053519,2.0380757,1.3843335834780392e-19,1.0996047548545263e-17,0.6395348837209303,0.2785388127853881
Neural Plate Border 1,marveld2,9.012067,3.00304,2.022082967658805e-19,1.5846516683011938e-17,0.5406976744186046,0.1050228310502283
Neural Plate Border 1,ugcg,9.000376,3.6888118,2.249466103761451e-19,1.758132183931844e-17,0.5,0.0684931506849315
Neural Plate Border 1,efna4,8.997187,2.0471933,2.3157475787265877e-19,1.8051097993001835e-17,0.6773255813953488,0.2602739726027397
Neural Plate Border 1,elovl1,8.98709,2.8013241,2.538631594135704e-19,1.973583514047361e-17,0.5581395348837209,0.1324200913242009
Neural Plate Border 1,prr5,8.950953,2.9896605,3.5242876668622167e-19,2.717546200165387e-17,0.5319767441860465,0.1141552511415525
Neural Plate Border 1,fhod1,8.950686,2.586821,3.5327821698294514e-19,2.717546200165387e-17,0.5726744186046512,0.1643835616438356
Neural Plate Border 1,cab39l,8.936337,4.055628,4.0228086871517186e-19,3.086370622943094e-17,0.48546511627906974,0.0547945205479452
Neural Plate Border 1,anxa2,8.934478,2.4904225,4.0910580593356516e-19,3.12234250998539e-17,0.5872093023255814,0.1780821917808219
Neural Plate Border 1,hal,8.928101,2.5782561,4.333855391400413e-19,3.29903455588608e-17,0.5755813953488372,0.1735159817351598
Neural Plate Border 1,acly,8.925975,3.896918,4.4179092910419915e-19,3.3542832853622974e-17,0.49127906976744184,0.0684931506849315
Neural Plate Border 1,wasl,8.92066,1.8227373,4.635154938200381e-19,3.5101091709465114e-17,0.6686046511627907,0.3424657534246575
Neural Plate Border 1,atp13a2,8.905781,3.163316,5.301181321671289e-19,3.983517511922197e-17,0.5232558139534884,0.1004566210045662
Neural Plate Border 1,itfg1,8.904186,2.6359708,5.377920172984404e-19,4.0308201173463364e-17,0.5552325581395349,0.1598173515981735
Neural Plate Border 1,gmds,8.8723,3.025282,7.165048117869292e-19,5.3428959574856446e-17,0.5348837209302325,0.1461187214611872
Neural Plate Border 1,cnfn,8.868049,5.086191,7.443892813870776e-19,5.508669135247004e-17,0.4622093023255814,0.0228310502283105
Neural Plate Border 1,pih1d1,8.86486,2.0509708,7.660035286810393e-19,5.654305340120065e-17,0.7005813953488372,0.4155251141552511
Neural Plate Border 1,aldh1l1,8.861405,5.0514827,7.901187972559858e-19,5.817622811735446e-17,0.4622093023255814,0.0273972602739726
Neural Plate Border 1,capn1,8.846791,3.2350504,9.00717823104323e-19,6.598717465454252e-17,0.5174418604651163,0.0958904109589041
Neural Plate Border 1,pick1,8.810388,3.5196247,1.2471363485741177e-18,9.044940726534121e-17,0.49709302325581395,0.0730593607305936
Neural Plate Border 1,rhpn2,8.797899,4.5714717,1.3940127778612448e-18,1.0035616909489025e-16,0.4680232558139535,0.0319634703196347
Neural Plate Border 1,LOC100488346,8.797633,1.0212421,1.3973165756087828e-18,1.0035616909489025e-16,0.8866279069767442,0.7031963470319634
Neural Plate Border 1,gch1,8.786739,3.6542218,1.5396394603648385e-18,1.1003716642035352e-16,0.5058139534883721,0.1141552511415525
Neural Plate Border 1,LOC549052,8.771062,6.4076967,1.7698947816612775e-18,1.261848642993678e-16,0.44476744186046513,0.0091324200913242
Neural Plate Border 1,rab27a,8.766544,4.0049677,1.8423335888332187e-18,1.3071177945432964e-16,0.48255813953488375,0.0593607305936073
Neural Plate Border 1,dhfr,8.74635,5.796482,2.2036495822406734e-18,1.5484346379441616e-16,0.4476744186046512,0.0136986301369863
Neural Plate Border 1,rab15,8.729344,4.457155,2.561538858990112e-18,1.787024877974701e-16,0.46511627906976744,0.0365296803652968
Neural Plate Border 1,hspa5,8.71287,2.979612,2.9627745059447093e-18,2.0571226029280237e-16,0.5261627906976745,0.1141552511415525
Neural Plate Border 1,ncoa2,8.709415,1.1599128,3.0544635955434165e-18,2.1157588948182373e-16,0.8343023255813954,0.5844748858447488
Neural Plate Border 1,tspan13,8.700646,5.3129025,3.2999848133351895e-18,2.280422129517752e-16,0.45058139534883723,0.0228310502283105
Neural Plate Border 1,avpr2,8.691612,3.491958,3.5733200485568904e-18,2.4576874903380344e-16,0.49709302325581395,0.0958904109589041
Neural Plate Border 1,pard6b,8.685766,3.9127302,3.761972321335653e-18,2.581366500585974e-16,0.47674418604651164,0.0547945205479452
Neural Plate Border 1,tab2,8.675669,1.5819203,4.111257686356648e-18,2.8078545193899807e-16,0.7325581395348837,0.4063926940639269
Neural Plate Border 1,ahnak,8.657069,1.0586745,4.8404991210640914e-18,3.2828916428729573e-16,0.8953488372093024,0.6986301369863014
Neural Plate Border 1,sptlc3,8.635546,2.3507338,5.844727222051134e-18,3.9275223316730273e-16,0.5959302325581395,0.2374429223744292
Neural Plate Border 1,rreb1,8.627309,1.1788837,6.281251880196083e-18,4.211176002523204e-16,0.8197674418604651,0.6255707762557078
Neural Plate Border 1,galnt6.3,8.623589,4.44481,6.488794316920726e-18,4.34036491253798e-16,0.4622093023255814,0.0502283105022831
Neural Plate Border 1,rab1a,8.620134,1.5743421,6.68756595751239e-18,4.463110513790974e-16,0.7238372093023255,0.410958904109589
Neural Plate Border 1,magi3,8.592234,1.6094908,8.529450630185129e-18,5.628089647199583e-16,0.7034883720930233,0.4155251141552511
Neural Plate Border 1,rnf31,8.590108,2.893229,8.688746457299731e-18,5.707432532434347e-16,0.5232558139534884,0.1141552511415525
Neural Plate Border 1,tef,8.584263,1.6633768,9.142107218548744e-18,5.978365460970881e-16,0.6976744186046512,0.3698630136986301
Neural Plate Border 1,lsr,8.557691,1.5934546,1.151508129756687e-17,7.479940920203937e-16,0.747093023255814,0.3698630136986301
Neural Plate Border 1,myo6,8.556096,2.0795913,1.1675369190663267e-17,7.567244275216806e-16,0.622093023255814,0.2511415525114155
Neural Plate Border 1,acp3,8.551313,7.5767617,1.2169561358840806e-17,7.852725123184892e-16,0.43023255813953487,0.0045662100456621
Neural Plate Border 1,ssr2,8.526336,1.2656277,1.5105601601923145e-17,9.640869878292914e-16,0.813953488372093,0.5342465753424658
Neural Plate Border 1,LOC100487159,8.523413,3.090681,1.549189422996217e-17,9.865872772026671e-16,0.502906976744186,0.1004566210045662
Neural Plate Border 1,LOC100488554,8.506939,2.9209852,1.7858590566108658e-17,1.1348357844302656e-15,0.5203488372093024,0.1095890410958904
Neural Plate Border 1,syt16,8.465221,5.5204077,2.556672630015014e-17,1.6106486562062258e-15,0.436046511627907,0.0182648401826484
Neural Plate Border 1,slc25a1,8.463627,2.4498985,2.591883808080345e-17,1.6293194751397107e-15,0.5581395348837209,0.182648401826484
Neural Plate Border 1,herpud1,8.446621,2.2148457,2.9985553128646726e-17,1.8809178186769795e-15,0.5726744186046512,0.2054794520547945
Neural Plate Border 1,entpd4,8.4338665,1.7155178,3.344283685324824e-17,2.093292428388221e-15,0.686046511627907,0.3333333333333333
Neural Plate Border 1,hexdl,8.424832,5.4160156,3.6126806900019195e-17,2.2516475319711325e-15,0.436046511627907,0.0228310502283105
Neural Plate Border 1,stk24,8.417923,2.8257003,3.832161985605416e-17,2.378299936331888e-15,0.5145348837209303,0.1232876712328767
Neural Plate Border 1,ccdc186,8.410483,2.2644684,4.083246410662029e-17,2.5234117511640962e-15,0.5668604651162791,0.2054794520547945
Neural Plate Border 1,nipal3,8.401449,3.6757581,4.4100296292370607e-17,2.7025068363150635e-15,0.47093023255813954,0.0776255707762557
Neural Plate Border 1,dennd3,8.332362,2.3876696,7.92449112007626e-17,4.825849998561441e-15,0.5523255813953488,0.1598173515981735
Neural Plate Border 1,vill,8.326251,4.1775203,8.344282763568754e-17,5.0604093249352336e-15,0.45058139534883723,0.045662100456621
Neural Plate Border 1,gopc,8.320671,2.2698216,8.746681349432327e-17,5.271633866500131e-15,0.5697674418604651,0.1917808219178082
Neural Plate Border 1,slc16a12,8.316685,1.1593976,9.045765915391057e-17,5.440674557053416e-15,0.8284883720930233,0.5844748858447488
Neural Plate Border 1,adipor2,8.298085,3.5401208,1.0580305101143391e-16,6.3505728626595984e-15,0.4680232558139535,0.0730593607305936
Neural Plate Border 1,otogl2,8.273374,2.101313,1.3022127928093715e-16,7.721091713308467e-15,0.6511627906976745,0.3698630136986301
Neural Plate Border 1,crtc3,8.271248,1.803595,1.3256457359559368e-16,7.844119535977325e-15,0.6540697674418605,0.2968036529680365
Neural Plate Border 1,nedd4,8.2643385,2.7137952,1.4047112290026197e-16,8.295174532318298e-15,0.5232558139534884,0.1232876712328767
Neural Plate Border 1,dnajb11,8.260619,1.9605495,1.4491923989941674e-16,8.540593349798087e-15,0.6104651162790697,0.2648401826484018
Neural Plate Border 1,gpa33,8.253179,1.9183185,1.5423617543735747e-16,9.071383589958543e-15,0.6162790697674418,0.273972602739726
Neural Plate Border 1,rab25,8.250787,5.3629513,1.5735448741072083e-16,9.236202854423254e-15,0.4273255813953488,0.0182648401826484
Neural Plate Border 1,casd1,8.223949,2.971479,1.9690855828521313e-16,1.153473760968951e-14,0.5058139534883721,0.1415525114155251
Neural Plate Border 1,sptbn2,8.222887,1.0552858,1.986621313166742e-16,1.1614185521035406e-14,0.8488372093023255,0.639269406392694
Neural Plate Border 1,acy3,8.214118,3.9657702,2.1372889187094003e-16,1.2470078319919058e-14,0.45058139534883723,0.045662100456621
Neural Plate Border 1,sec23b,8.212524,1.6981591,2.1658685002372547e-16,1.2561607565562539e-14,0.6540697674418605,0.3105022831050228
Neural Plate Border 1,usp53,8.205881,2.6790054,2.289060358789094e-16,1.3223621214973125e-14,0.5145348837209303,0.1324200913242009
Neural Plate Border 1,LOC101730864,8.175855,5.096152,2.937752160453199e-16,1.687100852695628e-14,0.4273255813953488,0.0273972602739726
Neural Plate Border 1,tspan3,8.166289,2.1044106,3.1802052378479216e-16,1.822756457010443e-14,0.5843023255813954,0.2009132420091324
Neural Plate Border 1,galnt12,8.159115,6.072342,3.3748884631692094e-16,1.9230285510116794e-14,0.4186046511627907,0.0182648401826484
Neural Plate Border 1,hivep2,8.130949,2.7610452,4.25943448451496e-16,2.412936616605752e-14,0.5058139534883721,0.1324200913242009
Neural Plate Border 1,XB5992703,8.130152,3.9846425,4.2875392391718664e-16,2.4241597582250064e-14,0.44476744186046513,0.045662100456621
Neural Plate Border 1,grk6,8.120054,3.5583205,4.659750288062864e-16,2.629520476261884e-14,0.4622093023255814,0.0730593607305936
Neural Plate Border 1,ccdc125,8.117131,3.2080579,4.773317051767155e-16,2.6884167772679325e-14,0.47093023255813954,0.0821917808219178
Neural Plate Border 1,atp12al,8.098531,4.924787,5.562668378624043e-16,3.120966590701716e-14,0.42441860465116277,0.0228310502283105
Neural Plate Border 1,hdac7,8.091888,2.0266316,5.874677255562062e-16,3.2771505888804315e-14,0.5901162790697675,0.2465753424657534
Neural Plate Border 1,scn5a,8.084183,3.8278348,6.258255883871649e-16,3.484477671265756e-14,0.45348837209302323,0.0684931506849315
Neural Plate Border 1,cldn6,8.073819,2.788011,6.813255975155612e-16,3.78627919029988e-14,0.502906976744186,0.1004566210045662
Neural Plate Border 1,hivep1,8.062925,2.114227,7.449015776129896e-16,4.123904927122216e-14,0.5668604651162791,0.2237442922374429
Neural Plate Border 1,fxyd3,8.0608,2.9514287,7.579713849789473e-16,4.188329216317506e-14,0.4883720930232558,0.1004566210045662
Neural Plate Border 1,anxa9,8.055485,5.268851,7.9164256406393e-16,4.349718757547507e-14,0.4186046511627907,0.0228310502283105
Neural Plate Border 1,flnb,8.033962,2.7498014,9.437448726803848e-16,5.146754920395584e-14,0.5087209302325582,0.1643835616438356
Neural Plate Border 1,tbc1d14,8.019082,2.8579655,1.0653857300284827e-15,5.788529790792301e-14,0.49127906976744184,0.1095890410958904
Neural Plate Border 1,hpgd,8.011376,4.600713,1.1343210081935922e-15,6.140247664908684e-14,0.42441860465116277,0.0273972602739726
Neural Plate Border 1,fam83f,8.002341,4.0428286,1.220751808803769e-15,6.595895771375781e-14,0.436046511627907,0.045662100456621
Neural Plate Border 1,cracr2a,8.000216,4.546654,1.2420130461945396e-15,6.698391762603799e-14,0.42441860465116277,0.0319634703196347
Neural Plate Border 1,nfxl1,7.9975586,2.430152,1.2691031267830667e-15,6.819329687315409e-14,0.5232558139534884,0.1552511415525114
Neural Plate Border 1,XB990656,7.993839,4.2559733,1.3080094914207985e-15,7.00264202265959e-14,0.43023255813953487,0.0410958904109589
Neural Plate Border 1,srpra,7.984804,2.9073129,1.4074548542121642e-15,7.507538840050323e-14,0.48255813953488375,0.1050228310502283
Neural Plate Border 1,erp44,7.9805527,1.509855,1.4567941384179475e-15,7.756566386173958e-14,0.7063953488372093,0.3789954337899543
Neural Plate Border 1,b3gnt5,7.976833,3.9499571,1.5013608495871444e-15,7.979323453505785e-14,0.436046511627907,0.0502283105022831
Neural Plate Border 1,capn9,7.9704556,4.2933702,1.5809058030553692e-15,8.371640856723096e-14,0.4331395348837209,0.0502283105022831
Neural Plate Border 1,tmem184b,7.969393,2.573906,1.5945609309204927e-15,8.428681839373765e-14,0.5116279069767442,0.1415525114155251
Neural Plate Border 1,tjp2,7.9630156,1.0054089,1.678965287321552e-15,8.858814858067922e-14,0.9040697674418605,0.6894977168949772
Neural Plate Border 1,uba5,7.9555755,2.9004161,1.783009871957418e-15,9.373949922155987e-14,0.48546511627906974,0.1050228310502283
Neural Plate Border 1,plec,7.9553094,1.0407372,1.7868408890456742e-15,9.37722549868835e-14,0.8343023255813954,0.6301369863013698
Neural Plate Border 1,b4galnt1,7.945478,1.9566318,1.934432623831307e-15,1.0115456176603388e-13,0.6046511627906976,0.2465753424657534
Neural Plate Border 1,tcf7l1,7.9351153,1.6061449,2.1030019224379262e-15,1.0977294499068396e-13,0.7296511627906976,0.3835616438356164
Neural Plate Border 1,angpt4,7.9327235,4.340124,2.1439114768852023e-15,1.1170887055406658e-13,0.42441860465116277,0.0365296803652968
Neural Plate Border 1,cant1,7.9282064,2.8595774,2.2233346861550274e-15,1.1564109646084984e-13,0.48546511627906974,0.1004566210045662
Neural Plate Border 1,rgl3,7.927409,2.094163,2.2376482510372838e-15,1.161788561741933e-13,0.563953488372093,0.2146118721461187
Neural Plate Border 1,golph3l,7.925815,4.5227623,2.2665481632423974e-15,1.174706903541463e-13,0.42441860465116277,0.0365296803652968
Neural Plate Border 1,ikzf2,7.921032,4.14757,2.355471352469872e-15,1.216480266855951e-13,0.43023255813953487,0.0410958904109589
Neural Plate Border 1,sec61g,7.911732,1.9387871,2.5383240072592506e-15,1.2994351848720692e-13,0.5843023255813954,0.2465753424657534
Neural Plate Border 1,camk2g,7.903229,2.393209,2.717695655731298e-15,1.386404218371406e-13,0.5319767441860465,0.1917808219178082
Neural Plate Border 1,ufl1,7.9008374,4.749323,2.7703546310795937e-15,1.4108055090781813e-13,0.41569767441860467,0.0228310502283105
Neural Plate Border 1,copa,7.8997746,1.5287114,2.7940799154833625e-15,1.420413043643377e-13,0.6569767441860465,0.3561643835616438
Neural Plate Border 1,slain2,7.898446,2.1702545,2.8240180302032102e-15,1.433140122237327e-13,0.5552325581395349,0.2009132420091324
Neural Plate Border 1,plpp3,7.8960547,2.8105168,2.878704698847816e-15,1.4583607807975825e-13,0.49127906976744184,0.1232876712328767
Neural Plate Border 1,man2a1,7.895523,2.093577,2.8909981782681913e-15,1.4620548053452856e-13,0.5668604651162791,0.2146118721461187
Neural Plate Border 1,tmem63c,7.8673573,4.8329153,3.622113461106305e-15,1.8160891694956845e-13,0.4127906976744186,0.0228310502283105
Neural Plate Border 1,tpm1,7.856463,1.9493054,3.9513317535446604e-15,1.9743825382540849e-13,0.5959302325581395,0.2374429223744292
Neural Plate Border 1,abcg2,7.8508825,3.696916,4.131191237868225e-15,2.0607312469987385e-13,0.4418604651162791,0.0730593607305936
Neural Plate Border 1,itpr2,7.840254,1.0816435,4.496358495238135e-15,2.2276789012594224e-13,0.8662790697674418,0.6164383561643836
Neural Plate Border 1,srp68,7.830954,1.207031,4.84182077376797e-15,2.3907307945610054e-13,0.752906976744186,0.4931506849315068
Neural Plate Border 1,mfsd1,7.822185,1.7577592,5.191413002546919e-15,2.554717061909916e-13,0.6104651162790697,0.2831050228310502
Neural Plate Border 1,ftcd,7.7988024,7.811129,6.24975640067086e-15,3.070363518453948e-13,0.39244186046511625,0.0045662100456621
Neural Plate Border 1,dmxl1,7.7807336,2.7258334,7.210532345503342e-15,3.536427365627654e-13,0.4941860465116279,0.1506849315068493
Neural Plate Border 1,cyb561,7.7477846,1.7909466,9.350971323451618e-15,4.55563737926357e-13,0.5988372093023255,0.2785388127853881
Neural Plate Border 1,eif1,7.743533,2.7939904,9.669171784434355e-15,4.702821305005003e-13,0.47674418604651164,0.1050228310502283
Neural Plate Border 1,f11r,7.7400784,1.7191161,9.935535546469624e-15,4.80837151587506e-13,0.625,0.2831050228310502
Neural Plate Border 1,b3gnt2,7.739813,2.4142113,9.956321607234238e-15,4.810466725637421e-13,0.5145348837209303,0.1415525114155251
Neural Plate Border 1,aftph,7.734233,1.6220579,1.0402848654352898e-14,5.017915330286957e-13,0.625,0.3105022831050228
Neural Plate Border 1,copg1,7.728653,3.2541456,1.0869068534101263e-14,5.225554972373586e-13,0.4476744186046512,0.0776255707762557
Neural Plate Border 1,nedd4l,7.7270584,2.6836402,1.1006009788533887e-14,5.28270397583964e-13,0.48546511627906974,0.1141552511415525
Neural Plate Border 1,vsig8,7.712178,4.404942,1.2368815364483745e-14,5.898088775191262e-13,0.4127906976744186,0.0365296803652968
Neural Plate Border 1,arhgap27,7.706864,4.8086495,1.2894712491132424e-14,6.138849199157848e-13,0.40406976744186046,0.0228310502283105
Neural Plate Border 1,cast,7.680292,3.0827782,1.5872608024649183e-14,7.519808835794495e-13,0.47674418604651164,0.1415525114155251
Neural Plate Border 1,abi1,7.671789,1.0816281,1.6961343482423774e-14,8.009645094260571e-13,0.7906976744186046,0.5707762557077626
Neural Plate Border 1,fzd6,7.669132,2.169042,1.7316401467712273e-14,8.150977959785788e-13,0.5494186046511628,0.1963470319634703
Neural Plate Border 1,lima1,7.6500006,1.3735645,2.00978586683839e-14,9.384672631557983e-13,0.7063953488372093,0.4337899543378995
Neural Plate Border 1,gprc5cl2,7.6351204,5.5108232,2.2560966871002035e-14,1.0501267875895868e-12,0.39244186046511625,0.0136986301369863
Neural Plate Border 1,XB5786944,7.630337,2.7178125,2.341401348732636e-14,1.0881002038919505e-12,0.4796511627906977,0.1141552511415525
Neural Plate Border 1,slc45a3,7.6255546,3.0763333,2.429876723146496e-14,1.1256375038715565e-12,0.46511627906976744,0.1141552511415525
Neural Plate Border 1,baiap2l1,7.62024,2.8381822,2.53204236011006e-14,1.171109655512297e-12,0.47093023255813954,0.1232876712328767
Neural Plate Border 1,hycc2,7.6170516,2.4103172,2.5953576127810454e-14,1.1984976047267417e-12,0.5,0.1506849315068493
Neural Plate Border 1,mpc1,7.6133313,3.2050414,2.671195419993546e-14,1.2276998949973482e-12,0.44476744186046513,0.0776255707762557
Neural Plate Border 1,serp1,7.6003113,2.129817,2.954191632606329e-14,1.3492808689486812e-12,0.5319767441860465,0.1917808219178082
Neural Plate Border 1,stard9,7.5697536,3.1740654,3.739320930532511e-14,1.6972684801303703e-12,0.4476744186046512,0.0821917808219178
Neural Plate Border 1,XB5872520,7.5474334,6.9831057,4.439187521322328e-14,2.0024983091940275e-12,0.3808139534883721,0.0045662100456621
Neural Plate Border 1,stk17a,7.543182,1.6123506,4.586399425163896e-14,2.065717127842309e-12,0.6482558139534884,0.3150684931506849
Neural Plate Border 1,LOC100489903,7.541056,5.7056756,4.6617949733008314e-14,2.090014246388905e-12,0.3866279069767442,0.0136986301369863
Neural Plate Border 1,sptssb,7.507045,7.8775954,6.047714238802062e-14,2.686637308729834e-12,0.37790697674418605,0.0045662100456621
Neural Plate Border 1,atp11c,7.5062475,2.1717772,6.084636855329396e-14,2.698938086769857e-12,0.5319767441860465,0.2191780821917808
Neural Plate Border 1,emp2,7.5022616,1.2273163,6.272600072086098e-14,2.77809655616892e-12,0.7093023255813954,0.4977168949771689
Neural Plate Border 1,LOC100491113,7.481004,1.358194,7.375677916559093e-14,3.2567740359356322e-12,0.7180232558139535,0.4337899543378995
Neural Plate Border 1,anks6,7.4714384,1.5721802,7.932286812939833e-14,3.4919981299554858e-12,0.6686046511627907,0.3378995433789954
Neural Plate Border 1,gale,7.4639983,4.2715373,8.393564048698975e-14,3.689507830188267e-12,0.4011627906976744,0.0410958904109589
Neural Plate Border 1,gng12,7.4624043,3.1983984,8.495787039193283e-14,3.728834098238121e-12,0.4418604651162791,0.091324200913242
Neural Plate Border 1,pdcd6ip,7.4480553,2.1523838,9.472609425194343e-14,4.132743971759043e-12,0.5203488372093024,0.1872146118721461
Neural Plate Border 1,LOC116408803,7.4395523,2.6387005,1.0102703690911081e-13,4.38799601172395e-12,0.4738372093023256,0.1141552511415525
Neural Plate Border 1,tmed7,7.4358325,1.3477923,1.0391156757433808e-13,4.499909676689595e-12,0.686046511627907,0.410958904109589
Neural Plate Border 1,LOC116408821,7.4310493,2.340103,1.0773944006921766e-13,4.658774515774115e-12,0.502906976744186,0.1780821917808219
Neural Plate Border 1,msln,7.430518,2.6067932,1.0817321994020126e-13,4.670622440283638e-12,0.5087209302325582,0.2054794520547945
Neural Plate Border 1,fam3d,7.425204,4.4142017,1.1260652430336436e-13,4.847719163345572e-12,0.3953488372093023,0.0273972602739726
Neural Plate Border 1,itprid2,7.4209523,1.3655335,1.1628130706096025e-13,4.998557186321954e-12,0.7093023255813954,0.4200913242009132
Neural Plate Border 1,galnt10,7.377906,3.2087138,1.6079846127874124e-13,6.851749011135401e-12,0.43023255813953487,0.0776255707762557
Neural Plate Border 1,slc6a16,7.3704658,3.0980225,1.7003277160777491e-13,7.224168527422774e-12,0.4418604651162791,0.0958904109589041
Neural Plate Border 1,erbb3,7.339377,4.3563175,2.1459042405810335e-13,9.090858964699159e-12,0.39244186046511625,0.0273972602739726
Neural Plate Border 1,capns2,7.3380485,3.325253,2.1673083389549872e-13,9.168247475541712e-12,0.42441860465116277,0.0776255707762557
Neural Plate Border 1,c2h3orf52,7.336454,3.9081194,2.1932702301308585e-13,9.26466504291259e-12,0.4011627906976744,0.0365296803652968
Neural Plate Border 1,lin54,7.325294,1.1803595,2.3837562625800155e-13,1.0025838749852723e-11,0.7558139534883721,0.4931506849315068
Neural Plate Border 1,naaladl2,7.3215737,4.4668274,2.4507928052415395e-13,1.0278210113345113e-11,0.38953488372093026,0.0273972602739726
Neural Plate Border 1,hook2,7.310945,1.8691053,2.652696769421958e-13,1.107728275242475e-11,0.5552325581395349,0.2328767123287671
Neural Plate Border 1,ssbp2,7.2907505,1.9721677,3.0823265665046675e-13,1.285299398937203e-11,0.5348837209302325,0.2146118721461187
Neural Plate Border 1,fam3a,7.280919,2.6234672,3.3155331734445427e-13,1.3805747890734677e-11,0.4622093023255814,0.1187214611872146
Neural Plate Border 1,LOC100488176,7.2740107,29.81411,3.489688065565014e-13,1.4510252040473815e-11,0.3633720930232558,0.0
Neural Plate Border 1,ralgapa2,7.2673674,1.1163003,3.6656036102176616e-13,1.522006521736825e-11,0.75,0.5205479452054794
Neural Plate Border 1,cnksr1,7.249033,3.1106546,4.1975733750455086e-13,1.73304049895417e-11,0.4273255813953488,0.0730593607305936
Neural Plate Border 1,LOC100493503,7.2482357,5.1014338,4.2223463898855403e-13,1.740809694255913e-11,0.37790697674418605,0.0228310502283105
Neural Plate Border 1,LOC100489670,7.2325587,4.543575,4.739779404847414e-13,1.945905783470432e-11,0.3866279069767442,0.0365296803652968
Neural Plate Border 1,abcb1l,7.232293,3.4346147,4.749065344761995e-13,1.9469835777382592e-11,0.41569767441860467,0.0684931506849315
Neural Plate Border 1,XB5809687,7.216084,1.9483216,5.350595511745537e-13,2.1783183482428106e-11,0.5436046511627907,0.2100456621004566
Neural Plate Border 1,mdm4,7.183401,1.322084,6.799831811824586e-13,2.74538513385973e-11,0.7093023255813954,0.4200913242009132
Neural Plate Border 1,rell1,7.1727724,1.6948111,7.349407371315486e-13,2.9590981662661564e-11,0.5843023255813954,0.2602739726027397
Neural Plate Border 1,lgals3,7.1358376,4.2465615,9.619958564480342e-13,3.8467990259688765e-11,0.3866279069767442,0.045662100456621
Neural Plate Border 1,slc13a3,7.1310544,6.0631056,9.960278213683375e-13,3.97744388612266e-11,0.3633720930232558,0.0091324200913242
Neural Plate Border 1,prkcb,7.125209,2.384262,1.0392299502056099e-12,4.144301592695796e-11,0.4796511627906977,0.1643835616438356
Neural Plate Border 1,rspo2,7.0834913,3.055231,1.4056729717121175e-12,5.5752003576820765e-11,0.42441860465116277,0.0867579908675799
Neural Plate Border 1,ogfod2,7.0670166,1.829356,1.582998460834072e-12,6.23620323566587e-11,0.5697674418604651,0.2328767123287671
Neural Plate Border 1,chst4,7.0534654,2.8379762,1.7451620290963125e-12,6.856563343079881e-11,0.4273255813953488,0.0821917808219178
Neural Plate Border 1,faf2,7.0409765,1.6104248,1.9089725779011453e-12,7.470037138504468e-11,0.5930232558139535,0.2694063926940639
Neural Plate Border 1,cyp4f22,7.035662,5.331829,1.9831698626089033e-12,7.750005114160542e-11,0.3633720930232558,0.0136986301369863
Neural Plate Border 1,zmynd11,7.030879,1.6567023,2.05236130799887e-12,8.009689371710944e-11,0.5697674418604651,0.2831050228310502
Neural Plate Border 1,sec16a,7.028222,1.406934,2.0918184770909068e-12,8.152792787179239e-11,0.6627906976744186,0.3607305936073059
Neural Plate Border 1,slc30a7,7.023705,1.4729214,2.1606100146342197e-12,8.409692588252047e-11,0.625,0.3287671232876712
Neural Plate Border 1,dap,7.020782,2.0610292,2.206299523332259e-12,8.576109224271977e-11,0.5058139534883721,0.1780821917808219
Neural Plate Border 1,wwc1,7.007496,3.091809,2.426208069903532e-12,9.405900277367393e-11,0.4127906976744186,0.0821917808219178
Neural Plate Border 1,ugt3a2,6.967904,3.5587866,3.2169713079205934e-12,1.2373064250240378e-10,0.39244186046511625,0.0547945205479452
Neural Plate Border 1,galnt4,6.96631,4.5443177,3.253620137608921e-12,1.24975782184555e-10,0.3691860465116279,0.0273972602739726
Neural Plate Border 1,tbc1d23,6.954353,2.383786,3.5418466925844123e-12,1.3515890427015007e-10,0.45930232558139533,0.136986301369863
Neural Plate Border 1,pard3b,6.9506326,1.6014229,3.636518406615474e-12,1.3859070344690602e-10,0.5872093023255814,0.2922374429223744
Neural Plate Border 1,crb2,6.9495697,3.4030857,3.664020192549211e-12,1.3945699771927862e-10,0.4011627906976744,0.0684931506849315
Neural Plate Border 1,sel1l,6.9426613,2.9993675,3.847818379321846e-12,1.4569375524087677e-10,0.4127906976744186,0.0776255707762557
Neural Plate Border 1,XB5993342,6.9394727,5.8336782,3.935668315729823e-12,1.486350394536156e-10,0.3546511627906977,0.0091324200913242
Neural Plate Border 1,ssr4,6.936284,1.4701442,4.025483794057006e-12,1.518308603665553e-10,0.625,0.3150684931506849
Neural Plate Border 1,slc35e1,6.933361,2.3616734,4.1095780687253646e-12,1.5460370209383673e-10,0.4563953488372093,0.136986301369863
Neural Plate Border 1,atp13al,6.9328294,2.420306,4.125051899466687e-12,1.5478740959346692e-10,0.502906976744186,0.2191780821917808
Neural Plate Border 1,vmp1,6.9317665,1.9597224,4.156171115627456e-12,1.5575517677039254e-10,0.5145348837209303,0.1917808219178082
Neural Plate Border 1,tmem263,6.9283123,2.3097076,4.258906478449636e-12,1.589937359790055e-10,0.46511627906976744,0.1415525114155251
Neural Plate Border 1,slc39a7,6.9198093,1.1033096,4.52251767982645e-12,1.6861953354465171e-10,0.7325581395348837,0.4794520547945205
Neural Plate Border 1,pfkfb2,6.913964,1.8799136,4.712961481869707e-12,1.754962765306158e-10,0.5319767441860465,0.2054794520547945
Neural Plate Border 1,rnd1,6.9123693,1.465822,4.766250837800571e-12,1.7725480692079963e-10,0.6075581395348837,0.3242009132420091
Neural Plate Border 1,XB5767169,6.9091806,3.859845,4.874607510855853e-12,1.8105419587017463e-10,0.38372093023255816,0.0547945205479452
Neural Plate Border 1,sppl2a,6.908915,2.0501728,4.883745465062286e-12,1.811634056969996e-10,0.49127906976744184,0.1643835616438356
Neural Plate Border 1,rffl,6.8953633,2.487334,5.372728209891609e-12,1.9854642010536234e-10,0.4418604651162791,0.1141552511415525
Neural Plate Border 1,ehd4,6.8921747,3.8261166,5.494580259802092e-12,2.0279302471499361e-10,0.37790697674418605,0.0365296803652968
Neural Plate Border 1,nipal2,6.8820777,1.8511792,5.898589367036037e-12,2.174295911574154e-10,0.5319767441860465,0.2146118721461187
Neural Plate Border 1,sh3bp4,6.8746376,1.2184303,6.214771316032085e-12,2.282210808278064e-10,0.686046511627907,0.4383561643835616
Neural Plate Border 1,ywhaq,6.872246,1.2268062,6.3198849978022736e-12,2.3178991012642189e-10,0.6947674418604651,0.4657534246575342
Neural Plate Border 1,syngr2,6.866666,2.8751142,6.571972725675386e-12,2.4073350218573583e-10,0.4186046511627907,0.0958904109589041
Neural Plate Border 1,vps53,6.8661346,3.4276526,6.5964888044125336e-12,2.413291166981011e-10,0.38953488372093026,0.0547945205479452
Neural Plate Border 1,enc1,6.855506,1.9387174,7.106063848230107e-12,2.5867665298582097e-10,0.5116279069767442,0.1963470319634703
Neural Plate Border 1,copb1,6.8331857,2.1845899,8.304942280882211e-12,3.0044773244117315e-10,0.47093023255813954,0.1552511415525114
Neural Plate Border 1,itsn2,6.822557,2.387676,8.94342139300463e-12,3.231460454127544e-10,0.4563953488372093,0.1324200913242009
Neural Plate Border 1,b4galt6,6.821494,3.6587355,9.009854028538479e-12,3.251444976644547e-10,0.37790697674418605,0.045662100456621
Neural Plate Border 1,acacb,6.807145,1.8418272,9.95544035958925e-12,3.5794277632368183e-10,0.5232558139534884,0.2146118721461187
Neural Plate Border 1,pdia3,6.783231,1.5667602,1.1751774772940974e-11,4.1790283258861025e-10,0.5813953488372093,0.2785388127853881
Neural Plate Border 1,creb3l2,6.7749934,1.6930631,1.2441188353539734e-11,4.4188138124218713e-10,0.5726744186046512,0.2465753424657534
Neural Plate Border 1,clic1,6.771539,3.9612215,1.2741947821236639e-11,4.5201441354680604e-10,0.3691860465116279,0.0319634703196347
Neural Plate Border 1,kdelr3,6.768882,2.0296237,1.2978136312815849e-11,4.598350334059637e-10,0.4883720930232558,0.1735159817351598
Neural Plate Border 1,slc18a2,6.7683506,4.411865,1.3025885980373204e-11,4.609681272303742e-10,0.3633720930232558,0.0319634703196347
Neural Plate Border 1,mast1,6.765162,3.8360717,1.3316018580094267e-11,4.70097269462241e-10,0.37209302325581395,0.0410958904109589
Neural Plate Border 1,LOC100497570,6.7561274,3.8067267,1.417286725828661e-11,4.979412053208845e-10,0.38372093023255816,0.0639269406392694
Neural Plate Border 1,klhl8,6.749219,1.1607435,1.4864320019212417e-11,5.21607369125568e-10,0.7151162790697675,0.4520547945205479
Neural Plate Border 1,satpa,6.7489533,5.2214146,1.489156383025729e-11,5.219368133360321e-10,0.35174418604651164,0.0182648401826484
Neural Plate Border 1,eps8l1,6.739653,3.7958343,1.58765262233249e-11,5.538027900167186e-10,0.37790697674418605,0.0593607305936073
Neural Plate Border 1,klf17,6.7369957,2.1138556,1.616947481045476e-11,5.626784740290513e-10,0.48255813953488375,0.1643835616438356
Neural Plate Border 1,cpeb2,6.7306185,1.3439447,1.6894318516039447e-11,5.86505729860272e-10,0.6337209302325582,0.3789954337899543
Neural Plate Border 1,ndfip2,6.72929,1.5686938,1.7049284482043104e-11,5.911834338014259e-10,0.561046511627907,0.2831050228310502
Neural Plate Border 1,rhbdl2,6.728759,2.7415082,1.7111659855782726e-11,5.926432810952427e-10,0.41569767441860467,0.091324200913242
Neural Plate Border 1,eps8l2,6.7120185,4.6696744,1.9195039078646944e-11,6.624441408594201e-10,0.3546511627906977,0.0228310502283105
Neural Plate Border 1,tmcc3,6.71069,1.5155044,1.9370639499542896e-11,6.677159943527575e-10,0.5901162790697675,0.3378995433789954
Neural Plate Border 1,galnt5,6.7005925,3.8367443,2.0757597265332554e-11,7.121658751912394e-10,0.3691860465116279,0.045662100456621
Neural Plate Border 1,b3gnt7,6.6966066,3.797109,2.1331446854524202e-11,7.309959238037478e-10,0.3691860465116279,0.0410958904109589
Neural Plate Border 1,ttc39a,6.679601,4.2742095,2.3959373216247162e-11,8.181734094440664e-10,0.36046511627906974,0.0365296803652968
Neural Plate Border 1,marveld3,6.6780066,2.4741573,2.422140381608313e-11,8.261561901376032e-10,0.4331395348837209,0.1050228310502283
Neural Plate Border 1,b4galnt3,6.6753497,4.2185135,2.4664368587937665e-11,8.402845666596805e-10,0.36046511627906974,0.0365296803652968
Neural Plate Border 1,nbas,6.674021,2.9042788,2.4888815066775084e-11,8.469440666087339e-10,0.40406976744186046,0.0821917808219178
Neural Plate Border 1,lasp1,6.6540923,2.2245274,2.8505413458566958e-11,9.688857451248498e-10,0.4563953488372093,0.1506849315068493
Neural Plate Border 1,dlx5,6.6509037,1.9781762,2.91299244051174e-11,9.878153367586853e-10,0.4941860465116279,0.182648401826484
Neural Plate Border 1,cd164,6.645855,3.9444077,3.0146219828966595e-11,1.0199122127552344e-09,0.3633720930232558,0.0365296803652968
Neural Plate Border 1,ostc,6.6445265,2.446457,3.04193830707875e-11,1.0279641462915486e-09,0.43023255813953487,0.1095890410958904
Neural Plate Border 1,cpne3,6.6434636,2.3790774,3.0639656580691374e-11,1.0342122419286253e-09,0.436046511627907,0.1232876712328767
Neural Plate Border 1,LOC101732788,6.640275,3.3525245,3.1309885723488454e-11,1.0556162278930693e-09,0.39244186046511625,0.0867579908675799
Neural Plate Border 1,psme4,6.6028085,1.3936522,4.034400979684801e-11,1.353956085386526e-09,0.6191860465116279,0.3470319634703196
Neural Plate Border 1,ankdd1b,6.6020117,4.879396,4.0561599517034236e-11,1.359697380140399e-09,0.3488372093023256,0.0273972602739726
Neural Plate Border 1,tfg,6.598026,1.833578,4.166688920308997e-11,1.3951487265699004e-09,0.502906976744186,0.2009132420091324
Neural Plate Border 1,cxadr,6.572517,1.2205315,4.947177089401387e-11,1.6433060625033176e-09,0.7122093023255814,0.4292237442922374
Neural Plate Border 1,slc37a1,6.5664053,5.5163956,5.1544367075206445e-11,1.7102081656928033e-09,0.3372093023255814,0.0091324200913242
Neural Plate Border 1,cpeb3,6.562154,2.3973646,5.303602584001135e-11,1.7557146900672388e-09,0.43023255813953487,0.1187214611872146
Neural Plate Border 1,trabd,6.5586996,1.7453009,5.427901948205616e-11,1.7928022807683431e-09,0.5145348837209303,0.228310502283105
Neural Plate Border 1,asb9,6.5539165,3.3514938,5.6047243432408763e-11,1.8470315363841493e-09,0.375,0.0547945205479452
Neural Plate Border 1,lpin2,6.5478053,2.0551434,5.838881427753393e-11,1.917711719265836e-09,0.47674418604651164,0.1598173515981735
Neural Plate Border 1,hap1,6.544085,1.2339941,5.986068539878799e-11,1.9616453978609547e-09,0.6744186046511628,0.4155251141552511
Neural Plate Border 1,slc66a2,6.5398335,2.1041055,6.158728827249343e-11,2.0137114356747825e-09,0.46511627906976744,0.1643835616438356
Neural Plate Border 1,ift46,6.5347853,2.4272623,6.370096417774542e-11,2.0758560578368744e-09,0.4273255813953488,0.1187214611872146
Neural Plate Border 1,stim1,6.526016,1.5134232,6.754193962160963e-11,2.1912524273909778e-09,0.5581395348837209,0.2785388127853881
Neural Plate Border 1,vtcn1,6.519639,4.361827,7.047672780758689e-11,2.2814011412442663e-09,0.3488372093023256,0.0273972602739726
Neural Plate Border 1,tp53bp2,6.5007734,1.1623589,7.990820971820145e-11,2.5838461042840117e-09,0.6715116279069767,0.4292237442922374
Neural Plate Border 1,abo.4,6.4989133,2.9156241,8.090231439043976e-11,2.6131000573999388e-09,0.39244186046511625,0.0776255707762557
Neural Plate Border 1,slc35a3.2,6.491473,2.1676762,8.500107417454712e-11,2.736416739202849e-09,0.45058139534883723,0.1324200913242009
Neural Plate Border 1,appl2,6.4904103,3.2563448,8.560294426816266e-11,2.7527609063835672e-09,0.3808139534883721,0.0776255707762557
Neural Plate Border 1,slc22a5,6.4837675,5.284185,8.94601497237086e-11,2.870482586798821e-09,0.33430232558139533,0.0091324200913242
Neural Plate Border 1,arfip1,6.4694185,1.8665799,9.838071378780429e-11,3.149799172761563e-09,0.49709302325581395,0.1917808219178082
Neural Plate Border 1,snap23,6.4675584,1.7392151,9.959893996575947e-11,3.1853135822090978e-09,0.5116279069767442,0.228310502283105
Neural Plate Border 1,hagh,6.458524,4.6874075,1.0572896803901951e-10,3.3666268679178424e-09,0.34011627906976744,0.0228310502283105
Neural Plate Border 1,sec63,6.4508185,1.0209857,1.1124775357053992e-10,3.5193539876844725e-09,0.752906976744186,0.5114155251141552
Neural Plate Border 1,fgfr2,6.446301,1.2136302,1.146127882565471e-10,3.61797668847422e-09,0.7122093023255814,0.4246575342465753
Neural Plate Border 1,lyn,6.4300923,1.2707789,1.2752636999519406e-10,4.021276506288584e-09,0.625,0.3744292237442922
Neural Plate Border 1,gclc,6.4075065,3.8066382,1.4791881430245698e-10,4.6392863314110725e-09,0.36046511627906974,0.0547945205479452
Neural Plate Border 1,cripto.3,6.4000664,4.8674417,1.5530941177045069e-10,4.855453920280261e-09,0.33430232558139533,0.0136986301369863
Neural Plate Border 1,klf8,6.391032,1.3672066,1.6476989620135637e-10,5.140222877120436e-09,0.563953488372093,0.3424657534246575
Neural Plate Border 1,usp43,6.3841233,3.059204,1.723821060815376e-10,5.349152168651194e-09,0.375,0.0593607305936073
Neural Plate Border 1,styk1,6.3756204,5.143332,1.8222377250700428e-10,5.630637520245498e-09,0.3313953488372093,0.0182648401826484
Neural Plate Border 1,XB22041731,6.371369,3.897087,1.8734837820314732e-10,5.7706853985839824e-09,0.3488372093023256,0.0319634703196347
Neural Plate Border 1,rab40b,6.3644605,4.015438,1.9597764158887053e-10,6.0237880560297316e-09,0.34593023255813954,0.0319634703196347
Neural Plate Border 1,arf4,6.3623347,1.3318393,1.9871006205463148e-10,6.101359058738375e-09,0.5988372093023255,0.3333333333333333
Neural Plate Border 1,slc18a1,6.3580832,4.577808,2.0428701512844953e-10,6.266016515445654e-09,0.34011627906976744,0.0319634703196347
Neural Plate Border 1,tmprss11f,6.342937,29.304039,2.2542538574555583e-10,6.878297965269668e-09,0.3168604651162791,0.0
Neural Plate Border 1,klf5,6.3206167,2.1891,2.605211320112899e-10,7.8996817529274e-09,0.438953488372093,0.1461187214611872
Neural Plate Border 1,arcn1,6.313974,1.7627249,2.719596741334974e-10,8.237982626524625e-09,0.49709302325581395,0.2054794520547945
Neural Plate Border 1,dlx3,6.3060026,2.06669,2.8633447210515066e-10,8.66443369990234e-09,0.45058139534883723,0.1506849315068493
Neural Plate Border 1,copz1,6.295374,2.878163,3.0666001342254757e-10,9.260308731771164e-09,0.3808139534883721,0.0684931506849315
Neural Plate Border 1,bmp7,6.2804937,2.1583242,3.3749975706239595e-10,1.0149645471904214e-08,0.45348837209302323,0.1780821917808219
Neural Plate Border 1,fucolectin-e,6.2693334,3.2744076,3.625968203970242e-10,1.0837492491846027e-08,0.3691860465116279,0.0776255707762557
Neural Plate Border 1,slc9a1,6.2682705,2.0379865,3.650799226646676e-10,1.090056304332063e-08,0.4476744186046512,0.1506849315068493
Neural Plate Border 1,cmtm4,6.257642,3.6212606,3.908419307686576e-10,1.165785763091697e-08,0.35174418604651164,0.0502283105022831
Neural Plate Border 1,ssuh2,6.2571106,1.1521155,3.9217558301898816e-10,1.1685713014503612e-08,0.6831395348837209,0.4337899543378995
Neural Plate Border 1,pc,6.254453,2.830867,3.989107648059301e-10,1.1874297928759821e-08,0.4069767441860465,0.1278538812785388
Neural Plate Border 1,XB5993457,6.2533903,5.726715,4.01636338128659e-10,1.1943267344698708e-08,0.31976744186046513,0.0091324200913242
Neural Plate Border 1,rhof,6.2355876,3.3223524,4.500860059975939e-10,1.3343269818778567e-08,0.35755813953488375,0.0547945205479452
Neural Plate Border 1,nans,6.2326646,5.246387,4.5856759404267915e-10,1.3580941582027919e-08,0.3226744186046512,0.0136986301369863
Neural Plate Border 1,myl12b,6.222567,1.328054,4.890850558427251e-10,1.4411739180784978e-08,0.6075581395348837,0.3242009132420091
Neural Plate Border 1,sgms2,6.222036,7.42331,4.907449960518373e-10,1.4446089606839132e-08,0.313953488372093,0.0045662100456621
Neural Plate Border 1,LOC100489305,6.21991,4.679906,4.974399130486794e-10,1.4628436718637773e-08,0.32848837209302323,0.0228310502283105
Neural Plate Border 1,alg9,6.2193785,1.3831952,4.991275204428787e-10,1.4663313115644008e-08,0.5755813953488372,0.3013698630136986
Neural Plate Border 1,snx33,6.2071557,2.3912582,5.395216031718151e-10,1.5802360703722772e-08,0.4069767441860465,0.1095890410958904
Neural Plate Border 1,man1a1,6.2047644,1.3259504,5.477897995457431e-10,1.5996447183338276e-08,0.5726744186046512,0.3835616438356164
Neural Plate Border 1,rhoc,6.1997156,3.7752345,5.656529714540454e-10,1.6501598810951298e-08,0.3430232558139535,0.0410958904109589
Neural Plate Border 1,lpcat4,6.1843038,2.90177,6.237707847883818e-10,1.8142730159352423e-08,0.37790697674418605,0.0867579908675799
Neural Plate Border 1,tmem39a,6.1694236,1.1596308,6.853930277578745e-10,1.989545540654462e-08,0.6308139534883721,0.3972602739726027
Neural Plate Border 1,frmd8,6.168095,2.1809757,6.91175295146012e-10,2.0043397869457417e-08,0.42151162790697677,0.1278538812785388
Neural Plate Border 1,erbb2,6.163578,1.4852802,7.111931856827814e-10,2.0583057436330082e-08,0.5465116279069767,0.2785388127853881
Neural Plate Border 1,eif2ak3,6.1524177,1.6710454,7.631048737489591e-10,2.19766685365082e-08,0.4941860465116279,0.2191780821917808
Neural Plate Border 1,fam83e,6.147635,4.3325253,7.864677069357146e-10,2.2582748076068638e-08,0.3313953488372093,0.0319634703196347
Neural Plate Border 1,vgll1,6.1173434,5.1773033,9.514830583067694e-10,2.721409126943755e-08,0.3168604651162791,0.0136986301369863
Neural Plate Border 1,nxpe2,6.115749,4.982081,9.610455433977044e-10,2.746072559047732e-08,0.31976744186046513,0.0182648401826484
Neural Plate Border 1,mgat1,6.096617,2.8929377,1.0833649434287194e-09,3.065618650664559e-08,0.36627906976744184,0.0639269406392694
Neural Plate Border 1,plekha8,6.0934286,3.212738,1.1051761017004163e-09,3.1243136004646877e-08,0.3546511627906977,0.0639269406392694
Neural Plate Border 1,vkorc1,6.0928974,2.3819952,1.1088526798487489e-09,3.131678520256887e-08,0.4011627906976744,0.1050228310502283
Neural Plate Border 1,lman1,6.0923657,2.2743511,1.1125411819634375e-09,3.139062865827533e-08,0.4069767441860465,0.1187214611872146
Neural Plate Border 1,uaca,6.081737,1.3009907,1.1888740549328065e-09,3.341536298052007e-08,0.622093023255814,0.3378995433789954
Neural Plate Border 1,mgat5,6.0684514,3.585419,1.2914962963435306e-09,3.61606592322009e-08,0.3430232558139535,0.0502283105022831
Neural Plate Border 1,gak,6.0578227,1.9576467,1.3797649891797418e-09,3.852140439227605e-08,0.4476744186046512,0.1598173515981735
Neural Plate Border 1,casp3.2,6.055697,1.2240943,1.3981113560226895e-09,3.89591926100088e-08,0.6395348837209303,0.3698630136986301
Neural Plate Border 1,mcu,6.0421453,1.7237266,1.5207849842738632e-09,4.225671661151073e-08,0.48546511627906974,0.2191780821917808
Neural Plate Border 1,LOC116406441,6.040285,2.9775455,1.5384207117802703e-09,4.262519035644463e-08,0.36046511627906974,0.0684931506849315
Neural Plate Border 1,klf3,6.039488,2.5139837,1.5460397502165647e-09,4.279572721456478e-08,0.39244186046511625,0.1004566210045662
Neural Plate Border 1,vps4b,6.0285935,2.3960433,1.6539257248610301e-09,4.5652410635894966e-08,0.3953488372093023,0.1004566210045662
Neural Plate Border 1,nr1i3,6.022748,4.4717913,1.7148048836827604e-09,4.7288171278236577e-08,0.31976744186046513,0.0228310502283105
Neural Plate Border 1,mtmr12,6.0086646,4.676271,1.8705737669830884e-09,5.138979490853633e-08,0.3168604651162791,0.0182648401826484
Neural Plate Border 1,ptbp3,5.9977703,1.478819,2.0004505896256243e-09,5.485475720951841e-08,0.5232558139534884,0.2831050228310502
Neural Plate Border 1,gdf2,5.985016,2.860482,2.1636859895887793e-09,5.894380723361566e-08,0.36046511627906974,0.0684931506849315
Neural Plate Border 1,scfd1,5.9847503,2.1816378,2.167221080860176e-09,5.898513911976146e-08,0.40988372093023256,0.1187214611872146
Neural Plate Border 1,LOC100493464,5.974919,3.029287,2.3020490439603627e-09,6.248021875952216e-08,0.36046511627906974,0.0821917808219178
Neural Plate Border 1,rpn2,5.961367,1.4797477,2.5013622498196246e-09,6.770122215229393e-08,0.5203488372093024,0.2648401826484018
Neural Plate Border 1,fbp1,5.9573812,3.9922824,2.5631159719213447e-09,6.924440201038155e-08,0.3226744186046512,0.0228310502283105
Neural Plate Border 1,lrrc59,5.95313,2.0861177,2.6306230049900596e-09,7.100253098694776e-08,0.41569767441860467,0.1415525114155251
Neural Plate Border 1,prss27,5.9478154,2.902458,2.7174451651561157e-09,7.327826533457419e-08,0.36046511627906974,0.0730593607305936
Neural Plate Border 1,fhl3,5.9387813,1.4371299,2.8714881231831505e-09,7.721846304394359e-08,0.5465116279069767,0.3105022831050228
Neural Plate Border 1,slc35d1,5.9382496,1.3254776,2.8808095590240735e-09,7.739792667264034e-08,0.5697674418604651,0.3287671232876712
Neural Plate Border 1,armh4,5.937453,4.912314,2.894846984115598e-09,7.770364755985586e-08,0.311046511627907,0.0182648401826484
Neural Plate Border 1,LOC101732476,5.9270897,2.390282,3.0835069814124816e-09,8.269173630611766e-08,0.38953488372093026,0.1050228310502283
Neural Plate Border 1,gata2,5.926027,1.4323337,3.103520381430477e-09,8.315215790063637e-08,0.5726744186046512,0.3150684931506849
Neural Plate Border 1,plcb3,5.917524,1.3264096,3.268245703807974e-09,8.740538899177575e-08,0.5901162790697675,0.3424657534246575
Neural Plate Border 1,rint1,5.9026437,2.8912926,3.577224292550924e-09,9.549392081785942e-08,0.3546511627906977,0.0639269406392694
Neural Plate Border 1,rab11fip1,5.9002523,3.6872458,3.6294639020806864e-09,9.680005412565743e-08,0.32848837209302323,0.0365296803652968
Neural Plate Border 1,spag1,5.887232,2.2569726,3.9271717552009464e-09,1.0445419251708722e-07,0.4011627906976744,0.1324200913242009
Neural Plate Border 1,cndp2,5.8867006,4.6191473,3.939814878438453e-09,1.0469520791966765e-07,0.311046511627907,0.0228310502283105
Neural Plate Border 1,c1galt1c1,5.870492,4.2705603,4.345041508758596e-09,1.15254000310819e-07,0.3168604651162791,0.0273972602739726
Neural Plate Border 1,fcgbp,5.8582687,3.9846227,4.677170325036842e-09,1.2361515892509217e-07,0.3226744186046512,0.0365296803652968
Neural Plate Border 1,ildr1,5.850563,3.2813816,4.899117005669361e-09,1.2913082884826067e-07,0.3372093023255814,0.0502283105022831
Neural Plate Border 1,scamp2,5.8447175,5.3350463,5.0742935134872086e-09,1.3350735705917605e-07,0.3023255813953488,0.0136986301369863
Neural Plate Border 1,slc1a5,5.84206,2.021491,5.155919793921339e-09,1.355329959497434e-07,0.4186046511627907,0.1552511415525114
Neural Plate Border 1,abhd17b,5.8314314,1.4246112,5.495390174390973e-09,1.4406793738800226e-07,0.5406976744186046,0.2694063926940639
Neural Plate Border 1,LOC100487973,5.82532,3.6594863,5.700329960150873e-09,1.493067608110844e-07,0.3226744186046512,0.0365296803652968
Neural Plate Border 1,slc17a9,5.822663,4.9299636,5.791735802841365e-09,1.515651112380089e-07,0.30523255813953487,0.0182648401826484
Neural Plate Border 1,dst,5.8213344,2.7091885,5.837971838327782e-09,1.5263842111463274e-07,0.3633720930232558,0.0867579908675799
Neural Plate Border 1,LOC100492479,5.81416,5.3647585,6.093918612953479e-09,1.587623306374716e-07,0.29941860465116277,0.0091324200913242
Neural Plate Border 1,prdm2,5.8138943,1.5176201,6.103604768886124e-09,1.5887308192280526e-07,0.5058139534883721,0.2420091324200913
Neural Plate Border 1,dlx6,5.7934337,2.0492833,6.896166082918966e-09,1.787072967817414e-07,0.41569767441860467,0.136986301369863
Neural Plate Border 1,mcf2l,5.792105,4.513811,6.950955820610979e-09,1.7996757271238223e-07,0.3081395348837209,0.0228310502283105
Neural Plate Border 1,KIAA0319L,5.7894483,1.150925,7.06180821892298e-09,1.8267585490914835e-07,0.6104651162790697,0.3835616438356164
Neural Plate Border 1,gcnt4,5.7780223,4.594879,7.55838223449766e-09,1.9414681115694298e-07,0.30523255813953487,0.0182648401826484
Neural Plate Border 1,LOC100496053,5.7692537,5.1831207,7.962342268662159e-09,2.036283699521116e-07,0.29941860465116277,0.0136986301369863
Neural Plate Border 1,ap1s3,5.7639394,5.0695505,8.217301932071263e-09,2.0959856263208994e-07,0.3023255813953488,0.0182648401826484
Neural Plate Border 1,rin3,5.759688,1.5560888,8.426968348156055e-09,2.145720485931617e-07,0.4941860465116279,0.2328767123287671
Neural Plate Border 1,frk,5.7580934,5.1776676,8.506926592502262e-09,2.1623127932646403e-07,0.29941860465116277,0.0136986301369863
Neural Plate Border 1,sec61b,5.743213,1.6629618,9.289660367298817e-09,2.3510481575455561e-07,0.4680232558139535,0.1872146118721461
Neural Plate Border 1,ntan1,5.729396,3.3273554,1.0078887570387797e-08,2.539792780775911e-07,0.32558139534883723,0.0410958904109589
Neural Plate Border 1,ero1a,5.702824,3.944274,1.1783846842040385e-08,2.9440480943562604e-07,0.313953488372093,0.0365296803652968
Neural Plate Border 1,mast4,5.6855526,2.6778693,1.3039032725280218e-08,3.249309169587946e-07,0.3633720930232558,0.1095890410958904
Neural Plate Border 1,ovol2,5.682364,1.7977346,1.3284553343172102e-08,3.3076727323191116e-07,0.44476744186046513,0.182648401826484
Neural Plate Border 1,arf5,5.6820984,1.1183176,1.33052149396271e-08,3.3099977693637424e-07,0.6133720930232558,0.3698630136986301
Neural Plate Border 1,slc44a4,5.6680155,3.4010034,1.444610854065701e-08,3.5785949046775e-07,0.3226744186046512,0.045662100456621
Neural Plate Border 1,vwf,5.6496806,5.059572,1.6074605123245034e-08,3.9752688862739055e-07,0.2936046511627907,0.0136986301369863
Neural Plate Border 1,selenow2,5.6486177,3.5851288,1.6174288975101764e-08,3.996539653687233e-07,0.313953488372093,0.0319634703196347
Neural Plate Border 1,arpc1b,5.638255,2.83908,1.7178205731782487e-08,4.23029597089919e-07,0.34011627906976744,0.0639269406392694
Neural Plate Border 1,LOC101734002,5.637458,3.946924,1.7257888469663344e-08,4.246341227750246e-07,0.313953488372093,0.0410958904109589
Neural Plate Border 1,atp2a3,5.619389,1.782483,1.916339295694703e-08,4.691500331026119e-07,0.46511627906976744,0.2420091324200913
Neural Plate Border 1,LOC101731739,5.61248,3.5297403,1.9944684299570668e-08,4.878686751135984e-07,0.3168604651162791,0.0410958904109589
Neural Plate Border 1,mboat1,5.6103544,4.4972496,2.0191242036379697e-08,4.930745162618337e-07,0.29651162790697677,0.0182648401826484
Neural Plate Border 1,kif5a,5.609026,5.676643,2.0346840603205268e-08,4.964595139167723e-07,0.2877906976744186,0.0091324200913242
Neural Plate Border 1,tmem164,5.6082287,2.4674392,2.0440757859701598e-08,4.983351067530754e-07,0.36046511627906974,0.0867579908675799
Neural Plate Border 1,spry4,5.6058373,2.6260328,2.0725041781867617e-08,5.048447469381435e-07,0.35174418604651164,0.0730593607305936
Neural Plate Border 1,fam83h,5.6021175,2.4247432,2.117490586999095e-08,5.153735832520445e-07,0.3633720930232558,0.0821917808219178
Neural Plate Border 1,ddr1,5.6018515,2.4827409,2.120739926393362e-08,5.157350148785722e-07,0.3633720930232558,0.0958904109589041
Neural Plate Border 1,cpt1al,5.5991945,3.2105935,2.1535006901985724e-08,5.232666556541519e-07,0.32558139534883723,0.0547945205479452
Neural Plate Border 1,ap1b1,5.5869713,2.4703643,2.3106361336170447e-08,5.609817676225899e-07,0.36046511627906974,0.0867579908675799
Neural Plate Border 1,arhgef19,5.58644,2.4637215,2.3177147164593666e-08,5.622333516748858e-07,0.36046511627906974,0.091324200913242
Neural Plate Border 1,dnase1l3,5.5476456,4.3743405,2.895424281882092e-08,6.983180460700943e-07,0.29651162790697677,0.0228310502283105
Neural Plate Border 1,spdef,5.546051,5.372467,2.9219354779121818e-08,7.029719831674978e-07,0.2877906976744186,0.0136986301369863
Neural Plate Border 1,tspan15,5.534094,3.1001825,3.1284158196136985e-08,7.477246346944237e-07,0.3226744186046512,0.045662100456621
Neural Plate Border 1,pik3r6,5.5338283,5.3842683,3.133161360375488e-08,7.482470565779076e-07,0.28488372093023256,0.0091324200913242
Neural Plate Border 1,tep1,5.5253253,2.5319557,3.2887605541548006e-08,7.834862246006437e-07,0.35174418604651164,0.0867579908675799
Neural Plate Border 1,palld,5.5133677,3.2174072,3.520314370339519e-08,8.366041411332885e-07,0.3226744186046512,0.0547945205479452
Neural Plate Border 1,golga3,5.501942,2.0104923,3.756305781277899e-08,8.912384276991418e-07,0.39825581395348836,0.1324200913242009
Neural Plate Border 1,srp54,5.4947677,1.2901924,3.9122524081520747e-08,9.274862136471475e-07,0.5319767441860465,0.2831050228310502
Neural Plate Border 1,ufsp2,5.4918447,2.7951128,3.977570321344249e-08,9.406825086020528e-07,0.3313953488372093,0.0639269406392694
Neural Plate Border 1,cadps2,5.4814816,1.8017943,4.217782383567221e-08,9.950766493466784e-07,0.4273255813953488,0.1552511415525114
Neural Plate Border 1,mnt,5.479622,1.0148301,4.2623611494391674e-08,1.004782893219809e-06,0.6715116279069767,0.4429223744292237
Neural Plate Border 1,dennd1b,5.47723,2.2534542,4.3203483762767573e-08,1.017631775881917e-06,0.375,0.1187214611872146
Neural Plate Border 1,XB5856846,5.4748387,2.9652996,4.379100147769633e-08,1.03063990675889e-06,0.3313953488372093,0.0730593607305936
Neural Plate Border 1,lnpk,5.439233,2.235903,5.351052562614596e-08,1.2523348075083047e-06,0.37209302325581395,0.1095890410958904
Neural Plate Border 1,ddrgk1,5.4347153,1.4217668,5.488392741728987e-08,1.2824237268863311e-06,0.4738372093023256,0.2465753424657534
Neural Plate Border 1,ptger4,5.4264784,3.9073894,5.747681788590362e-08,1.3408658129472056e-06,0.29651162790697677,0.0273972602739726
Neural Plate Border 1,nucb1,5.418241,1.5227776,6.018823709727052e-08,1.398539235763366e-06,0.4680232558139535,0.228310502283105
Neural Plate Border 1,tmed2,5.411598,1.2309469,6.24647565554994e-08,1.4468362114689403e-06,0.5465116279069767,0.2922374429223744
Neural Plate Border 1,kcnj2,5.4060183,3.8296635,6.444130776322689e-08,1.490256224071903e-06,0.30523255813953487,0.045662100456621
Neural Plate Border 1,LOC394967,5.4025636,3.0038238,6.569510937976543e-08,1.5168512972195286e-06,0.34011627906976744,0.0958904109589041
Neural Plate Border 1,ccser1,5.4015007,2.579057,6.60856263314573e-08,1.5246637279359342e-06,0.3430232558139535,0.0821917808219178
Neural Plate Border 1,sh3gl2,5.3991094,1.7629505,6.697252938065053e-08,1.5439069450518893e-06,0.4273255813953488,0.2009132420091324
Neural Plate Border 1,prrc1,5.3945923,2.1289086,6.86793541846392e-08,1.582006463491874e-06,0.37209302325581395,0.1187214611872146
Neural Plate Border 1,LOC116409686,5.389809,2.1857982,7.053249306629634e-08,1.623413625843235e-06,0.36627906976744184,0.1095890410958904
Neural Plate Border 1,kdelr1,5.383698,1.1560069,7.297098009159706e-08,1.674265870531769e-06,0.5726744186046512,0.3378995433789954
Neural Plate Border 1,sec22b,5.380775,2.4769783,7.416588665583969e-08,1.6990149160163402e-06,0.3430232558139535,0.0776255707762557
Neural Plate Border 1,MGC75872,5.3770547,3.7881024,7.571410931193957e-08,1.7317677068054034e-06,0.29651162790697677,0.0319634703196347
Neural Plate Border 1,kcnk5,5.3672233,2.4246716,7.99580308088915e-08,1.8202906530955665e-06,0.34593023255813954,0.0821917808219178
Neural Plate Border 1,ndel1,5.3584547,2.321987,8.393679917067597e-08,1.9049352302469172e-06,0.3546511627906977,0.091324200913242
Neural Plate Border 1,prrg2,5.348357,1.6178062,8.87560690890758e-08,2.0080717148163894e-06,0.4418604651162791,0.1872146118721461
Neural Plate Border 1,clta,5.33826,1.6331322,9.384275095677804e-08,2.121513884932389e-06,0.438953488372093,0.1780821917808219
Neural Plate Border 1,znf238.2,5.33454,2.1462293,9.578702153846162e-08,2.1637947655260984e-06,0.36627906976744184,0.1141552511415525
Neural Plate Border 1,atg2a,5.331883,2.9871097,9.71996010569376e-08,2.192316001925419e-06,0.313953488372093,0.0502283105022831
Neural Plate Border 1,zfyve28b,5.3292255,3.592411,9.863233605635067e-08,2.222915817473544e-06,0.29941860465116277,0.0410958904109589
Neural Plate Border 1,yif1b,5.32896,1.2426077,9.877672875333839e-08,2.2244549754921684e-06,0.5436046511627907,0.3013698630136986
Neural Plate Border 1,depdc1b,5.307437,1.570293,1.1117745407119525e-07,2.4807848549275633e-06,0.4476744186046512,0.2054794520547945
Neural Plate Border 1,serpine2,5.306374,1.7653033,1.11827358127594e-07,2.4933832993346303e-06,0.42151162790697677,0.1598173515981735
Neural Plate Border 1,golga5,5.2747536,1.7019981,1.3293449650082596e-07,2.9527418443887867e-06,0.42151162790697677,0.1735159817351598
Neural Plate Border 1,cog1,5.267048,3.6120675,1.38635038429204e-07,3.0746895359059655e-06,0.2936046511627907,0.0319634703196347
Neural Plate Border 1,tspan1,5.2638593,3.520794,1.4106242201021076e-07,3.123784589227629e-06,0.29651162790697677,0.0365296803652968
Neural Plate Border 1,ost4,5.263062,1.7951695,1.4167566159183896e-07,3.134989601810026e-06,0.40406976744186046,0.1552511415525114
Neural Plate Border 1,mpzl2,5.2612023,4.490978,1.4311659844678925e-07,3.1644790387277583e-06,0.27906976744186046,0.0182648401826484
Neural Plate Border 1,tmod3,5.2537622,1.0318536,1.490233961072927e-07,3.2876248238583193e-06,0.6075581395348837,0.3972602739726027
Neural Plate Border 1,plpp2,5.2521677,1.4848647,1.5031946924042495e-07,3.3137167461288546e-06,0.46511627906976744,0.2100456621004566
Neural Plate Border 1,unc50,5.229316,2.4918694,1.7013829058293708e-07,3.722539200621133e-06,0.3313953488372093,0.0684931506849315
Neural Plate Border 1,prdm5,5.218156,1.6953781,1.8071330404598553e-07,3.94800492568625e-06,0.42151162790697677,0.1689497716894977
Neural Plate Border 1,prkcz,5.2173586,2.7081857,1.814925051629866e-07,3.9620667799994485e-06,0.32848837209302323,0.0821917808219178
Neural Plate Border 1,smim15,5.2109814,1.0277756,1.8784412420343127e-07,4.094609690224086e-06,0.6075581395348837,0.3835616438356164
Neural Plate Border 1,tmf1,5.2099185,1.4496887,1.8892340743452343e-07,4.1120030697829886e-06,0.4622093023255814,0.2191780821917808
Neural Plate Border 1,tbc1d8b,5.205933,2.6049953,1.930243575120149e-07,4.195014865749969e-06,0.32848837209302323,0.0776255707762557
Neural Plate Border 1,MGC76064,5.20487,1.9841498,1.9413239456054254e-07,4.215961385883521e-06,0.37790697674418605,0.1324200913242009
Neural Plate Border 1,znf534,5.1862698,3.0645847,2.145478683842463e-07,4.631793752392838e-06,0.3081395348837209,0.0547945205479452
Neural Plate Border 1,golga1,5.181221,1.6007334,2.2043785872491043e-07,4.748429659828929e-06,0.4331395348837209,0.1917808219178082
Neural Plate Border 1,ralgps1,5.1658096,2.4562058,2.394003687127907e-07,5.145523660179107e-06,0.33430232558139533,0.0821917808219178
Neural Plate Border 1,clec16a,5.134721,1.027472,2.8256333252528375e-07,6.020123012424614e-06,0.5930232558139535,0.3744292237442922
Neural Plate Border 1,LOC100497498,5.1235604,2.4373636,2.9981926364006767e-07,6.364572908832838e-06,0.3430232558139535,0.1050228310502283
Neural Plate Border 1,alas1,5.1161203,2.045117,3.1188386825257084e-07,6.5967274622944276e-06,0.36627906976744184,0.1278538812785388
Neural Plate Border 1,gramd2a,5.1076174,6.665188,3.262461580189743e-07,6.890535726194102e-06,0.25872093023255816,0.0045662100456621
Neural Plate Border 1,dnajb9,5.104429,2.451006,3.3179493446195164e-07,6.99257226334341e-06,0.32848837209302323,0.0776255707762557
Neural Plate Border 1,manf,5.10124,1.4756956,3.374347617848867e-07,7.106308012776674e-06,0.4563953488372093,0.2054794520547945
Neural Plate Border 1,rnf19a,5.0983176,1.1040463,3.426858150466023e-07,7.201329302391971e-06,0.5552325581395349,0.3287671232876712
Neural Plate Border 1,strn,5.095129,1.8154192,3.4850418826881673e-07,7.313083939185774e-06,0.39825581395348836,0.182648401826484
Neural Plate Border 1,plekha6,5.0906115,1.2305926,3.569103734645739e-07,7.478743460030795e-06,0.5319767441860465,0.2876712328767123
Neural Plate Border 1,selenos,5.0890174,2.4716885,3.5992372579977843e-07,7.536483115224444e-06,0.32558139534883723,0.0776255707762557
Neural Plate Border 1,egln1,5.0799828,1.9169647,3.774687613908746e-07,7.886911625601612e-06,0.37209302325581395,0.1278538812785388
Neural Plate Border 1,tnk2l,5.0661654,3.0052736,4.059087414582893e-07,8.462994594555816e-06,0.29941860465116277,0.0502283105022831
Neural Plate Border 1,chmp4c,5.0640397,4.8293304,4.104636704346166e-07,8.545771759597064e-06,0.26453488372093026,0.0136986301369863
Neural Plate Border 1,XB5901519,5.0627112,28.716993,4.1333550268798616e-07,8.599437778699305e-06,0.25290697674418605,0.0
Neural Plate Border 1,tmem214,5.051817,1.1447784,4.376270938671074e-07,9.091881720561064e-06,0.5290697674418605,0.319634703196347
Neural Plate Border 1,nr3c1,5.034811,1.4053433,4.783205167455963e-07,9.874143379230598e-06,0.46511627906976744,0.228310502283105
Neural Plate Border 1,fhip1a,5.0332165,3.3963714,4.823173850247831e-07,9.942608943342339e-06,0.2877906976744186,0.0410958904109589
Neural Plate Border 1,derl2,5.028965,1.6891224,4.931338088833196e-07,1.0151263639062194e-05,0.4011627906976744,0.1598173515981735
Neural Plate Border 1,mon2,5.0236506,1.832257,5.069836162343966e-07,1.042168641782535e-05,0.37790697674418605,0.1415525114155251
Neural Plate Border 1,rtn3,5.0196652,1.2399923,5.176163625277601e-07,1.0632778561524213e-05,0.5145348837209303,0.2648401826484018
Neural Plate Border 1,lekr1,5.0146165,2.053756,5.313935002379719e-07,1.0885188090719102e-05,0.3546511627906977,0.1141552511415525
Neural Plate Border 1,cope,5.0050507,1.6924813,5.58473389996544e-07,1.1423887797752959e-05,0.3953488372093023,0.1461187214611872
Neural Plate Border 1,grhl2,5.003722,2.112976,5.623381322477773e-07,1.1494899261352993e-05,0.35174418604651164,0.1004566210045662
Neural Plate Border 1,mtus1,4.986982,2.9680603,6.132981044040275e-07,1.2484203962280033e-05,0.3081395348837209,0.0776255707762557
Neural Plate Border 1,use1,4.985919,2.6789942,6.166797018072457e-07,1.2544303662858455e-05,0.3081395348837209,0.0639269406392694
Neural Plate Border 1,tmbim6,4.978479,1.1275113,6.408591472790582e-07,1.3018035951434434e-05,0.5465116279069767,0.3150684931506849
Neural Plate Border 1,ramp1,4.96041,4.322707,7.03444873744785e-07,1.4239887191436156e-05,0.26744186046511625,0.0228310502283105
Neural Plate Border 1,cpeb4,4.954033,1.3530425,7.269088846380253e-07,1.4684363239014592e-05,0.46511627906976744,0.228310502283105
Neural Plate Border 1,cgnl1,4.9386215,1.9596775,7.867681304059516e-07,1.587164887501475e-05,0.36046511627906974,0.1232876712328767
Neural Plate Border 1,pitpnm2,4.935433,2.5566804,7.997323774060215e-07,1.6099846504101525e-05,0.313953488372093,0.0730593607305936
Neural Plate Border 1,rbm47,4.915504,3.754367,8.855436687068314e-07,1.77539965569063e-05,0.2703488372093023,0.0273972602739726
Neural Plate Border 1,slc19a3,4.9056726,5.9014735,9.310781419368008e-07,1.859039970420398e-05,0.25,0.0045662100456621
Neural Plate Border 1,dnajc3,4.904078,2.9622123,9.386713797437952e-07,1.8729217133986948e-05,0.29069767441860467,0.0502283105022831
Neural Plate Border 1,LOC100498107,4.9008894,5.0609426,9.540371068556272e-07,1.8996906451292125e-05,0.2558139534883721,0.0136986301369863
Neural Plate Border 1,slc35b1,4.8913236,2.1921155,1.0016009791639847e-06,1.9849354726740632e-05,0.34011627906976744,0.1141552511415525
Neural Plate Border 1,mpc2,4.878569,3.513205,1.0685814990279855e-06,2.1076724560112717e-05,0.27325581395348836,0.0319634703196347
Neural Plate Border 1,itpkb,4.878038,1.6013947,1.0714638942099112e-06,2.110509507523579e-05,0.4011627906976744,0.2009132420091324
Neural Plate Border 1,impact,4.878038,3.1685753,1.0714638942099112e-06,2.110509507523579e-05,0.2819767441860465,0.0410958904109589
Neural Plate Border 1,slc6a7l,4.8748493,4.62758,1.0889160376967207e-06,2.1405584867459882e-05,0.2558139534883721,0.0136986301369863
Neural Plate Border 1,dync1i1,4.8594375,1.7937484,1.1771967727902882e-06,2.3078899306125362e-05,0.37790697674418605,0.1506849315068493
Neural Plate Border 1,ppt1,4.854123,2.7104673,1.2092051483661142e-06,2.3674665567240377e-05,0.29651162790697677,0.0547945205479452
Neural Plate Border 1,arl1,4.848012,1.7759697,1.2470501199613672e-06,2.4366659128737115e-05,0.3691860465116279,0.136986301369863
Neural Plate Border 1,LOC116408439,4.844026,2.2767308,1.272342733892032e-06,2.4844255480559778e-05,0.31976744186046513,0.0776255707762557
Neural Plate Border 1,mylk,4.8437605,1.2772456,1.2740463387389178e-06,2.4860913569878044e-05,0.4738372093023256,0.2557077625570776
Neural Plate Border 1,XB5992952,4.840306,2.414777,1.2963938501314613e-06,2.524642813670403e-05,0.313953488372093,0.0776255707762557
Neural Plate Border 1,nectin1,4.84004,1.0076009,1.2981284193094334e-06,2.526337671427034e-05,0.5726744186046512,0.3744292237442922
Neural Plate Border 1,slc35b4,4.837649,2.9560838,1.3138403231000374e-06,2.5518183710655943e-05,0.2877906976744186,0.0502283105022831
Neural Plate Border 1,XB5717875,4.8179855,6.687611,1.4501475795852322e-06,2.807236019791783e-05,0.2441860465116279,0.0045662100456621
Neural Plate Border 1,stim2,4.816657,1.0593402,1.45983224322155e-06,2.8241135871349524e-05,0.5552325581395349,0.3287671232876712
Neural Plate Border 1,rab2b,4.812671,1.2894866,1.4892608090244874e-06,2.8753357139098277e-05,0.4738372093023256,0.2420091324200913
Neural Plate Border 1,yipf5,4.81214,1.6183528,1.493227452328088e-06,2.8810911986140157e-05,0.3953488372093023,0.1689497716894977
Neural Plate Border 1,ndfip1,4.7999167,1.1390173,1.587314570528456e-06,3.050545181533024e-05,0.5174418604651163,0.3059360730593607
Neural Plate Border 1,abhd10,4.786631,2.041687,1.6960419480313096e-06,3.244568205687383e-05,0.3372093023255814,0.1095890410958904
Neural Plate Border 1,hacl1,4.785834,3.4448545,1.7027882800755694e-06,3.2532159617574495e-05,0.2703488372093023,0.0365296803652968
Neural Plate Border 1,LOC100497279,4.7738767,3.9359348,1.807131037149785e-06,3.441319045402304e-05,0.2616279069767442,0.0273972602739726
Neural Plate Border 1,tpd52,4.772282,2.4905217,1.8214991979688579e-06,3.466422073947115e-05,0.313953488372093,0.091324200913242
Neural Plate Border 1,dipk1c,4.755808,3.0483162,1.9765439335206268e-06,3.7468453774799895e-05,0.2819767441860465,0.0502283105022831
Neural Plate Border 1,exo1,4.7531505,1.2822243,2.00270969315412e-06,3.7915289534059636e-05,0.46511627906976744,0.2374429223744292
Neural Plate Border 1,zdhhc13,4.7345505,2.3260782,2.195411285043057e-06,4.145611580949199e-05,0.311046511627907,0.0776255707762557
Neural Plate Border 1,hspa13,4.728439,2.0609944,2.2625259865816643e-06,4.264081051822607e-05,0.33430232558139533,0.1004566210045662
Neural Plate Border 1,abca3,4.726579,2.0728433,2.2833402709900557e-06,4.30053604776484e-05,0.3313953488372093,0.1050228310502283
Neural Plate Border 1,LOC100497727,4.7135587,28.84683,2.4342742109501444e-06,4.56715465085261e-05,0.23546511627906977,0.0
Neural Plate Border 1,hk2,4.71223,3.260352,2.4502033312781645e-06,4.594091954880823e-05,0.2761627906976744,0.0502283105022831
Neural Plate Border 1,XB5967085,4.7026644,3.4697742,2.567883005224369e-06,4.8085706678868375e-05,0.26453488372093026,0.0319634703196347
Neural Plate Border 1,sidt1,4.695756,6.3575697,2.6562278267274997e-06,4.96446263446749e-05,0.23837209302325582,0.0045662100456621
Neural Plate Border 1,mastl,4.6744986,2.0500958,2.9467297088839118e-06,5.486360262444944e-05,0.3430232558139535,0.1278538812785388
Neural Plate Border 1,rapgef3,4.6742325,5.3990607,2.9505470356827734e-06,5.4899707447513145e-05,0.24127906976744187,0.0091324200913242
Neural Plate Border 1,atp2c1,4.673967,1.177609,2.9543691066401502e-06,5.493585455228895e-05,0.4883720930232558,0.273972602739726
Neural Plate Border 1,ralbp1,4.67131,1.5276412,2.9928519857471804e-06,5.558072197927308e-05,0.4011627906976744,0.1780821917808219
Neural Plate Border 1,pcsk7,4.6649327,3.3044472,3.0871828367150507e-06,5.729615333334454e-05,0.26744186046511625,0.0410958904109589
Neural Plate Border 1,LOC108645188,4.6612124,5.0096216,3.1435193789470233e-06,5.8193929680810915e-05,0.2441860465116279,0.0136986301369863
Neural Plate Border 1,kit,4.6574926,2.418267,3.200841308958118e-06,5.9217590064654905e-05,0.3081395348837209,0.0867579908675799
Neural Plate Border 1,scube2,4.642081,1.023544,3.4491781012872856e-06,6.361067828310955e-05,0.5290697674418605,0.3378995433789954
Neural Plate Border 1,odr4,4.628795,1.1275941,3.6779963625868248e-06,6.75748030639695e-05,0.4883720930232558,0.2831050228310502
Neural Plate Border 1,ube2g2,4.628529,1.4258872,3.6827179273034765e-06,6.761905008354769e-05,0.41569767441860467,0.182648401826484
Neural Plate Border 1,LOC116410398,4.617635,1.3317956,3.881384054791388e-06,7.11327506618226e-05,0.438953488372093,0.1963470319634703
Neural Plate Border 1,ryr1,4.6096635,1.7455701,4.033215169391102e-06,7.386899286746323e-05,0.36046511627906974,0.136986301369863
Neural Plate Border 1,smim7,4.605943,1.4173998,4.1060023617460155e-06,7.496724237114165e-05,0.4127906976744186,0.1872146118721461
Neural Plate Border 1,dnmbp,4.6022234,1.0718566,4.180047456260178e-06,7.61764134625569e-05,0.5174418604651163,0.3105022831050228
Neural Plate Border 1,pdcd6,4.6011605,1.3672414,4.201437129117653e-06,7.651851010669041e-05,0.42151162790697677,0.2146118721461187
Neural Plate Border 1,patj,4.600629,2.7593226,4.212171257835396e-06,7.666623788156068e-05,0.2877906976744186,0.0684931506849315
Neural Plate Border 1,sdf2,4.5926576,2.2839282,4.3763709106170845e-06,7.940763382262445e-05,0.3081395348837209,0.0867579908675799
Neural Plate Border 1,rap1gap2,4.5788403,2.0227687,4.675613269941086e-06,8.457478434012865e-05,0.32558139534883723,0.0958904109589041
Neural Plate Border 1,mocos,4.566883,1.937085,4.950304233745044e-06,8.899283090811893e-05,0.33430232558139533,0.1095890410958904
Neural Plate Border 1,pygm,4.5663514,1.0526137,4.962864622195654e-06,8.910902688661005e-05,0.5261627906976745,0.3287671232876712
Neural Plate Border 1,ugt8,4.5663514,2.8087547,4.962864622195654e-06,8.910902688661005e-05,0.2819767441860465,0.0639269406392694
Neural Plate Border 1,sytl1,4.549877,2.7494423,5.367729052663151e-06,9.602453362202972e-05,0.2819767441860465,0.0639269406392694
Neural Plate Border 1,LOC108645351,4.548017,1.3646095,5.415377525407963e-06,9.681767611327227e-05,0.41569767441860467,0.2054794520547945
Neural Plate Border 1,prkcsh,4.5283537,1.4437284,5.94449694154521e-06,0.00010556718718001704,0.3953488372093023,0.1735159817351598
Neural Plate Border 1,dennd4c,4.528088,1.1340775,5.951975231141281e-06,0.00010563581541074122,0.4738372093023256,0.273972602739726
Neural Plate Border 1,pgap6,4.516131,2.8149123,6.297974940235877e-06,0.00011130357042202837,0.2761627906976744,0.0593607305936073
Neural Plate Border 1,mboat2,4.515068,6.676601,6.329645037399664e-06,0.00011172817275859275,0.23255813953488372,0.0091324200913242
Neural Plate Border 1,LOC100497175,4.5070963,1.6495726,6.572075254294262e-06,0.00011579766832928004,0.36046511627906974,0.1415525114155251
Neural Plate Border 1,vapa,4.5070963,1.4804301,6.572075254294262e-06,0.00011579766832928004,0.38953488372093026,0.1780821917808219
Neural Plate Border 1,mideas,4.5044394,1.4917679,6.6548410921555066e-06,0.00011711478625213583,0.3953488372093023,0.182648401826484
Neural Plate Border 1,mpv17l,4.5012507,5.8188076,6.7554765869904e-06,0.00011874283590758653,0.22965116279069767,0.0045662100456621
Neural Plate Border 1,csgalnact1,4.4879646,2.6305897,7.190679114484581e-06,0.0001261649106815719,0.28488372093023256,0.0730593607305936
Neural Plate Border 1,hm13,4.471756,1.2106978,7.7579883295716e-06,0.00013563023735748054,0.45058139534883723,0.2374429223744292
Neural Plate Border 1,unc80,4.468302,7.1121063,7.884303015159921e-06,0.00013750958319578739,0.22674418604651161,0.0045662100456621
Neural Plate Border 1,LOC105947375,4.4619246,2.1329956,8.122682761182011e-06,0.00014149829546609736,0.30523255813953487,0.0776255707762557
Neural Plate Border 1,atp6v1b2,4.457142,2.1848428,8.305972625575577e-06,0.00014443300762534186,0.3023255813953488,0.0867579908675799
Neural Plate Border 1,kif16b,4.4552817,2.5810275,8.378314174365667e-06,0.00014551782628097613,0.2819767441860465,0.0639269406392694
Neural Plate Border 1,prickle3,4.4481072,2.6251633,8.663027375025832e-06,0.00014966250189088658,0.2761627906976744,0.0593607305936073
Neural Plate Border 1,prss8,4.4449186,3.257011,8.792513367900693e-06,0.0001518097804235707,0.2558139534883721,0.0365296803652968
Neural Plate Border 1,txndc12,4.4374785,1.4856719,9.101878424248986e-06,0.00015696578656001304,0.375,0.1598173515981735
Neural Plate Border 1,palm3,4.4356184,2.101389,9.180829481528886e-06,0.0001582339779331196,0.30523255813953487,0.0821917808219178
Neural Plate Border 1,iffo2,4.43429,1.7512361,9.23762324435785e-06,0.0001591190129969501,0.3430232558139535,0.1324200913242009
Neural Plate Border 1,ndrg2,4.429773,1.0704333,9.433243445741113e-06,0.000162297315575314,0.502906976744186,0.319634703196347
Neural Plate Border 1,abo,4.4281783,5.024748,9.503225985789157e-06,0.00016340517575917814,0.22965116279069767,0.0091324200913242
Neural Plate Border 1,slc9a8,4.4199414,1.1692178,9.872775152583492e-06,0.00016955998265873564,0.45058139534883723,0.2420091324200913
Neural Plate Border 1,pla2g7,4.4194098,2.5419939,9.897082494278891e-06,0.00016987763851454273,0.2819767441860465,0.0684931506849315
Neural Plate Border 1,pdia5,4.407187,1.4995201,1.0472187322058495e-05,0.00017932777247281305,0.37790697674418605,0.1643835616438356
Neural Plate Border 1,ggt1,4.405858,4.36357,1.0536587462574873e-05,0.00018011402813948894,0.23546511627906977,0.0182648401826484
Neural Plate Border 1,pof1b,4.395761,3.2287261,1.1038536467170139e-05,0.0001881442912372305,0.25290697674418605,0.0365296803652968
Neural Plate Border 1,st6galnac2,4.3811464,1.1345052,1.1805645876239784e-05,0.00020040118153795883,0.4796511627906977,0.2602739726027397
Neural Plate Border 1,acer3,4.3737063,2.9074116,1.221546341011619e-05,0.00020687729486738488,0.2616279069767442,0.045662100456621
Neural Plate Border 1,tbc1d22a,4.3625464,1.3576257,1.285573749733081e-05,0.00021721737733206757,0.4011627906976744,0.2100456621004566
Neural Plate Border 1,pcyt1a,4.360952,2.8500345,1.2949778456590336e-05,0.00021842756726173809,0.26453488372093026,0.0502283105022831
Neural Plate Border 1,spryd3,4.3537774,3.1690872,1.3381145029233148e-05,0.00022531350826584918,0.25290697674418605,0.0365296803652968
Neural Plate Border 1,pi4ka,4.3519177,1.4308425,1.3495198616230283e-05,0.0002271031380259225,0.38953488372093026,0.1780821917808219
Neural Plate Border 1,vps54,4.3357086,1.1708958,1.4529115454356713e-05,0.0002435209712421451,0.45058139534883723,0.2374429223744292
Neural Plate Border 1,tmco4,4.3351774,2.5047107,1.4564261448670076e-05,0.00024397015839889685,0.2761627906976744,0.0639269406392694
Neural Plate Border 1,fshr,4.3256116,2.6841176,1.521092437550622e-05,0.0002542198573015565,0.2761627906976744,0.0730593607305936
Neural Plate Border 1,wwp2,4.3237514,1.0938879,1.5339803396761898e-05,0.00025578881522575416,0.4622093023255814,0.2694063926940639
Neural Plate Border 1,hip1r,4.3237514,1.0671712,1.5339803396761898e-05,0.00025578881522575416,0.5058139534883721,0.3105022831050228
Neural Plate Border 1,ppp1r37,4.318969,2.6619973,1.5676004268785622e-05,0.0002610970260859673,0.26453488372093026,0.0502283105022831
Neural Plate Border 1,tesc,4.2931943,2.0501027,1.7612092684911697e-05,0.0002916821990213336,0.29941860465116277,0.0821917808219178
Neural Plate Border 1,LOC733712,4.286551,3.5656977,1.8146843631627646e-05,0.00029968948372661455,0.2441860465116279,0.0365296803652968
Neural Plate Border 1,selenom,4.286551,2.6950703,1.8146843631627646e-05,0.00029968948372661455,0.2616279069767442,0.0502283105022831
Neural Plate Border 1,or51ao2,4.279111,5.929843,1.8764122060950948e-05,0.00030935930736810893,0.22093023255813954,0.0091324200913242
Neural Plate Border 1,palm2,4.2722025,1.7984442,1.935517609726658e-05,0.0003183855669663475,0.32848837209302323,0.1232876712328767
Neural Plate Border 1,sgk2,4.2682166,2.526137,1.9704190674001334e-05,0.00032358044808524324,0.2761627906976744,0.0730593607305936
Neural Plate Border 1,syne2,4.2652936,1.022249,1.9963935107725728e-05,0.00032711086722753965,0.5087209302325582,0.3150684931506849
Neural Plate Border 1,XB22063322,4.2381907,1.7050066,2.2532843787121216e-05,0.0003663278958516909,0.32848837209302323,0.1232876712328767
Neural Plate Border 1,coq10b,4.228093,3.1958632,2.3568001797777434e-05,0.00038209443180855916,0.2441860465116279,0.0365296803652968
Neural Plate Border 1,flii,4.221716,2.2483008,2.4244932678930768e-05,0.00039241618335427754,0.27906976744186046,0.0730593607305936
Neural Plate Border 1,plk2,4.2055073,5.065786,2.6049709232886512e-05,0.00042069560805884287,0.2180232558139535,0.0091324200913242
Neural Plate Border 1,spire1,4.1988645,3.3048089,2.6825684038081086e-05,0.00043251051854227703,0.2441860465116279,0.0410958904109589
Neural Plate Border 1,syne4,4.1967387,5.333234,2.707860383978582e-05,0.00043610725555965805,0.21511627906976744,0.0045662100456621
Neural Plate Border 1,tbcd,4.1882358,2.3409667,2.811313960121437e-05,0.000451524826199504,0.27325581395348836,0.0639269406392694
Neural Plate Border 1,retsat,4.168307,3.142433,3.068704978577898e-05,0.0004896360001572628,0.24127906976744187,0.0365296803652968
Neural Plate Border 1,maff,4.157678,2.020221,3.214983764850778e-05,0.0005118583356773044,0.2936046511627907,0.091324200913242
Neural Plate Border 1,crybg3,4.1574125,1.717765,3.218724266966151e-05,0.0005121748995519192,0.3372093023255814,0.1506849315068493
Neural Plate Border 1,tmem87b,4.1494412,1.6965212,3.3328813108212105e-05,0.0005289003995473116,0.32558139534883723,0.1278538812785388
Neural Plate Border 1,gnpnat1,4.1478467,1.7209176,3.356169582859753e-05,0.0005323070704100567,0.32558139534883723,0.1232876712328767
Neural Plate Border 1,zfyve27,4.144127,2.108244,3.4111114409019916e-05,0.0005401419205254936,0.28488372093023256,0.0776255707762557
Neural Plate Border 1,rspo1,4.134561,5.1012187,3.5563399941420623e-05,0.0005616173655795063,0.21511627906976744,0.0091324200913242
Neural Plate Border 1,zw10,4.1329665,2.680269,3.581108469297234e-05,0.0005652234431210985,0.25290697674418605,0.0502283105022831
Neural Plate Border 1,sfmbt2,4.1255264,4.7459955,3.698876264367632e-05,0.0005831815106997316,0.2180232558139535,0.0136986301369863
Neural Plate Border 1,clcn5,4.1085205,2.943603,3.9820174451406386e-05,0.0006257975910693871,0.2441860465116279,0.0410958904109589
Neural Plate Border 1,LOC100495090,4.1079893,4.2612047,3.9911887550159816e-05,0.0006262288700905644,0.22093023255813954,0.0182648401826484
Neural Plate Border 1,LOC116408023,4.0992203,3.6919096,4.145440171762908e-05,0.0006500824123433559,0.2238372093023256,0.0182648401826484
Neural Plate Border 1,nt5c1a,4.096829,2.5707817,4.188480463154331e-05,0.0006564797448711219,0.2558139534883721,0.0547945205479452
Neural Plate Border 1,arc3,4.094172,1.595178,4.2368001751964416e-05,0.0006636972450223322,0.3313953488372093,0.136986301369863
Neural Plate Border 1,atp6v0a1,4.093906,2.7665882,4.2416611266356774e-05,0.0006641028194573513,0.25290697674418605,0.0547945205479452
Neural Plate Border 1,slco2b1,4.090186,1.1059965,4.310272443568643e-05,0.0006737624267270321,0.4331395348837209,0.273972602739726
Neural Plate Border 1,c3h5orf15,4.0819488,2.8591614,4.465962880198094e-05,0.0006969811049176213,0.2441860465116279,0.0410958904109589
Neural Plate Border 1,ophn1,4.076103,2.969244,4.579672736228543e-05,0.0007139648733477149,0.2441860465116279,0.045662100456621
Neural Plate Border 1,cysrt1,4.0755715,2.832549,4.5901450401848135e-05,0.0007148350009037948,0.2441860465116279,0.0410958904109589
Neural Plate Border 1,trpv6,4.073446,28.311256,4.632261784473029e-05,0.0007210098201380783,0.20348837209302326,0.0
Neural Plate Border 1,ccng2,4.0726485,1.0925838,4.648149833818311e-05,0.0007230977530193883,0.45058139534883723,0.2557077625570776
Neural Plate Border 1,sec13,4.06016,1.3966601,4.903909444726263e-05,0.0007604571723012912,0.3691860465116279,0.1689497716894977
Neural Plate Border 1,capn5,4.0521884,1.8368695,5.07407557156172e-05,0.0007855948253830542,0.3023255813953488,0.1141552511415525
Neural Plate Border 1,rab11fip4l,4.0484686,1.068511,5.155387888932843e-05,0.0007973393829703489,0.45348837209302323,0.273972602739726
Neural Plate Border 1,rmnd5a,4.0466084,1.0595527,5.1965056559653724e-05,0.0008028491375767642,0.4563953488372093,0.2557077625570776
Neural Plate Border 1,rab27b,4.0351825,4.1075726,5.455984949051062e-05,0.0008407163734618429,0.22093023255813954,0.0228310502283105
Neural Plate Border 1,edem3,4.0258827,2.5666318,5.6762030468075e-05,0.0008714343028425947,0.25290697674418605,0.0547945205479452
Neural Plate Border 1,dpagt1,4.0216312,2.184737,5.779654521436726e-05,0.0008863855263175075,0.2703488372093023,0.0730593607305936
Neural Plate Border 1,ap3m2,4.0173798,1.6583173,5.884890001086962e-05,0.0009011064411826767,0.3168604651162791,0.1187214611872146
Neural Plate Border 1,cap1,4.009408,1.293148,6.087115674231173e-05,0.0009306091959908548,0.3866279069767442,0.1917808219178082
Neural Plate Border 1,triqk,4.0080795,2.036659,6.121453158288981e-05,0.0009348808634793374,0.2819767441860465,0.0867579908675799
Neural Plate Border 1,LOC100494266,4.0043592,4.323977,6.218576401081008e-05,0.0009487223735908086,0.21511627906976744,0.0182648401826484
Neural Plate Border 1,inf2,4.0032964,2.9045584,6.246592732731984e-05,0.0009524994896739103,0.2441860465116279,0.0502283105022831
Neural Plate Border 1,esyt3,3.9990451,3.2115474,6.359857471933359e-05,0.0009682551758441876,0.22965116279069767,0.0319634703196347
Neural Plate Border 1,dad1,3.9905422,1.9010634,6.592244645530241e-05,0.0010010280687454257,0.28488372093023256,0.0867579908675799
Neural Plate Border 1,clasp1,3.989745,1.1296405,6.614438196272247e-05,0.0010038766506502287,0.41569767441860467,0.2374429223744292
Neural Plate Border 1,ptafr,3.987885,4.3246493,6.666498447334782e-05,0.0010112528080645719,0.21220930232558138,0.0136986301369863
Neural Plate Border 1,usp32,3.969019,1.6420923,7.216912863675818e-05,0.0010907837637958006,0.33430232558139533,0.1552511415525114
Neural Plate Border 1,slc2a9,3.9687533,3.9767587,7.224963757887333e-05,0.0010914362563659154,0.21511627906976744,0.0182648401826484
Neural Plate Border 1,rundc1,3.9480274,4.4939294,7.879780992202066e-05,0.0011824121056625183,0.20930232558139536,0.0136986301369863
Neural Plate Border 1,abo2,3.9466987,2.0875087,7.923615143286866e-05,0.0011883796524033779,0.2703488372093023,0.0730593607305936
Neural Plate Border 1,tmed1,3.9421816,1.4041257,8.07438181062892e-05,0.0012097501522629112,0.34593023255813954,0.1506849315068493
Neural Plate Border 1,fam219b,3.9405873,1.8599286,8.128237994281005e-05,0.0012171953115308815,0.29069767441860467,0.1004566210045662
Neural Plate Border 1,sdf4,3.93049,1.078908,8.477292227715221e-05,0.0012629955612046056,0.436046511627907,0.2602739726027397
Neural Plate Border 1,slc19a3.2,3.9195955,3.9682965,8.869767910336388e-05,0.0013147676764048832,0.21220930232558138,0.0182648401826484
Neural Plate Border 1,axl,3.9172041,3.5309672,8.958189042998201e-05,0.0013265289965343487,0.2180232558139535,0.0228310502283105
Neural Plate Border 1,LOC116409729,3.9129527,2.4540212,9.117441676184162e-05,0.0013473808778389244,0.27325581395348836,0.0958904109589041
Neural Plate Border 1,arhgef5,3.910561,1.6403664,9.208192593873155e-05,0.0013580458007644107,0.311046511627907,0.1187214611872146
Neural Plate Border 1,sgpl1,3.910561,1.3429239,9.208192593873155e-05,0.0013580458007644107,0.3633720930232558,0.1735159817351598
Neural Plate Border 1,rpn1,3.909764,1.1360538,9.238632015261192e-05,0.0013604758309224178,0.4127906976744186,0.228310502283105
Neural Plate Border 1,fut1,3.909764,3.9857812,9.238632015261192e-05,0.0013604758309224178,0.21511627906976744,0.0228310502283105
Neural Plate Border 1,alpl,3.909764,2.378123,9.238632015261192e-05,0.0013604758309224178,0.25290697674418605,0.0593607305936073
Neural Plate Border 1,prrt4,3.9092326,1.4767872,9.258977733422111e-05,0.0013627853883467359,0.3372093023255814,0.1643835616438356
Neural Plate Border 1,atp6v0a2,3.9065754,2.347854,9.361342653807241e-05,0.0013764658305505002,0.2558139534883721,0.0639269406392694
Neural Plate Border 1,camkk1,3.902324,4.8478727,9.52735255647326e-05,0.0013987646538336004,0.20348837209302326,0.0091324200913242
Neural Plate Border 1,mcfd2,3.8991354,2.2424178,9.653680147285705e-05,0.0014166000220146005,0.2616279069767442,0.0684931506849315
Neural Plate Border 1,naalad2,3.8943524,3.7165148,9.846140561522316e-05,0.0014419465669031004,0.21511627906976744,0.0228310502283105
Neural Plate Border 1,zfhx2,3.8906324,1.0326222,9.998330385088592e-05,0.0014627687461788018,0.45348837209302323,0.2831050228310502
Neural Plate Border 1,ntf4,3.890101,1.3505766,0.0001002025220752316,0.0014652425826818883,0.36046511627906974,0.1689497716894977
Neural Plate Border 1,bin3,3.8837237,1.7797227,0.00010286877856839804,0.0015019766565099117,0.29651162790697677,0.1095890410958904
Neural Plate Border 1,tll2l,3.8789408,4.3272495,0.00010491226319319746,0.001530284613473231,0.20930232558139536,0.0182648401826484
Neural Plate Border 1,ggt6,3.877878,4.270425,0.00010537154412425246,0.001535451448801607,0.2063953488372093,0.0136986301369863
Neural Plate Border 1,ugdh,3.8773465,1.729184,0.0001056018954761307,0.00153727540172449,0.311046511627907,0.1324200913242009
Neural Plate Border 1,MGC147188,3.874158,1.4376667,0.00010699401362503872,0.0015559910508823416,0.3430232558139535,0.1552511415525114
Neural Plate Border 1,gmppb,3.869375,2.9273152,0.00010911469790658289,0.0015852543412064237,0.22674418604651161,0.0319634703196347
Neural Plate Border 1,avl9,3.8491805,1.9676313,0.00011851365304783613,0.0017132901049660225,0.27906976744186046,0.091324200913242
Neural Plate Border 1,lrba,3.8343003,1.3950839,0.00012592220811696433,0.0018132177662398936,0.37209302325581395,0.2237442922374429
Neural Plate Border 1,arhgef37,3.8303146,4.6397634,0.0001279795412865371,0.0018401229568847839,0.2005813953488372,0.0091324200913242
Neural Plate Border 1,akap10,3.8247344,1.0324067,0.00013091308045046153,0.0018795286123022795,0.4331395348837209,0.2602739726027397
Neural Plate Border 1,thtpa,3.8231401,1.6068658,0.00013176280245465793,0.0018898716774053514,0.30523255813953487,0.1141552511415525
Neural Plate Border 1,igsf9,3.8231401,1.080183,0.00013176280245465793,0.0018898716774053514,0.42151162790697677,0.2420091324200913
Neural Plate Border 1,smoc1,3.8218117,3.1606367,0.0001324748713358741,0.0018991529985379777,0.2238372093023256,0.0365296803652968
Neural Plate Border 1,idh1,3.8188887,3.5806808,0.00013405420636936963,0.0019208522090112957,0.21220930232558138,0.0228310502283105
Neural Plate Border 1,rnf225,3.8106515,4.2311435,0.00013860104200411457,0.0019811477060255613,0.2005813953488372,0.0091324200913242
Neural Plate Border 1,btnl10.2,3.8087914,5.6894107,0.0001396476607396605,0.001994157680059119,0.19476744186046513,0.0045662100456621
Neural Plate Border 1,mfsd9,3.807197,2.4432292,0.00014055068309775057,0.002006072762514818,0.2441860465116279,0.0547945205479452
Neural Plate Border 1,tuft1,3.8024142,1.457253,0.000143292862079858,0.00204122497634324,0.3313953488372093,0.1461187214611872
Neural Plate Border 1,lman2,3.8016171,1.424727,0.00014375476179893137,0.002046807326909188,0.33430232558139533,0.1461187214611872
Neural Plate Border 1,syne3,3.7931142,2.3938158,0.0001487697194458322,0.0021120386931137067,0.24709302325581395,0.0639269406392694
Neural Plate Border 1,XB13580952,3.7854083,4.772728,0.00015345637847795593,0.0021732962205858186,0.19767441860465115,0.0091324200913242
Neural Plate Border 1,eipr1,3.7806253,3.8818684,0.0001564348716764227,0.002211193294958178,0.20348837209302326,0.0136986301369863
Neural Plate Border 1,kcnma1,3.7774367,1.7424843,0.00015845067062244183,0.0022353627186122572,0.29069767441860467,0.1050228310502283
Neural Plate Border 1,cndp1,3.7694652,1.313858,0.00016359763673617718,0.002303527225161462,0.3633720930232558,0.1689497716894977
Neural Plate Border 1,wdr1,3.7684023,2.5001915,0.00016429566561216736,0.002312241984356892,0.24127906976744187,0.0593607305936073
Neural Plate Border 1,ube2a,3.7598996,1.0901182,0.0001699816304017373,0.002381942971367777,0.4069767441860465,0.228310502283105
Neural Plate Border 1,LOC100493336,3.7580395,3.50107,0.0001712498674234179,0.002398564865670306,0.21220930232558138,0.0273972602739726
Neural Plate Border 1,prss27.3,3.7511308,3.6765826,0.0001760388083070163,0.0024621006725465996,0.2063953488372093,0.0182648401826484
Neural Plate Border 1,LOC733482,3.7431593,5.247795,0.00018172093371495197,0.0025342960941897716,0.19476744186046513,0.0091324200913242
Neural Plate Border 1,scn3b,3.7428937,5.424791,0.00018191327538809361,0.002535768694739802,0.19186046511627908,0.0045662100456621
Neural Plate Border 1,s100a10,3.7362506,1.6730468,0.00018678448059447338,0.002597477237039511,0.29941860465116277,0.1187214611872146
Neural Plate Border 1,mmel1,3.7309363,3.3147666,0.0001907694469222564,0.002650371531836728,0.21220930232558138,0.0273972602739726
Neural Plate Border 1,cyb5a,3.7144618,2.2732227,0.00020363659112874932,0.0028197542374630374,0.24127906976744187,0.0547945205479452
Neural Plate Border 1,tmem63a,3.712602,3.7029731,0.0002051394875334583,0.00283653375595578,0.20348837209302326,0.0182648401826484
Neural Plate Border 1,id2,3.6844358,1.6404177,0.00022920979427957638,0.003145554693233003,0.29651162790697677,0.1187214611872146
Neural Plate Border 1,LOC116406886,3.683373,1.8382692,0.0002301680513719565,0.0031572230453560113,0.2703488372093023,0.0867579908675799
Neural Plate Border 1,slc22a15.2,3.6777928,3.1091113,0.00023526088833901072,0.003218021070209463,0.21220930232558138,0.0273972602739726
Neural Plate Border 1,dgkz,3.6708841,1.2238855,0.00024171282983902805,0.003297017139068889,0.35755813953488375,0.182648401826484
Neural Plate Border 1,dgkk,3.6661012,28.215202,0.00024627640168229883,0.0033514457623721027,0.18313953488372092,0.0
Neural Plate Border 1,ltbp4,3.6661012,28.391443,0.00024627640168229883,0.0033514457623721027,0.18313953488372092,0.0
Neural Plate Border 1,LOC108647843,3.6661012,28.283304,0.00024627640168229883,0.0033514457623721027,0.18313953488372092,0.0
Neural Plate Border 1,calm2,3.6591926,1.2497804,0.0002530110886265339,0.00343191050192214,0.35755813953488375,0.1735159817351598
Neural Plate Border 1,srgap3,3.657864,1.5165393,0.00025432586354187246,0.0034481443957293475,0.311046511627907,0.1324200913242009
Neural Plate Border 1,b4galt1l,3.6546755,4.586557,0.0002575075110282652,0.003489662519641734,0.19186046511627908,0.0091324200913242
Neural Plate Border 1,pgm3,3.6493611,2.4739428,0.00026289333089702375,0.003559349215123159,0.23546511627906977,0.0593607305936073
Neural Plate Border 1,necap1,3.6490953,1.7849557,0.0002631653747906464,0.0035613829030117527,0.2761627906976744,0.1004566210045662
Neural Plate Border 1,macc1,3.6443124,3.605493,0.00026810752353221184,0.0036232320944845514,0.2005813953488372,0.0182648401826484
Neural Plate Border 1,tspear,3.6312923,5.557415,0.0002820055250465858,0.003795259439519682,0.18604651162790697,0.0045662100456621
Neural Plate Border 1,bak1,3.6233208,2.4667716,0.0002908447093580117,0.003905228157668369,0.22965116279069767,0.0502283105022831
Neural Plate Border 1,kctd5,3.6153493,3.164761,0.0002999429204913851,0.00402554247423493,0.20930232558139536,0.0319634703196347
Neural Plate Border 1,pld3,3.6134894,1.7325839,0.0003021038533794437,0.004048967326058926,0.2761627906976744,0.1004566210045662
Neural Plate Border 1,myzap,3.6113636,4.7158327,0.00030459134061851034,0.0040785659540172586,0.18895348837209303,0.0091324200913242
Neural Plate Border 1,sort1,3.605252,3.7172377,0.0003118501215130722,0.004168125698193238,0.19767441860465115,0.0182648401826484
Neural Plate Border 1,sh3glb1,3.6041892,1.4357963,0.00031312893300541634,0.004183305228830587,0.313953488372093,0.1324200913242009
Neural Plate Border 1,gin1,3.5956862,1.0273217,0.00032353758881916524,0.004312506729946658,0.40988372093023256,0.2420091324200913
Neural Plate Border 1,rcn1,3.593029,1.7769724,0.0003268561347978537,0.004348808227708722,0.27325581395348836,0.1004566210045662
Neural Plate Border 1,slc35a2,3.5871832,4.2529316,0.00033426939117712394,0.0044393587339838754,0.19186046511627908,0.0136986301369863
Neural Plate Border 1,tmprss4,3.5824003,5.6781096,0.0003404514936274355,0.004511213785232805,0.18313953488372092,0.0045662100456621
Neural Plate Border 1,tll1,3.5707088,1.4642814,0.00035601652786930113,0.004702539144214885,0.3226744186046512,0.1598173515981735
Neural Plate Border 1,tmem258,3.568583,2.2539704,0.0003589170746377779,0.004734433668202566,0.22965116279069767,0.0502283105022831
Neural Plate Border 1,pgap1,3.5619402,1.1158392,0.00036812434821636075,0.004842773547575356,0.3808139534883721,0.2191780821917808
Neural Plate Border 1,LOC116411451,3.5497172,28.186615,0.0003856452891626809,0.0050573339827341066,0.17732558139534885,0.0
Neural Plate Border 1,zfpl1,3.5345712,4.2385798,0.00040843730823945636,0.00533707239926131,0.18895348837209303,0.0136986301369863
Neural Plate Border 1,pdcd10,3.5258026,2.6319444,0.0004222015767929327,0.005514465724412072,0.2180232558139535,0.045662100456621
Neural Plate Border 1,gabbr1,3.5247397,1.6047633,0.0004238990963788043,0.005534164576261201,0.2819767441860465,0.1095890410958904
Neural Plate Border 1,eml3,3.5231454,3.4287276,0.00042645732901261065,0.0055625944597802865,0.2005813953488372,0.0273972602739726
Neural Plate Border 1,wipf3,3.5220826,3.521861,0.0004281708183538406,0.0055749938491319,0.19476744186046513,0.0182648401826484
Neural Plate Border 1,cltb,3.5194254,1.2905086,0.0004324827060775215,0.005626124602292849,0.3226744186046512,0.136986301369863
Neural Plate Border 1,gjd2l,3.5090623,1.2296221,0.00044968940805135857,0.005842164927444116,0.3430232558139535,0.1780821917808219
Neural Plate Border 1,btd,3.4994965,2.907195,0.0004661376097261019,0.0060451057985375705,0.2063953488372093,0.0319634703196347
Neural Plate Border 1,LOC100486901,3.4979022,2.8847632,0.0004689329487515894,0.006078660321489007,0.20930232558139536,0.0365296803652968
Neural Plate Border 1,dnaja4,3.4793022,2.1982636,0.000502721610102708,0.006482159411077308,0.23255813953488372,0.0593607305936073
Neural Plate Border 1,LOC100492897,3.4734564,6.098573,0.0005138010787902153,0.006616264023839993,0.17732558139534885,0.0045662100456621
Neural Plate Border 1,wdr20,3.4686735,1.3386966,0.0005230349496474383,0.006726280076174337,0.3168604651162791,0.1415525114155251
Neural Plate Border 1,arl4c,3.4649534,1.4202461,0.0005303235231310751,0.006805042539352264,0.3081395348837209,0.1506849315068493
Neural Plate Border 1,dctn2,3.463359,1.2951254,0.0005334760779838906,0.006842491985760029,0.31976744186046513,0.1506849315068493
Neural Plate Border 1,ago3,3.4601705,2.3082888,0.00053983364254236,0.006914933043451237,0.23255813953488372,0.0684931506849315
Neural Plate Border 1,scamp1,3.457779,1.413828,0.0005446480635981312,0.006970493672082738,0.30523255813953487,0.136986301369863
Neural Plate Border 1,reep5,3.4495418,4.9076705,0.0005615389595343942,0.007174101978212359,0.18023255813953487,0.0091324200913242
Neural Plate Border 1,cyp2k1.7,3.4458218,2.2820969,0.0005693259199905899,0.007260892655866026,0.2238372093023256,0.0502283105022831
Neural Plate Border 1,LOC100495973,3.4431646,3.2896655,0.0005749494720332222,0.007316651291686164,0.19767441860465115,0.0273972602739726
Neural Plate Border 1,c1galt1,3.4405074,2.0985556,0.000580624710471027,0.007382444937702737,0.23837209302325582,0.0730593607305936
Neural Plate Border 1,hkdc1,3.4373188,3.6746037,0.0005875038348034644,0.007463417903146488,0.19186046511627908,0.0228310502283105
Neural Plate Border 1,XB5727854,3.4219072,4.289985,0.0006218355185474493,0.007872184513928319,0.18313953488372092,0.0136986301369863
Neural Plate Border 1,arfgef3,3.4187186,1.0523496,0.0006291677715169309,0.007951233518898143,0.38953488372093026,0.228310502283105
Neural Plate Border 1,ppp3r1,3.4187186,1.9422967,0.0006291677715169309,0.007951233518898143,0.2441860465116279,0.0776255707762557
Neural Plate Border 1,dse,3.4160614,1.4017555,0.0006353393387279356,0.00801536651288575,0.3023255813953488,0.136986301369863
Neural Plate Border 1,slc30a8,3.41181,4.143972,0.0006453310925092082,0.008130893605662355,0.18313953488372092,0.0136986301369863
Neural Plate Border 1,rnf144b,3.4104812,2.352993,0.0006484833636002844,0.008163573299483166,0.2180232558139535,0.045662100456621
Neural Plate Border 1,pcdh20,3.4091527,4.156844,0.0006516499504133988,0.008196376807458718,0.18313953488372092,0.0136986301369863
Neural Plate Border 1,abhd17a,3.4059641,1.9477707,0.0006593085228100984,0.008282014366249242,0.2441860465116279,0.0776255707762557
Neural Plate Border 1,vangl1,3.3979926,3.8115683,0.000678822649489396,0.008512511740551067,0.18604651162790697,0.0182648401826484
Neural Plate Border 1,slc25a22l,3.3971953,1.046369,0.0006808033124972727,0.008533688519557367,0.39825581395348836,0.273972602739726
Neural Plate Border 1,trappc12,3.370358,3.6528478,0.0007507059427030195,0.009345777432347515,0.18604651162790697,0.0182648401826484
Neural Plate Border 1,liph,3.3687637,3.0359137,0.0007550614106261812,0.009395998337170669,0.19767441860465115,0.0319634703196347
Neural Plate Border 1,adcy9,3.3607922,1.9867823,0.0007771928914286695,0.009642667830794328,0.24709302325581395,0.0867579908675799
Neural Plate Border 1,stambpl1,3.3576035,3.4027855,0.0007862129196734976,0.009750441177333903,0.18895348837209303,0.0228310502283105
Neural Plate Border 1,LOC105945774,3.3538835,5.7390437,0.000796859060883478,0.009869909834188536,0.17151162790697674,0.0045662100456621
Neural Plate Border 1,slc12a8,3.3501635,2.4915495,0.000807638861520944,0.009986502352419083,0.20930232558139536,0.0410958904109589
Neural Plate Border 1,rhog2,3.3472404,2.061467,0.0008162034652485135,0.010083872989298096,0.22965116279069767,0.0639269406392694
Neural Plate Border 1,fkbp14,3.3432548,1.0025313,0.0008280183179070512,0.010216886218126218,0.37790697674418605,0.2054794520547945
Neural Plate Border 1,slc25a23,3.3371434,1.64613,0.0008464429170892465,0.010426621537899607,0.25872093023255816,0.091324200913242
Neural Plate Border 1,il17re,3.3363461,5.0947704,0.0008488739625212062,0.010447762020403107,0.1744186046511628,0.0091324200913242
Neural Plate Border 1,mid1ip1,3.333689,3.8748124,0.0008570242932435543,0.010530339266835786,0.18023255813953487,0.0136986301369863
Neural Plate Border 1,MGC147226,3.3331575,3.673153,0.0008586630428146819,0.010541612517646353,0.18604651162790697,0.0228310502283105
Neural Plate Border 1,XB5812047,3.3320947,2.164557,0.0008619492627829706,0.010568640478359486,0.22674418604651161,0.0639269406392694
Neural Plate Border 1,rnf128,3.3278432,3.2270794,0.0008752111099006364,0.010704307930337031,0.19186046511627908,0.0273972602739726
Neural Plate Border 1,misp3,3.3278432,4.690988,0.0008752111099006364,0.010704307930337031,0.1744186046511628,0.0091324200913242
Neural Plate Border 1,LOC100498004,3.3219974,3.7420828,0.0008937551927890826,0.01091284797009928,0.18023255813953487,0.0136986301369863
Neural Plate Border 1,larp6,3.320403,1.7911892,0.0008988755102485851,0.010957060066754124,0.25,0.0867579908675799
Neural Plate Border 1,sytl4,3.3198717,1.8912162,0.0009005883157055367,0.010973362674609646,0.2441860465116279,0.0867579908675799
Neural Plate Border 1,wdfy1,3.3193402,1.2982548,0.0009023041457230625,0.010989688534846182,0.3081395348837209,0.1415525114155251
Neural Plate Border 1,twsg1,3.3134944,2.0563881,0.0009213792904962198,0.011203343610854826,0.23255813953488372,0.0730593607305936
Neural Plate Border 1,agpat4,3.309243,3.050598,0.0009354860815740402,0.011365417144842382,0.19476744186046513,0.0319634703196347
Neural Plate Border 1,txndc11,3.30074,2.9495459,0.0009643018531482357,0.011700916342621867,0.19476744186046513,0.0319634703196347
Neural Plate Border 1,LOC101732938,3.2986143,5.8685,0.0009716331338054924,0.011780094622259787,0.1686046511627907,0.0045662100456621
Neural Plate Border 1,stpg1,3.2980828,4.1720505,0.0009734740016815544,0.011797520125685537,0.17732558139534885,0.0136986301369863
Neural Plate Border 1,gata3,3.2927685,1.30638,0.0009920611455196842,0.012012816629944445,0.311046511627907,0.1598173515981735
Neural Plate Border 1,pip4k2c,3.2906427,1.6026291,0.0009995875833778984,0.012088930347422156,0.26744186046511625,0.1050228310502283
Neural Plate Border 1,morc1,3.2906427,5.549164,0.0009995875833778984,0.012088930347422156,0.1686046511627907,0.0045662100456621
Neural Plate Border 1,slc30a6,3.2746997,1.8784598,0.0010577433071221822,0.012750059633191138,0.23837209302325582,0.0776255707762557
Neural Plate Border 1,rnf123,3.2656653,1.0661404,0.0010920722239585248,0.013127497075008342,0.3546511627906977,0.2054794520547945
Neural Plate Border 1,tmem208,3.2653997,1.2983803,0.0010930973240932675,0.013127497075008342,0.29941860465116277,0.1461187214611872
Neural Plate Border 1,arfgef1,3.256631,1.3051264,0.0011274290382821987,0.013478886796739038,0.30523255813953487,0.1506849315068493
Neural Plate Border 1,terf2,3.2542396,1.066967,0.001136963750706529,0.013570676764762169,0.35174418604651164,0.1917808219178082
Neural Plate Border 1,s100a11,3.2505195,2.0963604,0.0011519437838376752,0.013727056153835746,0.2238372093023256,0.0639269406392694
Neural Plate Border 1,erbb4,3.2497222,3.0434709,0.0011551774325849697,0.013759980249344437,0.19186046511627908,0.0319634703196347
Neural Plate Border 1,gatd3ala,3.2454708,4.2917075,0.001172565699321171,0.013961412609717781,0.1744186046511628,0.0136986301369863
Neural Plate Border 1,map7d2,3.2436109,1.3192314,0.001180248855578169,0.014047171945197662,0.311046511627907,0.1735159817351598
Neural Plate Border 1,dock5,3.2409537,1.7596732,0.0011913055089502794,0.0141557119236283,0.24709302325581395,0.091324200913242
Neural Plate Border 1,frrs1,3.2343106,4.0352464,0.0012193671540506055,0.0144715068128515,0.1744186046511628,0.0136986301369863
Neural Plate Border 1,pmm1,3.2337792,4.020052,0.0012216382562842876,0.014492576245716725,0.1744186046511628,0.0136986301369863
Neural Plate Border 1,dym,3.2332478,3.4218328,0.0012239132648582435,0.014513674906722644,0.18023255813953487,0.0182648401826484
Neural Plate Border 1,sgpp2,3.231122,5.581378,0.0012330524841876916,0.014610197472756551,0.16569767441860464,0.0045662100456621
Neural Plate Border 1,slc37a4,3.229262,2.926961,0.0012411009583437264,0.014693650106660782,0.18895348837209303,0.0273972602739726
Neural Plate Border 1,traf4,3.2279334,1.0520288,0.0012468795399768963,0.014750115675056519,0.36627906976744184,0.2191780821917808
Neural Plate Border 1,riok3,3.2149134,1.7976909,0.0013048389882481218,0.015404583386704704,0.24127906976744187,0.0821917808219178
Neural Plate Border 1,rilpl1,3.213319,2.3513172,0.0013121044400879191,0.015484103709410564,0.2063953488372093,0.045662100456621
Neural Plate Border 1,serinc2,3.2130532,1.8853965,0.0013133189720527527,0.015492181949989513,0.22674418604651161,0.0639269406392694
Neural Plate Border 1,errfi1,3.2029562,2.7139134,0.0013602472318856344,0.01600699953109862,0.19767441860465115,0.0410958904109589
Neural Plate Border 1,cdhr4,3.192859,4.3993883,0.0014087179974214454,0.01654408830157745,0.17151162790697674,0.0136986301369863
Neural Plate Border 1,tspyl2,3.1801045,1.1412451,0.0014722200390439011,0.01721378558451691,0.3313953488372093,0.1780821917808219
Neural Plate Border 1,tmem79,3.1705387,2.36131,0.001521566291810588,0.01775525120795022,0.20348837209302326,0.045662100456621
Neural Plate Border 1,tmem30b,3.1657557,2.8178718,0.0015468066396773503,0.018028191740194828,0.18895348837209303,0.0319634703196347
Neural Plate Border 1,XB5957062,3.1646929,4.0634704,0.0015524677163999757,0.018072554288366266,0.1686046511627907,0.0091324200913242
Neural Plate Border 1,cdx4,3.1591127,1.0039667,0.0015825026483237883,0.018414862624662683,0.375,0.2100456621004566
Neural Plate Border 1,arhgef18,3.1545956,1.3016444,0.0016072074712554414,0.018665189349331666,0.2936046511627907,0.1415525114155251
Neural Plate Border 1,slc25a17,3.1389182,1.3250996,0.0016957276657436505,0.01960752191350975,0.2877906976744186,0.1278538812785388
Neural Plate Border 1,tmem184a,3.135198,2.9728308,0.001717380511566806,0.019842193570596564,0.18313953488372092,0.0273972602739726
Neural Plate Border 1,rab5if,3.123241,1.075821,0.001788712790185852,0.02057688452181135,0.3372093023255814,0.182648401826484
Neural Plate Border 1,arfgap3,3.123241,2.8656511,0.001788712790185852,0.02057688452181135,0.18604651162790697,0.0319634703196347
Neural Plate Border 1,surf4,3.123241,5.9719505,0.001788712790185852,0.02057688452181135,0.15988372093023256,0.0045662100456621
Neural Plate Border 1,smim14,3.1208494,1.9633482,0.001803302043283372,0.020736554692059893,0.2238372093023256,0.0730593607305936
Neural Plate Border 1,kdf1,3.1205838,2.000805,0.0018049298044554153,0.020747110937489675,0.21511627906976744,0.0593607305936073
Neural Plate Border 1,fam72a,3.119521,1.4157335,0.0018114543620761116,0.020805745563004643,0.2703488372093023,0.1141552511415525
Neural Plate Border 1,nampt,3.1150036,1.3462582,0.001839426257981809,0.021110431467242348,0.2877906976744186,0.136986301369863
Neural Plate Border 1,chuk,3.1131437,1.9861407,0.0018510590217248883,0.02122726805180079,0.21511627906976744,0.0593607305936073
Neural Plate Border 1,dusp1,3.1120808,1.796708,0.0018577366236126817,0.021278800644522845,0.23255813953488372,0.0776255707762557
Neural Plate Border 1,ern2,3.1065006,2.706964,0.0018931585407470036,0.021650593624638365,0.19476744186046513,0.045662100456621
Neural Plate Border 1,neurl1b,3.1038435,3.755608,0.001910243221641456,0.02181184359835992,0.17151162790697674,0.0182648401826484
Neural Plate Border 1,aadacl4,3.1009207,5.1680937,0.0019291998291339355,0.022002512760598544,0.15988372093023256,0.0045662100456621
Neural Plate Border 1,efhd1,3.0966692,2.088927,0.001957081563392374,0.022285723092918767,0.21220930232558138,0.0593607305936073
Neural Plate Border 1,slc35a5,3.0929492,2.2264836,0.0019817810379432377,0.02255819373836401,0.20348837209302326,0.0502283105022831
Neural Plate Border 1,tmed5,3.0849776,1.538822,0.002035674769806336,0.023090729218552195,0.2558139534883721,0.1095890410958904
Neural Plate Border 1,slc25a16,3.0841804,27.719904,0.0020411374532116546,0.023143711751291648,0.15406976744186046,0.0
Neural Plate Border 1,gpr160,3.0775375,4.2993174,0.0020871855716781424,0.023574390048579513,0.16279069767441862,0.0091324200913242
Neural Plate Border 1,sds,3.0708945,2.1735344,0.002134184777334597,0.024058756354133286,0.2063953488372093,0.0547945205479452
Neural Plate Border 1,spata1,3.0669088,1.6131932,0.002162848102481917,0.02430688692181811,0.24709302325581395,0.0958904109589041
Neural Plate Border 1,hid1,3.0669088,4.1567764,0.002162848102481917,0.02430688692181811,0.16279069767441862,0.0091324200913242
Neural Plate Border 1,rhobtb1,3.057343,1.0467321,0.0022330857753971017,0.025028884317727255,0.3430232558139535,0.2146118721461187
Neural Plate Border 1,aqp3,3.0557487,5.477905,0.0022449932412023322,0.0251527012010676,0.1569767441860465,0.0045662100456621
Neural Plate Border 1,igf2r,3.0504344,2.2633307,0.0022851062074741696,0.025543380325306866,0.20930232558139536,0.0639269406392694
Neural Plate Border 1,LOC105948358,3.0483086,5.2195277,0.0023013344222145102,0.025705122848969184,0.1569767441860465,0.0045662100456621
Neural Plate Border 1,bspry,3.0398057,4.958294,0.002367308398886454,0.026371490780430617,0.1569767441860465,0.0045662100456621
Neural Plate Border 1,ganab,3.032897,2.7539604,0.0024221823995417995,0.026931462046788264,0.18604651162790697,0.0365296803652968
Neural Plate Border 1,micu1,3.0204084,1.2014319,0.0025243412520808803,0.027929227532012192,0.30523255813953487,0.1643835616438356
Neural Plate Border 1,LOC100491286,3.0127025,2.5663142,0.00258932609952897,0.02861572446704398,0.18604651162790697,0.0365296803652968
Neural Plate Border 1,gtpbp1,3.007388,1.5210803,0.0026350306023116958,0.029076851467034044,0.2441860465116279,0.0958904109589041
Neural Plate Border 1,cmpk1,3.0026052,1.2240298,0.0026767939176705344,0.02944876289327339,0.29069767441860467,0.1415525114155251
Neural Plate Border 1,tspo,3.0004795,1.5552919,0.002695548839901484,0.02963278982292602,0.24709302325581395,0.1050228310502283
Neural Plate Border 1,il20ra,2.9978223,1.7055085,0.002719161330338664,0.029847467084915313,0.23837209302325582,0.0958904109589041
Neural Plate Border 1,creb3,2.995165,1.0783957,0.0027429626625674747,0.03008613192852152,0.31976744186046513,0.1689497716894977
Neural Plate Border 1,KIAA1191,2.9933052,1.0677811,0.002759736673710699,0.030247417588765445,0.3168604651162791,0.1643835616438356
Neural Plate Border 1,aktip,2.9871936,1.2121282,0.0028155131588804803,0.03081252907047373,0.27906976744186046,0.1232876712328767
Neural Plate Border 1,micall2,2.9866621,1.3701804,0.0028204116124738877,0.03085458527104199,0.27325581395348836,0.1324200913242009
Neural Plate Border 1,creb3l4,2.9850678,5.1000423,0.002835153703605076,0.03100425660683875,0.15406976744186046,0.0045662100456621
Neural Plate Border 1,ncmap,2.984005,2.1882565,0.002845020816203365,0.03110052486104733,0.19767441860465115,0.0502283105022831
Neural Plate Border 1,scnn1a,2.9808164,3.1438348,0.0028748105732834856,0.031367520667282406,0.17151162790697674,0.0228310502283105
Neural Plate Border 1,gabarap,2.9712505,1.312925,0.002965896439907139,0.03222904045908014,0.27325581395348836,0.1278538812785388
Neural Plate Border 1,LOC116412215,2.966999,1.2648004,0.00300721801953725,0.032629543403523885,0.27325581395348836,0.1232876712328767
Neural Plate Border 1,nomo3,2.966999,1.2890887,0.00300721801953725,0.032629543403523885,0.2761627906976744,0.1324200913242009
Neural Plate Border 1,nprl3,2.9579647,1.3446797,0.0030967753393293857,0.033415223308946945,0.27325581395348836,0.1324200913242009
Neural Plate Border 1,vamp8,2.9537132,1.496908,0.003139755728484643,0.03384151906317648,0.2441860465116279,0.0958904109589041
Neural Plate Border 1,hes5.10,2.9531817,4.1847067,0.0031451663424078386,0.0338873414503957,0.1569767441860465,0.0091324200913242
Neural Plate Border 1,entpd7,2.9505246,1.1076382,0.003172347121647676,0.03411732108641767,0.313953488372093,0.1643835616438356
Neural Plate Border 1,dock6,2.9483988,2.2897797,0.003194245707750651,0.03427323328674656,0.19476744186046513,0.0502283105022831
Neural Plate Border 1,LOC100496393,2.9478674,5.997571,0.0031997418370747275,0.03427323328674656,0.1511627906976744,0.0045662100456621
Neural Plate Border 1,irak2,2.9478674,5.820474,0.0031997418370747275,0.03427323328674656,0.1511627906976744,0.0045662100456621
Neural Plate Border 1,LOC100498095,2.9478674,5.942737,0.0031997418370747275,0.03427323328674656,0.1511627906976744,0.0045662100456621
Neural Plate Border 1,amelx,2.9398959,1.5259051,0.003283224532973502,0.035115966455670854,0.23837209302325582,0.0958904109589041
Neural Plate Border 1,prag1,2.938036,1.0495217,0.0033029871536282103,0.035314417515620415,0.32848837209302323,0.1917808219178082
Neural Plate Border 1,znf850,2.9377701,1.8379968,0.0033058192133150846,0.035331773829767175,0.21220930232558138,0.0684931506849315
Neural Plate Border 1,spcs3,2.9234216,1.3131696,0.00346207504230146,0.036867000204558825,0.26744186046511625,0.1278538812785388
Neural Plate Border 1,ces2.2,2.9096043,27.76353,0.0036188672389104214,0.03832721313789512,0.14534883720930233,0.0
Neural Plate Border 1,sh3bgrl2,2.908807,4.3704844,0.003628106993425444,0.03841115375763099,0.15406976744186046,0.0091324200913242
Neural Plate Border 1,map3k2,2.9074786,1.6275996,0.0036435542718218617,0.038560729514708486,0.23255813953488372,0.091324200913242
Neural Plate Border 1,atp6v0b,2.9053528,1.4430894,0.00366839435630747,0.03875346419559944,0.25,0.1095890410958904
Neural Plate Border 1,cog4,2.9011014,1.233929,0.0037185370274965255,0.039198180977551726,0.26453488372093026,0.1141552511415525
Neural Plate Border 1,srprb,2.8984442,1.0861692,0.0037501917720352148,0.03947492102569728,0.30523255813953487,0.1689497716894977
Neural Plate Border 1,lpcat3,2.8931298,1.2171978,0.003814237132414324,0.04012017474544912,0.2819767441860465,0.1415525114155251
Neural Plate Border 1,npdc1,2.8923326,3.947679,0.003823929194760664,0.04019319463935597,0.15406976744186046,0.0091324200913242
Neural Plate Border 1,XB5947713,2.8894098,6.1892166,0.0038596585081209457,0.04051047678667266,0.14825581395348839,0.0045662100456621
Neural Plate Border 1,ttc39al,2.8894098,5.9415803,0.0038596585081209457,0.04051047678667266,0.14825581395348839,0.0045662100456621
Neural Plate Border 1,LOC105945488,2.8867526,5.521791,0.003892402599978853,0.0408248368855335,0.14825581395348839,0.0045662100456621
Neural Plate Border 1,yrdcl,2.8793125,5.422807,0.003985432855657647,0.041666018527799956,0.14825581395348839,0.0045662100456621
Neural Plate Border 1,kcnj15,2.8793125,2.0529006,0.003985432855657647,0.041666018527799956,0.2005813953488372,0.0593607305936073
Neural Plate Border 1,nsf,2.8747952,3.8813128,0.004042895878772187,0.04220638908299636,0.15988372093023256,0.0182648401826484
Neural Plate Border 1,slc35c1,2.8702781,1.7353415,0.004101109982046116,0.042707355142568584,0.2180232558139535,0.0776255707762557
Neural Plate Border 1,grin1,2.8697467,5.198066,0.004108008477963885,0.04276395862512904,0.1511627906976744,0.0091324200913242
Neural Plate Border 1,LOC116411777,2.8564608,2.539079,0.004283929670003297,0.04450019480592267,0.18023255813953487,0.0410958904109589
Neural Plate Border 1,nexn,2.8511465,2.1616545,0.0043561906857027,0.04513853595667338,0.19186046511627908,0.0502283105022831
Neural Plate Border 1,sprtn,2.842112,2.877912,0.004481574215713774,0.046322806187952384,0.16569767441860464,0.0228310502283105
Neural Plate Border 1,edem1,2.8386576,2.5934901,0.0045303728018671816,0.04677757943178367,0.17732558139534885,0.0365296803652968
Neural Plate Border 1,gchfr,2.830952,3.2184622,0.004640970100534714,0.04785192134346745,0.16279069767441862,0.0228310502283105
Neural Plate Border 1,nipal1,2.8192604,3.8633409,0.00481344619698327,0.04949062461625676,0.15406976744186046,0.0136986301369863
Neural Plate Border 1,pacsin1,2.817666,1.2321571,0.00483740975807156,0.04970204732449553,0.26744186046511625,0.1232876712328767
Neural Plate Border 1,atad3a,-2.8168688,-1.8145462,0.004849431971481477,0.049808062529295524,0.07267441860465117,0.2100456621004566
Neural Plate Border 1,nudt21,-2.8229804,-1.1184661,0.004757948426298337,0.04893722394409805,0.16279069767441862,0.2968036529680365
Neural Plate Border 1,skida1,-2.8248403,-2.530677,0.004730417285466924,0.04867118186254264,0.03197674418604651,0.1735159817351598
Neural Plate Border 1,hdac10,-2.8251061,-1.452317,0.004726496058478892,0.04864795995964665,0.09883720930232558,0.2374429223744292
Neural Plate Border 1,prpsap2,-2.8267004,-1.0390543,0.004703030421064877,0.04844055047151072,0.17732558139534885,0.3059360730593607
Neural Plate Border 1,ier5l,-2.8274975,-1.2028503,0.004691337195620949,0.048337144013111025,0.13662790697674418,0.273972602739726
Neural Plate Border 1,LOC100495047,-2.8399863,-1.9145113,0.00451154743441163,0.046599661856991645,0.06686046511627906,0.2054794520547945
Neural Plate Border 1,rpp30,-2.8453007,-1.5506903,0.00443695260160433,0.04587780739211043,0.09593023255813954,0.2328767123287671
Neural Plate Border 1,ppp1ca,-2.8479578,-1.2628239,0.004400075906553293,0.045528714628127194,0.13662790697674418,0.2694063926940639
Neural Plate Border 1,apex1,-2.8484893,-1.0091871,0.004392733987937111,0.045484947644842254,0.19476744186046513,0.3242009132420091
Neural Plate Border 1,limd2,-2.851678,-1.2594103,0.004348915180527811,0.0451111212356311,0.12790697674418605,0.2648401826484018
Neural Plate Border 1,myo5a,-2.859118,-2.316447,0.004248208311555456,0.04417622808789667,0.040697674418604654,0.182648401826484
Neural Plate Border 1,dip2a,-2.8623066,-1.2371615,0.004205699388777367,0.04376532532337174,0.14244186046511628,0.2785388127853881
Neural Plate Border 1,smarca1,-2.8755925,-1.8344309,0.0040327010127243264,0.04211499939369231,0.06976744186046512,0.2100456621004566
Neural Plate Border 1,c6h18orf21,-2.880641,-1.1429693,0.0039686736617373765,0.04153537408028831,0.17732558139534885,0.3013698630136986
Neural Plate Border 1,dnajc6,-2.8878155,-1.1738557,0.003879274802595244,0.04070175224503287,0.16279069767441862,0.2968036529680365
Neural Plate Border 1,XB5949052,-2.891004,-1.02257,0.0038401323701640457,0.04033449849524442,0.2238372093023256,0.3424657534246575
Neural Plate Border 1,hoxb3,-2.9021642,-1.0097734,0.0037059432843640425,0.03909362257136244,0.20348837209302326,0.3378995433789954
Neural Plate Border 1,crcp,-2.9040241,-1.1628937,0.0036839975018888296,0.03890423806998279,0.15406976744186046,0.2922374429223744
Neural Plate Border 1,nvl,-2.9058843,-1.9025053,0.003662169940950751,0.03872969954556129,0.061046511627906974,0.2054794520547945
Neural Plate Border 1,rims2,-2.9159815,-1.1724471,0.0035457161468439593,0.037634287831661506,0.14534883720930233,0.2876712328767123
Neural Plate Border 1,neurl1,-2.9234216,-3.8246162,0.00346207504230146,0.036867000204558825,0.014534883720930232,0.1598173515981735
Neural Plate Border 1,rab30,-2.935113,-2.4486454,0.0033342617012298873,0.035622735302869454,0.0436046511627907,0.1872146118721461
Neural Plate Border 1,riox1,-2.9457417,-1.2450538,0.003221812643733948,0.03448436667483964,0.14534883720930233,0.2831050228310502
Neural Plate Border 1,tango6,-2.9483988,-1.4479516,0.003194245707750651,0.03427323328674656,0.11046511627906977,0.2511415525114155
Neural Plate Border 1,polr2k,-2.9494617,-1.0721222,0.0031832792522900302,0.034184583329790554,0.1686046511627907,0.3105022831050228
Neural Plate Border 1,stxbp6,-2.9507904,-1.7232227,0.0031696194410876528,0.034100532161366645,0.09011627906976744,0.228310502283105
Neural Plate Border 1,tuba1b,-2.9563704,-2.1037915,0.003112829719429021,0.033563675960394584,0.061046511627906974,0.2054794520547945
Neural Plate Border 1,pfkfb1,-2.957699,-1.3963515,0.003099445815512132,0.03343169765064027,0.10755813953488372,0.2557077625570776
Neural Plate Border 1,XB5937757,-2.958762,-1.9431766,0.003088776493676069,0.03335353737962511,0.07848837209302326,0.2191780821917808
Neural Plate Border 1,dus3l,-2.9611533,-1.124439,0.0030648928616844205,0.0331201047097587,0.16569767441860464,0.3059360730593607
Neural Plate Border 1,rfc1,-2.9648733,-1.1191056,0.0030280751434368287,0.03278283871029702,0.15988372093023256,0.3059360730593607
Neural Plate Border 1,slc38a3,-2.9648733,-1.0622522,0.0030280751434368287,0.03278283871029702,0.17151162790697674,0.3150684931506849
Neural Plate Border 1,ankrd46,-2.9733763,-2.0670795,0.00294543052481238,0.032018549524280654,0.061046511627906974,0.2054794520547945
Neural Plate Border 1,fam13a,-2.9749706,-1.1362884,0.002930165750946045,0.03186446245011304,0.15406976744186046,0.2968036529680365
Neural Plate Border 1,drg2,-2.980285,-1.147204,0.002879803126811649,0.03139855471832574,0.15406976744186046,0.2968036529680365
Neural Plate Border 1,LOC100497845,-2.9805508,-3.1309412,0.002877305861542209,0.0313830327010225,0.02616279069767442,0.1735159817351598
Neural Plate Border 1,c6h1orf35,-2.983208,-1.4453636,0.002852441715506409,0.031135072362198597,0.11337209302325581,0.2557077625570776
Neural Plate Border 1,LOC116406487,-2.9834735,-1.269292,0.002849966121089702,0.03111967115635901,0.13662790697674418,0.2785388127853881
Neural Plate Border 1,cd99l2,-2.9938366,-1.6699959,0.0027549345630644676,0.030206111107628452,0.07848837209302326,0.228310502283105
Neural Plate Border 1,LOC100490952,-3.0026052,-1.3147155,0.0026767939176705344,0.02944876289327339,0.13953488372093023,0.2785388127853881
Neural Plate Border 1,nkrf,-3.003668,-1.1639599,0.0026674612463888367,0.029368195741315287,0.14825581395348839,0.2968036529680365
Neural Plate Border 1,hprt1,-3.0041995,-1.316002,0.002662806071185712,0.029327989550425603,0.125,0.2694063926940639
Neural Plate Border 1,LOC100488577,-3.0052624,-1.7844622,0.002653517988910542,0.029247731649262466,0.0755813953488372,0.2237442922374429
Neural Plate Border 1,tsr2,-3.007388,-1.5939332,0.0026350306023116958,0.029076851467034044,0.10465116279069768,0.2465753424657534
Neural Plate Border 1,XB5931222,-3.0127025,-1.2167442,0.00258932609952897,0.02861572446704398,0.1511627906976744,0.2922374429223744
Neural Plate Border 1,elmo1,-3.0238626,-1.4378603,0.002495697265721056,0.02764370093758704,0.11918604651162791,0.2602739726027397
Neural Plate Border 1,sdk2,-3.0265198,-1.3207473,0.002473866111211081,0.027422669812973498,0.1308139534883721,0.2785388127853881
Neural Plate Border 1,ilkap,-3.0302398,-1.1071769,0.002443595982504429,0.027138584409037603,0.17151162790697674,0.3150684931506849
Neural Plate Border 1,nova1,-3.0392742,-1.7100935,0.0023714887165407206,0.026397938565575707,0.10465116279069768,0.2465753424657534
Neural Plate Border 1,tcf4,-3.0429943,-1.1386961,0.002342367854522653,0.0261235233710613,0.1686046511627907,0.3105022831050228
Neural Plate Border 1,mcm2,-3.0440571,-1.4211503,0.002334107959382044,0.026041339603319284,0.12209302325581395,0.2694063926940639
Neural Plate Border 1,pdgfra,-3.0514972,-1.8350815,0.0022770314718307673,0.025472601206691602,0.08139534883720931,0.228310502283105
Neural Plate Border 1,ifrd1,-3.0615945,-1.0033581,0.0022016149157008517,0.024695090407080428,0.2180232558139535,0.3515981735159817
Neural Plate Border 1,trmt11,-3.0669088,-1.3072705,0.002162848102481917,0.02430688692181811,0.13372093023255813,0.2831050228310502
Neural Plate Border 1,KIAA1958,-3.0711603,-1.3073434,0.0021322863292656796,0.024046628738721095,0.14244186046511628,0.2876712328767123
Neural Plate Border 1,mark4,-3.0812576,-1.0494424,0.0020612825630809996,0.02332688757314003,0.2005813953488372,0.3424657534246575
Neural Plate Border 1,p2ry4,-3.081789,-2.4190104,0.0020576063030803273,0.02330332810745488,0.0436046511627907,0.1963470319634703
Neural Plate Border 1,XB6038542,-3.0833833,-2.2167487,0.0020466135834750036,0.023187814596340246,0.05232558139534884,0.2054794520547945
Neural Plate Border 1,sfrp1,-3.086572,-2.102598,0.0020247896253991313,0.022985097297103692,0.06686046511627906,0.2146118721461187
Neural Plate Border 1,dgat2,-3.0871034,-1.349332,0.002021173129653885,0.02295295716896376,0.14534883720930233,0.2876712328767123
Neural Plate Border 1,XB5768883,-3.0926833,-1.623272,0.0019835561886346114,0.02256961111326521,0.11337209302325581,0.2557077625570776
Neural Plate Border 1,naa50,-3.0966692,-1.1776901,0.001957081563392374,0.022285723092918767,0.16279069767441862,0.3105022831050228
Neural Plate Border 1,cenpp,-3.0974662,-1.0494721,0.0019518257239473796,0.022251878992474983,0.19476744186046513,0.3378995433789954
Neural Plate Border 1,c3h15orf39,-3.102515,-1.2510185,0.0019188385545247002,0.021901432950922107,0.14534883720930233,0.2922374429223744
Neural Plate Border 1,clps,-3.1041093,-2.179478,0.0019085284038627879,0.021800779122045,0.05232558139534884,0.2054794520547945
Neural Plate Border 1,polr1f,-3.1126122,-2.1672635,0.0018543950612312002,0.02124885222847872,0.05813953488372093,0.2100456621004566
Neural Plate Border 1,cenpn,-3.1131437,-1.0264846,0.0018510590217248883,0.02122726805180079,0.21220930232558138,0.3515981735159817
Neural Plate Border 1,grwd1,-3.1237724,-1.5755016,0.0017854855026088407,0.020564037323388108,0.10465116279069768,0.2557077625570776
Neural Plate Border 1,usp45,-3.131744,-1.3855112,0.0017377141173734113,0.02005334439989822,0.12790697674418605,0.2785388127853881
Neural Plate Border 1,exosc9,-3.139184,-1.6361718,0.00169419068378557,0.019597502128110802,0.09302325581395349,0.2465753424657534
Neural Plate Border 1,surf2,-3.1402469,-1.7305425,0.0016880555615198228,0.019534264496748194,0.09011627906976744,0.2420091324200913
Neural Plate Border 1,bbs7,-3.1407783,-1.2795961,0.0016849956702996369,0.0195065775994173,0.1511627906976744,0.2968036529680365
Neural Plate Border 1,frem1,-3.1511412,-3.1027868,0.0016263383905600545,0.018864879958119425,0.02616279069767442,0.182648401826484
Neural Plate Border 1,septin12,-3.1530013,-1.0167769,0.0016160112393205537,0.018759977973224425,0.2180232558139535,0.3607305936073059
Neural Plate Border 1,mmp16,-3.1548612,-1.8268623,0.001605744475924422,0.018655610801171216,0.07267441860465117,0.228310502283105
Neural Plate Border 1,entpd3,-3.172133,-2.0647216,0.0015132375132358151,0.01766511411717097,0.06395348837209303,0.2191780821917808
Neural Plate Border 1,chst13,-3.1840901,-1.2394136,0.0014520977876734298,0.01701253323907095,0.15988372093023256,0.3105022831050228
Neural Plate Border 1,nkain1,-3.1907332,-2.4674628,0.0014191231808478727,0.01665959425677276,0.04941860465116279,0.2054794520547945
Neural Plate Border 1,wdr5,-3.197376,-1.0885406,0.0013868401403544773,0.016293699414269183,0.2005813953488372,0.3378995433789954
Neural Plate Border 1,tomm22,-3.2127876,-1.3558975,0.001314534541383762,0.01550026590527985,0.14244186046511628,0.2922374429223744
Neural Plate Border 1,ndufab1,-3.2271364,-1.2471937,0.0012503586036735441,0.014785288165041006,0.15406976744186046,0.3105022831050228
Neural Plate Border 1,tshz3,-3.2417507,-1.1938796,0.0011879785058303274,0.01412191935905909,0.19186046511627908,0.3424657534246575
Neural Plate Border 1,rtcb,-3.251848,-1.1802036,0.0011465729552325781,0.013674204020564459,0.18313953488372092,0.3333333333333333
Neural Plate Border 1,mospd1,-3.2590225,-1.2213436,0.0011179682945914918,0.013393168532460612,0.17151162790697674,0.319634703196347
Neural Plate Border 1,urb2,-3.259288,-1.71039,0.0011169216441937642,0.013386115859544044,0.09593023255813954,0.2511415525114155
Neural Plate Border 1,tars3,-3.271511,-2.8635862,0.0010697437393966396,0.012873478487568205,0.03488372093023256,0.1963470319634703
Neural Plate Border 1,rassf2,-3.2723083,-3.5025325,0.0010667318804416107,0.012842520427178223,0.020348837209302327,0.182648401826484
Neural Plate Border 1,tktl2,-3.274434,-1.7900985,0.0010587385658022675,0.012756795967422128,0.08430232558139535,0.2465753424657534
Neural Plate Border 1,gpr161,-3.276294,-1.0331273,0.001051789909643643,0.012683527577885037,0.2238372093023256,0.3698630136986301
Neural Plate Border 1,kif13a,-3.30074,-1.4330947,0.0009643018531482357,0.011700916342621867,0.12209302325581395,0.2831050228310502
Neural Plate Border 1,lrch2,-3.312166,-1.5832485,0.0009257663460512383,0.011252006678346672,0.11918604651162791,0.273972602739726
Neural Plate Border 1,mllt1,-3.3172145,-1.1549633,0.0009091978086114311,0.01105982569434904,0.18023255813953487,0.3333333333333333
Neural Plate Border 1,xpc,-3.3182774,-1.0736945,0.0009057448988686033,0.011022410132734448,0.20348837209302326,0.3561643835616438
Neural Plate Border 1,espl1,-3.320403,-1.087769,0.0008988755102485851,0.010957060066754124,0.20348837209302326,0.3470319634703196
Neural Plate Border 1,olig3,-3.3283746,-3.245405,0.0008735430948350163,0.010692855194774857,0.03488372093023256,0.1963470319634703
Neural Plate Border 1,rexo4,-3.3305004,-1.5371345,0.0008669004651988495,0.01062489203279982,0.125,0.2785388127853881
Neural Plate Border 1,ripor1,-3.332892,-1.2074708,0.0008594835068249249,0.010547255410579085,0.17732558139534885,0.3287671232876712
Neural Plate Border 1,gprc5b,-3.3331575,-1.005616,0.0008586630428146819,0.010541612517646353,0.23255813953488372,0.3881278538812785
Neural Plate Border 1,trmt61a,-3.3339548,-2.2701728,0.0008562060065126987,0.010524708905118878,0.055232558139534885,0.2191780821917808
Neural Plate Border 1,ptdss2,-3.3344862,-1.3375288,0.0008545716062385722,0.010509037703811402,0.14244186046511628,0.3013698630136986
Neural Plate Border 1,lpp,-3.3392692,-1.2159818,0.0008399916617289691,0.010355882017713832,0.17151162790697674,0.3287671232876712
Neural Plate Border 1,trit1,-3.3437862,-1.1047591,0.0008264338889106368,0.010205952263095406,0.20930232558139536,0.3561643835616438
Neural Plate Border 1,kcnk9,-3.3512263,-2.4023948,0.0008045451910134697,0.009952458941394302,0.04941860465116279,0.2146118721461187
Neural Plate Border 1,npr3,-3.3530862,-3.250689,0.0007991577144224905,0.00989418854311047,0.02616279069767442,0.1917808219178082
Neural Plate Border 1,itpr1,-3.3546805,-1.4647855,0.0007945665447114533,0.009845686591123564,0.14244186046511628,0.2922374429223744
Neural Plate Border 1,chst12,-3.3615892,-2.2223313,0.0007749529436385619,0.00961895944607168,0.06686046511627906,0.228310502283105
Neural Plate Border 1,XB5732857,-3.3623865,-1.3688662,0.0007727189901945969,0.009603464626861506,0.13372093023255813,0.2968036529680365
Neural Plate Border 1,mcmbp,-3.3783295,-1.7297285,0.0007292764397086032,0.00909448788785076,0.09593023255813954,0.2602739726027397
Neural Plate Border 1,uhrf2,-3.3921468,-1.1183115,0.0006934727899556827,0.008681328960682895,0.20348837209302326,0.3561643835616438
Neural Plate Border 1,msn,-3.3950696,-1.5313809,0.0006861113751891408,0.00859285415944892,0.11918604651162791,0.2831050228310502
Neural Plate Border 1,LOC116410673,-3.3969297,-2.0745254,0.0006814647264135255,0.008538317795882454,0.05813953488372093,0.228310502283105
Neural Plate Border 1,rcc1,-3.41181,-1.1490538,0.0006453310925092082,0.008130893605662355,0.19186046511627908,0.3515981735159817
Neural Plate Border 1,plekha1,-3.4134042,-1.7072418,0.0006415671806422517,0.00809044445960037,0.09302325581395349,0.2602739726027397
Neural Plate Border 1,nol11,-3.4187186,-1.2054502,0.0006291677715169309,0.007951233518898143,0.1686046511627907,0.3333333333333333
Neural Plate Border 1,pkp2,-3.420313,-1.0271434,0.0006254916493335198,0.00791504173232386,0.22674418604651161,0.3789954337899543
Neural Plate Border 1,znhit3,-3.4261587,-1.1791418,0.0006121828170718241,0.007756703912365189,0.17732558139534885,0.3424657534246575
Neural Plate Border 1,celsr3,-3.4309416,-1.657435,0.0006014902823332618,0.007627836200817169,0.11046511627906977,0.273972602739726
Neural Plate Border 1,sav1,-3.4442275,-1.009875,0.0005726938730783393,0.007291121343185077,0.23837209302325582,0.3926940639269406
Neural Plate Border 1,rasa3,-3.4490104,-1.1557324,0.0005626452764207936,0.007185095707757194,0.19476744186046513,0.3515981735159817
Neural Plate Border 1,atg16l2,-3.4500732,-1.1187686,0.0005604346688965133,0.007163124532800167,0.20348837209302326,0.3607305936073059
Neural Plate Border 1,LOC100485124,-3.4665477,-1.50047,0.0005271883355654204,0.006770756694601408,0.12790697674418605,0.2922374429223744
Neural Plate Border 1,prr5l,-3.469205,-1.4706933,0.0005220013787720774,0.006715942915002902,0.1308139534883721,0.2968036529680365
Neural Plate Border 1,nip7,-3.4824908,-1.7039139,0.0004967725504297032,0.006408278209007349,0.11046511627906977,0.273972602739726
Neural Plate Border 1,bend4,-3.4835534,-2.9263275,0.0004948041623759409,0.006391347976319544,0.040697674418604654,0.2100456621004566
Neural Plate Border 1,polr2f,-3.489665,-1.3280562,0.00048362634769701963,0.006255257420146718,0.15406976744186046,0.319634703196347
Neural Plate Border 1,serpina1,-3.4899306,-1.8754221,0.00048314573958424257,0.006251807487289506,0.0872093023255814,0.2557077625570776
Neural Plate Border 1,mettl1,-3.490462,-2.1902835,0.0004821858594139107,0.006242150069321534,0.061046511627906974,0.2328767123287671
Neural Plate Border 1,zbtb47,-3.4949794,-1.4209293,0.0004740983955619856,0.006142894592496632,0.14825581395348839,0.3105022831050228
Neural Plate Border 1,coq8a,-3.5138452,-1.2760919,0.000441669956439957,0.005740531123475494,0.17151162790697674,0.3333333333333333
Neural Plate Border 1,rif1,-3.5223482,-1.1745473,0.00042774184439893254,0.0055718903091021375,0.2005813953488372,0.3607305936073059
Neural Plate Border 1,dlc1,-3.5369627,-1.1064396,0.00040475682226848695,0.005293712157373665,0.2180232558139535,0.3744292237442922
Neural Plate Border 1,cox20,-3.5436056,-1.8679979,0.00039469515818179695,0.0051667416788231555,0.09011627906976744,0.2602739726027397
Neural Plate Border 1,polr2c,-3.5499828,-1.0040625,0.00038525625025125255,0.0050544997536330185,0.24127906976744187,0.3972602739726027
Neural Plate Border 1,fmnl2,-3.5537028,-1.2471768,0.00037984807538585816,0.004988022952203064,0.18604651162790697,0.3470319634703196
Neural Plate Border 1,mertk,-3.5675201,-1.3617831,0.0003603756209301567,0.004751528992065589,0.15988372093023256,0.3242009132420091
Neural Plate Border 1,wasf3,-3.5701773,-2.2389195,0.00035673960235342854,0.004707835357288068,0.06395348837209303,0.2374429223744292
Neural Plate Border 1,pappa,-3.5736318,-1.6585418,0.00035206405718585124,0.004656644550045075,0.11918604651162791,0.2831050228310502
Neural Plate Border 1,ccdc137,-3.5749602,-1.0943186,0.00035028108019515014,0.004637258267746573,0.20930232558139536,0.3789954337899543
Neural Plate Border 1,notum,-3.5866518,-1.425219,0.0003349510677915658,0.004444373428331938,0.16279069767441862,0.3242009132420091
Neural Plate Border 1,nup210,-3.5898404,-1.0585499,0.00033088043671924093,0.004398347451450719,0.2180232558139535,0.3972602739726027
Neural Plate Border 1,zeb1,-3.593029,-1.1488601,0.0003268561347978537,0.004348808227708722,0.20348837209302326,0.3744292237442922
Neural Plate Border 1,trmt6,-3.6031263,-1.5170753,0.000314412652739727,0.0041985364331818,0.13662790697674418,0.3059360730593607
Neural Plate Border 1,clybl,-3.613755,-1.9555504,0.00030179425857171827,0.004046673381793531,0.0872093023255814,0.2602739726027397
Neural Plate Border 1,rplp2,-3.6273065,-1.7213889,0.0002863931695184615,0.0038525350843047167,0.10755813953488372,0.2831050228310502
Neural Plate Border 1,smc6,-3.6328866,-1.3977472,0.00028026816757014636,0.0037753542885912202,0.1511627906976744,0.319634703196347
Neural Plate Border 1,c1h12orf43,-3.634215,-1.7770762,0.00027882803647242947,0.0037576866455166368,0.10174418604651163,0.273972602739726
Neural Plate Border 1,lpar4,-3.6358094,-1.1686686,0.00027710903290884844,0.003737966839390193,0.2005813953488372,0.3744292237442922
Neural Plate Border 1,fut8,-3.6435153,-1.5289552,0.00026893962562694933,0.0036327976879396285,0.13662790697674418,0.3059360730593607
Neural Plate Border 1,rps11,-3.6485639,-1.1310472,0.0002637102545423212,0.003567105252441736,0.2180232558139535,0.3744292237442922
Neural Plate Border 1,znf280d,-3.6594584,-1.0522914,0.0002527488997214476,0.0034299457231929597,0.24127906976744187,0.4063926940639269
Neural Plate Border 1,nol7,-3.6653042,-1.1547297,0.00024704480995609766,0.003358775274337996,0.20348837209302326,0.3744292237442922
Neural Plate Border 1,kri1,-3.6658356,-1.1330091,0.0002465322883241566,0.0033533668310858173,0.20930232558139536,0.3744292237442922
Neural Plate Border 1,ttc33,-3.6679614,-1.4192609,0.0002444921588182389,0.0033318183190750306,0.1511627906976744,0.319634703196347
Neural Plate Border 1,nav1,-3.6716814,-1.1102278,0.0002409599913014277,0.0032882826824145815,0.2180232558139535,0.3972602739726027
Neural Plate Border 1,kidins220,-3.6780586,-1.0313071,0.00023501599370543143,0.0032176826754114593,0.2441860465116279,0.4063926940639269
Neural Plate Border 1,zc3h12c,-3.6815128,-2.5673976,0.00023185405428824388,0.0031773679610406272,0.061046511627906974,0.2374429223744292
Neural Plate Border 1,pak1ip1,-3.6862957,-1.5390956,0.00022754184825353243,0.003125599514238255,0.13662790697674418,0.3105022831050228
Neural Plate Border 1,znf282,-3.6873586,-1.2828904,0.000226593858031843,0.0031140409328297147,0.17732558139534885,0.3470319634703196
Neural Plate Border 1,obi1,-3.6934702,-1.804581,0.0002212144623002451,0.003042974092940454,0.10174418604651163,0.2785388127853881
Neural Plate Border 1,urb1,-3.6940017,-1.6888323,0.0002207523990892891,0.0030394787460098966,0.11337209302325581,0.2876712328767123
Neural Plate Border 1,dph1,-3.6977217,-1.910606,0.0002175432380393691,0.0029967042371012243,0.09593023255813954,0.2694063926940639
Neural Plate Border 1,znf484,-3.7025046,-1.0347574,0.0002134815166681249,0.002946306994204891,0.25290697674418605,0.4246575342465753
Neural Plate Border 1,rps16,-3.7131333,-1.3493634,0.00020470902880380732,0.002831921259329906,0.1511627906976744,0.3333333333333333
Neural Plate Border 1,eif4ebp2,-3.7141962,-1.3758557,0.0002038506555364014,0.0028213818712048058,0.1569767441860465,0.3333333333333333
Neural Plate Border 1,nup43,-3.723762,-1.0870897,0.00019627600781083683,0.002721700182314313,0.23546511627906977,0.4063926940639269
Neural Plate Border 1,e2f7,-3.7250905,-1.0459518,0.00019524513588676796,0.002708690349836789,0.25872093023255816,0.4200913242009132
Neural Plate Border 1,nfx1,-3.7266848,-1.0415034,0.00019401480538405185,0.002692899703789753,0.26453488372093026,0.4200913242009132
Neural Plate Border 1,pcdh18,-3.7436907,-2.0144014,0.00018133682382864602,0.0025301463949093804,0.08430232558139535,0.2648401826484018
Neural Plate Border 1,evc2,-3.7505994,-1.8274809,0.0001764123574615833,0.002464966358011253,0.10174418604651163,0.2831050228310502
Neural Plate Border 1,rps3a,-3.7625566,-1.1735207,0.00016818518104772193,0.0023601637192539413,0.21511627906976744,0.3789954337899543
Neural Plate Border 1,efna1,-3.763088,-1.4144351,0.00016782804100593676,0.002356283125189499,0.1569767441860465,0.3333333333333333
Neural Plate Border 1,LOC116407528,-3.774514,-1.1328965,0.00016031993773002045,0.0022606425951694296,0.2180232558139535,0.3926940639269406
Neural Plate Border 1,rnf13,-3.7779682,-1.2027974,0.00015811301522456812,0.0022316762665520766,0.19767441860465115,0.3698630136986301
Neural Plate Border 1,st3gal4,-3.7784996,-1.010809,0.00015777603707181175,0.002227995816254169,0.27906976744186046,0.4474885844748858
Neural Plate Border 1,ddx20,-3.7822196,-1.4541358,0.00015543604701185527,0.0021981379246267738,0.14534883720930233,0.3287671232876712
Neural Plate Border 1,pou2f2,-3.783814,-1.7646884,0.0001544432271429068,0.002185154875418349,0.11918604651162791,0.2968036529680365
Neural Plate Border 1,dcaf4,-3.7851427,-1.3785815,0.0001536204400089046,0.002174566141356073,0.16569767441860464,0.3378995433789954
Neural Plate Border 1,fmr1,-3.7928483,-1.1676259,0.00014892905992267802,0.0021132744420387386,0.21511627906976744,0.3881278538812785
Neural Plate Border 1,dnm1,-3.796037,-4.377485,0.00014702753532895858,0.0020893348980071894,0.011627906976744186,0.2009132420091324
Neural Plate Border 1,plcg1,-3.8008199,-1.062838,0.0001442180634124788,0.0020514054557713712,0.25290697674418605,0.4246575342465753
Neural Plate Border 1,myh6,-3.8008199,-1.014473,0.0001442180634124788,0.0020514054557713712,0.27325581395348836,0.4474885844748858
Neural Plate Border 1,supv3l1,-3.803477,-2.138612,0.00014267916968795026,0.002034465760560231,0.0755813953488372,0.2602739726027397
Neural Plate Border 1,rpf2,-3.8114486,-1.0240427,0.00013815475684495648,0.001976701760810045,0.26744186046511625,0.4292237442922374
Neural Plate Border 1,utp15,-3.8141057,-1.5219344,0.00013667689628520276,0.0019565143757653094,0.1308139534883721,0.3150684931506849
Neural Plate Border 1,cux2,-3.8183572,-1.4897891,0.00013434325740720353,0.0019240508364869995,0.14534883720930233,0.3287671232876712
Neural Plate Border 1,cntfr,-3.8324404,-1.8724935,0.0001268783868948383,0.0018260867195091176,0.09593023255813954,0.2831050228310502
Neural Plate Border 1,gtf2f2,-3.8428032,-1.1127648,0.0001216369585391536,0.001755837004966913,0.23837209302325582,0.410958904109589
Neural Plate Border 1,schip1,-3.8513062,-1.5882062,0.00011748946653068111,0.0017001656416625443,0.13662790697674418,0.3150684931506849
Neural Plate Border 1,sycp1,-3.8555577,-1.7013509,0.00011546608190717064,0.0016725416453064938,0.17732558139534885,0.3333333333333333
Neural Plate Border 1,rrm2.2,-3.860872,-1.3777555,0.00011298305320343684,0.0016398250388230697,0.16569767441860464,0.3515981735159817
Neural Plate Border 1,gpam,-3.8616693,-1.3751153,0.00011261497184930688,0.0016352947054779382,0.17732558139534885,0.3470319634703196
Neural Plate Border 1,eef1b2,-3.8773465,-1.0594193,0.0001056018954761307,0.00153727540172449,0.25872093023255816,0.4337899543378995
Neural Plate Border 1,lbhd1,-3.8847866,-2.3047671,0.00010241980112011039,0.0014961685190114677,0.0755813953488372,0.2602739726027397
Neural Plate Border 1,col4a5,-3.8895695,-2.0932786,0.0001004221939656526,0.0014677205759049956,0.09302325581395349,0.2785388127853881
Neural Plate Border 1,LOC105946815,-3.8911638,-1.6297089,9.976453841748905e-05,0.001460299059830557,0.1308139534883721,0.3150684931506849
Neural Plate Border 1,btf3l4,-3.9118898,-1.050825,9.157670625166181e-05,0.0013519589396173365,0.26744186046511625,0.4429223744292237
Neural Plate Border 1,trim36,-3.9140155,-1.140253,9.077379690199771e-05,0.001342139027436669,0.23255813953488372,0.4018264840182648
Neural Plate Border 1,ncapg,-3.9156098,-1.5679427,9.017598350239379e-05,0.001333974784290725,0.1511627906976744,0.3287671232876712
Neural Plate Border 1,tmem19,-3.9185326,-1.039884,8.90896391620721e-05,0.001319908384362154,0.26453488372093026,0.4383561643835616
Neural Plate Border 1,s1pr3,-3.9203928,-3.9856622,8.840477877573184e-05,0.0013110908616912316,0.023255813953488372,0.2146118721461187
Neural Plate Border 1,cdca7,-3.9286299,-1.1935362,8.543117452625833e-05,0.0012721541836867333,0.2180232558139535,0.4018264840182648
Neural Plate Border 1,nmd3,-3.9358044,-1.2951878,8.291851054473551e-05,0.0012372593066529677,0.19186046511627908,0.3698630136986301
Neural Plate Border 1,adgrv1,-3.9368672,-3.5607667,8.255225833401662e-05,0.001232423423575914,0.03197674418604651,0.2237442922374429
Neural Plate Border 1,senp1,-3.9387271,-1.3872404,8.191499333064875e-05,0.001224160107386602,0.17732558139534885,0.3561643835616438
Neural Plate Border 1,snca,-3.938993,-4.031985,8.182433594016633e-05,0.0012240568904130001,0.020348837209302327,0.2146118721461187
Neural Plate Border 1,lrp4,-3.9395244,-1.0664917,8.164330557943857e-05,0.0012219741246249714,0.27325581395348836,0.4337899543378995
Neural Plate Border 1,abcc1,-3.9581246,-1.5231683,7.554055416413443e-05,0.0011364518470261523,0.14825581395348839,0.3333333333333333
Neural Plate Border 1,eif3k,-3.9581246,-1.0193961,7.554055416413443e-05,0.0011364518470261523,0.27325581395348836,0.4474885844748858
Neural Plate Border 1,nhp2,-3.965299,-1.144401,7.330401461364107e-05,0.0011062207801607342,0.23546511627906977,0.4018264840182648
Neural Plate Border 1,ppan,-3.9655647,-1.0878668,7.322239479440225e-05,0.0011055598255346963,0.25,0.4246575342465753
Neural Plate Border 1,neil1,-3.9698162,-1.5910139,7.192811065304102e-05,0.0010877033639415635,0.13953488372093023,0.3242009132420091
Neural Plate Border 1,arl13b,-3.970879,-1.2505062,7.160793751808158e-05,0.0010834221643845976,0.20930232558139536,0.3881278538812785
Neural Plate Border 1,chek1,-3.9931993,-1.0023365,6.518774038235595e-05,0.000990901112385152,0.29069767441860467,0.4703196347031963
Neural Plate Border 1,ddx55,-3.9969194,-1.3789979,6.417216217067937e-05,0.0009759711094750931,0.18023255813953487,0.3607305936073059
Neural Plate Border 1,ppp2r3a,-4.000108,-2.1611266,6.331360416762234e-05,0.0009644189491525632,0.08139534883720931,0.273972602739726
Neural Plate Border 1,gcsh,-4.0277424,-1.2642083,5.6314967401594585e-05,0.0008654799222481659,0.2063953488372093,0.3881278538812785
Neural Plate Border 1,ptprm,-4.0346513,-1.5466768,5.468347625265805e-05,0.0008417339096058175,0.16279069767441862,0.3470319634703196
Neural Plate Border 1,usp28,-4.034917,-1.6619844,5.4621629735068e-05,0.0008412248992548855,0.11918604651162791,0.319634703196347
Neural Plate Border 1,mapkap1,-4.0399656,-1.1881511,5.3459062085823954e-05,0.0008246236642906173,0.23837209302325582,0.410958904109589
Neural Plate Border 1,cbx1,-4.068663,-1.0391248,4.728368214249541e-05,0.0007344045232238487,0.27325581395348836,0.4383561643835616
Neural Plate Border 1,nasp,-4.070789,-1.1308194,4.685423140025211e-05,0.0007281212323555393,0.2616279069767442,0.4383561643835616
Neural Plate Border 1,pwp2,-4.072383,-2.019145,4.6534573235208425e-05,0.0007235383565097753,0.09302325581395349,0.2876712328767123
Neural Plate Border 1,pwp1,-4.075837,-1.946045,4.5849060527772384e-05,0.000714399727232044,0.09011627906976744,0.2922374429223744
Neural Plate Border 1,fat3,-4.0819488,-2.3550704,4.465962880198094e-05,0.0006969811049176213,0.07267441860465117,0.2694063926940639
Neural Plate Border 1,nup188,-4.0851374,-1.0999987,4.4050732613235864e-05,0.0006882132362466582,0.2616279069767442,0.4429223744292237
Neural Plate Border 1,surf6,-4.108255,-1.403734,3.986600597149471e-05,0.0006261812039509736,0.17732558139534885,0.365296803652968
Neural Plate Border 1,LOC100496939,-4.109052,-1.220252,3.9728661381476234e-05,0.0006246952667250844,0.21511627906976744,0.4063926940639269
Neural Plate Border 1,gart,-4.1125064,-1.2492403,3.9138673854973825e-05,0.0006164130255682865,0.2063953488372093,0.3926940639269406
Neural Plate Border 1,ptpn1,-4.129778,-1.34551,3.6311376684325664e-05,0.0005728104974956953,0.20930232558139536,0.3881278538812785
Neural Plate Border 1,wdr46,-4.137218,-1.2071853,3.5154203280708255e-05,0.000555455414107234,0.22674418604651161,0.4063926940639269
Neural Plate Border 1,nup155,-4.1398754,-1.3178864,3.474948040443033e-05,0.0005493575239058426,0.20930232558139536,0.3881278538812785
Neural Plate Border 1,ppat,-4.1414695,-1.4593785,3.450877490499427e-05,0.0005458474021904154,0.16279069767441862,0.3561643835616438
Neural Plate Border 1,impdh2,-4.141735,-1.6633301,3.446881159594254e-05,0.0005455104665733603,0.13662790697674418,0.3287671232876712
Neural Plate Border 1,uba52,-4.1507697,-1.5814055,3.3135917564627706e-05,0.0005264108730063219,0.15406976744186046,0.3378995433789954
Neural Plate Border 1,LOC100495928,-4.154224,-1.09179,3.2639340099705435e-05,0.000519086262488841,0.2819767441860465,0.4611872146118721
Neural Plate Border 1,epha7,-4.1619296,-1.4592493,3.155694512865783e-05,0.0005026926774146034,0.2005813953488372,0.3744292237442922
Neural Plate Border 1,pias1,-4.181593,-1.0441506,2.8947403020289168e-05,0.0004631426040974673,0.2819767441860465,0.4657534246575342
Neural Plate Border 1,fbxo10,-4.1845155,-1.9019816,2.857746833683053e-05,0.0004574742480579919,0.10174418604651163,0.3059360730593607
Neural Plate Border 1,pdgfa,-4.1967387,-1.5572122,2.707860383978582e-05,0.00043610725555965805,0.15988372093023256,0.3515981735159817
Neural Plate Border 1,gtpbp4,-4.211087,-1.1419202,2.541443460458819e-05,0.0004108901205346888,0.25290697674418605,0.4337899543378995
Neural Plate Border 1,wnt11,-4.219059,-2.7396545,2.453241211722685e-05,0.00039684944028702717,0.055232558139534885,0.2602739726027397
Neural Plate Border 1,LOC100487200,-4.2238417,-1.8177271,2.401725970325641e-05,0.0003891621498813127,0.12209302325581395,0.319634703196347
Neural Plate Border 1,tpbg,-4.232079,-1.4315885,2.3154093908266887e-05,0.000375800843438395,0.17732558139534885,0.3744292237442922
Neural Plate Border 1,ptprn2,-4.2334075,-1.0029206,2.3017668550870124e-05,0.0003737941496724914,0.33430232558139533,0.5068493150684932
Neural Plate Border 1,sgip1,-4.2381907,-2.5937417,2.2532843787121216e-05,0.0003663278958516909,0.05813953488372093,0.2648401826484018
Neural Plate Border 1,trap1,-4.2477565,-1.5863978,2.159219629463482e-05,0.00035201421633489704,0.1569767441860465,0.3470319634703196
Neural Plate Border 1,klhl32,-4.249882,-1.358875,2.1388300536986423e-05,0.0003492745324003632,0.20930232558139536,0.3881278538812785
Neural Plate Border 1,pold1,-4.253071,-1.5967085,2.1085890261042287e-05,0.0003445285959868793,0.15406976744186046,0.3515981735159817
Neural Plate Border 1,afap1,-4.256525,-1.8271815,2.0762874230543184e-05,0.00033963042900560036,0.11918604651162791,0.319634703196347
Neural Plate Border 1,c5,-4.2647624,-1.1989468,2.0011510329425178e-05,0.00032770669940584166,0.23837209302325582,0.4292237442922374
Neural Plate Border 1,dchs1,-4.267951,-1.7618968,1.9727670162689068e-05,0.00032378412494416854,0.11918604651162791,0.3242009132420091
Neural Plate Border 1,mms19,-4.2759223,-1.0450783,1.9034747569073757e-05,0.0003134674401079408,0.29651162790697677,0.4703196347031963
Neural Plate Border 1,pde3b,-4.2817683,-1.0122279,1.854140432647778e-05,0.0003060326312068165,0.3081395348837209,0.4931506849315068
Neural Plate Border 1,ism1,-4.2902713,-1.4393498,1.7845506704695234e-05,0.0002952133596406035,0.17732558139534885,0.3789954337899543
Neural Plate Border 1,troap,-4.293991,-1.275267,1.754894093113069e-05,0.0002908010727652388,0.21511627906976744,0.4063926940639269
Neural Plate Border 1,tbc1d4,-4.2977114,-1.0486866,1.725707480697875e-05,0.00028628919051237,0.29941860465116277,0.4885844748858447
Neural Plate Border 1,ptdss1,-4.303557,-1.9199784,1.6807754021720408e-05,0.00027899344566093654,0.11046511627906977,0.3150684931506849
Neural Plate Border 1,dennd2b,-4.3152485,-2.6945364,1.5942338181678185e-05,0.0002653818265311133,0.05232558139534884,0.2648401826484018
Neural Plate Border 1,xrcc1,-4.3195,-1.3183832,1.5638304595823328e-05,0.0002606176064085015,0.21220930232558138,0.3972602739726027
Neural Plate Border 1,hip1,-4.3237514,-2.0050638,1.5339803396761898e-05,0.00025578881522575416,0.10465116279069768,0.3105022831050228
Neural Plate Border 1,vbp1,-4.3322544,-1.3343518,1.4759018207003524e-05,0.0002469495484882198,0.20348837209302326,0.4018264840182648
Neural Plate Border 1,prex1,-4.3426175,-1.2626121,1.4079514551867069e-05,0.00023652775279633695,0.23546511627906977,0.4292237442922374
Neural Plate Border 1,nle1,-4.3511205,-1.8889352,1.3544362076897247e-05,0.0002277993370942367,0.11918604651162791,0.319634703196347
Neural Plate Border 1,chic2,-4.3585606,-1.2654753,1.309207146475562e-05,0.00022070031198746917,0.23546511627906977,0.4200913242009132
Neural Plate Border 1,ebna1bp2,-4.362015,-1.5186397,1.288701184859677e-05,0.00021749436682813638,0.16569767441860464,0.3698630136986301
Neural Plate Border 1,onecut2,-4.362015,-2.5902345,1.288701184859677e-05,0.00021749436682813638,0.06976744186046512,0.2785388127853881
Neural Plate Border 1,shq1,-4.366798,-1.0397694,1.260813659688909e-05,0.00021328034772202835,0.3081395348837209,0.4794520547945205
Neural Plate Border 1,pimreg,-4.375832,-1.2098924,1.2097007760322251e-05,0.00020510883633525505,0.25290697674418605,0.4429223744292237
Neural Plate Border 1,dhcr7,-4.3774266,-1.1110604,1.2008886293287355e-05,0.00020373288174061675,0.2703488372093023,0.4703196347031963
Neural Plate Border 1,jazf1,-4.385398,-1.8511012,1.157739131520889e-05,0.00019664074696971009,0.1308139534883721,0.3333333333333333
Neural Plate Border 1,tyw1,-4.389118,-1.1999497,1.1381129746481383e-05,0.00019364482166437562,0.24709302325581395,0.4337899543378995
Neural Plate Border 1,znrf1,-4.40081,-1.80194,1.0784774003237115e-05,0.000184033700460376,0.125,0.3333333333333333
Neural Plate Border 1,ltv1,-4.40081,-2.1172037,1.0784774003237115e-05,0.000184033700460376,0.09593023255813954,0.3059360730593607
Neural Plate Border 1,abcc5,-4.4066553,-1.708582,1.0497902143416165e-05,0.00017955773993809124,0.13372093023255813,0.3470319634703196
Neural Plate Border 1,dis3,-4.4066553,-1.3416147,1.0497902143416165e-05,0.00017955773993809124,0.2005813953488372,0.4063926940639269
Neural Plate Border 1,apoc1,-4.4260526,-1.0314072,9.597307882394287e-06,0.00016492587108187385,0.3226744186046512,0.5114155251141552
Neural Plate Border 1,hmcn2,-4.4393387,-1.3625311,9.02357633136718e-06,0.00015570729618783591,0.2005813953488372,0.4018264840182648
Neural Plate Border 1,tp53bp1,-4.4499674,-1.2868651,8.588337586218652e-06,0.00014872375354428756,0.22965116279069767,0.4200913242009132
Neural Plate Border 1,olfm4,-4.452093,-2.123207,8.503731413229036e-06,0.00014743331728356935,0.11337209302325581,0.319634703196347
Neural Plate Border 1,med15,-4.4523587,-1.1137973,8.493211822869244e-06,0.00014733832332005392,0.2819767441860465,0.4794520547945205
Neural Plate Border 1,tfap2b,-4.4555473,-3.1569574,8.367942921993576e-06,0.00014542410199333783,0.0436046511627907,0.2602739726027397
Neural Plate Border 1,ddx24,-4.4656444,-1.240897,7.982803629869811e-06,0.0001391445038191559,0.24127906976744187,0.4429223744292237
Neural Plate Border 1,LOC100495777,-4.468302,-1.7716935,7.884303015159921e-06,0.00013750958319578739,0.125,0.3424657534246575
Neural Plate Border 1,polrmt,-4.4730844,-1.9116068,7.709922857706593e-06,0.00013487058949947423,0.10465116279069768,0.3242009132420091
Neural Plate Border 1,LOC101733063,-4.474679,-1.8509746,7.652620086404132e-06,0.00013402860260376223,0.125,0.3333333333333333
Neural Plate Border 1,LOC116411060,-4.489559,-1.2825366,7.137072836906048e-06,0.000125299565222583,0.23546511627906977,0.4337899543378995
Neural Plate Border 1,spats2,-4.490622,-1.0729164,7.101547883752368e-06,0.00012475080900839272,0.3023255813953488,0.4931506849315068
Neural Plate Border 1,cfi,-4.5153337,-1.830225,6.3217132576615235e-06,0.00011165558926568218,0.1308139534883721,0.3470319634703196
Neural Plate Border 1,st3gal3,-4.52862,-2.1605196,5.9370276448782825e-06,0.0001054986353115119,0.09593023255813954,0.3105022831050228
Neural Plate Border 1,ubtd2,-4.5288854,-1.1960633,5.92956733085289e-06,0.00010543015976165501,0.26744186046511625,0.4520547945205479
Neural Plate Border 1,rpl6,-4.529948,-1.0641334,5.899815695803285e-06,0.00010496501071456228,0.3023255813953488,0.502283105022831
Neural Plate Border 1,hs6st2,-4.533934,-1.6919773,5.789514464691116e-06,0.00010306534550388917,0.15406976744186046,0.365296803652968
Neural Plate Border 1,dcaf13,-4.539514,-1.6891285,5.638403793936268e-06,0.0001005589879808121,0.13662790697674418,0.3515981735159817
Neural Plate Border 1,fgd6,-4.5400453,-1.011133,5.6242108590335755e-06,0.00010036709866935925,0.3313953488372093,0.5296803652968036
Neural Plate Border 1,slc39a6,-4.54164,-1.4937571,5.581836956011329e-06,9.967176301842832e-05,0.1744186046511628,0.3926940639269406
Neural Plate Border 1,fto,-4.5472198,-1.1744298,5.435922023789578e-06,9.712557254119385e-05,0.2703488372093023,0.4657534246575342
Neural Plate Border 1,efna3,-4.5708685,-1.2198699,4.857066982553272e-06,8.747808069440216e-05,0.2616279069767442,0.4474885844748858
Neural Plate Border 1,naa25,-4.574057,-1.0942764,4.783690518518009e-06,8.631608490543206e-05,0.29069767441860467,0.4794520547945205
Neural Plate Border 1,clcn6,-4.5767145,-1.8116757,4.7233556596875914e-06,8.538553450113047e-05,0.12790697674418605,0.3470319634703196
Neural Plate Border 1,ddx43,-4.5878744,-1.0287424,4.4778159066026085e-06,8.119791362648937e-05,0.33430232558139533,0.5342465753424658
Neural Plate Border 1,utp25,-4.5942516,-1.328484,4.3430479785704995e-06,7.890095429558376e-05,0.2180232558139535,0.4246575342465753
Neural Plate Border 1,filip1l,-4.5963774,-1.5806513,4.298995399924957e-06,7.814921301940698e-05,0.1511627906976744,0.3789954337899543
Neural Plate Border 1,znhit6,-4.604083,-1.7663063,4.142866385182805e-06,7.554593094527671e-05,0.14244186046511628,0.3561643835616438
Neural Plate Border 1,nmt2,-4.6048803,-1.2582024,4.1270288465567915e-06,7.530410749918949e-05,0.2441860465116279,0.4429223744292237
Neural Plate Border 1,sdad1,-4.605943,-1.1502718,4.1060023617460155e-06,7.496724237114165e-05,0.27325581395348836,0.4748858447488584
Neural Plate Border 1,hdac9,-4.6083345,-2.2525864,4.059067481055061e-06,7.420300283847436e-05,0.08430232558139535,0.3105022831050228
Neural Plate Border 1,rpa1,-4.6186976,-1.5742424,3.861558691511316e-06,7.081381562833581e-05,0.1686046511627907,0.3881278538812785
Neural Plate Border 1,eya1,-4.6192293,-1.731831,3.851682445352541e-06,7.067704303835538e-05,0.1511627906976744,0.365296803652968
Neural Plate Border 1,znf229,-4.630389,-1.4846933,3.6497886146747784e-06,6.709872389657764e-05,0.17732558139534885,0.3972602739726027
Neural Plate Border 1,arid1b,-4.6317177,-1.1019008,3.6264407038146882e-06,6.671144632675087e-05,0.30523255813953487,0.5205479452054794
Neural Plate Border 1,asb7,-4.6319838,-1.0591296,3.6217883365335145e-06,6.666781792519595e-05,0.31976744186046513,0.502283105022831
Neural Plate Border 1,nat10,-4.6346407,-1.9634125,3.5755783019277324e-06,6.58586826362001e-05,0.11918604651162791,0.3333333333333333
Neural Plate Border 1,prkag1,-4.648458,-1.1941683,3.3442556757891994e-06,6.17926281030304e-05,0.26453488372093026,0.4703196347031963
Neural Plate Border 1,LOC100486894,-4.6622753,-1.163394,3.127323386278752e-06,5.793079208131444e-05,0.2761627906976744,0.4885844748858447
Neural Plate Border 1,kcnab2,-4.693896,-1.8448318,2.680506919525703e-06,5.006638834802289e-05,0.11337209302325581,0.3470319634703196
Neural Plate Border 1,jam3,-4.7146215,-3.017324,2.4216025416829547e-06,4.546298259212231e-05,0.055232558139534885,0.2831050228310502
Neural Plate Border 1,brip1,-4.729236,-1.3809549,2.253661461707702e-06,4.250114721753409e-05,0.20930232558139536,0.4383561643835616
Neural Plate Border 1,cdin1,-4.740396,-1.6923913,2.1330064450897073e-06,4.030375655877003e-05,0.15988372093023256,0.3789954337899543
Neural Plate Border 1,snai2,-4.742522,-3.860739,2.110739015273007e-06,3.990880475772656e-05,0.02616279069767442,0.2602739726027397
Neural Plate Border 1,gnai2,-4.7542133,-1.2044505,1.9922037057382053e-06,3.774083377993096e-05,0.2616279069767442,0.4931506849315068
Neural Plate Border 1,prmt3,-4.7595277,-1.2580022,1.940462992494479e-06,3.680835414250884e-05,0.2616279069767442,0.45662100456621
Neural Plate Border 1,b4galt5,-4.7597938,-1.3758659,1.937910139410016e-06,3.6783799535775447e-05,0.2238372093023256,0.4474885844748858
Neural Plate Border 1,dnajc21,-4.766968,-1.721085,1.8701901194354454e-06,3.552146028669104e-05,0.1569767441860465,0.3744292237442922
Neural Plate Border 1,LOC100486098,-4.767234,-1.2699914,1.8677261549353068e-06,3.549772642062025e-05,0.24127906976744187,0.4657534246575342
Neural Plate Border 1,jam2,-4.7680306,-2.423426,1.860352961642796e-06,3.5380596891204015e-05,0.08139534883720931,0.3105022831050228
Neural Plate Border 1,dennd2a,-4.7749395,-1.3020077,1.79761283497116e-06,3.425425083379529e-05,0.23837209302325582,0.4474885844748858
Neural Plate Border 1,utp4,-4.778128,-2.0303605,1.7693463991477687e-06,3.3737615520866554e-05,0.10465116279069768,0.3378995433789954
Neural Plate Border 1,bysl,-4.780785,-1.3651084,1.7461177786577277e-06,3.33164287127572e-05,0.22674418604651161,0.4383561643835616
Neural Plate Border 1,klf13,-4.7860994,-1.0875301,1.7005366421879888e-06,3.251039018168548e-05,0.31976744186046513,0.5159817351598174
Neural Plate Border 1,mmp14,-4.7919455,-1.223545,1.651718493554125e-06,3.161845663724992e-05,0.26744186046511625,0.4885844748858447
Neural Plate Border 1,XB5730291,-4.7948685,-1.4462909,1.6278173749469359e-06,3.122226357419546e-05,0.2063953488372093,0.4292237442922374
Neural Plate Border 1,st3gal5,-4.802574,-1.1470903,1.566388220359545e-06,3.0123088203506486e-05,0.3081395348837209,0.5114155251141552
Neural Plate Border 1,c9,-4.804168,-1.5776578,1.5539599851841546e-06,2.9903755317260056e-05,0.2005813953488372,0.4155251141552511
Neural Plate Border 1,wdr3,-4.812671,-1.5679122,1.4892608090244874e-06,2.8753357139098277e-05,0.16279069767441862,0.3972602739726027
Neural Plate Border 1,noc4l,-4.813203,-1.587832,1.4853042979237367e-06,2.871490074907986e-05,0.1744186046511628,0.3972602739726027
Neural Plate Border 1,vwa8,-4.8179855,-1.2868644,1.4501475795852322e-06,2.807236019791783e-05,0.25290697674418605,0.4611872146118721
Neural Plate Border 1,cct6a,-4.837649,-1.2577031,1.3138403231000374e-06,2.5518183710655943e-05,0.25,0.4703196347031963
Neural Plate Border 1,arhgap42,-4.8416348,-1.4033492,1.2877543917281705e-06,2.5094899083070767e-05,0.2180232558139535,0.4474885844748858
Neural Plate Border 1,MGC145244,-4.8748493,-1.0434074,1.0889160376967207e-06,2.1405584867459882e-05,0.3488372093023256,0.547945205479452
Neural Plate Border 1,prmt5,-4.876975,-1.7081122,1.0772511488563919e-06,2.1204800223717973e-05,0.15406976744186046,0.3789954337899543
Neural Plate Border 1,hsf2.2,-4.881492,-1.9498937,1.0528612372304597e-06,2.0780679828145554e-05,0.125,0.3561643835616438
Neural Plate Border 1,rps7,-4.8833523,-1.1074017,1.042973579831759e-06,2.0599432913555505e-05,0.3168604651162791,0.5251141552511416
Neural Plate Border 1,myc,-4.8878694,-1.9394276,1.0193313765994639e-06,2.0159726298632562e-05,0.125,0.3561643835616438
Neural Plate Border 1,LOC105947783,-4.888932,-2.535011,1.0138439404695973e-06,2.0064774694561135e-05,0.07848837209302326,0.3105022831050228
Neural Plate Border 1,LOC100497165,-4.8918552,-1.0984298,9.988997122878232e-07,1.9809252028416118e-05,0.32558139534883723,0.5388127853881278
Neural Plate Border 1,col4a6,-4.894512,-1.4445096,9.85498230006971e-07,1.9556754081014097e-05,0.2180232558139535,0.4520547945205479
Neural Plate Border 1,LOC101734953,-4.8992953,-1.3926538,9.618104958074046e-07,1.9112632632866245e-05,0.21220930232558138,0.4429223744292237
Neural Plate Border 1,sox8,-4.899561,-4.305695,9.605107102869568e-07,1.909978814448846e-05,0.02616279069767442,0.2648401826484018
Neural Plate Border 1,irak1,-4.8998265,-2.0114279,9.592126158536034e-07,1.9086959818935794e-05,0.11046511627906977,0.3470319634703196
Neural Plate Border 1,pdgfd,-4.902484,-2.500609,9.463242186440075e-07,1.8869033584708723e-05,0.07848837209302326,0.3150684931506849
Neural Plate Border 1,prps1,-4.9141755,-1.8003001,8.915692383385513e-07,1.783809747150869e-05,0.1511627906976744,0.3744292237442922
Neural Plate Border 1,mrps28,-4.9301186,-1.4685241,8.217979619134825e-07,1.6521304143530266e-05,0.2005813953488372,0.4337899543378995
Neural Plate Border 1,LOC100489322,-4.9572215,-1.3804628,7.150841594476887e-07,1.445548068106182e-05,0.22674418604651161,0.45662100456621
Neural Plate Border 1,uck2,-4.967319,-1.0624341,6.788493363469852e-07,1.37515211023969e-05,0.35755813953488375,0.5707762557077626
Neural Plate Border 1,anp32b,-4.968913,-1.0744749,6.732922682093168e-07,1.3648409356467779e-05,0.35174418604651164,0.5525114155251142
Neural Plate Border 1,mb21d2,-4.9970794,-1.1047562,5.820518279444666e-07,1.1864684088315692e-05,0.3372093023255814,0.5616438356164384
Neural Plate Border 1,cacna2d2,-4.999205,-1.444194,5.756720643504758e-07,1.174282631753577e-05,0.22674418604651161,0.4383561643835616
Neural Plate Border 1,tmem209,-4.9997363,-1.2174047,5.740876876162833e-07,1.1718685193234342e-05,0.28488372093023256,0.5068493150684932
Neural Plate Border 1,dclk1,-5.015148,-2.4646287,5.299267892170923e-07,1.0862755943621897e-05,0.07848837209302326,0.3242009132420091
Neural Plate Border 1,nfia,-5.017008,-1.3115511,5.248239784853689e-07,1.0773265249372065e-05,0.24709302325581395,0.4931506849315068
Neural Plate Border 1,dstyk,-5.0395937,-1.0577987,4.6652065883599275e-07,9.657836670279678e-06,0.3488372093023256,0.589041095890411
Neural Plate Border 1,rcc2,-5.0427823,-1.1658981,4.588106103753195e-07,9.511697128993591e-06,0.3023255813953488,0.5068493150684932
Neural Plate Border 1,sox9,-5.0465026,-3.0384958,4.499708564403996e-07,9.341688994750939e-06,0.04941860465116279,0.2968036529680365
Neural Plate Border 1,mars1,-5.071214,-1.3543372,3.952854056725446e-07,8.247385933771698e-06,0.25290697674418605,0.4657534246575342
Neural Plate Border 1,mpdz,-5.0879545,-1.6720743,3.619462533529341e-07,7.573407968331866e-06,0.16279069767441862,0.410958904109589
Neural Plate Border 1,LOC105947687,-5.09566,-1.3457643,3.4752788156317186e-07,7.297835851992153e-06,0.24127906976744187,0.4657534246575342
Neural Plate Border 1,znf532,-5.098583,-1.0663564,3.4220520584473306e-07,7.196403145357836e-06,0.3691860465116279,0.5799086757990868
Neural Plate Border 1,ptk2,-5.1054916,-1.7538903,3.2993529583524525e-07,6.958397281789361e-06,0.16279069767441862,0.3972602739726027
Neural Plate Border 1,clstn1,-5.1060233,-1.1448654,3.29009253779971e-07,6.943876893315763e-06,0.3226744186046512,0.54337899543379
Neural Plate Border 1,ssb,-5.1161203,-1.5393661,3.1188386825257084e-07,6.5967274622944276e-06,0.19767441860465115,0.4337899543378995
Neural Plate Border 1,fbl,-5.116652,-1.0927833,3.1100679049935677e-07,6.587709777599056e-06,0.3372093023255814,0.547945205479452
Neural Plate Border 1,sema5b,-5.117715,-2.2048092,3.092597738121751e-07,6.555455002395714e-06,0.09883720930232558,0.3470319634703196
Neural Plate Border 1,syn1,-5.120372,-3.9671502,3.049335859788668e-07,6.468442417814408e-06,0.02616279069767442,0.2785388127853881
Neural Plate Border 1,polr2e,-5.129672,-1.2577722,2.9024735233432965e-07,6.174832864690531e-06,0.2761627906976744,0.502283105022831
Neural Plate Border 1,rapgef1,-5.1320634,-1.5306404,2.865827302004842e-07,6.10131084230907e-06,0.20348837209302326,0.4337899543378995
Neural Plate Border 1,pttg1,-5.1368465,-1.1022235,2.793870652665328e-07,5.961141098398555e-06,0.35174418604651164,0.5707762557077626
Neural Plate Border 1,tmem150b,-5.1498666,-1.3442755,2.606718136282232e-07,5.574029103267442e-06,0.24709302325581395,0.4840182648401826
Neural Plate Border 1,ssh2,-5.150664,-1.2377362,2.5956620701537777e-07,5.554450803269772e-06,0.29651162790697677,0.5114155251141552
Neural Plate Border 1,ube2e2,-5.163152,-1.3359162,2.4282521731760085e-07,5.211471312342724e-06,0.2819767441860465,0.4840182648401826
Neural Plate Border 1,boc,-5.177501,-1.3115125,2.2487751869492715e-07,4.840496869640217e-06,0.2761627906976744,0.4840182648401826
Neural Plate Border 1,naa10,-5.1894584,-2.0146189,2.1090654500139815e-07,4.559918059863808e-06,0.11627906976744186,0.3698630136986301
Neural Plate Border 1,dhrs3,-5.18999,-1.298753,2.103054932417633e-07,4.550288581014052e-06,0.3081395348837209,0.5068493150684932
Neural Plate Border 1,cyp26c1,-5.20115,-3.0572457,1.9805914578974775e-07,4.2948567437537954e-06,0.06395348837209303,0.3105022831050228
Neural Plate Border 1,tbl3,-5.2101846,-1.9320818,1.8865302602491746e-07,4.1091777971194945e-06,0.1308139534883721,0.3789954337899543
Neural Plate Border 1,tcp1,-5.2487135,-1.2276354,1.531651327335423e-07,3.368826181289823e-06,0.2936046511627907,0.5205479452054794
Neural Plate Border 1,ctdp1,-5.2542934,-1.0250431,1.485937784113043e-07,3.280622912946251e-06,0.38372093023255816,0.5570776255707762
Neural Plate Border 1,ube2g1,-5.2550907,-1.0540758,1.479515970241976e-07,3.268913932437128e-06,0.3808139534883721,0.5844748858447488
Neural Plate Border 1,hnrnpr,-5.264125,-1.3928256,1.408585799557878e-07,3.121635444039146e-06,0.24709302325581395,0.4840182648401826
Neural Plate Border 1,abcf1,-5.2675796,-1.4517632,1.3823442250206233e-07,3.0681324253286133e-06,0.23255813953488372,0.4703196347031963
Neural Plate Border 1,sufu,-5.3087654,-1.1673784,1.1037021272552738e-07,2.464653696088534e-06,0.3226744186046512,0.5388127853881278
Neural Plate Border 1,cdk8,-5.309297,-1.3151705,1.1004890694535165e-07,2.459357491528726e-06,0.2761627906976744,0.502283105022831
Neural Plate Border 1,znf839,-5.3143454,-1.0787121,1.0704130789485814e-07,2.3958074051107183e-06,0.36627906976744184,0.5844748858447488
Neural Plate Border 1,hnf1b,-5.315408,-1.4374654,1.0641834380078767e-07,2.3836893545140417e-06,0.2877906976744186,0.4794520547945205
Neural Plate Border 1,cnr1,-5.324443,-2.623122,1.0126293844141666e-07,2.2751859750815145e-06,0.06976744186046512,0.3333333333333333
Neural Plate Border 1,cyrib,-5.32524,-1.1396801,1.0081983774136505e-07,2.2669728284752627e-06,0.33430232558139533,0.5570776255707762
Neural Plate Border 1,sestd1,-5.33268,-1.0278963,9.67737233993096e-08,2.18439591404264e-06,0.40988372093023256,0.6210045662100456
Neural Plate Border 1,prtg,-5.348889,-1.1327446,8.849587834222485e-08,2.003735879025232e-06,0.37790697674418605,0.5844748858447488
Neural Plate Border 1,abcf2,-5.3611116,-1.1421578,8.27112955372104e-08,1.8800418972381006e-06,0.3430232558139535,0.5616438356164384
Neural Plate Border 1,ncald,-5.3621745,-2.0628078,8.222596093913894e-08,1.8704646414100936e-06,0.13953488372093023,0.3835616438356164
Neural Plate Border 1,mrto4,-5.3736005,-1.5965557,7.717974066737935e-08,1.759782370864404e-06,0.2063953488372093,0.4383561643835616
Neural Plate Border 1,mtmr10,-5.375726,-1.3054194,7.627459532749936e-08,1.743223374525515e-06,0.2819767441860465,0.5205479452054794
Neural Plate Border 1,fstl1,-5.381838,-1.8523157,7.372919872429246e-08,1.690335849341014e-06,0.15406976744186046,0.4063926940639269
Neural Plate Border 1,mast3,-5.388215,-1.308427,7.116090042750746e-08,1.6340175022753106e-06,0.27906976744186046,0.5296803652968036
Neural Plate Border 1,arhgef40,-5.3884807,-1.8682584,7.105579058448166e-08,1.632886646678446e-06,0.16569767441860464,0.410958904109589
Neural Plate Border 1,abca1,-5.405752,-2.6455195,6.453692516767393e-08,1.4912876360286772e-06,0.0755813953488372,0.3378995433789954
Neural Plate Border 1,sap30,-5.407878,-1.1254508,6.377581838220378e-08,1.476034004061915e-06,0.38953488372093026,0.6438356164383562
Neural Plate Border 1,bop1,-5.414521,-1.4258163,6.145299259201552e-08,1.4256606559184171e-06,0.24127906976744187,0.4840182648401826
Neural Plate Border 1,elavl3,-5.4259467,-1.0615222,5.7648116489119736e-08,1.3437895479214186e-06,0.436046511627907,0.6529680365296804
Neural Plate Border 1,apc,-5.4344497,-1.1718409,5.4965770834862536e-08,1.283310261400852e-06,0.3430232558139535,0.5707762557077626
Neural Plate Border 1,dennd5b,-5.436044,-1.464489,5.447647860838121e-08,1.273921556961273e-06,0.23546511627906977,0.4703196347031963
Neural Plate Border 1,tsku,-5.4655385,-1.4451683,4.615030518132365e-08,1.0826802333509404e-06,0.24709302325581395,0.4931506849315068
Neural Plate Border 1,tma16,-5.47165,-1.4235445,4.458641986289865e-08,1.0468318385641692e-06,0.2441860465116279,0.4931506849315068
Neural Plate Border 1,mak16,-5.473776,-1.4427255,4.4054599987008266e-08,1.0351768586979411e-06,0.23546511627906977,0.4703196347031963
Neural Plate Border 1,letm1,-5.4817476,-1.2304701,4.211451006739684e-08,9.94385495783584e-07,0.3226744186046512,0.5799086757990868
Neural Plate Border 1,utp14a,-5.4865303,-1.3112905,4.099049583011403e-08,9.686282810105603e-07,0.29069767441860467,0.5251141552511416
Neural Plate Border 1,ddx27,-5.4929075,-1.4440467,3.953696923091087e-08,9.357936417722718e-07,0.2441860465116279,0.4840182648401826
Neural Plate Border 1,bub1,-5.493439,-1.3104595,3.941812387680269e-08,9.337367739406966e-07,0.28488372093023256,0.5388127853881278
Neural Plate Border 1,mmd,-5.5231996,-2.179284,3.328816514693069e-08,7.923830255781198e-07,0.12209302325581395,0.3789954337899543
Neural Plate Border 1,adgra3,-5.5287795,-1.0751023,3.224664828357288e-08,7.694708375323418e-07,0.3808139534883721,0.593607305936073
Neural Plate Border 1,reep3,-5.5354223,-1.844488,3.104792515906699e-08,7.432939396598584e-07,0.1686046511627907,0.4246575342465753
Neural Plate Border 1,fscn1,-5.543394,-2.2929132,2.9666450332568594e-08,7.113863902143664e-07,0.10755813953488372,0.3698630136986301
Neural Plate Border 1,tulp4,-5.5436597,-1.5078496,2.9621443791079023e-08,7.108903312455098e-07,0.22965116279069767,0.4840182648401826
Neural Plate Border 1,dip2c,-5.544191,-1.3179691,2.9531629357474238e-08,7.09317220828537e-07,0.2819767441860465,0.5388127853881278
Neural Plate Border 1,ddx51,-5.544988,-2.224702,2.9397402917255818e-08,7.066739183176849e-07,0.11046511627906977,0.3744292237442922
Neural Plate Border 1,rpl21,-5.546051,-1.0426462,2.9219354779121818e-08,7.029719831674978e-07,0.4011627906976744,0.5981735159817352
Neural Plate Border 1,cdk4,-5.5465827,-1.201508,2.9130723504413995e-08,7.019952009542668e-07,0.3372093023255814,0.5799086757990868
Neural Plate Border 1,sp5,-5.5604,-1.4712828,2.6915737649324985e-08,6.507642077976995e-07,0.24709302325581395,0.4885844748858447
Neural Plate Border 1,cass4,-5.6122146,-1.548024,1.9975343410971153e-08,4.882100863261687e-07,0.24127906976744187,0.4840182648401826
Neural Plate Border 1,prdm1,-5.655792,-1.1622995,1.5512898719850426e-08,3.8396066255711075e-07,0.39825581395348836,0.6666666666666666
Neural Plate Border 1,riok1,-5.6743927,-1.5789055,1.3918168901486786e-08,3.45073787242884e-07,0.2180232558139535,0.4748858447488584
Neural Plate Border 1,me3,-5.6781125,-1.8296282,1.3618910892327446e-08,3.379409034750624e-07,0.16569767441860464,0.4292237442922374
Neural Plate Border 1,zfta,-5.680504,-2.3475907,1.342984172139344e-08,3.3353245824813223e-07,0.10465116279069768,0.3744292237442922
Neural Plate Border 1,dtx4,-5.6913986,-1.0708219,1.2600312295980469e-08,3.1453435416208803e-07,0.4273255813953488,0.6484018264840182
Neural Plate Border 1,utp11,-5.7118587,-1.6932818,1.1174890336469166e-08,2.794296145640121e-07,0.19476744186046513,0.4520547945205479
Neural Plate Border 1,trps1,-5.7177043,-1.7025666,1.0797275131190694e-08,2.7068194627773173e-07,0.19767441860465115,0.4657534246575342
Neural Plate Border 1,plppr3,-5.7177043,-2.2898674,1.0797275131190694e-08,2.7068194627773173e-07,0.11627906976744186,0.3835616438356164
Neural Plate Border 1,dhx32,-5.7224874,-1.3525949,1.0497568015294677e-08,2.636206277105487e-07,0.28488372093023256,0.5388127853881278
Neural Plate Border 1,arhgap19,-5.726739,-1.1410307,1.0237961419627616e-08,2.573223132047591e-07,0.37790697674418605,0.6027397260273972
Neural Plate Border 1,exosc5,-5.728333,-1.5060182,1.0142226713039227e-08,2.5535523604552083e-07,0.22965116279069767,0.4977168949771689
Neural Plate Border 1,mrps6,-5.7299275,-1.3776551,1.0047362342552322e-08,2.534033206515504e-07,0.2877906976744186,0.5251141552511416
Neural Plate Border 1,nol6,-5.7381644,-2.078785,9.570805257605525e-09,2.420105609732415e-07,0.1308139534883721,0.4018264840182648
Neural Plate Border 1,fignl2,-5.743213,-1.240189,9.289660367298817e-09,2.3510481575455561e-07,0.3546511627906977,0.6118721461187214
Neural Plate Border 1,arhgap36,-5.751185,-1.2735021,8.86201856522139e-09,2.2486602836804375e-07,0.31976744186046513,0.5662100456621004
Neural Plate Border 1,sncaip,-5.751185,-3.54909,8.86201856522139e-09,2.2486602836804375e-07,0.0436046511627907,0.3242009132420091
Neural Plate Border 1,gfra1,-5.758625,-3.3695908,8.480192234138747e-09,2.1573933785562202e-07,0.05232558139534884,0.3287671232876712
Neural Plate Border 1,tsr1,-5.7758965,-1.4314367,7.654441944321865e-09,1.9592556258710368e-07,0.25872093023255816,0.5114155251141552
Neural Plate Border 1,bud23,-5.776162,-1.4769201,7.642369872945894e-09,1.9578800504476897e-07,0.2558139534883721,0.4977168949771689
Neural Plate Border 1,zfp36l1,-5.777225,-1.5474777,7.594266455377379e-09,1.9472631820801417e-07,0.23837209302325582,0.4931506849315068
Neural Plate Border 1,plekhg4,-5.7804136,-1.6564224,7.451716041826578e-09,1.9157529605860394e-07,0.22093023255813954,0.4748858447488584
Neural Plate Border 1,lhfpl2,-5.7883854,-1.730069,7.106628916630477e-09,1.8351048574383876e-07,0.19476744186046513,0.4611872146118721
Neural Plate Border 1,gramd1a,-5.7889166,-2.6143014,7.084184095865954e-09,1.8309264836981229e-07,0.0872093023255814,0.365296803652968
Neural Plate Border 1,kirrel3,-5.798748,-2.12676,6.681177004792072e-09,1.732896939015768e-07,0.17151162790697674,0.4200913242009132
Neural Plate Border 1,mex3c,-5.805125,-1.2225581,6.431784989975758e-09,1.6696936682236356e-07,0.33430232558139533,0.5753424657534246
Neural Plate Border 1,fnip2,-5.8053913,-1.110348,6.4215926089571265e-09,1.6685295426882288e-07,0.40406976744186046,0.6529680365296804
Neural Plate Border 1,atxn7l3,-5.8152227,-1.2311924,6.055323293460456e-09,1.5789755146399873e-07,0.34593023255813954,0.5753424657534246
Neural Plate Border 1,afg2a,-5.817083,-1.2162051,5.9883528708282924e-09,1.5629066318498377e-07,0.35174418604651164,0.5981735159817352
Neural Plate Border 1,rbbp4,-5.818677,-1.5248119,5.931523561368652e-09,1.549458134248142e-07,0.2441860465116279,0.5068493150684932
Neural Plate Border 1,smarcd1,-5.841529,-1.0656204,5.172397673763069e-09,1.3584398598541625e-07,0.4186046511627907,0.639269406392694
Neural Plate Border 1,bard1,-5.8502975,-1.2540059,4.9069503181393326e-09,1.2922077905363138e-07,0.35755813953488375,0.6027397260273972
Neural Plate Border 1,usp36,-5.85322,-1.0001347,4.82145011147182e-09,1.2719838285959636e-07,0.4476744186046512,0.639269406392694
Neural Plate Border 1,ldlrad3,-5.8611917,-1.8195267,4.595569477273817e-09,1.2167852480995554e-07,0.18023255813953487,0.4474885844748858
Neural Plate Border 1,pias4,-5.8638487,-1.0149935,4.522590260591335e-09,1.1985479230040373e-07,0.45348837209302323,0.680365296803653
Neural Plate Border 1,sox11,-5.8882947,-1.4523485,3.9020038722600676e-09,1.0387930345176142e-07,0.2819767441860465,0.5251141552511416
Neural Plate Border 1,rasa2,-5.947284,-1.3414642,2.7262793162644e-09,7.344872874997666e-08,0.3081395348837209,0.5662100456621004
Neural Plate Border 1,wdr36,-5.9711986,-1.5940404,2.3551669559962497e-09,6.386260231050684e-08,0.22674418604651161,0.4885844748858447
Neural Plate Border 1,polr1b,-5.980233,-2.2652788,2.2281855768024685e-09,6.053168456832059e-08,0.11627906976744186,0.4018264840182648
Neural Plate Border 1,prkce,-5.981296,-1.0158188,2.213692428910971e-09,6.019390082743869e-08,0.45348837209302323,0.6529680365296804
Neural Plate Border 1,efs,-5.985813,-1.3591158,2.1531143858728706e-09,5.8710528557322656e-08,0.29941860465116277,0.5388127853881278
Neural Plate Border 1,ipo11,-5.9882045,-1.3203032,2.1217005841343057e-09,5.7907964308898126e-08,0.3081395348837209,0.5525114155251142
Neural Plate Border 1,numbl,-5.997239,-1.7444675,2.007005853225848e-09,5.493144952775727e-08,0.19186046511627908,0.4748858447488584
Neural Plate Border 1,rbbp7,-6.009462,-1.6579775,1.8614000386143947e-09,5.118587443907561e-08,0.22093023255813954,0.4977168949771689
Neural Plate Border 1,ranbp1,-6.0219507,-1.0637064,1.7232739471767133e-09,4.7476928133762966e-08,0.45058139534883723,0.6575342465753424
Neural Plate Border 1,tfap4,-6.0304537,-1.6910908,1.6350006135421775e-09,4.517268708360245e-08,0.21220930232558138,0.4931506849315068
Neural Plate Border 1,naf1,-6.0370965,-1.6668372,1.569118173272417e-09,4.3393465773818374e-08,0.21511627906976744,0.4931506849315068
Neural Plate Border 1,rspo3,-6.0416136,-1.317083,1.5258035580750589e-09,4.23559010504198e-08,0.3691860465116279,0.6118721461187214
Neural Plate Border 1,wwc3,-6.0604796,-2.3891022,1.3571617873305858e-09,3.792657381019154e-08,0.11337209302325581,0.3972602739726027
Neural Plate Border 1,LOC100488102,-6.0671225,-2.1583452,1.3022212542751315e-09,3.642605692221662e-08,0.14244186046511628,0.4200913242009132
Neural Plate Border 1,dnajc2,-6.0708427,-1.0267857,1.2724079468869611e-09,3.566036116534301e-08,0.4563953488372093,0.6484018264840182
Neural Plate Border 1,snai1,-6.0843945,-1.5358701,1.1693254524399704e-09,3.2897547930965137e-08,0.2616279069767442,0.5388127853881278
Neural Plate Border 1,gli2,-6.0854573,-1.5758691,1.1615940690320902e-09,3.271151852781987e-08,0.25290697674418605,0.4977168949771689
Neural Plate Border 1,XB5726464,-6.0881143,-1.2811888,1.142483001199891e-09,3.220435931347542e-08,0.3546511627906977,0.6073059360730594
Neural Plate Border 1,xylt1,-6.097149,-1.4626561,1.0797707890991053e-09,3.058408908542243e-08,0.2819767441860465,0.54337899543379
Neural Plate Border 1,entpd1,-6.099806,-1.3992023,1.0619736929118864e-09,3.0109168785167165e-08,0.29941860465116277,0.5707762557077626
Neural Plate Border 1,dhx37,-6.1008687,-1.4119852,1.0549352243781047e-09,2.993865198426833e-08,0.28488372093023256,0.54337899543379
Neural Plate Border 1,atrnl1,-6.1085744,-1.2789317,1.0052491565646101e-09,2.8556305243479223e-08,0.34593023255813954,0.593607305936073
Neural Plate Border 1,slit1,-6.111232,-2.3023949,9.886510300126546e-10,2.8112118928307302e-08,0.1308139534883721,0.410958904109589
Neural Plate Border 1,pkdcc,-6.1125603,-1.3828145,9.804524878881928e-10,2.7906140869970557e-08,0.3081395348837209,0.5844748858447488
Neural Plate Border 1,plekhg1,-6.112826,-1.5779147,9.788207535788802e-10,2.7886851313707843e-08,0.25290697674418605,0.5114155251141552
Neural Plate Border 1,LOC116410951,-6.114686,-1.6107672,9.6747253054146e-10,2.7590428819763335e-08,0.25290697674418605,0.5251141552511416
Neural Plate Border 1,zhx3,-6.1173434,-1.320187,9.514830583067694e-10,2.721409126943755e-08,0.31976744186046513,0.5753424657534246
Neural Plate Border 1,cd81,-6.127972,-2.1741621,8.900630545151316e-10,2.55072873985606e-08,0.1308139534883721,0.4246575342465753
Neural Plate Border 1,tmtc2,-6.152152,-2.142735,7.64384856632175e-10,2.199186392147156e-08,0.13662790697674418,0.4292237442922374
Neural Plate Border 1,gnl3l,-6.154012,-1.3484968,7.55468767284608e-10,2.1778212560647316e-08,0.3023255813953488,0.5616438356164384
Neural Plate Border 1,bicc1,-6.160124,-1.1860075,7.268815124558465e-10,2.0974801076601038e-08,0.41569767441860467,0.6757990867579908
Neural Plate Border 1,zhx2,-6.1603894,-1.0113586,7.256628280999982e-10,2.0960326213627518e-08,0.45930232558139533,0.6529680365296804
Neural Plate Border 1,znf44,-6.167564,-1.2965976,6.935015030780046e-10,2.0090924119398565e-08,0.3691860465116279,0.6210045662100456
Neural Plate Border 1,cep170,-6.1728783,-2.542316,6.705790989949364e-10,1.948478890926539e-08,0.09593023255813954,0.3926940639269406
Neural Plate Border 1,ppid,-6.1866956,-1.1919733,6.143851304260305e-10,1.7887541581158663e-08,0.375,0.6118721461187214
Neural Plate Border 1,evi5,-6.206624,-1.1122216,5.41348389755058e-10,1.5824154780930102e-08,0.43023255813953487,0.6940639269406392
Neural Plate Border 1,LOC116406756,-6.2103443,-2.7395425,5.286865481060707e-10,1.550053810199454e-08,0.08139534883720931,0.3835616438356164
Neural Plate Border 1,rrp1b,-6.22363,-1.1622818,4.857815983044729e-10,1.4328841473297728e-08,0.4069767441860465,0.6484018264840182
Neural Plate Border 1,ivns1abp,-6.2252245,-1.2273917,4.808672056229841e-10,1.4212567530399846e-08,0.3866279069767442,0.6255707762557078
Neural Plate Border 1,cebpz,-6.2496705,-1.1116723,4.1131975720112914e-10,1.221878843775021e-08,0.436046511627907,0.680365296803653
Neural Plate Border 1,tcof1,-6.2757106,-1.0375031,3.4804080687269626e-10,1.0413081704908685e-08,0.45930232558139533,0.6621004566210046
Neural Plate Border 1,sik2,-6.276508,-2.0447564,3.4626191329017135e-10,1.0370473347730531e-08,0.16569767441860464,0.4474885844748858
Neural Plate Border 1,ptpn14,-6.2767735,-1.4804618,3.456709238246269e-10,1.0363391563402738e-08,0.27906976744186046,0.547945205479452
Neural Plate Border 1,knop1,-6.282088,-2.1364515,3.3405584234767223e-10,1.006679002852042e-08,0.14534883720930233,0.4337899543378995
Neural Plate Border 1,irs1,-6.2836823,-1.289931,3.3064624818920324e-10,9.974324541608462e-09,0.3546511627906977,0.6027397260273972
Neural Plate Border 1,clmn,-6.328854,-1.2916002,2.469884214427042e-10,7.504904934710692e-09,0.37790697674418605,0.6438356164383562
Neural Plate Border 1,evc,-6.329917,-1.6637944,2.45293074630665e-10,7.461146581195597e-09,0.23255813953488372,0.5159817351598174
Neural Plate Border 1,cdc5l,-6.3347,-1.1197497,2.3780362148127026e-10,7.24087256199897e-09,0.43023255813953487,0.6712328767123288
Neural Plate Border 1,jade3,-6.3349657,-1.7746236,2.3739415533408315e-10,7.235942184119483e-09,0.2063953488372093,0.4840182648401826
Neural Plate Border 1,gnb4,-6.34586,-1.5029594,2.2118622867000496e-10,6.756002769334289e-09,0.2761627906976744,0.54337899543379
Neural Plate Border 1,vcan,-6.3564887,-2.703537,2.0641755138490938e-10,6.318106224641138e-09,0.09593023255813954,0.3972602739726027
Neural Plate Border 1,bcl2,-6.384389,-2.2241545,1.7208307610240538e-10,5.345547712592361e-09,0.13662790697674418,0.4383561643835616
Neural Plate Border 1,nol10,-6.3894377,-1.4031562,1.664968604393934e-10,5.183034853571788e-09,0.3168604651162791,0.5707762557077626
Neural Plate Border 1,cct2,-6.3979406,-1.6760124,1.5748647790291406e-10,4.918255593568462e-09,0.23255813953488372,0.5159817351598174
Neural Plate Border 1,dhrsx,-6.402192,-1.3848306,1.5316176375099361e-10,4.793438454181258e-09,0.33430232558139533,0.5981735159817352
Neural Plate Border 1,enox1,-6.4101634,-1.3799351,1.4536352462380153e-10,4.564039944445051e-09,0.3546511627906977,0.6027397260273972
Neural Plate Border 1,nrp1,-6.4141493,-1.9769326,1.416112837672734e-10,4.455801330248836e-09,0.2063953488372093,0.4840182648401826
Neural Plate Border 1,rsl1d1,-6.420792,-1.3539838,1.355668631099874e-10,4.270210102982804e-09,0.32558139534883723,0.593607305936073
Neural Plate Border 1,cwc27,-6.4497557,-1.4358214,1.1203073014098876e-10,3.5402921867580993e-09,0.30523255813953487,0.5753424657534246
Neural Plate Border 1,mfap2,-6.452678,-1.6292217,1.0989039658106059e-10,3.4839546447516072e-09,0.2441860465116279,0.5205479452054794
Neural Plate Border 1,hspa14,-6.4563985,-1.5589203,1.0722407532460435e-10,3.4068118976233797e-09,0.26453488372093026,0.54337899543379
Neural Plate Border 1,hoxd1,-6.459587,-1.5457747,1.0498907628713101e-10,3.3467128559968667e-09,0.28488372093023256,0.5570776255707762
Neural Plate Border 1,lfng,-6.4664955,-1.2392213,1.0030167762293036e-10,3.2042823372632536e-09,0.41569767441860467,0.6894977168949772
Neural Plate Border 1,dpysl3,-6.4789844,-2.0237985,9.234203975792485e-11,2.9597041273726986e-09,0.17151162790697674,0.4748858447488584
Neural Plate Border 1,zbtb16,-6.4872217,-1.5316445,8.743366530983437e-11,2.808542275463482e-09,0.313953488372093,0.593607305936073
Neural Plate Border 1,apln,-6.4938645,-2.6567256,8.36619550376279e-11,2.6992523263851004e-09,0.09593023255813954,0.410958904109589
Neural Plate Border 1,plscr1,-6.5278764,-1.0464455,6.670871025152918e-11,2.1666247881804993e-09,0.5087209302325582,0.730593607305936
Neural Plate Border 1,cbx5,-6.5334563,-1.2093631,6.426888462429641e-11,2.0897038558985632e-09,0.4273255813953488,0.6986301369863014
Neural Plate Border 1,cuedc1,-6.5334563,-1.1988225,6.426888462429641e-11,2.0897038558985632e-09,0.4563953488372093,0.7351598173515982
Neural Plate Border 1,cyyr1,-6.536645,-1.4491167,6.291411397563962e-11,2.0525027518101807e-09,0.31976744186046513,0.6118721461187214
Neural Plate Border 1,hdac4,-6.538505,-1.3458807,6.21367726063355e-11,2.0294078212913887e-09,0.35174418604651164,0.6210045662100456
Neural Plate Border 1,ipo5,-6.552588,-1.5253967,5.654833551703985e-11,1.861446391327243e-09,0.2819767441860465,0.5707762557077626
Neural Plate Border 1,fyn,-6.57544,-1.5869443,4.8509571172386734e-11,1.6131777871900303e-09,0.2616279069767442,0.5570776255707762
Neural Plate Border 1,fmnl3,-6.5812855,-1.15156,4.663977958916404e-11,1.5563098141219795e-09,0.4563953488372093,0.7077625570776256
Neural Plate Border 1,dcps,-6.5887256,-1.5077394,4.436176365575732e-11,1.4819871010530767e-09,0.29069767441860467,0.5753424657534246
Neural Plate Border 1,dbn1,-6.6052003,-2.7469242,3.9698070798297113e-11,1.3338095488563482e-09,0.11046511627906977,0.410958904109589
Neural Plate Border 1,tet2,-6.646652,-1.2328283,2.9983475833806974e-11,1.0155816710289822e-09,0.4476744186046512,0.7214611872146118
Neural Plate Border 1,arhgap12,-6.651435,-1.2114944,2.9024917185245723e-11,9.853976239743527e-10,0.438953488372093,0.7168949771689498
Neural Plate Border 1,rsrc1,-6.687838,-1.0706383,2.2649134889350197e-11,7.743355110533282e-10,0.5145348837209303,0.7579908675799086
Neural Plate Border 1,fam168a,-6.694481,-1.3111094,2.164382124708559e-11,7.408320127325046e-10,0.36046511627906974,0.6210045662100456
Neural Plate Border 1,lmf1,-6.702984,-2.099845,2.0420571684330585e-11,7.02251448123138e-10,0.15406976744186046,0.4703196347031963
Neural Plate Border 1,enah,-6.7242413,-1.4947933,1.765095165267907e-11,6.098758484154396e-10,0.313953488372093,0.593607305936073
Neural Plate Border 1,sptbn1,-6.732213,-1.788853,1.6710179317661472e-11,5.808029151421671e-10,0.20930232558139536,0.5251141552511416
Neural Plate Border 1,strbp,-6.7460303,-1.6160566,1.5194492144846285e-11,5.319164070491039e-10,0.26744186046511625,0.5570776255707762
Neural Plate Border 1,adcy7,-6.758785,-1.6159314,1.3915398351264753e-11,4.894837655906378e-10,0.26453488372093026,0.5525114155251142
Neural Plate Border 1,ccdc30,-6.7625046,-1.330281,1.3562622850027378e-11,4.776494319628317e-10,0.3808139534883721,0.6529680365296804
Neural Plate Border 1,ror1,-6.7625046,-1.1632737,1.3562622850027378e-11,4.776494319628317e-10,0.5755813953488372,0.8264840182648402
Neural Plate Border 1,srfbp1,-6.7858877,-1.5386217,1.1537473391349962e-11,4.107818327680277e-10,0.29069767441860467,0.5753424657534246
Neural Plate Border 1,akap1,-6.7864194,-1.3419752,1.1495074814320627e-11,4.0977138036269054e-10,0.35755813953488375,0.634703196347032
Neural Plate Border 1,phf20,-6.7898736,-1.5488194,1.1223180650409414e-11,4.005675135434891e-10,0.2877906976744186,0.5844748858447488
Neural Plate Border 1,trim24,-6.8034253,-1.1751523,1.0216053545598832e-11,3.659625749894601e-10,0.4680232558139535,0.7442922374429224
Neural Plate Border 1,zic4,-6.804488,-1.9390593,1.0140918220291996e-11,3.637167858863256e-10,0.20348837209302326,0.5114155251141552
Neural Plate Border 1,dcc,-6.8098025,-1.3994973,9.773287217174875e-12,3.522601216340799e-10,0.42151162790697677,0.6529680365296804
Neural Plate Border 1,arhgef11,-6.86268,-1.1180835,6.758042192454723e-12,2.463146275905786e-10,0.49127906976744184,0.730593607305936
Neural Plate Border 1,smc2,-6.862946,-1.0852692,6.7454785617101625e-12,2.461636502338948e-10,0.5232558139534884,0.7808219178082192
Neural Plate Border 1,mta1,-6.8658686,-1.0260888,6.608780431325147e-12,2.414765759850817e-10,0.5784883720930233,0.821917808219178
Neural Plate Border 1,nsd2,-6.8762317,-1.0065027,6.145649438103231e-12,2.2596663990590634e-10,0.6133720930232558,0.8447488584474886
Neural Plate Border 1,cfp,-6.8791547,-1.7900511,6.020877535291518e-12,2.2165777233514657e-10,0.23546511627906977,0.5205479452054794
Neural Plate Border 1,axin2,-6.8953633,-2.3972113,5.372728209891609e-12,1.9854642010536234e-10,0.12209302325581395,0.45662100456621
Neural Plate Border 1,rrp15,-6.9075866,-1.3168628,4.929687706454055e-12,1.8263586989525788e-10,0.37790697674418605,0.6484018264840182
Neural Plate Border 1,map7d1,-6.931501,-1.322324,4.1639868109403054e-12,1.5584826948859931e-10,0.38953488372093026,0.6757990867579908
Neural Plate Border 1,rbm28,-6.940004,-1.7883755,3.920891312824863e-12,1.4826853035599428e-10,0.23255813953488372,0.5388127853881278
Neural Plate Border 1,mthfd1l,-6.945318,-1.6488827,3.776081125466594e-12,1.4334886672534287e-10,0.27325581395348836,0.5662100456621004
Neural Plate Border 1,lyar,-6.948507,-1.6193254,3.691725872039731e-12,1.40328789292059e-10,0.27906976744186046,0.5707762557077626
Neural Plate Border 1,ark2c,-6.9655128,-2.6170676,3.272097763463961e-12,1.2552059018873365e-10,0.10174418604651163,0.4429223744292237
Neural Plate Border 1,hoxb1,-6.9713583,-2.852912,3.1389486204305962e-12,1.208888104397981e-10,0.09302325581395349,0.4246575342465753
Neural Plate Border 1,nsun2,-6.9825187,-1.2465856,2.899344442425533e-12,1.1195605996901025e-10,0.4069767441860465,0.6757990867579908
Neural Plate Border 1,nol8,-6.985973,-1.1577122,2.8288851149340158e-12,1.0937981586592092e-10,0.4563953488372093,0.6666666666666666
Neural Plate Border 1,pcca,-7.0005875,-1.3217982,2.54891501977906e-12,9.868521184524729e-11,0.4011627906976744,0.680365296803653
Neural Plate Border 1,ceacam8l,-7.0101533,-2.4337623,2.3805721562021864e-12,9.241235683658181e-11,0.12209302325581395,0.4611872146118721
Neural Plate Border 1,pitpnc1,-7.0505424,-2.0949113,1.7822184520304131e-12,6.983381711970644e-11,0.18604651162790697,0.4931506849315068
Neural Plate Border 1,zic2,-7.052668,-1.6279832,1.755192692415736e-12,6.8867164553026e-11,0.29069767441860467,0.5799086757990868
Neural Plate Border 1,cfdp1,-7.062234,-1.5172487,1.638469464959128e-12,6.446043193838529e-11,0.313953488372093,0.6255707762557078
Neural Plate Border 1,kpna2,-7.068611,-1.4255648,1.5649208299014866e-12,6.173306447888037e-11,0.3430232558139535,0.6073059360730594
Neural Plate Border 1,gja7,-7.0813656,-1.2607195,1.4274088104130722e-12,5.6537380673691756e-11,0.4069767441860465,0.6757990867579908
Neural Plate Border 1,lrpprc,-7.1148458,-1.2393025,1.1203797335442322e-12,4.455757821936252e-11,0.43023255813953487,0.6757990867579908
Neural Plate Border 1,lsm4,-7.1180344,-1.487999,1.0947699432303441e-12,4.3598392657447124e-11,0.33430232558139533,0.6529680365296804
Neural Plate Border 1,smo,-7.145138,-1.1383553,8.990576050539836e-13,3.600048336073013e-11,0.4883720930232558,0.7351598173515982
Neural Plate Border 1,nap1l1,-7.1629405,-1.3008716,7.896451859732022e-13,3.170620663623994e-11,0.41569767441860467,0.7123287671232876
Neural Plate Border 1,gpm6b,-7.1727724,-1.5372853,7.349407371315486e-13,2.9590981662661564e-11,0.3313953488372093,0.639269406392694
Neural Plate Border 1,dnajc11,-7.1982813,-1.0357534,6.097634289440757e-13,2.472121330300177e-11,0.5784883720930233,0.8356164383561644
Neural Plate Border 1,gldc,-7.1982813,-1.4560485,6.097634289440757e-13,2.472121330300177e-11,0.38372093023255816,0.7031963470319634
Neural Plate Border 1,nom1,-7.204127,-1.8282869,5.841695594380439e-13,2.374945812508131e-11,0.22674418604651161,0.54337899543379
Neural Plate Border 1,tnpo1,-7.217147,-1.1032414,5.308957271067095e-13,2.164381171416489e-11,0.5087209302325582,0.7488584474885844
Neural Plate Border 1,rassf4,-7.217147,-1.9760337,5.308957271067095e-13,2.164381171416489e-11,0.21220930232558138,0.5388127853881278
Neural Plate Border 1,nhs,-7.225384,-1.4595101,4.996869153899922e-13,2.042845905421659e-11,0.38953488372093026,0.6712328767123288
Neural Plate Border 1,imp3,-7.226979,-1.5377719,4.938580438872767e-13,2.021843764827589e-11,0.32558139534883723,0.5981735159817352
Neural Plate Border 1,st3gal2,-7.2477045,-1.9846509,4.23894143362766e-13,1.7451900992446497e-11,0.19476744186046513,0.5342465753424658
Neural Plate Border 1,kpnb1,-7.26099,-1.0744672,3.842663124966666e-13,1.5910040482422183e-11,0.5203488372093024,0.7534246575342466
Neural Plate Border 1,dus4l,-7.2628503,-1.6610106,3.7901708364262524e-13,1.571496222972706e-11,0.2703488372093023,0.5844748858447488
Neural Plate Border 1,impdh1,-7.3141336,-1.0175511,2.590468821586352e-13,1.0832903308124557e-11,0.5552325581395349,0.7534246575342466
Neural Plate Border 1,cad,-7.316791,-2.183269,2.539709368734765e-13,1.0635851655800274e-11,0.1686046511627907,0.5068493150684932
Neural Plate Border 1,pnhd,-7.335391,-1.8908987,2.2107476335021087e-13,9.311579837881864e-12,0.22093023255813954,0.5662100456621004
Neural Plate Border 1,gnao1,-7.3529286,-1.8208491,1.9391060924746555e-13,8.226706848929847e-12,0.24709302325581395,0.5707762557077626
Neural Plate Border 1,pik3cb,-7.4050093,-1.4142988,1.311414429675341e-13,5.620814544551304e-12,0.38372093023255816,0.680365296803653
Neural Plate Border 1,ago1,-7.4283924,-1.4058295,1.0992556933637119e-13,4.739283653792723e-12,0.3808139534883721,0.6621004566210046
Neural Plate Border 1,mthfd1,-7.4358325,-1.381266,1.0391156757433808e-13,4.499909676689595e-12,0.39244186046511625,0.680365296803653
Neural Plate Border 1,atp13a3,-7.4422097,-2.119923,9.901498776372461e-14,4.307004623990229e-12,0.18895348837209303,0.5159817351598174
Neural Plate Border 1,fip1l1,-7.456558,-1.0859606,8.881181778657472e-14,3.892141297930084e-12,0.5290697674418605,0.771689497716895
Neural Plate Border 1,tfdp2,-7.497479,-1.3996704,6.505701913896106e-14,2.8769768932692446e-12,0.40988372093023256,0.726027397260274
Neural Plate Border 1,tada2a,-7.5091705,-2.4387875,5.950327419909038e-14,2.6473975770374598e-12,0.14534883720930233,0.4840182648401826
Neural Plate Border 1,flna,-7.5102334,-2.3055804,5.902213843113155e-14,2.6299940982933024e-12,0.2005813953488372,0.5068493150684932
Neural Plate Border 1,hells,-7.5182047,-1.5265187,5.5533510581684136e-14,2.4783206836842884e-12,0.36046511627906974,0.6712328767123288
Neural Plate Border 1,pard6g,-7.5203304,-1.7899575,5.463797469131243e-14,2.4420835446509995e-12,0.2616279069767442,0.589041095890411
Neural Plate Border 1,utp3,-7.541588,-1.4380282,4.642832614450842e-14,2.0847102942091025e-12,0.375,0.6712328767123288
Neural Plate Border 1,wdr43,-7.5657682,-1.28667,3.855794220397489e-14,1.7447170411213466e-12,0.438953488372093,0.7214611872146118
Neural Plate Border 1,zmym2,-7.5657682,-1.2063268,3.855794220397489e-14,1.7447170411213466e-12,0.49127906976744184,0.7488584474885844
Neural Plate Border 1,rrp9,-7.5907454,-1.8399242,3.180701072740479e-14,1.450469158459859e-12,0.24709302325581395,0.5662100456621004
Neural Plate Border 1,cnn3,-7.60908,-1.2535404,2.760538404991564e-14,1.2647852369327338e-12,0.4941860465116279,0.7808219178082192
Neural Plate Border 1,fam171a1,-7.61094,-1.4479225,2.721094888056906e-14,1.2486707169982954e-12,0.3808139534883721,0.6940639269406392
Neural Plate Border 1,atxn7,-7.6135974,-1.2202867,2.6657069029426428e-14,1.2271067477152189e-12,0.4680232558139535,0.7397260273972602
Neural Plate Border 1,meis2,-7.615457,-2.0017912,2.6275966399672235e-14,1.211471252095929e-12,0.23837209302325582,0.5753424657534246
Neural Plate Border 1,mycl,-7.626352,-1.8499342,2.4149057771855563e-14,1.1204779487763651e-12,0.24709302325581395,0.593607305936073
Neural Plate Border 1,smarca5,-7.643889,-1.0194081,2.1075716763570588e-14,9.82558655049333e-13,0.6017441860465116,0.821917808219178
Neural Plate Border 1,ccdc88c,-7.657972,-1.1889831,1.8889207924311733e-14,8.834406989368901e-13,0.5377906976744186,0.817351598173516
Neural Plate Border 1,gab3,-7.6590347,-1.538919,1.873355597485674e-14,8.775650235593547e-13,0.37790697674418605,0.6529680365296804
Neural Plate Border 1,dact1,-7.664349,-1.9902275,1.797402547721503e-14,8.433366592688164e-13,0.22093023255813954,0.547945205479452
Neural Plate Border 1,pbx3,-7.668335,-1.9359947,1.7424337576380594e-14,8.18859825876497e-13,0.2703488372093023,0.5662100456621004
Neural Plate Border 1,spag9,-7.6707263,-1.3174736,1.7102498859926925e-14,8.063276518943936e-13,0.4418604651162791,0.7168949771689498
Neural Plate Border 1,sh3pxd2b,-7.6755095,-1.5253178,1.647626701521085e-14,7.793167655689779e-13,0.3546511627906977,0.6438356164383562
Neural Plate Border 1,pa2g4,-7.7140384,-1.5640439,1.2189783955429793e-14,5.83174426843156e-13,0.34011627906976744,0.6575342465753424
Neural Plate Border 1,rbm19,-7.720947,-2.1342452,1.154685822638441e-14,5.533216603531848e-13,0.18895348837209303,0.5388127853881278
Neural Plate Border 1,cdc42bpb,-7.7323728,-1.0609773,1.055602577880739e-14,5.083413336743309e-13,0.5930232558139535,0.8401826484018264
Neural Plate Border 1,noc3l,-7.762133,-1.323957,8.351265508159794e-15,4.0753896839569105e-13,0.4418604651162791,0.7077625570776256
Neural Plate Border 1,nop53,-7.762665,-1.4773391,8.316333889923892e-15,4.06512969793253e-13,0.36627906976744184,0.6621004566210046
Neural Plate Border 1,LOC100493456,-7.824311,-1.5765395,5.1044476436868156e-15,2.5161569826746933e-13,0.35174418604651164,0.6621004566210046
Neural Plate Border 1,LOC116410428,-7.8418484,-1.0806649,4.439623759238481e-15,2.203304619801359e-13,0.5523255813953488,0.7808219178082192
Neural Plate Border 1,ets1,-7.8445053,-1.6334231,4.34662804668403e-15,2.160821163820083e-13,0.34011627906976744,0.6255707762557078
Neural Plate Border 1,tns3,-7.846897,-1.3776368,4.264573217437909e-15,2.1236412217875216e-13,0.42151162790697677,0.7123287671232876
Neural Plate Border 1,pmm2,-7.86656,-1.3107928,3.645257970050177e-15,1.824563967851656e-13,0.4738372093023256,0.7671232876712328
Neural Plate Border 1,bmpr1b,-7.8822374,-1.4514648,3.2157040582622643e-15,1.6150901258945748e-13,0.5174418604651163,0.8584474885844748
Neural Plate Border 1,tenm4,-7.88702,-1.2198015,3.09487136668347e-15,1.5570771931071344e-13,0.6569767441860465,0.91324200913242
Neural Plate Border 1,arhgef17,-7.890475,-1.3394333,3.0103947846199354e-15,1.517187068090092e-13,0.45058139534883723,0.7397260273972602
Neural Plate Border 1,akap12,-7.8918033,-1.0887382,2.978511925606247e-15,1.5037112624766184e-13,0.6337209302325582,0.863013698630137
Neural Plate Border 1,ppp1r9al,-7.9082775,-1.3132949,2.6097423308267783e-15,1.3336604558111462e-13,0.4738372093023256,0.771689497716895
Neural Plate Border 1,galnt16,-7.9122634,-2.7490447,2.5275087620343498e-15,1.296168572333791e-13,0.11918604651162791,0.4931506849315068
Neural Plate Border 1,tln2,-7.912529,-2.164434,2.522118169029751e-15,1.2956772618437375e-13,0.20348837209302326,0.5570776255707762
Neural Plate Border 1,heatr1,-7.9130607,-1.5820378,2.5113709249978143e-15,1.2924275265600547e-13,0.32848837209302323,0.634703196347032
Neural Plate Border 1,clic4,-7.919438,-2.757738,2.385869082015202e-15,1.2300059812413822e-13,0.12209302325581395,0.4931506849315068
Neural Plate Border 1,pdcd11,-7.9244866,-1.21956,2.290911958705246e-15,1.1852326984940364e-13,0.5145348837209303,0.776255707762557
Neural Plate Border 1,dlg5,-7.9561067,-1.0723538,1.7753720908548678e-15,9.350612898698853e-14,0.5755813953488372,0.771689497716895
Neural Plate Border 1,ptges3,-7.9895873,-1.2821817,1.3539139060383074e-15,7.23514760281641e-14,0.4738372093023256,0.7534246575342466
Neural Plate Border 1,bach2,-7.9949017,-2.5298886,1.2967750560003581e-15,6.955235167329627e-14,0.1511627906976744,0.5114155251141552
Neural Plate Border 1,slk,-7.9975586,-1.5118322,1.2691031267830667e-15,6.819329687315409e-14,0.375,0.680365296803653
Neural Plate Border 1,fgd4,-8.025724,-1.8574462,1.009283354188487e-15,5.493922109177591e-14,0.2703488372093023,0.6164383561643836
Neural Plate Border 1,esf1,-8.037416,-1.3094662,9.17525619591885e-16,5.013119885287923e-14,0.4680232558139535,0.7534246575342466
Neural Plate Border 1,meis3,-8.040605,-1.0737414,8.939608956177247e-16,4.893515157266238e-14,0.6511627906976745,0.8127853881278538
Neural Plate Border 1,bms1,-8.045919,-1.5254384,8.560045095093824e-16,4.694534299712713e-14,0.37209302325581395,0.684931506849315
Neural Plate Border 1,abi2,-8.057079,-1.9338838,7.8138938751146735e-16,4.3014676433799814e-14,0.25290697674418605,0.589041095890411
Neural Plate Border 1,anos1,-8.059205,-4.3303967,7.679217670026963e-16,4.235305881369022e-14,0.040697674418604654,0.4337899543378995
Neural Plate Border 1,cdc42bpa,-8.096405,-1.5631813,5.660691608976108e-16,3.1698788586586326e-14,0.3488372093023256,0.6757990867579908
Neural Plate Border 1,pum3,-8.150081,-1.6809913,3.636824455977116e-16,2.068249332153056e-14,0.3168604651162791,0.634703196347032
Neural Plate Border 1,rbm34,-8.159115,-1.6797286,3.3748884631692094e-16,1.9230285510116794e-14,0.31976744186046513,0.6301369863013698
Neural Plate Border 1,ctps1,-8.159115,-1.6535523,3.3748884631692094e-16,1.9230285510116794e-14,0.32848837209302323,0.6529680365296804
Neural Plate Border 1,cblb,-8.205881,-1.4703062,2.289060358789094e-16,1.3223621214973125e-14,0.39825581395348836,0.7168949771689498
Neural Plate Border 1,srgap1,-8.278156,-1.5183094,1.2509716133479564e-16,7.432347810929698e-15,0.4011627906976744,0.7168949771689498
Neural Plate Border 1,lrig1,-8.279219,-1.4182241,1.239857547184389e-16,7.381318933146004e-15,0.4273255813953488,0.6894977168949772
Neural Plate Border 1,abcb5,-8.288785,-1.25634,1.1441132738995322e-16,6.825219410072903e-15,0.5784883720930233,0.8721461187214612
Neural Plate Border 1,npm1,-8.294631,-1.2660093,1.0892316582656697e-16,6.524452992369629e-15,0.4941860465116279,0.7488584474885844
Neural Plate Border 1,nckap5l,-8.324391,-2.402226,8.476344371202253e-17,5.1298555344640385e-15,0.17151162790697674,0.5525114155251142
Neural Plate Border 1,mbd3,-8.332097,-1.799415,7.942301976026834e-17,4.826640936824124e-15,0.29941860465116277,0.6301369863013698
Neural Plate Border 1,parp1,-8.372751,-1.1595268,5.628824024196121e-17,3.434992798565278e-15,0.627906976744186,0.908675799086758
Neural Plate Border 1,utp6,-8.405701,-1.3710485,4.2531560294822016e-17,2.617347450479879e-15,0.45348837209302323,0.7579908675799086
Neural Plate Border 1,trim33,-8.406763,-1.0070815,4.2148056819609364e-17,2.5992190904936737e-15,0.688953488372093,0.9178082191780822
Neural Plate Border 1,klhdc4,-8.4136715,-1.8605258,3.9737114161026584e-17,2.460922847544424e-15,0.27906976744186046,0.6438356164383562
Neural Plate Border 1,dpysl4,-8.422174,-2.613324,3.6955888259939516e-17,2.2984203611197702e-15,0.14244186046511628,0.5342465753424658
Neural Plate Border 1,rcl1,-8.485415,-1.839881,2.1494911343498012e-17,1.3599951374064727e-15,0.28488372093023256,0.639269406392694
Neural Plate Border 1,ran,-8.487541,-1.1602347,2.1105469509861147e-17,1.3382515818714777e-15,0.6104651162790697,0.8812785388127854
Neural Plate Border 1,ago2,-8.538293,-1.0068243,1.3621876550661864e-17,8.712933773575427e-16,0.688953488372093,0.9041095890410958
Neural Plate Border 1,mcc,-8.545467,-1.2556866,1.2801676904227814e-17,8.206267929550072e-16,0.5319767441860465,0.7990867579908676
Neural Plate Border 1,dock7,-8.545733,-1.4763721,1.2772253991264244e-17,8.205401239970223e-16,0.42151162790697677,0.7123287671232876
Neural Plate Border 1,ell,-8.545733,-1.6503851,1.2772253991264244e-17,8.205401239970223e-16,0.35174418604651164,0.6940639269406392
Neural Plate Border 1,lin28b,-8.553439,-1.1496382,1.1947422543546e-17,7.7264404506724135e-16,0.6627906976744186,0.9223744292237442
Neural Plate Border 1,nup58,-8.559285,-1.2973611,1.1356965450221787e-17,7.393662741100959e-16,0.502906976744186,0.7808219178082192
Neural Plate Border 1,LOC100488559,-8.574963,-1.1662779,9.911924717634601e-18,6.467309629936987e-16,0.5784883720930233,0.7945205479452054
Neural Plate Border 1,gpc4,-8.600737,-1.1483572,7.920587984749946e-18,5.238160800502843e-16,0.688953488372093,0.954337899543379
Neural Plate Border 1,ddx52,-8.602597,-1.5250555,7.793230003916214e-18,5.165621456790813e-16,0.39825581395348836,0.7214611872146118
Neural Plate Border 1,htra1,-8.643783,-2.381702,5.438175060162649e-18,3.6627487369496403e-16,0.20348837209302326,0.5799086757990868
Neural Plate Border 1,ankrd10,-8.65016,-1.585058,5.142714014399596e-18,3.471747652538443e-16,0.3866279069767442,0.726027397260274
Neural Plate Border 1,mphosph10,-8.650692,-1.6225003,5.1188199325690075e-18,3.463616329836219e-16,0.37209302325581395,0.7123287671232876
Neural Plate Border 1,mga,-8.662118,-1.1804793,4.630803363067595e-18,3.1479770489727643e-16,0.5436046511627907,0.7671232876712328
Neural Plate Border 1,nbea,-8.662914,-1.8350183,4.598523645583712e-18,3.1333203889057687e-16,0.3488372093023256,0.7168949771689498
Neural Plate Border 1,itgb1,-8.684172,-1.3114072,3.81510752587337e-18,2.611695739784648e-16,0.5436046511627907,0.8721461187214612
Neural Plate Border 1,pald1,-8.69613,-2.4430635,3.433968485030477e-18,2.3674135091020253e-16,0.18313953488372092,0.5662100456621004
Neural Plate Border 1,aatf,-8.715793,-1.2643312,2.887317936066987e-18,2.0095045378374782e-16,0.5319767441860465,0.8127853881278538
Neural Plate Border 1,mn1,-8.734924,-1.3623003,2.438197577475472e-18,1.7050467317508498e-16,0.502906976744186,0.7671232876712328
Neural Plate Border 1,ksr2,-8.75379,-1.9729669,2.0630474409773693e-18,1.4531310782460117e-16,0.26744186046511625,0.6666666666666666
Neural Plate Border 1,dock4,-8.754321,-2.3920624,2.0533504088099027e-18,1.4497943429932915e-16,0.17732558139534885,0.5799086757990868
Neural Plate Border 1,mcph1,-8.767608,-1.3658134,1.8250301391401234e-18,1.29799163010231e-16,0.4883720930232558,0.776255707762557
Neural Plate Border 1,hgf,-8.8101225,-2.388394,1.2500961491292754e-18,9.044940726534121e-17,0.23255813953488372,0.589041095890411
Neural Plate Border 1,nop14,-8.810654,-1.6074642,1.2441834690215107e-18,9.044940726534121e-17,0.37790697674418605,0.7077625570776256
Neural Plate Border 1,aplp2,-8.83005,-1.2919725,1.0462809840042591e-18,7.626892629283915e-17,0.625,0.9223744292237442
Neural Plate Border 1,zic5,-8.836163,-2.8904681,9.906274564904434e-19,7.239257795168038e-17,0.12209302325581395,0.5342465753424658
Neural Plate Border 1,c9h7orf50,-8.869111,-2.049369,7.37319276572279e-19,5.4701979120518496e-17,0.2558139534883721,0.6301369863013698
Neural Plate Border 1,ddx10,-8.87044,-1.0953159,7.285749801729032e-19,5.419077670593927e-17,0.6308139534883721,0.8493150684931506
Neural Plate Border 1,cecr2,-8.878146,-1.7911786,6.798413417420296e-19,5.0824660512688663e-17,0.3226744186046512,0.6621004566210046
Neural Plate Border 1,dzip1,-8.906312,-1.9135196,5.275842870271091e-19,3.974694921157069e-17,0.29069767441860467,0.684931506849315
Neural Plate Border 1,cep85l,-8.915346,-1.7563944,4.862947657360711e-19,3.673096200834908e-17,0.34011627906976744,0.6986301369863014
Neural Plate Border 1,mex3a,-8.935009,-1.8909714,4.07144235790097e-19,3.115506061879666e-17,0.29941860465116277,0.680365296803653
Neural Plate Border 1,wdr75,-8.955204,-1.3252132,3.3910881000853707e-19,2.622351752740621e-17,0.5174418604651163,0.7990867579908676
Neural Plate Border 1,lmx1b,-8.986027,-1.1914552,2.5632916654030855e-19,1.9874689302757982e-17,0.6686046511627907,0.863013698630137
Neural Plate Border 1,cfh,-9.040234,-1.1447247,1.5633783832592524e-19,1.2317820356078492e-17,0.7848837209302325,0.9497716894977168
Neural Plate Border 1,ror2,-9.063351,-1.1794279,1.2650354226022756e-19,1.0075817558061885e-17,0.7122093023255814,0.9041095890410958
Neural Plate Border 1,zeb2,-9.096831,-1.4328068,9.300587534714798e-20,7.551818728534674e-18,0.6308139534883721,0.8858447488584474
Neural Plate Border 1,LOC100488469,-9.098957,-1.6138994,9.120362155820656e-20,7.467711657613266e-18,0.4273255813953488,0.8036529680365296
Neural Plate Border 1,ssbp4,-9.117291,-1.7792877,7.702535348081879e-20,6.342332697458631e-18,0.38953488372093026,0.7397260273972602
Neural Plate Border 1,ptpru,-9.132172,-2.496787,6.7138883200867e-20,5.5595940363868085e-18,0.18604651162790697,0.5981735159817352
Neural Plate Border 1,bcar1,-9.188503,-1.9997853,3.983442947439839e-20,3.3556201958678368e-18,0.27906976744186046,0.680365296803653
Neural Plate Border 1,tet3,-9.204181,-1.0615201,3.4428716228352547e-20,2.908629491534605e-18,0.7238372093023255,0.9223744292237442
Neural Plate Border 1,eif5b,-9.209761,-1.5232356,3.268521931518568e-20,2.777388505238932e-18,0.45930232558139533,0.771689497716895
Neural Plate Border 1,polr1a,-9.230487,-2.2004118,2.694046080609257e-20,2.316166499479094e-18,0.22674418604651161,0.634703196347032
Neural Plate Border 1,smarcad1,-9.333585,-1.638321,1.023490305208068e-20,8.984277811272383e-19,0.4127906976744186,0.7488584474885844
Neural Plate Border 1,nop56,-9.347934,-1.1069124,8.937651767661396e-21,7.94092701582098e-19,0.625,0.8447488584474886
Neural Plate Border 1,sdc2,-9.510552,-1.6188539,1.896519106533653e-21,1.7433066038706042e-19,0.42441860465116277,0.7625570776255708
Neural Plate Border 1,zcchc7,-9.527027,-1.4430828,1.6185143188519583e-21,1.49717696374562e-19,0.48546511627906974,0.7808219178082192
Neural Plate Border 1,grip1,-9.554662,-2.6899307,1.2398807334402571e-21,1.1729111235984516e-19,0.1686046511627907,0.593607305936073
Neural Plate Border 1,cbfa2t2,-9.584422,-1.62198,9.297653751374578e-22,8.85275950509545e-20,0.4418604651162791,0.7808219178082192
Neural Plate Border 1,cttnbp2nl,-9.653243,-2.320522,4.762528154929709e-22,4.5643757539918134e-20,0.2238372093023256,0.6575342465753424
Neural Plate Border 1,dennd2c,-9.706653,-2.2164536,2.824623468916657e-22,2.7522189539967596e-20,0.25872093023255816,0.6894977168949772
Neural Plate Border 1,shroom4,-9.721798,-1.7012769,2.434440139025661e-22,2.3879570370422517e-20,0.4273255813953488,0.821917808219178
Neural Plate Border 1,hmga2,-9.798591,-1.519663,1.1416770662848846e-22,1.1468165747276103e-20,0.5174418604651163,0.863013698630137
Neural Plate Border 1,gli3,-9.827819,-1.4223775,8.54489936219142e-23,8.733424939028581e-21,0.6453488372093024,0.9360730593607306
Neural Plate Border 1,brf1,-9.850937,-1.2325782,6.790811139611498e-23,6.989514099365623e-21,0.5843023255813954,0.8310502283105022
Neural Plate Border 1,nop2,-9.861034,-1.6403216,6.141368409169734e-23,6.343404239167509e-21,0.4273255813953488,0.776255707762557
Neural Plate Border 1,ccdc88a,-9.872459,-3.4953673,5.480390306855536e-23,5.721331752131934e-21,0.09883720930232558,0.5570776255707762
Neural Plate Border 1,adam13,-9.8727255,-1.5321505,5.465888099051851e-23,5.721331752131934e-21,0.49127906976744184,0.8036529680365296
Neural Plate Border 1,mtf2,-9.880962,-1.0889909,5.034685243831406e-23,5.293844761238699e-21,0.6947674418604651,0.9178082191780822
Neural Plate Border 1,sema6d,-9.903283,-1.4758914,4.0282977695994915e-23,4.281860803751372e-21,0.5203488372093024,0.8264840182648402
Neural Plate Border 1,gdf6,-10.021261,-3.5377588,1.229238702861557e-23,1.3767002499366351e-21,0.09302325581395349,0.5662100456621004
Neural Plate Border 1,c2h21orf91,-10.028171,-2.2059858,1.146210987390598e-23,1.3087848973599442e-21,0.25290697674418605,0.6894977168949772
Neural Plate Border 1,rrp12,-10.039862,-1.5310642,1.0181683611174865e-23,1.171735408024616e-21,0.47093023255813954,0.7945205479452054
Neural Plate Border 1,pprc1,-10.055804,-1.855953,8.66109080986011e-24,1.0086547628008799e-21,0.36627906976744184,0.726027397260274
Neural Plate Border 1,spns2,-10.092474,-3.7610097,5.964711783544094e-24,7.0304229897087675e-22,0.09011627906976744,0.5616438356164384
Neural Plate Border 1,fgfr4,-10.096193,-1.137651,5.742804996822602e-24,6.796272585510991e-22,0.7005813953488372,0.9269406392694064
Neural Plate Border 1,tent4b,-10.1039,-1.1527939,5.3088229421224005e-24,6.308219651267475e-22,0.6947674418604651,0.9406392694063926
Neural Plate Border 1,ptmap12,-10.119843,-1.2110056,4.511406540770242e-24,5.449294404679957e-22,0.6715116279069767,0.9315068493150684
Neural Plate Border 1,fer,-10.136582,-1.6661117,3.8016634333825446e-24,4.630267659216882e-22,0.44476744186046513,0.817351598173516
Neural Plate Border 1,disp1,-10.151197,-1.5585462,3.273230300608319e-24,4.0201594502975536e-22,0.49127906976744184,0.7853881278538812
Neural Plate Border 1,celf3,-10.156777,-2.0030136,3.0912579226595896e-24,3.812681870770568e-22,0.3313953488372093,0.7534246575342466
Neural Plate Border 1,s1pr5,-10.205403,-3.401055,1.875399287182611e-24,2.362922265673918e-22,0.10755813953488372,0.5844748858447488
Neural Plate Border 1,LOC100486597,-10.228255,-1.3356375,1.481646659044182e-24,1.8912669646515494e-22,0.5843023255813954,0.8767123287671232
Neural Plate Border 1,mybbp1a,-10.238884,-2.0919814,1.3275895973180316e-24,1.702051382421201e-22,0.29941860465116277,0.7123287671232876
Neural Plate Border 1,pxdn,-10.365365,-2.0046291,3.563939210604433e-25,4.7787847277604674e-23,0.34011627906976744,0.730593607305936
Neural Plate Border 1,XB5748694,-10.379448,-2.1788378,3.0754710789880976e-25,4.181353260925632e-23,0.29651162790697677,0.7168949771689498
Neural Plate Border 1,myo10,-10.408677,-1.5057652,2.26344678715152e-25,3.091720235290938e-23,0.5348837209302325,0.8310502283105022
Neural Plate Border 1,phf14,-10.450395,-1.3528037,1.4591642695282921e-25,2.0408052996450483e-23,0.6133720930232558,0.8858447488584474
Neural Plate Border 1,ctnnd2,-10.50221,-1.5427723,8.438132926559125e-26,1.2090934489031853e-23,0.6453488372093024,0.9497716894977168
Neural Plate Border 1,sbno1,-10.56173,-1.1609142,4.483200966567198e-26,6.618608457258877e-24,0.6802325581395349,0.9269406392694064
Neural Plate Border 1,ncam1,-10.584051,-1.779293,3.533443239574809e-26,5.242948189645241e-24,0.5348837209302325,0.8858447488584474
Neural Plate Border 1,lrp1,-10.609028,-2.061755,2.705486248344708e-26,4.07649837759609e-24,0.3313953488372093,0.7442922374429224
Neural Plate Border 1,phldb1,-10.630285,-2.106264,2.154519801495481e-26,3.314672016711285e-24,0.313953488372093,0.776255707762557
Neural Plate Border 1,fam53a,-10.642242,-1.85653,1.8951196126712046e-26,2.9466085849995738e-24,0.42151162790697677,0.821917808219178
Neural Plate Border 1,cmss1,-10.647291,-1.6205152,1.7951242255923485e-26,2.8060575528497293e-24,0.48255813953488375,0.771689497716895
Neural Plate Border 1,tox,-10.658983,-1.8257526,1.5831926847233527e-26,2.501530019845855e-24,0.561046511627907,0.9726027397260274
Neural Plate Border 1,tmeff1,-10.6712055,-2.2205632,1.3881297602660408e-26,2.2052402729530783e-24,0.3081395348837209,0.7534246575342466
Neural Plate Border 1,lama5,-10.6884775,-2.6205254,1.152471901034898e-26,1.8509838537995112e-24,0.2180232558139535,0.6575342465753424
Neural Plate Border 1,pes1,-10.706812,-2.1522415,9.456224127784362e-27,1.5442172484875122e-24,0.30523255813953487,0.726027397260274
Neural Plate Border 1,cdh2,-10.708938,-1.3853908,9.24160732336839e-27,1.526222732595375e-24,0.6947674418604651,0.9178082191780822
Neural Plate Border 1,grb10,-10.714252,-1.53659,8.725963304617287e-27,1.4575350477558165e-24,0.5290697674418605,0.8584474885844748
Neural Plate Border 1,fam110b,-10.915666,-1.1169614,9.70157858564e-28,1.7393312456500223e-25,0.7209302325581395,0.8904109589041096
Neural Plate Border 1,notch1,-10.973592,-1.4053786,5.11971218710701e-28,9.353394183832812e-26,0.622093023255814,0.9223744292237442
Neural Plate Border 1,nolc1,-11.031519,-1.2545627,2.6927929766529433e-28,5.178488914509354e-26,0.6453488372093024,0.8858447488584474
Neural Plate Border 1,srrm4,-11.070845,-2.5044415,1.7375496984537364e-28,3.455123485408243e-26,0.27906976744186046,0.726027397260274
Neural Plate Border 1,ralgps2,-11.216192,-2.0655575,3.395798062511138e-29,7.141192314047703e-27,0.3633720930232558,0.7579908675799086
Neural Plate Border 1,pbx1,-11.258972,-1.563085,2.0918330423509753e-29,4.4960567397765704e-27,0.5843023255813954,0.9178082191780822
Neural Plate Border 1,nop58,-11.28395,-1.4213307,1.5751118145623729e-29,3.461811537704716e-27,0.5988372093023255,0.8904109589041096
Neural Plate Border 1,nid2,-11.350379,-1.9227192,7.384168240463572e-30,1.7130684272777037e-27,0.436046511627907,0.771689497716895
Neural Plate Border 1,kdm1a,-11.598559,-1.3876607,4.190740160258128e-31,1.123848858940416e-28,0.6627906976744186,0.9497716894977168
Neural Plate Border 1,ptpn13,-11.608657,-1.163943,3.724211118950582e-31,1.0174057497013502e-28,0.7848837209302325,0.9680365296803652
Neural Plate Border 1,lamb1,-11.750018,-1.6721498,7.06037392365959e-32,2.1059366343111578e-29,0.5668604651162791,0.9178082191780822
Neural Plate Border 1,sox5,-12.049481,-1.6207004,1.951738772742241e-33,6.269370996266863e-31,0.5668604651162791,0.9041095890410958
Neural Plate Border 1,noc2l,-12.154971,-1.6076053,5.398080053245672e-34,1.8563679768991089e-31,0.5726744186046512,0.9178082191780822
Neural Plate Border 1,slc23a2,-12.311213,-2.5714502,7.88294555095432e-35,2.7762214626499483e-32,0.29651162790697677,0.8036529680365296
Neural Plate Border 1,rasal2,-12.369405,-1.3152862,3.8264508716210643e-35,1.3640364076628698e-32,0.7180232558139535,0.9406392694063926
Neural Plate Border 1,sh3pxd2a,-12.474363,-2.8159938,1.0302630497801305e-35,4.1254272887839715e-33,0.2616279069767442,0.7579908675799086
Neural Plate Border 1,znf423,-12.488181,-1.6853676,8.661158794692792e-36,3.5163101767731244e-33,0.6569767441860465,0.9634703196347032
Neural Plate Border 1,znf521,-12.582776,-1.9368352,2.6263562412586768e-36,1.0967288469747482e-33,0.5058139534883721,0.8858447488584474
Neural Plate Border 1,itga5,-12.6587715,-2.298825,1.000531974682296e-36,4.365156739095253e-34,0.35174418604651164,0.8264840182648402
Neural Plate Border 1,dock1,-12.674714,-1.2882708,8.165575031929854e-37,3.6164836933082054e-34,0.688953488372093,0.908675799086758
Neural Plate Border 1,cdon,-13.093485,-2.0462298,3.5876313788789695e-39,1.8081043592415717e-36,0.4883720930232558,0.908675799086758
Neural Plate Border 1,c3,-13.399857,-2.6394136,6.058003605934198e-41,3.541630068101251e-38,0.3808139534883721,0.8767123287671232
Neural Plate Border 1,rasgef1b,-13.83829,-2.2422595,1.497257691335678e-43,1.042055704176981e-40,0.45058139534883723,0.8949771689497716
Neural Plate Border 1,lamc1,-14.169108,-2.2744873,1.4229608989022174e-45,1.1554047232169643e-42,0.43023255813953487,0.9360730593607306
Neural Plate Border 1,ptprs,-14.782118,-1.7297988,1.9106226866932756e-49,1.861647058491038e-46,0.6424418604651163,0.9497716894977168
Neural Plate Border 1,gse1,-15.047835,-1.5399791,3.567172131411472e-51,3.8619262434551386e-48,0.7122093023255814,0.9863013698630136
Neural Plate Border 1,tox3,-15.393002,-2.8115246,1.8237118141812205e-53,2.1323568016132503e-50,0.3372093023255814,0.9269406392694064
Neural Plate Border 1,ptprd,-15.995383,-3.2265697,1.3760930415458843e-57,2.1170829314435655e-54,0.2936046511627907,0.8858447488584474
Neural Plate Border 1,col18a1,-18.528465,-2.8515778,1.2170766040375225e-76,1.778818310631041e-72,0.48255813953488375,0.9863013698630136
Neural Plate Border 2,col18a1,18.528465,2.8515778,1.2170766040375225e-76,1.778818310631041e-72,0.9863013698630136,0.48255813953488375
Neural Plate Border 2,ptprd,15.995383,3.2265697,1.3760930415458843e-57,2.1170829314435655e-54,0.8858447488584474,0.2936046511627907
Neural Plate Border 2,tox3,15.393002,2.8115246,1.8237118141812205e-53,2.1323568016132503e-50,0.9269406392694064,0.3372093023255814
Neural Plate Border 2,gse1,15.047835,1.5399791,3.567172131411472e-51,3.8619262434551386e-48,0.9863013698630136,0.7122093023255814
Neural Plate Border 2,ptprs,14.782118,1.7297988,1.9106226866932756e-49,1.861647058491038e-46,0.9497716894977168,0.6424418604651163
Neural Plate Border 2,lamc1,14.169108,2.2744873,1.4229608989022174e-45,1.1554047232169643e-42,0.9360730593607306,0.43023255813953487
Neural Plate Border 2,rasgef1b,13.83829,2.2422595,1.497257691335678e-43,1.042055704176981e-40,0.8949771689497716,0.45058139534883723
Neural Plate Border 2,c3,13.399857,2.6394136,6.058003605934198e-41,3.541630068101251e-38,0.8767123287671232,0.3808139534883721
Neural Plate Border 2,cdon,13.093485,2.0462298,3.5876313788789695e-39,1.8081043592415717e-36,0.908675799086758,0.4883720930232558
Neural Plate Border 2,dock1,12.674714,1.2882708,8.165575031929854e-37,3.6164836933082054e-34,0.908675799086758,0.688953488372093
Neural Plate Border 2,itga5,12.6587715,2.298825,1.000531974682296e-36,4.365156739095253e-34,0.8264840182648402,0.35174418604651164
Neural Plate Border 2,znf521,12.582776,1.9368352,2.6263562412586768e-36,1.0967288469747482e-33,0.8858447488584474,0.5058139534883721
Neural Plate Border 2,znf423,12.488181,1.6853676,8.661158794692792e-36,3.5163101767731244e-33,0.9634703196347032,0.6569767441860465
Neural Plate Border 2,sh3pxd2a,12.474363,2.8159938,1.0302630497801305e-35,4.1254272887839715e-33,0.7579908675799086,0.2616279069767442
Neural Plate Border 2,rasal2,12.369405,1.3152862,3.8264508716210643e-35,1.3640364076628698e-32,0.9406392694063926,0.7180232558139535
Neural Plate Border 2,slc23a2,12.311213,2.5714502,7.88294555095432e-35,2.7762214626499483e-32,0.8036529680365296,0.29651162790697677
Neural Plate Border 2,noc2l,12.154971,1.6076053,5.398080053245672e-34,1.8563679768991089e-31,0.9178082191780822,0.5726744186046512
Neural Plate Border 2,sox5,12.049481,1.6207004,1.951738772742241e-33,6.269370996266863e-31,0.9041095890410958,0.5668604651162791
Neural Plate Border 2,lamb1,11.750018,1.6721498,7.06037392365959e-32,2.1059366343111578e-29,0.9178082191780822,0.5668604651162791
Neural Plate Border 2,ptpn13,11.608657,1.163943,3.724211118950582e-31,1.0174057497013502e-28,0.9680365296803652,0.7848837209302325
Neural Plate Border 2,kdm1a,11.598559,1.3876607,4.190740160258128e-31,1.123848858940416e-28,0.9497716894977168,0.6627906976744186
Neural Plate Border 2,nid2,11.350379,1.9227192,7.384168240463572e-30,1.7130684272777037e-27,0.771689497716895,0.436046511627907
Neural Plate Border 2,nop58,11.28395,1.4213307,1.5751118145623729e-29,3.461811537704716e-27,0.8904109589041096,0.5988372093023255
Neural Plate Border 2,pbx1,11.258972,1.563085,2.0918330423509753e-29,4.4960567397765704e-27,0.9178082191780822,0.5843023255813954
Neural Plate Border 2,ralgps2,11.216192,2.0655575,3.395798062511138e-29,7.141192314047703e-27,0.7579908675799086,0.3633720930232558
Neural Plate Border 2,srrm4,11.070845,2.5044415,1.7375496984537364e-28,3.455123485408243e-26,0.726027397260274,0.27906976744186046
Neural Plate Border 2,nolc1,11.031519,1.2545627,2.6927929766529433e-28,5.178488914509354e-26,0.8858447488584474,0.6453488372093024
Neural Plate Border 2,notch1,10.973592,1.4053786,5.11971218710701e-28,9.353394183832812e-26,0.9223744292237442,0.622093023255814
Neural Plate Border 2,fam110b,10.915666,1.1169614,9.70157858564e-28,1.7393312456500223e-25,0.8904109589041096,0.7209302325581395
Neural Plate Border 2,grb10,10.714252,1.53659,8.725963304617287e-27,1.4575350477558165e-24,0.8584474885844748,0.5290697674418605
Neural Plate Border 2,cdh2,10.708938,1.3853908,9.24160732336839e-27,1.526222732595375e-24,0.9178082191780822,0.6947674418604651
Neural Plate Border 2,pes1,10.706812,2.1522415,9.456224127784362e-27,1.5442172484875122e-24,0.726027397260274,0.30523255813953487
Neural Plate Border 2,lama5,10.6884775,2.6205254,1.152471901034898e-26,1.8509838537995112e-24,0.6575342465753424,0.2180232558139535
Neural Plate Border 2,tmeff1,10.6712055,2.2205632,1.3881297602660408e-26,2.2052402729530783e-24,0.7534246575342466,0.3081395348837209
Neural Plate Border 2,tox,10.658983,1.8257526,1.5831926847233527e-26,2.501530019845855e-24,0.9726027397260274,0.561046511627907
Neural Plate Border 2,cmss1,10.647291,1.6205152,1.7951242255923485e-26,2.8060575528497293e-24,0.771689497716895,0.48255813953488375
Neural Plate Border 2,fam53a,10.642242,1.85653,1.8951196126712046e-26,2.9466085849995738e-24,0.821917808219178,0.42151162790697677
Neural Plate Border 2,phldb1,10.630285,2.106264,2.154519801495481e-26,3.314672016711285e-24,0.776255707762557,0.313953488372093
Neural Plate Border 2,lrp1,10.609028,2.061755,2.705486248344708e-26,4.07649837759609e-24,0.7442922374429224,0.3313953488372093
Neural Plate Border 2,ncam1,10.584051,1.779293,3.533443239574809e-26,5.242948189645241e-24,0.8858447488584474,0.5348837209302325
Neural Plate Border 2,sbno1,10.56173,1.1609142,4.483200966567198e-26,6.618608457258877e-24,0.9269406392694064,0.6802325581395349
Neural Plate Border 2,ctnnd2,10.50221,1.5427723,8.438132926559125e-26,1.2090934489031853e-23,0.9497716894977168,0.6453488372093024
Neural Plate Border 2,phf14,10.450395,1.3528037,1.4591642695282921e-25,2.0408052996450483e-23,0.8858447488584474,0.6133720930232558
Neural Plate Border 2,myo10,10.408677,1.5057652,2.26344678715152e-25,3.091720235290938e-23,0.8310502283105022,0.5348837209302325
Neural Plate Border 2,XB5748694,10.379448,2.1788378,3.0754710789880976e-25,4.181353260925632e-23,0.7168949771689498,0.29651162790697677
Neural Plate Border 2,pxdn,10.365365,2.0046291,3.563939210604433e-25,4.7787847277604674e-23,0.730593607305936,0.34011627906976744
Neural Plate Border 2,mybbp1a,10.238884,2.0919814,1.3275895973180316e-24,1.702051382421201e-22,0.7123287671232876,0.29941860465116277
Neural Plate Border 2,LOC100486597,10.228255,1.3356375,1.481646659044182e-24,1.8912669646515494e-22,0.8767123287671232,0.5843023255813954
Neural Plate Border 2,s1pr5,10.205403,3.401055,1.875399287182611e-24,2.362922265673918e-22,0.5844748858447488,0.10755813953488372
Neural Plate Border 2,celf3,10.156777,2.0030136,3.0912579226595896e-24,3.812681870770568e-22,0.7534246575342466,0.3313953488372093
Neural Plate Border 2,disp1,10.151197,1.5585462,3.273230300608319e-24,4.0201594502975536e-22,0.7853881278538812,0.49127906976744184
Neural Plate Border 2,fer,10.136582,1.6661117,3.8016634333825446e-24,4.630267659216882e-22,0.817351598173516,0.44476744186046513
Neural Plate Border 2,ptmap12,10.119843,1.2110056,4.511406540770242e-24,5.449294404679957e-22,0.9315068493150684,0.6715116279069767
Neural Plate Border 2,tent4b,10.1039,1.1527939,5.3088229421224005e-24,6.308219651267475e-22,0.9406392694063926,0.6947674418604651
Neural Plate Border 2,fgfr4,10.096193,1.137651,5.742804996822602e-24,6.796272585510991e-22,0.9269406392694064,0.7005813953488372
Neural Plate Border 2,spns2,10.092474,3.7610097,5.964711783544094e-24,7.0304229897087675e-22,0.5616438356164384,0.09011627906976744
Neural Plate Border 2,pprc1,10.055804,1.855953,8.66109080986011e-24,1.0086547628008799e-21,0.726027397260274,0.36627906976744184
Neural Plate Border 2,rrp12,10.039862,1.5310642,1.0181683611174865e-23,1.171735408024616e-21,0.7945205479452054,0.47093023255813954
Neural Plate Border 2,c2h21orf91,10.028171,2.2059858,1.146210987390598e-23,1.3087848973599442e-21,0.6894977168949772,0.25290697674418605
Neural Plate Border 2,gdf6,10.021261,3.5377588,1.229238702861557e-23,1.3767002499366351e-21,0.5662100456621004,0.09302325581395349
Neural Plate Border 2,sema6d,9.903283,1.4758914,4.0282977695994915e-23,4.281860803751372e-21,0.8264840182648402,0.5203488372093024
Neural Plate Border 2,mtf2,9.880962,1.0889909,5.034685243831406e-23,5.293844761238699e-21,0.9178082191780822,0.6947674418604651
Neural Plate Border 2,adam13,9.8727255,1.5321505,5.465888099051851e-23,5.721331752131934e-21,0.8036529680365296,0.49127906976744184
Neural Plate Border 2,ccdc88a,9.872459,3.4953673,5.480390306855536e-23,5.721331752131934e-21,0.5570776255707762,0.09883720930232558
Neural Plate Border 2,nop2,9.861034,1.6403216,6.141368409169734e-23,6.343404239167509e-21,0.776255707762557,0.4273255813953488
Neural Plate Border 2,brf1,9.850937,1.2325782,6.790811139611498e-23,6.989514099365623e-21,0.8310502283105022,0.5843023255813954
Neural Plate Border 2,gli3,9.827819,1.4223775,8.54489936219142e-23,8.733424939028581e-21,0.9360730593607306,0.6453488372093024
Neural Plate Border 2,hmga2,9.798591,1.519663,1.1416770662848846e-22,1.1468165747276103e-20,0.863013698630137,0.5174418604651163
Neural Plate Border 2,shroom4,9.721798,1.7012769,2.434440139025661e-22,2.3879570370422517e-20,0.821917808219178,0.4273255813953488
Neural Plate Border 2,dennd2c,9.706653,2.2164536,2.824623468916657e-22,2.7522189539967596e-20,0.6894977168949772,0.25872093023255816
Neural Plate Border 2,cttnbp2nl,9.653243,2.320522,4.762528154929709e-22,4.5643757539918134e-20,0.6575342465753424,0.2238372093023256
Neural Plate Border 2,cbfa2t2,9.584422,1.62198,9.297653751374578e-22,8.85275950509545e-20,0.7808219178082192,0.4418604651162791
Neural Plate Border 2,grip1,9.554662,2.6899307,1.2398807334402571e-21,1.1729111235984516e-19,0.593607305936073,0.1686046511627907
Neural Plate Border 2,zcchc7,9.527027,1.4430828,1.6185143188519583e-21,1.49717696374562e-19,0.7808219178082192,0.48546511627906974
Neural Plate Border 2,sdc2,9.510552,1.6188539,1.896519106533653e-21,1.7433066038706042e-19,0.7625570776255708,0.42441860465116277
Neural Plate Border 2,nop56,9.347934,1.1069124,8.937651767661396e-21,7.94092701582098e-19,0.8447488584474886,0.625
Neural Plate Border 2,smarcad1,9.333585,1.638321,1.023490305208068e-20,8.984277811272383e-19,0.7488584474885844,0.4127906976744186
Neural Plate Border 2,polr1a,9.230487,2.2004118,2.694046080609257e-20,2.316166499479094e-18,0.634703196347032,0.22674418604651161
Neural Plate Border 2,eif5b,9.209761,1.5232356,3.268521931518568e-20,2.777388505238932e-18,0.771689497716895,0.45930232558139533
Neural Plate Border 2,tet3,9.204181,1.0615201,3.4428716228352547e-20,2.908629491534605e-18,0.9223744292237442,0.7238372093023255
Neural Plate Border 2,bcar1,9.188503,1.9997853,3.983442947439839e-20,3.3556201958678368e-18,0.680365296803653,0.27906976744186046
Neural Plate Border 2,ptpru,9.132172,2.496787,6.7138883200867e-20,5.5595940363868085e-18,0.5981735159817352,0.18604651162790697
Neural Plate Border 2,ssbp4,9.117291,1.7792877,7.702535348081879e-20,6.342332697458631e-18,0.7397260273972602,0.38953488372093026
Neural Plate Border 2,LOC100488469,9.098957,1.6138994,9.120362155820656e-20,7.467711657613266e-18,0.8036529680365296,0.4273255813953488
Neural Plate Border 2,zeb2,9.096831,1.4328068,9.300587534714798e-20,7.551818728534674e-18,0.8858447488584474,0.6308139534883721
Neural Plate Border 2,ror2,9.063351,1.1794279,1.2650354226022756e-19,1.0075817558061885e-17,0.9041095890410958,0.7122093023255814
Neural Plate Border 2,cfh,9.040234,1.1447247,1.5633783832592524e-19,1.2317820356078492e-17,0.9497716894977168,0.7848837209302325
Neural Plate Border 2,lmx1b,8.986027,1.1914552,2.5632916654030855e-19,1.9874689302757982e-17,0.863013698630137,0.6686046511627907
Neural Plate Border 2,wdr75,8.955204,1.3252132,3.3910881000853707e-19,2.622351752740621e-17,0.7990867579908676,0.5174418604651163
Neural Plate Border 2,mex3a,8.935009,1.8909714,4.07144235790097e-19,3.115506061879666e-17,0.680365296803653,0.29941860465116277
Neural Plate Border 2,cep85l,8.915346,1.7563944,4.862947657360711e-19,3.673096200834908e-17,0.6986301369863014,0.34011627906976744
Neural Plate Border 2,dzip1,8.906312,1.9135196,5.275842870271091e-19,3.974694921157069e-17,0.684931506849315,0.29069767441860467
Neural Plate Border 2,cecr2,8.878146,1.7911786,6.798413417420296e-19,5.0824660512688663e-17,0.6621004566210046,0.3226744186046512
Neural Plate Border 2,ddx10,8.87044,1.0953159,7.285749801729032e-19,5.419077670593927e-17,0.8493150684931506,0.6308139534883721
Neural Plate Border 2,c9h7orf50,8.869111,2.049369,7.37319276572279e-19,5.4701979120518496e-17,0.6301369863013698,0.2558139534883721
Neural Plate Border 2,zic5,8.836163,2.8904681,9.906274564904434e-19,7.239257795168038e-17,0.5342465753424658,0.12209302325581395
Neural Plate Border 2,aplp2,8.83005,1.2919725,1.0462809840042591e-18,7.626892629283915e-17,0.9223744292237442,0.625
Neural Plate Border 2,nop14,8.810654,1.6074642,1.2441834690215107e-18,9.044940726534121e-17,0.7077625570776256,0.37790697674418605
Neural Plate Border 2,hgf,8.8101225,2.388394,1.2500961491292754e-18,9.044940726534121e-17,0.589041095890411,0.23255813953488372
Neural Plate Border 2,mcph1,8.767608,1.3658134,1.8250301391401234e-18,1.29799163010231e-16,0.776255707762557,0.4883720930232558
Neural Plate Border 2,dock4,8.754321,2.3920624,2.0533504088099027e-18,1.4497943429932915e-16,0.5799086757990868,0.17732558139534885
Neural Plate Border 2,ksr2,8.75379,1.9729669,2.0630474409773693e-18,1.4531310782460117e-16,0.6666666666666666,0.26744186046511625
Neural Plate Border 2,mn1,8.734924,1.3623003,2.438197577475472e-18,1.7050467317508498e-16,0.7671232876712328,0.502906976744186
Neural Plate Border 2,aatf,8.715793,1.2643312,2.887317936066987e-18,2.0095045378374782e-16,0.8127853881278538,0.5319767441860465
Neural Plate Border 2,pald1,8.69613,2.4430635,3.433968485030477e-18,2.3674135091020253e-16,0.5662100456621004,0.18313953488372092
Neural Plate Border 2,itgb1,8.684172,1.3114072,3.81510752587337e-18,2.611695739784648e-16,0.8721461187214612,0.5436046511627907
Neural Plate Border 2,nbea,8.662914,1.8350183,4.598523645583712e-18,3.1333203889057687e-16,0.7168949771689498,0.3488372093023256
Neural Plate Border 2,mga,8.662118,1.1804793,4.630803363067595e-18,3.1479770489727643e-16,0.7671232876712328,0.5436046511627907
Neural Plate Border 2,mphosph10,8.650692,1.6225003,5.1188199325690075e-18,3.463616329836219e-16,0.7123287671232876,0.37209302325581395
Neural Plate Border 2,ankrd10,8.65016,1.585058,5.142714014399596e-18,3.471747652538443e-16,0.726027397260274,0.3866279069767442
Neural Plate Border 2,htra1,8.643783,2.381702,5.438175060162649e-18,3.6627487369496403e-16,0.5799086757990868,0.20348837209302326
Neural Plate Border 2,ddx52,8.602597,1.5250555,7.793230003916214e-18,5.165621456790813e-16,0.7214611872146118,0.39825581395348836
Neural Plate Border 2,gpc4,8.600737,1.1483572,7.920587984749946e-18,5.238160800502843e-16,0.954337899543379,0.688953488372093
Neural Plate Border 2,LOC100488559,8.574963,1.1662779,9.911924717634601e-18,6.467309629936987e-16,0.7945205479452054,0.5784883720930233
Neural Plate Border 2,nup58,8.559285,1.2973611,1.1356965450221787e-17,7.393662741100959e-16,0.7808219178082192,0.502906976744186
Neural Plate Border 2,lin28b,8.553439,1.1496382,1.1947422543546e-17,7.7264404506724135e-16,0.9223744292237442,0.6627906976744186
Neural Plate Border 2,dock7,8.545733,1.4763721,1.2772253991264244e-17,8.205401239970223e-16,0.7123287671232876,0.42151162790697677
Neural Plate Border 2,ell,8.545733,1.6503851,1.2772253991264244e-17,8.205401239970223e-16,0.6940639269406392,0.35174418604651164
Neural Plate Border 2,mcc,8.545467,1.2556866,1.2801676904227814e-17,8.206267929550072e-16,0.7990867579908676,0.5319767441860465
Neural Plate Border 2,ago2,8.538293,1.0068243,1.3621876550661864e-17,8.712933773575427e-16,0.9041095890410958,0.688953488372093
Neural Plate Border 2,ran,8.487541,1.1602347,2.1105469509861147e-17,1.3382515818714777e-15,0.8812785388127854,0.6104651162790697
Neural Plate Border 2,rcl1,8.485415,1.839881,2.1494911343498012e-17,1.3599951374064727e-15,0.639269406392694,0.28488372093023256
Neural Plate Border 2,dpysl4,8.422174,2.613324,3.6955888259939516e-17,2.2984203611197702e-15,0.5342465753424658,0.14244186046511628
Neural Plate Border 2,klhdc4,8.4136715,1.8605258,3.9737114161026584e-17,2.460922847544424e-15,0.6438356164383562,0.27906976744186046
Neural Plate Border 2,trim33,8.406763,1.0070815,4.2148056819609364e-17,2.5992190904936737e-15,0.9178082191780822,0.688953488372093
Neural Plate Border 2,utp6,8.405701,1.3710485,4.2531560294822016e-17,2.617347450479879e-15,0.7579908675799086,0.45348837209302323
Neural Plate Border 2,parp1,8.372751,1.1595268,5.628824024196121e-17,3.434992798565278e-15,0.908675799086758,0.627906976744186
Neural Plate Border 2,mbd3,8.332097,1.799415,7.942301976026834e-17,4.826640936824124e-15,0.6301369863013698,0.29941860465116277
Neural Plate Border 2,nckap5l,8.324391,2.402226,8.476344371202253e-17,5.1298555344640385e-15,0.5525114155251142,0.17151162790697674
Neural Plate Border 2,npm1,8.294631,1.2660093,1.0892316582656697e-16,6.524452992369629e-15,0.7488584474885844,0.4941860465116279
Neural Plate Border 2,abcb5,8.288785,1.25634,1.1441132738995322e-16,6.825219410072903e-15,0.8721461187214612,0.5784883720930233
Neural Plate Border 2,lrig1,8.279219,1.4182241,1.239857547184389e-16,7.381318933146004e-15,0.6894977168949772,0.4273255813953488
Neural Plate Border 2,srgap1,8.278156,1.5183094,1.2509716133479564e-16,7.432347810929698e-15,0.7168949771689498,0.4011627906976744
Neural Plate Border 2,cblb,8.205881,1.4703062,2.289060358789094e-16,1.3223621214973125e-14,0.7168949771689498,0.39825581395348836
Neural Plate Border 2,ctps1,8.159115,1.6535523,3.3748884631692094e-16,1.9230285510116794e-14,0.6529680365296804,0.32848837209302323
Neural Plate Border 2,rbm34,8.159115,1.6797286,3.3748884631692094e-16,1.9230285510116794e-14,0.6301369863013698,0.31976744186046513
Neural Plate Border 2,pum3,8.150081,1.6809913,3.636824455977116e-16,2.068249332153056e-14,0.634703196347032,0.3168604651162791
Neural Plate Border 2,cdc42bpa,8.096405,1.5631813,5.660691608976108e-16,3.1698788586586326e-14,0.6757990867579908,0.3488372093023256
Neural Plate Border 2,anos1,8.059205,4.3303967,7.679217670026963e-16,4.235305881369022e-14,0.4337899543378995,0.040697674418604654
Neural Plate Border 2,abi2,8.057079,1.9338838,7.8138938751146735e-16,4.3014676433799814e-14,0.589041095890411,0.25290697674418605
Neural Plate Border 2,bms1,8.045919,1.5254384,8.560045095093824e-16,4.694534299712713e-14,0.684931506849315,0.37209302325581395
Neural Plate Border 2,meis3,8.040605,1.0737414,8.939608956177247e-16,4.893515157266238e-14,0.8127853881278538,0.6511627906976745
Neural Plate Border 2,esf1,8.037416,1.3094662,9.17525619591885e-16,5.013119885287923e-14,0.7534246575342466,0.4680232558139535
Neural Plate Border 2,fgd4,8.025724,1.8574462,1.009283354188487e-15,5.493922109177591e-14,0.6164383561643836,0.2703488372093023
Neural Plate Border 2,slk,7.9975586,1.5118322,1.2691031267830667e-15,6.819329687315409e-14,0.680365296803653,0.375
Neural Plate Border 2,bach2,7.9949017,2.5298886,1.2967750560003581e-15,6.955235167329627e-14,0.5114155251141552,0.1511627906976744
Neural Plate Border 2,ptges3,7.9895873,1.2821817,1.3539139060383074e-15,7.23514760281641e-14,0.7534246575342466,0.4738372093023256
Neural Plate Border 2,dlg5,7.9561067,1.0723538,1.7753720908548678e-15,9.350612898698853e-14,0.771689497716895,0.5755813953488372
Neural Plate Border 2,pdcd11,7.9244866,1.21956,2.290911958705246e-15,1.1852326984940364e-13,0.776255707762557,0.5145348837209303
Neural Plate Border 2,clic4,7.919438,2.757738,2.385869082015202e-15,1.2300059812413822e-13,0.4931506849315068,0.12209302325581395
Neural Plate Border 2,heatr1,7.9130607,1.5820378,2.5113709249978143e-15,1.2924275265600547e-13,0.634703196347032,0.32848837209302323
Neural Plate Border 2,tln2,7.912529,2.164434,2.522118169029751e-15,1.2956772618437375e-13,0.5570776255707762,0.20348837209302326
Neural Plate Border 2,galnt16,7.9122634,2.7490447,2.5275087620343498e-15,1.296168572333791e-13,0.4931506849315068,0.11918604651162791
Neural Plate Border 2,ppp1r9al,7.9082775,1.3132949,2.6097423308267783e-15,1.3336604558111462e-13,0.771689497716895,0.4738372093023256
Neural Plate Border 2,akap12,7.8918033,1.0887382,2.978511925606247e-15,1.5037112624766184e-13,0.863013698630137,0.6337209302325582
Neural Plate Border 2,arhgef17,7.890475,1.3394333,3.0103947846199354e-15,1.517187068090092e-13,0.7397260273972602,0.45058139534883723
Neural Plate Border 2,tenm4,7.88702,1.2198015,3.09487136668347e-15,1.5570771931071344e-13,0.91324200913242,0.6569767441860465
Neural Plate Border 2,bmpr1b,7.8822374,1.4514648,3.2157040582622643e-15,1.6150901258945748e-13,0.8584474885844748,0.5174418604651163
Neural Plate Border 2,pmm2,7.86656,1.3107928,3.645257970050177e-15,1.824563967851656e-13,0.7671232876712328,0.4738372093023256
Neural Plate Border 2,tns3,7.846897,1.3776368,4.264573217437909e-15,2.1236412217875216e-13,0.7123287671232876,0.42151162790697677
Neural Plate Border 2,ets1,7.8445053,1.6334231,4.34662804668403e-15,2.160821163820083e-13,0.6255707762557078,0.34011627906976744
Neural Plate Border 2,LOC116410428,7.8418484,1.0806649,4.439623759238481e-15,2.203304619801359e-13,0.7808219178082192,0.5523255813953488
Neural Plate Border 2,LOC100493456,7.824311,1.5765395,5.1044476436868156e-15,2.5161569826746933e-13,0.6621004566210046,0.35174418604651164
Neural Plate Border 2,nop53,7.762665,1.4773391,8.316333889923892e-15,4.06512969793253e-13,0.6621004566210046,0.36627906976744184
Neural Plate Border 2,noc3l,7.762133,1.323957,8.351265508159794e-15,4.0753896839569105e-13,0.7077625570776256,0.4418604651162791
Neural Plate Border 2,cdc42bpb,7.7323728,1.0609773,1.055602577880739e-14,5.083413336743309e-13,0.8401826484018264,0.5930232558139535
Neural Plate Border 2,rbm19,7.720947,2.1342452,1.154685822638441e-14,5.533216603531848e-13,0.5388127853881278,0.18895348837209303
Neural Plate Border 2,pa2g4,7.7140384,1.5640439,1.2189783955429793e-14,5.83174426843156e-13,0.6575342465753424,0.34011627906976744
Neural Plate Border 2,sh3pxd2b,7.6755095,1.5253178,1.647626701521085e-14,7.793167655689779e-13,0.6438356164383562,0.3546511627906977
Neural Plate Border 2,spag9,7.6707263,1.3174736,1.7102498859926925e-14,8.063276518943936e-13,0.7168949771689498,0.4418604651162791
Neural Plate Border 2,pbx3,7.668335,1.9359947,1.7424337576380594e-14,8.18859825876497e-13,0.5662100456621004,0.2703488372093023
Neural Plate Border 2,dact1,7.664349,1.9902275,1.797402547721503e-14,8.433366592688164e-13,0.547945205479452,0.22093023255813954
Neural Plate Border 2,gab3,7.6590347,1.538919,1.873355597485674e-14,8.775650235593547e-13,0.6529680365296804,0.37790697674418605
Neural Plate Border 2,ccdc88c,7.657972,1.1889831,1.8889207924311733e-14,8.834406989368901e-13,0.817351598173516,0.5377906976744186
Neural Plate Border 2,smarca5,7.643889,1.0194081,2.1075716763570588e-14,9.82558655049333e-13,0.821917808219178,0.6017441860465116
Neural Plate Border 2,mycl,7.626352,1.8499342,2.4149057771855563e-14,1.1204779487763651e-12,0.593607305936073,0.24709302325581395
Neural Plate Border 2,meis2,7.615457,2.0017912,2.6275966399672235e-14,1.211471252095929e-12,0.5753424657534246,0.23837209302325582
Neural Plate Border 2,atxn7,7.6135974,1.2202867,2.6657069029426428e-14,1.2271067477152189e-12,0.7397260273972602,0.4680232558139535
Neural Plate Border 2,fam171a1,7.61094,1.4479225,2.721094888056906e-14,1.2486707169982954e-12,0.6940639269406392,0.3808139534883721
Neural Plate Border 2,cnn3,7.60908,1.2535404,2.760538404991564e-14,1.2647852369327338e-12,0.7808219178082192,0.4941860465116279
Neural Plate Border 2,rrp9,7.5907454,1.8399242,3.180701072740479e-14,1.450469158459859e-12,0.5662100456621004,0.24709302325581395
Neural Plate Border 2,zmym2,7.5657682,1.2063268,3.855794220397489e-14,1.7447170411213466e-12,0.7488584474885844,0.49127906976744184
Neural Plate Border 2,wdr43,7.5657682,1.28667,3.855794220397489e-14,1.7447170411213466e-12,0.7214611872146118,0.438953488372093
Neural Plate Border 2,utp3,7.541588,1.4380282,4.642832614450842e-14,2.0847102942091025e-12,0.6712328767123288,0.375
Neural Plate Border 2,pard6g,7.5203304,1.7899575,5.463797469131243e-14,2.4420835446509995e-12,0.589041095890411,0.2616279069767442
Neural Plate Border 2,hells,7.5182047,1.5265187,5.5533510581684136e-14,2.4783206836842884e-12,0.6712328767123288,0.36046511627906974
Neural Plate Border 2,flna,7.5102334,2.3055804,5.902213843113155e-14,2.6299940982933024e-12,0.5068493150684932,0.2005813953488372
Neural Plate Border 2,tada2a,7.5091705,2.4387875,5.950327419909038e-14,2.6473975770374598e-12,0.4840182648401826,0.14534883720930233
Neural Plate Border 2,tfdp2,7.497479,1.3996704,6.505701913896106e-14,2.8769768932692446e-12,0.726027397260274,0.40988372093023256
Neural Plate Border 2,fip1l1,7.456558,1.0859606,8.881181778657472e-14,3.892141297930084e-12,0.771689497716895,0.5290697674418605
Neural Plate Border 2,atp13a3,7.4422097,2.119923,9.901498776372461e-14,4.307004623990229e-12,0.5159817351598174,0.18895348837209303
Neural Plate Border 2,mthfd1,7.4358325,1.381266,1.0391156757433808e-13,4.499909676689595e-12,0.680365296803653,0.39244186046511625
Neural Plate Border 2,ago1,7.4283924,1.4058295,1.0992556933637119e-13,4.739283653792723e-12,0.6621004566210046,0.3808139534883721
Neural Plate Border 2,pik3cb,7.4050093,1.4142988,1.311414429675341e-13,5.620814544551304e-12,0.680365296803653,0.38372093023255816
Neural Plate Border 2,gnao1,7.3529286,1.8208491,1.9391060924746555e-13,8.226706848929847e-12,0.5707762557077626,0.24709302325581395
Neural Plate Border 2,pnhd,7.335391,1.8908987,2.2107476335021087e-13,9.311579837881864e-12,0.5662100456621004,0.22093023255813954
Neural Plate Border 2,cad,7.316791,2.183269,2.539709368734765e-13,1.0635851655800274e-11,0.5068493150684932,0.1686046511627907
Neural Plate Border 2,impdh1,7.3141336,1.0175511,2.590468821586352e-13,1.0832903308124557e-11,0.7534246575342466,0.5552325581395349
Neural Plate Border 2,dus4l,7.2628503,1.6610106,3.7901708364262524e-13,1.571496222972706e-11,0.5844748858447488,0.2703488372093023
Neural Plate Border 2,kpnb1,7.26099,1.0744672,3.842663124966666e-13,1.5910040482422183e-11,0.7534246575342466,0.5203488372093024
Neural Plate Border 2,st3gal2,7.2477045,1.9846509,4.23894143362766e-13,1.7451900992446497e-11,0.5342465753424658,0.19476744186046513
Neural Plate Border 2,imp3,7.226979,1.5377719,4.938580438872767e-13,2.021843764827589e-11,0.5981735159817352,0.32558139534883723
Neural Plate Border 2,nhs,7.225384,1.4595101,4.996869153899922e-13,2.042845905421659e-11,0.6712328767123288,0.38953488372093026
Neural Plate Border 2,rassf4,7.217147,1.9760337,5.308957271067095e-13,2.164381171416489e-11,0.5388127853881278,0.21220930232558138
Neural Plate Border 2,tnpo1,7.217147,1.1032414,5.308957271067095e-13,2.164381171416489e-11,0.7488584474885844,0.5087209302325582
Neural Plate Border 2,nom1,7.204127,1.8282869,5.841695594380439e-13,2.374945812508131e-11,0.54337899543379,0.22674418604651161
Neural Plate Border 2,gldc,7.1982813,1.4560485,6.097634289440757e-13,2.472121330300177e-11,0.7031963470319634,0.38372093023255816
Neural Plate Border 2,dnajc11,7.1982813,1.0357534,6.097634289440757e-13,2.472121330300177e-11,0.8356164383561644,0.5784883720930233
Neural Plate Border 2,gpm6b,7.1727724,1.5372853,7.349407371315486e-13,2.9590981662661564e-11,0.639269406392694,0.3313953488372093
Neural Plate Border 2,nap1l1,7.1629405,1.3008716,7.896451859732022e-13,3.170620663623994e-11,0.7123287671232876,0.41569767441860467
Neural Plate Border 2,smo,7.145138,1.1383553,8.990576050539836e-13,3.600048336073013e-11,0.7351598173515982,0.4883720930232558
Neural Plate Border 2,lsm4,7.1180344,1.487999,1.0947699432303441e-12,4.3598392657447124e-11,0.6529680365296804,0.33430232558139533
Neural Plate Border 2,lrpprc,7.1148458,1.2393025,1.1203797335442322e-12,4.455757821936252e-11,0.6757990867579908,0.43023255813953487
Neural Plate Border 2,gja7,7.0813656,1.2607195,1.4274088104130722e-12,5.6537380673691756e-11,0.6757990867579908,0.4069767441860465
Neural Plate Border 2,kpna2,7.068611,1.4255648,1.5649208299014866e-12,6.173306447888037e-11,0.6073059360730594,0.3430232558139535
Neural Plate Border 2,cfdp1,7.062234,1.5172487,1.638469464959128e-12,6.446043193838529e-11,0.6255707762557078,0.313953488372093
Neural Plate Border 2,zic2,7.052668,1.6279832,1.755192692415736e-12,6.8867164553026e-11,0.5799086757990868,0.29069767441860467
Neural Plate Border 2,pitpnc1,7.0505424,2.0949113,1.7822184520304131e-12,6.983381711970644e-11,0.4931506849315068,0.18604651162790697
Neural Plate Border 2,ceacam8l,7.0101533,2.4337623,2.3805721562021864e-12,9.241235683658181e-11,0.4611872146118721,0.12209302325581395
Neural Plate Border 2,pcca,7.0005875,1.3217982,2.54891501977906e-12,9.868521184524729e-11,0.680365296803653,0.4011627906976744
Neural Plate Border 2,nol8,6.985973,1.1577122,2.8288851149340158e-12,1.0937981586592092e-10,0.6666666666666666,0.4563953488372093
Neural Plate Border 2,nsun2,6.9825187,1.2465856,2.899344442425533e-12,1.1195605996901025e-10,0.6757990867579908,0.4069767441860465
Neural Plate Border 2,hoxb1,6.9713583,2.852912,3.1389486204305962e-12,1.208888104397981e-10,0.4246575342465753,0.09302325581395349
Neural Plate Border 2,ark2c,6.9655128,2.6170676,3.272097763463961e-12,1.2552059018873365e-10,0.4429223744292237,0.10174418604651163
Neural Plate Border 2,lyar,6.948507,1.6193254,3.691725872039731e-12,1.40328789292059e-10,0.5707762557077626,0.27906976744186046
Neural Plate Border 2,mthfd1l,6.945318,1.6488827,3.776081125466594e-12,1.4334886672534287e-10,0.5662100456621004,0.27325581395348836
Neural Plate Border 2,rbm28,6.940004,1.7883755,3.920891312824863e-12,1.4826853035599428e-10,0.5388127853881278,0.23255813953488372
Neural Plate Border 2,map7d1,6.931501,1.322324,4.1639868109403054e-12,1.5584826948859931e-10,0.6757990867579908,0.38953488372093026
Neural Plate Border 2,rrp15,6.9075866,1.3168628,4.929687706454055e-12,1.8263586989525788e-10,0.6484018264840182,0.37790697674418605
Neural Plate Border 2,axin2,6.8953633,2.3972113,5.372728209891609e-12,1.9854642010536234e-10,0.45662100456621,0.12209302325581395
Neural Plate Border 2,cfp,6.8791547,1.7900511,6.020877535291518e-12,2.2165777233514657e-10,0.5205479452054794,0.23546511627906977
Neural Plate Border 2,nsd2,6.8762317,1.0065027,6.145649438103231e-12,2.2596663990590634e-10,0.8447488584474886,0.6133720930232558
Neural Plate Border 2,mta1,6.8658686,1.0260888,6.608780431325147e-12,2.414765759850817e-10,0.821917808219178,0.5784883720930233
Neural Plate Border 2,smc2,6.862946,1.0852692,6.7454785617101625e-12,2.461636502338948e-10,0.7808219178082192,0.5232558139534884
Neural Plate Border 2,arhgef11,6.86268,1.1180835,6.758042192454723e-12,2.463146275905786e-10,0.730593607305936,0.49127906976744184
Neural Plate Border 2,dcc,6.8098025,1.3994973,9.773287217174875e-12,3.522601216340799e-10,0.6529680365296804,0.42151162790697677
Neural Plate Border 2,zic4,6.804488,1.9390593,1.0140918220291996e-11,3.637167858863256e-10,0.5114155251141552,0.20348837209302326
Neural Plate Border 2,trim24,6.8034253,1.1751523,1.0216053545598832e-11,3.659625749894601e-10,0.7442922374429224,0.4680232558139535
Neural Plate Border 2,phf20,6.7898736,1.5488194,1.1223180650409414e-11,4.005675135434891e-10,0.5844748858447488,0.2877906976744186
Neural Plate Border 2,akap1,6.7864194,1.3419752,1.1495074814320627e-11,4.0977138036269054e-10,0.634703196347032,0.35755813953488375
Neural Plate Border 2,srfbp1,6.7858877,1.5386217,1.1537473391349962e-11,4.107818327680277e-10,0.5753424657534246,0.29069767441860467
Neural Plate Border 2,ccdc30,6.7625046,1.330281,1.3562622850027378e-11,4.776494319628317e-10,0.6529680365296804,0.3808139534883721
Neural Plate Border 2,ror1,6.7625046,1.1632737,1.3562622850027378e-11,4.776494319628317e-10,0.8264840182648402,0.5755813953488372
Neural Plate Border 2,adcy7,6.758785,1.6159314,1.3915398351264753e-11,4.894837655906378e-10,0.5525114155251142,0.26453488372093026
Neural Plate Border 2,strbp,6.7460303,1.6160566,1.5194492144846285e-11,5.319164070491039e-10,0.5570776255707762,0.26744186046511625
Neural Plate Border 2,sptbn1,6.732213,1.788853,1.6710179317661472e-11,5.808029151421671e-10,0.5251141552511416,0.20930232558139536
Neural Plate Border 2,enah,6.7242413,1.4947933,1.765095165267907e-11,6.098758484154396e-10,0.593607305936073,0.313953488372093
Neural Plate Border 2,lmf1,6.702984,2.099845,2.0420571684330585e-11,7.02251448123138e-10,0.4703196347031963,0.15406976744186046
Neural Plate Border 2,fam168a,6.694481,1.3111094,2.164382124708559e-11,7.408320127325046e-10,0.6210045662100456,0.36046511627906974
Neural Plate Border 2,rsrc1,6.687838,1.0706383,2.2649134889350197e-11,7.743355110533282e-10,0.7579908675799086,0.5145348837209303
Neural Plate Border 2,arhgap12,6.651435,1.2114944,2.9024917185245723e-11,9.853976239743527e-10,0.7168949771689498,0.438953488372093
Neural Plate Border 2,tet2,6.646652,1.2328283,2.9983475833806974e-11,1.0155816710289822e-09,0.7214611872146118,0.4476744186046512
Neural Plate Border 2,dbn1,6.6052003,2.7469242,3.9698070798297113e-11,1.3338095488563482e-09,0.410958904109589,0.11046511627906977
Neural Plate Border 2,dcps,6.5887256,1.5077394,4.436176365575732e-11,1.4819871010530767e-09,0.5753424657534246,0.29069767441860467
Neural Plate Border 2,fmnl3,6.5812855,1.15156,4.663977958916404e-11,1.5563098141219795e-09,0.7077625570776256,0.4563953488372093
Neural Plate Border 2,fyn,6.57544,1.5869443,4.8509571172386734e-11,1.6131777871900303e-09,0.5570776255707762,0.2616279069767442
Neural Plate Border 2,ipo5,6.552588,1.5253967,5.654833551703985e-11,1.861446391327243e-09,0.5707762557077626,0.2819767441860465
Neural Plate Border 2,hdac4,6.538505,1.3458807,6.21367726063355e-11,2.0294078212913887e-09,0.6210045662100456,0.35174418604651164
Neural Plate Border 2,cyyr1,6.536645,1.4491167,6.291411397563962e-11,2.0525027518101807e-09,0.6118721461187214,0.31976744186046513
Neural Plate Border 2,cuedc1,6.5334563,1.1988225,6.426888462429641e-11,2.0897038558985632e-09,0.7351598173515982,0.4563953488372093
Neural Plate Border 2,cbx5,6.5334563,1.2093631,6.426888462429641e-11,2.0897038558985632e-09,0.6986301369863014,0.4273255813953488
Neural Plate Border 2,plscr1,6.5278764,1.0464455,6.670871025152918e-11,2.1666247881804993e-09,0.730593607305936,0.5087209302325582
Neural Plate Border 2,apln,6.4938645,2.6567256,8.36619550376279e-11,2.6992523263851004e-09,0.410958904109589,0.09593023255813954
Neural Plate Border 2,zbtb16,6.4872217,1.5316445,8.743366530983437e-11,2.808542275463482e-09,0.593607305936073,0.313953488372093
Neural Plate Border 2,dpysl3,6.4789844,2.0237985,9.234203975792485e-11,2.9597041273726986e-09,0.4748858447488584,0.17151162790697674
Neural Plate Border 2,lfng,6.4664955,1.2392213,1.0030167762293036e-10,3.2042823372632536e-09,0.6894977168949772,0.41569767441860467
Neural Plate Border 2,hoxd1,6.459587,1.5457747,1.0498907628713101e-10,3.3467128559968667e-09,0.5570776255707762,0.28488372093023256
Neural Plate Border 2,hspa14,6.4563985,1.5589203,1.0722407532460435e-10,3.4068118976233797e-09,0.54337899543379,0.26453488372093026
Neural Plate Border 2,mfap2,6.452678,1.6292217,1.0989039658106059e-10,3.4839546447516072e-09,0.5205479452054794,0.2441860465116279
Neural Plate Border 2,cwc27,6.4497557,1.4358214,1.1203073014098876e-10,3.5402921867580993e-09,0.5753424657534246,0.30523255813953487
Neural Plate Border 2,rsl1d1,6.420792,1.3539838,1.355668631099874e-10,4.270210102982804e-09,0.593607305936073,0.32558139534883723
Neural Plate Border 2,nrp1,6.4141493,1.9769326,1.416112837672734e-10,4.455801330248836e-09,0.4840182648401826,0.2063953488372093
Neural Plate Border 2,enox1,6.4101634,1.3799351,1.4536352462380153e-10,4.564039944445051e-09,0.6027397260273972,0.3546511627906977
Neural Plate Border 2,dhrsx,6.402192,1.3848306,1.5316176375099361e-10,4.793438454181258e-09,0.5981735159817352,0.33430232558139533
Neural Plate Border 2,cct2,6.3979406,1.6760124,1.5748647790291406e-10,4.918255593568462e-09,0.5159817351598174,0.23255813953488372
Neural Plate Border 2,nol10,6.3894377,1.4031562,1.664968604393934e-10,5.183034853571788e-09,0.5707762557077626,0.3168604651162791
Neural Plate Border 2,bcl2,6.384389,2.2241545,1.7208307610240538e-10,5.345547712592361e-09,0.4383561643835616,0.13662790697674418
Neural Plate Border 2,vcan,6.3564887,2.703537,2.0641755138490938e-10,6.318106224641138e-09,0.3972602739726027,0.09593023255813954
Neural Plate Border 2,gnb4,6.34586,1.5029594,2.2118622867000496e-10,6.756002769334289e-09,0.54337899543379,0.2761627906976744
Neural Plate Border 2,jade3,6.3349657,1.7746236,2.3739415533408315e-10,7.235942184119483e-09,0.4840182648401826,0.2063953488372093
Neural Plate Border 2,cdc5l,6.3347,1.1197497,2.3780362148127026e-10,7.24087256199897e-09,0.6712328767123288,0.43023255813953487
Neural Plate Border 2,evc,6.329917,1.6637944,2.45293074630665e-10,7.461146581195597e-09,0.5159817351598174,0.23255813953488372
Neural Plate Border 2,clmn,6.328854,1.2916002,2.469884214427042e-10,7.504904934710692e-09,0.6438356164383562,0.37790697674418605
Neural Plate Border 2,irs1,6.2836823,1.289931,3.3064624818920324e-10,9.974324541608462e-09,0.6027397260273972,0.3546511627906977
Neural Plate Border 2,knop1,6.282088,2.1364515,3.3405584234767223e-10,1.006679002852042e-08,0.4337899543378995,0.14534883720930233
Neural Plate Border 2,ptpn14,6.2767735,1.4804618,3.456709238246269e-10,1.0363391563402738e-08,0.547945205479452,0.27906976744186046
Neural Plate Border 2,sik2,6.276508,2.0447564,3.4626191329017135e-10,1.0370473347730531e-08,0.4474885844748858,0.16569767441860464
Neural Plate Border 2,tcof1,6.2757106,1.0375031,3.4804080687269626e-10,1.0413081704908685e-08,0.6621004566210046,0.45930232558139533
Neural Plate Border 2,cebpz,6.2496705,1.1116723,4.1131975720112914e-10,1.221878843775021e-08,0.680365296803653,0.436046511627907
Neural Plate Border 2,ivns1abp,6.2252245,1.2273917,4.808672056229841e-10,1.4212567530399846e-08,0.6255707762557078,0.3866279069767442
Neural Plate Border 2,rrp1b,6.22363,1.1622818,4.857815983044729e-10,1.4328841473297728e-08,0.6484018264840182,0.4069767441860465
Neural Plate Border 2,LOC116406756,6.2103443,2.7395425,5.286865481060707e-10,1.550053810199454e-08,0.3835616438356164,0.08139534883720931
Neural Plate Border 2,evi5,6.206624,1.1122216,5.41348389755058e-10,1.5824154780930102e-08,0.6940639269406392,0.43023255813953487
Neural Plate Border 2,ppid,6.1866956,1.1919733,6.143851304260305e-10,1.7887541581158663e-08,0.6118721461187214,0.375
Neural Plate Border 2,cep170,6.1728783,2.542316,6.705790989949364e-10,1.948478890926539e-08,0.3926940639269406,0.09593023255813954
Neural Plate Border 2,znf44,6.167564,1.2965976,6.935015030780046e-10,2.0090924119398565e-08,0.6210045662100456,0.3691860465116279
Neural Plate Border 2,zhx2,6.1603894,1.0113586,7.256628280999982e-10,2.0960326213627518e-08,0.6529680365296804,0.45930232558139533
Neural Plate Border 2,bicc1,6.160124,1.1860075,7.268815124558465e-10,2.0974801076601038e-08,0.6757990867579908,0.41569767441860467
Neural Plate Border 2,gnl3l,6.154012,1.3484968,7.55468767284608e-10,2.1778212560647316e-08,0.5616438356164384,0.3023255813953488
Neural Plate Border 2,tmtc2,6.152152,2.142735,7.64384856632175e-10,2.199186392147156e-08,0.4292237442922374,0.13662790697674418
Neural Plate Border 2,cd81,6.127972,2.1741621,8.900630545151316e-10,2.55072873985606e-08,0.4246575342465753,0.1308139534883721
Neural Plate Border 2,zhx3,6.1173434,1.320187,9.514830583067694e-10,2.721409126943755e-08,0.5753424657534246,0.31976744186046513
Neural Plate Border 2,LOC116410951,6.114686,1.6107672,9.6747253054146e-10,2.7590428819763335e-08,0.5251141552511416,0.25290697674418605
Neural Plate Border 2,plekhg1,6.112826,1.5779147,9.788207535788802e-10,2.7886851313707843e-08,0.5114155251141552,0.25290697674418605
Neural Plate Border 2,pkdcc,6.1125603,1.3828145,9.804524878881928e-10,2.7906140869970557e-08,0.5844748858447488,0.3081395348837209
Neural Plate Border 2,slit1,6.111232,2.3023949,9.886510300126546e-10,2.8112118928307302e-08,0.410958904109589,0.1308139534883721
Neural Plate Border 2,atrnl1,6.1085744,1.2789317,1.0052491565646101e-09,2.8556305243479223e-08,0.593607305936073,0.34593023255813954
Neural Plate Border 2,dhx37,6.1008687,1.4119852,1.0549352243781047e-09,2.993865198426833e-08,0.54337899543379,0.28488372093023256
Neural Plate Border 2,entpd1,6.099806,1.3992023,1.0619736929118864e-09,3.0109168785167165e-08,0.5707762557077626,0.29941860465116277
Neural Plate Border 2,xylt1,6.097149,1.4626561,1.0797707890991053e-09,3.058408908542243e-08,0.54337899543379,0.2819767441860465
Neural Plate Border 2,XB5726464,6.0881143,1.2811888,1.142483001199891e-09,3.220435931347542e-08,0.6073059360730594,0.3546511627906977
Neural Plate Border 2,gli2,6.0854573,1.5758691,1.1615940690320902e-09,3.271151852781987e-08,0.4977168949771689,0.25290697674418605
Neural Plate Border 2,snai1,6.0843945,1.5358701,1.1693254524399704e-09,3.2897547930965137e-08,0.5388127853881278,0.2616279069767442
Neural Plate Border 2,dnajc2,6.0708427,1.0267857,1.2724079468869611e-09,3.566036116534301e-08,0.6484018264840182,0.4563953488372093
Neural Plate Border 2,LOC100488102,6.0671225,2.1583452,1.3022212542751315e-09,3.642605692221662e-08,0.4200913242009132,0.14244186046511628
Neural Plate Border 2,wwc3,6.0604796,2.3891022,1.3571617873305858e-09,3.792657381019154e-08,0.3972602739726027,0.11337209302325581
Neural Plate Border 2,rspo3,6.0416136,1.317083,1.5258035580750589e-09,4.23559010504198e-08,0.6118721461187214,0.3691860465116279
Neural Plate Border 2,naf1,6.0370965,1.6668372,1.569118173272417e-09,4.3393465773818374e-08,0.4931506849315068,0.21511627906976744
Neural Plate Border 2,tfap4,6.0304537,1.6910908,1.6350006135421775e-09,4.517268708360245e-08,0.4931506849315068,0.21220930232558138
Neural Plate Border 2,ranbp1,6.0219507,1.0637064,1.7232739471767133e-09,4.7476928133762966e-08,0.6575342465753424,0.45058139534883723
Neural Plate Border 2,rbbp7,6.009462,1.6579775,1.8614000386143947e-09,5.118587443907561e-08,0.4977168949771689,0.22093023255813954
Neural Plate Border 2,numbl,5.997239,1.7444675,2.007005853225848e-09,5.493144952775727e-08,0.4748858447488584,0.19186046511627908
Neural Plate Border 2,ipo11,5.9882045,1.3203032,2.1217005841343057e-09,5.7907964308898126e-08,0.5525114155251142,0.3081395348837209
Neural Plate Border 2,efs,5.985813,1.3591158,2.1531143858728706e-09,5.8710528557322656e-08,0.5388127853881278,0.29941860465116277
Neural Plate Border 2,prkce,5.981296,1.0158188,2.213692428910971e-09,6.019390082743869e-08,0.6529680365296804,0.45348837209302323
Neural Plate Border 2,polr1b,5.980233,2.2652788,2.2281855768024685e-09,6.053168456832059e-08,0.4018264840182648,0.11627906976744186
Neural Plate Border 2,wdr36,5.9711986,1.5940404,2.3551669559962497e-09,6.386260231050684e-08,0.4885844748858447,0.22674418604651161
Neural Plate Border 2,rasa2,5.947284,1.3414642,2.7262793162644e-09,7.344872874997666e-08,0.5662100456621004,0.3081395348837209
Neural Plate Border 2,sox11,5.8882947,1.4523485,3.9020038722600676e-09,1.0387930345176142e-07,0.5251141552511416,0.2819767441860465
Neural Plate Border 2,pias4,5.8638487,1.0149935,4.522590260591335e-09,1.1985479230040373e-07,0.680365296803653,0.45348837209302323
Neural Plate Border 2,ldlrad3,5.8611917,1.8195267,4.595569477273817e-09,1.2167852480995554e-07,0.4474885844748858,0.18023255813953487
Neural Plate Border 2,usp36,5.85322,1.0001347,4.82145011147182e-09,1.2719838285959636e-07,0.639269406392694,0.4476744186046512
Neural Plate Border 2,bard1,5.8502975,1.2540059,4.9069503181393326e-09,1.2922077905363138e-07,0.6027397260273972,0.35755813953488375
Neural Plate Border 2,smarcd1,5.841529,1.0656204,5.172397673763069e-09,1.3584398598541625e-07,0.639269406392694,0.4186046511627907
Neural Plate Border 2,rbbp4,5.818677,1.5248119,5.931523561368652e-09,1.549458134248142e-07,0.5068493150684932,0.2441860465116279
Neural Plate Border 2,afg2a,5.817083,1.2162051,5.9883528708282924e-09,1.5629066318498377e-07,0.5981735159817352,0.35174418604651164
Neural Plate Border 2,atxn7l3,5.8152227,1.2311924,6.055323293460456e-09,1.5789755146399873e-07,0.5753424657534246,0.34593023255813954
Neural Plate Border 2,fnip2,5.8053913,1.110348,6.4215926089571265e-09,1.6685295426882288e-07,0.6529680365296804,0.40406976744186046
Neural Plate Border 2,mex3c,5.805125,1.2225581,6.431784989975758e-09,1.6696936682236356e-07,0.5753424657534246,0.33430232558139533
Neural Plate Border 2,kirrel3,5.798748,2.12676,6.681177004792072e-09,1.732896939015768e-07,0.4200913242009132,0.17151162790697674
Neural Plate Border 2,gramd1a,5.7889166,2.6143014,7.084184095865954e-09,1.8309264836981229e-07,0.365296803652968,0.0872093023255814
Neural Plate Border 2,lhfpl2,5.7883854,1.730069,7.106628916630477e-09,1.8351048574383876e-07,0.4611872146118721,0.19476744186046513
Neural Plate Border 2,plekhg4,5.7804136,1.6564224,7.451716041826578e-09,1.9157529605860394e-07,0.4748858447488584,0.22093023255813954
Neural Plate Border 2,zfp36l1,5.777225,1.5474777,7.594266455377379e-09,1.9472631820801417e-07,0.4931506849315068,0.23837209302325582
Neural Plate Border 2,bud23,5.776162,1.4769201,7.642369872945894e-09,1.9578800504476897e-07,0.4977168949771689,0.2558139534883721
Neural Plate Border 2,tsr1,5.7758965,1.4314367,7.654441944321865e-09,1.9592556258710368e-07,0.5114155251141552,0.25872093023255816
Neural Plate Border 2,gfra1,5.758625,3.3695908,8.480192234138747e-09,2.1573933785562202e-07,0.3287671232876712,0.05232558139534884
Neural Plate Border 2,sncaip,5.751185,3.54909,8.86201856522139e-09,2.2486602836804375e-07,0.3242009132420091,0.0436046511627907
Neural Plate Border 2,arhgap36,5.751185,1.2735021,8.86201856522139e-09,2.2486602836804375e-07,0.5662100456621004,0.31976744186046513
Neural Plate Border 2,fignl2,5.743213,1.240189,9.289660367298817e-09,2.3510481575455561e-07,0.6118721461187214,0.3546511627906977
Neural Plate Border 2,nol6,5.7381644,2.078785,9.570805257605525e-09,2.420105609732415e-07,0.4018264840182648,0.1308139534883721
Neural Plate Border 2,mrps6,5.7299275,1.3776551,1.0047362342552322e-08,2.534033206515504e-07,0.5251141552511416,0.2877906976744186
Neural Plate Border 2,exosc5,5.728333,1.5060182,1.0142226713039227e-08,2.5535523604552083e-07,0.4977168949771689,0.22965116279069767
Neural Plate Border 2,arhgap19,5.726739,1.1410307,1.0237961419627616e-08,2.573223132047591e-07,0.6027397260273972,0.37790697674418605
Neural Plate Border 2,dhx32,5.7224874,1.3525949,1.0497568015294677e-08,2.636206277105487e-07,0.5388127853881278,0.28488372093023256
Neural Plate Border 2,plppr3,5.7177043,2.2898674,1.0797275131190694e-08,2.7068194627773173e-07,0.3835616438356164,0.11627906976744186
Neural Plate Border 2,trps1,5.7177043,1.7025666,1.0797275131190694e-08,2.7068194627773173e-07,0.4657534246575342,0.19767441860465115
Neural Plate Border 2,utp11,5.7118587,1.6932818,1.1174890336469166e-08,2.794296145640121e-07,0.4520547945205479,0.19476744186046513
Neural Plate Border 2,dtx4,5.6913986,1.0708219,1.2600312295980469e-08,3.1453435416208803e-07,0.6484018264840182,0.4273255813953488
Neural Plate Border 2,zfta,5.680504,2.3475907,1.342984172139344e-08,3.3353245824813223e-07,0.3744292237442922,0.10465116279069768
Neural Plate Border 2,me3,5.6781125,1.8296282,1.3618910892327446e-08,3.379409034750624e-07,0.4292237442922374,0.16569767441860464
Neural Plate Border 2,riok1,5.6743927,1.5789055,1.3918168901486786e-08,3.45073787242884e-07,0.4748858447488584,0.2180232558139535
Neural Plate Border 2,prdm1,5.655792,1.1622995,1.5512898719850426e-08,3.8396066255711075e-07,0.6666666666666666,0.39825581395348836
Neural Plate Border 2,cass4,5.6122146,1.548024,1.9975343410971153e-08,4.882100863261687e-07,0.4840182648401826,0.24127906976744187
Neural Plate Border 2,sp5,5.5604,1.4712828,2.6915737649324985e-08,6.507642077976995e-07,0.4885844748858447,0.24709302325581395
Neural Plate Border 2,cdk4,5.5465827,1.201508,2.9130723504413995e-08,7.019952009542668e-07,0.5799086757990868,0.3372093023255814
Neural Plate Border 2,rpl21,5.546051,1.0426462,2.9219354779121818e-08,7.029719831674978e-07,0.5981735159817352,0.4011627906976744
Neural Plate Border 2,ddx51,5.544988,2.224702,2.9397402917255818e-08,7.066739183176849e-07,0.3744292237442922,0.11046511627906977
Neural Plate Border 2,dip2c,5.544191,1.3179691,2.9531629357474238e-08,7.09317220828537e-07,0.5388127853881278,0.2819767441860465
Neural Plate Border 2,tulp4,5.5436597,1.5078496,2.9621443791079023e-08,7.108903312455098e-07,0.4840182648401826,0.22965116279069767
Neural Plate Border 2,fscn1,5.543394,2.2929132,2.9666450332568594e-08,7.113863902143664e-07,0.3698630136986301,0.10755813953488372
Neural Plate Border 2,reep3,5.5354223,1.844488,3.104792515906699e-08,7.432939396598584e-07,0.4246575342465753,0.1686046511627907
Neural Plate Border 2,adgra3,5.5287795,1.0751023,3.224664828357288e-08,7.694708375323418e-07,0.593607305936073,0.3808139534883721
Neural Plate Border 2,mmd,5.5231996,2.179284,3.328816514693069e-08,7.923830255781198e-07,0.3789954337899543,0.12209302325581395
Neural Plate Border 2,bub1,5.493439,1.3104595,3.941812387680269e-08,9.337367739406966e-07,0.5388127853881278,0.28488372093023256
Neural Plate Border 2,ddx27,5.4929075,1.4440467,3.953696923091087e-08,9.357936417722718e-07,0.4840182648401826,0.2441860465116279
Neural Plate Border 2,utp14a,5.4865303,1.3112905,4.099049583011403e-08,9.686282810105603e-07,0.5251141552511416,0.29069767441860467
Neural Plate Border 2,letm1,5.4817476,1.2304701,4.211451006739684e-08,9.94385495783584e-07,0.5799086757990868,0.3226744186046512
Neural Plate Border 2,mak16,5.473776,1.4427255,4.4054599987008266e-08,1.0351768586979411e-06,0.4703196347031963,0.23546511627906977
Neural Plate Border 2,tma16,5.47165,1.4235445,4.458641986289865e-08,1.0468318385641692e-06,0.4931506849315068,0.2441860465116279
Neural Plate Border 2,tsku,5.4655385,1.4451683,4.615030518132365e-08,1.0826802333509404e-06,0.4931506849315068,0.24709302325581395
Neural Plate Border 2,dennd5b,5.436044,1.464489,5.447647860838121e-08,1.273921556961273e-06,0.4703196347031963,0.23546511627906977
Neural Plate Border 2,apc,5.4344497,1.1718409,5.4965770834862536e-08,1.283310261400852e-06,0.5707762557077626,0.3430232558139535
Neural Plate Border 2,elavl3,5.4259467,1.0615222,5.7648116489119736e-08,1.3437895479214186e-06,0.6529680365296804,0.436046511627907
Neural Plate Border 2,bop1,5.414521,1.4258163,6.145299259201552e-08,1.4256606559184171e-06,0.4840182648401826,0.24127906976744187
Neural Plate Border 2,sap30,5.407878,1.1254508,6.377581838220378e-08,1.476034004061915e-06,0.6438356164383562,0.38953488372093026
Neural Plate Border 2,abca1,5.405752,2.6455195,6.453692516767393e-08,1.4912876360286772e-06,0.3378995433789954,0.0755813953488372
Neural Plate Border 2,arhgef40,5.3884807,1.8682584,7.105579058448166e-08,1.632886646678446e-06,0.410958904109589,0.16569767441860464
Neural Plate Border 2,mast3,5.388215,1.308427,7.116090042750746e-08,1.6340175022753106e-06,0.5296803652968036,0.27906976744186046
Neural Plate Border 2,fstl1,5.381838,1.8523157,7.372919872429246e-08,1.690335849341014e-06,0.4063926940639269,0.15406976744186046
Neural Plate Border 2,mtmr10,5.375726,1.3054194,7.627459532749936e-08,1.743223374525515e-06,0.5205479452054794,0.2819767441860465
Neural Plate Border 2,mrto4,5.3736005,1.5965557,7.717974066737935e-08,1.759782370864404e-06,0.4383561643835616,0.2063953488372093
Neural Plate Border 2,ncald,5.3621745,2.0628078,8.222596093913894e-08,1.8704646414100936e-06,0.3835616438356164,0.13953488372093023
Neural Plate Border 2,abcf2,5.3611116,1.1421578,8.27112955372104e-08,1.8800418972381006e-06,0.5616438356164384,0.3430232558139535
Neural Plate Border 2,prtg,5.348889,1.1327446,8.849587834222485e-08,2.003735879025232e-06,0.5844748858447488,0.37790697674418605
Neural Plate Border 2,sestd1,5.33268,1.0278963,9.67737233993096e-08,2.18439591404264e-06,0.6210045662100456,0.40988372093023256
Neural Plate Border 2,cyrib,5.32524,1.1396801,1.0081983774136505e-07,2.2669728284752627e-06,0.5570776255707762,0.33430232558139533
Neural Plate Border 2,cnr1,5.324443,2.623122,1.0126293844141666e-07,2.2751859750815145e-06,0.3333333333333333,0.06976744186046512
Neural Plate Border 2,hnf1b,5.315408,1.4374654,1.0641834380078767e-07,2.3836893545140417e-06,0.4794520547945205,0.2877906976744186
Neural Plate Border 2,znf839,5.3143454,1.0787121,1.0704130789485814e-07,2.3958074051107183e-06,0.5844748858447488,0.36627906976744184
Neural Plate Border 2,cdk8,5.309297,1.3151705,1.1004890694535165e-07,2.459357491528726e-06,0.502283105022831,0.2761627906976744
Neural Plate Border 2,sufu,5.3087654,1.1673784,1.1037021272552738e-07,2.464653696088534e-06,0.5388127853881278,0.3226744186046512
Neural Plate Border 2,abcf1,5.2675796,1.4517632,1.3823442250206233e-07,3.0681324253286133e-06,0.4703196347031963,0.23255813953488372
Neural Plate Border 2,hnrnpr,5.264125,1.3928256,1.408585799557878e-07,3.121635444039146e-06,0.4840182648401826,0.24709302325581395
Neural Plate Border 2,ube2g1,5.2550907,1.0540758,1.479515970241976e-07,3.268913932437128e-06,0.5844748858447488,0.3808139534883721
Neural Plate Border 2,ctdp1,5.2542934,1.0250431,1.485937784113043e-07,3.280622912946251e-06,0.5570776255707762,0.38372093023255816
Neural Plate Border 2,tcp1,5.2487135,1.2276354,1.531651327335423e-07,3.368826181289823e-06,0.5205479452054794,0.2936046511627907
Neural Plate Border 2,tbl3,5.2101846,1.9320818,1.8865302602491746e-07,4.1091777971194945e-06,0.3789954337899543,0.1308139534883721
Neural Plate Border 2,cyp26c1,5.20115,3.0572457,1.9805914578974775e-07,4.2948567437537954e-06,0.3105022831050228,0.06395348837209303
Neural Plate Border 2,dhrs3,5.18999,1.298753,2.103054932417633e-07,4.550288581014052e-06,0.5068493150684932,0.3081395348837209
Neural Plate Border 2,naa10,5.1894584,2.0146189,2.1090654500139815e-07,4.559918059863808e-06,0.3698630136986301,0.11627906976744186
Neural Plate Border 2,boc,5.177501,1.3115125,2.2487751869492715e-07,4.840496869640217e-06,0.4840182648401826,0.2761627906976744
Neural Plate Border 2,ube2e2,5.163152,1.3359162,2.4282521731760085e-07,5.211471312342724e-06,0.4840182648401826,0.2819767441860465
Neural Plate Border 2,ssh2,5.150664,1.2377362,2.5956620701537777e-07,5.554450803269772e-06,0.5114155251141552,0.29651162790697677
Neural Plate Border 2,tmem150b,5.1498666,1.3442755,2.606718136282232e-07,5.574029103267442e-06,0.4840182648401826,0.24709302325581395
Neural Plate Border 2,pttg1,5.1368465,1.1022235,2.793870652665328e-07,5.961141098398555e-06,0.5707762557077626,0.35174418604651164
Neural Plate Border 2,rapgef1,5.1320634,1.5306404,2.865827302004842e-07,6.10131084230907e-06,0.4337899543378995,0.20348837209302326
Neural Plate Border 2,polr2e,5.129672,1.2577722,2.9024735233432965e-07,6.174832864690531e-06,0.502283105022831,0.2761627906976744
Neural Plate Border 2,syn1,5.120372,3.9671502,3.049335859788668e-07,6.468442417814408e-06,0.2785388127853881,0.02616279069767442
Neural Plate Border 2,sema5b,5.117715,2.2048092,3.092597738121751e-07,6.555455002395714e-06,0.3470319634703196,0.09883720930232558
Neural Plate Border 2,fbl,5.116652,1.0927833,3.1100679049935677e-07,6.587709777599056e-06,0.547945205479452,0.3372093023255814
Neural Plate Border 2,ssb,5.1161203,1.5393661,3.1188386825257084e-07,6.5967274622944276e-06,0.4337899543378995,0.19767441860465115
Neural Plate Border 2,clstn1,5.1060233,1.1448654,3.29009253779971e-07,6.943876893315763e-06,0.54337899543379,0.3226744186046512
Neural Plate Border 2,ptk2,5.1054916,1.7538903,3.2993529583524525e-07,6.958397281789361e-06,0.3972602739726027,0.16279069767441862
Neural Plate Border 2,znf532,5.098583,1.0663564,3.4220520584473306e-07,7.196403145357836e-06,0.5799086757990868,0.3691860465116279
Neural Plate Border 2,LOC105947687,5.09566,1.3457643,3.4752788156317186e-07,7.297835851992153e-06,0.4657534246575342,0.24127906976744187
Neural Plate Border 2,mpdz,5.0879545,1.6720743,3.619462533529341e-07,7.573407968331866e-06,0.410958904109589,0.16279069767441862
Neural Plate Border 2,mars1,5.071214,1.3543372,3.952854056725446e-07,8.247385933771698e-06,0.4657534246575342,0.25290697674418605
Neural Plate Border 2,sox9,5.0465026,3.0384958,4.499708564403996e-07,9.341688994750939e-06,0.2968036529680365,0.04941860465116279
Neural Plate Border 2,rcc2,5.0427823,1.1658981,4.588106103753195e-07,9.511697128993591e-06,0.5068493150684932,0.3023255813953488
Neural Plate Border 2,dstyk,5.0395937,1.0577987,4.6652065883599275e-07,9.657836670279678e-06,0.589041095890411,0.3488372093023256
Neural Plate Border 2,nfia,5.017008,1.3115511,5.248239784853689e-07,1.0773265249372065e-05,0.4931506849315068,0.24709302325581395
Neural Plate Border 2,dclk1,5.015148,2.4646287,5.299267892170923e-07,1.0862755943621897e-05,0.3242009132420091,0.07848837209302326
Neural Plate Border 2,tmem209,4.9997363,1.2174047,5.740876876162833e-07,1.1718685193234342e-05,0.5068493150684932,0.28488372093023256
Neural Plate Border 2,cacna2d2,4.999205,1.444194,5.756720643504758e-07,1.174282631753577e-05,0.4383561643835616,0.22674418604651161
Neural Plate Border 2,mb21d2,4.9970794,1.1047562,5.820518279444666e-07,1.1864684088315692e-05,0.5616438356164384,0.3372093023255814
Neural Plate Border 2,anp32b,4.968913,1.0744749,6.732922682093168e-07,1.3648409356467779e-05,0.5525114155251142,0.35174418604651164
Neural Plate Border 2,uck2,4.967319,1.0624341,6.788493363469852e-07,1.37515211023969e-05,0.5707762557077626,0.35755813953488375
Neural Plate Border 2,LOC100489322,4.9572215,1.3804628,7.150841594476887e-07,1.445548068106182e-05,0.45662100456621,0.22674418604651161
Neural Plate Border 2,mrps28,4.9301186,1.4685241,8.217979619134825e-07,1.6521304143530266e-05,0.4337899543378995,0.2005813953488372
Neural Plate Border 2,prps1,4.9141755,1.8003001,8.915692383385513e-07,1.783809747150869e-05,0.3744292237442922,0.1511627906976744
Neural Plate Border 2,pdgfd,4.902484,2.500609,9.463242186440075e-07,1.8869033584708723e-05,0.3150684931506849,0.07848837209302326
Neural Plate Border 2,irak1,4.8998265,2.0114279,9.592126158536034e-07,1.9086959818935794e-05,0.3470319634703196,0.11046511627906977
Neural Plate Border 2,sox8,4.899561,4.305695,9.605107102869568e-07,1.909978814448846e-05,0.2648401826484018,0.02616279069767442
Neural Plate Border 2,LOC101734953,4.8992953,1.3926538,9.618104958074046e-07,1.9112632632866245e-05,0.4429223744292237,0.21220930232558138
Neural Plate Border 2,col4a6,4.894512,1.4445096,9.85498230006971e-07,1.9556754081014097e-05,0.4520547945205479,0.2180232558139535
Neural Plate Border 2,LOC100497165,4.8918552,1.0984298,9.988997122878232e-07,1.9809252028416118e-05,0.5388127853881278,0.32558139534883723
Neural Plate Border 2,LOC105947783,4.888932,2.535011,1.0138439404695973e-06,2.0064774694561135e-05,0.3105022831050228,0.07848837209302326
Neural Plate Border 2,myc,4.8878694,1.9394276,1.0193313765994639e-06,2.0159726298632562e-05,0.3561643835616438,0.125
Neural Plate Border 2,rps7,4.8833523,1.1074017,1.042973579831759e-06,2.0599432913555505e-05,0.5251141552511416,0.3168604651162791
Neural Plate Border 2,hsf2.2,4.881492,1.9498937,1.0528612372304597e-06,2.0780679828145554e-05,0.3561643835616438,0.125
Neural Plate Border 2,prmt5,4.876975,1.7081122,1.0772511488563919e-06,2.1204800223717973e-05,0.3789954337899543,0.15406976744186046
Neural Plate Border 2,MGC145244,4.8748493,1.0434074,1.0889160376967207e-06,2.1405584867459882e-05,0.547945205479452,0.3488372093023256
Neural Plate Border 2,arhgap42,4.8416348,1.4033492,1.2877543917281705e-06,2.5094899083070767e-05,0.4474885844748858,0.2180232558139535
Neural Plate Border 2,cct6a,4.837649,1.2577031,1.3138403231000374e-06,2.5518183710655943e-05,0.4703196347031963,0.25
Neural Plate Border 2,vwa8,4.8179855,1.2868644,1.4501475795852322e-06,2.807236019791783e-05,0.4611872146118721,0.25290697674418605
Neural Plate Border 2,noc4l,4.813203,1.587832,1.4853042979237367e-06,2.871490074907986e-05,0.3972602739726027,0.1744186046511628
Neural Plate Border 2,wdr3,4.812671,1.5679122,1.4892608090244874e-06,2.8753357139098277e-05,0.3972602739726027,0.16279069767441862
Neural Plate Border 2,c9,4.804168,1.5776578,1.5539599851841546e-06,2.9903755317260056e-05,0.4155251141552511,0.2005813953488372
Neural Plate Border 2,st3gal5,4.802574,1.1470903,1.566388220359545e-06,3.0123088203506486e-05,0.5114155251141552,0.3081395348837209
Neural Plate Border 2,XB5730291,4.7948685,1.4462909,1.6278173749469359e-06,3.122226357419546e-05,0.4292237442922374,0.2063953488372093
Neural Plate Border 2,mmp14,4.7919455,1.223545,1.651718493554125e-06,3.161845663724992e-05,0.4885844748858447,0.26744186046511625
Neural Plate Border 2,klf13,4.7860994,1.0875301,1.7005366421879888e-06,3.251039018168548e-05,0.5159817351598174,0.31976744186046513
Neural Plate Border 2,bysl,4.780785,1.3651084,1.7461177786577277e-06,3.33164287127572e-05,0.4383561643835616,0.22674418604651161
Neural Plate Border 2,utp4,4.778128,2.0303605,1.7693463991477687e-06,3.3737615520866554e-05,0.3378995433789954,0.10465116279069768
Neural Plate Border 2,dennd2a,4.7749395,1.3020077,1.79761283497116e-06,3.425425083379529e-05,0.4474885844748858,0.23837209302325582
Neural Plate Border 2,jam2,4.7680306,2.423426,1.860352961642796e-06,3.5380596891204015e-05,0.3105022831050228,0.08139534883720931
Neural Plate Border 2,LOC100486098,4.767234,1.2699914,1.8677261549353068e-06,3.549772642062025e-05,0.4657534246575342,0.24127906976744187
Neural Plate Border 2,dnajc21,4.766968,1.721085,1.8701901194354454e-06,3.552146028669104e-05,0.3744292237442922,0.1569767441860465
Neural Plate Border 2,b4galt5,4.7597938,1.3758659,1.937910139410016e-06,3.6783799535775447e-05,0.4474885844748858,0.2238372093023256
Neural Plate Border 2,prmt3,4.7595277,1.2580022,1.940462992494479e-06,3.680835414250884e-05,0.45662100456621,0.2616279069767442
Neural Plate Border 2,gnai2,4.7542133,1.2044505,1.9922037057382053e-06,3.774083377993096e-05,0.4931506849315068,0.2616279069767442
Neural Plate Border 2,snai2,4.742522,3.860739,2.110739015273007e-06,3.990880475772656e-05,0.2602739726027397,0.02616279069767442
Neural Plate Border 2,cdin1,4.740396,1.6923913,2.1330064450897073e-06,4.030375655877003e-05,0.3789954337899543,0.15988372093023256
Neural Plate Border 2,brip1,4.729236,1.3809549,2.253661461707702e-06,4.250114721753409e-05,0.4383561643835616,0.20930232558139536
Neural Plate Border 2,jam3,4.7146215,3.017324,2.4216025416829547e-06,4.546298259212231e-05,0.2831050228310502,0.055232558139534885
Neural Plate Border 2,kcnab2,4.693896,1.8448318,2.680506919525703e-06,5.006638834802289e-05,0.3470319634703196,0.11337209302325581
Neural Plate Border 2,LOC100486894,4.6622753,1.163394,3.127323386278752e-06,5.793079208131444e-05,0.4885844748858447,0.2761627906976744
Neural Plate Border 2,prkag1,4.648458,1.1941683,3.3442556757891994e-06,6.17926281030304e-05,0.4703196347031963,0.26453488372093026
Neural Plate Border 2,nat10,4.6346407,1.9634125,3.5755783019277324e-06,6.58586826362001e-05,0.3333333333333333,0.11918604651162791
Neural Plate Border 2,asb7,4.6319838,1.0591296,3.6217883365335145e-06,6.666781792519595e-05,0.502283105022831,0.31976744186046513
Neural Plate Border 2,arid1b,4.6317177,1.1019008,3.6264407038146882e-06,6.671144632675087e-05,0.5205479452054794,0.30523255813953487
Neural Plate Border 2,znf229,4.630389,1.4846933,3.6497886146747784e-06,6.709872389657764e-05,0.3972602739726027,0.17732558139534885
Neural Plate Border 2,eya1,4.6192293,1.731831,3.851682445352541e-06,7.067704303835538e-05,0.365296803652968,0.1511627906976744
Neural Plate Border 2,rpa1,4.6186976,1.5742424,3.861558691511316e-06,7.081381562833581e-05,0.3881278538812785,0.1686046511627907
Neural Plate Border 2,hdac9,4.6083345,2.2525864,4.059067481055061e-06,7.420300283847436e-05,0.3105022831050228,0.08430232558139535
Neural Plate Border 2,sdad1,4.605943,1.1502718,4.1060023617460155e-06,7.496724237114165e-05,0.4748858447488584,0.27325581395348836
Neural Plate Border 2,nmt2,4.6048803,1.2582024,4.1270288465567915e-06,7.530410749918949e-05,0.4429223744292237,0.2441860465116279
Neural Plate Border 2,znhit6,4.604083,1.7663063,4.142866385182805e-06,7.554593094527671e-05,0.3561643835616438,0.14244186046511628
Neural Plate Border 2,filip1l,4.5963774,1.5806513,4.298995399924957e-06,7.814921301940698e-05,0.3789954337899543,0.1511627906976744
Neural Plate Border 2,utp25,4.5942516,1.328484,4.3430479785704995e-06,7.890095429558376e-05,0.4246575342465753,0.2180232558139535
Neural Plate Border 2,ddx43,4.5878744,1.0287424,4.4778159066026085e-06,8.119791362648937e-05,0.5342465753424658,0.33430232558139533
Neural Plate Border 2,clcn6,4.5767145,1.8116757,4.7233556596875914e-06,8.538553450113047e-05,0.3470319634703196,0.12790697674418605
Neural Plate Border 2,naa25,4.574057,1.0942764,4.783690518518009e-06,8.631608490543206e-05,0.4794520547945205,0.29069767441860467
Neural Plate Border 2,efna3,4.5708685,1.2198699,4.857066982553272e-06,8.747808069440216e-05,0.4474885844748858,0.2616279069767442
Neural Plate Border 2,fto,4.5472198,1.1744298,5.435922023789578e-06,9.712557254119385e-05,0.4657534246575342,0.2703488372093023
Neural Plate Border 2,slc39a6,4.54164,1.4937571,5.581836956011329e-06,9.967176301842832e-05,0.3926940639269406,0.1744186046511628
Neural Plate Border 2,fgd6,4.5400453,1.011133,5.6242108590335755e-06,0.00010036709866935925,0.5296803652968036,0.3313953488372093
Neural Plate Border 2,dcaf13,4.539514,1.6891285,5.638403793936268e-06,0.0001005589879808121,0.3515981735159817,0.13662790697674418
Neural Plate Border 2,hs6st2,4.533934,1.6919773,5.789514464691116e-06,0.00010306534550388917,0.365296803652968,0.15406976744186046
Neural Plate Border 2,rpl6,4.529948,1.0641334,5.899815695803285e-06,0.00010496501071456228,0.502283105022831,0.3023255813953488
Neural Plate Border 2,ubtd2,4.5288854,1.1960633,5.92956733085289e-06,0.00010543015976165501,0.4520547945205479,0.26744186046511625
Neural Plate Border 2,st3gal3,4.52862,2.1605196,5.9370276448782825e-06,0.0001054986353115119,0.3105022831050228,0.09593023255813954
Neural Plate Border 2,cfi,4.5153337,1.830225,6.3217132576615235e-06,0.00011165558926568218,0.3470319634703196,0.1308139534883721
Neural Plate Border 2,spats2,4.490622,1.0729164,7.101547883752368e-06,0.00012475080900839272,0.4931506849315068,0.3023255813953488
Neural Plate Border 2,LOC116411060,4.489559,1.2825366,7.137072836906048e-06,0.000125299565222583,0.4337899543378995,0.23546511627906977
Neural Plate Border 2,LOC101733063,4.474679,1.8509746,7.652620086404132e-06,0.00013402860260376223,0.3333333333333333,0.125
Neural Plate Border 2,polrmt,4.4730844,1.9116068,7.709922857706593e-06,0.00013487058949947423,0.3242009132420091,0.10465116279069768
Neural Plate Border 2,LOC100495777,4.468302,1.7716935,7.884303015159921e-06,0.00013750958319578739,0.3424657534246575,0.125
Neural Plate Border 2,ddx24,4.4656444,1.240897,7.982803629869811e-06,0.0001391445038191559,0.4429223744292237,0.24127906976744187
Neural Plate Border 2,tfap2b,4.4555473,3.1569574,8.367942921993576e-06,0.00014542410199333783,0.2602739726027397,0.0436046511627907
Neural Plate Border 2,med15,4.4523587,1.1137973,8.493211822869244e-06,0.00014733832332005392,0.4794520547945205,0.2819767441860465
Neural Plate Border 2,olfm4,4.452093,2.123207,8.503731413229036e-06,0.00014743331728356935,0.319634703196347,0.11337209302325581
Neural Plate Border 2,tp53bp1,4.4499674,1.2868651,8.588337586218652e-06,0.00014872375354428756,0.4200913242009132,0.22965116279069767
Neural Plate Border 2,hmcn2,4.4393387,1.3625311,9.02357633136718e-06,0.00015570729618783591,0.4018264840182648,0.2005813953488372
Neural Plate Border 2,apoc1,4.4260526,1.0314072,9.597307882394287e-06,0.00016492587108187385,0.5114155251141552,0.3226744186046512
Neural Plate Border 2,dis3,4.4066553,1.3416147,1.0497902143416165e-05,0.00017955773993809124,0.4063926940639269,0.2005813953488372
Neural Plate Border 2,abcc5,4.4066553,1.708582,1.0497902143416165e-05,0.00017955773993809124,0.3470319634703196,0.13372093023255813
Neural Plate Border 2,znrf1,4.40081,1.80194,1.0784774003237115e-05,0.000184033700460376,0.3333333333333333,0.125
Neural Plate Border 2,ltv1,4.40081,2.1172037,1.0784774003237115e-05,0.000184033700460376,0.3059360730593607,0.09593023255813954
Neural Plate Border 2,tyw1,4.389118,1.1999497,1.1381129746481383e-05,0.00019364482166437562,0.4337899543378995,0.24709302325581395
Neural Plate Border 2,jazf1,4.385398,1.8511012,1.157739131520889e-05,0.00019664074696971009,0.3333333333333333,0.1308139534883721
Neural Plate Border 2,dhcr7,4.3774266,1.1110604,1.2008886293287355e-05,0.00020373288174061675,0.4703196347031963,0.2703488372093023
Neural Plate Border 2,pimreg,4.375832,1.2098924,1.2097007760322251e-05,0.00020510883633525505,0.4429223744292237,0.25290697674418605
Neural Plate Border 2,shq1,4.366798,1.0397694,1.260813659688909e-05,0.00021328034772202835,0.4794520547945205,0.3081395348837209
Neural Plate Border 2,onecut2,4.362015,2.5902345,1.288701184859677e-05,0.00021749436682813638,0.2785388127853881,0.06976744186046512
Neural Plate Border 2,ebna1bp2,4.362015,1.5186397,1.288701184859677e-05,0.00021749436682813638,0.3698630136986301,0.16569767441860464
Neural Plate Border 2,chic2,4.3585606,1.2654753,1.309207146475562e-05,0.00022070031198746917,0.4200913242009132,0.23546511627906977
Neural Plate Border 2,nle1,4.3511205,1.8889352,1.3544362076897247e-05,0.0002277993370942367,0.319634703196347,0.11918604651162791
Neural Plate Border 2,prex1,4.3426175,1.2626121,1.4079514551867069e-05,0.00023652775279633695,0.4292237442922374,0.23546511627906977
Neural Plate Border 2,vbp1,4.3322544,1.3343518,1.4759018207003524e-05,0.0002469495484882198,0.4018264840182648,0.20348837209302326
Neural Plate Border 2,hip1,4.3237514,2.0050638,1.5339803396761898e-05,0.00025578881522575416,0.3105022831050228,0.10465116279069768
Neural Plate Border 2,xrcc1,4.3195,1.3183832,1.5638304595823328e-05,0.0002606176064085015,0.3972602739726027,0.21220930232558138
Neural Plate Border 2,dennd2b,4.3152485,2.6945364,1.5942338181678185e-05,0.0002653818265311133,0.2648401826484018,0.05232558139534884
Neural Plate Border 2,ptdss1,4.303557,1.9199784,1.6807754021720408e-05,0.00027899344566093654,0.3150684931506849,0.11046511627906977
Neural Plate Border 2,tbc1d4,4.2977114,1.0486866,1.725707480697875e-05,0.00028628919051237,0.4885844748858447,0.29941860465116277
Neural Plate Border 2,troap,4.293991,1.275267,1.754894093113069e-05,0.0002908010727652388,0.4063926940639269,0.21511627906976744
Neural Plate Border 2,ism1,4.2902713,1.4393498,1.7845506704695234e-05,0.0002952133596406035,0.3789954337899543,0.17732558139534885
Neural Plate Border 2,pde3b,4.2817683,1.0122279,1.854140432647778e-05,0.0003060326312068165,0.4931506849315068,0.3081395348837209
Neural Plate Border 2,mms19,4.2759223,1.0450783,1.9034747569073757e-05,0.0003134674401079408,0.4703196347031963,0.29651162790697677
Neural Plate Border 2,dchs1,4.267951,1.7618968,1.9727670162689068e-05,0.00032378412494416854,0.3242009132420091,0.11918604651162791
Neural Plate Border 2,c5,4.2647624,1.1989468,2.0011510329425178e-05,0.00032770669940584166,0.4292237442922374,0.23837209302325582
Neural Plate Border 2,afap1,4.256525,1.8271815,2.0762874230543184e-05,0.00033963042900560036,0.319634703196347,0.11918604651162791
Neural Plate Border 2,pold1,4.253071,1.5967085,2.1085890261042287e-05,0.0003445285959868793,0.3515981735159817,0.15406976744186046
Neural Plate Border 2,klhl32,4.249882,1.358875,2.1388300536986423e-05,0.0003492745324003632,0.3881278538812785,0.20930232558139536
Neural Plate Border 2,trap1,4.2477565,1.5863978,2.159219629463482e-05,0.00035201421633489704,0.3470319634703196,0.1569767441860465
Neural Plate Border 2,sgip1,4.2381907,2.5937417,2.2532843787121216e-05,0.0003663278958516909,0.2648401826484018,0.05813953488372093
Neural Plate Border 2,ptprn2,4.2334075,1.0029206,2.3017668550870124e-05,0.0003737941496724914,0.5068493150684932,0.33430232558139533
Neural Plate Border 2,tpbg,4.232079,1.4315885,2.3154093908266887e-05,0.000375800843438395,0.3744292237442922,0.17732558139534885
Neural Plate Border 2,LOC100487200,4.2238417,1.8177271,2.401725970325641e-05,0.0003891621498813127,0.319634703196347,0.12209302325581395
Neural Plate Border 2,wnt11,4.219059,2.7396545,2.453241211722685e-05,0.00039684944028702717,0.2602739726027397,0.055232558139534885
Neural Plate Border 2,gtpbp4,4.211087,1.1419202,2.541443460458819e-05,0.0004108901205346888,0.4337899543378995,0.25290697674418605
Neural Plate Border 2,pdgfa,4.1967387,1.5572122,2.707860383978582e-05,0.00043610725555965805,0.3515981735159817,0.15988372093023256
Neural Plate Border 2,fbxo10,4.1845155,1.9019816,2.857746833683053e-05,0.0004574742480579919,0.3059360730593607,0.10174418604651163
Neural Plate Border 2,pias1,4.181593,1.0441506,2.8947403020289168e-05,0.0004631426040974673,0.4657534246575342,0.2819767441860465
Neural Plate Border 2,epha7,4.1619296,1.4592493,3.155694512865783e-05,0.0005026926774146034,0.3744292237442922,0.2005813953488372
Neural Plate Border 2,LOC100495928,4.154224,1.09179,3.2639340099705435e-05,0.000519086262488841,0.4611872146118721,0.2819767441860465
Neural Plate Border 2,uba52,4.1507697,1.5814055,3.3135917564627706e-05,0.0005264108730063219,0.3378995433789954,0.15406976744186046
Neural Plate Border 2,impdh2,4.141735,1.6633301,3.446881159594254e-05,0.0005455104665733603,0.3287671232876712,0.13662790697674418
Neural Plate Border 2,ppat,4.1414695,1.4593785,3.450877490499427e-05,0.0005458474021904154,0.3561643835616438,0.16279069767441862
Neural Plate Border 2,nup155,4.1398754,1.3178864,3.474948040443033e-05,0.0005493575239058426,0.3881278538812785,0.20930232558139536
Neural Plate Border 2,wdr46,4.137218,1.2071853,3.5154203280708255e-05,0.000555455414107234,0.4063926940639269,0.22674418604651161
Neural Plate Border 2,ptpn1,4.129778,1.34551,3.6311376684325664e-05,0.0005728104974956953,0.3881278538812785,0.20930232558139536
Neural Plate Border 2,gart,4.1125064,1.2492403,3.9138673854973825e-05,0.0006164130255682865,0.3926940639269406,0.2063953488372093
Neural Plate Border 2,LOC100496939,4.109052,1.220252,3.9728661381476234e-05,0.0006246952667250844,0.4063926940639269,0.21511627906976744
Neural Plate Border 2,surf6,4.108255,1.403734,3.986600597149471e-05,0.0006261812039509736,0.365296803652968,0.17732558139534885
Neural Plate Border 2,nup188,4.0851374,1.0999987,4.4050732613235864e-05,0.0006882132362466582,0.4429223744292237,0.2616279069767442
Neural Plate Border 2,fat3,4.0819488,2.3550704,4.465962880198094e-05,0.0006969811049176213,0.2694063926940639,0.07267441860465117
Neural Plate Border 2,pwp1,4.075837,1.946045,4.5849060527772384e-05,0.000714399727232044,0.2922374429223744,0.09011627906976744
Neural Plate Border 2,pwp2,4.072383,2.019145,4.6534573235208425e-05,0.0007235383565097753,0.2876712328767123,0.09302325581395349
Neural Plate Border 2,nasp,4.070789,1.1308194,4.685423140025211e-05,0.0007281212323555393,0.4383561643835616,0.2616279069767442
Neural Plate Border 2,cbx1,4.068663,1.0391248,4.728368214249541e-05,0.0007344045232238487,0.4383561643835616,0.27325581395348836
Neural Plate Border 2,mapkap1,4.0399656,1.1881511,5.3459062085823954e-05,0.0008246236642906173,0.410958904109589,0.23837209302325582
Neural Plate Border 2,usp28,4.034917,1.6619844,5.4621629735068e-05,0.0008412248992548855,0.319634703196347,0.11918604651162791
Neural Plate Border 2,ptprm,4.0346513,1.5466768,5.468347625265805e-05,0.0008417339096058175,0.3470319634703196,0.16279069767441862
Neural Plate Border 2,gcsh,4.0277424,1.2642083,5.6314967401594585e-05,0.0008654799222481659,0.3881278538812785,0.2063953488372093
Neural Plate Border 2,ppp2r3a,4.000108,2.1611266,6.331360416762234e-05,0.0009644189491525632,0.273972602739726,0.08139534883720931
Neural Plate Border 2,ddx55,3.9969194,1.3789979,6.417216217067937e-05,0.0009759711094750931,0.3607305936073059,0.18023255813953487
Neural Plate Border 2,chek1,3.9931993,1.0023365,6.518774038235595e-05,0.000990901112385152,0.4703196347031963,0.29069767441860467
Neural Plate Border 2,arl13b,3.970879,1.2505062,7.160793751808158e-05,0.0010834221643845976,0.3881278538812785,0.20930232558139536
Neural Plate Border 2,neil1,3.9698162,1.5910139,7.192811065304102e-05,0.0010877033639415635,0.3242009132420091,0.13953488372093023
Neural Plate Border 2,ppan,3.9655647,1.0878668,7.322239479440225e-05,0.0011055598255346963,0.4246575342465753,0.25
Neural Plate Border 2,nhp2,3.965299,1.144401,7.330401461364107e-05,0.0011062207801607342,0.4018264840182648,0.23546511627906977
Neural Plate Border 2,eif3k,3.9581246,1.0193961,7.554055416413443e-05,0.0011364518470261523,0.4474885844748858,0.27325581395348836
Neural Plate Border 2,abcc1,3.9581246,1.5231683,7.554055416413443e-05,0.0011364518470261523,0.3333333333333333,0.14825581395348839
Neural Plate Border 2,lrp4,3.9395244,1.0664917,8.164330557943857e-05,0.0012219741246249714,0.4337899543378995,0.27325581395348836
Neural Plate Border 2,snca,3.938993,4.031985,8.182433594016633e-05,0.0012240568904130001,0.2146118721461187,0.020348837209302327
Neural Plate Border 2,senp1,3.9387271,1.3872404,8.191499333064875e-05,0.001224160107386602,0.3561643835616438,0.17732558139534885
Neural Plate Border 2,adgrv1,3.9368672,3.5607667,8.255225833401662e-05,0.001232423423575914,0.2237442922374429,0.03197674418604651
Neural Plate Border 2,nmd3,3.9358044,1.2951878,8.291851054473551e-05,0.0012372593066529677,0.3698630136986301,0.19186046511627908
Neural Plate Border 2,cdca7,3.9286299,1.1935362,8.543117452625833e-05,0.0012721541836867333,0.4018264840182648,0.2180232558139535
Neural Plate Border 2,s1pr3,3.9203928,3.9856622,8.840477877573184e-05,0.0013110908616912316,0.2146118721461187,0.023255813953488372
Neural Plate Border 2,tmem19,3.9185326,1.039884,8.90896391620721e-05,0.001319908384362154,0.4383561643835616,0.26453488372093026
Neural Plate Border 2,ncapg,3.9156098,1.5679427,9.017598350239379e-05,0.001333974784290725,0.3287671232876712,0.1511627906976744
Neural Plate Border 2,trim36,3.9140155,1.140253,9.077379690199771e-05,0.001342139027436669,0.4018264840182648,0.23255813953488372
Neural Plate Border 2,btf3l4,3.9118898,1.050825,9.157670625166181e-05,0.0013519589396173365,0.4429223744292237,0.26744186046511625
Neural Plate Border 2,LOC105946815,3.8911638,1.6297089,9.976453841748905e-05,0.001460299059830557,0.3150684931506849,0.1308139534883721
Neural Plate Border 2,col4a5,3.8895695,2.0932786,0.0001004221939656526,0.0014677205759049956,0.2785388127853881,0.09302325581395349
Neural Plate Border 2,lbhd1,3.8847866,2.3047671,0.00010241980112011039,0.0014961685190114677,0.2602739726027397,0.0755813953488372
Neural Plate Border 2,eef1b2,3.8773465,1.0594193,0.0001056018954761307,0.00153727540172449,0.4337899543378995,0.25872093023255816
Neural Plate Border 2,gpam,3.8616693,1.3751153,0.00011261497184930688,0.0016352947054779382,0.3470319634703196,0.17732558139534885
Neural Plate Border 2,rrm2.2,3.860872,1.3777555,0.00011298305320343684,0.0016398250388230697,0.3515981735159817,0.16569767441860464
Neural Plate Border 2,sycp1,3.8555577,1.7013509,0.00011546608190717064,0.0016725416453064938,0.3333333333333333,0.17732558139534885
Neural Plate Border 2,schip1,3.8513062,1.5882062,0.00011748946653068111,0.0017001656416625443,0.3150684931506849,0.13662790697674418
Neural Plate Border 2,gtf2f2,3.8428032,1.1127648,0.0001216369585391536,0.001755837004966913,0.410958904109589,0.23837209302325582
Neural Plate Border 2,cntfr,3.8324404,1.8724935,0.0001268783868948383,0.0018260867195091176,0.2831050228310502,0.09593023255813954
Neural Plate Border 2,cux2,3.8183572,1.4897891,0.00013434325740720353,0.0019240508364869995,0.3287671232876712,0.14534883720930233
Neural Plate Border 2,utp15,3.8141057,1.5219344,0.00013667689628520276,0.0019565143757653094,0.3150684931506849,0.1308139534883721
Neural Plate Border 2,rpf2,3.8114486,1.0240427,0.00013815475684495648,0.001976701760810045,0.4292237442922374,0.26744186046511625
Neural Plate Border 2,supv3l1,3.803477,2.138612,0.00014267916968795026,0.002034465760560231,0.2602739726027397,0.0755813953488372
Neural Plate Border 2,plcg1,3.8008199,1.062838,0.0001442180634124788,0.0020514054557713712,0.4246575342465753,0.25290697674418605
Neural Plate Border 2,myh6,3.8008199,1.014473,0.0001442180634124788,0.0020514054557713712,0.4474885844748858,0.27325581395348836
Neural Plate Border 2,dnm1,3.796037,4.377485,0.00014702753532895858,0.0020893348980071894,0.2009132420091324,0.011627906976744186
Neural Plate Border 2,fmr1,3.7928483,1.1676259,0.00014892905992267802,0.0021132744420387386,0.3881278538812785,0.21511627906976744
Neural Plate Border 2,dcaf4,3.7851427,1.3785815,0.0001536204400089046,0.002174566141356073,0.3378995433789954,0.16569767441860464
Neural Plate Border 2,pou2f2,3.783814,1.7646884,0.0001544432271429068,0.002185154875418349,0.2968036529680365,0.11918604651162791
Neural Plate Border 2,ddx20,3.7822196,1.4541358,0.00015543604701185527,0.0021981379246267738,0.3287671232876712,0.14534883720930233
Neural Plate Border 2,st3gal4,3.7784996,1.010809,0.00015777603707181175,0.002227995816254169,0.4474885844748858,0.27906976744186046
Neural Plate Border 2,rnf13,3.7779682,1.2027974,0.00015811301522456812,0.0022316762665520766,0.3698630136986301,0.19767441860465115
Neural Plate Border 2,LOC116407528,3.774514,1.1328965,0.00016031993773002045,0.0022606425951694296,0.3926940639269406,0.2180232558139535
Neural Plate Border 2,efna1,3.763088,1.4144351,0.00016782804100593676,0.002356283125189499,0.3333333333333333,0.1569767441860465
Neural Plate Border 2,rps3a,3.7625566,1.1735207,0.00016818518104772193,0.0023601637192539413,0.3789954337899543,0.21511627906976744
Neural Plate Border 2,evc2,3.7505994,1.8274809,0.0001764123574615833,0.002464966358011253,0.2831050228310502,0.10174418604651163
Neural Plate Border 2,pcdh18,3.7436907,2.0144014,0.00018133682382864602,0.0025301463949093804,0.2648401826484018,0.08430232558139535
Neural Plate Border 2,nfx1,3.7266848,1.0415034,0.00019401480538405185,0.002692899703789753,0.4200913242009132,0.26453488372093026
Neural Plate Border 2,e2f7,3.7250905,1.0459518,0.00019524513588676796,0.002708690349836789,0.4200913242009132,0.25872093023255816
Neural Plate Border 2,nup43,3.723762,1.0870897,0.00019627600781083683,0.002721700182314313,0.4063926940639269,0.23546511627906977
Neural Plate Border 2,eif4ebp2,3.7141962,1.3758557,0.0002038506555364014,0.0028213818712048058,0.3333333333333333,0.1569767441860465
Neural Plate Border 2,rps16,3.7131333,1.3493634,0.00020470902880380732,0.002831921259329906,0.3333333333333333,0.1511627906976744
Neural Plate Border 2,znf484,3.7025046,1.0347574,0.0002134815166681249,0.002946306994204891,0.4246575342465753,0.25290697674418605
Neural Plate Border 2,dph1,3.6977217,1.910606,0.0002175432380393691,0.0029967042371012243,0.2694063926940639,0.09593023255813954
Neural Plate Border 2,urb1,3.6940017,1.6888323,0.0002207523990892891,0.0030394787460098966,0.2876712328767123,0.11337209302325581
Neural Plate Border 2,obi1,3.6934702,1.804581,0.0002212144623002451,0.003042974092940454,0.2785388127853881,0.10174418604651163
Neural Plate Border 2,znf282,3.6873586,1.2828904,0.000226593858031843,0.0031140409328297147,0.3470319634703196,0.17732558139534885
Neural Plate Border 2,pak1ip1,3.6862957,1.5390956,0.00022754184825353243,0.003125599514238255,0.3105022831050228,0.13662790697674418
Neural Plate Border 2,zc3h12c,3.6815128,2.5673976,0.00023185405428824388,0.0031773679610406272,0.2374429223744292,0.061046511627906974
Neural Plate Border 2,kidins220,3.6780586,1.0313071,0.00023501599370543143,0.0032176826754114593,0.4063926940639269,0.2441860465116279
Neural Plate Border 2,nav1,3.6716814,1.1102278,0.0002409599913014277,0.0032882826824145815,0.3972602739726027,0.2180232558139535
Neural Plate Border 2,ttc33,3.6679614,1.4192609,0.0002444921588182389,0.0033318183190750306,0.319634703196347,0.1511627906976744
Neural Plate Border 2,kri1,3.6658356,1.1330091,0.0002465322883241566,0.0033533668310858173,0.3744292237442922,0.20930232558139536
Neural Plate Border 2,nol7,3.6653042,1.1547297,0.00024704480995609766,0.003358775274337996,0.3744292237442922,0.20348837209302326
Neural Plate Border 2,znf280d,3.6594584,1.0522914,0.0002527488997214476,0.0034299457231929597,0.4063926940639269,0.24127906976744187
Neural Plate Border 2,rps11,3.6485639,1.1310472,0.0002637102545423212,0.003567105252441736,0.3744292237442922,0.2180232558139535
Neural Plate Border 2,fut8,3.6435153,1.5289552,0.00026893962562694933,0.0036327976879396285,0.3059360730593607,0.13662790697674418
Neural Plate Border 2,lpar4,3.6358094,1.1686686,0.00027710903290884844,0.003737966839390193,0.3744292237442922,0.2005813953488372
Neural Plate Border 2,c1h12orf43,3.634215,1.7770762,0.00027882803647242947,0.0037576866455166368,0.273972602739726,0.10174418604651163
Neural Plate Border 2,smc6,3.6328866,1.3977472,0.00028026816757014636,0.0037753542885912202,0.319634703196347,0.1511627906976744
Neural Plate Border 2,rplp2,3.6273065,1.7213889,0.0002863931695184615,0.0038525350843047167,0.2831050228310502,0.10755813953488372
Neural Plate Border 2,clybl,3.613755,1.9555504,0.00030179425857171827,0.004046673381793531,0.2602739726027397,0.0872093023255814
Neural Plate Border 2,trmt6,3.6031263,1.5170753,0.000314412652739727,0.0041985364331818,0.3059360730593607,0.13662790697674418
Neural Plate Border 2,zeb1,3.593029,1.1488601,0.0003268561347978537,0.004348808227708722,0.3744292237442922,0.20348837209302326
Neural Plate Border 2,nup210,3.5898404,1.0585499,0.00033088043671924093,0.004398347451450719,0.3972602739726027,0.2180232558139535
Neural Plate Border 2,notum,3.5866518,1.425219,0.0003349510677915658,0.004444373428331938,0.3242009132420091,0.16279069767441862
Neural Plate Border 2,ccdc137,3.5749602,1.0943186,0.00035028108019515014,0.004637258267746573,0.3789954337899543,0.20930232558139536
Neural Plate Border 2,pappa,3.5736318,1.6585418,0.00035206405718585124,0.004656644550045075,0.2831050228310502,0.11918604651162791
Neural Plate Border 2,wasf3,3.5701773,2.2389195,0.00035673960235342854,0.004707835357288068,0.2374429223744292,0.06395348837209303
Neural Plate Border 2,mertk,3.5675201,1.3617831,0.0003603756209301567,0.004751528992065589,0.3242009132420091,0.15988372093023256
Neural Plate Border 2,fmnl2,3.5537028,1.2471768,0.00037984807538585816,0.004988022952203064,0.3470319634703196,0.18604651162790697
Neural Plate Border 2,polr2c,3.5499828,1.0040625,0.00038525625025125255,0.0050544997536330185,0.3972602739726027,0.24127906976744187
Neural Plate Border 2,cox20,3.5436056,1.8679979,0.00039469515818179695,0.0051667416788231555,0.2602739726027397,0.09011627906976744
Neural Plate Border 2,dlc1,3.5369627,1.1064396,0.00040475682226848695,0.005293712157373665,0.3744292237442922,0.2180232558139535
Neural Plate Border 2,rif1,3.5223482,1.1745473,0.00042774184439893254,0.0055718903091021375,0.3607305936073059,0.2005813953488372
Neural Plate Border 2,coq8a,3.5138452,1.2760919,0.000441669956439957,0.005740531123475494,0.3333333333333333,0.17151162790697674
Neural Plate Border 2,zbtb47,3.4949794,1.4209293,0.0004740983955619856,0.006142894592496632,0.3105022831050228,0.14825581395348839
Neural Plate Border 2,mettl1,3.490462,2.1902835,0.0004821858594139107,0.006242150069321534,0.2328767123287671,0.061046511627906974
Neural Plate Border 2,serpina1,3.4899306,1.8754221,0.00048314573958424257,0.006251807487289506,0.2557077625570776,0.0872093023255814
Neural Plate Border 2,polr2f,3.489665,1.3280562,0.00048362634769701963,0.006255257420146718,0.319634703196347,0.15406976744186046
Neural Plate Border 2,bend4,3.4835534,2.9263275,0.0004948041623759409,0.006391347976319544,0.2100456621004566,0.040697674418604654
Neural Plate Border 2,nip7,3.4824908,1.7039139,0.0004967725504297032,0.006408278209007349,0.273972602739726,0.11046511627906977
Neural Plate Border 2,prr5l,3.469205,1.4706933,0.0005220013787720774,0.006715942915002902,0.2968036529680365,0.1308139534883721
Neural Plate Border 2,LOC100485124,3.4665477,1.50047,0.0005271883355654204,0.006770756694601408,0.2922374429223744,0.12790697674418605
Neural Plate Border 2,atg16l2,3.4500732,1.1187686,0.0005604346688965133,0.007163124532800167,0.3607305936073059,0.20348837209302326
Neural Plate Border 2,rasa3,3.4490104,1.1557324,0.0005626452764207936,0.007185095707757194,0.3515981735159817,0.19476744186046513
Neural Plate Border 2,sav1,3.4442275,1.009875,0.0005726938730783393,0.007291121343185077,0.3926940639269406,0.23837209302325582
Neural Plate Border 2,celsr3,3.4309416,1.657435,0.0006014902823332618,0.007627836200817169,0.273972602739726,0.11046511627906977
Neural Plate Border 2,znhit3,3.4261587,1.1791418,0.0006121828170718241,0.007756703912365189,0.3424657534246575,0.17732558139534885
Neural Plate Border 2,pkp2,3.420313,1.0271434,0.0006254916493335198,0.00791504173232386,0.3789954337899543,0.22674418604651161
Neural Plate Border 2,nol11,3.4187186,1.2054502,0.0006291677715169309,0.007951233518898143,0.3333333333333333,0.1686046511627907
Neural Plate Border 2,plekha1,3.4134042,1.7072418,0.0006415671806422517,0.00809044445960037,0.2602739726027397,0.09302325581395349
Neural Plate Border 2,rcc1,3.41181,1.1490538,0.0006453310925092082,0.008130893605662355,0.3515981735159817,0.19186046511627908
Neural Plate Border 2,LOC116410673,3.3969297,2.0745254,0.0006814647264135255,0.008538317795882454,0.228310502283105,0.05813953488372093
Neural Plate Border 2,msn,3.3950696,1.5313809,0.0006861113751891408,0.00859285415944892,0.2831050228310502,0.11918604651162791
Neural Plate Border 2,uhrf2,3.3921468,1.1183115,0.0006934727899556827,0.008681328960682895,0.3561643835616438,0.20348837209302326
Neural Plate Border 2,mcmbp,3.3783295,1.7297285,0.0007292764397086032,0.00909448788785076,0.2602739726027397,0.09593023255813954
Neural Plate Border 2,XB5732857,3.3623865,1.3688662,0.0007727189901945969,0.009603464626861506,0.2968036529680365,0.13372093023255813
Neural Plate Border 2,chst12,3.3615892,2.2223313,0.0007749529436385619,0.00961895944607168,0.228310502283105,0.06686046511627906
Neural Plate Border 2,itpr1,3.3546805,1.4647855,0.0007945665447114533,0.009845686591123564,0.2922374429223744,0.14244186046511628
Neural Plate Border 2,npr3,3.3530862,3.250689,0.0007991577144224905,0.00989418854311047,0.1917808219178082,0.02616279069767442
Neural Plate Border 2,kcnk9,3.3512263,2.4023948,0.0008045451910134697,0.009952458941394302,0.2146118721461187,0.04941860465116279
Neural Plate Border 2,trit1,3.3437862,1.1047591,0.0008264338889106368,0.010205952263095406,0.3561643835616438,0.20930232558139536
Neural Plate Border 2,lpp,3.3392692,1.2159818,0.0008399916617289691,0.010355882017713832,0.3287671232876712,0.17151162790697674
Neural Plate Border 2,ptdss2,3.3344862,1.3375288,0.0008545716062385722,0.010509037703811402,0.3013698630136986,0.14244186046511628
Neural Plate Border 2,trmt61a,3.3339548,2.2701728,0.0008562060065126987,0.010524708905118878,0.2191780821917808,0.055232558139534885
Neural Plate Border 2,gprc5b,3.3331575,1.005616,0.0008586630428146819,0.010541612517646353,0.3881278538812785,0.23255813953488372
Neural Plate Border 2,ripor1,3.332892,1.2074708,0.0008594835068249249,0.010547255410579085,0.3287671232876712,0.17732558139534885
Neural Plate Border 2,rexo4,3.3305004,1.5371345,0.0008669004651988495,0.01062489203279982,0.2785388127853881,0.125
Neural Plate Border 2,olig3,3.3283746,3.245405,0.0008735430948350163,0.010692855194774857,0.1963470319634703,0.03488372093023256
Neural Plate Border 2,espl1,3.320403,1.087769,0.0008988755102485851,0.010957060066754124,0.3470319634703196,0.20348837209302326
Neural Plate Border 2,xpc,3.3182774,1.0736945,0.0009057448988686033,0.011022410132734448,0.3561643835616438,0.20348837209302326
Neural Plate Border 2,mllt1,3.3172145,1.1549633,0.0009091978086114311,0.01105982569434904,0.3333333333333333,0.18023255813953487
Neural Plate Border 2,lrch2,3.312166,1.5832485,0.0009257663460512383,0.011252006678346672,0.273972602739726,0.11918604651162791
Neural Plate Border 2,kif13a,3.30074,1.4330947,0.0009643018531482357,0.011700916342621867,0.2831050228310502,0.12209302325581395
Neural Plate Border 2,gpr161,3.276294,1.0331273,0.001051789909643643,0.012683527577885037,0.3698630136986301,0.2238372093023256
Neural Plate Border 2,tktl2,3.274434,1.7900985,0.0010587385658022675,0.012756795967422128,0.2465753424657534,0.08430232558139535
Neural Plate Border 2,rassf2,3.2723083,3.5025325,0.0010667318804416107,0.012842520427178223,0.182648401826484,0.020348837209302327
Neural Plate Border 2,tars3,3.271511,2.8635862,0.0010697437393966396,0.012873478487568205,0.1963470319634703,0.03488372093023256
Neural Plate Border 2,urb2,3.259288,1.71039,0.0011169216441937642,0.013386115859544044,0.2511415525114155,0.09593023255813954
Neural Plate Border 2,mospd1,3.2590225,1.2213436,0.0011179682945914918,0.013393168532460612,0.319634703196347,0.17151162790697674
Neural Plate Border 2,rtcb,3.251848,1.1802036,0.0011465729552325781,0.013674204020564459,0.3333333333333333,0.18313953488372092
Neural Plate Border 2,tshz3,3.2417507,1.1938796,0.0011879785058303274,0.01412191935905909,0.3424657534246575,0.19186046511627908
Neural Plate Border 2,ndufab1,3.2271364,1.2471937,0.0012503586036735441,0.014785288165041006,0.3105022831050228,0.15406976744186046
Neural Plate Border 2,tomm22,3.2127876,1.3558975,0.001314534541383762,0.01550026590527985,0.2922374429223744,0.14244186046511628
Neural Plate Border 2,wdr5,3.197376,1.0885406,0.0013868401403544773,0.016293699414269183,0.3378995433789954,0.2005813953488372
Neural Plate Border 2,nkain1,3.1907332,2.4674628,0.0014191231808478727,0.01665959425677276,0.2054794520547945,0.04941860465116279
Neural Plate Border 2,chst13,3.1840901,1.2394136,0.0014520977876734298,0.01701253323907095,0.3105022831050228,0.15988372093023256
Neural Plate Border 2,entpd3,3.172133,2.0647216,0.0015132375132358151,0.01766511411717097,0.2191780821917808,0.06395348837209303
Neural Plate Border 2,mmp16,3.1548612,1.8268623,0.001605744475924422,0.018655610801171216,0.228310502283105,0.07267441860465117
Neural Plate Border 2,septin12,3.1530013,1.0167769,0.0016160112393205537,0.018759977973224425,0.3607305936073059,0.2180232558139535
Neural Plate Border 2,frem1,3.1511412,3.1027868,0.0016263383905600545,0.018864879958119425,0.182648401826484,0.02616279069767442
Neural Plate Border 2,bbs7,3.1407783,1.2795961,0.0016849956702996369,0.0195065775994173,0.2968036529680365,0.1511627906976744
Neural Plate Border 2,surf2,3.1402469,1.7305425,0.0016880555615198228,0.019534264496748194,0.2420091324200913,0.09011627906976744
Neural Plate Border 2,exosc9,3.139184,1.6361718,0.00169419068378557,0.019597502128110802,0.2465753424657534,0.09302325581395349
Neural Plate Border 2,usp45,3.131744,1.3855112,0.0017377141173734113,0.02005334439989822,0.2785388127853881,0.12790697674418605
Neural Plate Border 2,grwd1,3.1237724,1.5755016,0.0017854855026088407,0.020564037323388108,0.2557077625570776,0.10465116279069768
Neural Plate Border 2,cenpn,3.1131437,1.0264846,0.0018510590217248883,0.02122726805180079,0.3515981735159817,0.21220930232558138
Neural Plate Border 2,polr1f,3.1126122,2.1672635,0.0018543950612312002,0.02124885222847872,0.2100456621004566,0.05813953488372093
Neural Plate Border 2,clps,3.1041093,2.179478,0.0019085284038627879,0.021800779122045,0.2054794520547945,0.05232558139534884
Neural Plate Border 2,c3h15orf39,3.102515,1.2510185,0.0019188385545247002,0.021901432950922107,0.2922374429223744,0.14534883720930233
Neural Plate Border 2,cenpp,3.0974662,1.0494721,0.0019518257239473796,0.022251878992474983,0.3378995433789954,0.19476744186046513
Neural Plate Border 2,naa50,3.0966692,1.1776901,0.001957081563392374,0.022285723092918767,0.3105022831050228,0.16279069767441862
Neural Plate Border 2,XB5768883,3.0926833,1.623272,0.0019835561886346114,0.02256961111326521,0.2557077625570776,0.11337209302325581
Neural Plate Border 2,dgat2,3.0871034,1.349332,0.002021173129653885,0.02295295716896376,0.2876712328767123,0.14534883720930233
Neural Plate Border 2,sfrp1,3.086572,2.102598,0.0020247896253991313,0.022985097297103692,0.2146118721461187,0.06686046511627906
Neural Plate Border 2,XB6038542,3.0833833,2.2167487,0.0020466135834750036,0.023187814596340246,0.2054794520547945,0.05232558139534884
Neural Plate Border 2,p2ry4,3.081789,2.4190104,0.0020576063030803273,0.02330332810745488,0.1963470319634703,0.0436046511627907
Neural Plate Border 2,mark4,3.0812576,1.0494424,0.0020612825630809996,0.02332688757314003,0.3424657534246575,0.2005813953488372
Neural Plate Border 2,KIAA1958,3.0711603,1.3073434,0.0021322863292656796,0.024046628738721095,0.2876712328767123,0.14244186046511628
Neural Plate Border 2,trmt11,3.0669088,1.3072705,0.002162848102481917,0.02430688692181811,0.2831050228310502,0.13372093023255813
Neural Plate Border 2,ifrd1,3.0615945,1.0033581,0.0022016149157008517,0.024695090407080428,0.3515981735159817,0.2180232558139535
Neural Plate Border 2,pdgfra,3.0514972,1.8350815,0.0022770314718307673,0.025472601206691602,0.228310502283105,0.08139534883720931
Neural Plate Border 2,mcm2,3.0440571,1.4211503,0.002334107959382044,0.026041339603319284,0.2694063926940639,0.12209302325581395
Neural Plate Border 2,tcf4,3.0429943,1.1386961,0.002342367854522653,0.0261235233710613,0.3105022831050228,0.1686046511627907
Neural Plate Border 2,nova1,3.0392742,1.7100935,0.0023714887165407206,0.026397938565575707,0.2465753424657534,0.10465116279069768
Neural Plate Border 2,ilkap,3.0302398,1.1071769,0.002443595982504429,0.027138584409037603,0.3150684931506849,0.17151162790697674
Neural Plate Border 2,sdk2,3.0265198,1.3207473,0.002473866111211081,0.027422669812973498,0.2785388127853881,0.1308139534883721
Neural Plate Border 2,elmo1,3.0238626,1.4378603,0.002495697265721056,0.02764370093758704,0.2602739726027397,0.11918604651162791
Neural Plate Border 2,XB5931222,3.0127025,1.2167442,0.00258932609952897,0.02861572446704398,0.2922374429223744,0.1511627906976744
Neural Plate Border 2,tsr2,3.007388,1.5939332,0.0026350306023116958,0.029076851467034044,0.2465753424657534,0.10465116279069768
Neural Plate Border 2,LOC100488577,3.0052624,1.7844622,0.002653517988910542,0.029247731649262466,0.2237442922374429,0.0755813953488372
Neural Plate Border 2,hprt1,3.0041995,1.316002,0.002662806071185712,0.029327989550425603,0.2694063926940639,0.125
Neural Plate Border 2,nkrf,3.003668,1.1639599,0.0026674612463888367,0.029368195741315287,0.2968036529680365,0.14825581395348839
Neural Plate Border 2,LOC100490952,3.0026052,1.3147155,0.0026767939176705344,0.02944876289327339,0.2785388127853881,0.13953488372093023
Neural Plate Border 2,cd99l2,2.9938366,1.6699959,0.0027549345630644676,0.030206111107628452,0.228310502283105,0.07848837209302326
Neural Plate Border 2,LOC116406487,2.9834735,1.269292,0.002849966121089702,0.03111967115635901,0.2785388127853881,0.13662790697674418
Neural Plate Border 2,c6h1orf35,2.983208,1.4453636,0.002852441715506409,0.031135072362198597,0.2557077625570776,0.11337209302325581
Neural Plate Border 2,LOC100497845,2.9805508,3.1309412,0.002877305861542209,0.0313830327010225,0.1735159817351598,0.02616279069767442
Neural Plate Border 2,drg2,2.980285,1.147204,0.002879803126811649,0.03139855471832574,0.2968036529680365,0.15406976744186046
Neural Plate Border 2,fam13a,2.9749706,1.1362884,0.002930165750946045,0.03186446245011304,0.2968036529680365,0.15406976744186046
Neural Plate Border 2,ankrd46,2.9733763,2.0670795,0.00294543052481238,0.032018549524280654,0.2054794520547945,0.061046511627906974
Neural Plate Border 2,slc38a3,2.9648733,1.0622522,0.0030280751434368287,0.03278283871029702,0.3150684931506849,0.17151162790697674
Neural Plate Border 2,rfc1,2.9648733,1.1191056,0.0030280751434368287,0.03278283871029702,0.3059360730593607,0.15988372093023256
Neural Plate Border 2,dus3l,2.9611533,1.124439,0.0030648928616844205,0.0331201047097587,0.3059360730593607,0.16569767441860464
Neural Plate Border 2,XB5937757,2.958762,1.9431766,0.003088776493676069,0.03335353737962511,0.2191780821917808,0.07848837209302326
Neural Plate Border 2,pfkfb1,2.957699,1.3963515,0.003099445815512132,0.03343169765064027,0.2557077625570776,0.10755813953488372
Neural Plate Border 2,tuba1b,2.9563704,2.1037915,0.003112829719429021,0.033563675960394584,0.2054794520547945,0.061046511627906974
Neural Plate Border 2,stxbp6,2.9507904,1.7232227,0.0031696194410876528,0.034100532161366645,0.228310502283105,0.09011627906976744
Neural Plate Border 2,polr2k,2.9494617,1.0721222,0.0031832792522900302,0.034184583329790554,0.3105022831050228,0.1686046511627907
Neural Plate Border 2,tango6,2.9483988,1.4479516,0.003194245707750651,0.03427323328674656,0.2511415525114155,0.11046511627906977
Neural Plate Border 2,riox1,2.9457417,1.2450538,0.003221812643733948,0.03448436667483964,0.2831050228310502,0.14534883720930233
Neural Plate Border 2,rab30,2.935113,2.4486454,0.0033342617012298873,0.035622735302869454,0.1872146118721461,0.0436046511627907
Neural Plate Border 2,neurl1,2.9234216,3.8246162,0.00346207504230146,0.036867000204558825,0.1598173515981735,0.014534883720930232
Neural Plate Border 2,rims2,2.9159815,1.1724471,0.0035457161468439593,0.037634287831661506,0.2876712328767123,0.14534883720930233
Neural Plate Border 2,nvl,2.9058843,1.9025053,0.003662169940950751,0.03872969954556129,0.2054794520547945,0.061046511627906974
Neural Plate Border 2,crcp,2.9040241,1.1628937,0.0036839975018888296,0.03890423806998279,0.2922374429223744,0.15406976744186046
Neural Plate Border 2,hoxb3,2.9021642,1.0097734,0.0037059432843640425,0.03909362257136244,0.3378995433789954,0.20348837209302326
Neural Plate Border 2,XB5949052,2.891004,1.02257,0.0038401323701640457,0.04033449849524442,0.3424657534246575,0.2238372093023256
Neural Plate Border 2,dnajc6,2.8878155,1.1738557,0.003879274802595244,0.04070175224503287,0.2968036529680365,0.16279069767441862
Neural Plate Border 2,c6h18orf21,2.880641,1.1429693,0.0039686736617373765,0.04153537408028831,0.3013698630136986,0.17732558139534885
Neural Plate Border 2,smarca1,2.8755925,1.8344309,0.0040327010127243264,0.04211499939369231,0.2100456621004566,0.06976744186046512
Neural Plate Border 2,dip2a,2.8623066,1.2371615,0.004205699388777367,0.04376532532337174,0.2785388127853881,0.14244186046511628
Neural Plate Border 2,myo5a,2.859118,2.316447,0.004248208311555456,0.04417622808789667,0.182648401826484,0.040697674418604654
Neural Plate Border 2,limd2,2.851678,1.2594103,0.004348915180527811,0.0451111212356311,0.2648401826484018,0.12790697674418605
Neural Plate Border 2,apex1,2.8484893,1.0091871,0.004392733987937111,0.045484947644842254,0.3242009132420091,0.19476744186046513
Neural Plate Border 2,ppp1ca,2.8479578,1.2628239,0.004400075906553293,0.045528714628127194,0.2694063926940639,0.13662790697674418
Neural Plate Border 2,rpp30,2.8453007,1.5506903,0.00443695260160433,0.04587780739211043,0.2328767123287671,0.09593023255813954
Neural Plate Border 2,LOC100495047,2.8399863,1.9145113,0.00451154743441163,0.046599661856991645,0.2054794520547945,0.06686046511627906
Neural Plate Border 2,ier5l,2.8274975,1.2028503,0.004691337195620949,0.048337144013111025,0.273972602739726,0.13662790697674418
Neural Plate Border 2,prpsap2,2.8267004,1.0390543,0.004703030421064877,0.04844055047151072,0.3059360730593607,0.17732558139534885
Neural Plate Border 2,hdac10,2.8251061,1.452317,0.004726496058478892,0.04864795995964665,0.2374429223744292,0.09883720930232558
Neural Plate Border 2,skida1,2.8248403,2.530677,0.004730417285466924,0.04867118186254264,0.1735159817351598,0.03197674418604651
Neural Plate Border 2,nudt21,2.8229804,1.1184661,0.004757948426298337,0.04893722394409805,0.2968036529680365,0.16279069767441862
Neural Plate Border 2,atad3a,2.8168688,1.8145462,0.004849431971481477,0.049808062529295524,0.2100456621004566,0.07267441860465117
Neural Plate Border 2,pacsin1,-2.817666,-1.2321571,0.00483740975807156,0.04970204732449553,0.1232876712328767,0.26744186046511625
Neural Plate Border 2,nipal1,-2.8192604,-3.8633409,0.00481344619698327,0.04949062461625676,0.0136986301369863,0.15406976744186046
Neural Plate Border 2,gchfr,-2.830952,-3.2184622,0.004640970100534714,0.04785192134346745,0.0228310502283105,0.16279069767441862
Neural Plate Border 2,edem1,-2.8386576,-2.5934901,0.0045303728018671816,0.04677757943178367,0.0365296803652968,0.17732558139534885
Neural Plate Border 2,sprtn,-2.842112,-2.877912,0.004481574215713774,0.046322806187952384,0.0228310502283105,0.16569767441860464
Neural Plate Border 2,nexn,-2.8511465,-2.1616545,0.0043561906857027,0.04513853595667338,0.0502283105022831,0.19186046511627908
Neural Plate Border 2,LOC116411777,-2.8564608,-2.539079,0.004283929670003297,0.04450019480592267,0.0410958904109589,0.18023255813953487
Neural Plate Border 2,grin1,-2.8697467,-5.198066,0.004108008477963885,0.04276395862512904,0.0091324200913242,0.1511627906976744
Neural Plate Border 2,slc35c1,-2.8702781,-1.7353415,0.004101109982046116,0.042707355142568584,0.0776255707762557,0.2180232558139535
Neural Plate Border 2,nsf,-2.8747952,-3.8813128,0.004042895878772187,0.04220638908299636,0.0182648401826484,0.15988372093023256
Neural Plate Border 2,yrdcl,-2.8793125,-5.422807,0.003985432855657647,0.041666018527799956,0.0045662100456621,0.14825581395348839
Neural Plate Border 2,kcnj15,-2.8793125,-2.0529006,0.003985432855657647,0.041666018527799956,0.0593607305936073,0.2005813953488372
Neural Plate Border 2,LOC105945488,-2.8867526,-5.521791,0.003892402599978853,0.0408248368855335,0.0045662100456621,0.14825581395348839
Neural Plate Border 2,ttc39al,-2.8894098,-5.9415803,0.0038596585081209457,0.04051047678667266,0.0045662100456621,0.14825581395348839
Neural Plate Border 2,XB5947713,-2.8894098,-6.1892166,0.0038596585081209457,0.04051047678667266,0.0045662100456621,0.14825581395348839
Neural Plate Border 2,npdc1,-2.8923326,-3.947679,0.003823929194760664,0.04019319463935597,0.0091324200913242,0.15406976744186046
Neural Plate Border 2,lpcat3,-2.8931298,-1.2171978,0.003814237132414324,0.04012017474544912,0.1415525114155251,0.2819767441860465
Neural Plate Border 2,srprb,-2.8984442,-1.0861692,0.0037501917720352148,0.03947492102569728,0.1689497716894977,0.30523255813953487
Neural Plate Border 2,cog4,-2.9011014,-1.233929,0.0037185370274965255,0.039198180977551726,0.1141552511415525,0.26453488372093026
Neural Plate Border 2,atp6v0b,-2.9053528,-1.4430894,0.00366839435630747,0.03875346419559944,0.1095890410958904,0.25
Neural Plate Border 2,map3k2,-2.9074786,-1.6275996,0.0036435542718218617,0.038560729514708486,0.091324200913242,0.23255813953488372
Neural Plate Border 2,sh3bgrl2,-2.908807,-4.3704844,0.003628106993425444,0.03841115375763099,0.0091324200913242,0.15406976744186046
Neural Plate Border 2,ces2.2,-2.9096043,-27.76353,0.0036188672389104214,0.03832721313789512,0.0,0.14534883720930233
Neural Plate Border 2,spcs3,-2.9234216,-1.3131696,0.00346207504230146,0.036867000204558825,0.1278538812785388,0.26744186046511625
Neural Plate Border 2,znf850,-2.9377701,-1.8379968,0.0033058192133150846,0.035331773829767175,0.0684931506849315,0.21220930232558138
Neural Plate Border 2,prag1,-2.938036,-1.0495217,0.0033029871536282103,0.035314417515620415,0.1917808219178082,0.32848837209302323
Neural Plate Border 2,amelx,-2.9398959,-1.5259051,0.003283224532973502,0.035115966455670854,0.0958904109589041,0.23837209302325582
Neural Plate Border 2,LOC100498095,-2.9478674,-5.942737,0.0031997418370747275,0.03427323328674656,0.0045662100456621,0.1511627906976744
Neural Plate Border 2,irak2,-2.9478674,-5.820474,0.0031997418370747275,0.03427323328674656,0.0045662100456621,0.1511627906976744
Neural Plate Border 2,LOC100496393,-2.9478674,-5.997571,0.0031997418370747275,0.03427323328674656,0.0045662100456621,0.1511627906976744
Neural Plate Border 2,dock6,-2.9483988,-2.2897797,0.003194245707750651,0.03427323328674656,0.0502283105022831,0.19476744186046513
Neural Plate Border 2,entpd7,-2.9505246,-1.1076382,0.003172347121647676,0.03411732108641767,0.1643835616438356,0.313953488372093
Neural Plate Border 2,hes5.10,-2.9531817,-4.1847067,0.0031451663424078386,0.0338873414503957,0.0091324200913242,0.1569767441860465
Neural Plate Border 2,vamp8,-2.9537132,-1.496908,0.003139755728484643,0.03384151906317648,0.0958904109589041,0.2441860465116279
Neural Plate Border 2,nprl3,-2.9579647,-1.3446797,0.0030967753393293857,0.033415223308946945,0.1324200913242009,0.27325581395348836
Neural Plate Border 2,LOC116412215,-2.966999,-1.2648004,0.00300721801953725,0.032629543403523885,0.1232876712328767,0.27325581395348836
Neural Plate Border 2,nomo3,-2.966999,-1.2890887,0.00300721801953725,0.032629543403523885,0.1324200913242009,0.2761627906976744
Neural Plate Border 2,gabarap,-2.9712505,-1.312925,0.002965896439907139,0.03222904045908014,0.1278538812785388,0.27325581395348836
Neural Plate Border 2,scnn1a,-2.9808164,-3.1438348,0.0028748105732834856,0.031367520667282406,0.0228310502283105,0.17151162790697674
Neural Plate Border 2,ncmap,-2.984005,-2.1882565,0.002845020816203365,0.03110052486104733,0.0502283105022831,0.19767441860465115
Neural Plate Border 2,creb3l4,-2.9850678,-5.1000423,0.002835153703605076,0.03100425660683875,0.0045662100456621,0.15406976744186046
Neural Plate Border 2,micall2,-2.9866621,-1.3701804,0.0028204116124738877,0.03085458527104199,0.1324200913242009,0.27325581395348836
Neural Plate Border 2,aktip,-2.9871936,-1.2121282,0.0028155131588804803,0.03081252907047373,0.1232876712328767,0.27906976744186046
Neural Plate Border 2,KIAA1191,-2.9933052,-1.0677811,0.002759736673710699,0.030247417588765445,0.1643835616438356,0.3168604651162791
Neural Plate Border 2,creb3,-2.995165,-1.0783957,0.0027429626625674747,0.03008613192852152,0.1689497716894977,0.31976744186046513
Neural Plate Border 2,il20ra,-2.9978223,-1.7055085,0.002719161330338664,0.029847467084915313,0.0958904109589041,0.23837209302325582
Neural Plate Border 2,tspo,-3.0004795,-1.5552919,0.002695548839901484,0.02963278982292602,0.1050228310502283,0.24709302325581395
Neural Plate Border 2,cmpk1,-3.0026052,-1.2240298,0.0026767939176705344,0.02944876289327339,0.1415525114155251,0.29069767441860467
Neural Plate Border 2,gtpbp1,-3.007388,-1.5210803,0.0026350306023116958,0.029076851467034044,0.0958904109589041,0.2441860465116279
Neural Plate Border 2,LOC100491286,-3.0127025,-2.5663142,0.00258932609952897,0.02861572446704398,0.0365296803652968,0.18604651162790697
Neural Plate Border 2,micu1,-3.0204084,-1.2014319,0.0025243412520808803,0.027929227532012192,0.1643835616438356,0.30523255813953487
Neural Plate Border 2,ganab,-3.032897,-2.7539604,0.0024221823995417995,0.026931462046788264,0.0365296803652968,0.18604651162790697
Neural Plate Border 2,bspry,-3.0398057,-4.958294,0.002367308398886454,0.026371490780430617,0.0045662100456621,0.1569767441860465
Neural Plate Border 2,LOC105948358,-3.0483086,-5.2195277,0.0023013344222145102,0.025705122848969184,0.0045662100456621,0.1569767441860465
Neural Plate Border 2,igf2r,-3.0504344,-2.2633307,0.0022851062074741696,0.025543380325306866,0.0639269406392694,0.20930232558139536
Neural Plate Border 2,aqp3,-3.0557487,-5.477905,0.0022449932412023322,0.0251527012010676,0.0045662100456621,0.1569767441860465
Neural Plate Border 2,rhobtb1,-3.057343,-1.0467321,0.0022330857753971017,0.025028884317727255,0.2146118721461187,0.3430232558139535
Neural Plate Border 2,spata1,-3.0669088,-1.6131932,0.002162848102481917,0.02430688692181811,0.0958904109589041,0.24709302325581395
Neural Plate Border 2,hid1,-3.0669088,-4.1567764,0.002162848102481917,0.02430688692181811,0.0091324200913242,0.16279069767441862
Neural Plate Border 2,sds,-3.0708945,-2.1735344,0.002134184777334597,0.024058756354133286,0.0547945205479452,0.2063953488372093
Neural Plate Border 2,gpr160,-3.0775375,-4.2993174,0.0020871855716781424,0.023574390048579513,0.0091324200913242,0.16279069767441862
Neural Plate Border 2,slc25a16,-3.0841804,-27.719904,0.0020411374532116546,0.023143711751291648,0.0,0.15406976744186046
Neural Plate Border 2,tmed5,-3.0849776,-1.538822,0.002035674769806336,0.023090729218552195,0.1095890410958904,0.2558139534883721
Neural Plate Border 2,slc35a5,-3.0929492,-2.2264836,0.0019817810379432377,0.02255819373836401,0.0502283105022831,0.20348837209302326
Neural Plate Border 2,efhd1,-3.0966692,-2.088927,0.001957081563392374,0.022285723092918767,0.0593607305936073,0.21220930232558138
Neural Plate Border 2,aadacl4,-3.1009207,-5.1680937,0.0019291998291339355,0.022002512760598544,0.0045662100456621,0.15988372093023256
Neural Plate Border 2,neurl1b,-3.1038435,-3.755608,0.001910243221641456,0.02181184359835992,0.0182648401826484,0.17151162790697674
Neural Plate Border 2,ern2,-3.1065006,-2.706964,0.0018931585407470036,0.021650593624638365,0.045662100456621,0.19476744186046513
Neural Plate Border 2,dusp1,-3.1120808,-1.796708,0.0018577366236126817,0.021278800644522845,0.0776255707762557,0.23255813953488372
Neural Plate Border 2,chuk,-3.1131437,-1.9861407,0.0018510590217248883,0.02122726805180079,0.0593607305936073,0.21511627906976744
Neural Plate Border 2,nampt,-3.1150036,-1.3462582,0.001839426257981809,0.021110431467242348,0.136986301369863,0.2877906976744186
Neural Plate Border 2,fam72a,-3.119521,-1.4157335,0.0018114543620761116,0.020805745563004643,0.1141552511415525,0.2703488372093023
Neural Plate Border 2,kdf1,-3.1205838,-2.000805,0.0018049298044554153,0.020747110937489675,0.0593607305936073,0.21511627906976744
Neural Plate Border 2,smim14,-3.1208494,-1.9633482,0.001803302043283372,0.020736554692059893,0.0730593607305936,0.2238372093023256
Neural Plate Border 2,arfgap3,-3.123241,-2.8656511,0.001788712790185852,0.02057688452181135,0.0319634703196347,0.18604651162790697
Neural Plate Border 2,rab5if,-3.123241,-1.075821,0.001788712790185852,0.02057688452181135,0.182648401826484,0.3372093023255814
Neural Plate Border 2,surf4,-3.123241,-5.9719505,0.001788712790185852,0.02057688452181135,0.0045662100456621,0.15988372093023256
Neural Plate Border 2,tmem184a,-3.135198,-2.9728308,0.001717380511566806,0.019842193570596564,0.0273972602739726,0.18313953488372092
Neural Plate Border 2,slc25a17,-3.1389182,-1.3250996,0.0016957276657436505,0.01960752191350975,0.1278538812785388,0.2877906976744186
Neural Plate Border 2,arhgef18,-3.1545956,-1.3016444,0.0016072074712554414,0.018665189349331666,0.1415525114155251,0.2936046511627907
Neural Plate Border 2,cdx4,-3.1591127,-1.0039667,0.0015825026483237883,0.018414862624662683,0.2100456621004566,0.375
Neural Plate Border 2,XB5957062,-3.1646929,-4.0634704,0.0015524677163999757,0.018072554288366266,0.0091324200913242,0.1686046511627907
Neural Plate Border 2,tmem30b,-3.1657557,-2.8178718,0.0015468066396773503,0.018028191740194828,0.0319634703196347,0.18895348837209303
Neural Plate Border 2,tmem79,-3.1705387,-2.36131,0.001521566291810588,0.01775525120795022,0.045662100456621,0.20348837209302326
Neural Plate Border 2,tspyl2,-3.1801045,-1.1412451,0.0014722200390439011,0.01721378558451691,0.1780821917808219,0.3313953488372093
Neural Plate Border 2,cdhr4,-3.192859,-4.3993883,0.0014087179974214454,0.01654408830157745,0.0136986301369863,0.17151162790697674
Neural Plate Border 2,errfi1,-3.2029562,-2.7139134,0.0013602472318856344,0.01600699953109862,0.0410958904109589,0.19767441860465115
Neural Plate Border 2,serinc2,-3.2130532,-1.8853965,0.0013133189720527527,0.015492181949989513,0.0639269406392694,0.22674418604651161
Neural Plate Border 2,rilpl1,-3.213319,-2.3513172,0.0013121044400879191,0.015484103709410564,0.045662100456621,0.2063953488372093
Neural Plate Border 2,riok3,-3.2149134,-1.7976909,0.0013048389882481218,0.015404583386704704,0.0821917808219178,0.24127906976744187
Neural Plate Border 2,traf4,-3.2279334,-1.0520288,0.0012468795399768963,0.014750115675056519,0.2191780821917808,0.36627906976744184
Neural Plate Border 2,slc37a4,-3.229262,-2.926961,0.0012411009583437264,0.014693650106660782,0.0273972602739726,0.18895348837209303
Neural Plate Border 2,sgpp2,-3.231122,-5.581378,0.0012330524841876916,0.014610197472756551,0.0045662100456621,0.16569767441860464
Neural Plate Border 2,dym,-3.2332478,-3.4218328,0.0012239132648582435,0.014513674906722644,0.0182648401826484,0.18023255813953487
Neural Plate Border 2,pmm1,-3.2337792,-4.020052,0.0012216382562842876,0.014492576245716725,0.0136986301369863,0.1744186046511628
Neural Plate Border 2,frrs1,-3.2343106,-4.0352464,0.0012193671540506055,0.0144715068128515,0.0136986301369863,0.1744186046511628
Neural Plate Border 2,dock5,-3.2409537,-1.7596732,0.0011913055089502794,0.0141557119236283,0.091324200913242,0.24709302325581395
Neural Plate Border 2,map7d2,-3.2436109,-1.3192314,0.001180248855578169,0.014047171945197662,0.1735159817351598,0.311046511627907
Neural Plate Border 2,gatd3ala,-3.2454708,-4.2917075,0.001172565699321171,0.013961412609717781,0.0136986301369863,0.1744186046511628
Neural Plate Border 2,erbb4,-3.2497222,-3.0434709,0.0011551774325849697,0.013759980249344437,0.0319634703196347,0.19186046511627908
Neural Plate Border 2,s100a11,-3.2505195,-2.0963604,0.0011519437838376752,0.013727056153835746,0.0639269406392694,0.2238372093023256
Neural Plate Border 2,terf2,-3.2542396,-1.066967,0.001136963750706529,0.013570676764762169,0.1917808219178082,0.35174418604651164
Neural Plate Border 2,arfgef1,-3.256631,-1.3051264,0.0011274290382821987,0.013478886796739038,0.1506849315068493,0.30523255813953487
Neural Plate Border 2,tmem208,-3.2653997,-1.2983803,0.0010930973240932675,0.013127497075008342,0.1461187214611872,0.29941860465116277
Neural Plate Border 2,rnf123,-3.2656653,-1.0661404,0.0010920722239585248,0.013127497075008342,0.2054794520547945,0.3546511627906977
Neural Plate Border 2,slc30a6,-3.2746997,-1.8784598,0.0010577433071221822,0.012750059633191138,0.0776255707762557,0.23837209302325582
Neural Plate Border 2,pip4k2c,-3.2906427,-1.6026291,0.0009995875833778984,0.012088930347422156,0.1050228310502283,0.26744186046511625
Neural Plate Border 2,morc1,-3.2906427,-5.549164,0.0009995875833778984,0.012088930347422156,0.0045662100456621,0.1686046511627907
Neural Plate Border 2,gata3,-3.2927685,-1.30638,0.0009920611455196842,0.012012816629944445,0.1598173515981735,0.311046511627907
Neural Plate Border 2,stpg1,-3.2980828,-4.1720505,0.0009734740016815544,0.011797520125685537,0.0136986301369863,0.17732558139534885
Neural Plate Border 2,LOC101732938,-3.2986143,-5.8685,0.0009716331338054924,0.011780094622259787,0.0045662100456621,0.1686046511627907
Neural Plate Border 2,txndc11,-3.30074,-2.9495459,0.0009643018531482357,0.011700916342621867,0.0319634703196347,0.19476744186046513
Neural Plate Border 2,agpat4,-3.309243,-3.050598,0.0009354860815740402,0.011365417144842382,0.0319634703196347,0.19476744186046513
Neural Plate Border 2,twsg1,-3.3134944,-2.0563881,0.0009213792904962198,0.011203343610854826,0.0730593607305936,0.23255813953488372
Neural Plate Border 2,wdfy1,-3.3193402,-1.2982548,0.0009023041457230625,0.010989688534846182,0.1415525114155251,0.3081395348837209
Neural Plate Border 2,sytl4,-3.3198717,-1.8912162,0.0009005883157055367,0.010973362674609646,0.0867579908675799,0.2441860465116279
Neural Plate Border 2,larp6,-3.320403,-1.7911892,0.0008988755102485851,0.010957060066754124,0.0867579908675799,0.25
Neural Plate Border 2,LOC100498004,-3.3219974,-3.7420828,0.0008937551927890826,0.01091284797009928,0.0136986301369863,0.18023255813953487
Neural Plate Border 2,misp3,-3.3278432,-4.690988,0.0008752111099006364,0.010704307930337031,0.0091324200913242,0.1744186046511628
Neural Plate Border 2,rnf128,-3.3278432,-3.2270794,0.0008752111099006364,0.010704307930337031,0.0273972602739726,0.19186046511627908
Neural Plate Border 2,XB5812047,-3.3320947,-2.164557,0.0008619492627829706,0.010568640478359486,0.0639269406392694,0.22674418604651161
Neural Plate Border 2,MGC147226,-3.3331575,-3.673153,0.0008586630428146819,0.010541612517646353,0.0228310502283105,0.18604651162790697
Neural Plate Border 2,mid1ip1,-3.333689,-3.8748124,0.0008570242932435543,0.010530339266835786,0.0136986301369863,0.18023255813953487
Neural Plate Border 2,il17re,-3.3363461,-5.0947704,0.0008488739625212062,0.010447762020403107,0.0091324200913242,0.1744186046511628
Neural Plate Border 2,slc25a23,-3.3371434,-1.64613,0.0008464429170892465,0.010426621537899607,0.091324200913242,0.25872093023255816
Neural Plate Border 2,fkbp14,-3.3432548,-1.0025313,0.0008280183179070512,0.010216886218126218,0.2054794520547945,0.37790697674418605
Neural Plate Border 2,rhog2,-3.3472404,-2.061467,0.0008162034652485135,0.010083872989298096,0.0639269406392694,0.22965116279069767
Neural Plate Border 2,slc12a8,-3.3501635,-2.4915495,0.000807638861520944,0.009986502352419083,0.0410958904109589,0.20930232558139536
Neural Plate Border 2,LOC105945774,-3.3538835,-5.7390437,0.000796859060883478,0.009869909834188536,0.0045662100456621,0.17151162790697674
Neural Plate Border 2,stambpl1,-3.3576035,-3.4027855,0.0007862129196734976,0.009750441177333903,0.0228310502283105,0.18895348837209303
Neural Plate Border 2,adcy9,-3.3607922,-1.9867823,0.0007771928914286695,0.009642667830794328,0.0867579908675799,0.24709302325581395
Neural Plate Border 2,liph,-3.3687637,-3.0359137,0.0007550614106261812,0.009395998337170669,0.0319634703196347,0.19767441860465115
Neural Plate Border 2,trappc12,-3.370358,-3.6528478,0.0007507059427030195,0.009345777432347515,0.0182648401826484,0.18604651162790697
Neural Plate Border 2,slc25a22l,-3.3971953,-1.046369,0.0006808033124972727,0.008533688519557367,0.273972602739726,0.39825581395348836
Neural Plate Border 2,vangl1,-3.3979926,-3.8115683,0.000678822649489396,0.008512511740551067,0.0182648401826484,0.18604651162790697
Neural Plate Border 2,abhd17a,-3.4059641,-1.9477707,0.0006593085228100984,0.008282014366249242,0.0776255707762557,0.2441860465116279
Neural Plate Border 2,pcdh20,-3.4091527,-4.156844,0.0006516499504133988,0.008196376807458718,0.0136986301369863,0.18313953488372092
Neural Plate Border 2,rnf144b,-3.4104812,-2.352993,0.0006484833636002844,0.008163573299483166,0.045662100456621,0.2180232558139535
Neural Plate Border 2,slc30a8,-3.41181,-4.143972,0.0006453310925092082,0.008130893605662355,0.0136986301369863,0.18313953488372092
Neural Plate Border 2,dse,-3.4160614,-1.4017555,0.0006353393387279356,0.00801536651288575,0.136986301369863,0.3023255813953488
Neural Plate Border 2,arfgef3,-3.4187186,-1.0523496,0.0006291677715169309,0.007951233518898143,0.228310502283105,0.38953488372093026
Neural Plate Border 2,ppp3r1,-3.4187186,-1.9422967,0.0006291677715169309,0.007951233518898143,0.0776255707762557,0.2441860465116279
Neural Plate Border 2,XB5727854,-3.4219072,-4.289985,0.0006218355185474493,0.007872184513928319,0.0136986301369863,0.18313953488372092
Neural Plate Border 2,hkdc1,-3.4373188,-3.6746037,0.0005875038348034644,0.007463417903146488,0.0228310502283105,0.19186046511627908
Neural Plate Border 2,c1galt1,-3.4405074,-2.0985556,0.000580624710471027,0.007382444937702737,0.0730593607305936,0.23837209302325582
Neural Plate Border 2,LOC100495973,-3.4431646,-3.2896655,0.0005749494720332222,0.007316651291686164,0.0273972602739726,0.19767441860465115
Neural Plate Border 2,cyp2k1.7,-3.4458218,-2.2820969,0.0005693259199905899,0.007260892655866026,0.0502283105022831,0.2238372093023256
Neural Plate Border 2,reep5,-3.4495418,-4.9076705,0.0005615389595343942,0.007174101978212359,0.0091324200913242,0.18023255813953487
Neural Plate Border 2,scamp1,-3.457779,-1.413828,0.0005446480635981312,0.006970493672082738,0.136986301369863,0.30523255813953487
Neural Plate Border 2,ago3,-3.4601705,-2.3082888,0.00053983364254236,0.006914933043451237,0.0684931506849315,0.23255813953488372
Neural Plate Border 2,dctn2,-3.463359,-1.2951254,0.0005334760779838906,0.006842491985760029,0.1506849315068493,0.31976744186046513
Neural Plate Border 2,arl4c,-3.4649534,-1.4202461,0.0005303235231310751,0.006805042539352264,0.1506849315068493,0.3081395348837209
Neural Plate Border 2,wdr20,-3.4686735,-1.3386966,0.0005230349496474383,0.006726280076174337,0.1415525114155251,0.3168604651162791
Neural Plate Border 2,LOC100492897,-3.4734564,-6.098573,0.0005138010787902153,0.006616264023839993,0.0045662100456621,0.17732558139534885
Neural Plate Border 2,dnaja4,-3.4793022,-2.1982636,0.000502721610102708,0.006482159411077308,0.0593607305936073,0.23255813953488372
Neural Plate Border 2,LOC100486901,-3.4979022,-2.8847632,0.0004689329487515894,0.006078660321489007,0.0365296803652968,0.20930232558139536
Neural Plate Border 2,btd,-3.4994965,-2.907195,0.0004661376097261019,0.0060451057985375705,0.0319634703196347,0.2063953488372093
Neural Plate Border 2,gjd2l,-3.5090623,-1.2296221,0.00044968940805135857,0.005842164927444116,0.1780821917808219,0.3430232558139535
Neural Plate Border 2,cltb,-3.5194254,-1.2905086,0.0004324827060775215,0.005626124602292849,0.136986301369863,0.3226744186046512
Neural Plate Border 2,wipf3,-3.5220826,-3.521861,0.0004281708183538406,0.0055749938491319,0.0182648401826484,0.19476744186046513
Neural Plate Border 2,eml3,-3.5231454,-3.4287276,0.00042645732901261065,0.0055625944597802865,0.0273972602739726,0.2005813953488372
Neural Plate Border 2,gabbr1,-3.5247397,-1.6047633,0.0004238990963788043,0.005534164576261201,0.1095890410958904,0.2819767441860465
Neural Plate Border 2,pdcd10,-3.5258026,-2.6319444,0.0004222015767929327,0.005514465724412072,0.045662100456621,0.2180232558139535
Neural Plate Border 2,zfpl1,-3.5345712,-4.2385798,0.00040843730823945636,0.00533707239926131,0.0136986301369863,0.18895348837209303
Neural Plate Border 2,LOC116411451,-3.5497172,-28.186615,0.0003856452891626809,0.0050573339827341066,0.0,0.17732558139534885
Neural Plate Border 2,pgap1,-3.5619402,-1.1158392,0.00036812434821636075,0.004842773547575356,0.2191780821917808,0.3808139534883721
Neural Plate Border 2,tmem258,-3.568583,-2.2539704,0.0003589170746377779,0.004734433668202566,0.0502283105022831,0.22965116279069767
Neural Plate Border 2,tll1,-3.5707088,-1.4642814,0.00035601652786930113,0.004702539144214885,0.1598173515981735,0.3226744186046512
Neural Plate Border 2,tmprss4,-3.5824003,-5.6781096,0.0003404514936274355,0.004511213785232805,0.0045662100456621,0.18313953488372092
Neural Plate Border 2,slc35a2,-3.5871832,-4.2529316,0.00033426939117712394,0.0044393587339838754,0.0136986301369863,0.19186046511627908
Neural Plate Border 2,rcn1,-3.593029,-1.7769724,0.0003268561347978537,0.004348808227708722,0.1004566210045662,0.27325581395348836
Neural Plate Border 2,gin1,-3.5956862,-1.0273217,0.00032353758881916524,0.004312506729946658,0.2420091324200913,0.40988372093023256
Neural Plate Border 2,sh3glb1,-3.6041892,-1.4357963,0.00031312893300541634,0.004183305228830587,0.1324200913242009,0.313953488372093
Neural Plate Border 2,sort1,-3.605252,-3.7172377,0.0003118501215130722,0.004168125698193238,0.0182648401826484,0.19767441860465115
Neural Plate Border 2,myzap,-3.6113636,-4.7158327,0.00030459134061851034,0.0040785659540172586,0.0091324200913242,0.18895348837209303
Neural Plate Border 2,pld3,-3.6134894,-1.7325839,0.0003021038533794437,0.004048967326058926,0.1004566210045662,0.2761627906976744
Neural Plate Border 2,kctd5,-3.6153493,-3.164761,0.0002999429204913851,0.00402554247423493,0.0319634703196347,0.20930232558139536
Neural Plate Border 2,bak1,-3.6233208,-2.4667716,0.0002908447093580117,0.003905228157668369,0.0502283105022831,0.22965116279069767
Neural Plate Border 2,tspear,-3.6312923,-5.557415,0.0002820055250465858,0.003795259439519682,0.0045662100456621,0.18604651162790697
Neural Plate Border 2,macc1,-3.6443124,-3.605493,0.00026810752353221184,0.0036232320944845514,0.0182648401826484,0.2005813953488372
Neural Plate Border 2,necap1,-3.6490953,-1.7849557,0.0002631653747906464,0.0035613829030117527,0.1004566210045662,0.2761627906976744
Neural Plate Border 2,pgm3,-3.6493611,-2.4739428,0.00026289333089702375,0.003559349215123159,0.0593607305936073,0.23546511627906977
Neural Plate Border 2,b4galt1l,-3.6546755,-4.586557,0.0002575075110282652,0.003489662519641734,0.0091324200913242,0.19186046511627908
Neural Plate Border 2,srgap3,-3.657864,-1.5165393,0.00025432586354187246,0.0034481443957293475,0.1324200913242009,0.311046511627907
Neural Plate Border 2,calm2,-3.6591926,-1.2497804,0.0002530110886265339,0.00343191050192214,0.1735159817351598,0.35755813953488375
Neural Plate Border 2,LOC108647843,-3.6661012,-28.283304,0.00024627640168229883,0.0033514457623721027,0.0,0.18313953488372092
Neural Plate Border 2,ltbp4,-3.6661012,-28.391443,0.00024627640168229883,0.0033514457623721027,0.0,0.18313953488372092
Neural Plate Border 2,dgkk,-3.6661012,-28.215202,0.00024627640168229883,0.0033514457623721027,0.0,0.18313953488372092
Neural Plate Border 2,dgkz,-3.6708841,-1.2238855,0.00024171282983902805,0.003297017139068889,0.182648401826484,0.35755813953488375
Neural Plate Border 2,slc22a15.2,-3.6777928,-3.1091113,0.00023526088833901072,0.003218021070209463,0.0273972602739726,0.21220930232558138
Neural Plate Border 2,LOC116406886,-3.683373,-1.8382692,0.0002301680513719565,0.0031572230453560113,0.0867579908675799,0.2703488372093023
Neural Plate Border 2,id2,-3.6844358,-1.6404177,0.00022920979427957638,0.003145554693233003,0.1187214611872146,0.29651162790697677
Neural Plate Border 2,tmem63a,-3.712602,-3.7029731,0.0002051394875334583,0.00283653375595578,0.0182648401826484,0.20348837209302326
Neural Plate Border 2,cyb5a,-3.7144618,-2.2732227,0.00020363659112874932,0.0028197542374630374,0.0547945205479452,0.24127906976744187
Neural Plate Border 2,mmel1,-3.7309363,-3.3147666,0.0001907694469222564,0.002650371531836728,0.0273972602739726,0.21220930232558138
Neural Plate Border 2,s100a10,-3.7362506,-1.6730468,0.00018678448059447338,0.002597477237039511,0.1187214611872146,0.29941860465116277
Neural Plate Border 2,scn3b,-3.7428937,-5.424791,0.00018191327538809361,0.002535768694739802,0.0045662100456621,0.19186046511627908
Neural Plate Border 2,LOC733482,-3.7431593,-5.247795,0.00018172093371495197,0.0025342960941897716,0.0091324200913242,0.19476744186046513
Neural Plate Border 2,prss27.3,-3.7511308,-3.6765826,0.0001760388083070163,0.0024621006725465996,0.0182648401826484,0.2063953488372093
Neural Plate Border 2,LOC100493336,-3.7580395,-3.50107,0.0001712498674234179,0.002398564865670306,0.0273972602739726,0.21220930232558138
Neural Plate Border 2,ube2a,-3.7598996,-1.0901182,0.0001699816304017373,0.002381942971367777,0.228310502283105,0.4069767441860465
Neural Plate Border 2,wdr1,-3.7684023,-2.5001915,0.00016429566561216736,0.002312241984356892,0.0593607305936073,0.24127906976744187
Neural Plate Border 2,cndp1,-3.7694652,-1.313858,0.00016359763673617718,0.002303527225161462,0.1689497716894977,0.3633720930232558
Neural Plate Border 2,kcnma1,-3.7774367,-1.7424843,0.00015845067062244183,0.0022353627186122572,0.1050228310502283,0.29069767441860467
Neural Plate Border 2,eipr1,-3.7806253,-3.8818684,0.0001564348716764227,0.002211193294958178,0.0136986301369863,0.20348837209302326
Neural Plate Border 2,XB13580952,-3.7854083,-4.772728,0.00015345637847795593,0.0021732962205858186,0.0091324200913242,0.19767441860465115
Neural Plate Border 2,syne3,-3.7931142,-2.3938158,0.0001487697194458322,0.0021120386931137067,0.0639269406392694,0.24709302325581395
Neural Plate Border 2,lman2,-3.8016171,-1.424727,0.00014375476179893137,0.002046807326909188,0.1461187214611872,0.33430232558139533
Neural Plate Border 2,tuft1,-3.8024142,-1.457253,0.000143292862079858,0.00204122497634324,0.1461187214611872,0.3313953488372093
Neural Plate Border 2,mfsd9,-3.807197,-2.4432292,0.00014055068309775057,0.002006072762514818,0.0547945205479452,0.2441860465116279
Neural Plate Border 2,btnl10.2,-3.8087914,-5.6894107,0.0001396476607396605,0.001994157680059119,0.0045662100456621,0.19476744186046513
Neural Plate Border 2,rnf225,-3.8106515,-4.2311435,0.00013860104200411457,0.0019811477060255613,0.0091324200913242,0.2005813953488372
Neural Plate Border 2,idh1,-3.8188887,-3.5806808,0.00013405420636936963,0.0019208522090112957,0.0228310502283105,0.21220930232558138
Neural Plate Border 2,smoc1,-3.8218117,-3.1606367,0.0001324748713358741,0.0018991529985379777,0.0365296803652968,0.2238372093023256
Neural Plate Border 2,thtpa,-3.8231401,-1.6068658,0.00013176280245465793,0.0018898716774053514,0.1141552511415525,0.30523255813953487
Neural Plate Border 2,igsf9,-3.8231401,-1.080183,0.00013176280245465793,0.0018898716774053514,0.2420091324200913,0.42151162790697677
Neural Plate Border 2,akap10,-3.8247344,-1.0324067,0.00013091308045046153,0.0018795286123022795,0.2602739726027397,0.4331395348837209
Neural Plate Border 2,arhgef37,-3.8303146,-4.6397634,0.0001279795412865371,0.0018401229568847839,0.0091324200913242,0.2005813953488372
Neural Plate Border 2,lrba,-3.8343003,-1.3950839,0.00012592220811696433,0.0018132177662398936,0.2237442922374429,0.37209302325581395
Neural Plate Border 2,avl9,-3.8491805,-1.9676313,0.00011851365304783613,0.0017132901049660225,0.091324200913242,0.27906976744186046
Neural Plate Border 2,gmppb,-3.869375,-2.9273152,0.00010911469790658289,0.0015852543412064237,0.0319634703196347,0.22674418604651161
Neural Plate Border 2,MGC147188,-3.874158,-1.4376667,0.00010699401362503872,0.0015559910508823416,0.1552511415525114,0.3430232558139535
Neural Plate Border 2,ugdh,-3.8773465,-1.729184,0.0001056018954761307,0.00153727540172449,0.1324200913242009,0.311046511627907
Neural Plate Border 2,ggt6,-3.877878,-4.270425,0.00010537154412425246,0.001535451448801607,0.0136986301369863,0.2063953488372093
Neural Plate Border 2,tll2l,-3.8789408,-4.3272495,0.00010491226319319746,0.001530284613473231,0.0182648401826484,0.20930232558139536
Neural Plate Border 2,bin3,-3.8837237,-1.7797227,0.00010286877856839804,0.0015019766565099117,0.1095890410958904,0.29651162790697677
Neural Plate Border 2,ntf4,-3.890101,-1.3505766,0.0001002025220752316,0.0014652425826818883,0.1689497716894977,0.36046511627906974
Neural Plate Border 2,zfhx2,-3.8906324,-1.0326222,9.998330385088592e-05,0.0014627687461788018,0.2831050228310502,0.45348837209302323
Neural Plate Border 2,naalad2,-3.8943524,-3.7165148,9.846140561522316e-05,0.0014419465669031004,0.0228310502283105,0.21511627906976744
Neural Plate Border 2,mcfd2,-3.8991354,-2.2424178,9.653680147285705e-05,0.0014166000220146005,0.0684931506849315,0.2616279069767442
Neural Plate Border 2,camkk1,-3.902324,-4.8478727,9.52735255647326e-05,0.0013987646538336004,0.0091324200913242,0.20348837209302326
Neural Plate Border 2,atp6v0a2,-3.9065754,-2.347854,9.361342653807241e-05,0.0013764658305505002,0.0639269406392694,0.2558139534883721
Neural Plate Border 2,prrt4,-3.9092326,-1.4767872,9.258977733422111e-05,0.0013627853883467359,0.1643835616438356,0.3372093023255814
Neural Plate Border 2,alpl,-3.909764,-2.378123,9.238632015261192e-05,0.0013604758309224178,0.0593607305936073,0.25290697674418605
Neural Plate Border 2,rpn1,-3.909764,-1.1360538,9.238632015261192e-05,0.0013604758309224178,0.228310502283105,0.4127906976744186
Neural Plate Border 2,fut1,-3.909764,-3.9857812,9.238632015261192e-05,0.0013604758309224178,0.0228310502283105,0.21511627906976744
Neural Plate Border 2,arhgef5,-3.910561,-1.6403664,9.208192593873155e-05,0.0013580458007644107,0.1187214611872146,0.311046511627907
Neural Plate Border 2,sgpl1,-3.910561,-1.3429239,9.208192593873155e-05,0.0013580458007644107,0.1735159817351598,0.3633720930232558
Neural Plate Border 2,LOC116409729,-3.9129527,-2.4540212,9.117441676184162e-05,0.0013473808778389244,0.0958904109589041,0.27325581395348836
Neural Plate Border 2,axl,-3.9172041,-3.5309672,8.958189042998201e-05,0.0013265289965343487,0.0228310502283105,0.2180232558139535
Neural Plate Border 2,slc19a3.2,-3.9195955,-3.9682965,8.869767910336388e-05,0.0013147676764048832,0.0182648401826484,0.21220930232558138
Neural Plate Border 2,sdf4,-3.93049,-1.078908,8.477292227715221e-05,0.0012629955612046056,0.2602739726027397,0.436046511627907
Neural Plate Border 2,fam219b,-3.9405873,-1.8599286,8.128237994281005e-05,0.0012171953115308815,0.1004566210045662,0.29069767441860467
Neural Plate Border 2,tmed1,-3.9421816,-1.4041257,8.07438181062892e-05,0.0012097501522629112,0.1506849315068493,0.34593023255813954
Neural Plate Border 2,abo2,-3.9466987,-2.0875087,7.923615143286866e-05,0.0011883796524033779,0.0730593607305936,0.2703488372093023
Neural Plate Border 2,rundc1,-3.9480274,-4.4939294,7.879780992202066e-05,0.0011824121056625183,0.0136986301369863,0.20930232558139536
Neural Plate Border 2,slc2a9,-3.9687533,-3.9767587,7.224963757887333e-05,0.0010914362563659154,0.0182648401826484,0.21511627906976744
Neural Plate Border 2,usp32,-3.969019,-1.6420923,7.216912863675818e-05,0.0010907837637958006,0.1552511415525114,0.33430232558139533
Neural Plate Border 2,ptafr,-3.987885,-4.3246493,6.666498447334782e-05,0.0010112528080645719,0.0136986301369863,0.21220930232558138
Neural Plate Border 2,clasp1,-3.989745,-1.1296405,6.614438196272247e-05,0.0010038766506502287,0.2374429223744292,0.41569767441860467
Neural Plate Border 2,dad1,-3.9905422,-1.9010634,6.592244645530241e-05,0.0010010280687454257,0.0867579908675799,0.28488372093023256
Neural Plate Border 2,esyt3,-3.9990451,-3.2115474,6.359857471933359e-05,0.0009682551758441876,0.0319634703196347,0.22965116279069767
Neural Plate Border 2,inf2,-4.0032964,-2.9045584,6.246592732731984e-05,0.0009524994896739103,0.0502283105022831,0.2441860465116279
Neural Plate Border 2,LOC100494266,-4.0043592,-4.323977,6.218576401081008e-05,0.0009487223735908086,0.0182648401826484,0.21511627906976744
Neural Plate Border 2,triqk,-4.0080795,-2.036659,6.121453158288981e-05,0.0009348808634793374,0.0867579908675799,0.2819767441860465
Neural Plate Border 2,cap1,-4.009408,-1.293148,6.087115674231173e-05,0.0009306091959908548,0.1917808219178082,0.3866279069767442
Neural Plate Border 2,ap3m2,-4.0173798,-1.6583173,5.884890001086962e-05,0.0009011064411826767,0.1187214611872146,0.3168604651162791
Neural Plate Border 2,dpagt1,-4.0216312,-2.184737,5.779654521436726e-05,0.0008863855263175075,0.0730593607305936,0.2703488372093023
Neural Plate Border 2,edem3,-4.0258827,-2.5666318,5.6762030468075e-05,0.0008714343028425947,0.0547945205479452,0.25290697674418605
Neural Plate Border 2,rab27b,-4.0351825,-4.1075726,5.455984949051062e-05,0.0008407163734618429,0.0228310502283105,0.22093023255813954
Neural Plate Border 2,rmnd5a,-4.0466084,-1.0595527,5.1965056559653724e-05,0.0008028491375767642,0.2557077625570776,0.4563953488372093
Neural Plate Border 2,rab11fip4l,-4.0484686,-1.068511,5.155387888932843e-05,0.0007973393829703489,0.273972602739726,0.45348837209302323
Neural Plate Border 2,capn5,-4.0521884,-1.8368695,5.07407557156172e-05,0.0007855948253830542,0.1141552511415525,0.3023255813953488
Neural Plate Border 2,sec13,-4.06016,-1.3966601,4.903909444726263e-05,0.0007604571723012912,0.1689497716894977,0.3691860465116279
Neural Plate Border 2,ccng2,-4.0726485,-1.0925838,4.648149833818311e-05,0.0007230977530193883,0.2557077625570776,0.45058139534883723
Neural Plate Border 2,trpv6,-4.073446,-28.311256,4.632261784473029e-05,0.0007210098201380783,0.0,0.20348837209302326
Neural Plate Border 2,cysrt1,-4.0755715,-2.832549,4.5901450401848135e-05,0.0007148350009037948,0.0410958904109589,0.2441860465116279
Neural Plate Border 2,ophn1,-4.076103,-2.969244,4.579672736228543e-05,0.0007139648733477149,0.045662100456621,0.2441860465116279
Neural Plate Border 2,c3h5orf15,-4.0819488,-2.8591614,4.465962880198094e-05,0.0006969811049176213,0.0410958904109589,0.2441860465116279
Neural Plate Border 2,slco2b1,-4.090186,-1.1059965,4.310272443568643e-05,0.0006737624267270321,0.273972602739726,0.4331395348837209
Neural Plate Border 2,atp6v0a1,-4.093906,-2.7665882,4.2416611266356774e-05,0.0006641028194573513,0.0547945205479452,0.25290697674418605
Neural Plate Border 2,arc3,-4.094172,-1.595178,4.2368001751964416e-05,0.0006636972450223322,0.136986301369863,0.3313953488372093
Neural Plate Border 2,nt5c1a,-4.096829,-2.5707817,4.188480463154331e-05,0.0006564797448711219,0.0547945205479452,0.2558139534883721
Neural Plate Border 2,LOC116408023,-4.0992203,-3.6919096,4.145440171762908e-05,0.0006500824123433559,0.0182648401826484,0.2238372093023256
Neural Plate Border 2,LOC100495090,-4.1079893,-4.2612047,3.9911887550159816e-05,0.0006262288700905644,0.0182648401826484,0.22093023255813954
Neural Plate Border 2,clcn5,-4.1085205,-2.943603,3.9820174451406386e-05,0.0006257975910693871,0.0410958904109589,0.2441860465116279
Neural Plate Border 2,sfmbt2,-4.1255264,-4.7459955,3.698876264367632e-05,0.0005831815106997316,0.0136986301369863,0.2180232558139535
Neural Plate Border 2,zw10,-4.1329665,-2.680269,3.581108469297234e-05,0.0005652234431210985,0.0502283105022831,0.25290697674418605
Neural Plate Border 2,rspo1,-4.134561,-5.1012187,3.5563399941420623e-05,0.0005616173655795063,0.0091324200913242,0.21511627906976744
Neural Plate Border 2,zfyve27,-4.144127,-2.108244,3.4111114409019916e-05,0.0005401419205254936,0.0776255707762557,0.28488372093023256
Neural Plate Border 2,gnpnat1,-4.1478467,-1.7209176,3.356169582859753e-05,0.0005323070704100567,0.1232876712328767,0.32558139534883723
Neural Plate Border 2,tmem87b,-4.1494412,-1.6965212,3.3328813108212105e-05,0.0005289003995473116,0.1278538812785388,0.32558139534883723
Neural Plate Border 2,crybg3,-4.1574125,-1.717765,3.218724266966151e-05,0.0005121748995519192,0.1506849315068493,0.3372093023255814
Neural Plate Border 2,maff,-4.157678,-2.020221,3.214983764850778e-05,0.0005118583356773044,0.091324200913242,0.2936046511627907
Neural Plate Border 2,retsat,-4.168307,-3.142433,3.068704978577898e-05,0.0004896360001572628,0.0365296803652968,0.24127906976744187
Neural Plate Border 2,tbcd,-4.1882358,-2.3409667,2.811313960121437e-05,0.000451524826199504,0.0639269406392694,0.27325581395348836
Neural Plate Border 2,syne4,-4.1967387,-5.333234,2.707860383978582e-05,0.00043610725555965805,0.0045662100456621,0.21511627906976744
Neural Plate Border 2,spire1,-4.1988645,-3.3048089,2.6825684038081086e-05,0.00043251051854227703,0.0410958904109589,0.2441860465116279
Neural Plate Border 2,plk2,-4.2055073,-5.065786,2.6049709232886512e-05,0.00042069560805884287,0.0091324200913242,0.2180232558139535
Neural Plate Border 2,flii,-4.221716,-2.2483008,2.4244932678930768e-05,0.00039241618335427754,0.0730593607305936,0.27906976744186046
Neural Plate Border 2,coq10b,-4.228093,-3.1958632,2.3568001797777434e-05,0.00038209443180855916,0.0365296803652968,0.2441860465116279
Neural Plate Border 2,XB22063322,-4.2381907,-1.7050066,2.2532843787121216e-05,0.0003663278958516909,0.1232876712328767,0.32848837209302323
Neural Plate Border 2,syne2,-4.2652936,-1.022249,1.9963935107725728e-05,0.00032711086722753965,0.3150684931506849,0.5087209302325582
Neural Plate Border 2,sgk2,-4.2682166,-2.526137,1.9704190674001334e-05,0.00032358044808524324,0.0730593607305936,0.2761627906976744
Neural Plate Border 2,palm2,-4.2722025,-1.7984442,1.935517609726658e-05,0.0003183855669663475,0.1232876712328767,0.32848837209302323
Neural Plate Border 2,or51ao2,-4.279111,-5.929843,1.8764122060950948e-05,0.00030935930736810893,0.0091324200913242,0.22093023255813954
Neural Plate Border 2,selenom,-4.286551,-2.6950703,1.8146843631627646e-05,0.00029968948372661455,0.0502283105022831,0.2616279069767442
Neural Plate Border 2,LOC733712,-4.286551,-3.5656977,1.8146843631627646e-05,0.00029968948372661455,0.0365296803652968,0.2441860465116279
Neural Plate Border 2,tesc,-4.2931943,-2.0501027,1.7612092684911697e-05,0.0002916821990213336,0.0821917808219178,0.29941860465116277
Neural Plate Border 2,ppp1r37,-4.318969,-2.6619973,1.5676004268785622e-05,0.0002610970260859673,0.0502283105022831,0.26453488372093026
Neural Plate Border 2,wwp2,-4.3237514,-1.0938879,1.5339803396761898e-05,0.00025578881522575416,0.2694063926940639,0.4622093023255814
Neural Plate Border 2,hip1r,-4.3237514,-1.0671712,1.5339803396761898e-05,0.00025578881522575416,0.3105022831050228,0.5058139534883721
Neural Plate Border 2,fshr,-4.3256116,-2.6841176,1.521092437550622e-05,0.0002542198573015565,0.0730593607305936,0.2761627906976744
Neural Plate Border 2,tmco4,-4.3351774,-2.5047107,1.4564261448670076e-05,0.00024397015839889685,0.0639269406392694,0.2761627906976744
Neural Plate Border 2,vps54,-4.3357086,-1.1708958,1.4529115454356713e-05,0.0002435209712421451,0.2374429223744292,0.45058139534883723
Neural Plate Border 2,pi4ka,-4.3519177,-1.4308425,1.3495198616230283e-05,0.0002271031380259225,0.1780821917808219,0.38953488372093026
Neural Plate Border 2,spryd3,-4.3537774,-3.1690872,1.3381145029233148e-05,0.00022531350826584918,0.0365296803652968,0.25290697674418605
Neural Plate Border 2,pcyt1a,-4.360952,-2.8500345,1.2949778456590336e-05,0.00021842756726173809,0.0502283105022831,0.26453488372093026
Neural Plate Border 2,tbc1d22a,-4.3625464,-1.3576257,1.285573749733081e-05,0.00021721737733206757,0.2100456621004566,0.4011627906976744
Neural Plate Border 2,acer3,-4.3737063,-2.9074116,1.221546341011619e-05,0.00020687729486738488,0.045662100456621,0.2616279069767442
Neural Plate Border 2,st6galnac2,-4.3811464,-1.1345052,1.1805645876239784e-05,0.00020040118153795883,0.2602739726027397,0.4796511627906977
Neural Plate Border 2,pof1b,-4.395761,-3.2287261,1.1038536467170139e-05,0.0001881442912372305,0.0365296803652968,0.25290697674418605
Neural Plate Border 2,ggt1,-4.405858,-4.36357,1.0536587462574873e-05,0.00018011402813948894,0.0182648401826484,0.23546511627906977
Neural Plate Border 2,pdia5,-4.407187,-1.4995201,1.0472187322058495e-05,0.00017932777247281305,0.1643835616438356,0.37790697674418605
Neural Plate Border 2,pla2g7,-4.4194098,-2.5419939,9.897082494278891e-06,0.00016987763851454273,0.0684931506849315,0.2819767441860465
Neural Plate Border 2,slc9a8,-4.4199414,-1.1692178,9.872775152583492e-06,0.00016955998265873564,0.2420091324200913,0.45058139534883723
Neural Plate Border 2,abo,-4.4281783,-5.024748,9.503225985789157e-06,0.00016340517575917814,0.0091324200913242,0.22965116279069767
Neural Plate Border 2,ndrg2,-4.429773,-1.0704333,9.433243445741113e-06,0.000162297315575314,0.319634703196347,0.502906976744186
Neural Plate Border 2,iffo2,-4.43429,-1.7512361,9.23762324435785e-06,0.0001591190129969501,0.1324200913242009,0.3430232558139535
Neural Plate Border 2,palm3,-4.4356184,-2.101389,9.180829481528886e-06,0.0001582339779331196,0.0821917808219178,0.30523255813953487
Neural Plate Border 2,txndc12,-4.4374785,-1.4856719,9.101878424248986e-06,0.00015696578656001304,0.1598173515981735,0.375
Neural Plate Border 2,prss8,-4.4449186,-3.257011,8.792513367900693e-06,0.0001518097804235707,0.0365296803652968,0.2558139534883721
Neural Plate Border 2,prickle3,-4.4481072,-2.6251633,8.663027375025832e-06,0.00014966250189088658,0.0593607305936073,0.2761627906976744
Neural Plate Border 2,kif16b,-4.4552817,-2.5810275,8.378314174365667e-06,0.00014551782628097613,0.0639269406392694,0.2819767441860465
Neural Plate Border 2,atp6v1b2,-4.457142,-2.1848428,8.305972625575577e-06,0.00014443300762534186,0.0867579908675799,0.3023255813953488
Neural Plate Border 2,LOC105947375,-4.4619246,-2.1329956,8.122682761182011e-06,0.00014149829546609736,0.0776255707762557,0.30523255813953487
Neural Plate Border 2,unc80,-4.468302,-7.1121063,7.884303015159921e-06,0.00013750958319578739,0.0045662100456621,0.22674418604651161
Neural Plate Border 2,hm13,-4.471756,-1.2106978,7.7579883295716e-06,0.00013563023735748054,0.2374429223744292,0.45058139534883723
Neural Plate Border 2,csgalnact1,-4.4879646,-2.6305897,7.190679114484581e-06,0.0001261649106815719,0.0730593607305936,0.28488372093023256
Neural Plate Border 2,mpv17l,-4.5012507,-5.8188076,6.7554765869904e-06,0.00011874283590758653,0.0045662100456621,0.22965116279069767
Neural Plate Border 2,mideas,-4.5044394,-1.4917679,6.6548410921555066e-06,0.00011711478625213583,0.182648401826484,0.3953488372093023
Neural Plate Border 2,vapa,-4.5070963,-1.4804301,6.572075254294262e-06,0.00011579766832928004,0.1780821917808219,0.38953488372093026
Neural Plate Border 2,LOC100497175,-4.5070963,-1.6495726,6.572075254294262e-06,0.00011579766832928004,0.1415525114155251,0.36046511627906974
Neural Plate Border 2,mboat2,-4.515068,-6.676601,6.329645037399664e-06,0.00011172817275859275,0.0091324200913242,0.23255813953488372
Neural Plate Border 2,pgap6,-4.516131,-2.8149123,6.297974940235877e-06,0.00011130357042202837,0.0593607305936073,0.2761627906976744
Neural Plate Border 2,dennd4c,-4.528088,-1.1340775,5.951975231141281e-06,0.00010563581541074122,0.273972602739726,0.4738372093023256
Neural Plate Border 2,prkcsh,-4.5283537,-1.4437284,5.94449694154521e-06,0.00010556718718001704,0.1735159817351598,0.3953488372093023
Neural Plate Border 2,LOC108645351,-4.548017,-1.3646095,5.415377525407963e-06,9.681767611327227e-05,0.2054794520547945,0.41569767441860467
Neural Plate Border 2,sytl1,-4.549877,-2.7494423,5.367729052663151e-06,9.602453362202972e-05,0.0639269406392694,0.2819767441860465
Neural Plate Border 2,ugt8,-4.5663514,-2.8087547,4.962864622195654e-06,8.910902688661005e-05,0.0639269406392694,0.2819767441860465
Neural Plate Border 2,pygm,-4.5663514,-1.0526137,4.962864622195654e-06,8.910902688661005e-05,0.3287671232876712,0.5261627906976745
Neural Plate Border 2,mocos,-4.566883,-1.937085,4.950304233745044e-06,8.899283090811893e-05,0.1095890410958904,0.33430232558139533
Neural Plate Border 2,rap1gap2,-4.5788403,-2.0227687,4.675613269941086e-06,8.457478434012865e-05,0.0958904109589041,0.32558139534883723
Neural Plate Border 2,sdf2,-4.5926576,-2.2839282,4.3763709106170845e-06,7.940763382262445e-05,0.0867579908675799,0.3081395348837209
Neural Plate Border 2,patj,-4.600629,-2.7593226,4.212171257835396e-06,7.666623788156068e-05,0.0684931506849315,0.2877906976744186
Neural Plate Border 2,pdcd6,-4.6011605,-1.3672414,4.201437129117653e-06,7.651851010669041e-05,0.2146118721461187,0.42151162790697677
Neural Plate Border 2,dnmbp,-4.6022234,-1.0718566,4.180047456260178e-06,7.61764134625569e-05,0.3105022831050228,0.5174418604651163
Neural Plate Border 2,smim7,-4.605943,-1.4173998,4.1060023617460155e-06,7.496724237114165e-05,0.1872146118721461,0.4127906976744186
Neural Plate Border 2,ryr1,-4.6096635,-1.7455701,4.033215169391102e-06,7.386899286746323e-05,0.136986301369863,0.36046511627906974
Neural Plate Border 2,LOC116410398,-4.617635,-1.3317956,3.881384054791388e-06,7.11327506618226e-05,0.1963470319634703,0.438953488372093
Neural Plate Border 2,ube2g2,-4.628529,-1.4258872,3.6827179273034765e-06,6.761905008354769e-05,0.182648401826484,0.41569767441860467
Neural Plate Border 2,odr4,-4.628795,-1.1275941,3.6779963625868248e-06,6.75748030639695e-05,0.2831050228310502,0.4883720930232558
Neural Plate Border 2,scube2,-4.642081,-1.023544,3.4491781012872856e-06,6.361067828310955e-05,0.3378995433789954,0.5290697674418605
Neural Plate Border 2,kit,-4.6574926,-2.418267,3.200841308958118e-06,5.9217590064654905e-05,0.0867579908675799,0.3081395348837209
Neural Plate Border 2,LOC108645188,-4.6612124,-5.0096216,3.1435193789470233e-06,5.8193929680810915e-05,0.0136986301369863,0.2441860465116279
Neural Plate Border 2,pcsk7,-4.6649327,-3.3044472,3.0871828367150507e-06,5.729615333334454e-05,0.0410958904109589,0.26744186046511625
Neural Plate Border 2,ralbp1,-4.67131,-1.5276412,2.9928519857471804e-06,5.558072197927308e-05,0.1780821917808219,0.4011627906976744
Neural Plate Border 2,atp2c1,-4.673967,-1.177609,2.9543691066401502e-06,5.493585455228895e-05,0.273972602739726,0.4883720930232558
Neural Plate Border 2,rapgef3,-4.6742325,-5.3990607,2.9505470356827734e-06,5.4899707447513145e-05,0.0091324200913242,0.24127906976744187
Neural Plate Border 2,mastl,-4.6744986,-2.0500958,2.9467297088839118e-06,5.486360262444944e-05,0.1278538812785388,0.3430232558139535
Neural Plate Border 2,sidt1,-4.695756,-6.3575697,2.6562278267274997e-06,4.96446263446749e-05,0.0045662100456621,0.23837209302325582
Neural Plate Border 2,XB5967085,-4.7026644,-3.4697742,2.567883005224369e-06,4.8085706678868375e-05,0.0319634703196347,0.26453488372093026
Neural Plate Border 2,hk2,-4.71223,-3.260352,2.4502033312781645e-06,4.594091954880823e-05,0.0502283105022831,0.2761627906976744
Neural Plate Border 2,LOC100497727,-4.7135587,-28.84683,2.4342742109501444e-06,4.56715465085261e-05,0.0,0.23546511627906977
Neural Plate Border 2,abca3,-4.726579,-2.0728433,2.2833402709900557e-06,4.30053604776484e-05,0.1050228310502283,0.3313953488372093
Neural Plate Border 2,hspa13,-4.728439,-2.0609944,2.2625259865816643e-06,4.264081051822607e-05,0.1004566210045662,0.33430232558139533
Neural Plate Border 2,zdhhc13,-4.7345505,-2.3260782,2.195411285043057e-06,4.145611580949199e-05,0.0776255707762557,0.311046511627907
Neural Plate Border 2,exo1,-4.7531505,-1.2822243,2.00270969315412e-06,3.7915289534059636e-05,0.2374429223744292,0.46511627906976744
Neural Plate Border 2,dipk1c,-4.755808,-3.0483162,1.9765439335206268e-06,3.7468453774799895e-05,0.0502283105022831,0.2819767441860465
Neural Plate Border 2,tpd52,-4.772282,-2.4905217,1.8214991979688579e-06,3.466422073947115e-05,0.091324200913242,0.313953488372093
Neural Plate Border 2,LOC100497279,-4.7738767,-3.9359348,1.807131037149785e-06,3.441319045402304e-05,0.0273972602739726,0.2616279069767442
Neural Plate Border 2,hacl1,-4.785834,-3.4448545,1.7027882800755694e-06,3.2532159617574495e-05,0.0365296803652968,0.2703488372093023
Neural Plate Border 2,abhd10,-4.786631,-2.041687,1.6960419480313096e-06,3.244568205687383e-05,0.1095890410958904,0.3372093023255814
Neural Plate Border 2,ndfip1,-4.7999167,-1.1390173,1.587314570528456e-06,3.050545181533024e-05,0.3059360730593607,0.5174418604651163
Neural Plate Border 2,yipf5,-4.81214,-1.6183528,1.493227452328088e-06,2.8810911986140157e-05,0.1689497716894977,0.3953488372093023
Neural Plate Border 2,rab2b,-4.812671,-1.2894866,1.4892608090244874e-06,2.8753357139098277e-05,0.2420091324200913,0.4738372093023256
Neural Plate Border 2,stim2,-4.816657,-1.0593402,1.45983224322155e-06,2.8241135871349524e-05,0.3287671232876712,0.5552325581395349
Neural Plate Border 2,XB5717875,-4.8179855,-6.687611,1.4501475795852322e-06,2.807236019791783e-05,0.0045662100456621,0.2441860465116279
Neural Plate Border 2,slc35b4,-4.837649,-2.9560838,1.3138403231000374e-06,2.5518183710655943e-05,0.0502283105022831,0.2877906976744186
Neural Plate Border 2,nectin1,-4.84004,-1.0076009,1.2981284193094334e-06,2.526337671427034e-05,0.3744292237442922,0.5726744186046512
Neural Plate Border 2,XB5992952,-4.840306,-2.414777,1.2963938501314613e-06,2.524642813670403e-05,0.0776255707762557,0.313953488372093
Neural Plate Border 2,mylk,-4.8437605,-1.2772456,1.2740463387389178e-06,2.4860913569878044e-05,0.2557077625570776,0.4738372093023256
Neural Plate Border 2,LOC116408439,-4.844026,-2.2767308,1.272342733892032e-06,2.4844255480559778e-05,0.0776255707762557,0.31976744186046513
Neural Plate Border 2,arl1,-4.848012,-1.7759697,1.2470501199613672e-06,2.4366659128737115e-05,0.136986301369863,0.3691860465116279
Neural Plate Border 2,ppt1,-4.854123,-2.7104673,1.2092051483661142e-06,2.3674665567240377e-05,0.0547945205479452,0.29651162790697677
Neural Plate Border 2,dync1i1,-4.8594375,-1.7937484,1.1771967727902882e-06,2.3078899306125362e-05,0.1506849315068493,0.37790697674418605
Neural Plate Border 2,slc6a7l,-4.8748493,-4.62758,1.0889160376967207e-06,2.1405584867459882e-05,0.0136986301369863,0.2558139534883721
Neural Plate Border 2,itpkb,-4.878038,-1.6013947,1.0714638942099112e-06,2.110509507523579e-05,0.2009132420091324,0.4011627906976744
Neural Plate Border 2,impact,-4.878038,-3.1685753,1.0714638942099112e-06,2.110509507523579e-05,0.0410958904109589,0.2819767441860465
Neural Plate Border 2,mpc2,-4.878569,-3.513205,1.0685814990279855e-06,2.1076724560112717e-05,0.0319634703196347,0.27325581395348836
Neural Plate Border 2,slc35b1,-4.8913236,-2.1921155,1.0016009791639847e-06,1.9849354726740632e-05,0.1141552511415525,0.34011627906976744
Neural Plate Border 2,LOC100498107,-4.9008894,-5.0609426,9.540371068556272e-07,1.8996906451292125e-05,0.0136986301369863,0.2558139534883721
Neural Plate Border 2,dnajc3,-4.904078,-2.9622123,9.386713797437952e-07,1.8729217133986948e-05,0.0502283105022831,0.29069767441860467
Neural Plate Border 2,slc19a3,-4.9056726,-5.9014735,9.310781419368008e-07,1.859039970420398e-05,0.0045662100456621,0.25
Neural Plate Border 2,rbm47,-4.915504,-3.754367,8.855436687068314e-07,1.77539965569063e-05,0.0273972602739726,0.2703488372093023
Neural Plate Border 2,pitpnm2,-4.935433,-2.5566804,7.997323774060215e-07,1.6099846504101525e-05,0.0730593607305936,0.313953488372093
Neural Plate Border 2,cgnl1,-4.9386215,-1.9596775,7.867681304059516e-07,1.587164887501475e-05,0.1232876712328767,0.36046511627906974
Neural Plate Border 2,cpeb4,-4.954033,-1.3530425,7.269088846380253e-07,1.4684363239014592e-05,0.228310502283105,0.46511627906976744
Neural Plate Border 2,ramp1,-4.96041,-4.322707,7.03444873744785e-07,1.4239887191436156e-05,0.0228310502283105,0.26744186046511625
Neural Plate Border 2,tmbim6,-4.978479,-1.1275113,6.408591472790582e-07,1.3018035951434434e-05,0.3150684931506849,0.5465116279069767
Neural Plate Border 2,use1,-4.985919,-2.6789942,6.166797018072457e-07,1.2544303662858455e-05,0.0639269406392694,0.3081395348837209
Neural Plate Border 2,mtus1,-4.986982,-2.9680603,6.132981044040275e-07,1.2484203962280033e-05,0.0776255707762557,0.3081395348837209
Neural Plate Border 2,grhl2,-5.003722,-2.112976,5.623381322477773e-07,1.1494899261352993e-05,0.1004566210045662,0.35174418604651164
Neural Plate Border 2,cope,-5.0050507,-1.6924813,5.58473389996544e-07,1.1423887797752959e-05,0.1461187214611872,0.3953488372093023
Neural Plate Border 2,lekr1,-5.0146165,-2.053756,5.313935002379719e-07,1.0885188090719102e-05,0.1141552511415525,0.3546511627906977
Neural Plate Border 2,rtn3,-5.0196652,-1.2399923,5.176163625277601e-07,1.0632778561524213e-05,0.2648401826484018,0.5145348837209303
Neural Plate Border 2,mon2,-5.0236506,-1.832257,5.069836162343966e-07,1.042168641782535e-05,0.1415525114155251,0.37790697674418605
Neural Plate Border 2,derl2,-5.028965,-1.6891224,4.931338088833196e-07,1.0151263639062194e-05,0.1598173515981735,0.4011627906976744
Neural Plate Border 2,fhip1a,-5.0332165,-3.3963714,4.823173850247831e-07,9.942608943342339e-06,0.0410958904109589,0.2877906976744186
Neural Plate Border 2,nr3c1,-5.034811,-1.4053433,4.783205167455963e-07,9.874143379230598e-06,0.228310502283105,0.46511627906976744
Neural Plate Border 2,tmem214,-5.051817,-1.1447784,4.376270938671074e-07,9.091881720561064e-06,0.319634703196347,0.5290697674418605
Neural Plate Border 2,XB5901519,-5.0627112,-28.716993,4.1333550268798616e-07,8.599437778699305e-06,0.0,0.25290697674418605
Neural Plate Border 2,chmp4c,-5.0640397,-4.8293304,4.104636704346166e-07,8.545771759597064e-06,0.0136986301369863,0.26453488372093026
Neural Plate Border 2,tnk2l,-5.0661654,-3.0052736,4.059087414582893e-07,8.462994594555816e-06,0.0502283105022831,0.29941860465116277
Neural Plate Border 2,egln1,-5.0799828,-1.9169647,3.774687613908746e-07,7.886911625601612e-06,0.1278538812785388,0.37209302325581395
Neural Plate Border 2,selenos,-5.0890174,-2.4716885,3.5992372579977843e-07,7.536483115224444e-06,0.0776255707762557,0.32558139534883723
Neural Plate Border 2,plekha6,-5.0906115,-1.2305926,3.569103734645739e-07,7.478743460030795e-06,0.2876712328767123,0.5319767441860465
Neural Plate Border 2,strn,-5.095129,-1.8154192,3.4850418826881673e-07,7.313083939185774e-06,0.182648401826484,0.39825581395348836
Neural Plate Border 2,rnf19a,-5.0983176,-1.1040463,3.426858150466023e-07,7.201329302391971e-06,0.3287671232876712,0.5552325581395349
Neural Plate Border 2,manf,-5.10124,-1.4756956,3.374347617848867e-07,7.106308012776674e-06,0.2054794520547945,0.4563953488372093
Neural Plate Border 2,dnajb9,-5.104429,-2.451006,3.3179493446195164e-07,6.99257226334341e-06,0.0776255707762557,0.32848837209302323
Neural Plate Border 2,gramd2a,-5.1076174,-6.665188,3.262461580189743e-07,6.890535726194102e-06,0.0045662100456621,0.25872093023255816
Neural Plate Border 2,alas1,-5.1161203,-2.045117,3.1188386825257084e-07,6.5967274622944276e-06,0.1278538812785388,0.36627906976744184
Neural Plate Border 2,LOC100497498,-5.1235604,-2.4373636,2.9981926364006767e-07,6.364572908832838e-06,0.1050228310502283,0.3430232558139535
Neural Plate Border 2,clec16a,-5.134721,-1.027472,2.8256333252528375e-07,6.020123012424614e-06,0.3744292237442922,0.5930232558139535
Neural Plate Border 2,ralgps1,-5.1658096,-2.4562058,2.394003687127907e-07,5.145523660179107e-06,0.0821917808219178,0.33430232558139533
Neural Plate Border 2,golga1,-5.181221,-1.6007334,2.2043785872491043e-07,4.748429659828929e-06,0.1917808219178082,0.4331395348837209
Neural Plate Border 2,znf534,-5.1862698,-3.0645847,2.145478683842463e-07,4.631793752392838e-06,0.0547945205479452,0.3081395348837209
Neural Plate Border 2,MGC76064,-5.20487,-1.9841498,1.9413239456054254e-07,4.215961385883521e-06,0.1324200913242009,0.37790697674418605
Neural Plate Border 2,tbc1d8b,-5.205933,-2.6049953,1.930243575120149e-07,4.195014865749969e-06,0.0776255707762557,0.32848837209302323
Neural Plate Border 2,tmf1,-5.2099185,-1.4496887,1.8892340743452343e-07,4.1120030697829886e-06,0.2191780821917808,0.4622093023255814
Neural Plate Border 2,smim15,-5.2109814,-1.0277756,1.8784412420343127e-07,4.094609690224086e-06,0.3835616438356164,0.6075581395348837
Neural Plate Border 2,prkcz,-5.2173586,-2.7081857,1.814925051629866e-07,3.9620667799994485e-06,0.0821917808219178,0.32848837209302323
Neural Plate Border 2,prdm5,-5.218156,-1.6953781,1.8071330404598553e-07,3.94800492568625e-06,0.1689497716894977,0.42151162790697677
Neural Plate Border 2,unc50,-5.229316,-2.4918694,1.7013829058293708e-07,3.722539200621133e-06,0.0684931506849315,0.3313953488372093
Neural Plate Border 2,plpp2,-5.2521677,-1.4848647,1.5031946924042495e-07,3.3137167461288546e-06,0.2100456621004566,0.46511627906976744
Neural Plate Border 2,tmod3,-5.2537622,-1.0318536,1.490233961072927e-07,3.2876248238583193e-06,0.3972602739726027,0.6075581395348837
Neural Plate Border 2,mpzl2,-5.2612023,-4.490978,1.4311659844678925e-07,3.1644790387277583e-06,0.0182648401826484,0.27906976744186046
Neural Plate Border 2,ost4,-5.263062,-1.7951695,1.4167566159183896e-07,3.134989601810026e-06,0.1552511415525114,0.40406976744186046
Neural Plate Border 2,tspan1,-5.2638593,-3.520794,1.4106242201021076e-07,3.123784589227629e-06,0.0365296803652968,0.29651162790697677
Neural Plate Border 2,cog1,-5.267048,-3.6120675,1.38635038429204e-07,3.0746895359059655e-06,0.0319634703196347,0.2936046511627907
Neural Plate Border 2,golga5,-5.2747536,-1.7019981,1.3293449650082596e-07,2.9527418443887867e-06,0.1735159817351598,0.42151162790697677
Neural Plate Border 2,serpine2,-5.306374,-1.7653033,1.11827358127594e-07,2.4933832993346303e-06,0.1598173515981735,0.42151162790697677
Neural Plate Border 2,depdc1b,-5.307437,-1.570293,1.1117745407119525e-07,2.4807848549275633e-06,0.2054794520547945,0.4476744186046512
Neural Plate Border 2,yif1b,-5.32896,-1.2426077,9.877672875333839e-08,2.2244549754921684e-06,0.3013698630136986,0.5436046511627907
Neural Plate Border 2,zfyve28b,-5.3292255,-3.592411,9.863233605635067e-08,2.222915817473544e-06,0.0410958904109589,0.29941860465116277
Neural Plate Border 2,atg2a,-5.331883,-2.9871097,9.71996010569376e-08,2.192316001925419e-06,0.0502283105022831,0.313953488372093
Neural Plate Border 2,znf238.2,-5.33454,-2.1462293,9.578702153846162e-08,2.1637947655260984e-06,0.1141552511415525,0.36627906976744184
Neural Plate Border 2,clta,-5.33826,-1.6331322,9.384275095677804e-08,2.121513884932389e-06,0.1780821917808219,0.438953488372093
Neural Plate Border 2,prrg2,-5.348357,-1.6178062,8.87560690890758e-08,2.0080717148163894e-06,0.1872146118721461,0.4418604651162791
Neural Plate Border 2,ndel1,-5.3584547,-2.321987,8.393679917067597e-08,1.9049352302469172e-06,0.091324200913242,0.3546511627906977
Neural Plate Border 2,kcnk5,-5.3672233,-2.4246716,7.99580308088915e-08,1.8202906530955665e-06,0.0821917808219178,0.34593023255813954
Neural Plate Border 2,MGC75872,-5.3770547,-3.7881024,7.571410931193957e-08,1.7317677068054034e-06,0.0319634703196347,0.29651162790697677
Neural Plate Border 2,sec22b,-5.380775,-2.4769783,7.416588665583969e-08,1.6990149160163402e-06,0.0776255707762557,0.3430232558139535
Neural Plate Border 2,kdelr1,-5.383698,-1.1560069,7.297098009159706e-08,1.674265870531769e-06,0.3378995433789954,0.5726744186046512
Neural Plate Border 2,LOC116409686,-5.389809,-2.1857982,7.053249306629634e-08,1.623413625843235e-06,0.1095890410958904,0.36627906976744184
Neural Plate Border 2,prrc1,-5.3945923,-2.1289086,6.86793541846392e-08,1.582006463491874e-06,0.1187214611872146,0.37209302325581395
Neural Plate Border 2,sh3gl2,-5.3991094,-1.7629505,6.697252938065053e-08,1.5439069450518893e-06,0.2009132420091324,0.4273255813953488
Neural Plate Border 2,ccser1,-5.4015007,-2.579057,6.60856263314573e-08,1.5246637279359342e-06,0.0821917808219178,0.3430232558139535
Neural Plate Border 2,LOC394967,-5.4025636,-3.0038238,6.569510937976543e-08,1.5168512972195286e-06,0.0958904109589041,0.34011627906976744
Neural Plate Border 2,kcnj2,-5.4060183,-3.8296635,6.444130776322689e-08,1.490256224071903e-06,0.045662100456621,0.30523255813953487
Neural Plate Border 2,tmed2,-5.411598,-1.2309469,6.24647565554994e-08,1.4468362114689403e-06,0.2922374429223744,0.5465116279069767
Neural Plate Border 2,nucb1,-5.418241,-1.5227776,6.018823709727052e-08,1.398539235763366e-06,0.228310502283105,0.4680232558139535
Neural Plate Border 2,ptger4,-5.4264784,-3.9073894,5.747681788590362e-08,1.3408658129472056e-06,0.0273972602739726,0.29651162790697677
Neural Plate Border 2,ddrgk1,-5.4347153,-1.4217668,5.488392741728987e-08,1.2824237268863311e-06,0.2465753424657534,0.4738372093023256
Neural Plate Border 2,lnpk,-5.439233,-2.235903,5.351052562614596e-08,1.2523348075083047e-06,0.1095890410958904,0.37209302325581395
Neural Plate Border 2,XB5856846,-5.4748387,-2.9652996,4.379100147769633e-08,1.03063990675889e-06,0.0730593607305936,0.3313953488372093
Neural Plate Border 2,dennd1b,-5.47723,-2.2534542,4.3203483762767573e-08,1.017631775881917e-06,0.1187214611872146,0.375
Neural Plate Border 2,mnt,-5.479622,-1.0148301,4.2623611494391674e-08,1.004782893219809e-06,0.4429223744292237,0.6715116279069767
Neural Plate Border 2,cadps2,-5.4814816,-1.8017943,4.217782383567221e-08,9.950766493466784e-07,0.1552511415525114,0.4273255813953488
Neural Plate Border 2,ufsp2,-5.4918447,-2.7951128,3.977570321344249e-08,9.406825086020528e-07,0.0639269406392694,0.3313953488372093
Neural Plate Border 2,srp54,-5.4947677,-1.2901924,3.9122524081520747e-08,9.274862136471475e-07,0.2831050228310502,0.5319767441860465
Neural Plate Border 2,golga3,-5.501942,-2.0104923,3.756305781277899e-08,8.912384276991418e-07,0.1324200913242009,0.39825581395348836
Neural Plate Border 2,palld,-5.5133677,-3.2174072,3.520314370339519e-08,8.366041411332885e-07,0.0547945205479452,0.3226744186046512
Neural Plate Border 2,tep1,-5.5253253,-2.5319557,3.2887605541548006e-08,7.834862246006437e-07,0.0867579908675799,0.35174418604651164
Neural Plate Border 2,pik3r6,-5.5338283,-5.3842683,3.133161360375488e-08,7.482470565779076e-07,0.0091324200913242,0.28488372093023256
Neural Plate Border 2,tspan15,-5.534094,-3.1001825,3.1284158196136985e-08,7.477246346944237e-07,0.045662100456621,0.3226744186046512
Neural Plate Border 2,spdef,-5.546051,-5.372467,2.9219354779121818e-08,7.029719831674978e-07,0.0136986301369863,0.2877906976744186
Neural Plate Border 2,dnase1l3,-5.5476456,-4.3743405,2.895424281882092e-08,6.983180460700943e-07,0.0228310502283105,0.29651162790697677
Neural Plate Border 2,arhgef19,-5.58644,-2.4637215,2.3177147164593666e-08,5.622333516748858e-07,0.091324200913242,0.36046511627906974
Neural Plate Border 2,ap1b1,-5.5869713,-2.4703643,2.3106361336170447e-08,5.609817676225899e-07,0.0867579908675799,0.36046511627906974
Neural Plate Border 2,cpt1al,-5.5991945,-3.2105935,2.1535006901985724e-08,5.232666556541519e-07,0.0547945205479452,0.32558139534883723
Neural Plate Border 2,ddr1,-5.6018515,-2.4827409,2.120739926393362e-08,5.157350148785722e-07,0.0958904109589041,0.3633720930232558
Neural Plate Border 2,fam83h,-5.6021175,-2.4247432,2.117490586999095e-08,5.153735832520445e-07,0.0821917808219178,0.3633720930232558
Neural Plate Border 2,spry4,-5.6058373,-2.6260328,2.0725041781867617e-08,5.048447469381435e-07,0.0730593607305936,0.35174418604651164
Neural Plate Border 2,tmem164,-5.6082287,-2.4674392,2.0440757859701598e-08,4.983351067530754e-07,0.0867579908675799,0.36046511627906974
Neural Plate Border 2,kif5a,-5.609026,-5.676643,2.0346840603205268e-08,4.964595139167723e-07,0.0091324200913242,0.2877906976744186
Neural Plate Border 2,mboat1,-5.6103544,-4.4972496,2.0191242036379697e-08,4.930745162618337e-07,0.0182648401826484,0.29651162790697677
Neural Plate Border 2,LOC101731739,-5.61248,-3.5297403,1.9944684299570668e-08,4.878686751135984e-07,0.0410958904109589,0.3168604651162791
Neural Plate Border 2,atp2a3,-5.619389,-1.782483,1.916339295694703e-08,4.691500331026119e-07,0.2420091324200913,0.46511627906976744
Neural Plate Border 2,LOC101734002,-5.637458,-3.946924,1.7257888469663344e-08,4.246341227750246e-07,0.0410958904109589,0.313953488372093
Neural Plate Border 2,arpc1b,-5.638255,-2.83908,1.7178205731782487e-08,4.23029597089919e-07,0.0639269406392694,0.34011627906976744
Neural Plate Border 2,selenow2,-5.6486177,-3.5851288,1.6174288975101764e-08,3.996539653687233e-07,0.0319634703196347,0.313953488372093
Neural Plate Border 2,vwf,-5.6496806,-5.059572,1.6074605123245034e-08,3.9752688862739055e-07,0.0136986301369863,0.2936046511627907
Neural Plate Border 2,slc44a4,-5.6680155,-3.4010034,1.444610854065701e-08,3.5785949046775e-07,0.045662100456621,0.3226744186046512
Neural Plate Border 2,arf5,-5.6820984,-1.1183176,1.33052149396271e-08,3.3099977693637424e-07,0.3698630136986301,0.6133720930232558
Neural Plate Border 2,ovol2,-5.682364,-1.7977346,1.3284553343172102e-08,3.3076727323191116e-07,0.182648401826484,0.44476744186046513
Neural Plate Border 2,mast4,-5.6855526,-2.6778693,1.3039032725280218e-08,3.249309169587946e-07,0.1095890410958904,0.3633720930232558
Neural Plate Border 2,ero1a,-5.702824,-3.944274,1.1783846842040385e-08,2.9440480943562604e-07,0.0365296803652968,0.313953488372093
Neural Plate Border 2,ntan1,-5.729396,-3.3273554,1.0078887570387797e-08,2.539792780775911e-07,0.0410958904109589,0.32558139534883723
Neural Plate Border 2,sec61b,-5.743213,-1.6629618,9.289660367298817e-09,2.3510481575455561e-07,0.1872146118721461,0.4680232558139535
Neural Plate Border 2,frk,-5.7580934,-5.1776676,8.506926592502262e-09,2.1623127932646403e-07,0.0136986301369863,0.29941860465116277
Neural Plate Border 2,rin3,-5.759688,-1.5560888,8.426968348156055e-09,2.145720485931617e-07,0.2328767123287671,0.4941860465116279
Neural Plate Border 2,ap1s3,-5.7639394,-5.0695505,8.217301932071263e-09,2.0959856263208994e-07,0.0182648401826484,0.3023255813953488
Neural Plate Border 2,LOC100496053,-5.7692537,-5.1831207,7.962342268662159e-09,2.036283699521116e-07,0.0136986301369863,0.29941860465116277
Neural Plate Border 2,gcnt4,-5.7780223,-4.594879,7.55838223449766e-09,1.9414681115694298e-07,0.0182648401826484,0.30523255813953487
Neural Plate Border 2,KIAA0319L,-5.7894483,-1.150925,7.06180821892298e-09,1.8267585490914835e-07,0.3835616438356164,0.6104651162790697
Neural Plate Border 2,mcf2l,-5.792105,-4.513811,6.950955820610979e-09,1.7996757271238223e-07,0.0228310502283105,0.3081395348837209
Neural Plate Border 2,dlx6,-5.7934337,-2.0492833,6.896166082918966e-09,1.787072967817414e-07,0.136986301369863,0.41569767441860467
Neural Plate Border 2,prdm2,-5.8138943,-1.5176201,6.103604768886124e-09,1.5887308192280526e-07,0.2420091324200913,0.5058139534883721
Neural Plate Border 2,LOC100492479,-5.81416,-5.3647585,6.093918612953479e-09,1.587623306374716e-07,0.0091324200913242,0.29941860465116277
Neural Plate Border 2,dst,-5.8213344,-2.7091885,5.837971838327782e-09,1.5263842111463274e-07,0.0867579908675799,0.3633720930232558
Neural Plate Border 2,slc17a9,-5.822663,-4.9299636,5.791735802841365e-09,1.515651112380089e-07,0.0182648401826484,0.30523255813953487
Neural Plate Border 2,LOC100487973,-5.82532,-3.6594863,5.700329960150873e-09,1.493067608110844e-07,0.0365296803652968,0.3226744186046512
Neural Plate Border 2,abhd17b,-5.8314314,-1.4246112,5.495390174390973e-09,1.4406793738800226e-07,0.2694063926940639,0.5406976744186046
Neural Plate Border 2,slc1a5,-5.84206,-2.021491,5.155919793921339e-09,1.355329959497434e-07,0.1552511415525114,0.4186046511627907
Neural Plate Border 2,scamp2,-5.8447175,-5.3350463,5.0742935134872086e-09,1.3350735705917605e-07,0.0136986301369863,0.3023255813953488
Neural Plate Border 2,ildr1,-5.850563,-3.2813816,4.899117005669361e-09,1.2913082884826067e-07,0.0502283105022831,0.3372093023255814
Neural Plate Border 2,fcgbp,-5.8582687,-3.9846227,4.677170325036842e-09,1.2361515892509217e-07,0.0365296803652968,0.3226744186046512
Neural Plate Border 2,c1galt1c1,-5.870492,-4.2705603,4.345041508758596e-09,1.15254000310819e-07,0.0273972602739726,0.3168604651162791
Neural Plate Border 2,cndp2,-5.8867006,-4.6191473,3.939814878438453e-09,1.0469520791966765e-07,0.0228310502283105,0.311046511627907
Neural Plate Border 2,spag1,-5.887232,-2.2569726,3.9271717552009464e-09,1.0445419251708722e-07,0.1324200913242009,0.4011627906976744
Neural Plate Border 2,rab11fip1,-5.9002523,-3.6872458,3.6294639020806864e-09,9.680005412565743e-08,0.0365296803652968,0.32848837209302323
Neural Plate Border 2,rint1,-5.9026437,-2.8912926,3.577224292550924e-09,9.549392081785942e-08,0.0639269406392694,0.3546511627906977
Neural Plate Border 2,plcb3,-5.917524,-1.3264096,3.268245703807974e-09,8.740538899177575e-08,0.3424657534246575,0.5901162790697675
Neural Plate Border 2,gata2,-5.926027,-1.4323337,3.103520381430477e-09,8.315215790063637e-08,0.3150684931506849,0.5726744186046512
Neural Plate Border 2,LOC101732476,-5.9270897,-2.390282,3.0835069814124816e-09,8.269173630611766e-08,0.1050228310502283,0.38953488372093026
Neural Plate Border 2,armh4,-5.937453,-4.912314,2.894846984115598e-09,7.770364755985586e-08,0.0182648401826484,0.311046511627907
Neural Plate Border 2,slc35d1,-5.9382496,-1.3254776,2.8808095590240735e-09,7.739792667264034e-08,0.3287671232876712,0.5697674418604651
Neural Plate Border 2,fhl3,-5.9387813,-1.4371299,2.8714881231831505e-09,7.721846304394359e-08,0.3105022831050228,0.5465116279069767
Neural Plate Border 2,prss27,-5.9478154,-2.902458,2.7174451651561157e-09,7.327826533457419e-08,0.0730593607305936,0.36046511627906974
Neural Plate Border 2,lrrc59,-5.95313,-2.0861177,2.6306230049900596e-09,7.100253098694776e-08,0.1415525114155251,0.41569767441860467
Neural Plate Border 2,fbp1,-5.9573812,-3.9922824,2.5631159719213447e-09,6.924440201038155e-08,0.0228310502283105,0.3226744186046512
Neural Plate Border 2,rpn2,-5.961367,-1.4797477,2.5013622498196246e-09,6.770122215229393e-08,0.2648401826484018,0.5203488372093024
Neural Plate Border 2,LOC100493464,-5.974919,-3.029287,2.3020490439603627e-09,6.248021875952216e-08,0.0821917808219178,0.36046511627906974
Neural Plate Border 2,scfd1,-5.9847503,-2.1816378,2.167221080860176e-09,5.898513911976146e-08,0.1187214611872146,0.40988372093023256
Neural Plate Border 2,gdf2,-5.985016,-2.860482,2.1636859895887793e-09,5.894380723361566e-08,0.0684931506849315,0.36046511627906974
Neural Plate Border 2,ptbp3,-5.9977703,-1.478819,2.0004505896256243e-09,5.485475720951841e-08,0.2831050228310502,0.5232558139534884
Neural Plate Border 2,mtmr12,-6.0086646,-4.676271,1.8705737669830884e-09,5.138979490853633e-08,0.0182648401826484,0.3168604651162791
Neural Plate Border 2,nr1i3,-6.022748,-4.4717913,1.7148048836827604e-09,4.7288171278236577e-08,0.0228310502283105,0.31976744186046513
Neural Plate Border 2,vps4b,-6.0285935,-2.3960433,1.6539257248610301e-09,4.5652410635894966e-08,0.1004566210045662,0.3953488372093023
Neural Plate Border 2,klf3,-6.039488,-2.5139837,1.5460397502165647e-09,4.279572721456478e-08,0.1004566210045662,0.39244186046511625
Neural Plate Border 2,LOC116406441,-6.040285,-2.9775455,1.5384207117802703e-09,4.262519035644463e-08,0.0684931506849315,0.36046511627906974
Neural Plate Border 2,mcu,-6.0421453,-1.7237266,1.5207849842738632e-09,4.225671661151073e-08,0.2191780821917808,0.48546511627906974
Neural Plate Border 2,casp3.2,-6.055697,-1.2240943,1.3981113560226895e-09,3.89591926100088e-08,0.3698630136986301,0.6395348837209303
Neural Plate Border 2,gak,-6.0578227,-1.9576467,1.3797649891797418e-09,3.852140439227605e-08,0.1598173515981735,0.4476744186046512
Neural Plate Border 2,mgat5,-6.0684514,-3.585419,1.2914962963435306e-09,3.61606592322009e-08,0.0502283105022831,0.3430232558139535
Neural Plate Border 2,uaca,-6.081737,-1.3009907,1.1888740549328065e-09,3.341536298052007e-08,0.3378995433789954,0.622093023255814
Neural Plate Border 2,lman1,-6.0923657,-2.2743511,1.1125411819634375e-09,3.139062865827533e-08,0.1187214611872146,0.4069767441860465
Neural Plate Border 2,vkorc1,-6.0928974,-2.3819952,1.1088526798487489e-09,3.131678520256887e-08,0.1050228310502283,0.4011627906976744
Neural Plate Border 2,plekha8,-6.0934286,-3.212738,1.1051761017004163e-09,3.1243136004646877e-08,0.0639269406392694,0.3546511627906977
Neural Plate Border 2,mgat1,-6.096617,-2.8929377,1.0833649434287194e-09,3.065618650664559e-08,0.0639269406392694,0.36627906976744184
Neural Plate Border 2,nxpe2,-6.115749,-4.982081,9.610455433977044e-10,2.746072559047732e-08,0.0182648401826484,0.31976744186046513
Neural Plate Border 2,vgll1,-6.1173434,-5.1773033,9.514830583067694e-10,2.721409126943755e-08,0.0136986301369863,0.3168604651162791
Neural Plate Border 2,fam83e,-6.147635,-4.3325253,7.864677069357146e-10,2.2582748076068638e-08,0.0319634703196347,0.3313953488372093
Neural Plate Border 2,eif2ak3,-6.1524177,-1.6710454,7.631048737489591e-10,2.19766685365082e-08,0.2191780821917808,0.4941860465116279
Neural Plate Border 2,erbb2,-6.163578,-1.4852802,7.111931856827814e-10,2.0583057436330082e-08,0.2785388127853881,0.5465116279069767
Neural Plate Border 2,frmd8,-6.168095,-2.1809757,6.91175295146012e-10,2.0043397869457417e-08,0.1278538812785388,0.42151162790697677
Neural Plate Border 2,tmem39a,-6.1694236,-1.1596308,6.853930277578745e-10,1.989545540654462e-08,0.3972602739726027,0.6308139534883721
Neural Plate Border 2,lpcat4,-6.1843038,-2.90177,6.237707847883818e-10,1.8142730159352423e-08,0.0867579908675799,0.37790697674418605
Neural Plate Border 2,rhoc,-6.1997156,-3.7752345,5.656529714540454e-10,1.6501598810951298e-08,0.0410958904109589,0.3430232558139535
Neural Plate Border 2,man1a1,-6.2047644,-1.3259504,5.477897995457431e-10,1.5996447183338276e-08,0.3835616438356164,0.5726744186046512
Neural Plate Border 2,snx33,-6.2071557,-2.3912582,5.395216031718151e-10,1.5802360703722772e-08,0.1095890410958904,0.4069767441860465
Neural Plate Border 2,alg9,-6.2193785,-1.3831952,4.991275204428787e-10,1.4663313115644008e-08,0.3013698630136986,0.5755813953488372
Neural Plate Border 2,LOC100489305,-6.21991,-4.679906,4.974399130486794e-10,1.4628436718637773e-08,0.0228310502283105,0.32848837209302323
Neural Plate Border 2,sgms2,-6.222036,-7.42331,4.907449960518373e-10,1.4446089606839132e-08,0.0045662100456621,0.313953488372093
Neural Plate Border 2,myl12b,-6.222567,-1.328054,4.890850558427251e-10,1.4411739180784978e-08,0.3242009132420091,0.6075581395348837
Neural Plate Border 2,nans,-6.2326646,-5.246387,4.5856759404267915e-10,1.3580941582027919e-08,0.0136986301369863,0.3226744186046512
Neural Plate Border 2,rhof,-6.2355876,-3.3223524,4.500860059975939e-10,1.3343269818778567e-08,0.0547945205479452,0.35755813953488375
Neural Plate Border 2,XB5993457,-6.2533903,-5.726715,4.01636338128659e-10,1.1943267344698708e-08,0.0091324200913242,0.31976744186046513
Neural Plate Border 2,pc,-6.254453,-2.830867,3.989107648059301e-10,1.1874297928759821e-08,0.1278538812785388,0.4069767441860465
Neural Plate Border 2,ssuh2,-6.2571106,-1.1521155,3.9217558301898816e-10,1.1685713014503612e-08,0.4337899543378995,0.6831395348837209
Neural Plate Border 2,cmtm4,-6.257642,-3.6212606,3.908419307686576e-10,1.165785763091697e-08,0.0502283105022831,0.35174418604651164
Neural Plate Border 2,slc9a1,-6.2682705,-2.0379865,3.650799226646676e-10,1.090056304332063e-08,0.1506849315068493,0.4476744186046512
Neural Plate Border 2,fucolectin-e,-6.2693334,-3.2744076,3.625968203970242e-10,1.0837492491846027e-08,0.0776255707762557,0.3691860465116279
Neural Plate Border 2,bmp7,-6.2804937,-2.1583242,3.3749975706239595e-10,1.0149645471904214e-08,0.1780821917808219,0.45348837209302323
Neural Plate Border 2,copz1,-6.295374,-2.878163,3.0666001342254757e-10,9.260308731771164e-09,0.0684931506849315,0.3808139534883721
Neural Plate Border 2,dlx3,-6.3060026,-2.06669,2.8633447210515066e-10,8.66443369990234e-09,0.1506849315068493,0.45058139534883723
Neural Plate Border 2,arcn1,-6.313974,-1.7627249,2.719596741334974e-10,8.237982626524625e-09,0.2054794520547945,0.49709302325581395
Neural Plate Border 2,klf5,-6.3206167,-2.1891,2.605211320112899e-10,7.8996817529274e-09,0.1461187214611872,0.438953488372093
Neural Plate Border 2,tmprss11f,-6.342937,-29.304039,2.2542538574555583e-10,6.878297965269668e-09,0.0,0.3168604651162791
Neural Plate Border 2,slc18a1,-6.3580832,-4.577808,2.0428701512844953e-10,6.266016515445654e-09,0.0319634703196347,0.34011627906976744
Neural Plate Border 2,arf4,-6.3623347,-1.3318393,1.9871006205463148e-10,6.101359058738375e-09,0.3333333333333333,0.5988372093023255
Neural Plate Border 2,rab40b,-6.3644605,-4.015438,1.9597764158887053e-10,6.0237880560297316e-09,0.0319634703196347,0.34593023255813954
Neural Plate Border 2,XB22041731,-6.371369,-3.897087,1.8734837820314732e-10,5.7706853985839824e-09,0.0319634703196347,0.3488372093023256
Neural Plate Border 2,styk1,-6.3756204,-5.143332,1.8222377250700428e-10,5.630637520245498e-09,0.0182648401826484,0.3313953488372093
Neural Plate Border 2,usp43,-6.3841233,-3.059204,1.723821060815376e-10,5.349152168651194e-09,0.0593607305936073,0.375
Neural Plate Border 2,klf8,-6.391032,-1.3672066,1.6476989620135637e-10,5.140222877120436e-09,0.3424657534246575,0.563953488372093
Neural Plate Border 2,cripto.3,-6.4000664,-4.8674417,1.5530941177045069e-10,4.855453920280261e-09,0.0136986301369863,0.33430232558139533
Neural Plate Border 2,gclc,-6.4075065,-3.8066382,1.4791881430245698e-10,4.6392863314110725e-09,0.0547945205479452,0.36046511627906974
Neural Plate Border 2,lyn,-6.4300923,-1.2707789,1.2752636999519406e-10,4.021276506288584e-09,0.3744292237442922,0.625
Neural Plate Border 2,fgfr2,-6.446301,-1.2136302,1.146127882565471e-10,3.61797668847422e-09,0.4246575342465753,0.7122093023255814
Neural Plate Border 2,sec63,-6.4508185,-1.0209857,1.1124775357053992e-10,3.5193539876844725e-09,0.5114155251141552,0.752906976744186
Neural Plate Border 2,hagh,-6.458524,-4.6874075,1.0572896803901951e-10,3.3666268679178424e-09,0.0228310502283105,0.34011627906976744
Neural Plate Border 2,snap23,-6.4675584,-1.7392151,9.959893996575947e-11,3.1853135822090978e-09,0.228310502283105,0.5116279069767442
Neural Plate Border 2,arfip1,-6.4694185,-1.8665799,9.838071378780429e-11,3.149799172761563e-09,0.1917808219178082,0.49709302325581395
Neural Plate Border 2,slc22a5,-6.4837675,-5.284185,8.94601497237086e-11,2.870482586798821e-09,0.0091324200913242,0.33430232558139533
Neural Plate Border 2,appl2,-6.4904103,-3.2563448,8.560294426816266e-11,2.7527609063835672e-09,0.0776255707762557,0.3808139534883721
Neural Plate Border 2,slc35a3.2,-6.491473,-2.1676762,8.500107417454712e-11,2.736416739202849e-09,0.1324200913242009,0.45058139534883723
Neural Plate Border 2,abo.4,-6.4989133,-2.9156241,8.090231439043976e-11,2.6131000573999388e-09,0.0776255707762557,0.39244186046511625
Neural Plate Border 2,tp53bp2,-6.5007734,-1.1623589,7.990820971820145e-11,2.5838461042840117e-09,0.4292237442922374,0.6715116279069767
Neural Plate Border 2,vtcn1,-6.519639,-4.361827,7.047672780758689e-11,2.2814011412442663e-09,0.0273972602739726,0.3488372093023256
Neural Plate Border 2,stim1,-6.526016,-1.5134232,6.754193962160963e-11,2.1912524273909778e-09,0.2785388127853881,0.5581395348837209
Neural Plate Border 2,ift46,-6.5347853,-2.4272623,6.370096417774542e-11,2.0758560578368744e-09,0.1187214611872146,0.4273255813953488
Neural Plate Border 2,slc66a2,-6.5398335,-2.1041055,6.158728827249343e-11,2.0137114356747825e-09,0.1643835616438356,0.46511627906976744
Neural Plate Border 2,hap1,-6.544085,-1.2339941,5.986068539878799e-11,1.9616453978609547e-09,0.4155251141552511,0.6744186046511628
Neural Plate Border 2,lpin2,-6.5478053,-2.0551434,5.838881427753393e-11,1.917711719265836e-09,0.1598173515981735,0.47674418604651164
Neural Plate Border 2,asb9,-6.5539165,-3.3514938,5.6047243432408763e-11,1.8470315363841493e-09,0.0547945205479452,0.375
Neural Plate Border 2,trabd,-6.5586996,-1.7453009,5.427901948205616e-11,1.7928022807683431e-09,0.228310502283105,0.5145348837209303
Neural Plate Border 2,cpeb3,-6.562154,-2.3973646,5.303602584001135e-11,1.7557146900672388e-09,0.1187214611872146,0.43023255813953487
Neural Plate Border 2,slc37a1,-6.5664053,-5.5163956,5.1544367075206445e-11,1.7102081656928033e-09,0.0091324200913242,0.3372093023255814
Neural Plate Border 2,cxadr,-6.572517,-1.2205315,4.947177089401387e-11,1.6433060625033176e-09,0.4292237442922374,0.7122093023255814
Neural Plate Border 2,tfg,-6.598026,-1.833578,4.166688920308997e-11,1.3951487265699004e-09,0.2009132420091324,0.502906976744186
Neural Plate Border 2,ankdd1b,-6.6020117,-4.879396,4.0561599517034236e-11,1.359697380140399e-09,0.0273972602739726,0.3488372093023256
Neural Plate Border 2,psme4,-6.6028085,-1.3936522,4.034400979684801e-11,1.353956085386526e-09,0.3470319634703196,0.6191860465116279
Neural Plate Border 2,LOC101732788,-6.640275,-3.3525245,3.1309885723488454e-11,1.0556162278930693e-09,0.0867579908675799,0.39244186046511625
Neural Plate Border 2,cpne3,-6.6434636,-2.3790774,3.0639656580691374e-11,1.0342122419286253e-09,0.1232876712328767,0.436046511627907
Neural Plate Border 2,ostc,-6.6445265,-2.446457,3.04193830707875e-11,1.0279641462915486e-09,0.1095890410958904,0.43023255813953487
Neural Plate Border 2,cd164,-6.645855,-3.9444077,3.0146219828966595e-11,1.0199122127552344e-09,0.0365296803652968,0.3633720930232558
Neural Plate Border 2,dlx5,-6.6509037,-1.9781762,2.91299244051174e-11,9.878153367586853e-10,0.182648401826484,0.4941860465116279
Neural Plate Border 2,lasp1,-6.6540923,-2.2245274,2.8505413458566958e-11,9.688857451248498e-10,0.1506849315068493,0.4563953488372093
Neural Plate Border 2,nbas,-6.674021,-2.9042788,2.4888815066775084e-11,8.469440666087339e-10,0.0821917808219178,0.40406976744186046
Neural Plate Border 2,b4galnt3,-6.6753497,-4.2185135,2.4664368587937665e-11,8.402845666596805e-10,0.0365296803652968,0.36046511627906974
Neural Plate Border 2,marveld3,-6.6780066,-2.4741573,2.422140381608313e-11,8.261561901376032e-10,0.1050228310502283,0.4331395348837209
Neural Plate Border 2,ttc39a,-6.679601,-4.2742095,2.3959373216247162e-11,8.181734094440664e-10,0.0365296803652968,0.36046511627906974
Neural Plate Border 2,b3gnt7,-6.6966066,-3.797109,2.1331446854524202e-11,7.309959238037478e-10,0.0410958904109589,0.3691860465116279
Neural Plate Border 2,galnt5,-6.7005925,-3.8367443,2.0757597265332554e-11,7.121658751912394e-10,0.045662100456621,0.3691860465116279
Neural Plate Border 2,tmcc3,-6.71069,-1.5155044,1.9370639499542896e-11,6.677159943527575e-10,0.3378995433789954,0.5901162790697675
Neural Plate Border 2,eps8l2,-6.7120185,-4.6696744,1.9195039078646944e-11,6.624441408594201e-10,0.0228310502283105,0.3546511627906977
Neural Plate Border 2,rhbdl2,-6.728759,-2.7415082,1.7111659855782726e-11,5.926432810952427e-10,0.091324200913242,0.41569767441860467
Neural Plate Border 2,ndfip2,-6.72929,-1.5686938,1.7049284482043104e-11,5.911834338014259e-10,0.2831050228310502,0.561046511627907
Neural Plate Border 2,cpeb2,-6.7306185,-1.3439447,1.6894318516039447e-11,5.86505729860272e-10,0.3789954337899543,0.6337209302325582
Neural Plate Border 2,klf17,-6.7369957,-2.1138556,1.616947481045476e-11,5.626784740290513e-10,0.1643835616438356,0.48255813953488375
Neural Plate Border 2,eps8l1,-6.739653,-3.7958343,1.58765262233249e-11,5.538027900167186e-10,0.0593607305936073,0.37790697674418605
Neural Plate Border 2,satpa,-6.7489533,-5.2214146,1.489156383025729e-11,5.219368133360321e-10,0.0182648401826484,0.35174418604651164
Neural Plate Border 2,klhl8,-6.749219,-1.1607435,1.4864320019212417e-11,5.21607369125568e-10,0.4520547945205479,0.7151162790697675
Neural Plate Border 2,LOC100497570,-6.7561274,-3.8067267,1.417286725828661e-11,4.979412053208845e-10,0.0639269406392694,0.38372093023255816
Neural Plate Border 2,mast1,-6.765162,-3.8360717,1.3316018580094267e-11,4.70097269462241e-10,0.0410958904109589,0.37209302325581395
Neural Plate Border 2,slc18a2,-6.7683506,-4.411865,1.3025885980373204e-11,4.609681272303742e-10,0.0319634703196347,0.3633720930232558
Neural Plate Border 2,kdelr3,-6.768882,-2.0296237,1.2978136312815849e-11,4.598350334059637e-10,0.1735159817351598,0.4883720930232558
Neural Plate Border 2,clic1,-6.771539,-3.9612215,1.2741947821236639e-11,4.5201441354680604e-10,0.0319634703196347,0.3691860465116279
Neural Plate Border 2,creb3l2,-6.7749934,-1.6930631,1.2441188353539734e-11,4.4188138124218713e-10,0.2465753424657534,0.5726744186046512
Neural Plate Border 2,pdia3,-6.783231,-1.5667602,1.1751774772940974e-11,4.1790283258861025e-10,0.2785388127853881,0.5813953488372093
Neural Plate Border 2,acacb,-6.807145,-1.8418272,9.95544035958925e-12,3.5794277632368183e-10,0.2146118721461187,0.5232558139534884
Neural Plate Border 2,b4galt6,-6.821494,-3.6587355,9.009854028538479e-12,3.251444976644547e-10,0.045662100456621,0.37790697674418605
Neural Plate Border 2,itsn2,-6.822557,-2.387676,8.94342139300463e-12,3.231460454127544e-10,0.1324200913242009,0.4563953488372093
Neural Plate Border 2,copb1,-6.8331857,-2.1845899,8.304942280882211e-12,3.0044773244117315e-10,0.1552511415525114,0.47093023255813954
Neural Plate Border 2,enc1,-6.855506,-1.9387174,7.106063848230107e-12,2.5867665298582097e-10,0.1963470319634703,0.5116279069767442
Neural Plate Border 2,vps53,-6.8661346,-3.4276526,6.5964888044125336e-12,2.413291166981011e-10,0.0547945205479452,0.38953488372093026
Neural Plate Border 2,syngr2,-6.866666,-2.8751142,6.571972725675386e-12,2.4073350218573583e-10,0.0958904109589041,0.4186046511627907
Neural Plate Border 2,ywhaq,-6.872246,-1.2268062,6.3198849978022736e-12,2.3178991012642189e-10,0.4657534246575342,0.6947674418604651
Neural Plate Border 2,sh3bp4,-6.8746376,-1.2184303,6.214771316032085e-12,2.282210808278064e-10,0.4383561643835616,0.686046511627907
Neural Plate Border 2,nipal2,-6.8820777,-1.8511792,5.898589367036037e-12,2.174295911574154e-10,0.2146118721461187,0.5319767441860465
Neural Plate Border 2,ehd4,-6.8921747,-3.8261166,5.494580259802092e-12,2.0279302471499361e-10,0.0365296803652968,0.37790697674418605
Neural Plate Border 2,rffl,-6.8953633,-2.487334,5.372728209891609e-12,1.9854642010536234e-10,0.1141552511415525,0.4418604651162791
Neural Plate Border 2,sppl2a,-6.908915,-2.0501728,4.883745465062286e-12,1.811634056969996e-10,0.1643835616438356,0.49127906976744184
Neural Plate Border 2,XB5767169,-6.9091806,-3.859845,4.874607510855853e-12,1.8105419587017463e-10,0.0547945205479452,0.38372093023255816
Neural Plate Border 2,rnd1,-6.9123693,-1.465822,4.766250837800571e-12,1.7725480692079963e-10,0.3242009132420091,0.6075581395348837
Neural Plate Border 2,pfkfb2,-6.913964,-1.8799136,4.712961481869707e-12,1.754962765306158e-10,0.2054794520547945,0.5319767441860465
Neural Plate Border 2,slc39a7,-6.9198093,-1.1033096,4.52251767982645e-12,1.6861953354465171e-10,0.4794520547945205,0.7325581395348837
Neural Plate Border 2,tmem263,-6.9283123,-2.3097076,4.258906478449636e-12,1.589937359790055e-10,0.1415525114155251,0.46511627906976744
Neural Plate Border 2,vmp1,-6.9317665,-1.9597224,4.156171115627456e-12,1.5575517677039254e-10,0.1917808219178082,0.5145348837209303
Neural Plate Border 2,atp13al,-6.9328294,-2.420306,4.125051899466687e-12,1.5478740959346692e-10,0.2191780821917808,0.502906976744186
Neural Plate Border 2,slc35e1,-6.933361,-2.3616734,4.1095780687253646e-12,1.5460370209383673e-10,0.136986301369863,0.4563953488372093
Neural Plate Border 2,ssr4,-6.936284,-1.4701442,4.025483794057006e-12,1.518308603665553e-10,0.3150684931506849,0.625
Neural Plate Border 2,XB5993342,-6.9394727,-5.8336782,3.935668315729823e-12,1.486350394536156e-10,0.0091324200913242,0.3546511627906977
Neural Plate Border 2,sel1l,-6.9426613,-2.9993675,3.847818379321846e-12,1.4569375524087677e-10,0.0776255707762557,0.4127906976744186
Neural Plate Border 2,crb2,-6.9495697,-3.4030857,3.664020192549211e-12,1.3945699771927862e-10,0.0684931506849315,0.4011627906976744
Neural Plate Border 2,pard3b,-6.9506326,-1.6014229,3.636518406615474e-12,1.3859070344690602e-10,0.2922374429223744,0.5872093023255814
Neural Plate Border 2,tbc1d23,-6.954353,-2.383786,3.5418466925844123e-12,1.3515890427015007e-10,0.136986301369863,0.45930232558139533
Neural Plate Border 2,galnt4,-6.96631,-4.5443177,3.253620137608921e-12,1.24975782184555e-10,0.0273972602739726,0.3691860465116279
Neural Plate Border 2,ugt3a2,-6.967904,-3.5587866,3.2169713079205934e-12,1.2373064250240378e-10,0.0547945205479452,0.39244186046511625
Neural Plate Border 2,wwc1,-7.007496,-3.091809,2.426208069903532e-12,9.405900277367393e-11,0.0821917808219178,0.4127906976744186
Neural Plate Border 2,dap,-7.020782,-2.0610292,2.206299523332259e-12,8.576109224271977e-11,0.1780821917808219,0.5058139534883721
Neural Plate Border 2,slc30a7,-7.023705,-1.4729214,2.1606100146342197e-12,8.409692588252047e-11,0.3287671232876712,0.625
Neural Plate Border 2,sec16a,-7.028222,-1.406934,2.0918184770909068e-12,8.152792787179239e-11,0.3607305936073059,0.6627906976744186
Neural Plate Border 2,zmynd11,-7.030879,-1.6567023,2.05236130799887e-12,8.009689371710944e-11,0.2831050228310502,0.5697674418604651
Neural Plate Border 2,cyp4f22,-7.035662,-5.331829,1.9831698626089033e-12,7.750005114160542e-11,0.0136986301369863,0.3633720930232558
Neural Plate Border 2,faf2,-7.0409765,-1.6104248,1.9089725779011453e-12,7.470037138504468e-11,0.2694063926940639,0.5930232558139535
Neural Plate Border 2,chst4,-7.0534654,-2.8379762,1.7451620290963125e-12,6.856563343079881e-11,0.0821917808219178,0.4273255813953488
Neural Plate Border 2,ogfod2,-7.0670166,-1.829356,1.582998460834072e-12,6.23620323566587e-11,0.2328767123287671,0.5697674418604651
Neural Plate Border 2,rspo2,-7.0834913,-3.055231,1.4056729717121175e-12,5.5752003576820765e-11,0.0867579908675799,0.42441860465116277
Neural Plate Border 2,prkcb,-7.125209,-2.384262,1.0392299502056099e-12,4.144301592695796e-11,0.1643835616438356,0.4796511627906977
Neural Plate Border 2,slc13a3,-7.1310544,-6.0631056,9.960278213683375e-13,3.97744388612266e-11,0.0091324200913242,0.3633720930232558
Neural Plate Border 2,lgals3,-7.1358376,-4.2465615,9.619958564480342e-13,3.8467990259688765e-11,0.045662100456621,0.3866279069767442
Neural Plate Border 2,rell1,-7.1727724,-1.6948111,7.349407371315486e-13,2.9590981662661564e-11,0.2602739726027397,0.5843023255813954
Neural Plate Border 2,mdm4,-7.183401,-1.322084,6.799831811824586e-13,2.74538513385973e-11,0.4200913242009132,0.7093023255813954
Neural Plate Border 2,XB5809687,-7.216084,-1.9483216,5.350595511745537e-13,2.1783183482428106e-11,0.2100456621004566,0.5436046511627907
Neural Plate Border 2,abcb1l,-7.232293,-3.4346147,4.749065344761995e-13,1.9469835777382592e-11,0.0684931506849315,0.41569767441860467
Neural Plate Border 2,LOC100489670,-7.2325587,-4.543575,4.739779404847414e-13,1.945905783470432e-11,0.0365296803652968,0.3866279069767442
Neural Plate Border 2,LOC100493503,-7.2482357,-5.1014338,4.2223463898855403e-13,1.740809694255913e-11,0.0228310502283105,0.37790697674418605
Neural Plate Border 2,cnksr1,-7.249033,-3.1106546,4.1975733750455086e-13,1.73304049895417e-11,0.0730593607305936,0.4273255813953488
Neural Plate Border 2,ralgapa2,-7.2673674,-1.1163003,3.6656036102176616e-13,1.522006521736825e-11,0.5205479452054794,0.75
Neural Plate Border 2,LOC100488176,-7.2740107,-29.81411,3.489688065565014e-13,1.4510252040473815e-11,0.0,0.3633720930232558
Neural Plate Border 2,fam3a,-7.280919,-2.6234672,3.3155331734445427e-13,1.3805747890734677e-11,0.1187214611872146,0.4622093023255814
Neural Plate Border 2,ssbp2,-7.2907505,-1.9721677,3.0823265665046675e-13,1.285299398937203e-11,0.2146118721461187,0.5348837209302325
Neural Plate Border 2,hook2,-7.310945,-1.8691053,2.652696769421958e-13,1.107728275242475e-11,0.2328767123287671,0.5552325581395349
Neural Plate Border 2,naaladl2,-7.3215737,-4.4668274,2.4507928052415395e-13,1.0278210113345113e-11,0.0273972602739726,0.38953488372093026
Neural Plate Border 2,lin54,-7.325294,-1.1803595,2.3837562625800155e-13,1.0025838749852723e-11,0.4931506849315068,0.7558139534883721
Neural Plate Border 2,c2h3orf52,-7.336454,-3.9081194,2.1932702301308585e-13,9.26466504291259e-12,0.0365296803652968,0.4011627906976744
Neural Plate Border 2,capns2,-7.3380485,-3.325253,2.1673083389549872e-13,9.168247475541712e-12,0.0776255707762557,0.42441860465116277
Neural Plate Border 2,erbb3,-7.339377,-4.3563175,2.1459042405810335e-13,9.090858964699159e-12,0.0273972602739726,0.39244186046511625
Neural Plate Border 2,slc6a16,-7.3704658,-3.0980225,1.7003277160777491e-13,7.224168527422774e-12,0.0958904109589041,0.4418604651162791
Neural Plate Border 2,galnt10,-7.377906,-3.2087138,1.6079846127874124e-13,6.851749011135401e-12,0.0776255707762557,0.43023255813953487
Neural Plate Border 2,itprid2,-7.4209523,-1.3655335,1.1628130706096025e-13,4.998557186321954e-12,0.4200913242009132,0.7093023255813954
Neural Plate Border 2,fam3d,-7.425204,-4.4142017,1.1260652430336436e-13,4.847719163345572e-12,0.0273972602739726,0.3953488372093023
Neural Plate Border 2,msln,-7.430518,-2.6067932,1.0817321994020126e-13,4.670622440283638e-12,0.2054794520547945,0.5087209302325582
Neural Plate Border 2,LOC116408821,-7.4310493,-2.340103,1.0773944006921766e-13,4.658774515774115e-12,0.1780821917808219,0.502906976744186
Neural Plate Border 2,tmed7,-7.4358325,-1.3477923,1.0391156757433808e-13,4.499909676689595e-12,0.410958904109589,0.686046511627907
Neural Plate Border 2,LOC116408803,-7.4395523,-2.6387005,1.0102703690911081e-13,4.38799601172395e-12,0.1141552511415525,0.4738372093023256
Neural Plate Border 2,pdcd6ip,-7.4480553,-2.1523838,9.472609425194343e-14,4.132743971759043e-12,0.1872146118721461,0.5203488372093024
Neural Plate Border 2,gng12,-7.4624043,-3.1983984,8.495787039193283e-14,3.728834098238121e-12,0.091324200913242,0.4418604651162791
Neural Plate Border 2,gale,-7.4639983,-4.2715373,8.393564048698975e-14,3.689507830188267e-12,0.0410958904109589,0.4011627906976744
Neural Plate Border 2,anks6,-7.4714384,-1.5721802,7.932286812939833e-14,3.4919981299554858e-12,0.3378995433789954,0.6686046511627907
Neural Plate Border 2,LOC100491113,-7.481004,-1.358194,7.375677916559093e-14,3.2567740359356322e-12,0.4337899543378995,0.7180232558139535
Neural Plate Border 2,emp2,-7.5022616,-1.2273163,6.272600072086098e-14,2.77809655616892e-12,0.4977168949771689,0.7093023255813954
Neural Plate Border 2,atp11c,-7.5062475,-2.1717772,6.084636855329396e-14,2.698938086769857e-12,0.2191780821917808,0.5319767441860465
Neural Plate Border 2,sptssb,-7.507045,-7.8775954,6.047714238802062e-14,2.686637308729834e-12,0.0045662100456621,0.37790697674418605
Neural Plate Border 2,LOC100489903,-7.541056,-5.7056756,4.6617949733008314e-14,2.090014246388905e-12,0.0136986301369863,0.3866279069767442
Neural Plate Border 2,stk17a,-7.543182,-1.6123506,4.586399425163896e-14,2.065717127842309e-12,0.3150684931506849,0.6482558139534884
Neural Plate Border 2,XB5872520,-7.5474334,-6.9831057,4.439187521322328e-14,2.0024983091940275e-12,0.0045662100456621,0.3808139534883721
Neural Plate Border 2,stard9,-7.5697536,-3.1740654,3.739320930532511e-14,1.6972684801303703e-12,0.0821917808219178,0.4476744186046512
Neural Plate Border 2,serp1,-7.6003113,-2.129817,2.954191632606329e-14,1.3492808689486812e-12,0.1917808219178082,0.5319767441860465
Neural Plate Border 2,mpc1,-7.6133313,-3.2050414,2.671195419993546e-14,1.2276998949973482e-12,0.0776255707762557,0.44476744186046513
Neural Plate Border 2,hycc2,-7.6170516,-2.4103172,2.5953576127810454e-14,1.1984976047267417e-12,0.1506849315068493,0.5
Neural Plate Border 2,baiap2l1,-7.62024,-2.8381822,2.53204236011006e-14,1.171109655512297e-12,0.1232876712328767,0.47093023255813954
Neural Plate Border 2,slc45a3,-7.6255546,-3.0763333,2.429876723146496e-14,1.1256375038715565e-12,0.1141552511415525,0.46511627906976744
Neural Plate Border 2,XB5786944,-7.630337,-2.7178125,2.341401348732636e-14,1.0881002038919505e-12,0.1141552511415525,0.4796511627906977
Neural Plate Border 2,gprc5cl2,-7.6351204,-5.5108232,2.2560966871002035e-14,1.0501267875895868e-12,0.0136986301369863,0.39244186046511625
Neural Plate Border 2,lima1,-7.6500006,-1.3735645,2.00978586683839e-14,9.384672631557983e-13,0.4337899543378995,0.7063953488372093
Neural Plate Border 2,fzd6,-7.669132,-2.169042,1.7316401467712273e-14,8.150977959785788e-13,0.1963470319634703,0.5494186046511628
Neural Plate Border 2,abi1,-7.671789,-1.0816281,1.6961343482423774e-14,8.009645094260571e-13,0.5707762557077626,0.7906976744186046
Neural Plate Border 2,cast,-7.680292,-3.0827782,1.5872608024649183e-14,7.519808835794495e-13,0.1415525114155251,0.47674418604651164
Neural Plate Border 2,arhgap27,-7.706864,-4.8086495,1.2894712491132424e-14,6.138849199157848e-13,0.0228310502283105,0.40406976744186046
Neural Plate Border 2,vsig8,-7.712178,-4.404942,1.2368815364483745e-14,5.898088775191262e-13,0.0365296803652968,0.4127906976744186
Neural Plate Border 2,nedd4l,-7.7270584,-2.6836402,1.1006009788533887e-14,5.28270397583964e-13,0.1141552511415525,0.48546511627906974
Neural Plate Border 2,copg1,-7.728653,-3.2541456,1.0869068534101263e-14,5.225554972373586e-13,0.0776255707762557,0.4476744186046512
Neural Plate Border 2,aftph,-7.734233,-1.6220579,1.0402848654352898e-14,5.017915330286957e-13,0.3105022831050228,0.625
Neural Plate Border 2,b3gnt2,-7.739813,-2.4142113,9.956321607234238e-15,4.810466725637421e-13,0.1415525114155251,0.5145348837209303
Neural Plate Border 2,f11r,-7.7400784,-1.7191161,9.935535546469624e-15,4.80837151587506e-13,0.2831050228310502,0.625
Neural Plate Border 2,eif1,-7.743533,-2.7939904,9.669171784434355e-15,4.702821305005003e-13,0.1050228310502283,0.47674418604651164
Neural Plate Border 2,cyb561,-7.7477846,-1.7909466,9.350971323451618e-15,4.55563737926357e-13,0.2785388127853881,0.5988372093023255
Neural Plate Border 2,dmxl1,-7.7807336,-2.7258334,7.210532345503342e-15,3.536427365627654e-13,0.1506849315068493,0.4941860465116279
Neural Plate Border 2,ftcd,-7.7988024,-7.811129,6.24975640067086e-15,3.070363518453948e-13,0.0045662100456621,0.39244186046511625
Neural Plate Border 2,mfsd1,-7.822185,-1.7577592,5.191413002546919e-15,2.554717061909916e-13,0.2831050228310502,0.6104651162790697
Neural Plate Border 2,srp68,-7.830954,-1.207031,4.84182077376797e-15,2.3907307945610054e-13,0.4931506849315068,0.752906976744186
Neural Plate Border 2,itpr2,-7.840254,-1.0816435,4.496358495238135e-15,2.2276789012594224e-13,0.6164383561643836,0.8662790697674418
Neural Plate Border 2,abcg2,-7.8508825,-3.696916,4.131191237868225e-15,2.0607312469987385e-13,0.0730593607305936,0.4418604651162791
Neural Plate Border 2,tpm1,-7.856463,-1.9493054,3.9513317535446604e-15,1.9743825382540849e-13,0.2374429223744292,0.5959302325581395
Neural Plate Border 2,tmem63c,-7.8673573,-4.8329153,3.622113461106305e-15,1.8160891694956845e-13,0.0228310502283105,0.4127906976744186
Neural Plate Border 2,man2a1,-7.895523,-2.093577,2.8909981782681913e-15,1.4620548053452856e-13,0.2146118721461187,0.5668604651162791
Neural Plate Border 2,plpp3,-7.8960547,-2.8105168,2.878704698847816e-15,1.4583607807975825e-13,0.1232876712328767,0.49127906976744184
Neural Plate Border 2,slain2,-7.898446,-2.1702545,2.8240180302032102e-15,1.433140122237327e-13,0.2009132420091324,0.5552325581395349
Neural Plate Border 2,copa,-7.8997746,-1.5287114,2.7940799154833625e-15,1.420413043643377e-13,0.3561643835616438,0.6569767441860465
Neural Plate Border 2,ufl1,-7.9008374,-4.749323,2.7703546310795937e-15,1.4108055090781813e-13,0.0228310502283105,0.41569767441860467
Neural Plate Border 2,camk2g,-7.903229,-2.393209,2.717695655731298e-15,1.386404218371406e-13,0.1917808219178082,0.5319767441860465
Neural Plate Border 2,sec61g,-7.911732,-1.9387871,2.5383240072592506e-15,1.2994351848720692e-13,0.2465753424657534,0.5843023255813954
Neural Plate Border 2,ikzf2,-7.921032,-4.14757,2.355471352469872e-15,1.216480266855951e-13,0.0410958904109589,0.43023255813953487
Neural Plate Border 2,golph3l,-7.925815,-4.5227623,2.2665481632423974e-15,1.174706903541463e-13,0.0365296803652968,0.42441860465116277
Neural Plate Border 2,rgl3,-7.927409,-2.094163,2.2376482510372838e-15,1.161788561741933e-13,0.2146118721461187,0.563953488372093
Neural Plate Border 2,cant1,-7.9282064,-2.8595774,2.2233346861550274e-15,1.1564109646084984e-13,0.1004566210045662,0.48546511627906974
Neural Plate Border 2,angpt4,-7.9327235,-4.340124,2.1439114768852023e-15,1.1170887055406658e-13,0.0365296803652968,0.42441860465116277
Neural Plate Border 2,tcf7l1,-7.9351153,-1.6061449,2.1030019224379262e-15,1.0977294499068396e-13,0.3835616438356164,0.7296511627906976
Neural Plate Border 2,b4galnt1,-7.945478,-1.9566318,1.934432623831307e-15,1.0115456176603388e-13,0.2465753424657534,0.6046511627906976
Neural Plate Border 2,plec,-7.9553094,-1.0407372,1.7868408890456742e-15,9.37722549868835e-14,0.6301369863013698,0.8343023255813954
Neural Plate Border 2,uba5,-7.9555755,-2.9004161,1.783009871957418e-15,9.373949922155987e-14,0.1050228310502283,0.48546511627906974
Neural Plate Border 2,tjp2,-7.9630156,-1.0054089,1.678965287321552e-15,8.858814858067922e-14,0.6894977168949772,0.9040697674418605
Neural Plate Border 2,tmem184b,-7.969393,-2.573906,1.5945609309204927e-15,8.428681839373765e-14,0.1415525114155251,0.5116279069767442
Neural Plate Border 2,capn9,-7.9704556,-4.2933702,1.5809058030553692e-15,8.371640856723096e-14,0.0502283105022831,0.4331395348837209
Neural Plate Border 2,b3gnt5,-7.976833,-3.9499571,1.5013608495871444e-15,7.979323453505785e-14,0.0502283105022831,0.436046511627907
Neural Plate Border 2,erp44,-7.9805527,-1.509855,1.4567941384179475e-15,7.756566386173958e-14,0.3789954337899543,0.7063953488372093
Neural Plate Border 2,srpra,-7.984804,-2.9073129,1.4074548542121642e-15,7.507538840050323e-14,0.1050228310502283,0.48255813953488375
Neural Plate Border 2,XB990656,-7.993839,-4.2559733,1.3080094914207985e-15,7.00264202265959e-14,0.0410958904109589,0.43023255813953487
Neural Plate Border 2,nfxl1,-7.9975586,-2.430152,1.2691031267830667e-15,6.819329687315409e-14,0.1552511415525114,0.5232558139534884
Neural Plate Border 2,cracr2a,-8.000216,-4.546654,1.2420130461945396e-15,6.698391762603799e-14,0.0319634703196347,0.42441860465116277
Neural Plate Border 2,fam83f,-8.002341,-4.0428286,1.220751808803769e-15,6.595895771375781e-14,0.045662100456621,0.436046511627907
Neural Plate Border 2,hpgd,-8.011376,-4.600713,1.1343210081935922e-15,6.140247664908684e-14,0.0273972602739726,0.42441860465116277
Neural Plate Border 2,tbc1d14,-8.019082,-2.8579655,1.0653857300284827e-15,5.788529790792301e-14,0.1095890410958904,0.49127906976744184
Neural Plate Border 2,flnb,-8.033962,-2.7498014,9.437448726803848e-16,5.146754920395584e-14,0.1643835616438356,0.5087209302325582
Neural Plate Border 2,anxa9,-8.055485,-5.268851,7.9164256406393e-16,4.349718757547507e-14,0.0228310502283105,0.4186046511627907
Neural Plate Border 2,fxyd3,-8.0608,-2.9514287,7.579713849789473e-16,4.188329216317506e-14,0.1004566210045662,0.4883720930232558
Neural Plate Border 2,hivep1,-8.062925,-2.114227,7.449015776129896e-16,4.123904927122216e-14,0.2237442922374429,0.5668604651162791
Neural Plate Border 2,cldn6,-8.073819,-2.788011,6.813255975155612e-16,3.78627919029988e-14,0.1004566210045662,0.502906976744186
Neural Plate Border 2,scn5a,-8.084183,-3.8278348,6.258255883871649e-16,3.484477671265756e-14,0.0684931506849315,0.45348837209302323
Neural Plate Border 2,hdac7,-8.091888,-2.0266316,5.874677255562062e-16,3.2771505888804315e-14,0.2465753424657534,0.5901162790697675
Neural Plate Border 2,atp12al,-8.098531,-4.924787,5.562668378624043e-16,3.120966590701716e-14,0.0228310502283105,0.42441860465116277
Neural Plate Border 2,ccdc125,-8.117131,-3.2080579,4.773317051767155e-16,2.6884167772679325e-14,0.0821917808219178,0.47093023255813954
Neural Plate Border 2,grk6,-8.120054,-3.5583205,4.659750288062864e-16,2.629520476261884e-14,0.0730593607305936,0.4622093023255814
Neural Plate Border 2,XB5992703,-8.130152,-3.9846425,4.2875392391718664e-16,2.4241597582250064e-14,0.045662100456621,0.44476744186046513
Neural Plate Border 2,hivep2,-8.130949,-2.7610452,4.25943448451496e-16,2.412936616605752e-14,0.1324200913242009,0.5058139534883721
Neural Plate Border 2,galnt12,-8.159115,-6.072342,3.3748884631692094e-16,1.9230285510116794e-14,0.0182648401826484,0.4186046511627907
Neural Plate Border 2,tspan3,-8.166289,-2.1044106,3.1802052378479216e-16,1.822756457010443e-14,0.2009132420091324,0.5843023255813954
Neural Plate Border 2,LOC101730864,-8.175855,-5.096152,2.937752160453199e-16,1.687100852695628e-14,0.0273972602739726,0.4273255813953488
Neural Plate Border 2,usp53,-8.205881,-2.6790054,2.289060358789094e-16,1.3223621214973125e-14,0.1324200913242009,0.5145348837209303
Neural Plate Border 2,sec23b,-8.212524,-1.6981591,2.1658685002372547e-16,1.2561607565562539e-14,0.3105022831050228,0.6540697674418605
Neural Plate Border 2,acy3,-8.214118,-3.9657702,2.1372889187094003e-16,1.2470078319919058e-14,0.045662100456621,0.45058139534883723
Neural Plate Border 2,sptbn2,-8.222887,-1.0552858,1.986621313166742e-16,1.1614185521035406e-14,0.639269406392694,0.8488372093023255
Neural Plate Border 2,casd1,-8.223949,-2.971479,1.9690855828521313e-16,1.153473760968951e-14,0.1415525114155251,0.5058139534883721
Neural Plate Border 2,rab25,-8.250787,-5.3629513,1.5735448741072083e-16,9.236202854423254e-15,0.0182648401826484,0.4273255813953488
Neural Plate Border 2,gpa33,-8.253179,-1.9183185,1.5423617543735747e-16,9.071383589958543e-15,0.273972602739726,0.6162790697674418
Neural Plate Border 2,dnajb11,-8.260619,-1.9605495,1.4491923989941674e-16,8.540593349798087e-15,0.2648401826484018,0.6104651162790697
Neural Plate Border 2,nedd4,-8.2643385,-2.7137952,1.4047112290026197e-16,8.295174532318298e-15,0.1232876712328767,0.5232558139534884
Neural Plate Border 2,crtc3,-8.271248,-1.803595,1.3256457359559368e-16,7.844119535977325e-15,0.2968036529680365,0.6540697674418605
Neural Plate Border 2,otogl2,-8.273374,-2.101313,1.3022127928093715e-16,7.721091713308467e-15,0.3698630136986301,0.6511627906976745
Neural Plate Border 2,adipor2,-8.298085,-3.5401208,1.0580305101143391e-16,6.3505728626595984e-15,0.0730593607305936,0.4680232558139535
Neural Plate Border 2,slc16a12,-8.316685,-1.1593976,9.045765915391057e-17,5.440674557053416e-15,0.5844748858447488,0.8284883720930233
Neural Plate Border 2,gopc,-8.320671,-2.2698216,8.746681349432327e-17,5.271633866500131e-15,0.1917808219178082,0.5697674418604651
Neural Plate Border 2,vill,-8.326251,-4.1775203,8.344282763568754e-17,5.0604093249352336e-15,0.045662100456621,0.45058139534883723
Neural Plate Border 2,dennd3,-8.332362,-2.3876696,7.92449112007626e-17,4.825849998561441e-15,0.1598173515981735,0.5523255813953488
Neural Plate Border 2,nipal3,-8.401449,-3.6757581,4.4100296292370607e-17,2.7025068363150635e-15,0.0776255707762557,0.47093023255813954
Neural Plate Border 2,ccdc186,-8.410483,-2.2644684,4.083246410662029e-17,2.5234117511640962e-15,0.2054794520547945,0.5668604651162791
Neural Plate Border 2,stk24,-8.417923,-2.8257003,3.832161985605416e-17,2.378299936331888e-15,0.1232876712328767,0.5145348837209303
Neural Plate Border 2,hexdl,-8.424832,-5.4160156,3.6126806900019195e-17,2.2516475319711325e-15,0.0228310502283105,0.436046511627907
Neural Plate Border 2,entpd4,-8.4338665,-1.7155178,3.344283685324824e-17,2.093292428388221e-15,0.3333333333333333,0.686046511627907
Neural Plate Border 2,herpud1,-8.446621,-2.2148457,2.9985553128646726e-17,1.8809178186769795e-15,0.2054794520547945,0.5726744186046512
Neural Plate Border 2,slc25a1,-8.463627,-2.4498985,2.591883808080345e-17,1.6293194751397107e-15,0.182648401826484,0.5581395348837209
Neural Plate Border 2,syt16,-8.465221,-5.5204077,2.556672630015014e-17,1.6106486562062258e-15,0.0182648401826484,0.436046511627907
Neural Plate Border 2,LOC100488554,-8.506939,-2.9209852,1.7858590566108658e-17,1.1348357844302656e-15,0.1095890410958904,0.5203488372093024
Neural Plate Border 2,LOC100487159,-8.523413,-3.090681,1.549189422996217e-17,9.865872772026671e-16,0.1004566210045662,0.502906976744186
Neural Plate Border 2,ssr2,-8.526336,-1.2656277,1.5105601601923145e-17,9.640869878292914e-16,0.5342465753424658,0.813953488372093
Neural Plate Border 2,acp3,-8.551313,-7.5767617,1.2169561358840806e-17,7.852725123184892e-16,0.0045662100456621,0.43023255813953487
Neural Plate Border 2,myo6,-8.556096,-2.0795913,1.1675369190663267e-17,7.567244275216806e-16,0.2511415525114155,0.622093023255814
Neural Plate Border 2,lsr,-8.557691,-1.5934546,1.151508129756687e-17,7.479940920203937e-16,0.3698630136986301,0.747093023255814
Neural Plate Border 2,tef,-8.584263,-1.6633768,9.142107218548744e-18,5.978365460970881e-16,0.3698630136986301,0.6976744186046512
Neural Plate Border 2,rnf31,-8.590108,-2.893229,8.688746457299731e-18,5.707432532434347e-16,0.1141552511415525,0.5232558139534884
Neural Plate Border 2,magi3,-8.592234,-1.6094908,8.529450630185129e-18,5.628089647199583e-16,0.4155251141552511,0.7034883720930233
Neural Plate Border 2,rab1a,-8.620134,-1.5743421,6.68756595751239e-18,4.463110513790974e-16,0.410958904109589,0.7238372093023255
Neural Plate Border 2,galnt6.3,-8.623589,-4.44481,6.488794316920726e-18,4.34036491253798e-16,0.0502283105022831,0.4622093023255814
Neural Plate Border 2,rreb1,-8.627309,-1.1788837,6.281251880196083e-18,4.211176002523204e-16,0.6255707762557078,0.8197674418604651
Neural Plate Border 2,sptlc3,-8.635546,-2.3507338,5.844727222051134e-18,3.9275223316730273e-16,0.2374429223744292,0.5959302325581395
Neural Plate Border 2,ahnak,-8.657069,-1.0586745,4.8404991210640914e-18,3.2828916428729573e-16,0.6986301369863014,0.8953488372093024
Neural Plate Border 2,tab2,-8.675669,-1.5819203,4.111257686356648e-18,2.8078545193899807e-16,0.4063926940639269,0.7325581395348837
Neural Plate Border 2,pard6b,-8.685766,-3.9127302,3.761972321335653e-18,2.581366500585974e-16,0.0547945205479452,0.47674418604651164
Neural Plate Border 2,avpr2,-8.691612,-3.491958,3.5733200485568904e-18,2.4576874903380344e-16,0.0958904109589041,0.49709302325581395
Neural Plate Border 2,tspan13,-8.700646,-5.3129025,3.2999848133351895e-18,2.280422129517752e-16,0.0228310502283105,0.45058139534883723
Neural Plate Border 2,ncoa2,-8.709415,-1.1599128,3.0544635955434165e-18,2.1157588948182373e-16,0.5844748858447488,0.8343023255813954
Neural Plate Border 2,hspa5,-8.71287,-2.979612,2.9627745059447093e-18,2.0571226029280237e-16,0.1141552511415525,0.5261627906976745
Neural Plate Border 2,rab15,-8.729344,-4.457155,2.561538858990112e-18,1.787024877974701e-16,0.0365296803652968,0.46511627906976744
Neural Plate Border 2,dhfr,-8.74635,-5.796482,2.2036495822406734e-18,1.5484346379441616e-16,0.0136986301369863,0.4476744186046512
Neural Plate Border 2,rab27a,-8.766544,-4.0049677,1.8423335888332187e-18,1.3071177945432964e-16,0.0593607305936073,0.48255813953488375
Neural Plate Border 2,LOC549052,-8.771062,-6.4076967,1.7698947816612775e-18,1.261848642993678e-16,0.0091324200913242,0.44476744186046513
Neural Plate Border 2,gch1,-8.786739,-3.6542218,1.5396394603648385e-18,1.1003716642035352e-16,0.1141552511415525,0.5058139534883721
Neural Plate Border 2,LOC100488346,-8.797633,-1.0212421,1.3973165756087828e-18,1.0035616909489025e-16,0.7031963470319634,0.8866279069767442
Neural Plate Border 2,rhpn2,-8.797899,-4.5714717,1.3940127778612448e-18,1.0035616909489025e-16,0.0319634703196347,0.4680232558139535
Neural Plate Border 2,pick1,-8.810388,-3.5196247,1.2471363485741177e-18,9.044940726534121e-17,0.0730593607305936,0.49709302325581395
Neural Plate Border 2,capn1,-8.846791,-3.2350504,9.00717823104323e-19,6.598717465454252e-17,0.0958904109589041,0.5174418604651163
Neural Plate Border 2,aldh1l1,-8.861405,-5.0514827,7.901187972559858e-19,5.817622811735446e-17,0.0273972602739726,0.4622093023255814
Neural Plate Border 2,pih1d1,-8.86486,-2.0509708,7.660035286810393e-19,5.654305340120065e-17,0.4155251141552511,0.7005813953488372
Neural Plate Border 2,cnfn,-8.868049,-5.086191,7.443892813870776e-19,5.508669135247004e-17,0.0228310502283105,0.4622093023255814
Neural Plate Border 2,gmds,-8.8723,-3.025282,7.165048117869292e-19,5.3428959574856446e-17,0.1461187214611872,0.5348837209302325
Neural Plate Border 2,itfg1,-8.904186,-2.6359708,5.377920172984404e-19,4.0308201173463364e-17,0.1598173515981735,0.5552325581395349
Neural Plate Border 2,atp13a2,-8.905781,-3.163316,5.301181321671289e-19,3.983517511922197e-17,0.1004566210045662,0.5232558139534884
Neural Plate Border 2,wasl,-8.92066,-1.8227373,4.635154938200381e-19,3.5101091709465114e-17,0.3424657534246575,0.6686046511627907
Neural Plate Border 2,acly,-8.925975,-3.896918,4.4179092910419915e-19,3.3542832853622974e-17,0.0684931506849315,0.49127906976744184
Neural Plate Border 2,hal,-8.928101,-2.5782561,4.333855391400413e-19,3.29903455588608e-17,0.1735159817351598,0.5755813953488372
Neural Plate Border 2,anxa2,-8.934478,-2.4904225,4.0910580593356516e-19,3.12234250998539e-17,0.1780821917808219,0.5872093023255814
Neural Plate Border 2,cab39l,-8.936337,-4.055628,4.0228086871517186e-19,3.086370622943094e-17,0.0547945205479452,0.48546511627906974
Neural Plate Border 2,fhod1,-8.950686,-2.586821,3.5327821698294514e-19,2.717546200165387e-17,0.1643835616438356,0.5726744186046512
Neural Plate Border 2,prr5,-8.950953,-2.9896605,3.5242876668622167e-19,2.717546200165387e-17,0.1141552511415525,0.5319767441860465
Neural Plate Border 2,elovl1,-8.98709,-2.8013241,2.538631594135704e-19,1.973583514047361e-17,0.1324200913242009,0.5581395348837209
Neural Plate Border 2,efna4,-8.997187,-2.0471933,2.3157475787265877e-19,1.8051097993001835e-17,0.2602739726027397,0.6773255813953488
Neural Plate Border 2,ugcg,-9.000376,-3.6888118,2.249466103761451e-19,1.758132183931844e-17,0.0684931506849315,0.5
Neural Plate Border 2,marveld2,-9.012067,-3.00304,2.022082967658805e-19,1.5846516683011938e-17,0.1050228310502283,0.5406976744186046
Neural Plate Border 2,ap1g1,-9.053519,-2.0380757,1.3843335834780392e-19,1.0996047548545263e-17,0.2785388127853881,0.6395348837209303
Neural Plate Border 2,crybg1,-9.066539,-2.634872,1.22857124484673e-19,9.812121873801848e-18,0.2100456621004566,0.5843023255813954
Neural Plate Border 2,rab3d,-9.068931,-4.3723354,1.2019066174910744e-19,9.625460913940163e-18,0.0365296803652968,0.4883720930232558
Neural Plate Border 2,numb,-9.089126,-1.7588414,9.983905448478556e-20,8.061865750399907e-18,0.3972602739726027,0.7034883720930233
Neural Plate Border 2,pdia6,-9.096034,-2.5632458,9.369075681585416e-20,7.586355990261033e-18,0.1643835616438356,0.5813953488372093
Neural Plate Border 2,slc35d2,-9.097894,-4.179577,9.210039159686577e-20,7.499126871220008e-18,0.045662100456621,0.49127906976744184
Neural Plate Border 2,cat1,-9.09816,-6.0678663,9.187538542646826e-20,7.499126871220008e-18,0.0136986301369863,0.46511627906976744
Neural Plate Border 2,rasef2,-9.105068,-3.0078635,8.621218674099706e-20,7.078843906253049e-18,0.1232876712328767,0.5436046511627907
Neural Plate Border 2,tbc1d30,-9.130046,-4.17996,6.847037909369476e-20,5.653835173129354e-18,0.045662100456621,0.4941860465116279
Neural Plate Border 2,gfod1,-9.164589,-4.4688473,4.973615651270573e-20,4.130220429042333e-18,0.0410958904109589,0.4883720930232558
Neural Plate Border 2,mst1,-9.16884,-2.7427099,4.781343807243976e-20,3.981864980898823e-18,0.1643835616438356,0.5813953488372093
Neural Plate Border 2,ssr1,-9.16884,-1.5771384,4.781343807243976e-20,3.981864980898823e-18,0.4292237442922374,0.7558139534883721
Neural Plate Border 2,lrrfip1,-9.169372,-3.6340723,4.7578324761152586e-20,3.981864980898823e-18,0.0730593607305936,0.5116279069767442
Neural Plate Border 2,flvcr2,-9.175218,-2.2227006,4.5066314853677163e-20,3.78544094680413e-18,0.2420091324200913,0.6337209302325582
Neural Plate Border 2,sgms1,-9.207635,-2.3099153,3.3338868554458395e-20,2.8247201933778936e-18,0.2557077625570776,0.622093023255814
Neural Plate Border 2,nos2,-9.221187,-5.5845118,2.9382996904285167e-20,2.5040652551287457e-18,0.0182648401826484,0.4738372093023256
Neural Plate Border 2,nectin4,-9.224641,-3.2949185,2.845121948333111e-20,2.431747358822373e-18,0.0867579908675799,0.5348837209302325
Neural Plate Border 2,erlec1,-9.29107,-2.2961757,1.527444112199058e-20,1.3248877995160435e-18,0.2328767123287671,0.6308139534883721
Neural Plate Border 2,pdia4,-9.291602,-3.2653205,1.5198355588453213e-20,1.3222117029942735e-18,0.1050228310502283,0.5348837209302325
Neural Plate Border 2,tmed10l,-9.302231,-4.559344,1.3752972453313722e-20,1.2000392172621296e-18,0.0365296803652968,0.4941860465116279
Neural Plate Border 2,pdxdc1,-9.329865,-3.9961567,1.0600573778092132e-20,9.27740635052129e-19,0.0730593607305936,0.5116279069767442
Neural Plate Border 2,luzp1,-9.334117,-1.1967075,1.0183693020716352e-20,8.984277811272383e-19,0.6255707762557078,0.8808139534883721
Neural Plate Border 2,epb41l5,-9.337305,-2.190537,9.881710993273244e-21,8.753099819526369e-19,0.2511415525114155,0.6453488372093024
Neural Plate Border 2,b3gnt3.2,-9.366534,-4.408611,7.495340767894322e-21,6.679765426412163e-19,0.0410958904109589,0.502906976744186
Neural Plate Border 2,trip11,-9.366534,-1.1236092,7.495340767894322e-21,6.679765426412163e-19,0.6484018264840182,0.877906976744186
Neural Plate Border 2,perp,-9.375568,-2.1112273,6.880398801321796e-21,6.169353906792559e-19,0.2876712328767123,0.6976744186046512
Neural Plate Border 2,degs3,-9.42446,-4.700609,4.323224764421092e-21,3.8883748642705517e-19,0.0410958904109589,0.49709302325581395
Neural Plate Border 2,gad1.2,-9.43562,-5.573116,3.8868650265296925e-21,3.5066960367435013e-19,0.0228310502283105,0.48546511627906974
Neural Plate Border 2,XB5897453,-9.440404,-2.9776883,3.7134663695343614e-21,3.360629580429069e-19,0.182648401826484,0.5872093023255814
Neural Plate Border 2,lgalsl,-9.486373,-2.8202598,2.3921385098321568e-21,2.171571452823099e-19,0.1735159817351598,0.5843023255813954
Neural Plate Border 2,nectin3,-9.487435,-3.8051767,2.3678792629649803e-21,2.1562454434806646e-19,0.0821917808219178,0.5261627906976745
Neural Plate Border 2,arfgef2,-9.50577,-1.9730608,1.9857353923814983e-21,1.8195934562603002e-19,0.3424657534246575,0.688953488372093
Neural Plate Border 2,sipa1l3,-9.52065,-1.8377649,1.7209901608296596e-21,1.5869483719625165e-19,0.3470319634703196,0.7383720930232558
Neural Plate Border 2,osbpl1a,-9.5280905,-4.248502,1.6020320722212572e-21,1.4866349048603037e-19,0.0547945205479452,0.5116279069767442
Neural Plate Border 2,sgsm3,-9.531279,-4.6444516,1.5535751793542271e-21,1.4462597473790895e-19,0.045662100456621,0.5058139534883721
Neural Plate Border 2,tm9sf3,-9.537656,-1.3503053,1.4609700066285953e-21,1.3643966218453824e-19,0.5616438356164384,0.8691860465116279
Neural Plate Border 2,krt12.3,-9.542173,-2.0296278,1.3987001373486793e-21,1.3104296062448474e-19,0.3744292237442922,0.6947674418604651
Neural Plate Border 2,elapor1,-9.549082,-4.0084987,1.3085076215125471e-21,1.2298709416216483e-19,0.0730593607305936,0.5261627906976745
Neural Plate Border 2,b3galt2l.12,-9.552536,-4.8981586,1.2655939292987515e-21,1.1933734241074776e-19,0.0319634703196347,0.5
Neural Plate Border 2,hsp90b1,-9.569542,-2.1225917,1.0738020465376203e-21,1.019100896829259e-19,0.2876712328767123,0.6686046511627907
Neural Plate Border 2,sh3d21,-9.593456,-4.041234,8.518235188303788e-22,8.137141594421832e-20,0.0547945205479452,0.5232558139534884
Neural Plate Border 2,gnb5,-9.671046,-4.977278,4.002654990797583e-22,3.8487371064475045e-20,0.0319634703196347,0.5058139534883721
Neural Plate Border 2,hyou1,-9.685926,-2.7498713,3.460572865369375e-22,3.3495366035633184e-20,0.1598173515981735,0.6075581395348837
Neural Plate Border 2,mob2.2,-9.704792,-3.1996403,2.8766191273688955e-22,2.793569890768112e-20,0.1095890410958904,0.5726744186046512
Neural Plate Border 2,mansc1,-9.708246,-2.7461543,2.780796860372668e-22,2.718577693162323e-20,0.1598173515981735,0.622093023255814
Neural Plate Border 2,gcc2,-9.722064,-1.9189363,2.4280943725797607e-22,2.3879570370422517e-20,0.3607305936073059,0.7063953488372093
Neural Plate Border 2,copb2,-9.724721,-2.3371,2.365530306371253e-22,2.343959877475868e-20,0.2237442922374429,0.6540697674418605
Neural Plate Border 2,slc38a10,-9.7693615,-2.285296,1.5240956157473887e-22,1.5205064485976764e-20,0.2374429223744292,0.6686046511627907
Neural Plate Border 2,osbpl8,-9.780256,-2.249401,1.3686407479542383e-22,1.3700937569674774e-20,0.2557077625570776,0.6715116279069767
Neural Plate Border 2,zbtb7b,-9.800716,-3.6455908,1.117902513535693e-22,1.126807185281443e-20,0.0867579908675799,0.5465116279069767
Neural Plate Border 2,b4galt3l2,-9.808156,-1.9003779,1.038486664381693e-22,1.0503807503993518e-20,0.3835616438356164,0.7441860465116279
Neural Plate Border 2,pfkp,-9.812939,-3.801702,9.904099411338993e-23,1.0052317010168406e-20,0.0958904109589041,0.5465116279069767
Neural Plate Border 2,gfpt1,-9.8241,-2.102275,8.866309531389509e-23,9.030351704252499e-21,0.3698630136986301,0.7093023255813954
Neural Plate Border 2,stk10,-9.83898,-2.8778775,7.64827391632383e-23,7.84444543326533e-21,0.1598173515981735,0.5988372093023255
Neural Plate Border 2,cers2,-9.863425,-2.9414668,5.996792620839765e-23,6.216037060275432e-21,0.1598173515981735,0.5930232558139535
Neural Plate Border 2,slc6a9,-9.866082,-2.6568408,5.840102325531848e-23,6.075161248313931e-21,0.1872146118721461,0.6395348837209303
Neural Plate Border 2,cert1,-9.883354,-3.2463443,4.915930188938987e-23,5.187637377360128e-21,0.1187214611872146,0.5784883720930233
Neural Plate Border 2,stx3,-9.905409,-3.1079595,3.943542345053817e-23,4.207068842637523e-21,0.1278538812785388,0.5872093023255814
Neural Plate Border 2,atp10d,-9.906737,-1.6951478,3.8914693190685415e-23,4.166723064677383e-21,0.4200913242009132,0.7819767441860465
Neural Plate Border 2,golm1,-9.906737,-4.83765,3.8914693190685415e-23,4.166723064677383e-21,0.0365296803652968,0.5203488372093024
Neural Plate Border 2,mprip,-9.92082,-1.3753744,3.3796693776053105e-23,3.645428619069403e-21,0.5707762557077626,0.8517441860465116
Neural Plate Border 2,anxa11,-9.939421,-4.765198,2.804537532644873e-23,3.0362754302497144e-21,0.0502283105022831,0.5261627906976745
Neural Plate Border 2,LOC100486361,-9.955363,-4.516432,2.3894785200533466e-23,2.5965370490587127e-21,0.0547945205479452,0.5290697674418605
Neural Plate Border 2,spint1,-9.955363,-2.1991045,2.3894785200533466e-23,2.5965370490587127e-21,0.2602739726027397,0.7209302325581395
Neural Plate Border 2,tram1,-9.964398,-2.0320764,2.1819175026773158e-23,2.3887502067700606e-21,0.3287671232876712,0.6976744186046512
Neural Plate Border 2,slc10a7,-9.969181,-2.2283545,2.0793661990909596e-23,2.2850358408130767e-21,0.273972602739726,0.6802325581395349
Neural Plate Border 2,dtna,-9.977684,-4.4150376,1.90870172943509e-23,2.1054060472874384e-21,0.0502283105022831,0.5348837209302325
Neural Plate Border 2,galnt7,-10.010101,-1.4023917,1.3761150982357836e-23,1.5236825922928104e-21,0.589041095890411,0.8284883720930233
Neural Plate Border 2,elovl3,-10.011961,-4.2973924,1.3504817667444107e-23,1.5009860275173333e-21,0.0639269406392694,0.5377906976744186
Neural Plate Border 2,slc41a2,-10.016479,-3.3846753,1.290181261198313e-23,1.439438490308698e-21,0.1050228310502283,0.5697674418604651
Neural Plate Border 2,uso1,-10.021527,-2.2455099,1.2259378806103629e-23,1.3767002499366351e-21,0.2648401826484018,0.6773255813953488
Neural Plate Border 2,trim29,-10.022856,-2.8003266,1.2095649786682369e-23,1.3651271772761093e-21,0.2054794520547945,0.6162790697674418
Neural Plate Border 2,st14,-10.026576,-2.0646684,1.1648640277616953e-23,1.324908186595413e-21,0.3013698630136986,0.7325581395348837
Neural Plate Border 2,phldb3,-10.040393,-6.4120436,1.012697627412378e-23,1.1700460216162539e-21,0.0136986301369863,0.5116279069767442
Neural Plate Border 2,stt3a,-10.073342,-2.5678153,7.24727228331736e-24,8.47380064454599e-22,0.2054794520547945,0.6395348837209303
Neural Plate Border 2,camk1,-10.0852995,-2.6885898,6.416930511598214e-24,7.533064087732024e-22,0.2100456621004566,0.6366279069767442
Neural Plate Border 2,ap3b1,-10.114794,-2.9256341,4.750155047029298e-24,5.690646810643992e-22,0.1689497716894977,0.6104651162790697
Neural Plate Border 2,cpne1,-10.116654,-2.9861174,4.660773195239472e-24,5.606545731277573e-22,0.1461187214611872,0.6075581395348837
Neural Plate Border 2,sp7,-10.125689,-2.0579352,4.2497781620957625e-24,5.154575330133661e-22,0.365296803652968,0.7761627906976745
Neural Plate Border 2,tm9sf2,-10.13924,-2.6148524,3.699668793749533e-24,4.524896171970403e-22,0.2328767123287671,0.6482558139534884
Neural Plate Border 2,ssr3,-10.171658,-2.3313682,2.6535435307374683e-24,3.2866835147028364e-22,0.2374429223744292,0.686046511627907
Neural Plate Border 2,KIAA0232,-10.183349,-1.4690326,2.353203169457157e-24,2.9270843338894535e-22,0.5616438356164384,0.8546511627906976
Neural Plate Border 2,anxa4,-10.20248,-3.0099986,1.9327189286429183e-24,2.4143293591094507e-22,0.1598173515981735,0.6191860465116279
Neural Plate Border 2,clint1,-10.204606,-3.2923477,1.890862755624041e-24,2.372180652774521e-22,0.1415525114155251,0.5930232558139535
Neural Plate Border 2,p4hb,-10.219486,-1.7588369,1.6219770702670982e-24,2.052468040734959e-22,0.410958904109589,0.7790697674418605
Neural Plate Border 2,adgrf1,-10.222675,-5.375018,1.5694865796841633e-24,1.994680965684686e-22,0.0228310502283105,0.5290697674418605
Neural Plate Border 2,ezr,-10.262533,-5.6485233,1.0394404483465419e-24,1.3384970813047472e-22,0.0228310502283105,0.5261627906976745
Neural Plate Border 2,fastkd3,-10.284853,-1.3433019,8.246781480646787e-25,1.0666445551362221e-22,0.6164383561643836,0.8924418604651163
Neural Plate Border 2,gramd4,-10.286979,-2.5191667,8.066784122572952e-25,1.0480007408307998e-22,0.2191780821917808,0.6802325581395349
Neural Plate Border 2,sytl5,-10.28751,-4.6705275,8.022396409278781e-25,1.0468869171411966e-22,0.0410958904109589,0.5465116279069767
Neural Plate Border 2,sptlc2,-10.289636,-3.3214765,7.847252636101856e-25,1.028623505856024e-22,0.136986301369863,0.5930232558139535
Neural Plate Border 2,cldn7,-10.342248,-1.9920338,4.5376646527303705e-25,6.001831468957532e-23,0.3333333333333333,0.7645348837209303
Neural Plate Border 2,trpv5,-10.349954,-4.80591,4.186880708964863e-25,5.563032272897815e-23,0.0365296803652968,0.5436046511627907
Neural Plate Border 2,sec61a1,-10.355002,-1.4325514,3.971767507818313e-25,5.30131214707932e-23,0.5616438356164384,0.8691860465116279
Neural Plate Border 2,LOC100495222,-10.371211,-3.3389032,3.3524852569142007e-25,4.5159675827123964e-23,0.1095890410958904,0.6017441860465116
Neural Plate Border 2,chpf,-10.37626,-2.147432,3.1799032799621635e-25,4.303321887804352e-23,0.3059360730593607,0.7180232558139535
Neural Plate Border 2,magi1,-10.410272,-1.5090619,2.2258580038574623e-25,3.0546504840731214e-23,0.5342465753424658,0.813953488372093
Neural Plate Border 2,dsc3,-10.433655,-3.9701676,1.7406181895963228e-25,2.400000485853307e-23,0.0821917808219178,0.5755813953488372
Neural Plate Border 2,cd9,-10.441627,-3.2695081,1.6004521422312896e-25,2.2171950980835465e-23,0.136986301369863,0.6104651162790697
Neural Plate Border 2,LOC100486856,-10.448269,-5.5587373,1.492236893348719e-25,2.0771226966417335e-23,0.0273972602739726,0.5377906976744186
Neural Plate Border 2,elovl7,-10.484141,-4.1685348,1.0216988774402339e-25,1.435830763771898e-23,0.0776255707762557,0.5697674418604651
Neural Plate Border 2,tat,-10.488924,-4.4881296,9.712829014146078e-26,1.3754356711789102e-23,0.045662100456621,0.5581395348837209
Neural Plate Border 2,gal3st4,-10.489455,-4.6766853,9.658356405246754e-26,1.3754356711789102e-23,0.0502283105022831,0.5552325581395349
Neural Plate Border 2,wdfy3,-10.526921,-1.6092155,6.492311814076537e-26,9.34860919395425e-24,0.4931506849315068,0.811046511627907
Neural Plate Border 2,kitlg,-10.539942,-2.7744524,5.65339989721562e-26,8.180917445322266e-24,0.2374429223744292,0.6627906976744186
Neural Plate Border 2,sec24d,-10.544724,-4.0987864,5.373009652223596e-26,7.813852992246167e-24,0.0776255707762557,0.5755813953488372
Neural Plate Border 2,atp1b2,-10.545788,-4.213123,5.312597708937298e-26,7.764627181497307e-24,0.0639269406392694,0.5697674418604651
Neural Plate Border 2,arfip2,-10.54871,-2.6748557,5.1499145695788824e-26,7.564681044389965e-24,0.2009132420091324,0.6540697674418605
Neural Plate Border 2,egfr,-10.604776,-1.896298,2.8313981759179275e-26,4.222683677564129e-24,0.4429223744292237,0.8168604651162791
Neural Plate Border 2,grhl1,-10.606105,-2.6299412,2.791439076205059e-26,4.184438750592312e-24,0.2374429223744292,0.6773255813953488
Neural Plate Border 2,ica1,-10.622048,-3.5727434,2.3533977481555214e-26,3.582925498767398e-24,0.1004566210045662,0.6017441860465116
Neural Plate Border 2,parm1,-10.629223,-3.969794,2.1792138658881368e-26,3.3351099745432524e-24,0.0867579908675799,0.5813953488372093
Neural Plate Border 2,sema3f,-10.632411,-1.9731337,2.1059608972614308e-26,3.257108094595179e-24,0.4018264840182648,0.8197674418604651
Neural Plate Border 2,spata13,-10.651011,-3.961878,1.7248076111185054e-26,2.7106371656239266e-24,0.0684931506849315,0.5813953488372093
Neural Plate Border 2,elf1,-10.685023,-2.6924386,1.1961911014335905e-26,1.910702846229797e-24,0.2100456621004566,0.6802325581395349
Neural Plate Border 2,LOC105947373,-10.693526,-4.7109838,1.0914094255214601e-26,1.762596072785514e-24,0.0410958904109589,0.5668604651162791
Neural Plate Border 2,astl2c,-10.706015,-4.0842414,9.53797319433499e-27,1.548913858020034e-24,0.0730593607305936,0.5843023255813954
Neural Plate Border 2,sacm1l,-10.707078,-2.7974553,9.429129119109831e-27,1.5442172484875122e-24,0.182648401826484,0.6598837209302325
Neural Plate Border 2,golga2,-10.720364,-1.6625836,8.168157369278101e-27,1.3722034946055643e-24,0.4748858447488584,0.8401162790697675
Neural Plate Border 2,evpl,-10.729133,-3.5547168,7.429047054023646e-27,1.2625492699777047e-24,0.1324200913242009,0.6133720930232558
Neural Plate Border 2,plcd3,-10.745075,-2.7185292,6.2510872420534425e-27,1.0685703577337086e-24,0.1963470319634703,0.6802325581395349
Neural Plate Border 2,ano5,-10.745606,-2.6970742,6.2151901905323885e-27,1.0685703577337086e-24,0.2054794520547945,0.688953488372093
Neural Plate Border 2,sec24c,-10.808847,-1.6175432,3.125723400943353e-27,5.438572662677092e-25,0.4977168949771689,0.875
Neural Plate Border 2,cnn2,-10.827979,-1.8866724,2.536923895236455e-27,4.440528286326755e-25,0.4155251141552511,0.7616279069767442
Neural Plate Border 2,krt7,-10.84897,-2.0981781,2.0168351499048874e-27,3.5514523052331184e-25,0.4292237442922374,0.7761627906976745
Neural Plate Border 2,slc39a11,-10.910883,-2.3517663,1.0225831616579337e-27,1.811583539298367e-25,0.2785388127853881,0.7151162790697675
Neural Plate Border 2,itprid1,-10.915134,-4.3183503,9.758486684909981e-28,1.7393312456500223e-25,0.0684931506849315,0.5843023255813954
Neural Plate Border 2,golgb1,-10.96934,-1.2772379,5.366223875676594e-28,9.742862739745499e-26,0.680365296803653,0.9098837209302325
Neural Plate Border 2,usp54,-10.978907,-2.209935,4.82731395918045e-28,8.87466756860401e-26,0.3561643835616438,0.7558139534883721
Neural Plate Border 2,prkcd,-10.983689,-2.3232305,4.578351579888491e-28,8.470240191881043e-26,0.2968036529680365,0.7412790697674418
Neural Plate Border 2,znf750,-11.010527,-3.8005517,3.4000940834148807e-28,6.371035266173101e-26,0.1004566210045662,0.6133720930232558
Neural Plate Border 2,syt8,-11.025938,-3.746635,2.8651419495296477e-28,5.438374306928645e-26,0.1004566210045662,0.6133720930232558
Neural Plate Border 2,fa2h,-11.028861,-5.3895183,2.773541852213346e-28,5.298915155689434e-26,0.0365296803652968,0.5697674418604651
Neural Plate Border 2,osbpl2,-11.043741,-3.9089787,2.3503778989739496e-28,4.54992691158328e-26,0.1141552511415525,0.6104651162790697
Neural Plate Border 2,LOC100497338,-11.04693,-4.308743,2.2683954926017974e-28,4.420497909616209e-26,0.0776255707762557,0.5959302325581395
Neural Plate Border 2,ag1,-11.049056,-3.1469018,2.215323030060812e-28,4.346047482664939e-26,0.1598173515981735,0.6540697674418605
Neural Plate Border 2,gbf1,-11.05809,-3.1531692,2.0031711557330882e-28,3.9563983819752635e-26,0.1689497716894977,0.6482558139534884
Neural Plate Border 2,map7,-11.09901,-4.3827415,1.2684000639460132e-28,2.539493306109994e-26,0.0730593607305936,0.5930232558139535
Neural Plate Border 2,slc39a5,-11.100871,-3.6342845,1.242276069800987e-28,2.5043428825070796e-26,0.091324200913242,0.625
Neural Plate Border 2,smap1,-11.103262,-3.0945556,1.209471024479495e-28,2.455142188650008e-26,0.1917808219178082,0.6569767441860465
Neural Plate Border 2,cd2ap,-11.121331,-2.2618692,9.878709763350527e-29,2.0193326230244702e-26,0.3150684931506849,0.7732558139534884
Neural Plate Border 2,xbp1,-11.151623,-2.7308505,7.031221604781773e-29,1.447391822037859e-26,0.2100456621004566,0.6976744186046512
Neural Plate Border 2,fam3b,-11.172349,-4.3288536,5.568855575262034e-29,1.1544909029821597e-26,0.0684931506849315,0.5988372093023255
Neural Plate Border 2,nipal4,-11.187229,-3.814997,4.709218372249926e-29,9.83251158851697e-27,0.0821917808219178,0.622093023255814
Neural Plate Border 2,muc4,-11.219115,-2.760581,3.2854192172828e-29,6.959136894231414e-27,0.2968036529680365,0.7122093023255814
Neural Plate Border 2,LOC101733293,-11.250469,-4.615459,2.3036230355176095e-29,4.9151244489938136e-27,0.0593607305936073,0.5959302325581395
Neural Plate Border 2,esyt2,-11.277573,-2.4768567,1.6935431343999046e-29,3.6669599527143415e-27,0.2602739726027397,0.7383720930232558
Neural Plate Border 2,sytl2,-11.282355,-3.01892,1.603925717043225e-29,3.4988322861858596e-27,0.2328767123287671,0.686046511627907
Neural Plate Border 2,ppl,-11.304145,-3.473128,1.2516809476007592e-29,2.7718095287361967e-27,0.1415525114155251,0.6482558139534884
Neural Plate Border 2,LOC100496743,-11.320619,-2.4958127,1.037368786864755e-29,2.3325636160648967e-27,0.2511415525114155,0.7383720930232558
Neural Plate Border 2,mst1rl,-11.324073,-2.1242957,9.972796374554523e-30,2.2598047350744437e-27,0.3835616438356164,0.8401162790697675
Neural Plate Border 2,cdh1,-11.336031,-2.0715735,8.700190524791152e-30,1.9868380408607044e-27,0.4018264840182648,0.7965116279069767
Neural Plate Border 2,upk3a,-11.3490505,-3.5083597,7.497222860182776e-30,1.7256009561102576e-27,0.1095890410958904,0.6482558139534884
Neural Plate Border 2,krt18,-11.371371,-1.9564025,5.806827971349668e-30,1.3579151074441771e-27,0.4383561643835616,0.8343023255813954
Neural Plate Border 2,atp10b,-11.3806715,-2.2833633,5.219653018430158e-30,1.2304490111429997e-27,0.3287671232876712,0.7790697674418605
Neural Plate Border 2,rabgap1l,-11.389174,-3.1506891,4.734564321479189e-30,1.125171135619172e-27,0.1643835616438356,0.6686046511627907
Neural Plate Border 2,kifc3,-11.468889,-3.7511446,1.8907062814713276e-30,4.5675401085692875e-28,0.0867579908675799,0.6453488372093024
Neural Plate Border 2,gadd45a,-11.469952,-3.4307027,1.867627013975176e-30,4.549383770459031e-28,0.1232876712328767,0.6511627906976745
Neural Plate Border 2,anxa7,-11.486161,-2.3391113,1.54841553074638e-30,3.8357402016311387e-28,0.3013698630136986,0.752906976744186
Neural Plate Border 2,hdlbp,-11.488552,-1.303151,1.506148195811345e-30,3.762924607842857e-28,0.6621004566210046,0.8982558139534884
Neural Plate Border 2,fam174b,-11.491741,-2.9106588,1.45156822627277e-30,3.6578267950154606e-28,0.2054794520547945,0.688953488372093
Neural Plate Border 2,esrp1,-11.496524,-2.2192256,1.3733582954543964e-30,3.4908379421241267e-28,0.3881278538812785,0.7848837209302325
Neural Plate Border 2,grhl3,-11.507153,-3.1053436,1.2142164224773195e-30,3.14095223410925e-28,0.2054794520547945,0.6947674418604651
Neural Plate Border 2,abo.3,-11.515124,-4.380954,1.1070017921937861e-30,2.8891758381800505e-28,0.0684931506849315,0.6191860465116279
Neural Plate Border 2,kalrn,-11.554716,-2.9921546,6.987820217529538e-31,1.8401889439514046e-28,0.1917808219178082,0.6831395348837209
Neural Plate Border 2,slc2a11.3,-11.57863,-4.4405727,5.288417722525703e-31,1.4053248949740801e-28,0.0639269406392694,0.6191860465116279
Neural Plate Border 2,slc33a1,-11.602811,-3.2115269,3.987626126300078e-31,1.0792805490544222e-28,0.1552511415525114,0.6744186046511628
Neural Plate Border 2,LOC100485898,-11.611845,-4.2051907,3.587888300905437e-31,9.894109709789324e-29,0.0776255707762557,0.6308139534883721
Neural Plate Border 2,akap9,-11.615299,-2.2335336,3.4457913251684712e-31,9.592754878666626e-29,0.3744292237442922,0.7703488372093024
Neural Plate Border 2,scel,-11.621411,-5.330627,3.2079417493073663e-31,9.016475507115733e-29,0.0410958904109589,0.6017441860465116
Neural Plate Border 2,cep170b,-11.6649885,-2.9582376,1.924289800113826e-31,5.461059723022063e-29,0.2191780821917808,0.7034883720930233
Neural Plate Border 2,pcdh1,-11.696875,-2.7407262,1.3223451467748169e-31,3.789555978958301e-29,0.2465753424657534,0.7209302325581395
Neural Plate Border 2,cltc,-11.704315,-1.5240492,1.211339141954933e-31,3.5058073721271925e-29,0.5753424657534246,0.877906976744186
Neural Plate Border 2,ccdc149,-11.710426,-6.1548586,1.1271160973471047e-31,3.2946730641553215e-29,0.0182648401826484,0.5959302325581395
Neural Plate Border 2,myo5b,-11.72132,-2.4905782,9.911473475149133e-32,2.926487688404892e-29,0.2785388127853881,0.752906976744186
Neural Plate Border 2,nek2,-11.951963,-2.6086857,6.34093950651144e-33,1.9108453888127414e-30,0.2876712328767123,0.7877906976744186
Neural Plate Border 2,jup,-11.958872,-1.9609637,5.8349232206974845e-33,1.7766733402521683e-30,0.4794520547945205,0.8401162790697675
Neural Plate Border 2,zfhx3,-11.965515,-2.2856019,5.386249122639605e-33,1.6573205063566137e-30,0.3561643835616438,0.7936046511627907
Neural Plate Border 2,pkp3,-12.005107,-4.4627495,3.340329408876032e-33,1.0499050424823151e-30,0.0684931506849315,0.6424418604651163
Neural Plate Border 2,calr,-12.038587,-1.3477595,2.2273794679617948e-33,7.077014046520786e-31,0.7214611872146118,0.9593023255813954
Neural Plate Border 2,plxna2,-12.090137,-1.4892727,1.1908913933268455e-33,3.867882924259669e-31,0.6986301369863014,0.9127906976744186
Neural Plate Border 2,ptprvl,-12.102891,-3.3841708,1.0195664867641518e-33,3.348645839843025e-31,0.1324200913242009,0.6947674418604651
Neural Plate Border 2,ptbp1,-12.130791,-1.1052791,7.254534289785545e-34,2.4097419525536506e-31,0.7853881278538812,0.9563953488372093
Neural Plate Border 2,slco4c1,-12.150188,-4.236269,5.723362407065712e-34,1.9453442618713703e-31,0.0776255707762557,0.6569767441860465
Neural Plate Border 2,rassf7,-12.374454,-3.2431364,3.5933090897075635e-35,1.2967409629782937e-32,0.1552511415525114,0.7267441860465116
Neural Plate Border 2,arhgef16,-12.38402,-3.6211224,3.189591956127707e-35,1.1654370308696126e-32,0.1415525114155251,0.6918604651162791
Neural Plate Border 2,golga4,-12.392523,-3.114035,2.868755767804245e-35,1.0614759474517201e-32,0.2054794520547945,0.7325581395348837
Neural Plate Border 2,MGC89056,-12.401026,-3.4647167,2.580006630051146e-35,9.668740231157057e-33,0.1278538812785388,0.7093023255813954
Neural Plate Border 2,dsp,-12.411654,-1.3709583,2.2593629370531686e-35,8.577069871818333e-33,0.7488584474885844,0.9593023255813954
Neural Plate Border 2,krt70,-12.429723,-2.038885,1.8025815015134126e-35,6.933060509307706e-33,0.5342465753424658,0.8604651162790697
Neural Plate Border 2,atp8b1,-12.468517,-2.9332447,1.1086935587603088e-35,4.3210961888163446e-33,0.2146118721461187,0.7558139534883721
Neural Plate Border 2,tmem45b,-12.470643,-4.24667,1.0795096773170309e-35,4.264209105088396e-33,0.0958904109589041,0.6715116279069767
Neural Plate Border 2,map3k10,-12.510767,-5.613553,6.519197412263806e-36,2.6839811205335676e-33,0.0273972602739726,0.6424418604651163
Neural Plate Border 2,rrbp1,-12.682686,-2.8759758,7.3760444850839446e-37,3.3170639437459817e-34,0.2648401826484018,0.7558139534883721
Neural Plate Border 2,dop1b,-12.710852,-5.3230066,5.1470733413791146e-37,2.3508453256539516e-34,0.045662100456621,0.6569767441860465
Neural Plate Border 2,pank1,-12.7650585,-3.9081314,2.5695889671411843e-37,1.192248493627047e-34,0.091324200913242,0.7151162790697675
Neural Plate Border 2,cgn,-12.783658,-3.766608,2.0232426079590398e-37,9.53893623762108e-35,0.1141552511415525,0.7122093023255814
Neural Plate Border 2,atf6,-12.819796,-2.2866118,1.270345614270196e-37,6.087454532906902e-35,0.3744292237442922,0.8255813953488372
Neural Plate Border 2,znf185,-12.941494,-3.9671562,2.6247380476168886e-38,1.2787286311648213e-35,0.1232876712328767,0.7093023255813954
Neural Plate Border 2,rbbp8nl,-13.009253,-7.637566,1.0839753799777186e-38,5.370454971547236e-36,0.0091324200913242,0.6540697674418605
Neural Plate Border 2,krt8,-13.095079,-1.9705794,3.513088499282804e-39,1.801598068816415e-36,0.5753424657534246,0.9011627906976745
Neural Plate Border 2,mfsd6,-13.106239,-3.5901732,3.032684915184011e-39,1.5830073706382825e-36,0.1598173515981735,0.7383720930232558
Neural Plate Border 2,capn13,-13.109959,-3.9760118,2.8875404193510687e-39,1.534648981782747e-36,0.1324200913242009,0.7151162790697675
Neural Plate Border 2,iqgap1,-13.131748,-2.623578,2.1659852271241902e-39,1.1724798921123556e-36,0.3059360730593607,0.8691860465116279
Neural Plate Border 2,arhgap45,-13.140251,-2.1790645,1.9358384419623336e-39,1.06766968862266e-36,0.4337899543378995,0.8575581395348837
Neural Plate Border 2,rtbdn,-13.216512,-4.4559846,7.0456395256700905e-40,3.9605978649012005e-37,0.0821917808219178,0.7063953488372093
Neural Plate Border 2,chmp5,-13.325456,-1.4642675,1.6462421163127262e-40,9.435549667046528e-38,0.6484018264840182,0.9156976744186046
Neural Plate Border 2,stard10,-13.446357,-5.713387,3.234168988898727e-41,1.9293468104999732e-38,0.0273972602739726,0.6918604651162791
Neural Plate Border 2,clcn3,-13.640331,-3.7399325,2.305125550143284e-42,1.4037734365882986e-39,0.1415525114155251,0.752906976744186
Neural Plate Border 2,ackr3,-13.694537,-5.41297,1.0945562700932827e-42,6.8074413470418615e-40,0.0410958904109589,0.7063953488372093
Neural Plate Border 2,dsg2,-13.709949,-2.902228,8.852036521433884e-43,5.625084338218128e-40,0.2968036529680365,0.8081395348837209
Neural Plate Border 2,adap1l,-13.743163,-2.903372,5.5975552907235935e-43,3.6360475267364747e-40,0.2922374429223744,0.8343023255813954
Neural Plate Border 2,LOC101734097,-13.80853,-4.7624507,2.26405052047291e-43,1.5041013809987188e-40,0.0730593607305936,0.7296511627906976
Neural Plate Border 2,LOC595077,-13.831647,-4.640232,1.642164599776846e-43,1.1163282189785346e-40,0.0639269406392694,0.7383720930232558
Neural Plate Border 2,camsap3,-13.987357,-3.9495158,1.8620264706878253e-44,1.3275340430408737e-41,0.1232876712328767,0.7616279069767442
Neural Plate Border 2,trpm4,-14.009944,-3.5374494,1.355126670762994e-44,9.902926928268268e-42,0.182648401826484,0.7761627906976745
Neural Plate Border 2,slc22a23,-14.08089,-2.704396,4.977886489987437e-45,3.730989743303148e-42,0.3059360730593607,0.8604651162790697
Neural Plate Border 2,tanc2,-14.123937,-1.418326,2.704528703545244e-45,2.080423119298185e-42,0.7397260273972602,0.9651162790697675
Neural Plate Border 2,mgat4g,-14.155823,-5.1411605,1.719149002290966e-45,1.3581741752964116e-42,0.0593607305936073,0.7354651162790697
Neural Plate Border 2,gnb3,-14.33651,-3.0363383,1.2940092981173928e-46,1.0807195940934145e-43,0.3059360730593607,0.8401162790697675
Neural Plate Border 2,upk1a,-14.347138,-3.3006554,1.1102403222484747e-46,9.545127899895635e-44,0.2146118721461187,0.8313953488372093
Neural Plate Border 2,eppk1,-14.493814,-2.176047,1.3257107671654333e-47,1.1742985283337207e-44,0.5251141552511416,0.9273255813953488
Neural Plate Border 2,upk2,-14.616842,-4.0808635,2.1934147113124287e-48,2.0036157945741753e-45,0.1187214611872146,0.8052325581395349
Neural Plate Border 2,myo5c,-14.768035,-5.0584464,2.354789782565291e-49,2.2204148430376136e-46,0.0776255707762557,0.7645348837209303
Neural Plate Border 2,LOC100489839,-14.929856,-4.1563067,2.1071825670178358e-50,2.1239673660861503e-47,0.1552511415525114,0.8052325581395349
Neural Plate Border 2,ly6g6c,-14.946066,-4.201939,1.6522706346815005e-50,1.7249115329419622e-47,0.1187214611872146,0.7965116279069767
Neural Plate Border 2,upk1b,-15.116124,-4.226121,1.2678794460922986e-51,1.4254378495663068e-48,0.1187214611872146,0.813953488372093
Neural Plate Border 2,spint2,-15.407351,-2.9738474,1.4607891949313612e-53,1.7791803732099423e-50,0.2968036529680365,0.8837209302325582
Neural Plate Border 2,dcbld1,-15.6922,-3.8832424,1.7102503698548e-55,2.1735795026619855e-52,0.1598173515981735,0.8604651162790697
Neural Plate Border 2,nectin2,-15.77404,-2.4743717,4.694779675284483e-56,6.237868394920033e-53,0.4520547945205479,0.9534883720930233
Neural Plate Border 2,upk3b,-15.822932,-4.484262,2.161843854491155e-56,3.0091837005062355e-53,0.1095890410958904,0.8372093023255814
Neural Plate Border 2,KIAA1217,-15.990866,-3.4216423,1.4796013239832265e-57,2.1625113150676846e-54,0.2876712328767123,0.8808139534883721
Neural Plate Border 2,KIAA1671,-16.085993,-2.6305487,3.198837915079612e-58,5.194735060871785e-55,0.4429223744292237,0.9302325581395349
Neural Plate Border 2,slc22a4,-16.359682,-4.652174,3.7106381980452945e-60,6.380333245121294e-57,0.1187214611872146,0.8662790697674418
Neural Plate Border 2,elapor2,-16.392365,-3.7798169,2.1684257590823012e-60,3.961578335233422e-57,0.228310502283105,0.8982558139534884
Neural Plate Border 2,cldn4,-16.415482,-4.426469,1.4819908604773278e-60,2.888004989507518e-57,0.1141552511415525,0.8837209302325582
Neural Plate Border 2,astl2d,-16.519112,-5.5359735,2.67305568530196e-61,5.581149338361543e-58,0.0684931506849315,0.8517441860465116
Neural Plate Border 2,rbbp8,-16.608128,-3.7471344,6.08639725470522e-62,1.368549831940679e-58,0.2100456621004566,0.9098837209302325
Neural Plate Border 2,calcrl,-16.61105,-5.5451355,5.7969597473413315e-62,1.368549831940679e-58,0.0684931506849315,0.8517441860465116
Neural Plate Border 2,plcb4,-16.642405,-2.3921049,3.4354096360622944e-62,9.129132642885175e-59,0.5662100456621004,0.9476744186046512
Neural Plate Border 2,ocln,-16.69289,-3.129224,1.4764506716635982e-62,4.315812958339864e-59,0.3059360730593607,0.9447674418604651
Neural Plate Border 2,tjp3,-16.752943,-4.867972,5.389291683575476e-63,1.750382057806608e-59,0.1050228310502283,0.8691860465116279
Neural Plate Border 2,gna14,-16.871452,-3.103316,7.297902623940964e-64,2.666562395005229e-60,0.3698630136986301,0.9418604651162791
Neural Plate Border 2,arhgef25,-16.917421,-4.0571485,3.3476642704365025e-64,1.3979367755589915e-60,0.2009132420091324,0.8924418604651163
Neural Plate Border 2,epcam,-16.97269,-1.9573528,1.307979928659955e-64,6.372260215776523e-61,0.6666666666666666,0.9912790697674418
Neural Plate Border 2,itpr3,-18.010849,-2.8602183,1.6015436201601991e-72,9.362944312180556e-69,0.5342465753424658,0.9767441860465116
Neural Plate Border 2,epas1,-18.039547,-4.485177,9.532367441091538e-73,6.966015816763669e-69,0.1780821917808219,0.9418604651162791
Neural Plate Border 2,angpt4.2,-18.175327,-4.5940814,8.094372695120294e-74,7.886886941702044e-70,0.1461187214611872,0.9447674418604651
Neural Plate Border 2,lmo7,-18.65973,-3.856456,1.0526130457706305e-77,3.0768931940921303e-73,0.3105022831050228,0.9651162790697675
