group,names,scores,logfoldchanges,pvals,pvals_adj,pct_nz_group,pct_nz_reference
Epidermis1,rabgap1l,35.6395,6.498017,3.426911541539801e-278,7.477863674794e-274,0.995702005730659,0.24420677361853832
Epidermis1,upk3b,35.28854,6.8094225,8.802486314958777e-273,9.603952693935773e-269,0.9871060171919771,0.08912655971479501
Epidermis1,epas1,35.14535,5.0902023,1.368989362978083e-270,9.957572296514915e-267,0.994269340974212,0.7103386809269162
Epidermis1,astl2d.1,34.756416,6.012093,1.1088287582359294e-264,6.048938083366554e-261,0.9856733524355301,0.28431372549019607
Epidermis1,hpgd,34.61212,5.3390584,1.660180966234761e-262,7.245361772841744e-259,0.9785100286532952,0.26916221033868093
Epidermis1,upk2,34.54952,6.683924,1.4493379102850514e-261,5.271000423388351e-258,0.9713467048710601,0.08377896613190731
Epidermis1,krt7,34.356792,4.680403,1.1150651366594813e-258,3.041479543380818e-255,0.9899713467048711,0.49554367201426025
Epidermis1,krt70,33.96836,3.8751323,6.534756230282467e-253,1.5843879522332634e-249,0.997134670487106,0.6648841354723708
Epidermis1,LOC100495222,33.901814,3.289488,6.264458836857012e-252,1.3669675627905685e-248,0.995702005730659,0.7290552584670231
Epidermis1,elovl3,33.628044,5.6976204,6.530028100960621e-248,1.2953794835551065e-244,0.9555873925501432,0.14616755793226383
Epidermis1,LOC101734097,33.35565,4.666632,6.032196497894474e-244,1.0969046648379609e-240,0.9627507163323782,0.39215686274509803
Epidermis1,tjp3,33.32419,5.622902,1.7236692659961416e-243,2.8932451579462925e-240,0.9455587392550143,0.13903743315508021
Epidermis1,grhl3,33.222,3.7138216,5.181122772332834e-242,8.075520001076769e-239,0.995702005730659,0.7254901960784313
Epidermis1,xbp1,33.177925,2.943186,2.241381982638835e-241,3.260613082877468e-238,0.997134670487106,0.7620320855614974
Epidermis1,kifc3,33.05872,5.3955197,1.1657028279825927e-239,1.5898000880880098e-236,0.9469914040114613,0.14349376114081996
Epidermis1,gramd2b,32.89255,4.40924,2.808668484543696e-237,3.605173823601647e-234,0.9598853868194842,0.3235294117647059
Epidermis1,phldb3,32.753307,5.5116115,2.7243837797311483e-235,3.302709914306299e-232,0.9340974212034384,0.18627450980392157
Epidermis1,gfod1,32.58613,4.180151,6.4484303519458845e-233,7.405852563674271e-230,0.9699140401146131,0.3948306595365419
Epidermis1,adap1l,32.570396,4.782422,1.077070718978578e-232,1.1751380079415775e-229,0.9455587392550143,0.24866310160427807
Epidermis1,ag1,32.339237,6.6134305,1.965689927748303e-229,2.042539043495034e-226,0.9140401146131805,0.0766488413547237
Epidermis1,prss27,32.267136,4.7316155,2.022914321857999e-228,2.0064551553301545e-225,0.9455587392550143,0.19964349376114082
Epidermis1,grhl1,32.210907,3.2528489,1.2417372686393862e-227,1.1780847364773933e-224,0.997134670487106,0.7005347593582888
Epidermis1,krt8.1,32.046295,2.9501083,2.4722503870389805e-225,2.2477906539823995e-222,0.994269340974212,0.7807486631016043
Epidermis1,LOC595077,31.92613,6.0955906,1.1587874314379812e-223,1.0114360216563273e-220,0.9068767908309455,0.08199643493761141
Epidermis1,ugt3a2,31.870588,6.7567043,6.8266054696485424e-223,5.729359921276956e-220,0.8997134670487106,0.06149732620320856
Epidermis1,atp1b2,31.827566,5.464485,2.6906475850440313e-222,2.1745415167868817e-219,0.9154727793696275,0.1051693404634581
Epidermis1,ocln,31.816788,2.6585798,3.792813958999293e-222,2.9558211928329847e-219,0.9914040114613181,0.7486631016042781
Epidermis1,elovl7,31.767574,5.5007534,1.8160461821245148e-221,1.3325412945040845e-218,0.9126074498567335,0.09536541889483066
Epidermis1,dcbld1,31.7673,4.289247,1.8320076456222232e-221,1.3325412945040845e-218,0.9369627507163324,0.36363636363636365
Epidermis1,slc22a4,31.725012,6.9684553,7.023128390280261e-221,4.943602729171148e-218,0.8925501432664756,0.05080213903743316
Epidermis1,rassf7,31.590033,5.383234,5.060419482540378e-219,3.45073167276605e-216,0.9083094555873925,0.09001782531194295
Epidermis1,upk3a,31.511145,5.367995,6.112383438126217e-218,4.041767242525824e-215,0.9054441260744985,0.11051693404634581
Epidermis1,ncoa2,31.495367,5.222614,1.0052900868793853e-217,6.451892642880902e-215,0.9040114613180515,0.14260249554367202
Epidermis1,upk1b,31.086205,5.0911217,3.700225390035073e-212,2.2428505065543147e-209,0.8997134670487106,0.11675579322638147
Epidermis1,arfgef2,30.88692,2.9703104,1.7899120328519091e-209,1.0556127153746354e-206,0.9613180515759312,0.5926916221033868
Epidermis1,abo.3,30.822344,3.4454439,1.3154758793970838e-208,7.553947148506254e-206,0.9555873925501432,0.41354723707664887
Epidermis1,gadd45a,30.78212,4.143907,4.54705029497276e-208,2.5441329355538615e-205,0.9355300859598854,0.232620320855615
Epidermis1,LOC100494753,30.77345,4.221603,5.939094223663554e-208,3.2399243763640602e-205,0.9269340974212035,0.32798573975044565
Epidermis1,b3gnt3.2,30.74795,3.8320165,1.3024222506002283e-207,6.931745348865264e-205,0.9383954154727794,0.2967914438502674
Epidermis1,upk1a,30.73786,4.482186,1.776701477810529e-207,9.230810225548465e-205,0.9126074498567335,0.1622103386809269
Epidermis1,itpr3,30.571278,2.3702257,2.9491057680912786e-205,1.4965683015237162e-202,0.997134670487106,0.9251336898395722
Epidermis1,clint1,30.453543,3.7725687,1.0752741612591625e-203,5.33262669837186e-201,0.9326647564469914,0.3538324420677362
Epidermis1,dsg2,30.379608,3.5864186,1.0214746540500425e-202,4.9532440946724395e-200,0.9326647564469914,0.3672014260249554
Epidermis1,krt12.3,30.335808,4.916706,3.8666466379022603e-202,1.8342194844709833e-199,0.8911174785100286,0.20320855614973263
Epidermis1,rbbp8,30.284988,4.8607893,1.8072429533415856e-201,8.21580176768057e-199,0.8839541547277937,0.15508021390374332
Epidermis1,trim29,30.172436,5.0539417,5.448046151624856e-200,2.4261594913184893e-197,0.8882521489971347,0.232620320855615
Epidermis1,golph3l,30.056948,6.0001965,1.7714562938331335e-198,7.730989557546561e-196,0.8567335243553008,0.058823529411764705
Epidermis1,nectin2,29.9399,2.903869,5.955713079282292e-197,2.5482277471180173e-194,0.9770773638968482,0.5632798573975044
Epidermis1,kitlg,29.705439,4.2746367,6.53205111783113e-194,2.6893563668338316e-191,0.8968481375358166,0.23796791443850268
Epidermis1,epcam,29.559725,1.9969741,4.924947854075517e-192,1.953950674977852e-189,0.997134670487106,0.9046345811051694
Epidermis1,mreg,29.527575,5.321811,1.2746648706655051e-191,4.966868239784284e-189,0.8510028653295129,0.0873440285204991
Epidermis1,golim4,29.444054,2.887109,1.5001798162622597e-190,5.743056801869959e-188,0.9398280802292264,0.6176470588235294
Epidermis1,tmem45b,29.197989,5.7001233,2.0566997816596478e-187,7.737801023378479e-185,0.835243553008596,0.059714795008912656
Epidermis1,astl2c,29.179596,6.3264027,3.5203758035652196e-187,1.3020020408406213e-184,0.833810888252149,0.0766488413547237
Epidermis1,angpt4.2,29.151068,5.590856,8.097645169178258e-187,2.944978587277313e-184,0.839541547277937,0.09001782531194295
Epidermis1,kiaa1324l,29.015032,3.594214,4.252047241796706e-185,1.521047915790917e-182,0.9183381088825215,0.49019607843137253
Epidermis1,tm9sf2,29.007374,3.7337115,5.31149864114792e-185,1.8693905136853026e-182,0.8954154727793696,0.27450980392156865
Epidermis1,evpl,28.83093,6.778516,8.787795205177105e-183,3.043785383685232e-180,0.8137535816618912,0.029411764705882353
Epidermis1,LOC100495980,28.533083,6.3156695,4.555082903367567e-179,1.483529313946025e-176,0.8094555873925502,0.044563279857397504
Epidermis1,sytl2,28.332607,3.442723,1.3711147874494181e-176,4.274156539561965e-174,0.9111747851002865,0.5543672014260249
Epidermis1,plec,28.28188,2.4278245,5.773883097002643e-176,1.7745338459111924e-173,0.9684813753581661,0.7549019607843137
Epidermis1,acp3,28.171436,6.4407964,1.3093267263694128e-174,3.913810752891364e-172,0.8008595988538681,0.03832442067736185
Epidermis1,lmo7,28.152357,3.864066,2.24232551217971e-174,6.612133108280196e-172,0.9054441260744985,0.5623885918003565
Epidermis1,b4galt1l,28.025633,2.3741007,7.916960017055394e-173,2.3034131270955433e-170,0.9713467048710601,0.6934046345811051
Epidermis1,efna4,28.020082,3.1760552,9.250913919131395e-173,2.656107797754818e-170,0.9169054441260746,0.393048128342246
Epidermis1,gad1.2,28.016918,4.6246214,1.010979508399182e-172,2.8650108899712406e-170,0.832378223495702,0.17379679144385027
Epidermis1,rab11fip4l,27.949589,2.9264095,6.668717352473212e-172,1.865616427542538e-169,0.9426934097421203,0.4714795008912656
Epidermis1,osbpl2,27.837036,5.653383,1.5461235212165632e-170,4.270628019805902e-168,0.7979942693409742,0.06060606060606061
Epidermis1,slc22a23,27.74191,2.8821352,2.1815307854429042e-169,5.950397908643702e-167,0.9269340974212035,0.4946524064171123
Epidermis1,psd3,27.697697,3.1668582,7.442580359537051e-169,2.0049943953760247e-166,0.9054441260744985,0.4875222816399287
Epidermis1,nek2,27.65142,4.189401,2.6832211963055445e-168,7.140313381046743e-166,0.8495702005730659,0.24598930481283424
Epidermis1,rhpn2,27.526667,3.4740703,8.42121630119225e-167,2.213968203714652e-164,0.8968481375358166,0.27807486631016043
Epidermis1,slc2a11.3,27.496166,5.09191,1.9510731101220475e-166,5.00874898070273e-164,0.8051575931232091,0.08288770053475936
Epidermis1,palm2,27.399805,3.9765673,2.7572930397689604e-165,6.915734646068791e-163,0.8424068767908309,0.18983957219251338
Epidermis1,LOC100216037,27.278675,5.6394897,7.596377631376485e-164,1.883642685162117e-161,0.7822349570200573,0.04723707664884135
Epidermis1,tspan13,27.124338,5.6733885,5.085153966492131e-162,1.2467769067733125e-159,0.7793696275071633,0.05169340463458111
Epidermis1,aldh1l1,27.046276,4.1166444,4.224726818596883e-161,1.0243084878733622e-158,0.8467048710601719,0.22014260249554368
Epidermis1,cep170b,26.860844,3.9907248,6.300976203272521e-159,1.5109187003473593e-156,0.833810888252149,0.27807486631016043
Epidermis1,ovol2,26.740541,2.4462166,1.5908037393898026e-157,3.773144391002705e-155,0.9455587392550143,0.6568627450980392
Epidermis1,ppl,26.480852,4.711526,1.610727920986024e-154,3.779321931595272e-152,0.7865329512893983,0.0962566844919786
Epidermis1,klf17,26.462416,2.5286396,2.6259893185370494e-154,6.095926906361379e-152,0.9527220630372493,0.533868092691622
Epidermis1,arhgap6,26.379307,2.364157,2.3673669638320395e-153,5.437717317660941e-151,0.9627507163323782,0.7540106951871658
Epidermis1,krt18.1,26.136086,3.040924,1.4186604115552963e-150,3.126928165711931e-148,0.8667621776504298,0.3538324420677362
Epidermis1,kiaa0232,26.041649,2.1518564,1.6727467886787864e-149,3.65010076757598e-147,0.9441260744985673,0.7254901960784313
Epidermis1,jup,25.970604,2.9079368,1.0641843130852894e-148,2.2766241074347156e-146,0.8638968481375359,0.4215686274509804
Epidermis1,cgn,25.826818,3.9980865,4.432891770927101e-147,9.39127488673789e-145,0.7851002865329513,0.15418894830659535
Epidermis1,cers2,25.411694,3.9487565,1.872838730666219e-142,3.9295398021026505e-140,0.7765042979942693,0.1443850267379679
Epidermis1,gfpt1,25.278456,1.5333211,5.512589480237094e-141,1.1348133495118265e-138,0.998567335243553,0.9679144385026738
Epidermis1,LOC100488554,25.19466,4.7274613,4.583515768004118e-140,9.347373605011016e-138,0.7464183381088825,0.0766488413547237
Epidermis1,wdfy3,25.073576,3.3753276,9.660196517946775e-139,1.951806927945524e-136,0.8209169054441261,0.2789661319073084
Epidermis1,cat1,25.059038,5.7412333,1.3915961140502398e-138,2.785873284833971e-136,0.7163323782234957,0.04367201426024955
Epidermis1,wasl,25.00799,2.7132378,5.0047569723445655e-138,9.928072899411887e-136,0.8681948424068768,0.37433155080213903
Epidermis1,cldn4,24.990974,4.6067185,7.663405870232875e-138,1.5065151305797438e-135,0.7406876790830945,0.07219251336898395
Epidermis1,sptlc3,24.904152,1.3735719,6.708326327244918e-137,1.3069856141679584e-134,0.9914040114613181,0.9679144385026738
Epidermis1,kalrn,24.876265,4.2818255,1.3444267479185061e-136,2.5733979005552387e-134,0.7464183381088825,0.12745098039215685
Epidermis1,gas2l1,24.699547,5.877867,1.0815230974664008e-134,2.0521665660708116e-132,0.7063037249283668,0.027629233511586453
Epidermis1,gnb3,24.630796,5.2421656,5.91162038265023e-134,1.1025424646992365e-131,0.7148997134670487,0.06684491978609626
Epidermis1,arhgap45,24.603735,2.7315345,1.1520955786477574e-133,2.1125947581237576e-131,0.8753581661891118,0.41354723707664887
Epidermis1,rbbp8nl,24.531681,6.481144,6.784942502978288e-133,1.233785252979077e-130,0.6934097421203438,0.023172905525846704
Epidermis1,cdh1,24.332949,2.0229945,8.785936696871251e-131,1.58444565836717e-128,0.9756446991404012,0.7450980392156863
Epidermis1,camsap3,24.312584,2.655433,1.4429824128769975e-130,2.5809278058515545e-128,0.8481375358166189,0.5311942959001783
Epidermis1,eppk1,24.25374,2.368237,6.037954481114489e-130,1.071172396198368e-127,0.9297994269340975,0.7174688057040999
Epidermis1,tmem164,24.1499,2.0003214,7.484499982979016e-129,1.306554193028681e-126,0.9484240687679083,0.7245989304812834
Epidermis1,usp43,24.126923,4.9237,1.3045513822466976e-128,2.259255215238507e-126,0.7063037249283668,0.06417112299465241
Epidermis1,unc80,23.983503,5.1549473,4.133861219060388e-127,7.102754776465885e-125,0.7034383954154728,0.06149732620320856
Epidermis1,pcdh1,23.835497,2.736162,1.4318529664078413e-125,2.4409737171863676e-123,0.835243553008596,0.34402852049910876
Epidermis1,ano5,23.499443,3.7377267,4.132514472876035e-122,6.936584485586767e-120,0.7406876790830945,0.18627450980392157
Epidermis1,lgalsl,23.465366,3.5482194,9.212474413684827e-122,1.5345450700840963e-119,0.7550143266475645,0.19964349376114082
Epidermis1,tat,23.346483,2.1818998,1.4962991884985532e-120,2.4549432024230777e-118,0.9297994269340975,0.5766488413547237
Epidermis1,calr,23.25058,1.857507,1.4034414521421184e-119,2.2684811797920863e-117,0.9426934097421203,0.7192513368983957
Epidermis1,st14,23.159079,2.0611596,1.1776596547448164e-118,1.875745352276397e-116,0.9054441260744985,0.5686274509803921
Epidermis1,ccdc149,22.919342,3.4223201,2.980418580974155e-116,4.6454081325312166e-114,0.7421203438395415,0.19875222816399288
Epidermis1,myo5c,22.911638,3.956004,3.5571866577994925e-116,5.5050617063718246e-114,0.7134670487106017,0.13992869875222816
Epidermis1,LOC100485898,22.84316,4.2614202,1.709037146442404e-115,2.626260533276035e-113,0.6905444126074498,0.07932263814616755
Epidermis1,LOC100489839,22.726938,2.3286743,2.4267408738264738e-114,3.6519939729494816e-112,0.8782234957020058,0.5329768270944741
Epidermis1,plpp3,22.722078,2.5886831,2.7107946410502057e-114,4.0515239631751053e-112,0.8796561604584527,0.4732620320855615
Epidermis1,cpeb2,22.623972,2.6369267,2.5176100243820273e-113,3.737195125308858e-111,0.836676217765043,0.4019607843137255
Epidermis1,atp13a-like,22.401022,5.899027,3.846493516356629e-111,5.63317684700792e-109,0.6446991404011462,0.035650623885918005
Epidermis1,lifr,22.336903,3.6093528,1.618846585869181e-110,2.35499009001676e-108,0.7077363896848138,0.1532976827094474
Epidermis1,LOC100487973,22.332638,2.2356591,1.7809944564447285e-110,2.5737139095417496e-108,0.8853868194842407,0.4393939393939394
Epidermis1,iqgap1,22.320942,2.792667,2.3136314876842555e-110,3.3214310982077723e-108,0.7965616045845272,0.3600713012477718
Epidermis1,LOC101732476,22.290213,1.7641935,4.598044388807067e-110,6.557772980925425e-108,0.9512893982808023,0.7094474153297683
Epidermis1,nos2,22.27228,3.7435343,6.862056707237877e-110,9.723177883677772e-108,0.7048710601719198,0.14349376114081996
Epidermis1,rreb1,22.158075,1.2977467,8.71984770512363e-109,1.2275857856355015e-106,0.9885386819484241,0.9474153297682709
Epidermis1,erbb3,22.10047,5.5931406,3.1280139118275196e-108,4.375409716024892e-106,0.6361031518624641,0.0374331550802139
Epidermis1,trpm4,22.057447,2.343759,8.10277155754307e-108,1.1261820264786455e-105,0.826647564469914,0.5008912655971479
Epidermis1,MGC89056,21.914669,2.382631,1.882544190465802e-106,2.5835847031543563e-104,0.832378223495702,0.3689839572192513
Epidermis1,muc4,21.91389,3.1269267,1.9150548531106789e-106,2.6117757468580078e-104,0.7750716332378224,0.31283422459893045
Epidermis1,epb41l5,21.640673,1.9134244,7.441053568987127e-104,9.961425149010312e-102,0.8610315186246418,0.5677361853832442
Epidermis1,plcd3,21.629251,4.0703983,9.531649097554735e-104,1.2682324082789138e-101,0.669054441260745,0.11586452762923351
Epidermis1,spint2,21.623703,2.1750128,1.0749862985514616e-103,1.4216530921631179e-101,0.8667621776504298,0.4750445632798574
Epidermis1,degs3,21.38158,6.018393,1.9829772882490135e-101,2.5910507429270492e-99,0.6088825214899714,0.020499108734402853
Epidermis1,nr1i3,21.260221,4.832705,2.651594204971737e-100,3.403555126275781e-98,0.6246418338108882,0.05169340463458111
Epidermis1,rnd1,21.19624,2.3557916,1.0343723983827783e-99,1.3199438657959418e-97,0.8252148997134671,0.37344028520499106
Epidermis1,znf185,21.154963,4.2868376,2.4839074136515834e-99,3.115019751338575e-97,0.6432664756446992,0.08823529411764706
Epidermis1,sgpl1,21.108822,2.563829,6.5997806741188385e-99,8.229360805139839e-97,0.7564469914040115,0.32798573975044565
Epidermis1,atp12a-like,21.057865,2.3010442,1.9370785099975844e-98,2.4016471685600733e-96,0.8710601719197708,0.43493761140819964
Epidermis1,tbc1d14,21.047318,1.3987882,2.4199879131996694e-98,2.9834212572841804e-96,0.9455587392550143,0.8190730837789661
Epidermis1,ap1s3,21.001543,6.1469035,6.348935234365338e-98,7.783152570173374e-96,0.5974212034383954,0.01871657754010695
Epidermis1,gcc2,20.914125,2.5227106,3.982705264550521e-97,4.8014702529147475e-95,0.7679083094555874,0.2976827094474153
Epidermis1,anxa4,20.851473,2.264259,1.4780204525132912e-96,1.7720815546314576e-94,0.839541547277937,0.4322638146167558
Epidermis1,flvcr2,20.801756,2.4037986,4.172564337696947e-96,4.975383956988257e-94,0.7822349570200573,0.3404634581105169
Epidermis1,sgms1,20.707594,4.6018834,2.958670421302431e-95,3.5087580034369756e-93,0.6117478510028653,0.059714795008912656
Epidermis1,prc1,20.689295,1.6220989,4.3249668019306085e-95,5.1013567883744765e-93,0.9326647564469914,0.7040998217468806
Epidermis1,kiaa1671,20.685625,1.8010798,4.6668646086275846e-95,5.4750350873582006e-93,0.9455587392550143,0.7549019607843137
Epidermis1,spata13,20.658932,3.021214,8.113967130349178e-95,9.46817522734489e-93,0.6991404011461319,0.20320855614973263
Epidermis1,map3k10,20.594675,5.6795473,3.063373092914362e-94,3.555631077685335e-92,0.5902578796561605,0.023172905525846704
Epidermis1,pdxdc1,20.582245,5.290963,3.959113364935277e-94,4.570995382870513e-92,0.5974212034383954,0.03297682709447415
Epidermis1,chmp5,20.581512,2.5033836,4.019507571483079e-94,4.616298669333278e-92,0.7693409742120344,0.3609625668449198
Epidermis1,hdlbp,20.384155,1.644638,2.3117680736460806e-92,2.6137352919705243e-90,0.8925501432664756,0.6541889483065954
Epidermis1,aip,20.321457,2.624127,8.307410326693493e-92,9.248775547896872e-90,0.7335243553008596,0.28431372549019607
Epidermis1,ly6g6c,20.314026,5.370452,9.664654617518235e-92,1.0705199411617531e-89,0.5859598853868195,0.030303030303030304
Epidermis1,LOC100216141,20.298662,4.495851,1.3213392462609386e-91,1.4562092774070676e-89,0.6031518624641834,0.054367201426024955
Epidermis1,atf6,20.21739,2.2950943,6.883070668085694e-91,7.472412191457607e-89,0.7922636103151862,0.3894830659536542
Epidermis1,ica1,20.209362,3.4461572,8.098672924859742e-91,8.748571380859625e-89,0.6432664756446992,0.11853832442067737
Epidermis1,sptlc2,20.139143,3.1505985,3.350807903779755e-90,3.584214670018531e-88,0.669054441260745,0.16666666666666666
Epidermis1,stk17a,20.017326,1.9243076,3.8904842129749416e-89,4.12108038889933e-87,0.8710601719197708,0.48484848484848486
Epidermis1,macf1,19.982836,1.590245,7.768384268081496e-89,8.149707361240687e-87,0.9011461318051576,0.7486631016042781
Epidermis1,tmod3,19.96871,2.154627,1.0308327872993019e-88,1.0762584809405773e-86,0.7822349570200573,0.3672014260249554
Epidermis1,slc22a5,19.9411,4.8969693,1.7908912600216778e-88,1.860906580234906e-86,0.5859598853868195,0.040998217468805706
Epidermis1,ap3b1,19.911331,3.119623,3.2457010180448096e-88,3.356608621552407e-86,0.669054441260745,0.17825311942959002
Epidermis1,esrp1,19.852028,1.1491781,1.0584087775473713e-87,1.0894121667387352e-85,0.9813753581661891,0.9429590017825312
Epidermis1,LOC100487159,19.825106,1.8662777,1.8080084474828436e-87,1.8522325038743251e-85,0.8896848137535817,0.5597147950089126
Epidermis1,pank1,19.767683,3.075847,5.651269742779236e-87,5.709090604499339e-85,0.663323782234957,0.1586452762923351
Epidermis1,prickle2,19.736954,1.8942502,1.0385474304311208e-86,1.0395478660292425e-84,0.8767908309455588,0.6524064171122995
Epidermis1,pard6b,19.699574,2.7271836,2.1744537729636458e-86,2.1567616263563504e-84,0.7091690544412608,0.22281639928698752
Epidermis1,marveld2,19.613806,3.1732059,1.178732761136826e-85,1.1482646241413697e-83,0.6461318051575932,0.13279857397504458
Epidermis1,pdlim4,19.601192,3.435282,1.5104187000255582e-85,1.464837620144787e-83,0.6475644699140402,0.1746880570409982
Epidermis1,rtbdn,19.56042,6.2465253,3.3630429826226713e-85,3.23281766184182e-83,0.5558739255014327,0.01693404634581105
Epidermis1,tspan15,19.421356,3.7676873,5.092732848675422e-84,4.8316749343889735e-82,0.6074498567335244,0.08823529411764706
Epidermis1,dnmbp,19.276974,2.03617,8.38415593153e-83,7.851959939138032e-81,0.8080229226361032,0.41532976827094475
Epidermis1,fa2h,19.16598,4.672147,7.120357302182176e-82,6.639885328671679e-80,0.5702005730659025,0.05169340463458111
Epidermis1,rgs12,19.087688,2.1218011,3.1960446318739726e-81,2.942653582789956e-79,0.7779369627507163,0.40463458110516937
Epidermis1,atp8b1,18.988436,2.0120163,2.1256496128596012e-80,1.9407447783351196e-78,0.7736389684813754,0.4117647058823529
Epidermis1,LOC100488176,18.850704,6.6004214,2.89960444849869e-79,2.614556556640079e-77,0.5329512893982808,0.013368983957219251
Epidermis1,gna14,18.69013,2.865519,5.956754621561426e-78,5.327145188405405e-76,0.6561604584527221,0.23172905525846701
Epidermis1,elf1,18.575377,2.8142807,5.084782676117133e-77,4.492106994961618e-75,0.6404011461318052,0.19162210338680927
Epidermis1,tbcd,18.43668,3.9088352,6.671381906579567e-76,5.84643472222782e-74,0.5659025787965616,0.06684491978609626
Epidermis1,metrnl,18.298351,1.6148635,8.529126445001525e-75,7.444562726255131e-73,0.8667621776504298,0.5597147950089126
Epidermis1,slc33a1,18.26354,3.8120134,1.6147543182062622e-74,1.4038069313776434e-72,0.5644699140401146,0.07219251336898395
Epidermis1,arhgef25,18.248634,2.9306216,2.1214972216592687e-74,1.83703138388202e-72,0.6361031518624641,0.17736185383244207
Epidermis1,LOC100498107,18.066046,5.185415,5.899433220682703e-73,4.9134172636838654e-71,0.5272206303724928,0.03208556149732621
Epidermis1,hk2,17.944824,1.9167799,5.267751623020583e-72,4.354076066891369e-70,0.8180515759312321,0.4919786096256685
Epidermis1,slc35d2,17.830803,4.3127947,4.075239591808777e-71,3.3556906842588423e-69,0.5343839541547278,0.049019607843137254
Epidermis1,mprip,17.765537,1.7186629,1.3068275519216681e-70,1.0720407522737865e-68,0.8094555873925502,0.5775401069518716
Epidermis1,uso1,17.546946,1.8422316,6.276699763291937e-69,5.054017178405659e-67,0.7851002865329513,0.428698752228164
Epidermis1,adgrf1,17.537222,5.7825217,7.448133435752503e-69,5.975210283145417e-67,0.502865329512894,0.01871657754010695
Epidermis1,chpf,17.532864,1.7285141,8.0414838056377e-69,6.427590407429313e-67,0.8037249283667621,0.4750445632798574
Epidermis1,usp54,17.494751,2.233946,1.5709946707224476e-68,1.2465699894485283e-66,0.7091690544412608,0.35650623885918004
Epidermis1,erbb2,17.431961,3.2266288,4.71991796524393e-68,3.7181707552197756e-66,0.5845272206303725,0.16310160427807488
Epidermis1,osbpl1a,17.314226,4.462232,3.6743221255728667e-67,2.8634779679330543e-65,0.5186246418338109,0.053475935828877004
Epidermis1,ltbp4,17.307438,4.846216,4.134078764910935e-67,3.2103107732783457e-65,0.5286532951289399,0.0766488413547237
Epidermis1,tram1,17.211626,1.9228163,2.1724693152156343e-66,1.6575333191370752e-64,0.7392550143266475,0.37433155080213903
Epidermis1,rdh10,17.177319,1.720591,3.9264577041208347e-66,2.9749733875562755e-64,0.8853868194842407,0.7299465240641712
Epidermis1,styk1,17.09444,5.6129045,1.6325536796623998e-65,1.228412201514249e-63,0.4899713467048711,0.0196078431372549
Epidermis1,crtc3,17.066372,1.2199078,2.6411496173635898e-65,1.9737166370031126e-63,0.9355300859598854,0.8163992869875223
Epidermis1,slit2,17.04729,2.7105315,3.661112358407837e-65,2.7265915622121984e-63,0.6361031518624641,0.2611408199643494
Epidermis1,tuba3c,17.03454,1.9383739,4.5530162775837835e-65,3.3792982378624403e-63,0.7335243553008596,0.3538324420677362
Epidermis1,csnk1d,17.023762,2.234036,5.473747593288068e-65,4.0352245349033424e-63,0.670487106017192,0.25757575757575757
Epidermis1,ca12,17.010736,2.7170157,6.837243879188719e-65,5.023417464234917e-63,0.6189111747851003,0.21390374331550802
Epidermis1,stard10,16.903551,5.8968315,4.236150194455809e-64,3.0812344464406736e-62,0.4813753581661891,0.0142602495543672
Epidermis1,rab1a,16.869335,1.4767139,7.564315064560343e-64,5.465593345157988e-62,0.8194842406876791,0.5614973262032086
Epidermis1,rab15,16.810627,2.664314,2.0399945812459255e-63,1.4691327312662489e-61,0.6031518624641834,0.16399286987522282
Epidermis1,marveld3,16.804207,2.3475738,2.2733367111908688e-63,1.6317921175952615e-61,0.6432664756446992,0.20409982174688057
Epidermis1,ssr1,16.775173,1.5450734,3.7077060714748283e-63,2.6439821629298113e-61,0.828080229226361,0.5508021390374331
Epidermis1,mansc1,16.768661,3.16718,4.1372514178269854e-63,2.9406828400131157e-61,0.5544412607449857,0.10873440285204991
Epidermis1,galnt7,16.75183,1.7027967,5.491190537634879e-63,3.890365867588659e-61,0.8051575931232091,0.6114081996434938
Epidermis1,fnbp1l,16.731464,1.2168231,7.731330137917702e-63,5.4421082238549086e-61,0.8595988538681948,0.7388591800356507
Epidermis1,capn13,16.559929,3.054152,1.3575273555530737e-61,9.374241906811273e-60,0.5702005730659025,0.16310160427807488
Epidermis1,egln1,16.402979,3.7398887,1.8208425976095271e-60,1.233931873367624e-58,0.5128939828080229,0.07308377896613191
Epidermis1,lrrfip1,16.250937,3.5789647,2.199763632444388e-59,1.4724246080849385e-57,0.5186246418338109,0.09269162210338681
Epidermis1,ndfip2,16.183607,1.3995788,6.582252256665953e-59,4.352464439172963e-57,0.8610315186246418,0.6060606060606061
Epidermis1,sh3d21,16.16416,2.6004872,9.025916325305756e-59,5.950287617356401e-57,0.5873925501432665,0.17201426024955438
Epidermis1,abi1,16.153015,1.4369715,1.0814363943368449e-58,7.107838421935028e-57,0.830945558739255,0.6033868092691622
Epidermis1,arl4c,16.139301,4.475422,1.3506091115282935e-58,8.850342769567235e-57,0.47707736389684813,0.03297682709447415
Epidermis1,znf238.2,16.13444,1.8399374,1.4612718349874578e-58,9.546830153072251e-57,0.7191977077363897,0.34402852049910876
Epidermis1,p4hb,16.112837,1.6253563,2.0728956372056715e-58,1.3462099910555048e-56,0.7808022922636103,0.45454545454545453
Epidermis1,actn4,16.037252,1.9495436,7.019231729704814e-58,4.518190429908223e-56,0.6833810888252149,0.3627450980392157
Epidermis1,sec61a1,15.992717,1.193004,1.4362770733673412e-57,9.164035677762794e-56,0.9040114613180515,0.7442067736185384
Epidermis1,pla2g7,15.927634,4.209584,4.074826565912384e-57,2.5772982752108442e-55,0.4813753581661891,0.04723707664884135
Epidermis1,txlnb,15.769997,4.0995936,5.005254216147324e-56,3.1384957543261714e-54,0.4871060171919771,0.062388591800356503
Epidermis1,acer3,15.731975,2.223461,9.131852218477827e-56,5.709631726630506e-54,0.6203438395415473,0.22192513368983957
Epidermis1,atxn7l1,15.725599,1.7512736,1.0099090752407159e-55,6.29635026595076e-54,0.7320916905444126,0.41711229946524064
Epidermis1,mob2.2,15.698217,2.3461776,1.5555099342751808e-55,9.615519058305585e-54,0.6002865329512894,0.2103386809269162
Epidermis1,hap1,15.644556,1.193683,3.618860743930706e-55,2.2307107427489247e-53,0.8810888252148997,0.7254901960784313
Epidermis1,mpzl1,15.474075,1.2473766,5.191373955374552e-54,3.1642729352019024e-52,0.8553008595988538,0.6372549019607843
Epidermis1,f11r,15.41225,1.6392761,1.3541492521386756e-53,8.208025230810567e-52,0.7134670487106017,0.38235294117647056
Epidermis1,hsp90b1,15.375695,1.786624,2.382727901122483e-53,1.4402633110912383e-51,0.7191977077363897,0.3939393939393939
Epidermis1,epha2,15.284653,1.2128769,9.677714181687545e-53,5.801576954906701e-51,0.8839541547277937,0.6978609625668449
Epidermis1,znf750,15.281121,3.9286423,1.0216744736270598e-52,6.107933887401663e-51,0.4656160458452722,0.049019607843137254
Epidermis1,fam83f,15.276214,4.4232097,1.1015765181522183e-52,6.567623279398786e-51,0.45558739255014324,0.034759358288770054
Epidermis1,cant1,15.260207,3.4010181,1.4080115741415297e-52,8.371722223254038e-51,0.48424068767908307,0.07040998217468805
Epidermis1,slc9a7,15.220442,2.3974295,2.587770393832333e-52,1.5302909963093587e-50,0.5702005730659025,0.19429590017825313
Epidermis1,cnfn.1,15.129538,5.999758,1.034196936734251e-51,6.082806295546655e-50,0.4297994269340974,0.0106951871657754
Epidermis1,atp10d,15.111605,1.876724,1.35793016131457e-51,7.944073471861993e-50,0.6518624641833811,0.3422459893048128
Epidermis1,spint1,15.064776,1.3280445,2.760994654613149e-51,1.6023314988913173e-49,0.8180515759312321,0.5686274509803921
Epidermis1,grk6,15.020425,3.7170377,5.396093577367052e-51,3.1232933143694015e-49,0.4684813753581662,0.06149732620320856
Epidermis1,rasef,15.016435,1.8180155,5.730862511691855e-51,3.3082844144875128e-49,0.6790830945558739,0.3092691622103387
Epidermis1,abcg2,15.002858,5.0445633,7.03244394121497e-51,4.0489435156003125e-49,0.44126074498567336,0.03297682709447415
Epidermis1,pdia6,14.954103,1.8891612,1.4643980293026592e-50,8.365086229689353e-49,0.6590257879656161,0.31996434937611407
Epidermis1,LOC100490855,14.908514,1.5198948,2.901379999202326e-50,1.640181682968755e-48,0.7249283667621776,0.44206773618538325
Epidermis1,golga4,14.845312,2.237272,7.460688703393523e-50,4.163674889942457e-48,0.5916905444126075,0.22638146167557932
Epidermis1,nol12,14.728035,2.2035673,4.259097509658536e-49,2.346913301976235e-47,0.5859598853868195,0.22281639928698752
Epidermis1,ahnak,14.653,1.0908059,1.288964259922996e-48,7.066957064266254e-47,0.9212034383954155,0.8306595365418895
Epidermis1,kirrel2,14.641993,3.1610823,1.515609203060838e-48,8.28874897744124e-47,0.4899713467048711,0.1051693404634581
Epidermis1,anxa11,14.42051,4.8421297,3.8448942038106445e-47,2.087050657247564e-45,0.42263610315186245,0.025846702317290554
Epidermis1,nipal4,14.355519,2.5951765,9.838546243557924e-47,5.314032613383105e-45,0.5214899713467048,0.15508021390374332
Epidermis1,mtmr12,14.347676,3.6725123,1.1016648808486556e-46,5.935661571604571e-45,0.4484240687679083,0.059714795008912656
Epidermis1,kcnk5,14.345154,3.754652,1.1424632153639955e-46,6.140317690260528e-45,0.4469914040114613,0.0570409982174688
Epidermis1,tp53bp2,14.292043,1.0504441,2.4530826675614312e-46,1.3119783551190684e-44,0.9040114613180515,0.7638146167557932
Epidermis1,fam174b,14.243151,3.6306348,4.944679660819357e-46,2.631654997042419e-44,0.44269340974212035,0.05614973262032086
Epidermis1,cmtm4,14.157933,4.1601458,1.6682919082716755e-45,8.857371710558694e-44,0.43123209169054444,0.0481283422459893
Epidermis1,LOC105945479,14.104638,1.9897346,3.556097611834446e-45,1.8834370385397925e-43,0.673352435530086,0.37254901960784315
Epidermis1,mdm2,14.059415,1.3915801,6.744137882037359e-45,3.5461164511792097e-43,0.7865329512893983,0.5641711229946524
Epidermis1,LOC100496572,14.04827,1.0256141,7.89391116284345e-45,4.140697968375166e-43,0.9068767908309455,0.7869875222816399
Epidermis1,slc17a9,14.03185,1.728583,9.952092687316035e-45,5.207784521101276e-43,0.6275071633237822,0.31194295900178254
Epidermis1,rap1gap2,13.944523,1.6812191,3.3971083721660226e-44,1.769171880406558e-42,0.7063037249283668,0.44028520499108736
Epidermis1,sh3bp4,13.930397,2.107279,4.1404912424783507e-44,2.151182366717145e-42,0.5601719197707736,0.2192513368983957
Epidermis1,b4galt6,13.869213,4.0941834,9.733917457239658e-44,4.997736772574743e-42,0.4197707736389685,0.040106951871657755
Epidermis1,mpzl2,13.791701,4.1013823,2.8593755139132347e-43,1.4612279411967377e-41,0.4269340974212034,0.05525846702317291
Epidermis1,zmynd11,13.67869,2.4409177,1.3612380007708232e-42,6.907808003446543e-41,0.5128939828080229,0.1746880570409982
Epidermis1,slc35d1,13.646446,1.9250324,2.119655347248375e-42,1.0731554369444732e-40,0.5830945558739254,0.24598930481283424
Epidermis1,slc35e1,13.63897,2.15018,2.3485276493798967e-42,1.186278283266637e-40,0.5358166189111748,0.18716577540106952
Epidermis1,syne4,13.582098,4.8058763,5.1140410752144336e-42,2.5772168661028675e-40,0.3968481375358166,0.020499108734402853
Epidermis1,LOC394967,13.560082,6.1164827,6.905825374248309e-42,3.4721662555638787e-40,0.3868194842406877,0.011586452762923352
Epidermis1,e2f8,13.513621,1.0669694,1.299676149352686e-41,6.519593851729876e-40,0.8595988538681948,0.6559714795008913
Epidermis1,klf8,13.374054,2.6272805,8.573740589144199e-41,4.2231962391809385e-39,0.4713467048710602,0.1140819964349376
Epidermis1,gata2,13.290488,1.0057898,2.6285796385020207e-40,1.2803177743694776e-38,0.8968481375358166,0.8083778966131907
Epidermis1,mfsd6,13.212885,2.4482555,7.393590568865714e-40,3.5693703496287335e-38,0.4899713467048711,0.14795008912655971
Epidermis1,hspa5,13.206738,2.0844562,8.022578572125961e-40,3.8644743272044286e-38,0.5329512893982808,0.20588235294117646
Epidermis1,fastkd3,13.094553,3.182737,3.537519286898698e-39,1.692811586829309e-37,0.46275071633237824,0.1354723707664884
Epidermis1,mpc1,13.072537,3.0181239,4.726222278769893e-39,2.2566935742896683e-37,0.4297994269340974,0.0677361853832442
Epidermis1,elovl1,13.004658,3.951742,1.1511374581119399e-38,5.472542586810598e-37,0.3954154727793696,0.03832442067736185
Epidermis1,fes,12.99021,5.5268984,1.3904528320494497e-38,6.581577277256191e-37,0.37679083094555876,0.020499108734402853
Epidermis1,ssr3,12.966314,1.4201641,1.8994677677446417e-38,8.952113641459141e-37,0.6819484240687679,0.4001782531194296
Epidermis1,fam3a,12.965764,3.66886,1.9131515958233307e-38,8.997172623375194e-37,0.4040114613180516,0.05169340463458111
Epidermis1,sgk1,12.92155,2.7551208,3.4021833336311174e-38,1.5897011246930323e-36,0.4498567335243553,0.09714795008912656
Epidermis1,creb3l2,12.892058,1.0681953,4.989386018119814e-38,2.3164551553487756e-36,0.829512893982808,0.661319073083779
Epidermis1,tbc1d30,12.863852,4.232009,7.190248970509214e-38,3.32411912681105e-36,0.38825214899713467,0.0374331550802139
Epidermis1,copa,12.775424,1.1411438,2.249186779585963e-37,1.031082031877002e-35,0.7750716332378224,0.5650623885918004
Epidermis1,clcn3,12.724468,4.0944257,4.324100680195025e-37,1.9698580572554412e-35,0.3868194842406877,0.040106951871657755
Epidermis1,spdef,12.649387,5.8403406,1.1275118029823335e-36,5.10444710640612e-35,0.36103151862464183,0.0106951871657754
Epidermis1,mfge8,12.610402,1.3437225,1.8504746719270327e-36,8.325609858993768e-35,0.7091690544412608,0.43404634581105167
Epidermis1,LOC116407738,12.579397,1.8836151,2.7411442964125218e-36,1.2282240183165838e-34,0.5386819484240688,0.23707664884135474
Epidermis1,suco,12.578893,2.1162283,2.758705213680417e-36,1.2335595587647619e-34,0.5157593123209169,0.20231729055258468
Epidermis1,LOC108648340,12.52445,4.8553014,5.48699463418687e-36,2.4435042839304427e-34,0.3667621776504298,0.0213903743315508
Epidermis1,pkp3,12.512984,2.4799697,6.339678515542178e-36,2.817477085288103e-34,0.46275071633237824,0.14527629233511585
Epidermis1,traf3ip1,12.476109,2.5797343,1.0079312071955316e-35,4.461271170834421e-34,0.4455587392550143,0.10962566844919786
Epidermis1,nt5dc2,12.471981,1.0819969,1.0615368466113757e-35,4.689027435203812e-34,0.832378223495702,0.6443850267379679
Epidermis1,arhgap27,12.470789,2.237053,1.0775437500047293e-35,4.750117609869333e-34,0.4785100286532951,0.14884135472370766
Epidermis1,mylk,12.463863,2.142593,1.1753625348958925e-35,5.170884248782918e-34,0.501432664756447,0.20231729055258468
Epidermis1,rad54b,12.4594145,2.6211462,1.2428036715572933e-35,5.456583283108993e-34,0.44126074498567336,0.11140819964349376
Epidermis1,scamp2,12.414558,2.2898068,2.1788659739314674e-35,9.547195666096095e-34,0.4684813753581662,0.13279857397504458
Epidermis1,esyt2,12.402495,2.2125046,2.5330959673711493e-35,1.105493742080117e-33,0.4828080229226361,0.17736185383244207
Epidermis1,acy3,12.358465,2.6772017,4.384481557192416e-35,1.90965612893205e-33,0.4326647564469914,0.10427807486631016
Epidermis1,slc6a9,12.292832,4.618884,9.897633034478582e-35,4.276757434561527e-33,0.3667621776504298,0.031194295900178252
Epidermis1,tnk2l,12.288934,3.2000833,1.0386689084313183e-34,4.479208349976245e-33,0.3968481375358166,0.0570409982174688
Epidermis1,creb3l4,12.233483,7.180101,2.059159770652769e-34,8.827686710297459e-33,0.3438395415472779,0.004456327985739751
Epidermis1,marchf8,12.186242,2.2431905,3.6800359539278473e-34,1.5653423889017457e-32,0.502865329512894,0.20320855614973263
Epidermis1,ssr2,12.1839485,1.0767248,3.7850221820115015e-34,1.6068671018224315e-32,0.7979942693409742,0.5668449197860963
Epidermis1,dsc3,12.1734,3.1609907,4.30759130609865e-34,1.8216269358600514e-32,0.3997134670487106,0.06951871657754011
Epidermis1,LOC100496311,12.124508,5.5975275,7.83294384594425e-34,3.293307662087658e-32,0.3467048710601719,0.00980392156862745
Epidermis1,fzd3,12.120472,1.5932481,8.228426504478306e-34,3.452932591427329e-32,0.5830945558739254,0.3155080213903743
Epidermis1,mmel1,12.115014,4.044594,8.79494521193557e-34,3.6835796443310187e-32,0.37106017191977075,0.0427807486631016
Epidermis1,LOC100495090,12.102997,3.4312003,1.018245254931875e-33,4.248399561733928e-32,0.3853868194842407,0.0570409982174688
Epidermis1,pgap6,12.090797,2.1494727,1.1813516806821375e-33,4.9195181343826194e-32,0.47707736389684813,0.1622103386809269
Epidermis1,LOC100497338,12.063599,4.725617,1.644368579012713e-33,6.808684395187176e-32,0.3524355300859599,0.017825311942959002
Epidermis1,selenow2,12.057407,2.5240624,1.772762340936301e-33,7.326410424539968e-32,0.4283667621776504,0.10338680926916222
Epidermis1,frmd4b,12.036401,3.017218,2.2871781687135446e-33,9.434501856237856e-32,0.3997134670487106,0.07397504456327986
Epidermis1,cpne1,11.971272,3.670011,5.025180303141399e-33,2.045792152888964e-31,0.37249283667621774,0.04723707664884135
Epidermis1,arhgap29,11.956229,1.0543324,6.0235763261887185e-33,2.4412929521727785e-31,0.7965616045845272,0.6114081996434938
Epidermis1,rasa1,11.926142,1.436734,8.649023512380992e-33,3.488546064023394e-31,0.6203438395415473,0.3841354723707665
Epidermis1,krt12.4,11.886009,5.2217126,1.399338112084441e-32,5.613043555844593e-31,0.3438395415472779,0.016042780748663103
Epidermis1,abo.1,11.757083,4.2211337,6.493917231454856e-32,2.5811250984986597e-30,0.3524355300859599,0.029411764705882353
Epidermis1,galnt6.3,11.739196,3.932574,8.024588033712722e-32,3.177940752879225e-30,0.3553008595988539,0.029411764705882353
Epidermis1,entpd4,11.634761,1.2567046,2.7435707968857367e-31,1.0690617564079224e-29,0.667621776504298,0.410873440285205
Epidermis1,rhbdl2,11.532482,4.6969433,9.049630940084045e-31,3.49507958838184e-29,0.33810888252148996,0.01871657754010695
Epidermis1,exoc4,11.480838,2.6827698,1.6467632710135342e-30,6.304214269611637e-29,0.5143266475644699,0.2887700534759358
Epidermis1,ipo4,11.41039,2.258117,3.710640034970311e-30,1.4081717600536898e-28,0.42550143266475643,0.12299465240641712
Epidermis1,atp13a2,11.392136,3.458469,4.576358039012496e-30,1.7276939233441465e-28,0.35959885386819485,0.0481283422459893
Epidermis1,kiaa1324,11.319164,3.699458,1.054729325101693e-29,3.947727033112186e-28,0.35673352435530087,0.049910873440285206
Epidermis1,lasp1,11.172809,2.3296995,5.54008267921105e-29,2.038619631417611e-27,0.4197707736389685,0.12834224598930483
Epidermis1,stim1,11.151665,1.2878916,7.027887563512589e-29,2.5817430054445826e-27,0.6203438395415473,0.40998217468805703
Epidermis1,rbm47,11.07053,1.2583456,1.7436675759402457e-28,6.341428362432017e-27,0.6318051575931232,0.375222816399287
Epidermis1,trpv5,11.053698,2.9117777,2.1036859006275377e-28,7.612691548522968e-27,0.37106017191977075,0.07130124777183601
Epidermis1,ezr,11.029435,1.9186672,2.755918381573311e-28,9.939982645340698e-27,0.47564469914040114,0.1925133689839572
Epidermis1,ssr4,10.985312,1.322461,4.496792974944126e-28,1.6059659493658885e-26,0.5931232091690545,0.32174688057041
Epidermis1,anxa7,10.97669,1.8901982,4.947202242795912e-28,1.7639362767981959e-26,0.4656160458452722,0.18181818181818182
Epidermis1,gprc5cl2,10.97192,4.0049067,5.215301683077398e-28,1.8564942581799657e-26,0.330945558739255,0.026737967914438502
Epidermis1,LOC100486856,10.967884,5.4197674,5.4533758551944275e-28,1.9327675398535742e-26,0.3151862464183381,0.0106951871657754
Epidermis1,atg2a,10.927064,2.3788283,8.557243627881464e-28,2.9876418112640224e-26,0.40830945558739257,0.12121212121212122
Epidermis1,herpud1,10.849323,1.6006336,2.009083265444371e-27,6.958762846866924e-26,0.5200573065902578,0.23975044563279857
Epidermis1,rhof,10.833775,2.555217,2.3813230411555702e-27,8.235000012845593e-26,0.38968481375358166,0.09714795008912656
Epidermis1,fam3b,10.828087,3.9632394,2.5339290216638644e-27,8.748871073058099e-26,0.32808022922636104,0.030303030303030304
Epidermis1,calcrl,10.81896,5.008634,2.799352976299392e-27,9.634807775367355e-26,0.3166189111747851,0.01871657754010695
Epidermis1,copb2,10.784195,1.2600844,4.088091007569844e-27,1.4048225807272686e-25,0.6189111747851003,0.3770053475935829
Epidermis1,LOC100497952,10.682145,5.2442927,1.2338740694929152e-26,4.174320320993007e-25,0.30945558739255014,0.0142602495543672
Epidermis1,plxna2,10.48309,1.193158,1.0331124165726326e-25,3.431285546732331e-24,0.7349570200573066,0.5855614973262032
Epidermis1,sec61b,10.470019,1.5958401,1.1861900420027147e-25,3.933716247194717e-24,0.49140401146131807,0.22905525846702318
Epidermis1,rab25,10.416953,6.155602,2.0749369191417025e-25,6.860181592816833e-24,0.29512893982808025,0.0053475935828877
Epidermis1,slain2,10.3746195,1.9514093,3.234970776774266e-25,1.0631068873492659e-23,0.4340974212034384,0.16666666666666666
Epidermis1,tmprss11f,10.347926,6.189884,4.276471526709947e-25,1.4011544321972635e-23,0.29369627507163326,0.006238859180035651
Epidermis1,mfsd1,10.346275,2.5090966,4.350842486103179e-25,1.4233843161807716e-23,0.37822349570200575,0.10427807486631016
Epidermis1,erbin,10.34389,1.236477,4.460535143783215e-25,1.4570858888097835e-23,0.6532951289398281,0.4982174688057041
Epidermis1,galnt1,10.340221,1.1116726,4.634666612981586e-25,1.5117049351550253e-23,0.670487106017192,0.47237076648841353
Epidermis1,capn1,10.323389,2.151143,5.523843807317909e-25,1.799041727156479e-23,0.4154727793696275,0.15418894830659535
Epidermis1,acsl4,10.322839,1.2776593,5.55560848464355e-25,1.806690502882368e-23,0.5830945558739254,0.3582887700534759
Epidermis1,dlx5,10.318619,1.0014051,5.805226385482838e-25,1.885057216631265e-23,0.7249283667621776,0.5231729055258467
Epidermis1,ccdc186,10.253399,2.0711558,1.1425397264495248e-24,3.688070912848385e-23,0.40830945558739257,0.14616755793226383
Epidermis1,hyou1,10.24895,2.3131433,1.1963631243907504e-24,3.8561063127519296e-23,0.3825214899713467,0.10695187165775401
Epidermis1,vgll1,10.184326,7.0361524,2.329686736273879e-24,7.432177525180164e-23,0.28653295128939826,0.0035650623885918
Epidermis1,slco2b1,10.105255,2.6898735,5.2359332409077516e-24,1.6558449166644643e-22,0.3524355300859599,0.08199643493761141
Epidermis1,tmed10l,10.040769,5.814885,1.0088507725010564e-23,3.1629501015439014e-22,0.28653295128939826,0.008021390374331552
Epidermis1,vtcn1,9.989675,5.9888687,1.6913557326717008e-23,5.279981894510612e-22,0.2836676217765043,0.006238859180035651
Epidermis1,LOC100496053,9.986739,4.675812,1.7421808215245772e-23,5.430875386641115e-22,0.29369627507163326,0.017825311942959002
Epidermis1,b4galt3l2,9.900468,2.1018164,4.143339350645209e-23,1.2770029374354395e-21,0.3868194842406877,0.12834224598930483
Epidermis1,ildr1,9.896752,1.9146628,4.3001249193325844e-23,1.3234559360332344e-21,0.4068767908309456,0.14527629233511585
Epidermis1,pick1,9.891845,1.5364596,4.5162736857796564e-23,1.3860704373754975e-21,0.47564469914040114,0.22281639928698752
Epidermis1,dst,9.782502,2.5962873,1.33859009177184e-22,4.090948794475254e-21,0.3524355300859599,0.09269162210338681
Epidermis1,dhfr,9.750627,6.3430257,1.8333344326033545e-22,5.57175357295791e-21,0.27650429799426934,0.006238859180035651
Epidermis1,ints8,9.732097,1.0210305,2.200099617559364e-22,6.649359245812033e-21,0.6547277936962751,0.44563279857397503
Epidermis1,enc1,9.6912775,2.6886222,3.283962551725282e-22,9.870433449200742e-21,0.332378223495702,0.06684491978609626
Epidermis1,LOC100492852,9.667427,5.5499835,4.146710876986068e-22,1.2429310171251785e-20,0.27793696275071633,0.00980392156862745
Epidermis1,rgl3,9.619498,1.2564919,6.615298624712345e-22,1.9693373982243943e-20,0.5501432664756447,0.3155080213903743
Epidermis1,depdc1b,9.616058,1.1095555,6.840215365036851e-22,2.0334701098177634e-20,0.6246418338108882,0.4233511586452763
Epidermis1,rnf31,9.60551,2.2078667,7.578217149518057e-22,2.243748662410224e-20,0.36962750716332377,0.11140819964349376
Epidermis1,znf850,9.530795,2.3736246,1.560826563293947e-21,4.5777952201125297e-20,0.34813753581661894,0.09001782531194295
Epidermis1,hacl1,9.518183,5.498269,1.762341465478766e-21,5.161886324592235e-20,0.2722063037249284,0.0071301247771836
Epidermis1,cope,9.513229,1.2912138,1.8483405667576936e-21,5.406520041182256e-20,0.5329512893982808,0.31194295900178254
Epidermis1,tfcp2l1,9.489287,1.1280708,2.3261855758124042e-21,6.767959393306996e-20,0.6074498567335244,0.44028520499108736
Epidermis1,stk24,9.476262,2.0353513,2.635555305178483e-21,7.637510267503278e-20,0.38108882521489973,0.13101604278074866
Epidermis1,syngr2,9.417233,3.8089006,4.631287261862137e-21,1.3385340310078634e-19,0.28796561604584525,0.0285204991087344
Epidermis1,depdc7,9.346556,1.2984979,9.054841091464926e-21,2.582819443880473e-19,0.5157593123209169,0.2914438502673797
Epidermis1,gpa33,9.338162,1.5501925,9.802051039074703e-21,2.792304905008474e-19,0.4455587392550143,0.21479500891265596
Epidermis1,pik3r6,9.332063,6.6627116,1.0383058874766418e-20,2.950113642008828e-19,0.2636103151862464,0.004456327985739751
Epidermis1,LOC101731022,9.298077,1.4904625,1.4300951943147706e-20,4.0474847256994307e-19,0.45415472779369626,0.22370766488413546
Epidermis1,rab11fip1,9.286931,2.208459,1.5880087708205916e-20,4.488593184983954e-19,0.35673352435530087,0.10427807486631016
Epidermis1,hes4,9.274089,1.7008116,1.7914340676850172e-20,5.057035289903592e-19,0.4140401146131805,0.1657754010695187
Epidermis1,atp6ap2,9.264182,2.7712958,1.9657809104527442e-20,5.542029101678209e-19,0.31805157593123207,0.0659536541889483
Epidermis1,hagh,9.201806,4.702536,3.519843621975608e-20,9.8218040505281e-19,0.2693409742120344,0.0142602495543672
Epidermis1,LOC100493455,9.158692,2.4005923,5.252985631622983e-20,1.4601961715623583e-18,0.336676217765043,0.08823529411764706
Epidermis1,LOC733461,9.15218,7.6824446,5.579614808281636e-20,1.5490174902228192e-18,0.25644699140401145,0.0017825311942959
Epidermis1,ankib1,9.145117,1.1597102,5.956560394349288e-20,1.6494683295062918e-18,0.5702005730659025,0.3689839572192513
Epidermis1,rc3h1,9.1091585,1.1182297,8.302350752930249e-20,2.2816825664948483e-18,0.5616045845272206,0.3805704099821747
Epidermis1,cfap61,9.103333,3.850344,8.760091565691497e-20,2.4044523025780396e-18,0.27650429799426934,0.02406417112299465
Epidermis1,LOC100490565,9.100994,2.6275125,8.95084997291871e-20,2.453724839937929e-18,0.3209169054441261,0.07575757575757576
Epidermis1,arhgef3.2,9.097967,1.2218947,9.20381920544299e-20,2.5199063849682746e-18,0.5286532951289399,0.3181818181818182
Epidermis1,esyt3,9.068201,2.4353278,1.2099828639203932e-19,3.2962591852193385e-18,0.32808022922636104,0.0855614973262032
Epidermis1,tmem184b,9.066596,1.6758571,1.227936160069097e-19,3.340996876417427e-18,0.41260744985673353,0.17736185383244207
Epidermis1,kdelr1,9.041141,1.0403537,1.5504551913077164e-19,4.208020239990756e-18,0.6002865329512894,0.3948306595365419
Epidermis1,dennd3,9.033573,1.3507245,1.6615631879934986e-19,4.498383415037982e-18,0.4871060171919771,0.2709447415329768
Epidermis1,sh3bgrl2,8.979452,2.4833791,2.7211838852031967e-19,7.348880390967692e-18,0.32808022922636104,0.08912655971479501
Epidermis1,lpcat4,8.958767,3.3834085,3.283291238766978e-19,8.830580751942436e-18,0.2851002865329513,0.0392156862745098
Epidermis1,kif5a,8.925011,4.2020597,4.456575513461061e-19,1.1946797823001698e-17,0.27507163323782235,0.031194295900178252
Epidermis1,ctf1,8.915608,1.4457924,4.851468231235856e-19,1.2973515719828137e-17,0.4512893982808023,0.22638146167557932
Epidermis1,sgsm3,8.910425,4.724768,5.083718480448166e-19,1.3577946262161497e-17,0.2607449856733524,0.013368983957219251
Epidermis1,uba5,8.898729,2.5411785,5.648948264184957e-19,1.5050757029643462e-17,0.3123209169054441,0.06862745098039216
Epidermis1,rassf3,8.878137,1.5049993,6.798989357041206e-19,1.7961349486682342e-17,0.4512893982808023,0.232620320855615
Epidermis1,neurl1b,8.859102,3.8291748,8.066130870516029e-19,2.1206149605485574e-17,0.2707736389684814,0.025846702317290554
Epidermis1,frk,8.848828,5.742367,8.844271349371213e-19,2.3223928413312785e-17,0.2521489971346705,0.006238859180035651
Epidermis1,impact,8.8117695,3.7619748,1.2318557305895422e-18,3.2153497484682295e-17,0.2693409742120344,0.024955436720142603
Epidermis1,anxa9,8.797505,5.7810907,1.3989080960704287e-18,3.642669876414419e-17,0.2507163323782235,0.006238859180035651
Epidermis1,med13l,8.797185,1.0009787,1.4029147554438688e-18,3.648748853222963e-17,0.6088825214899714,0.4304812834224599
Epidermis1,LOC100496743,8.792919,1.0128671,1.4572338929428817e-18,3.785511997369836e-17,0.5916905444126075,0.40819964349376114
Epidermis1,eps8l1,8.747559,3.4397974,2.1801813274680415e-18,5.616733972453381e-17,0.27793696275071633,0.03832442067736185
Epidermis1,akt2,8.734488,1.0690222,2.447642215310346e-18,6.298349148618757e-17,0.5702005730659025,0.36185383244206776
Epidermis1,slc39a11,8.648857,1.363692,5.201774674569004e-18,1.329132613275998e-16,0.47564469914040114,0.2709447415329768
Epidermis1,itpka,8.648536,1.4991329,5.2164273334814884e-18,1.3313176706888839e-16,0.45702005730659023,0.24509803921568626
Epidermis1,mst1,8.632851,2.1370478,5.984177571804072e-18,1.520148297955025e-16,0.33810888252148996,0.10427807486631016
Epidermis1,nectin4,8.616843,2.208224,6.882520567088028e-18,1.7442913042326114e-16,0.3237822349570201,0.09001782531194295
Epidermis1,sidt1,8.615743,3.6837475,6.94897344233318e-18,1.7590899012198646e-16,0.26504297994269344,0.025846702317290554
Epidermis1,golga2,8.590609,1.2823833,8.650990191967694e-18,2.1798297572624372e-16,0.4899713467048711,0.2878787878787879
Epidermis1,slc25a19,8.483881,2.6447527,2.1780515532050318e-17,5.444130921247078e-16,0.2922636103151863,0.059714795008912656
Epidermis1,cnksr1,8.480349,2.5751417,2.2451934743070302e-17,5.60553395913658e-16,0.29512893982808025,0.06149732620320856
Epidermis1,tpm1,8.445583,1.5695478,3.0253083290229756e-17,7.484722567756276e-16,0.40830945558739257,0.19429590017825313
Epidermis1,rspo2,8.4063225,1.9761955,4.2306529290902836e-17,1.0407787775161114e-15,0.36103151862464183,0.14616755793226383
Epidermis1,nexn,8.397104,2.3704853,4.576244991520547e-17,1.1245297518014623e-15,0.3123209169054441,0.0873440285204991
Epidermis1,abr,8.374676,2.4316924,5.537597782603908e-17,1.3516322283467548e-15,0.3137535816618911,0.09180035650623886
Epidermis1,sytl5,8.319547,4.8595004,8.830064485852026e-17,2.140898190508634e-15,0.24355300859598855,0.013368983957219251
Epidermis1,prss8,8.313126,4.5060225,9.32140713055456e-17,2.2575185904087797e-15,0.24498567335243554,0.0142602495543672
Epidermis1,paqr5,8.244512,4.1235642,1.6583678315428514e-16,3.9678996109755e-15,0.24641833810888253,0.01693404634581105
Epidermis1,trak1,8.233825,1.226402,1.8132911702506488e-16,4.324352636725619e-15,0.5186246418338109,0.34759358288770054
Epidermis1,syt8,8.140444,1.9980881,3.938327666277315e-16,9.260587069594535e-15,0.3209169054441261,0.09982174688057041
Epidermis1,slc44a2,8.131958,1.1126508,4.2240973038798205e-16,9.911185727737803e-15,0.505730659025788,0.3172905525846702
Epidermis1,perp,8.128335,3.3492424,4.3522673413012995e-16,1.0190002752632582e-14,0.25787965616045844,0.0338680926916221
Epidermis1,rab27a,8.10288,5.795686,5.3673173770828e-16,1.251284535099613e-14,0.23065902578796563,0.0053475935828877
Epidermis1,lman1,8.100311,1.8796518,5.481861464554514e-16,1.276624322497802e-14,0.333810888252149,0.11497326203208556
Epidermis1,fhod1,8.022295,1.1035461,1.0378737218145741e-15,2.3940214041982896e-14,0.5716332378223495,0.4393939393939394
Epidermis1,ttc39a,8.01592,4.9516163,1.0931570000535758e-15,2.5188784475363337e-14,0.23209169054441262,0.008912655971479501
Epidermis1,slc39a5,7.9936295,3.722297,1.310230741304512e-15,3.003208509034218e-14,0.24641833810888253,0.025846702317290554
Epidermis1,slc9a1,7.9735866,1.1697135,1.541346056956021e-15,3.521854692024852e-14,0.45702005730659023,0.25757575757575757
Epidermis1,cab39l,7.9729443,4.4092956,1.5493786674420672e-15,3.5365054291059987e-14,0.23638968481375358,0.015151515151515152
Epidermis1,LOC108647650,7.969046,3.7448382,1.5990407290122686e-15,3.642240892252266e-14,0.25358166189111747,0.0374331550802139
Epidermis1,lpcat3,7.960194,1.2341149,1.7176982199877194e-15,3.888163159580086e-14,0.44269340974212035,0.23440285204991088
Epidermis1,erlec1,7.9579926,1.3808959,1.7485305482378452e-15,3.9456758110752865e-14,0.41260744985673353,0.2014260249554367
Epidermis1,ccng2,7.9490485,1.3503429,1.8794908862438245e-15,4.2368151475957124e-14,0.4383954154727794,0.24242424242424243
Epidermis1,ikzf2,7.888048,3.4248753,3.0694901648564428e-15,6.869676398700763e-14,0.2507163323782235,0.0338680926916221
Epidermis1,slc37a1,7.8394313,4.105026,4.525912423647111e-15,1.0026389339736407e-13,0.2335243553008596,0.016042780748663103
Epidermis1,avl9,7.832093,1.0147855,4.798145144023231e-15,1.0607935682647511e-13,0.5544412607449857,0.37433155080213903
Epidermis1,spag1,7.8227825,1.7523901,5.166838675839533e-15,1.1399958214913493e-13,0.32951289398280803,0.11586452762923351
Epidermis1,tmf1,7.7599015,1.1202208,8.499541393220558e-15,1.8572129819874862e-13,0.4785100286532951,0.29411764705882354
Epidermis1,lgals3,7.747151,4.854833,9.397720581879934e-15,2.0486279801918286e-13,0.22636103151862463,0.011586452762923352
Epidermis1,tanc2,7.68982,1.4652148,1.4734251757334826e-14,3.1739003711431714e-13,0.4283667621776504,0.2620320855614973
Epidermis1,mcu,7.651614,1.3810902,1.984720262170666e-14,4.258464192804927e-13,0.41117478510028654,0.22103386809269163
Epidermis1,lrrc59,7.6364326,1.1858464,2.2332268971716465e-14,4.7822614448658e-13,0.4369627507163324,0.24420677361853832
Epidermis1,arhgap44,7.6209307,1.9131446,2.5185362491514952e-14,5.381218422964096e-13,0.30802292263610315,0.09893048128342247
Epidermis1,wwc1,7.597035,1.4973491,3.029931272874002e-14,6.444067281226472e-13,0.37392550143266473,0.17736185383244207
Epidermis1,LOC116412277,7.5491056,1.1316503,4.382566164284768e-14,9.284657890374555e-13,0.4713467048710602,0.2887700534759358
Epidermis1,prrg2,7.532732,1.1759237,4.968951884532399e-14,1.0506540607788903e-12,0.42120343839541546,0.21746880570409982
Epidermis1,efnb1,7.484528,1.0737941,7.180477759009572e-14,1.5065885113398835e-12,0.4799426934097421,0.3057040998217469
Epidermis1,adam15,7.434581,2.803752,1.0490000841260034e-13,2.1862684656841947e-12,0.25358166189111747,0.05258467023172905
Epidermis1,ogfod2,7.4139876,1.1176075,1.2255746279899167e-13,2.542135357164256e-12,0.4684813753581662,0.2878787878787879
Epidermis1,LOC100489305,7.4001365,2.6416647,1.3604480517498458e-13,2.8138707997377616e-12,0.25358166189111747,0.049019607843137254
Epidermis1,golga1,7.3949075,2.1830978,1.4150656477281228e-13,2.924066998018501e-12,0.2793696275071633,0.0766488413547237
Epidermis1,rab3b,7.389679,1.7360202,1.4718363911261088e-13,3.0384997058432186e-12,0.335243553008596,0.14616755793226383
Epidermis1,zdhhc13,7.386331,1.3828704,1.5093587796841255e-13,3.1071432010837082e-12,0.37249283667621774,0.17557932263814616
Epidermis1,ifrd2,7.3410163,2.005504,2.1197802062652073e-13,4.31383420986759e-12,0.2836676217765043,0.08199643493761141
Epidermis1,slc41a2,7.322762,1.8988422,2.429184033892274e-13,4.9217478926242624e-12,0.3037249283667622,0.10695187165775401
Epidermis1,nus1,7.236444,1.3013293,4.606015453096453e-13,9.229372194859293e-12,0.3853868194842407,0.19607843137254902
Epidermis1,gch1,7.2064486,5.5073113,5.743009964943007e-13,1.1455047572671057e-11,0.20773638968481375,0.008021390374331552
Epidermis1,LOC100486185,7.1859927,3.9028537,6.672068815325919e-13,1.323556487447517e-11,0.2163323782234957,0.01693404634581105
Epidermis1,LOC100497498,7.17182,1.9120369,7.400707379453341e-13,1.4614555269416413e-11,0.3037249283667622,0.11853832442067737
Epidermis1,srpra,7.1516395,1.7597399,8.574742801805726e-13,1.691767293654636e-11,0.3008595988538682,0.10427807486631016
Epidermis1,dctn2,7.1486583,1.9629841,8.763008149722008e-13,1.727349601039602e-11,0.28796561604584525,0.09536541889483066
Epidermis1,sacm1l,7.133202,1.8985509,9.806054468679103e-13,1.9277289600094298e-11,0.29512893982808025,0.10160427807486631
Epidermis1,chmp4c,7.1160483,4.17961,1.1106531143586834e-12,2.179456979174535e-11,0.21203438395415472,0.0142602495543672
Epidermis1,angpt4,7.087062,4.4360967,1.3698931207728953e-12,2.6809361245188653e-11,0.20916905444126074,0.012477718360071301
Epidermis1,abo2,7.036748,2.4272249,1.967785649496373e-12,3.8236020176011e-11,0.2507163323782235,0.057932263814616754
Epidermis1,plk2,7.014182,2.6619835,2.312978180311834e-12,4.470460307580561e-11,0.23925501432664756,0.045454545454545456
Epidermis1,stt3a,7.012852,1.7127659,2.3350823211958326e-12,4.509188613346395e-11,0.3037249283667622,0.11319073083778966
Epidermis1,LOC100487011,6.8148985,4.7380085,9.433019549898018e-12,1.7623109554651083e-10,0.2020057306590258,0.0142602495543672
Epidermis1,snap23,6.800772,1.0974629,1.040597828911506e-11,1.9407594209126474e-10,0.40830945558739257,0.23529411764705882
Epidermis1,LOC549052,6.786187,4.2746997,1.1513571824761992e-11,2.1400140612276953e-10,0.2020057306590258,0.0142602495543672
Epidermis1,palm3,6.7848115,3.4555967,1.1623835875105408e-11,2.1586699798355328e-10,0.21203438395415472,0.02406417112299465
Epidermis1,hdac7,6.779766,1.0137982,1.2037057941234542e-11,2.2335088548952292e-10,0.4684813753581662,0.30303030303030304
Epidermis1,LOC100485015,6.721701,3.3702145,1.796152190978247e-11,3.2880735704141214e-10,0.21203438395415472,0.026737967914438502
Epidermis1,fam49a,6.709455,1.9556307,1.9535256893958376e-11,3.5701745450843025e-10,0.2664756446991404,0.08288770053475936
Epidermis1,arl1,6.701566,1.4492228,2.0619729271013356e-11,3.765214329897761e-10,0.3223495702005731,0.14705882352941177
Epidermis1,cyp4f22,6.6969337,6.2988544,2.1283781553714306e-11,3.8767395432687806e-10,0.18911174785100288,0.00267379679144385
Epidermis1,sipa1l3,6.6777625,1.8705646,2.426180616412053e-11,4.4044664917410496e-10,0.28653295128939826,0.11051693404634581
Epidermis1,sppl2a,6.6675344,1.4587471,2.6013643238650055e-11,4.714648746765638e-10,0.3209169054441261,0.13903743315508021
Epidermis1,rffl,6.6501517,2.3505945,2.927912855220583e-11,5.284531547871658e-10,0.23925501432664756,0.05525846702317291
Epidermis1,acacb,6.6372633,1.6134874,3.1956003041782804e-11,5.762908614667295e-10,0.2994269340974212,0.12032085561497326
Epidermis1,bspry,6.6356583,6.044043,3.230575462592673e-11,5.821171525122603e-10,0.1876790830945559,0.00267379679144385
Epidermis1,aftph,6.634695,1.1996756,3.2517400910912545e-11,5.854473640899527e-10,0.37679083094555876,0.20588235294117646
Epidermis1,slc43a1,6.6284575,1.5272822,3.3921287359361273e-11,6.102196302296969e-10,0.3452722063037249,0.1800356506238859
Epidermis1,LOC100494424,6.590894,2.1988192,4.371859413596549e-11,7.838812182751872e-10,0.2492836676217765,0.06951871657754011
Epidermis1,LOC100493594,6.5598435,2.0810704,5.3864318234251656e-11,9.602722942725534e-10,0.25501432664756446,0.07754010695187166
Epidermis1,ap1g1,6.5551195,1.5509436,5.5597413607194184e-11,9.90360132508232e-10,0.3137535816618911,0.1408199643493761
Epidermis1,gclc,6.517785,5.4165363,7.135308121983539e-11,1.26482175897484e-09,0.18911174785100288,0.008912655971479501
Epidermis1,pik3ca,6.502787,1.7901862,7.884523479061832e-11,1.394231659940099e-09,0.27507163323782235,0.10071301247771836
Epidermis1,hcfc2,6.489899,1.6695689,8.589379644538157e-11,1.5136642715012593e-09,0.2922636103151863,0.12121212121212122
Epidermis1,clta,6.4776073,1.4620303,9.318842631834228e-11,1.6385694203807791e-09,0.32521489971346706,0.15597147950089127
Epidermis1,srprb,6.4371543,2.021044,1.2173402200479936e-10,2.1297782931160672e-09,0.25644699140401145,0.08199643493761141
Epidermis1,tab2,6.431559,1.2678897,1.263017793407776e-10,2.206590173735074e-09,0.3424068767908309,0.17379679144385027
Epidermis1,ddr1,6.4148183,2.3609107,1.4099099159937658e-10,2.453400660039869e-09,0.2335243553008596,0.057932263814616754
Epidermis1,scel,6.4089932,4.330972,1.4648356901324684e-10,2.5428941602530304e-09,0.1876790830945559,0.008912655971479501
Epidermis1,clic1,6.355836,2.8328793,2.0729634806702426e-10,3.5758210364984475e-09,0.21203438395415472,0.036541889483065956
Epidermis1,arpc1a,6.309237,2.1530094,2.8041450398677124e-10,4.799156777643401e-09,0.24355300859598855,0.07308377896613191
Epidermis1,pdia4,6.2907534,1.6939793,3.159289483823312e-10,5.3942766687408834e-09,0.2808022922636103,0.11051693404634581
Epidermis1,hid1,6.2630053,3.0808163,3.776284333909521e-10,6.417624645657295e-09,0.2034383954154728,0.030303030303030304
Epidermis1,ralbp1,6.261079,1.0121119,3.8232350395252225e-10,6.492358894745516e-09,0.40257879656160456,0.24777183600713013
Epidermis1,afmid,6.2472277,6.804324,4.1780240085251523e-10,7.0838121126672375e-09,0.17621776504297995,0.00267379679144385
Epidermis1,alg9,6.2391095,1.0855893,4.400692698021344e-10,7.449768453337761e-09,0.3853868194842407,0.2281639928698752
Epidermis1,rell1,6.2095723,1.6904788,5.312900486226777e-10,8.931648806622073e-09,0.2722063037249284,0.10427807486631016
Epidermis1,fbp1,6.1962256,4.742646,5.783322736534518e-10,9.715002727784428e-09,0.17908309455587393,0.006238859180035651
Epidermis1,agbl5,6.115228,1.0764987,9.64190328842127e-10,1.597539648114203e-08,0.3681948424068768,0.20499108734402852
Epidermis1,mideas,6.097983,1.8003051,1.0741535758228799e-09,1.7756897862144745e-08,0.25787965616045844,0.09269162210338681
Epidermis1,fam83h,6.0851865,1.4563377,1.1635587672310608e-09,1.9176749138783218e-08,0.29083094555873923,0.12923351158645277
Epidermis1,camk1,6.059456,1.4718355,1.3658259257923203e-09,2.2308149346342982e-08,0.28939828080229224,0.12477718360071301
Epidermis1,LOC548809,6.035239,4.9742618,1.587272132581289e-09,2.578992196951326e-08,0.17478510028653296,0.0071301247771836
Epidermis1,efcab10,6.0328546,1.5311415,1.6108854997730448e-09,2.6154116436419354e-08,0.2664756446991404,0.09803921568627451
Epidermis1,nfxl1,6.012811,2.3867457,1.8233313850600566e-09,2.9581348812933456e-08,0.2177650429799427,0.053475935828877004
Epidermis1,dop1b,5.983091,2.9074383,2.1894255182088573e-09,3.541545903101221e-08,0.1991404011461318,0.0338680926916221
Epidermis1,tfg,5.979926,1.482338,2.232387720925026e-09,3.608365367281851e-08,0.2822349570200573,0.12299465240641712
Epidermis1,ndel1,5.968781,1.7389029,2.390327284084016e-09,3.84655838244818e-08,0.25787965616045844,0.09893048128342247
Epidermis1,gal3st4.1,5.9563518,5.2305503,2.5793117377612987e-09,4.1354269970381555e-08,0.17048710601719197,0.004456327985739751
Epidermis1,eif1,5.909065,1.8616087,3.4405549968618985e-09,5.476028489170203e-08,0.24068767908309455,0.08021390374331551
Epidermis1,rin3,5.896727,1.1185806,3.7078245945577198e-09,5.87570373840552e-08,0.3524355300859599,0.20053475935828877
Epidermis1,prkcd,5.8945255,2.6668258,3.757595220907616e-09,5.9459380214231386e-08,0.1991404011461318,0.034759358288770054
Epidermis1,inpp5a.2,5.886453,2.1612532,3.9457123080335735e-09,6.225552297440391e-08,0.22206303724928367,0.06060606060606061
Epidermis1,LOC100497729,5.875354,5.804269,4.219408373485121e-09,6.628632837855926e-08,0.167621776504298,0.004456327985739751
Epidermis1,parm1,5.873336,2.4835668,4.271118467272019e-09,6.705041444197318e-08,0.20916905444126074,0.0481283422459893
Epidermis1,LOC100216148,5.8366437,1.7421613,5.3262770531933025e-09,8.319591379937799e-08,0.24355300859598855,0.08377896613190731
Epidermis1,gmds,5.8334794,2.1244178,5.428338038037192e-09,8.466888086348076e-08,0.23782234957020057,0.08288770053475936
Epidermis1,syt16,5.8184357,5.704288,5.940098465438703e-09,9.232114573670793e-08,0.166189111747851,0.004456327985739751
Epidermis1,isoc2,5.811556,1.8062677,6.189492702797535e-09,9.578788671471278e-08,0.24498567335243554,0.08645276292335116
Epidermis1,gabbr1,5.8021994,2.7002707,6.545071923163894e-09,1.0100425349035313e-07,0.1977077363896848,0.0374331550802139
Epidermis1,LOC116408024,5.7851377,4.395208,7.245305581161094e-09,1.115736154456713e-07,0.16905444126074498,0.008021390374331552
Epidermis1,nectin3,5.766516,3.0199418,8.092689962186144e-09,1.2427205324761706e-07,0.19054441260744986,0.031194295900178252
Epidermis1,gulp1,5.762801,5.19781,8.272921848235552e-09,1.2695037106212937e-07,0.167621776504298,0.008021390374331552
Epidermis1,LOC100496344,5.7025347,3.87384,1.1803895578305709e-08,1.7887000375986727e-07,0.17335243553008595,0.015151515151515152
Epidermis1,hip1r,5.695242,1.2736404,1.2319702098819444e-08,1.864273366840077e-07,0.30945558739255014,0.16042780748663102
Epidermis1,arfip2,5.6838675,1.2435143,1.3168229880844841e-08,1.9912955248088377e-07,0.3209169054441261,0.17914438502673796
Epidermis1,p3h3,5.670475,1.6457126,1.4240220280068246e-08,2.1444847945574135e-07,0.24641833810888253,0.09090909090909091
Epidermis1,tmed7,5.664008,1.1724017,1.4787753452316941e-08,2.2254039178138482e-07,0.3151862464183381,0.16310160427807488
Epidermis1,copg1,5.653046,1.9615903,1.5762888673940257e-08,2.3639999570725108e-07,0.22636103151862463,0.07308377896613191
Epidermis1,ppp1r3c.2,5.642589,1.846163,1.6751188627630102e-08,2.507048607980223e-07,0.23209169054441262,0.0784313725490196
Epidermis1,kdf1,5.6255274,1.7988541,1.8494223506123843e-08,2.758458312557268e-07,0.23782234957020057,0.0855614973262032
Epidermis1,itsn2,5.614611,1.4126732,1.9700453293999226e-08,2.922390151790327e-07,0.27650429799426934,0.1265597147950089
Epidermis1,MGC75872,5.609199,27.28757,2.0326486228823643e-08,3.011162634074411e-07,0.15616045845272206,0.0
Epidermis1,LOC100491461,5.590716,2.4082592,2.261356029303908e-08,3.3363793046274895e-07,0.1977077363896848,0.04367201426024955
Epidermis1,LOC100135231,5.5869546,4.6221848,2.3108590763417187e-08,3.407111885463017e-07,0.16332378223495703,0.008021390374331552
Epidermis1,gale,5.58379,3.3197563,2.353327606434777e-08,3.467384314653158e-07,0.17621776504297995,0.0213903743315508
Epidermis1,slc10a7,5.55728,1.1732125,2.7401088365516127e-08,4.026391577265504e-07,0.31805157593123207,0.1711229946524064
Epidermis1,fam72a,5.5562253,1.6358463,2.7567118189894175e-08,4.0480624900516874e-07,0.2349570200573066,0.08110516934046345
Epidermis1,hebp1,5.552418,3.6633317,2.8174425610261637e-08,4.13168105673064e-07,0.17191977077363896,0.01871657754010695
Epidermis1,frrs1,5.52256,4.247517,3.34095137787861e-08,4.86668224410475e-07,0.16475644699140402,0.011586452762923352
Epidermis1,cert1,5.521414,1.5305794,3.362830746869674e-08,4.895285505499876e-07,0.26504297994269344,0.12032085561497326
Epidermis1,arhgef28,5.5140753,2.972393,3.506185835236963e-08,5.097167295849818e-07,0.18481375358166188,0.0338680926916221
Epidermis1,rhov,5.5122867,2.187906,3.542017090355481e-08,5.141666172287659e-07,0.20773638968481375,0.0570409982174688
Epidermis1,vmp1,5.5121946,1.5598433,3.5438641323132023e-08,5.141666172287659e-07,0.2521489971346705,0.10338680926916222
Epidermis1,tspan3,5.500545,1.8567591,3.786189637390592e-08,5.482312148473796e-07,0.22349570200573066,0.07308377896613191
Epidermis1,scnn1a,5.4219785,4.3420806,5.8943039408548696e-08,8.406510215254518e-07,0.16045845272206305,0.00980392156862745
Epidermis1,slc35b4,5.403036,2.395268,6.55222851847844e-08,9.320480997504436e-07,0.19197707736389685,0.0427807486631016
Epidermis1,crocc,5.3990917,1.4746532,6.697914991268072e-08,9.515312696904986e-07,0.2693409742120344,0.12923351158645277
Epidermis1,snx33,5.3922577,1.6316595,6.957785868322569e-08,9.871641445557008e-07,0.2349570200573066,0.0873440285204991
Epidermis1,fucolectin,5.3727193,4.9828773,7.755802586468759e-08,1.0939842807972513e-06,0.15759312320916904,0.008912655971479501
Epidermis1,fam221a,5.338137,1.2580793,9.390646315892558e-08,1.315232947747699e-06,0.2836676217765043,0.14349376114081996
Epidermis1,ugcg,5.3362565,1.4040147,9.488510224954072e-08,1.3280871175030325e-06,0.2593123209169054,0.11319073083778966
Epidermis1,LOC100492479,5.3322663,5.7882147,9.699453727379012e-08,1.3558730287324626e-06,0.1518624641833811,0.0035650623885918
Epidermis1,cd9,5.3264875,2.1925619,1.0013025405623422e-07,1.397021914169493e-06,0.1991404011461318,0.053475935828877004
Epidermis1,stoml2,5.3152046,1.1227746,1.0653758053153755e-07,1.484518866397625e-06,0.335243553008596,0.2103386809269162
Epidermis1,dnaja4.1,5.305894,2.4484825,1.1212213160350273e-07,1.5583547985477918e-06,0.18481375358166188,0.0374331550802139
Epidermis1,slc25a16,5.2778707,1.2097418,1.3069382038995674e-07,1.8061240371939494e-06,0.2822349570200573,0.13992869875222816
Epidermis1,rilpl1,5.2400317,2.1394522,1.6054893301551816e-07,2.207522537701085e-06,0.20916905444126074,0.06951871657754011
Epidermis1,acsbg1,5.2390685,6.675316,1.6138901712776986e-07,2.2176761604188073e-06,0.14756446991404013,0.0017825311942959
Epidermis1,slc38a10,5.234528,1.0767493,1.6540700306590817e-07,2.2714576550668233e-06,0.3223495702005731,0.18983957219251338
Epidermis1,slc13a3,5.2186127,3.854354,1.8026814461360457e-07,2.4646811927402664e-06,0.15902578796561603,0.0142602495543672
Epidermis1,cast,5.202285,2.1423542,1.968531501222794e-07,2.683030973652879e-06,0.20916905444126074,0.07040998217468805
Epidermis1,arpc1b,5.16252,1.1337669,2.4364743240748155e-07,3.2981579544439547e-06,0.30945558739255014,0.1800356506238859
Epidermis1,znf519,5.1538515,1.1387972,2.5519014074980746e-07,3.447990130836872e-06,0.29656160458452724,0.1622103386809269
Epidermis1,hook3,5.1327996,1.1771948,2.854641182475138e-07,3.835660421354063e-06,0.2851002865329513,0.1443850267379679
Epidermis1,galnt10,5.1217003,2.3323472,3.0279325226362367e-07,4.056016916908859e-06,0.1833810888252149,0.04188948306595366
Epidermis1,rrbp1,5.118673,1.4892293,3.0769296156240623e-07,4.119121542486667e-06,0.24212034383954154,0.10071301247771836
Epidermis1,gdf2,5.1038127,1.58776,3.3287773260465805e-07,4.442645261875378e-06,0.22779369627507162,0.09001782531194295
Epidermis1,pld3,5.0799627,3.6994138,3.77508581583904e-07,5.0168177580647805e-06,0.15329512893982808,0.011586452762923352
Epidermis1,dtna,5.052031,1.965262,4.3713647962330915e-07,5.784569509921302e-06,0.21060171919770773,0.0748663101604278
Epidermis1,bcl11a,5.0468025,1.7700812,4.4926534061744756e-07,5.937867351673728e-06,0.20630372492836677,0.0659536541889483
Epidermis1,nr1i2,5.0236406,2.849416,5.07010586845554e-07,6.684880976167271e-06,0.167621776504298,0.029411764705882353
Epidermis1,c3orf52,5.015018,4.364338,5.302848884415393e-07,6.983311134992654e-06,0.14756446991404013,0.008021390374331552
Epidermis1,tmem63a,5.008597,2.4873152,5.48282574090414e-07,7.202934406518317e-06,0.17335243553008595,0.034759358288770054
Epidermis1,LOC100495391,4.984151,6.75878,6.223450034740896e-07,8.122123397612505e-06,0.14040114613180515,0.0017825311942959
Epidermis1,wdfy1,4.960347,1.3802847,7.03673846782168e-07,9.139801792043863e-06,0.2507163323782235,0.12121212121212122
Epidermis1,slco4c1,4.9553475,2.7680607,7.220107202346974e-07,9.361257234843336e-06,0.166189111747851,0.029411764705882353
Epidermis1,selenos,4.9472756,2.0024421,7.525945472477182e-07,9.746211047770005e-06,0.19054441260744986,0.053475935828877004
Epidermis1,cyp2a13l,4.944111,2.1387787,7.64922173458124e-07,9.894111883242278e-06,0.17908309455587393,0.040998217468805706
Epidermis1,sh3d19,4.934571,1.3093915,8.032719866006728e-07,1.0377855547432374e-05,0.2679083094555874,0.13992869875222816
Epidermis1,itprid1,4.8437123,1.5312086,1.2743546841877762e-06,1.6148486390047306e-05,0.22063037249283668,0.0873440285204991
Epidermis1,tecr,4.7836747,3.7128181,1.7211896894622645e-06,2.1560321592282477e-05,0.14613180515759314,0.013368983957219251
Epidermis1,acaca,4.7822533,1.2993299,1.7334122462329006e-06,2.16760966332654e-05,0.2664756446991404,0.14171122994652408
Epidermis1,msln,4.721528,4.059951,2.340795935930425e-06,2.8890558890236313e-05,0.14326647564469913,0.012477718360071301
Epidermis1,mylk4,4.701072,2.8644075,2.587991910593926e-06,3.179761907717909e-05,0.15759312320916904,0.027629233511586453
Epidermis1,ssbp2,4.6934586,2.0210774,2.6862457960362262e-06,3.296769938993616e-05,0.18624641833810887,0.057932263814616754
Epidermis1,dyrk2,4.6716266,2.5677943,2.98823685963011e-06,3.644847205924463e-05,0.16045845272206305,0.031194295900178252
Epidermis1,fam219b,4.6616282,2.698945,3.137176691069789e-06,3.815849084494641e-05,0.15472779369627507,0.024955436720142603
Epidermis1,wipf3,4.64952,4.9626794,3.3270880673275416e-06,4.0355969270235846e-05,0.1346704871060172,0.0053475935828877
Epidermis1,fam3d,4.6453004,6.0421124,3.3958232120370705e-06,4.1143952420800066e-05,0.1318051575931232,0.00267379679144385
Epidermis1,slc35a3.2,4.6370444,2.433239,3.534263816366677e-06,4.2759578096422256e-05,0.16905444126074498,0.0427807486631016
Epidermis1,rai14,4.615396,1.1655813,3.923461163672085e-06,4.717016311431877e-05,0.2979942693409742,0.1836007130124777
Epidermis1,tbc1d8b,4.6141577,1.3385668,3.946924081550761e-06,4.740001672180471e-05,0.24068767908309455,0.11942959001782531
Epidermis1,ppdpf,4.589345,1.8707601,4.4463930867589254e-06,5.313512790041977e-05,0.17908309455587393,0.05169340463458111
Epidermis1,casd1,4.585584,2.3682263,4.52719355397861e-06,5.4041515613439416e-05,0.16475644699140402,0.0374331550802139
Epidermis1,txndc12,4.5839787,1.1388043,4.5621082188970865e-06,5.442852019931839e-05,0.2607449856733524,0.13903743315508021
Epidermis1,dipk1c,4.5555882,4.373542,5.2239185915655735e-06,6.195169977530021e-05,0.1346704871060172,0.008021390374331552
Epidermis1,satpa,4.5356827,3.5236278,5.741742135784511e-06,6.787137331795983e-05,0.14326647564469913,0.017825311942959002
Epidermis1,anxa2,4.527886,1.5518069,5.957677703484323e-06,7.03476651340538e-05,0.20487106017191978,0.08110516934046345
Epidermis1,helb,4.505366,1.7736253,6.625863188828428e-06,7.777458883454821e-05,0.19197707736389685,0.06862745098039216
Epidermis1,slc25a23,4.498899,1.3280973,6.830627832791976e-06,7.99975581462845e-05,0.22636103151862463,0.10427807486631016
Epidermis1,fam184a,4.4983487,2.0422423,6.848331379942356e-06,8.010164772844121e-05,0.18624641833810887,0.06417112299465241
Epidermis1,ggt6,4.498303,2.2738125,6.849808655023661e-06,8.010164772844121e-05,0.16332378223495703,0.0392156862745098
Epidermis1,vapa,4.487983,1.2171084,7.190060145894638e-06,8.363235737930004e-05,0.22492836676217765,0.09893048128342247
Epidermis1,LOC100380178,4.4423933,6.196265,8.896372605821356e-06,0.00010265877664284917,0.12607449856733524,0.00267379679144385
Epidermis1,hspa13,4.424506,1.688374,9.66632128053803e-06,0.00011130807211747777,0.18624641833810887,0.06327985739750445
Epidermis1,hexdl,4.412948,4.770001,1.0197248239850404e-05,0.00011698956563710603,0.12893982808022922,0.006238859180035651
Epidermis1,rasa4,4.402124,3.6123593,1.0719631560513027e-05,0.0001227245961605219,0.13753581661891118,0.016042780748663103
Epidermis1,LOC101733000,4.3912997,6.9241543,1.1267508337419214e-05,0.0001287268583407459,0.12320916905444126,0.00089126559714795
Epidermis1,zbtb7b,4.391162,3.5200987,1.127464199577229e-05,0.0001287409539454459,0.1332378223495702,0.0106951871657754
Epidermis1,slc16a12,4.373137,1.2632916,1.2247370139986135e-05,0.00013933778093046793,0.23065902578796563,0.11140819964349376
Epidermis1,fxyd3,4.3380046,1.0213691,1.437821483175548e-05,0.00016205941417548364,0.27507163323782235,0.16310160427807488
Epidermis1,ptger4,4.33195,3.7821796,1.4779423073567106e-05,0.0001663237704426549,0.1303724928366762,0.00980392156862745
Epidermis1,ackr3,4.3298407,4.504692,1.4921729573332017e-05,0.00016783869124725666,0.12607449856733524,0.0053475935828877
Epidermis1,LOC100489483,4.315347,6.6262574,1.5935218707171205e-05,0.00017886955113641093,0.12177650429799428,0.0017825311942959
Epidermis1,ech1,4.310394,1.5655318,1.6296403398264867e-05,0.00018264192016103628,0.1833810888252149,0.06417112299465241
Epidermis1,sfrp2,4.293057,1.4636695,1.7622983176981037e-05,0.00019700364544308565,0.21203438395415472,0.09714795008912656
Epidermis1,LOC101730864,4.2887454,7.0032005,1.7968505786504037e-05,0.0002007633204133664,0.12034383954154727,0.00089126559714795
Epidermis1,pard3b,4.286773,1.2954578,1.8128706704507373e-05,0.00020224259151280948,0.23782234957020057,0.12566844919786097
Epidermis1,spata1,4.255906,1.4779247,2.0820396448023892e-05,0.0002302695747046778,0.19484240687679083,0.07754010695187166
Epidermis1,armh4,4.231781,3.4484696,2.3184786544778134e-05,0.0002555127410068705,0.1332378223495702,0.016042780748663103
Epidermis1,ehd4,4.2201314,3.176306,2.4415983935138324e-05,0.0002678638438655874,0.1346704871060172,0.017825311942959002
Epidermis1,cracr2a,4.192062,2.7466183,2.7643026593908576e-05,0.0003020523201330391,0.14040114613180515,0.02406417112299465
Epidermis1,sertad4,4.1390424,1.6673462,3.4875884050350314e-05,0.00037671003173833883,0.17478510028653296,0.059714795008912656
Epidermis1,c5orf15,4.136749,2.3417907,3.52261186617536e-05,0.0003801528859140085,0.14613180515759314,0.031194295900178252
Epidermis1,yipf5,4.1322083,1.3845519,3.5929460832600915e-05,0.00038716877275465905,0.19197707736389685,0.07754010695187166
Epidermis1,id2,4.125695,1.9161366,3.6961611714648405e-05,0.0003973100143967206,0.16475644699140402,0.05169340463458111
Epidermis1,rnft2,4.1200542,2.0251389,3.787835174693118e-05,0.0004065634596506568,0.15616045845272206,0.04188948306595366
Epidermis1,gopc,4.110514,1.4534786,3.947791099719018e-05,0.0004231078074016144,0.17908309455587393,0.06417112299465241
Epidermis1,fbxo16,4.1050563,1.8278482,4.042165995685702e-05,0.0004327973709119612,0.16475644699140402,0.05080213903743316
Epidermis1,ppp1r1a,4.1040473,2.9161859,4.059846317555098e-05,0.0004344772265589495,0.1361031518624642,0.022281639928698752
Epidermis1,gnb5,4.06153,4.070309,4.875208859570946e-05,0.0005151667434610054,0.12177650429799428,0.008912655971479501
Epidermis1,vps4b,4.05965,1.1688263,4.914636215638267e-05,0.000519081688583943,0.22636103151862463,0.11764705882352941
Epidermis1,lekr1,4.046808,1.3500948,5.192087518381957e-05,0.0005457444207062268,0.20916905444126074,0.10071301247771836
Epidermis1,hhip,4.041258,2.5762775,5.316523453322979e-05,0.0005582861322182902,0.14326647564469913,0.03208556149732621
Epidermis1,LOC116408400,4.023783,2.0232985,5.7270593669899514e-05,0.0005993772779236821,0.16332378223495703,0.053475935828877004
Epidermis1,dusp1,4.012776,1.1874008,6.000890424094547e-05,0.0006256351167900961,0.2134670487106017,0.10249554367201426
Epidermis1,fcgbp,4.0077767,7.2193637,6.1293080408854e-05,0.000637500623261012,0.11318051575931232,0.0017825311942959
Epidermis1,vegfc,4.006951,2.4231098,6.150763338329323e-05,0.0006388186901746033,0.14613180515759314,0.035650623885918005
Epidermis1,ostc,4.0064006,1.4931073,6.165106351926972e-05,0.0006400037378943788,0.17621776504297995,0.06506238859180036
Epidermis1,golm1,3.9985118,4.3223233,6.374201027053735e-05,0.0006598265683649884,0.1174785100286533,0.006238859180035651
Epidermis1,cldn23,3.9836974,7.4394917,6.785126705155257e-05,0.0006997081750150892,0.11174785100286533,0.00089126559714795
Epidermis1,cldn6.1,3.959343,1.096548,7.515621473148164e-05,0.0007717570643085463,0.2163323782234957,0.10784313725490197
Epidermis1,smap1,3.9544356,1.5011487,7.671556366288586e-05,0.0007862894855273989,0.18481375358166188,0.07754010695187166
Epidermis1,serinc1.1,3.9239812,1.5375246,8.709756034331646e-05,0.0008876954060025729,0.17621776504297995,0.06862745098039216
Epidermis1,dennd11,3.8769696,1.1170698,0.00010576561370780672,0.001068972420897661,0.2177650429799427,0.1140819964349376
Epidermis1,apbb1,3.8650446,1.7186698,0.0001110689067058168,0.0011184285247935527,0.166189111747851,0.06149732620320856
Epidermis1,sec24d,3.8383512,3.6337698,0.00012386326268819722,0.0012426759793651271,0.12034383954154727,0.0142602495543672
Epidermis1,arhgef16,3.8291323,1.4201449,0.00012859587267220496,0.0012848399897345166,0.19340974212034384,0.09090909090909091
Epidermis1,natd1,3.8184457,3.2712598,0.00013429511523654935,0.0013374959879400928,0.12034383954154727,0.0142602495543672
Epidermis1,rint1,3.8145473,1.178143,0.00013643285352005856,0.0013581666499366777,0.2134670487106017,0.11229946524064172
Epidermis1,tmem208,3.810511,1.6432796,0.0001386797905177667,0.0013792760751541418,0.16045845272206305,0.054367201426024955
Epidermis1,arhgef37,3.802026,3.3577404,0.00014351762530228376,0.0014228523860613967,0.12034383954154727,0.015151515151515152
Epidermis1,LOC100485144,3.778635,4.8469353,0.00015769041702239049,0.0015548859420901865,0.11031518624641834,0.0053475935828877
Epidermis1,trpv6,3.773223,6.5043697,0.00016115223057803075,0.0015875859248050605,0.10601719197707736,0.00089126559714795
Epidermis1,uts2rl2,3.7711132,4.378177,0.00016252102392353822,0.001598904987842889,0.11031518624641834,0.0053475935828877
Epidermis1,mrpl42,3.7624445,1.1378496,0.0001682606166550583,0.0016509059874235733,0.20487106017191978,0.10427807486631016
Epidermis1,tspo,3.754831,1.8096054,0.0001734585015897254,0.0016996129156665461,0.1504297994269341,0.04634581105169341
Epidermis1,fzd8,3.7470798,1.1627582,0.00017890519955959287,0.0017498387985611277,0.20916905444126074,0.10784313725490197
Epidermis1,ccdc125,3.7289171,1.479394,0.00019230429647940523,0.0018716646090442023,0.17478510028653296,0.07308377896613191
Epidermis1,ndfip1,3.7245142,1.5249527,0.00019569170376506462,0.0019020884934777172,0.17048710601719197,0.06862745098039216
Epidermis1,ap1m2,3.7165337,2.0123208,0.0002019747278987226,0.001956187544375511,0.14326647564469913,0.040998217468805706
Epidermis1,gns,3.7117636,1.8651596,0.00020582007535294882,0.001989898034681744,0.14469914040114612,0.040998217468805706
Epidermis1,chst4,3.707544,4.004643,0.00020927894943640243,0.002021547567796254,0.11174785100286533,0.008912655971479501
Epidermis1,slc4a1,3.6954815,2.7079117,0.00021947034118102856,0.002112510946145225,0.12464183381088825,0.022281639928698752
Epidermis1,mybpc3,3.6904824,5.591199,0.00022382921727159897,0.0021525682459601417,0.10458452722063037,0.0017825311942959
Epidermis1,irak2,3.6874552,5.467433,0.00022650790049687954,0.002174495775073651,0.10601719197707736,0.0035650623885918
Epidermis1,mpc2,3.6724114,4.6850924,0.00024027233660195798,0.0023015727203649365,0.10744985673352435,0.0053475935828877
Epidermis1,dlx6,3.642003,1.3129948,0.00027052488308001136,0.002574410585996044,0.18051575931232092,0.08110516934046345
Epidermis1,flnb,3.6403978,1.3554915,0.00027221718625553975,0.0025893858854760823,0.18051575931232092,0.08110516934046345
Epidermis1,gdpd3,3.6125119,4.2819357,0.00030324526524776424,0.002860836546896439,0.10601719197707736,0.0053475935828877
Epidermis1,naalad2,3.6019628,2.404737,0.00031582347019859893,0.0029662151722232803,0.1318051575931232,0.03297682709447415
Epidermis1,mob4,3.6017795,1.0032537,0.0003160464816195008,0.0029662151722232803,0.23209169054441262,0.1354723707664884
Epidermis1,vwf,3.583571,4.151129,0.0003389285687586591,0.0031692629236484285,0.10744985673352435,0.008021390374331552
Epidermis1,hes5.10,3.5779295,4.911892,0.0003463266809063774,0.0032337160907394353,0.10315186246418338,0.0035650623885918
Epidermis1,nisch,3.5777004,4.1181808,0.00034663058875442136,0.0032351694085586947,0.11031518624641834,0.011586452762923352
Epidermis1,ptbp3,3.576416,3.0980682,0.00034833708780636173,0.0032469301977883893,0.11318051575931232,0.013368983957219251
Epidermis1,prickle3,3.5631151,5.818812,0.00036647973446380814,0.003410215047221645,0.1017191977077364,0.00267379679144385
Epidermis1,csrnp1,3.5396323,1.2456079,0.0004006848360938383,0.0037079490281610034,0.1876790830945559,0.09269162210338681
Epidermis1,copz1,3.5374768,1.5799897,0.00040396987033275704,0.0037320180103857284,0.15472779369627507,0.0570409982174688
Epidermis1,LOC100486385,3.5364218,4.315088,0.0004055865930044844,0.003743783860385302,0.10458452722063037,0.006238859180035651
Epidermis1,gramd1b,3.523075,4.706151,0.000426570537320468,0.0039225434870922594,0.10315186246418338,0.0053475935828877
Epidermis1,derl2,3.50716,1.3779867,0.0004529169045106611,0.004142120609106092,0.16475644699140402,0.06684491978609626
Epidermis1,slc19a3.2,3.489502,6.212106,0.0004839216745320256,0.004410883400151767,0.0988538681948424,0.0017825311942959
Epidermis1,dnajc5,3.4862914,1.7690874,0.0004897673370107152,0.004458578665377896,0.13896848137535817,0.04188948306595366
Epidermis1,map3k2,3.4800994,1.2782148,0.0005012275188292109,0.004559101995986749,0.18051575931232092,0.0855614973262032
Epidermis1,kdelr3,3.471431,1.3760271,0.0005176922521947093,0.004693212561338077,0.1518624641833811,0.054367201426024955
Epidermis1,ntan1,3.4507918,3.031431,0.0005589445785069162,0.0050337307666526694,0.11031518624641834,0.0142602495543672
Epidermis1,sdf2,3.436115,1.2450994,0.0005901204364104524,0.005297004542539072,0.17908309455587393,0.0855614973262032
Epidermis1,LOC100490052,3.4304278,3.3840585,0.0006026304722657399,0.005402629225682297,0.10744985673352435,0.012477718360071301
Epidermis1,zcchc4,3.426988,2.1804888,0.0006103163613428258,0.0054625567353822,0.12893982808022922,0.034759358288770054
Epidermis1,ttf2,3.4202917,1.1526321,0.000625540518185234,0.005591937585956571,0.19340974212034384,0.10249554367201426
Epidermis1,tbx3,3.402175,2.7655137,0.0006685184330266347,0.005946897972716754,0.11461318051575932,0.020499108734402853
Epidermis1,s100a10,3.3966253,2.1555114,0.0006822233538153209,0.006056466966478486,0.12607449856733524,0.03208556149732621
Epidermis1,LOC100216133,3.396396,26.535263,0.0006827952528426977,0.006058646218702676,0.09455587392550144,0.0
Epidermis1,znf534,3.3963041,2.002401,0.0006830241372076707,0.006058646218702676,0.1318051575931232,0.03832442067736185
Epidermis1,LOC100145155,3.3960748,4.782677,0.0006835966601827005,0.006058798830969418,0.0988538681948424,0.004456327985739751
Epidermis1,arrdc1,3.3781874,1.298919,0.0007296531560148649,0.006425246778611932,0.16475644699140402,0.07130124777183601
Epidermis1,grin1,3.374289,5.0549283,0.0007400663827043099,0.006506441795725522,0.09742120343839542,0.0035650623885918
Epidermis1,serp1,3.3538332,1.9358326,0.0007970040221438448,0.006967718256090079,0.1346704871060172,0.0427807486631016
Epidermis1,adipor2,3.3521361,2.768226,0.0008019056986622387,0.0070021545620282954,0.11031518624641834,0.01693404634581105
Epidermis1,tmprss2.1,3.3271396,1.1211818,0.0008774236601987098,0.0076249548742317996,0.19197707736389685,0.10249554367201426
Epidermis1,cpeb4,3.3164072,1.1672301,0.0009118282793417537,0.007908189540348333,0.17765042979942694,0.08645276292335116
Epidermis1,gipc1,3.3164072,1.9734198,0.0009118282793417537,0.007908189540348333,0.12750716332378223,0.035650623885918005
Epidermis1,mfsd11,3.3062253,1.0105767,0.0009456202708327211,0.008188246003905083,0.2163323782234957,0.1319073083778966
Epidermis1,LOC100127624,3.3058584,5.627522,0.0009468593847689524,0.008195723377645105,0.09455587392550144,0.00267379679144385
Epidermis1,ngly1,3.2986116,1.5170108,0.0009716421843105118,0.008386947825885949,0.14613180515759314,0.054367201426024955
Epidermis1,serinc2,3.294117,1.3355684,0.000987314223696028,0.008508761325146535,0.15472779369627507,0.062388591800356503
Epidermis1,dynlt3,3.293475,26.70366,0.0009895720964857829,0.008524853027009975,0.09169054441260745,0.0
Epidermis1,zfhx2,3.2899432,1.2023427,0.001002076084914996,0.00862235893096614,0.167621776504298,0.07575757575757576
Epidermis1,riok3,3.2825131,1.3690063,0.0010288621667134948,0.00883889816529731,0.15616045845272206,0.0659536541889483
Epidermis1,slf1,3.2809079,1.2290564,0.0010347356546311537,0.008878870121787811,0.17908309455587393,0.09090909090909091
Epidermis1,ulk2,3.2361894,3.1504552,0.0012113697600640268,0.010293340940170221,0.1017191977077364,0.011586452762923352
Epidermis1,otogl2,3.2120645,7.4530363,0.001317848260158772,0.011120172809328912,0.09025787965616046,0.00089126559714795
Epidermis1,zmat3,3.2069733,2.0186927,0.0013413940180711417,0.011297012299625776,0.12034383954154727,0.031194295900178252
Epidermis1,mpv17l,3.1881688,1.8168478,0.0014317695822255389,0.01202102503029761,0.12893982808022922,0.040998217468805706
Epidermis1,c7orf31,3.1735837,2.7411559,0.0015056949995362729,0.012612579879033017,0.10888252148997135,0.0213903743315508
Epidermis1,vill,3.172116,2.977818,0.0015133255495640818,0.012666772848882943,0.10315186246418338,0.015151515151515152
Epidermis1,ddost,3.1658325,1.1229028,0.001546398249979843,0.012913875320631518,0.17621776504297995,0.09001782531194295
Epidermis1,LOC101732788,3.154137,4.364846,0.0016097355465355596,0.013422254245683014,0.09312320916905444,0.0053475935828877
Epidermis1,fam199x,3.1470737,1.436271,0.001649133958804413,0.013719310756794166,0.14756446991404013,0.06149732620320856
Epidermis1,flii,3.1467526,1.6318592,0.0016509457032929833,0.013729148701050378,0.13753581661891118,0.05080213903743316
Epidermis1,scfd1,3.138818,1.1007944,0.0016963077758858876,0.014074194668291237,0.17765042979942694,0.09269162210338681
Epidermis1,rtn3,3.1132252,1.1899241,0.0018505468595020834,0.015255301481373239,0.17048710601719197,0.08645276292335116
Epidermis1,alg11,3.1051073,2.323788,0.0019021007330596144,0.015617824212460999,0.11318051575931232,0.027629233511586453
Epidermis1,slc35b1,3.1013005,1.5285863,0.0019267271595612156,0.015805681710069658,0.1346704871060172,0.0481283422459893
Epidermis1,osbpl3,3.0975394,1.7097276,0.001951344068352318,0.01598959027995341,0.1332378223495702,0.0481283422459893
Epidermis1,cpeb3,3.0677273,1.5476335,0.002156934140658129,0.017516360209639384,0.1346704871060172,0.049910873440285206
Epidermis1,LOC105948358,3.056628,6.929937,0.002238419736814041,0.018117417313434418,0.08595988538681948,0.00089126559714795
Epidermis1,c8g,3.0537844,3.116321,0.002259745296797621,0.018256165168982187,0.0988538681948424,0.0142602495543672
Epidermis1,cndp2,3.0428684,2.9208858,0.0023433480453159228,0.01887567283013612,0.0988538681948424,0.0142602495543672
Epidermis1,eya2,3.0345209,3.5483136,0.0024091802519459805,0.01937733957895807,0.09169054441260745,0.0071301247771836
Epidermis1,LOC116410876,3.0318148,1.6720554,0.00243088209780886,0.019537487387214416,0.1303724928366762,0.04723707664884135
Epidermis1,rundc1,3.030072,2.139246,0.0024449541291619212,0.019643352007526614,0.11604584527220631,0.03297682709447415
Epidermis1,rab40b,3.0206697,2.95472,0.0025221631851023397,0.020219001786230036,0.09742120343839542,0.013368983957219251
Epidermis1,mtus1,3.0061765,2.1481595,0.002645555019979454,0.021115090011328334,0.12177650429799428,0.040106951871657755
Epidermis1,prr5,2.9878304,2.8596072,0.0028096545458744598,0.02233496242095686,0.09742120343839542,0.0142602495543672
Epidermis1,eps8l2,2.981455,4.542589,0.0028688208611650796,0.02275555798309095,0.08739255014326648,0.004456327985739751
Epidermis1,zfyve27,2.977098,1.6978977,0.00290991025329336,0.023031248326845995,0.12607449856733524,0.04367201426024955
Epidermis1,LOC116407955,2.9664114,3.3599591,0.003012971558046446,0.023777957456828754,0.09312320916905444,0.0106951871657754
Epidermis1,asb1,2.9533858,3.6266766,0.003143089403382262,0.024688752293450085,0.09025787965616046,0.008021390374331552
Epidermis1,adgrg1,2.915272,2.7000897,0.0035537876420944294,0.027685540927576774,0.10028653295128939,0.0196078431372549
Epidermis1,sertad2,2.9116027,1.0388947,0.0035957966285938177,0.02800104207821173,0.15902578796561603,0.07754010695187166
Epidermis1,trabd,2.9044478,1.9974322,0.0036790157979838763,0.028620250883353356,0.11461318051575932,0.034759358288770054
Epidermis1,arhgdig,2.8818822,1.1733297,0.003953075097267693,0.030632120631206797,0.16475644699140402,0.08912655971479501
Epidermis1,wrnip1,2.8740392,1.8245645,0.004052585726453295,0.03133645398190551,0.11604584527220631,0.036541889483065956
Epidermis1,chmp2a,2.8672972,1.0872676,0.004139941539923118,0.031932719810060926,0.15616045845272206,0.0766488413547237
Epidermis1,derl1,2.8461533,1.8953896,0.004425088053778709,0.03395212602725218,0.11031518624641834,0.031194295900178252
Epidermis1,fut1,2.8413374,2.3624868,0.0044924738586371955,0.034396586690990265,0.10028653295128939,0.0213903743315508
Epidermis1,chmp2b,2.8367052,2.0109541,0.0045581684753543015,0.03487510319099096,0.11031518624641834,0.03208556149732621
Epidermis1,traf7,2.8253765,1.036306,0.0047225090587863505,0.036056637568851274,0.16332378223495703,0.08467023172905526
Epidermis1,stambpl1,2.818451,2.9423058,0.004825599487787038,0.03676655252199754,0.09455587392550144,0.01693404634581105
Epidermis1,stx5,2.796986,1.1612127,0.005158176074485376,0.03910929816586011,0.14469914040114612,0.06684491978609626
Epidermis1,nprl3,2.7875838,3.3197522,0.005310273123027519,0.040134446081696126,0.08882521489971347,0.011586452762923352
Epidermis1,wdr97,2.7873545,3.338113,0.005314032891088006,0.04013759491742173,0.08739255014326648,0.00980392156862745
Epidermis1,iqsec2,2.7858868,1.1731136,0.005338152391699684,0.04030582122466394,0.15616045845272206,0.08110516934046345
Epidermis1,prrc1,2.7686872,1.108039,0.005628261873943468,0.04233516110007598,0.15472779369627507,0.07932263814616755
Epidermis1,f3,2.767128,4.1677475,0.005655255913693488,0.0425089008931125,0.0830945558739255,0.006238859180035651
Epidermis1,arhgap8,2.7594225,1.3884641,0.005790360138939218,0.04343466778679707,0.1303724928366762,0.054367201426024955
Epidermis1,ralgps1,2.7415352,1.6498677,0.006115279917433304,0.04562103353104688,0.11461318051575932,0.03832442067736185
Epidermis1,galnt4,2.7318118,3.7244222,0.006298709707122367,0.04686128350464275,0.0830945558739255,0.0071301247771836
Epidermis1,LOC116410824,-2.7121358,-1.0250503,0.00668512040157181,0.0494830435151623,0.08166189111747851,0.1568627450980392
Epidermis1,psma2,-2.7127779,-1.0076075,0.006672181251205067,0.0494040268349324,0.1017191977077364,0.1746880570409982
Epidermis1,dars2,-2.7292435,-1.7211986,0.006347982599107459,0.047131448892522576,0.045845272206303724,0.12032085561497326
Epidermis1,cep83,-2.729702,-1.013093,0.0063391585078828834,0.0470819529613725,0.09455587392550144,0.16934046345811052
Epidermis1,gnb4,-2.7305276,-1.1296723,0.006323302958094761,0.04698018176662777,0.07449856733524356,0.15062388591800357
Epidermis1,epb41l1,-2.7308028,-1.0633637,0.006318025712049271,0.04697296049833974,0.08452722063037249,0.15953654188948307
Epidermis1,rasal1,-2.7339675,-1.911896,0.006257621669115815,0.04660326363200554,0.03008595988538682,0.10606060606060606
Epidermis1,sox2,-2.749791,-1.1215466,0.005963329584691822,0.04460946687266378,0.07449856733524356,0.15062388591800357
Epidermis1,fbxw4,-2.7515798,-1.0388724,0.005930858860842614,0.04439700555830075,0.09598853868194843,0.17023172905525846
Epidermis1,cass4,-2.7590556,-1.0358843,0.005796865668206092,0.043468524311314476,0.08595988538681948,0.1622103386809269
Epidermis1,slc38a7,-2.7622662,-2.0104802,0.00574016506556328,0.04310259528412124,0.03151862464183381,0.10784313725490197
Epidermis1,sall3,-2.7641008,-1.1087238,0.0057079897365145665,0.04288780187910952,0.07736389684813753,0.1532976827094474
Epidermis1,lrch2,-2.7835934,-1.3684739,0.005376037079651853,0.04053576541640743,0.06017191977077364,0.13636363636363635
Epidermis1,ttc12,-2.787859,-1.0168372,0.005305764572816768,0.040116801366401486,0.08739255014326648,0.16488413547237077
Epidermis1,ppp1r3b,-2.8062048,-1.4376415,0.005012880261189996,0.038060563736752574,0.05157593123209169,0.12923351158645277
Epidermis1,pawr,-2.8118005,-1.0853095,0.004926505698511333,0.03744384564514657,0.08166189111747851,0.1586452762923351
Epidermis1,rsu1,-2.8124425,-2.0523036,0.00491668045449445,0.03738218961586181,0.025787965616045846,0.10427807486631016
Epidermis1,LOC100487982,-2.8175335,-1.3806256,0.004839405492854355,0.036846010907039387,0.050143266475644696,0.12923351158645277
Epidermis1,LOC116406899,-2.8291833,-1.2616913,0.004666696424596663,0.03566794489706612,0.07306590257879657,0.15062388591800357
Epidermis1,birc2,-2.8438141,-1.2285315,0.004457703047173945,0.034166328834697106,0.06876790830945559,0.14795008912655971
Epidermis1,xylt1,-2.855051,-2.1142917,0.004302989773555082,0.033096771183907456,0.0329512893982808,0.11140819964349376
Epidermis1,LOC100494722,-2.8684895,-1.6711271,0.004124367552820311,0.03183509882210541,0.04154727793696275,0.12121212121212122
Epidermis1,thumpd2,-2.8730762,-1.8861395,0.004064961824645055,0.03142101734877072,0.03151862464183381,0.11140819964349376
Epidermis1,ankrd50,-2.8814235,-1.2195443,0.003958832778148171,0.030665846663816557,0.07020057306590258,0.1497326203208556
Epidermis1,slco5a1,-2.89078,-1.3664615,0.0038428703502375603,0.029831118432064672,0.06017191977077364,0.13992869875222816
Epidermis1,foxj1,-2.916281,-2.9483874,0.0035423137076405846,0.0276158726025099,0.017191977077363897,0.09803921568627451
Epidermis1,unc119,-2.9169688,-1.3177848,0.0035345099055152877,0.027584599659602676,0.07306590257879657,0.15240641711229946
Epidermis1,twf2,-2.920638,-1.6778952,0.0034931531793254015,0.02728135129780228,0.04297994269340974,0.12388591800356506
Epidermis1,itga3,-2.9229314,-1.2836212,0.0034675293482202773,0.027090926569106576,0.0673352435530086,0.14795008912655971
Epidermis1,LOC101734820,-2.9243531,-1.4467224,0.003451728605168591,0.026977138213962686,0.054441260744985676,0.1354723707664884
Epidermis1,LOC100488959,-2.9324255,-1.3545189,0.0033632568094554343,0.02631395727469596,0.08739255014326648,0.1657754010695187
Epidermis1,rnf165,-2.9524226,-2.5499868,0.003152911282608857,0.024739186299103873,0.02148997134670487,0.10338680926916222
Epidermis1,batf2,-2.9546242,-1.419034,0.0031305022584535423,0.0246237840825946,0.06446991404011461,0.14527629233511585
Epidermis1,cygb,-2.9568257,-2.3655276,0.003108238524408222,0.02445902374363931,0.022922636103151862,0.1051693404634581
Epidermis1,soga1,-2.9641182,-1.0383427,0.0030355171220227623,0.023947223109059546,0.10028653295128939,0.18092691622103388
Epidermis1,scamp5.1,-2.9687965,-1.5116237,0.00298968630252541,0.02360272966982886,0.05157593123209169,0.13368983957219252
Epidermis1,rab23,-2.9833355,-1.2020223,0.002851251730829543,0.022646224797317507,0.07449856733524356,0.1568627450980392
Epidermis1,cep76,-2.9935176,-1.0702637,0.002757815791879187,0.021938861973968552,0.1017191977077364,0.18270944741532977
Epidermis1,pnkp,-2.9975996,-2.2887356,0.002721149149948705,0.021670874306945507,0.025787965616045846,0.10873440285204991
Epidermis1,zbtb47,-3.0115883,-1.2191101,0.002598846854163351,0.020765081363858833,0.0830945558739255,0.16488413547237077
Epidermis1,stmn1,-3.0121388,-1.3737231,0.002594139355473974,0.02074265843744873,0.05873925501432665,0.14260249554367202
Epidermis1,med17,-3.0431895,-1.0374455,0.002340849249510925,0.018862507929681645,0.11174785100286533,0.19340463458110516
Epidermis1,efs,-3.0442903,-1.158422,0.0023323004622203157,0.0188144652074342,0.08166189111747851,0.16488413547237077
Epidermis1,capn2,-3.056261,-2.4355521,0.0022411610211612214,0.018126158132972206,0.022922636103151862,0.10784313725490197
Epidermis1,znf585a,-3.0598385,-1.0246005,0.002214564231510888,0.01793098556430393,0.1017191977077364,0.18627450980392157
Epidermis1,numbl,-3.0629113,-1.5272354,0.0021919495582380186,0.01777425912683456,0.05300859598853868,0.13814616755793227
Epidermis1,LOC101731252,-3.0736437,-3.5805256,0.0021146174677211587,0.01719831075778733,0.01002865329512894,0.09536541889483066
Epidermis1,fam161a,-3.0794687,-1.7708291,0.0020737018782888434,0.016890723660373592,0.04297994269340974,0.12834224598930483
Epidermis1,clip2,-3.0802026,-3.1044235,0.0020685989909096703,0.016861747695420214,0.014326647564469915,0.09982174688057041
Epidermis1,klhl32,-3.082725,-1.7345368,0.002051145544709771,0.016738237446189946,0.045845272206303724,0.13101604278074866
Epidermis1,plxnb3,-3.085798,-1.4245127,0.002030066645079871,0.016578624349658632,0.07449856733524356,0.1586452762923351
Epidermis1,rab11b.1,-3.089513,-1.7721819,0.0020048486749976737,0.01639108390300646,0.03581661891117478,0.12210338680926916
Epidermis1,nrarp,-3.1115742,-1.5933328,0.0018609272145064717,0.015311950508199742,0.044412607449856735,0.13101604278074866
Epidermis1,cspg4,-3.1130877,-1.1876544,0.0018514098529179485,0.015256651963943563,0.08452722063037249,0.16934046345811052
Epidermis1,mab21l3,-3.114968,-2.7144775,0.0018396475524500343,0.015171182631145955,0.01862464183381089,0.1051693404634581
Epidermis1,slc38a3,-3.1246915,-1.2225178,0.0017799158632912598,0.014706377907186135,0.06876790830945559,0.15597147950089127
Epidermis1,c1orf159,-3.1334517,-1.4264369,0.0017276330344297333,0.014301472095709866,0.05157593123209169,0.13903743315508021
Epidermis1,nfat5,-3.134094,-1.0103734,0.0017238568933430523,0.014275628565327797,0.1174785100286533,0.20053475935828877
Epidermis1,pcca,-3.1341398,-1.0305352,0.0017235874596368145,0.014275628565327797,0.0988538681948424,0.18538324420677363
Epidermis1,gask1a,-3.139827,-3.9229717,0.001690476235596598,0.01403114565878789,0.0071633237822349575,0.0944741532976827
Epidermis1,dgat2,-3.1545956,-2.3133295,0.001607207408063181,0.013406296961523958,0.02865329512893983,0.11586452762923351
Epidermis1,shf,-3.1660619,-1.0319352,0.001545179606299169,0.012908638663497,0.1017191977077364,0.18983957219251338
Epidermis1,zdhhc16,-3.1682634,-1.3803214,0.0015335255453038396,0.012818207905556328,0.05730659025787966,0.14616755793226383
Epidermis1,tlcd2,-3.1688137,-2.277099,0.0015306247068226028,0.012801748458250677,0.022922636103151862,0.11140819964349376
Epidermis1,mtmr8,-3.1723912,-1.8018175,0.0015118921136061097,0.012659630779354919,0.04011461318051576,0.12834224598930483
Epidermis1,mms19,-3.1986718,-1.1795096,0.0013806223209266184,0.011609464225410303,0.0830945558739255,0.17201426024955438
Epidermis1,kiaa1958,-3.2113307,-2.1633434,0.0013212185534339335,0.0111443023016938,0.03151862464183381,0.12032085561497326
Epidermis1,kiaa0586,-3.2128441,-1.0303743,0.0013142760174675201,0.01109431991379449,0.11174785100286533,0.19875222816399288
Epidermis1,c1orf35,-3.2137613,-1.0649267,0.0013100848199887217,0.011063220145887731,0.09455587392550144,0.1836007130124777
Epidermis1,zfp64,-3.243161,-1.3533717,0.0011821143815609722,0.010060420405632596,0.06876790830945559,0.1586452762923351
Epidermis1,dapk1,-3.2439406,-1.4982002,0.0011788833091479901,0.010040754367259286,0.055873925501432664,0.14616755793226383
Epidermis1,dck.2,-3.2511873,-1.3567744,0.0011492413350241825,0.009803594672229354,0.08739255014326648,0.1746880570409982
Epidermis1,pald1,-3.2623324,-1.0873787,0.0011049946712969043,0.009448310627887833,0.10315186246418338,0.19162210338680927
Epidermis1,myo5a,-3.2798986,-1.2773005,0.0010384434269791294,0.008907183184006125,0.08022922636103152,0.16934046345811052
Epidermis1,fcho1,-3.2826047,-1.2343262,0.0010285274725722866,0.00883889816529731,0.07593123209169055,0.16666666666666666
Epidermis1,LOC100486247,-3.296823,-1.3119898,0.0009778512126552875,0.008433870083537956,0.08452722063037249,0.1746880570409982
Epidermis1,schip1,-3.3017304,-1.4810323,0.0009609034386421923,0.008304108488954963,0.0673352435530086,0.15775401069518716
Epidermis1,irx3,-3.3031065,-1.8176522,0.0009562007920341496,0.008269446942054675,0.045845272206303724,0.13636363636363635
Epidermis1,lrrc56,-3.3327353,-1.3822625,0.0008599673085355035,0.007479213487267127,0.0659025787965616,0.15775401069518716
Epidermis1,esyt1,-3.339615,-1.1488001,0.0008389460501576874,0.007302210514755044,0.10458452722063037,0.19429590017825313
Epidermis1,vwa8,-3.3417706,-1.8235569,0.0008324581010612179,0.007251524240821092,0.045845272206303724,0.13814616755793227
Epidermis1,zbtb8os,-3.3508978,-1.070329,0.0008055002375000911,0.007030728272995795,0.08882521489971347,0.18270944741532977
Epidermis1,pnhd,-3.3544753,-1.2084328,0.0007951565958759802,0.006954353538520947,0.08022922636103152,0.17379679144385027
Epidermis1,angpt1,-3.356218,-3.0769966,0.0007901621677870798,0.00691899224048229,0.015759312320916905,0.10873440285204991
Epidermis1,LOC116407553,-3.368143,-1.6992143,0.0007567632090487295,0.006642530162772457,0.044412607449856735,0.13814616755793227
Epidermis1,tdp1,-3.3722708,-1.0797336,0.0007455108171027549,0.006551667958114867,0.10458452722063037,0.19607843137254902
Epidermis1,dnah9,-3.3826363,-1.3955265,0.000717936184340256,0.006331845822727112,0.0673352435530086,0.16131907308377896
Epidermis1,LOC108648781,-3.3838747,-1.0364108,0.0007147059986318173,0.0063114526896579865,0.09169054441260745,0.18627450980392157
Epidermis1,nacc1,-3.3958454,-1.1576006,0.0006841696292151995,0.006061415135649561,0.08452722063037249,0.17914438502673796
Epidermis1,cdyl,-3.39768,-1.0476254,0.0006795983488167449,0.006038076371958547,0.10601719197707736,0.20053475935828877
Epidermis1,pigh,-3.4132283,-1.0725206,0.0006419812466077602,0.00572717611701878,0.1017191977077364,0.19518716577540107
Epidermis1,LOC100036702,-3.439188,-1.3627126,0.000583462002767524,0.0052415497580856904,0.07306590257879657,0.16844919786096257
Epidermis1,LOC100485051,-3.4627168,-1.9463471,0.0005347511088539214,0.004827453421600251,0.04297994269340974,0.13814616755793227
Epidermis1,slc44a5,-3.4651017,-2.6636705,0.0005300310366562464,0.004791138049244388,0.025787965616045846,0.12121212121212122
Epidermis1,trit1,-3.4651475,-2.5855494,0.0005299406476907117,0.004791138049244388,0.024355300859598854,0.12032085561497326
Epidermis1,lpar1,-3.4662483,-2.5647976,0.0005277756169950955,0.004776686743446694,0.02005730659025788,0.11675579322638147
Epidermis1,rbm24,-3.4739995,-1.9048964,0.0005127619994284051,0.004652382365707787,0.04297994269340974,0.13903743315508021
Epidermis1,bcar3,-3.4767513,-1.3658832,0.0005075281761929306,0.004608727562507673,0.07449856733524356,0.17023172905525846
Epidermis1,magi2,-3.4926665,-2.7442222,0.0004782232604680942,0.004362587695097945,0.02148997134670487,0.11853832442067737
Epidermis1,pappa,-3.5028026,-2.0657094,0.00046039030444100374,0.004203421269124328,0.03724928366762178,0.13458110516934046
Epidermis1,tpbg,-3.5033073,-2.1788955,0.00045951911034891797,0.004197223318092817,0.03151862464183381,0.12923351158645277
Epidermis1,tmem67,-3.5144982,-1.0220814,0.0004405854908751826,0.0040395025194904875,0.11461318051575932,0.21122994652406418
Epidermis1,cadm4,-3.5189471,-1.1020204,0.0004332629154117266,0.003980728453557594,0.09455587392550144,0.1925133689839572
Epidermis1,LOC100488469,-3.5403662,-2.2694314,0.00039957223248704183,0.0037007918867146606,0.027220630372492838,0.12566844919786097
Epidermis1,yrdc,-3.5432556,-1.3543568,0.00039521935256299473,0.003662030357654823,0.07163323782234957,0.16934046345811052
Epidermis1,znf853,-3.5434391,-1.4143947,0.0003949444805734477,0.00366103802489091,0.06303724928366762,0.16131907308377896
Epidermis1,rfwd3,-3.5576115,-2.0463328,0.0003742423880700798,0.0034779996380226628,0.04011461318051576,0.13814616755793227
Epidermis1,psmd8,-3.5965507,-1.492275,0.0003224646226963544,0.003022551774852727,0.06876790830945559,0.16755793226381463
Epidermis1,ier5l,-3.6018713,-1.3331919,0.0003159349574883225,0.0029662151722232803,0.07449856733524356,0.1746880570409982
Epidermis1,hdac9,-3.6023297,-2.446363,0.0003153778892296632,0.0029637643931440484,0.02865329512893983,0.12834224598930483
Epidermis1,arhgef40,-3.6323254,-1.0384295,0.00028087849134103077,0.0026648041563272318,0.10315186246418338,0.20409982174688057
Epidermis1,hprt1,-3.638013,-1.8636945,0.00027474979612594606,0.0026112000441046467,0.05157593123209169,0.15062388591800357
Epidermis1,anp32a,-3.6453054,-1.0824009,0.00026707453527943727,0.0025426847444732117,0.10744985673352435,0.20766488413547238
Epidermis1,kcnk6,-3.6555333,-1.8174284,0.00025664797622500707,0.002449831797552878,0.045845272206303724,0.14705882352941177
Epidermis1,c2cd2l,-3.6663573,-1.12287,0.00024603005372162497,0.0023536263929239713,0.10601719197707736,0.20677361853832443
Epidermis1,elovl6,-3.669201,-2.6821027,0.0002433097384849992,0.002328623598018056,0.022922636103151862,0.12477718360071301
Epidermis1,ogfod1,-3.6784198,-1.195639,0.0002346834109201967,0.002249023587918143,0.08882521489971347,0.19162210338680927
Epidermis1,sympk,-3.6875927,-1.2353008,0.00022638549222508877,0.0021742772120790766,0.09312320916905444,0.19429590017825313
Epidermis1,LOC100486056,-3.709608,-1.0394968,0.00020758034393194872,0.002006027761266188,0.10315186246418338,0.20855614973262032
Epidermis1,plppr3,-3.7162125,-2.2571063,0.00020223141606683014,0.001957804671692236,0.0329512893982808,0.1354723707664884
Epidermis1,ell,-3.7200193,-1.3037208,0.00019920745922283496,0.0019345375913224216,0.07449856733524356,0.17914438502673796
Epidermis1,ebf4,-3.7206156,-1.008983,0.0001987376932080026,0.0019308349080551313,0.1518624641833811,0.24955436720142601
Epidermis1,arhgap42,-3.732403,-1.3970144,0.00018966176146093346,0.0018467689856488303,0.07449856733524356,0.17736185383244207
Epidermis1,s1pr3,-3.733779,-4.4697394,0.00018862808110034062,0.0018383445099109123,0.0057306590257879654,0.10962566844919786
Epidermis1,atad1,-3.747722,-1.2244147,0.00017844795538570586,0.001746932630987657,0.10028653295128939,0.20231729055258468
Epidermis1,serf2,-3.752721,-1.042448,0.00017492538151912492,0.0017132166742050382,0.1346704871060172,0.23440285204991088
Epidermis1,shisa1.1,-3.755519,-2.1183498,0.00017298267785015233,0.0016957120455382633,0.034383954154727794,0.13903743315508021
Epidermis1,grm7,-3.7722597,-1.2529306,0.00016177576324972792,0.0015922909020623876,0.1017191977077364,0.20409982174688057
Epidermis1,abcc5,-3.7873952,-1.464052,0.00015223490813512144,0.0015038107426059235,0.07593123209169055,0.17914438502673796
Epidermis1,nav1,-3.790835,-1.2812049,0.00015014167581044557,0.0014844773483732364,0.09025787965616046,0.19429590017825313
Epidermis1,pcna,-3.8072548,-1.3770231,0.00014051801960425635,0.0013942640184398717,0.09025787965616046,0.19340463458110516
Epidermis1,caskin2,-3.8102818,-1.2876949,0.0001388084982211728,0.0013795547542792227,0.07449856733524356,0.18270944741532977
Epidermis1,tmem39b,-3.8244083,-1.7491405,0.00013108658231559452,0.0013073310387150768,0.054441260744985676,0.16042780748663102
Epidermis1,csnk1g3,-3.829591,-1.6757436,0.00012835644615891097,0.001283623286724838,0.05873925501432665,0.16488413547237077
Epidermis1,dpp9,-3.8626597,-1.2101564,0.00011215923813293534,0.0011283664063157133,0.10744985673352435,0.21212121212121213
Epidermis1,epha3,-3.8668792,-3.5380244,0.00011023700255054087,0.0011115904032603292,0.017191977077363897,0.12388591800356506
Epidermis1,cep55,-3.867338,-1.7159005,0.00011002994690534049,0.001110015474536031,0.054441260744985676,0.16131907308377896
Epidermis1,svip,-3.875089,-1.1356567,0.00010658572431152964,0.001076264271264178,0.1017191977077364,0.20944741532976827
Epidermis1,lzts2,-3.8788958,-2.3782563,0.00010493167706486098,0.0010610352758259182,0.027220630372492838,0.1354723707664884
Epidermis1,atp6v1e1,-3.8841245,-2.6725013,0.00010269930384357302,0.0010394255608397992,0.02005730659025788,0.12834224598930483
Epidermis1,vcan,-3.8886192,-1.8038015,0.00010081615065012334,0.001021787841772569,0.06017191977077364,0.16666666666666666
Epidermis1,kcnt2,-3.9104052,-2.2945917,9.214146188653741e-05,0.000935606719323468,0.027220630372492838,0.13636363636363635
Epidermis1,hes6.1,-3.9169638,-1.4277236,8.967121382297353e-05,0.0009126471813577917,0.0673352435530086,0.17736185383244207
Epidermis1,cttnbp2nl,-3.9435656,-2.9162083,8.027905491350408e-05,0.0008208853126839608,0.022922636103151862,0.1319073083778966
Epidermis1,dcaf10,-3.9568205,-1.218431,7.59539668569173e-05,0.0007792155668945897,0.10315186246418338,0.21122994652406418
Epidermis1,msh6,-3.9614987,-1.1589026,7.448078430677872e-05,0.000765475427165525,0.1174785100286533,0.22549019607843138
Epidermis1,inka1,-3.9891095,-3.0668857,6.632181745476618e-05,0.0006852312399055174,0.01862464183381089,0.12923351158645277
Epidermis1,ripor1,-3.9969523,-1.3730301,6.41632060175343e-05,0.0006635570229898654,0.07879656160458452,0.18983957219251338
Epidermis1,bcl2l12,-3.9978697,-1.5355669,6.391512586748417e-05,0.0006613048656018834,0.07020057306590258,0.18092691622103388
Epidermis1,slc8b1,-4.0026855,-1.148587,6.262753141876196e-05,0.0006485977043610844,0.09598853868194843,0.20944741532976827
Epidermis1,bend3,-4.0042906,-1.3115053,6.220381789841169e-05,0.0006448216201241052,0.08882521489971347,0.19964349376114082
Epidermis1,xxylt1,-4.004933,-1.4073048,6.203509357542956e-05,0.0006436841544980735,0.09169054441260745,0.19964349376114082
Epidermis1,mpdz,-4.0112624,-1.1380591,6.039497751499153e-05,0.0006290590951573414,0.11891117478510028,0.2281639928698752
Epidermis1,pax6,-4.0132804,-3.6068382,5.988073329944376e-05,0.0006245972664087774,0.011461318051575931,0.12299465240641712
Epidermis1,cfap157,-4.0213985,-1.6999961,5.785365653290221e-05,0.0006048992042187154,0.05873925501432665,0.17023172905525846
Epidermis1,usp28,-4.023325,-1.5689622,5.738228711632662e-05,0.0006002583351703562,0.06303724928366762,0.1746880570409982
Epidermis1,clmn,-4.0264893,-1.8591677,5.661578244037997e-05,0.0005928085358116753,0.044412607449856735,0.1568627450980392
Epidermis1,kif3a,-4.0271316,-2.632106,5.646144787775657e-05,0.0005914763582047653,0.02865329512893983,0.13992869875222816
Epidermis1,kiaa1614,-4.033644,-3.2751527,5.491841224988486e-05,0.000575588219838971,0.014326647564469915,0.1265597147950089
Epidermis1,bnip2,-4.0341487,-1.1911889,5.480056363136223e-05,0.0005746290720807089,0.1017191977077364,0.21479500891265596
Epidermis1,cyp27c1,-4.0344243,-1.4560672,5.473638358946227e-05,0.0005742320318777194,0.07879656160458452,0.19073083778966132
Epidermis1,cuedc1,-4.0393314,-1.3376092,5.360372910744974e-05,0.0005626199965626073,0.08595988538681948,0.19696969696969696
Epidermis1,snapc3,-4.0512567,-1.7541449,5.0943315108189626e-05,0.0005362441287871712,0.05157593123209169,0.16399286987522282
Epidermis1,rassf2,-4.0557513,-3.0129507,4.997340836567675e-05,0.000527306452585799,0.017191977077363897,0.13012477718360071
Epidermis1,frem1,-4.062539,-3.8567746,4.854176523183323e-05,0.0005131927612034075,0.01002865329512894,0.12299465240641712
Epidermis1,hmg20a,-4.069465,-1.4312211,4.712122763924909e-05,0.0004988997129141457,0.07879656160458452,0.19162210338680927
Epidermis1,dtl,-4.074877,-1.007127,4.603866982316581e-05,0.0004883859087074872,0.17908309455587393,0.28342245989304815
Epidermis1,ikbip,-4.1038637,-1.5772585,4.063068795659932e-05,0.00043460894210831065,0.07879656160458452,0.19073083778966132
Epidermis1,grb10,-4.127163,-1.3208097,3.672658610828589e-05,0.00039517299579334633,0.10458452722063037,0.21479500891265596
Epidermis1,rdx,-4.1311073,-1.3201897,3.610196520913441e-05,0.00038883562824704935,0.08166189111747851,0.19696969696969696
Epidermis1,mrps15,-4.1348686,-1.2894676,3.551580077855463e-05,0.0003830896138353142,0.09742120343839542,0.2103386809269162
Epidermis1,ttc34,-4.1494994,-1.4203418,3.332031664081725e-05,0.0003602986270660422,0.08166189111747851,0.19696969696969696
Epidermis1,dlgap4,-4.153398,-1.2598525,3.275743743779995e-05,0.0003545635130606313,0.1017191977077364,0.21568627450980393
Epidermis1,ank2,-4.1587644,-2.7380404,3.199740948850966e-05,0.00034702558272801655,0.025787965616045846,0.1408199643493761
Epidermis1,traf3,-4.162984,-1.1447836,3.1411578526954446e-05,0.0003413506250182634,0.11318051575931232,0.22727272727272727
Epidermis1,sav1,-4.1657815,-1.0024431,3.1028781651091145e-05,0.0003374944559729513,0.1489971346704871,0.2611408199643494
Epidermis1,cmc2,-4.174037,-1.3333641,2.9924888998305367e-05,0.0003258438137884338,0.08882521489971347,0.20499108734402852
Epidermis1,slc2a8,-4.1799536,-1.188514,2.9156837101697764e-05,0.0003179566928516476,0.10744985673352435,0.22370766488413546
Epidermis1,aprt,-4.1863747,-1.5790609,2.8344508113792335e-05,0.0003094074595052839,0.0659025787965616,0.18270944741532977
Epidermis1,mex3b,-4.2044916,-2.4288983,2.6166971793591358e-05,0.000286353807175505,0.03008595988538682,0.14705882352941177
Epidermis1,nme4,-4.229442,-2.4721148,2.3427154833884518e-05,0.0002580534808834902,0.03868194842406877,0.15418894830659535
Epidermis1,dpysl3,-4.2551265,-1.207995,2.0893084023868637e-05,0.00023083948682776586,0.12034383954154727,0.23618538324420676
Epidermis1,ifngr2.1,-4.2566857,-1.0737536,2.0747949675392355e-05,0.00022977307571449976,0.17621776504297995,0.28431372549019607
Epidermis1,acer2,-4.2788386,-2.427242,1.8787091615089282e-05,0.00020948039148332303,0.04154727793696275,0.1586452762923351
Epidermis1,sh3pxd2a,-4.303789,-1.8049376,1.679013534829387e-05,0.0001879823209005236,0.05873925501432665,0.17736185383244207
Epidermis1,wwp1,-4.310623,-1.0156552,1.6279511019067924e-05,0.00018254635660178888,0.14756446991404013,0.2638146167557932
Epidermis1,polr2g,-4.3452053,-2.052352,1.3914539833380398e-05,0.0001573208153907739,0.050143266475644696,0.16934046345811052
Epidermis1,shisa1.2,-4.354516,-2.0248702,1.3336123947107985e-05,0.00015101585918518077,0.04297994269340974,0.16399286987522282
Epidermis1,nasp,-4.370385,-1.0060853,1.2402749339035366e-05,0.00014095853819119308,0.18051575931232092,0.29322638146167557
Epidermis1,serpina1,-4.384053,-2.5586982,1.1649137494338406e-05,0.00013272596389462147,0.03151862464183381,0.15240641711229946
Epidermis1,jmy,-4.3904285,-1.281314,1.1312761049954735e-05,0.00012904117034556314,0.10888252148997135,0.22905525846702318
Epidermis1,nudt21,-4.4355135,-1.0801432,9.185302660998886e-06,0.00010588087129723018,0.1303724928366762,0.2531194295900178
Epidermis1,znf827,-4.4453287,-1.0124344,8.775757345607112e-06,0.00010132052964999618,0.1504297994269341,0.2736185383244207
Epidermis1,abca1,-4.4531717,-2.1422493,8.461106177938997e-06,9.779120651949516e-05,0.044412607449856735,0.16755793226381463
Epidermis1,krasl,-4.489359,-1.000906,7.143776856155616e-06,8.313832254835824e-05,0.17908309455587393,0.29590017825311943
Epidermis1,gas1,-4.4899554,-1.769072,7.123809375611086e-06,8.299447110796023e-05,0.06017191977077364,0.18538324420677363
Epidermis1,tle2,-4.5581107,-1.0335537,5.161580901416555e-06,6.124570791180567e-05,0.17335243553008595,0.29233511586452765
Epidermis1,ccdc57,-4.562376,-2.8047695,5.05779080677044e-06,6.011222940878964e-05,0.03581661891117478,0.16042780748663102
Epidermis1,rps6ka6,-4.5779705,-1.272986,4.6950924015308966e-06,5.595391113806974e-05,0.10458452722063037,0.232620320855615
Epidermis1,large2,-4.6158547,-2.0318437,3.9148051672437845e-06,4.709204165073133e-05,0.04154727793696275,0.1711229946524064
Epidermis1,lztr1,-4.61957,-1.8552083,3.845363050865998e-06,4.6307763318403394e-05,0.05157593123209169,0.18092691622103388
Epidermis1,top3b,-4.62911,-1.0562068,3.672409639537755e-06,4.434734407545841e-05,0.14756446991404013,0.27540106951871657
Epidermis1,nipal2,-4.6369987,-1.3497902,3.5350478385933615e-06,4.2759578096422256e-05,0.1174785100286533,0.24242424242424243
Epidermis1,dek,-4.6808915,-1.0939553,2.856301855405754e-06,3.493686254865973e-05,0.14183381088825214,0.2700534759358289
Epidermis1,npm3,-4.691945,-1.0419837,2.7062002341447662e-06,3.3175278263636485e-05,0.15329512893982808,0.2807486631016043
Epidermis1,pik3cb,-4.6924033,-1.8068352,2.7001384613073436e-06,3.3119573560532625e-05,0.06160458452722063,0.19162210338680927
Epidermis1,slc39a6,-4.701714,-1.3778208,2.579865041910577e-06,3.1715625396918704e-05,0.09598853868194843,0.22727272727272727
Epidermis1,cct8,-4.701806,-1.0954994,2.5787060621672985e-06,3.1715625396918704e-05,0.14613180515759314,0.27540106951871657
Epidermis1,zbtb16,-4.727582,-1.6046362,2.2720930382175974e-06,2.8074372699290032e-05,0.0830945558739255,0.21301247771836007
Epidermis1,lbhd1,-4.738177,-1.7514731,2.1564959824927865e-06,2.666113248383858e-05,0.0659025787965616,0.19786096256684493
Epidermis1,ipo8,-4.7601004,-1.0224854,1.9349676992025285e-06,2.4072366114195193e-05,0.1833810888252149,0.3074866310160428
Epidermis1,lbh,-4.7672553,-1.6625285,1.8675265204192476e-06,2.3273156026309767e-05,0.07736389684813753,0.20855614973262032
Epidermis1,polr1b,-4.804085,-1.1041416,1.5546089557566705e-06,1.950725820791622e-05,0.1504297994269341,0.28431372549019607
Epidermis1,cmpk1,-4.8089466,-1.0137073,1.5172777057658156e-06,1.90607465846378e-05,0.1833810888252149,0.31016042780748665
Epidermis1,ruvbl2,-4.815918,-1.1085145,1.4652467085499344e-06,1.842832762378566e-05,0.167621776504298,0.29590017825311943
Epidermis1,mtfr1l,-4.8219724,-1.9149393,1.4214575468661704e-06,1.7898225695422218e-05,0.054441260744985676,0.1889483065953654
Epidermis1,pou6f1,-4.8283935,-1.6197292,1.3763904296954723e-06,1.7350788888726115e-05,0.07449856733524356,0.20944741532976827
Epidermis1,asap2,-4.8368325,-1.011527,1.3192452573702243e-06,1.6668935009308433e-05,0.19484240687679083,0.3181818181818182
Epidermis1,gkap1,-4.872653,-1.0493569,1.1010949670703008e-06,1.3993589561118832e-05,0.15902578796561603,0.29233511586452765
Epidermis1,c3orf67,-4.873066,-3.3845327,1.0987958810091183e-06,1.3980655929737593e-05,0.017191977077363897,0.15240641711229946
Epidermis1,polr1e,-4.8859997,-1.7825049,1.029053206713342e-06,1.3154639732684146e-05,0.07163323782234957,0.20499108734402852
Epidermis1,tmem52,-4.894531,-1.1362786,9.854061549951689e-07,1.2626275812184133e-05,0.15472779369627507,0.28698752228163993
Epidermis1,srsf5a,-4.909804,-1.1604736,9.116760434731543e-07,1.1688415361120858e-05,0.13753581661891118,0.2727272727272727
Epidermis1,ncam1,-4.912051,-1.9210411,9.012855874021371e-07,1.1568795766295315e-05,0.07020057306590258,0.20320855614973263
Epidermis1,prkar1a,-4.92182,-1.3204907,8.574291108534545e-07,1.1038324854237894e-05,0.10601719197707736,0.24331550802139038
Epidermis1,ttc21b,-4.923976,-1.9548728,8.480324404567641e-07,1.0930251555349705e-05,0.0659025787965616,0.19964349376114082
Epidermis1,srek1ip1,-4.9690156,-1.2984596,6.729371316249866e-07,8.750989957800259e-06,0.11461318051575932,0.2531194295900178
Epidermis1,nectin1l1,-4.9835086,-1.5321254,6.244147876042373e-07,8.14426484178844e-06,0.08882521489971347,0.22638146167557932
Epidermis1,gata3,-5.043225,-1.1097348,4.5775039602905645e-07,6.04635072139833e-06,0.1876790830945559,0.31996434937611407
Epidermis1,LOC100498440,-5.0534987,-1.3123493,4.337890667138404e-07,5.743756811142422e-06,0.11604584527220631,0.2557932263814617
Epidermis1,pkp2,-5.0809717,-1.2217301,3.755086051185626e-07,4.993280482810575e-06,0.1489971346704871,0.2825311942959002
Epidermis1,pcolce2,-5.088356,-4.191105,3.6118050007442515e-07,4.811550483592205e-06,0.01002865329512894,0.15151515151515152
Epidermis1,c11orf95,-5.111197,-1.0940218,3.201239870074293e-07,4.277664127672452e-06,0.15902578796561603,0.2967914438502674
Epidermis1,fam168a,-5.1227093,-1.0079519,3.0117682204637544e-07,4.036842404099483e-06,0.15759312320916904,0.30303030303030304
Epidermis1,gmnc,-5.136056,-2.9073596,2.805643683249526e-07,3.7721473082062783e-06,0.03008595988538682,0.17201426024955438
Epidermis1,cnnm3,-5.1388993,-1.7959114,2.7635222656471627e-07,3.7223962567090577e-06,0.07020057306590258,0.21212121212121213
Epidermis1,anp32b,-5.156374,-1.364524,2.517777509751178e-07,3.4039915142676864e-06,0.12320916905444126,0.2611408199643494
Epidermis1,epn2,-5.1615567,-1.7119219,2.4490461100847634e-07,3.313120593190305e-06,0.07736389684813753,0.2192513368983957
Epidermis1,usp47,-5.1643543,-1.0907414,2.4127003214751195e-07,3.2680033342587575e-06,0.17335243553008595,0.3083778966131907
Epidermis1,LOC100145045,-5.1688952,-2.3206298,2.3548194257039338e-07,3.195554396037658e-06,0.04297994269340974,0.18627450980392157
Epidermis1,c18orf21,-5.1704545,-1.4912872,2.3352524034917424e-07,3.1709734098689052e-06,0.09598853868194843,0.23975044563279857
Epidermis1,acap2,-5.194121,-1.0372303,2.0568942676625106e-07,2.7999681730919305e-06,0.1833810888252149,0.3244206773618538
Epidermis1,ccdc82,-5.2170076,-1.7732612,1.8183684225779403e-07,2.4814644996293454e-06,0.07306590257879657,0.21746880570409982
Epidermis1,camsap2,-5.226731,-1.7439704,1.7253328327859474e-07,2.3648547578028992e-06,0.07879656160458452,0.22192513368983957
Epidermis1,nek3,-5.229987,-4.328886,1.6952163264663926e-07,2.3264978276618334e-06,0.008595988538681949,0.15418894830659535
Epidermis1,skida1,-5.2537,-2.7918897,1.4907397924513497e-07,2.0536258214066225e-06,0.024355300859598854,0.1711229946524064
Epidermis1,pim3,-5.2995644,-2.6680527,1.160791729374811e-07,1.6102756723895582e-06,0.03868194842406877,0.18449197860962566
Epidermis1,lmx1b.1,-5.319149,-2.6499672,1.0425376574184727e-07,1.4536239119826511e-06,0.03868194842406877,0.18538324420677363
Epidermis1,carmil1,-5.329606,-1.3014393,9.842597156501843e-08,1.3750020009732826e-06,0.12893982808022922,0.2736185383244207
Epidermis1,man2b1,-5.335752,-2.0955265,9.514933919354314e-08,1.3309318785527594e-06,0.055873925501432664,0.20320855614973263
Epidermis1,map1s,-5.35685,-1.1472969,8.468537733166925e-08,1.1899031672597261e-06,0.16045845272206305,0.3048128342245989
Epidermis1,dusp4,-5.365289,-1.5310442,8.081964498848383e-08,1.138518704514981e-06,0.0988538681948424,0.24777183600713013
Epidermis1,fzd10,-5.370472,-1.0605893,7.853087437927394e-08,1.1069910916215353e-06,0.20057306590257878,0.3413547237076649
Epidermis1,deptorl,-5.3759756,-1.2175463,7.616906865740541e-08,1.0764800823660903e-06,0.1504297994269341,0.29411764705882354
Epidermis1,cep120,-5.391616,-1.0611558,6.982699216199574e-08,9.900550980941581e-07,0.21203438395415472,0.35294117647058826
Epidermis1,tsku,-5.396615,-1.1048155,6.790991123253041e-08,9.641263324691256e-07,0.15902578796561603,0.3074866310160428
Epidermis1,stam,-5.445186,-1.7448356,5.175128096948445e-08,7.414738687032963e-07,0.08022922636103152,0.22994652406417113
Epidermis1,snai1,-5.456744,-2.744235,4.849447890076457e-08,6.961829105878841e-07,0.03581661891117478,0.18627450980392157
Epidermis1,septin10,-5.4678893,-1.0862262,4.5542646921951303e-08,6.546680490671273e-07,0.17335243553008595,0.32085561497326204
Epidermis1,cers5,-5.49339,-1.4071913,3.942904601909958e-08,5.686590966178268e-07,0.12607449856733524,0.2736185383244207
Epidermis1,pgm2l1,-5.5048103,-2.0964093,3.695655503430732e-08,5.354774152746481e-07,0.05873925501432665,0.2103386809269162
Epidermis1,phlpp1,-5.5138917,-1.1088713,3.5098445941272894e-08,5.09908914037627e-07,0.1819484240687679,0.32887700534759357
Epidermis1,gtf2f2,-5.5150843,-1.2005137,3.4861286907491296e-08,5.07138761072245e-07,0.16045845272206305,0.3083778966131907
Epidermis1,arhgef11,-5.5820932,-1.0092874,2.376411612143664e-08,3.499033588973475e-07,0.22636103151862463,0.3672014260249554
Epidermis1,src,-5.6071353,-1.0301598,2.0570279189608548e-08,3.045210734032891e-07,0.21203438395415472,0.3591800356506239
Epidermis1,LOC100489322,-5.6180973,-1.0741788,1.9307200279176348e-08,2.8718637852209074e-07,0.2349570200573066,0.3689839572192513
Epidermis1,dock7,-5.631627,-2.0167968,1.785171660491467e-08,2.6662717866929704e-07,0.08022922636103152,0.22994652406417113
Epidermis1,amer1,-5.641947,-1.145008,1.6813796173108777e-08,2.514693943066529e-07,0.16189111747851004,0.31907308377896615
Epidermis1,rbm12b.3,-5.654147,-1.0470678,1.5662213438398118e-08,2.350516914988207e-07,0.20057306590257878,0.3484848484848485
Epidermis1,fto,-5.7007,-1.177708,1.19316469348744e-08,1.806804078875047e-07,0.15759312320916904,0.3146167557932264
Epidermis1,fam83d,-5.7421618,-1.6753304,9.347535750925085e-09,1.426381661684869e-07,0.10458452722063037,0.25757575757575757
Epidermis1,znf282,-5.7463355,-1.2816578,9.119817910724807e-09,1.3926070442961932e-07,0.14469914040114612,0.30392156862745096
Epidermis1,utp11,-5.746794,-1.1174679,9.095125336779233e-09,1.3898090334303896e-07,0.17621776504297995,0.3333333333333333
Epidermis1,hipk2,-5.781881,-1.0195369,7.386993419444652e-09,1.1367530564576992e-07,0.20773638968481375,0.3591800356506239
Epidermis1,LOC116406448,-5.7885313,-1.358294,7.1004444080973505e-09,1.0947981386857034e-07,0.14183381088825214,0.2985739750445633
Epidermis1,tulp3,-5.8055935,-1.5712013,6.413849118676341e-09,9.904925804574412e-08,0.11461318051575932,0.2709447415329768
Epidermis1,dis3l,-5.811739,-1.1421984,6.182711915770415e-09,9.575085643294978e-08,0.21203438395415472,0.36185383244206776
Epidermis1,kazn,-5.8128858,-1.1264297,6.140495414293731e-09,9.516459547961898e-08,0.1876790830945559,0.3431372549019608
Epidermis1,ulk4,-5.8156376,-1.0919073,6.04031658897436e-09,9.3745197928883e-08,0.20916905444126074,0.3627450980392157
Epidermis1,snca,-5.8261867,-3.0772662,5.670818982045887e-09,8.826172682398239e-08,0.03151862464183381,0.1925133689839572
Epidermis1,ralgps2,-5.8582463,-1.4231049,4.6778054837126274e-09,7.322409860838826e-08,0.1346704871060172,0.29233511586452765
Epidermis1,atp10a,-5.862328,-2.3470826,4.564215226789445e-09,7.14973011225933e-08,0.0673352435530086,0.22549019607843138
Epidermis1,cnn3,-5.8724184,-1.5418993,4.2948264475437946e-09,6.7374125026494e-08,0.10458452722063037,0.26648841354723707
Epidermis1,cfdp1,-5.876592,-1.0352672,4.187979383718774e-09,6.583998424504853e-08,0.20916905444126074,0.37076648841354726
Epidermis1,fam124a,-5.8861322,-1.8057638,3.953380730285527e-09,6.233144574823734e-08,0.08882521489971347,0.24955436720142601
Epidermis1,cited4,-5.88893,-1.144458,3.887040576525815e-09,6.141861869686445e-08,0.1819484240687679,0.3404634581105169
Epidermis1,tgif1,-5.908193,-1.6698985,3.458800404708259e-09,5.501055658246277e-08,0.0988538681948424,0.25935828877005346
Epidermis1,dach1,-5.918788,-4.5299797,3.2432246871587685e-09,5.1694964133302765e-08,0.012893982808022923,0.17647058823529413
Epidermis1,lims1,-5.943922,-2.473383,2.7828182057850274e-09,4.4518970724659146e-08,0.04154727793696275,0.20677361853832443
Epidermis1,elavl4,-5.9566727,-5.0911055,2.5742520035197462e-09,4.1303494830003225e-08,0.01002865329512894,0.1746880570409982
Epidermis1,abi2,-5.9572687,-1.1676116,2.5648809879890156e-09,4.118342019051384e-08,0.17335243553008595,0.33511586452762926
Epidermis1,rnf125,-5.9763947,-2.9643812,2.281300785870272e-09,3.6819722225203554e-08,0.03008595988538682,0.19607843137254902
Epidermis1,b4galt5,-5.990934,-2.2876167,2.0863959122714408e-09,3.3798994210597704e-08,0.05873925501432665,0.22281639928698752
Epidermis1,agfg1,-6.0490904,-1.1842768,1.456657179632017e-09,2.3773908987846105e-08,0.17335243553008595,0.3360071301247772
Epidermis1,septin12,-6.065235,-1.6382413,1.317607735765028e-09,2.156903105936135e-08,0.10888252148997135,0.2718360071301248
Epidermis1,gart,-6.0670695,-1.1447471,1.302650371143675e-09,2.1340190502046647e-08,0.19484240687679083,0.3538324420677362
Epidermis1,LOC100495307,-6.0684915,-2.8858874,1.2911723814773965e-09,2.1183964312946068e-08,0.03868194842406877,0.20499108734402852
Epidermis1,cfp,-6.077802,-1.8810087,1.2184098416340186e-09,2.0020271953536084e-08,0.06876790830945559,0.23885918003565063
Epidermis1,LOC549154,-6.082526,-1.0166304,1.1830355224118703e-09,1.9453668526412524e-08,0.2034383954154728,0.37433155080213903
Epidermis1,crybg3,-6.082939,-2.0749815,1.17999256866665e-09,1.9418263831730748e-08,0.07736389684813753,0.2415329768270945
Epidermis1,rcor2,-6.0840855,-1.0053552,1.1715799012752335e-09,1.9294373604322165e-08,0.23782234957020057,0.40106951871657753
Epidermis1,pfkfb1,-6.0929375,-2.2740629,1.1085730778808548e-09,1.828433343343774e-08,0.07020057306590258,0.23351158645276293
Epidermis1,jpt2,-6.104725,-1.1777809,1.0297791231829258e-09,1.7036247344180913e-08,0.1833810888252149,0.34670231729055256
Epidermis1,usp24,-6.1221995,-1.2883102,9.229239785620884e-10,1.5303285817783685e-08,0.17048710601719197,0.3306595365418895
Epidermis1,hdgfl2,-6.123713,-1.015155,9.141951042814063e-10,1.517007708785138e-08,0.24068767908309455,0.40106951871657753
Epidermis1,ptk2,-6.160038,-1.4181064,7.272745494885603e-10,1.2114395377396852e-08,0.14183381088825214,0.3065953654188948
Epidermis1,tyro3,-6.185447,-1.6954541,6.19266235704307e-10,1.0346867174045698e-08,0.10888252148997135,0.27540106951871657
Epidermis1,mettl24,-6.2121406,-4.1323867,5.226758271946461e-10,8.800392920690104e-09,0.012893982808022923,0.18538324420677363
Epidermis1,LOC116407555,-6.2706184,-1.215839,3.5961645923066914e-10,6.116282741132059e-09,0.17478510028653296,0.34402852049910876
Epidermis1,stx1a,-6.2731414,-2.7292497,3.5383575033951704e-10,6.022659834757099e-09,0.04154727793696275,0.21390374331550802
Epidermis1,slk,-6.3056135,-1.027639,2.870543177693185e-10,4.905099661741816e-09,0.24068767908309455,0.4055258467023173
Epidermis1,atp6v1h,-6.314236,-3.0643415,2.714989212933153e-10,4.650218180173809e-09,0.027220630372492838,0.20320855614973263
Epidermis1,hcn2,-6.3207493,-2.7504873,2.6029839446758727e-10,4.465386215155049e-09,0.03868194842406877,0.21390374331550802
Epidermis1,yaf2,-6.373861,-1.4208081,1.8432794884673511e-10,3.187179216945013e-09,0.14183381088825214,0.3146167557932264
Epidermis1,yes1,-6.4018383,-1.3120157,1.535170854133326e-10,2.6607595876126536e-09,0.16045845272206305,0.33511586452762926
Epidermis1,dhrsx,-6.4209185,-1.425378,1.3545474472759518e-10,2.3608290612626634e-09,0.14613180515759314,0.32085561497326204
Epidermis1,rpa1,-6.4415574,-1.1757727,1.182536131003317e-10,2.0742862471562204e-09,0.1991404011461318,0.37254901960784315
Epidermis1,papss1,-6.447612,-1.1273532,1.1362642124165829e-10,1.994724165659071e-09,0.21060171919770773,0.38235294117647056
Epidermis1,limd2,-6.5893803,-2.0397096,4.4166567737178635e-11,7.912632796329845e-10,0.08166189111747851,0.2611408199643494
Epidermis1,polr1a,-6.6131845,-1.0136032,3.7613942334849485e-11,6.760904742081966e-10,0.25787965616045844,0.4358288770053476
Epidermis1,col13a1,-6.6819363,-1.4272114,2.3580592786106756e-11,4.2843639898887216e-10,0.16475644699140402,0.339572192513369
Epidermis1,sptbn1,-6.69143,-1.5962486,2.210000462848459e-11,4.0187016749846853e-10,0.1303724928366762,0.31016042780748665
Epidermis1,pum3,-6.713491,-1.0341524,1.900221072744323e-11,3.4756684013708193e-10,0.2722063037249284,0.43493761140819964
Epidermis1,itga6,-6.7255535,-1.5827643,1.7492598791925496e-11,3.207613430576523e-10,0.1346704871060172,0.3137254901960784
Epidermis1,snx7,-6.731195,-2.9538255,1.6827517531679092e-11,3.090852357397049e-10,0.0329512893982808,0.22014260249554368
Epidermis1,pik3c3,-6.7317452,-1.269489,1.676397316882008e-11,3.081774713705333e-10,0.19340974212034384,0.3672014260249554
Epidermis1,fam13a,-6.739084,-1.5360498,1.5938839733479542e-11,2.9325583627677663e-10,0.14183381088825214,0.32085561497326204
Epidermis1,pxdn,-6.7551365,-1.235957,1.4270073340941965e-11,2.632183181510521e-10,0.2335243553008596,0.40106951871657753
Epidermis1,prex1,-6.8044415,-1.3884894,1.0144199779013521e-11,1.893555033172404e-10,0.18051575931232092,0.357397504456328
Epidermis1,rara,-6.830401,-1.1761233,8.4677541408764e-12,1.5887778427176607e-10,0.20487106017191978,0.3894830659536542
Epidermis1,ppm1d,-6.885393,-1.1166698,5.7628116464886675e-12,1.0896907533624715e-10,0.2335243553008596,0.4144385026737968
Epidermis1,usp38,-6.8930526,-1.1770555,5.460763077639675e-12,1.0352676899841471e-10,0.22063037249283668,0.39928698752228164
Epidermis1,copg2,-6.8938785,-1.1161182,5.42914854518959e-12,1.0301691339528873e-10,0.2492836676217765,0.4215686274509804
Epidermis1,cdk2ap1,-6.9196086,-1.371607,4.528933539073439e-12,8.646181868427078e-11,0.16189111747851004,0.34759358288770054
Epidermis1,etfa,-6.9377713,-1.3930835,3.983344526515e-12,7.624610606410861e-11,0.15616045845272206,0.3449197860962567
Epidermis1,fam117b,-6.9735,-1.0916225,3.091515772123542e-12,5.938377259111603e-11,0.2722063037249284,0.44206773618538325
Epidermis1,tp53inp2,-6.9964323,-1.2626401,2.6256228795505737e-12,5.056815256370086e-11,0.20057306590257878,0.38324420677361853
Epidermis1,sh3pxd2b,-6.999184,-1.0371159,2.5745693031074595e-12,4.9628689720059954e-11,0.29512893982808025,0.464349376114082
Epidermis1,pak4,-7.010192,-1.0978488,2.379913939879149e-12,4.591697796826075e-11,0.24355300859598855,0.42602495543672014
Epidermis1,smarcad1,-7.022071,-1.4896384,2.186034159158794e-12,4.232604382165399e-11,0.1504297994269341,0.33778966131907306
Epidermis1,jade3,-7.02308,-1.6892048,2.1702983613379377e-12,4.2058686094809185e-11,0.12177650429799428,0.31283422459893045
Epidermis1,tbcel,-7.04748,-2.902093,1.8218673889072345e-12,3.546384325900514e-11,0.03724928366762178,0.232620320855615
Epidermis1,boc,-7.050324,-1.4048613,1.7850187743146858e-12,3.477758453064353e-11,0.1518624641833811,0.34581105169340465
Epidermis1,ppip5k2,-7.095409,-1.4105067,1.28969365007185e-12,2.52624821707521e-11,0.16045845272206305,0.3538324420677362
Epidermis1,map1lc3a,-7.1850295,-1.525534,6.719273950957214e-13,1.3305016051164917e-11,0.1332378223495702,0.32976827094474154
Epidermis1,kif14,-7.2337837,-1.0615623,4.697190681403251e-13,9.394811902740635e-12,0.26504297994269344,0.4554367201426025
Epidermis1,fgfrl1,-7.248461,-1.2693261,4.2153474715630935e-13,8.462106456023759e-12,0.23782234957020057,0.4197860962566845
Epidermis1,bicd2,-7.2722645,-1.2965541,3.5351020398289196e-13,7.1227573048113436e-12,0.1819484240687679,0.3805704099821747
Epidermis1,pard6g,-7.324459,-1.3738674,2.398643617380368e-13,4.868911848823908e-12,0.2034383954154728,0.3894830659536542
Epidermis1,mrps6,-7.353767,-1.22722,1.9269787199693945e-13,3.933452071885141e-12,0.2636103151862464,0.44295900178253117
Epidermis1,ube2g1,-7.3644533,-1.1914575,1.778743056536082e-13,3.6342651906997984e-12,0.2593123209169054,0.43672014260249553
Epidermis1,ube2e2,-7.371333,-1.3323218,1.6893021999152633e-13,3.4547575730413267e-12,0.2521489971346705,0.42602495543672014
Epidermis1,cdknx,-7.374039,-2.2000754,1.655346188092285e-13,3.3916722225691786e-12,0.07879656160458452,0.2798573975044563
Epidermis1,arl13b,-7.382891,-1.0332603,1.5488878765700464e-13,3.1795185658170255e-12,0.29656160458452724,0.4839572192513369
Epidermis1,crabp2,-7.3841295,-1.6945486,1.5345415934814477e-13,3.153035038734338e-12,0.14469914040114612,0.3404634581105169
Epidermis1,gpm6b,-7.3847713,-1.6280053,1.5271542647862449e-13,3.140813686324284e-12,0.15329512893982808,0.34759358288770054
Epidermis1,tsc22d3,-7.3875694,-2.0102623,1.495372363048975e-13,3.0812578219161173e-12,0.09169054441260745,0.29322638146167557
Epidermis1,ahi1,-7.4099054,-1.1402037,1.263894183041823e-13,2.619129626605472e-12,0.2836676217765043,0.4696969696969697
Epidermis1,pitpnc1,-7.420913,-2.2844963,1.163155904412895e-13,2.421872613568109e-12,0.06876790830945559,0.2727272727272727
Epidermis1,plbd2,-7.44646,-2.1614141,9.587812944089031e-14,2.0020637918944186e-12,0.08166189111747851,0.28520499108734404
Epidermis1,arid1b,-7.471961,-2.0329537,7.900849300094373e-14,1.6513834538061237e-12,0.11031518624641834,0.3083778966131907
Epidermis1,megf8,-7.47696,-1.2009954,7.6061451053091e-14,1.5913105689640446e-12,0.24068767908309455,0.43137254901960786
Epidermis1,mn1,-7.5095243,-1.7206012,5.934258709263279e-14,1.2475092417614067e-12,0.12177650429799428,0.3244206773618538
Epidermis1,LOC733735,-7.5156703,-1.6138071,5.662010207495012e-14,1.191424539418984e-12,0.12607449856733524,0.3324420677361854
Epidermis1,robo1,-7.5200276,-1.8710021,5.4764754025430055e-14,1.1546103358346948e-12,0.12320916905444126,0.32174688057041
Epidermis1,adss2,-7.5281453,-1.4725394,5.146601318044611e-14,1.0871634788097915e-12,0.167621776504298,0.3689839572192513
Epidermis1,ubtd2,-7.5560775,-1.5884717,4.154069538870036e-14,8.809130360319053e-13,0.15902578796561603,0.357397504456328
Epidermis1,ppat,-7.564746,-1.4628671,3.8862379049673295e-14,8.249182619094562e-13,0.19197707736389685,0.3859180035650624
Epidermis1,atrnl1,-7.574194,-1.1150731,3.6136406467856895e-14,7.678018749124686e-13,0.2836676217765043,0.4661319073083779
Epidermis1,ucp2,-7.60419,-1.474007,2.866944174428136e-14,6.109334846698862e-13,0.17335243553008595,0.37254901960784315
Epidermis1,acsl1,-7.6352406,-1.0851786,2.253995597011445e-14,4.822003717881053e-13,0.3151862464183381,0.5
Epidermis1,mthfd2,-7.6396894,-1.4204378,2.1774664780906405e-14,4.667435758194093e-13,0.20487106017191978,0.3983957219251337
Epidermis1,styx,-7.6864715,-1.0279821,1.5124829615566934e-14,3.2548215684544976e-13,0.3166189111747851,0.5106951871657754
Epidermis1,ptpn14,-7.7000017,-1.0708373,1.3606438687472567e-14,2.9367566627036485e-13,0.27650429799426934,0.4786096256684492
Epidermis1,syne1,-7.7086244,-1.1826717,1.2718115756167222e-14,2.7477426130230193e-13,0.26504297994269344,0.46167557932263814
Epidermis1,kit,-7.7090373,-3.0292783,1.2677052176718094e-14,2.7415852878906394e-13,0.055873925501432664,0.26648841354723707
Epidermis1,hspa4,-7.758342,-1.31222,8.604683604195926e-15,1.877628009271593e-13,0.2191977077363897,0.4197860962566845
Epidermis1,ap2b1,-7.7598557,-1.6348882,8.502615686748998e-15,1.8572129819874862e-13,0.1346704871060172,0.34581105169340465
Epidermis1,cdk2,-7.7649465,-1.2581798,8.167963664582959e-15,1.7876944345523043e-13,0.24068767908309455,0.44028520499108736
Epidermis1,sdc2,-7.7699,-2.048402,7.854810674551828e-15,1.7226112937627684e-13,0.08882521489971347,0.30213903743315507
Epidermis1,mycl,-7.7805405,-2.8842773,7.221523235091321e-15,1.5869170041583857e-13,0.045845272206303724,0.26024955436720143
Epidermis1,lrp2,-7.7894387,-1.8378286,6.730763054745914e-15,1.4805643207420423e-13,0.1346704871060172,0.339572192513369
Epidermis1,fnip2,-7.809665,-1.0614774,5.734019792651407e-15,1.2625837123657555e-13,0.31805157593123207,0.5133689839572193
Epidermis1,adcy7,-7.863465,-2.051383,3.7365187072376786e-15,8.302909848333338e-14,0.10028653295128939,0.3137254901960784
Epidermis1,efna5,-7.8666754,-2.2070463,3.641906041147724e-15,8.100920665023903e-14,0.10315186246418338,0.31194295900178254
Epidermis1,pabpc4,-7.8758483,-1.0992441,3.384389714256733e-15,7.551203267361571e-14,0.28939828080229224,0.48663101604278075
Epidermis1,hgf,-7.8815813,-7.110382,3.2326363444254504e-15,7.219995667523823e-14,0.0028653295128939827,0.22192513368983957
Epidermis1,LOC100379837,-7.9249697,-3.2607622,2.2820212175213242e-15,5.1230437229972035e-14,0.03581661891117478,0.2549019607843137
Epidermis1,cd81,-7.9602857,-1.2539438,1.7164252272638869e-15,3.888163159580086e-14,0.2607449856733524,0.45989304812834225
Epidermis1,msantd2,-7.9610195,-1.0893813,1.7062746805298248e-15,3.870334698944002e-14,0.3209169054441261,0.5098039215686274
Epidermis1,scarb1,-7.9801455,-1.8466306,1.4616121768082156e-15,3.343169739007555e-14,0.1332378223495702,0.34670231729055256
Epidermis1,cwc27,-8.011884,-1.1767594,1.1296456195817173e-15,2.5974707128443257e-14,0.2836676217765043,0.4803921568627451
Epidermis1,itm2a,-8.028533,-1.8092514,9.864522862708053e-16,2.2802304384232248e-14,0.1303724928366762,0.34759358288770054
Epidermis1,sdc1,-8.042751,-1.2884732,8.784373267916549e-16,2.034859968993705e-14,0.22779369627507162,0.43493761140819964
Epidermis1,dgka,-8.069949,-1.1271228,7.032758386962034e-16,1.6343111902225617e-14,0.330945558739255,0.5133689839572193
Epidermis1,apex1,-8.084029,-1.713887,6.266117490075291e-16,1.4577073534214598e-14,0.13896848137535817,0.35650623885918004
Epidermis1,slc7a8,-8.109668,-2.4103854,5.075824735267451e-16,1.1845943481098507e-14,0.07736389684813753,0.2985739750445633
Epidermis1,sox5,-8.115171,-1.2129402,4.850979467417789e-16,1.1345468698662761e-14,0.30515759312320917,0.4875222816399287
Epidermis1,esrrg,-8.130674,-3.1575656,4.2690933202626693e-16,1.0006002721960441e-14,0.06017191977077364,0.27807486631016043
Epidermis1,LOC105945412,-8.134802,-1.9967759,4.1261199125836927e-16,9.691718257533774e-15,0.09455587392550144,0.32085561497326204
Epidermis1,dcps,-8.156955,-1.935459,3.4357675035576497e-16,8.113840118520723e-15,0.11031518624641834,0.3324420677361854
Epidermis1,c20orf27,-8.15989,-1.1599227,3.3532925251563754e-16,7.92764855811888e-15,0.27793696275071633,0.48663101604278075
Epidermis1,efna1,-8.172091,-1.5974671,3.0309152213998995e-16,7.173275601536573e-15,0.15472779369627507,0.3778966131907308
Epidermis1,yeats4,-8.175851,-1.2926435,2.9378429418088646e-16,6.960550579067452e-15,0.22779369627507162,0.4447415329768271
Epidermis1,htra1,-8.184749,-2.6981752,2.7287167573908223e-16,6.472100909024471e-15,0.07449856733524356,0.29322638146167557
Epidermis1,wls,-8.244099,-1.3035063,1.664102110080377e-16,3.977258723336682e-15,0.23782234957020057,0.4483065953654189
Epidermis1,tsc22d1,-8.2463,-1.7783656,1.6337435784027085e-16,3.913273175008288e-15,0.1361031518624642,0.357397504456328
Epidermis1,rasgef1b,-8.24818,-1.9937186,1.6082452087792394e-16,3.856430626458438e-15,0.11318051575931232,0.3333333333333333
Epidermis1,fscn1,-8.2562065,-1.9757084,1.503750720314055e-16,3.609828874364465e-15,0.1361031518624642,0.3538324420677362
Epidermis1,acvr1b,-8.267168,-1.4083372,1.3717804552453321e-16,3.300289009251201e-15,0.24068767908309455,0.4447415329768271
Epidermis1,ckap2,-8.280377,-1.4116548,1.2278531814758496e-16,2.9605507483960788e-15,0.24068767908309455,0.44206773618538325
Epidermis1,mapkapk5,-8.289551,-1.2945844,1.13677148519466e-16,2.7470089234144715e-15,0.2349570200573066,0.4554367201426025
Epidermis1,ptprs,-8.361513,-1.6891102,6.191907482824224e-17,1.5079644328427164e-15,0.16905444126074498,0.3841354723707665
Epidermis1,dtx4,-8.370594,-2.1402051,5.732847209330093e-17,1.3977257983775637e-15,0.08595988538681948,0.3155080213903743
Epidermis1,amotl2,-8.384767,-1.2190956,5.082660360367262e-17,1.244766910477823e-15,0.3037249283667622,0.5053475935828877
Epidermis1,sik2,-8.389995,-2.3381374,4.8616294200086725e-17,1.1933140109562344e-15,0.08882521489971347,0.3146167557932264
Epidermis1,tenm3,-8.445812,-1.6676309,3.0193747181958074e-17,7.478521648779876e-16,0.17335243553008595,0.3939393939393939
Epidermis1,wtip,-8.449252,-1.1741647,2.931736120988159e-17,7.269706124554843e-16,0.29512893982808025,0.5124777183600713
Epidermis1,h3f3b,-8.4682865,-1.0145413,2.490290638893753e-17,6.203268496723811e-16,0.3954154727793696,0.5775401069518716
Epidermis1,pax3,-8.468332,-2.1369455,2.4893104698719994e-17,6.203268496723811e-16,0.14469914040114612,0.3591800356506239
Epidermis1,dip2a,-8.498145,-2.62496,1.926449161960914e-17,4.826297033656614e-16,0.0659025787965616,0.2976827094474153
Epidermis1,fam53a,-8.50585,-1.1963711,1.802699153303921e-17,4.5214595660051565e-16,0.2851002865329513,0.49910873440285203
Epidermis1,tle5,-8.57373,-2.371902,1.0018596341335723e-17,2.5186151009710462e-16,0.08022922636103152,0.3146167557932264
Epidermis1,vav2,-8.612211,-1.7601135,7.16648091731613e-18,1.8120484368106056e-16,0.14326647564469913,0.37344028520499106
Epidermis1,pkdcc.2,-8.621246,-1.4956503,6.622924211152083e-18,1.680451502459879e-16,0.27507163323782235,0.4768270944741533
Epidermis1,itga5,-8.64106,-1.7053984,5.5693831272808686e-18,1.41642784639156e-16,0.17191977077363896,0.393048128342246
Epidermis1,lrrk2,-8.643904,-1.5037965,5.4324352514242805e-18,1.3832108473900724e-16,0.2148997134670487,0.4376114081996435
Epidermis1,sufu,-8.658351,-1.0558243,4.7863706465564494e-18,1.2258614304989235e-16,0.3624641833810888,0.5704099821746881
Epidermis1,c3,-8.67445,-5.0191975,4.155547625488899e-18,1.0655488218072064e-16,0.015759312320916905,0.2549019607843137
Epidermis1,bambi,-8.767097,-1.0050676,1.8333165633617706e-18,4.734295944274224e-17,0.37249283667621774,0.5819964349376114
Epidermis1,ctps1,-8.773656,-1.0325458,1.7295735608754006e-18,4.471685387661388e-17,0.37822349570200575,0.5900178253119429
Epidermis1,srrm4,-8.781636,-2.9810605,1.6111332042226222e-18,4.170407787585034e-17,0.0673352435530086,0.30213903743315507
Epidermis1,neurl1,-8.80278,-5.878465,1.3346793251759321e-18,3.4795743792908026e-17,0.0071633237822349575,0.25133689839572193
Epidermis1,rnf149,-8.81787,-2.786268,1.1665791787337099e-18,3.0486136837303335e-17,0.06017191977077364,0.30124777183600715
Epidermis1,cenpn,-8.885108,-1.0572127,6.385882676614043e-19,1.6910964306601337e-17,0.36962750716332377,0.5819964349376114
Epidermis1,rbbp4,-8.890061,-1.087015,6.107525645977617e-19,1.6193477171431055e-17,0.42120343839541546,0.6194295900178253
Epidermis1,st3gal6,-8.8918495,-1.6477249,6.009982067230626e-19,1.5954235850248114e-17,0.17765042979942694,0.4090909090909091
Epidermis1,pank4,-8.892171,-1.0918657,5.992637868398476e-19,1.5927570149369448e-17,0.3638968481375358,0.5739750445632799
Epidermis1,zhx2,-8.962298,-1.3873284,3.1797939604912745e-19,8.566207902701248e-18,0.23065902578796563,0.4661319073083779
Epidermis1,tcp11l2,-9.051827,-1.6129532,1.4059578750655472e-19,3.820598604209876e-18,0.18624641833810887,0.4304812834224599
Epidermis1,hsf2.2,-9.073338,-1.9177881,1.154257657298565e-19,3.1483820424889983e-18,0.1361031518624642,0.37967914438502676
Epidermis1,znhit6,-9.074072,-1.722305,1.1465067910485084e-19,3.1311545290950566e-18,0.15472779369627507,0.4019607843137255
Epidermis1,slc16a3,-9.080447,-1.9583884,1.0812998000275276e-19,2.9567722977945712e-18,0.15902578796561603,0.38859180035650626
Epidermis1,mcc,-9.122964,-1.2078787,7.309743192641421e-20,2.0139634622049048e-18,0.33810888252148996,0.5499108734402852
Epidermis1,dll1,-9.151858,-2.6113667,5.596225396802454e-20,1.5516548206305762e-18,0.10028653295128939,0.3413547237076649
Epidermis1,rapgef5,-9.190339,-1.3997368,3.916036482641145e-20,1.0913388516949225e-18,0.3438395415472779,0.5294117647058824
Epidermis1,nxn,-9.205246,-1.512366,3.408908545524997e-20,9.524429369001404e-19,0.2134670487106017,0.45187165775401067
Epidermis1,rab34,-9.206301,-3.489428,3.375586225160921e-20,9.443418848620059e-19,0.03724928366762178,0.2905525846702317
Epidermis1,tom1l1,-9.248542,-1.0496603,2.2757533086976946e-20,6.407640380528051e-19,0.5272206303724928,0.7076648841354723
Epidermis1,dock1,-9.320688,-1.0278549,1.1558853098170773e-20,3.2756588760413566e-19,0.45415472779369626,0.6292335115864528
Epidermis1,troap,-9.387284,-1.1524746,6.156744924749217e-21,1.7630752100125021e-19,0.36103151862464183,0.5748663101604278
Epidermis1,ifrd1,-9.396961,-1.8028678,5.616156517562757e-21,1.6103830666194077e-19,0.14613180515759314,0.4001782531194296
Epidermis1,dpysl4,-9.399163,-1.877988,5.499891052134911e-21,1.5791200348504723e-19,0.14469914040114612,0.3948306595365419
Epidermis1,lrp1,-9.504056,-1.264859,2.0187035582652136e-21,5.881192302390551e-20,0.3452722063037249,0.5614973262032086
Epidermis1,elf2,-9.554966,-1.2653058,1.2362415955742603e-21,3.635583269140961e-20,0.30515759312320917,0.5490196078431373
Epidermis1,lamb1,-9.564873,-2.6123314,1.123391712634879e-21,3.308168766721416e-20,0.09025787965616046,0.3449197860962567
Epidermis1,evc2,-9.589044,-2.0302098,8.890493640060938e-22,2.628718993492815e-20,0.1318051575931232,0.3868092691622103
Epidermis1,cdh2,-9.64344,-1.090153,5.240190860372283e-22,1.566386366632652e-20,0.5,0.6853832442067737
Epidermis1,git1,-9.656878,-1.3501256,4.596571082547785e-22,1.3758817228021294e-20,0.29369627507163326,0.5213903743315508
Epidermis1,sh3gl1,-9.7067795,-1.0088426,2.8210997293394974e-22,8.502654308552096e-21,0.4713467048710602,0.6729055258467023
Epidermis1,ptdss2,-9.737739,-1.5206121,2.0813489946716089e-22,6.299183968478388e-21,0.23209169054441262,0.48484848484848486
Epidermis1,nckap5l,-9.749572,-1.580477,1.8524845997431625e-22,5.622123289429144e-21,0.2163323782234957,0.46345811051693403
Epidermis1,hmbs,-9.866756,-3.838805,5.801001961833189e-23,1.7778604467578936e-21,0.02865329512893983,0.30124777183600715
Epidermis1,arhgap32,-9.911934,-1.5580962,3.694259228354579e-23,1.140204110635435e-21,0.2707736389684814,0.49910873440285203
Epidermis1,fgd4,-9.915098,-1.2944237,3.579037287684837e-23,1.1062064115378303e-21,0.3553008595988539,0.5650623885918004
Epidermis1,dnajc16,-9.940645,-1.9318601,2.7702702622185945e-23,8.586657299981811e-22,0.14613180515759314,0.4117647058823529
Epidermis1,hnrnpd,-9.9568815,-1.431972,2.3532893449991782e-23,7.304569956931303e-22,0.2664756446991404,0.5124777183600713
Epidermis1,cep44,-9.979952,-1.2589856,1.8655795768282104e-23,5.807248494432008e-22,0.335243553008596,0.5721925133689839
Epidermis1,txlna,-9.998114,-1.0654618,1.5532694115213824e-23,4.855858428196e-22,0.46131805157593125,0.660427807486631
Epidermis1,dlc1,-10.046594,-2.1447163,9.509819919714732e-24,2.9858097909078437e-22,0.12750716332378223,0.3948306595365419
Epidermis1,trim9,-10.082093,-2.2671628,6.629867197322471e-24,2.0936372230502695e-22,0.12034383954154727,0.3877005347593583
Epidermis1,mfsd2a,-10.117409,-1.7577757,4.624970825869936e-24,1.4647530971162244e-22,0.1819484240687679,0.4483065953654189
Epidermis1,ubr7,-10.175383,-1.0196671,2.5539508604099343e-24,8.135731638686887e-23,0.505730659025788,0.7254901960784313
Epidermis1,galnt16,-10.203498,-4.994432,1.912582348950632e-24,6.128408140448127e-23,0.014326647564469915,0.2967914438502674
Epidermis1,abcb5,-10.217578,-1.806858,1.6542215107205742e-24,5.308348174328478e-23,0.18051575931232092,0.446524064171123
Epidermis1,sass6,-10.231063,-1.6648406,1.4393157502673574e-24,4.6255241511905753e-23,0.23925501432664756,0.4910873440285205
Epidermis1,cfb,-10.233677,-1.8576548,1.4009722415641295e-24,4.5089403072523407e-23,0.2020057306590258,0.46078431372549017
Epidermis1,supt20hl1,-10.255738,-1.8936896,1.1152103418426343e-24,3.6051859065700925e-23,0.17478510028653296,0.4393939393939394
Epidermis1,dact1,-10.308575,-1.4971402,6.445029975272288e-25,2.0897028096644368e-23,0.24498567335243554,0.5115864527629234
Epidermis1,s1pr5,-10.360952,-4.942702,3.732279901028043e-25,1.2246929281253072e-23,0.012893982808022923,0.3003565062388592
Epidermis1,LOC101731566,-10.464974,-1.1008914,1.251108791540449e-25,4.142707881669824e-24,0.45272206303724927,0.6622103386809269
Epidermis1,arl5c,-10.531203,-2.7751818,6.203647808543092e-26,2.0698745998504408e-24,0.07306590257879657,0.36185383244206776
Epidermis1,lin28b,-10.624906,-1.8283082,2.282437098087848e-26,7.685966036631934e-25,0.18481375358166188,0.46345811051693403
Epidermis1,ssbp4,-10.668294,-2.8900805,1.432325728775552e-26,4.838201196224663e-25,0.08022922636103152,0.3663101604278075
Epidermis1,syn1,-10.68985,-4.031973,1.1355428963626894e-26,3.847621357380473e-25,0.03151862464183381,0.3244206773618538
Epidermis1,LOC100493456,-10.689942,-2.3534052,1.1344203753013737e-26,3.847621357380473e-25,0.11031518624641834,0.40106951871657753
Epidermis1,camk2d,-10.696317,-1.3982219,1.0590416615311435e-26,3.599586930883346e-25,0.333810888252149,0.5775401069518716
Epidermis1,rimklb,-10.7076,-1.0417254,9.376109362835414e-27,3.1918265586026767e-25,0.49426934097421205,0.7245989304812834
Epidermis1,bcar1,-10.728422,-2.8567932,7.486313279323399e-27,2.556476401691954e-25,0.07593123209169055,0.36541889483065954
Epidermis1,cerk,-10.929173,-2.2748454,8.360616220193365e-28,2.923669976616016e-26,0.1361031518624642,0.42513368983957217
Epidermis1,rrm2.2,-10.943025,-1.8005309,7.176468794276678e-28,2.5136071518444845e-26,0.22063037249283668,0.5017825311942959
Epidermis1,rtf1,-10.943896,-1.0590247,7.10779863287655e-28,2.4935574592925916e-26,0.5372492836676218,0.7477718360071302
Epidermis1,tns3,-10.945272,-1.7644395,7.000696695297308e-28,2.4599388500496385e-26,0.22206303724928367,0.49554367201426025
Epidermis1,foxp1,-10.947612,-1.3588947,6.82228471239402e-28,2.4011141082120955e-26,0.3424068767908309,0.5900178253119429
Epidermis1,myb,-10.950776,-2.4980168,6.588062223377102e-28,2.3224249721536628e-26,0.12177650429799428,0.4126559714795009
Epidermis1,nlrc4,-10.953803,-4.010839,6.371492348997449e-28,2.2497141512536138e-26,0.0329512893982808,0.3333333333333333
Epidermis1,mybl2,-10.957151,-1.2686162,6.140170201561653e-28,2.1715503074275012e-26,0.3825214899713467,0.6238859180035651
Epidermis1,slc7a6,-10.967838,-1.5426146,5.456142269143493e-28,1.9327675398535742e-26,0.2636103151862464,0.5383244206773619
Epidermis1,ccdc9,-10.968893,-1.0343411,5.392865514506197e-28,1.9165752181113964e-26,0.5515759312320917,0.750445632798574
Epidermis1,dipk2a,-10.987193,-1.2445772,4.404103681563172e-28,1.5754417448424586e-26,0.46131805157593125,0.6880570409982175
Epidermis1,nrg1,-11.004484,-4.949042,3.6359084355964513e-28,1.3027776350270962e-26,0.017191977077363897,0.32174688057041
Epidermis1,zc3h12c,-11.010447,-3.6616075,3.4031260421446676e-28,1.2213752198295854e-26,0.03724928366762178,0.3413547237076649
Epidermis1,plekhg1,-11.042919,-1.5513258,2.371998681976584e-28,8.569434311160768e-27,0.2979942693409742,0.5570409982174688
Epidermis1,tcp1,-11.0597515,-1.0423001,1.9664160754372998e-28,7.127768302677296e-27,0.5157593123209169,0.7370766488413547
Epidermis1,irx1,-11.070117,-1.1243035,1.7517180764684502e-28,6.360106513580375e-27,0.5386819484240688,0.7388591800356507
Epidermis1,LOC116407528,-11.090527,-3.8299859,1.394638606270319e-28,5.080535730788753e-27,0.03151862464183381,0.33778966131907306
Epidermis1,hells,-11.092683,-1.111731,1.3614282419424803e-28,4.9678471015763986e-27,0.5659025787965616,0.7549019607843137
Epidermis1,plekhg4,-11.126622,-3.1502128,9.309628572088663e-29,3.414208488597424e-27,0.0659025787965616,0.3672014260249554
Epidermis1,mapk12,-11.189412,-1.9330049,4.5947110818464286e-29,1.6964668446187973e-27,0.18911174785100288,0.47771836007130125
Epidermis1,tle4,-11.220829,-1.1762813,3.2223398282634416e-29,1.19177419309384e-27,0.45988538681948427,0.7049910873440285
Epidermis1,nampt,-11.271969,-1.9191332,1.8048810111873504e-29,6.698011657333193e-28,0.21060171919770773,0.4928698752228164
Epidermis1,mbd3,-11.275913,-1.4948307,1.7257837029813476e-29,6.415387765375807e-28,0.2979942693409742,0.571301247771836
Epidermis1,pkdcc.1,-11.380669,-1.380191,5.219778185575335e-30,1.9638065480593e-28,0.34097421203438394,0.624777183600713
Epidermis1,nedd9,-11.382549,-3.8406346,5.1084162377738055e-30,1.9252288553447706e-28,0.04154727793696275,0.3520499108734403
Epidermis1,ctbs,-11.3986025,-1.9309264,4.248860957616658e-30,1.6068352678709374e-28,0.22206303724928367,0.5062388591800356
Epidermis1,ptch2,-11.401767,-2.319307,4.097182126189391e-30,1.5521633884649078e-28,0.12750716332378223,0.4295900178253119
Epidermis1,cyp26a1,-11.41305,-1.3926336,3.598861684964843e-30,1.3681317217355024e-28,0.3954154727793696,0.6559714795008913
Epidermis1,pcnt,-11.491616,-1.5323122,1.4536611513533422e-30,5.584566898535436e-29,0.3166189111747851,0.5828877005347594
Epidermis1,stk40,-11.527942,-1.4074097,9.539743178923634e-31,3.671371003655954e-29,0.336676217765043,0.6078431372549019
Epidermis1,nectin1,-11.530051,-1.0916053,9.308821076632484e-31,3.5888301186077285e-29,0.673352435530086,0.7834224598930482
Epidermis1,ankrd10,-11.56445,-1.2660611,6.23897241551256e-31,2.4138407283492828e-29,0.44412607449856734,0.6898395721925134
Epidermis1,amotl1,-11.61825,-2.0471995,3.3288606346725024e-31,1.2902143500743993e-29,0.1833810888252149,0.47950089126559714
Epidermis1,lama5,-11.628386,-1.9521984,2.9563476262498208e-31,1.1478729813593832e-29,0.18624641833810887,0.4857397504456328
Epidermis1,taok3,-11.63733,-1.2515199,2.662208935194597e-31,1.0392139745059266e-29,0.4512893982808023,0.696078431372549
Epidermis1,gpsm2,-11.6615,-1.6445493,2.0047802626503787e-31,7.868041386923366e-30,0.27650429799426934,0.5552584670231729
Epidermis1,rbms2,-11.67792,-1.8758572,1.6529052989409917e-31,6.498747122196645e-30,0.19340974212034384,0.5008912655971479
Epidermis1,nipa2,-11.728876,-1.9566642,9.065430584126721e-32,3.577156614398358e-30,0.17478510028653296,0.482174688057041
Epidermis1,nfe2l3,-11.737224,-2.6781518,8.213885183388188e-32,3.247014285991189e-30,0.09025787965616046,0.410873440285205
Epidermis1,tfdp2,-11.748369,-2.0627353,7.199520532982335e-32,2.8563770463674096e-30,0.17048710601719197,0.47237076648841353
Epidermis1,arhgef17,-11.798775,-1.4866346,3.960373397675635e-32,1.579877658330531e-30,0.35673352435530087,0.6140819964349377
Epidermis1,mta1,-11.8118,-1.1340466,3.392199505918796e-32,1.3581868884156705e-30,0.5286532951289399,0.7397504456327986
Epidermis1,wdr72,-11.913345,-2.7536275,1.008485135476568e-32,4.060176040818116e-31,0.1017191977077364,0.42245989304812837
Epidermis1,rapgef6,-11.936874,-1.128694,7.60271386405816e-33,3.072200356066909e-31,0.5859598853868195,0.7450980392156863
Epidermis1,clic4,-11.956138,-2.6891582,6.0302318923107444e-33,2.4412929521727785e-31,0.10744985673352435,0.42424242424242425
Epidermis1,plcg1,-11.964255,-1.8188962,5.468594982813602e-33,2.2221640804464733e-31,0.25644699140401145,0.5418894830659536
Epidermis1,cct5,-11.973199,-1.3099229,4.909833947045783e-33,2.002569842214692e-31,0.42550143266475643,0.6862745098039216
Epidermis1,itgb1,-11.980675,-1.3210833,4.486553404045191e-33,1.83335359231592e-31,0.40114613180515757,0.6737967914438503
Epidermis1,adam33,-11.990766,-2.1658785,3.972178630124214e-33,1.6262084406743053e-31,0.19054441260744986,0.48663101604278075
Epidermis1,tnrc18,-11.999526,-1.1244068,3.5733879024017785e-33,1.465693560494534e-31,0.5816618911174785,0.7655971479500892
Epidermis1,ets1,-11.999663,-2.7501562,3.56745244702506e-33,1.465693560494534e-31,0.09169054441260745,0.4144385026737968
Epidermis1,topbp1,-12.00558,-1.405005,3.321282048794353e-33,1.3674282186177658e-31,0.3825214899713467,0.6577540106951871
Epidermis1,ror2,-12.081716,-1.7627246,1.3193765064392102e-33,5.473405845439164e-32,0.2808022922636103,0.5614973262032086
Epidermis1,ctnnd2,-12.087586,-2.4271548,1.2284267626705967e-33,5.105809597759065e-32,0.15902578796561603,0.46345811051693403
Epidermis1,unkl,-12.107676,-1.4627091,9.618160029565591e-34,4.0206488506733864e-32,0.3538681948424069,0.6203208556149733
Epidermis1,bmper,-12.148633,-4.0502906,5.833294985168506e-34,2.4573036654703082e-32,0.04871060171919771,0.3778966131907308
Epidermis1,asxl3,-12.149825,-1.032065,5.748835506850305e-34,2.4264088896514605e-32,0.6017191977077364,0.7914438502673797
Epidermis1,ncoa6,-12.182527,-1.6412997,3.8516022979787033e-34,1.6319575484309376e-32,0.2808022922636103,0.5802139037433155
Epidermis1,h2az1,-12.191424,-1.0064381,3.4533032119432442e-34,1.4717681521057332e-32,0.6389684813753582,0.8092691622103387
Epidermis1,smtn,-12.223805,-1.3748248,2.319663369049391e-34,9.924975367848386e-33,0.4584527220630373,0.696969696969697
Epidermis1,ppp1r18,-12.259993,-1.5952886,1.4851274118371652e-34,6.379323868838343e-33,0.2979942693409742,0.5971479500891266
Epidermis1,mrtfa,-12.260131,-1.0280077,1.482607802145059e-34,6.379323868838343e-33,0.6532951289398281,0.8146167557932263
Epidermis1,dstyk,-12.4042845,-1.3855312,2.4771618181333025e-35,1.0832494595889136e-33,0.42263610315186245,0.6818181818181818
Epidermis1,skor1,-12.500509,-2.8401122,7.417472674882306e-36,3.2897697406220896e-34,0.10315186246418338,0.43404634581105167
Epidermis1,tent4b,-12.540595,-1.1830424,4.4762124694793205e-36,1.9974526032005778e-34,0.5558739255014327,0.7718360071301248
Epidermis1,baiap2l1,-12.645076,-1.8669095,1.1910987074917625e-36,5.381152152417754e-35,0.2492836676217765,0.5597147950089126
Epidermis1,rpgrip1l,-12.679933,-1.814197,7.639710170064104e-37,3.465823609583551e-35,0.28653295128939826,0.5748663101604278
Epidermis1,il6st,-12.702453,-1.130066,5.7305097278534115e-37,2.605113599406027e-35,0.5873925501432665,0.7780748663101604
Epidermis1,pmm2,-12.750198,-1.497316,3.1095351296099267e-37,1.4195223025777868e-35,0.36962750716332377,0.6693404634581105
Epidermis1,bub1,-12.761297,-1.2998823,2.696711810734217e-37,1.233646717443005e-35,0.4799426934097421,0.7272727272727273
Epidermis1,tmeff1,-12.811611,-2.715797,1.4117193153358258e-37,6.48528993261959e-36,0.1361031518624642,0.46078431372549017
Epidermis1,phf14,-12.928751,-1.3515794,3.0981192468338946e-38,1.4507309031150732e-36,0.4871060171919771,0.7201426024955436
Epidermis1,llgl1,-12.929071,-1.4370434,3.0852102159485163e-38,1.4477929488647864e-36,0.41260744985673353,0.6800356506238859
Epidermis1,npm1,-12.982642,-1.0553247,1.5349276195214695e-38,7.249709001207356e-37,0.6891117478510028,0.8663101604278075
Epidermis1,ccna2,-13.001034,-1.0550781,1.2070020980318992e-38,5.725650604598711e-37,0.663323782234957,0.8449197860962567
Epidermis1,slc12a2,-13.012821,-1.6387926,1.0345092838264525e-38,4.928826873881445e-37,0.38108882521489973,0.6363636363636364
Epidermis1,fgd6,-13.149407,-1.9232244,1.7151356683399334e-39,8.243606920450591e-38,0.23065902578796563,0.5650623885918004
Epidermis1,brwd3,-13.280856,-1.1076272,2.9895521480296507e-40,1.452895710961136e-38,0.6418338108882522,0.8155080213903744
Epidermis1,rnf44,-13.311219,-1.0464503,1.9920462090554852e-40,9.724483294809787e-39,0.6876790830945558,0.8805704099821747
Epidermis1,arhgap36,-13.356947,-2.4271724,1.0790028805684899e-40,5.279130461184982e-39,0.14756446991404013,0.4982174688057041
Epidermis1,lef1,-13.363826,-1.6086599,9.83745445357378e-41,4.8347543610683207e-39,0.3853868194842407,0.6675579322638147
Epidermis1,LOC734009,-13.382677,-1.2838887,7.634748583046616e-41,3.7863147461513684e-39,0.505730659025788,0.7691622103386809
Epidermis1,celf3,-13.39263,-2.7879088,6.677417157370815e-41,3.3190870111842495e-39,0.11461318051575932,0.4661319073083779
Epidermis1,rad54l2,-13.429092,-1.1266705,4.083872997995306e-41,2.0345706093437345e-39,0.6160458452722063,0.8074866310160428
Epidermis1,arhgef38,-13.444962,-1.5392413,3.295775152608513e-41,1.6457004486286125e-39,0.43982808022922637,0.6907308377896613
Epidermis1,mast3,-13.481883,-1.8123329,1.9993877013957814e-41,1.0006568585357189e-39,0.27793696275071633,0.6033868092691622
Epidermis1,phip,-13.733499,-1.2491759,6.396872810712317e-43,3.2537566807122026e-41,0.5959885386819485,0.7905525846702317
Epidermis1,wwtr1,-13.808258,-1.4238791,2.2726027183953815e-43,1.1640953971386296e-41,0.5243553008595988,0.7531194295900179
Epidermis1,efnb2,-13.9165,-1.5481102,5.029386654148398e-44,2.5944739049686097e-42,0.44126074498567336,0.7272727272727273
Epidermis1,flot2,-13.922417,-1.188581,4.629836622832562e-44,2.394020496370363e-42,0.6088825214899714,0.839572192513369
Epidermis1,ugdhl,-13.925305,-3.2325525,4.4463485543752873e-44,2.3046026557012625e-42,0.0988538681948424,0.4661319073083779
Epidermis1,hepacam2,-14.071844,-5.0157638,5.657437842752128e-45,2.981907033011937e-43,0.017191977077363897,0.40819964349376114
Epidermis1,letm1,-14.102207,-1.3489923,3.680754204205535e-45,1.9447394065367795e-43,0.6074498567335244,0.8065953654188949
Epidermis1,irf6,-14.264798,-1.4879907,3.626376393548732e-46,1.9347471707488235e-44,0.4484240687679083,0.7415329768270945
Epidermis1,znf219,-14.309012,-1.4546975,1.922236579299159e-46,1.0305927370242493e-44,0.4656160458452722,0.7638146167557932
Epidermis1,rnf11,-14.370518,-1.5475968,7.923706755276357e-47,4.290402111833385e-45,0.41260744985673353,0.7219251336898396
Epidermis1,zmiz1,-14.521001,-1.0752273,8.919874447950405e-48,4.853879808696404e-46,0.7378223495702005,0.8912655971479501
Epidermis1,baz2a,-14.592688,-1.0608861,3.126349316764191e-48,1.7055017110277851e-46,0.7349570200573066,0.8716577540106952
Epidermis1,prdm14,-14.681482,-4.6168175,8.471816538319316e-49,4.656511553719541e-47,0.03868194842406877,0.43672014260249553
Epidermis1,arhgap12,-14.755141,-1.537607,2.8509329843171486e-49,1.5749419911591012e-47,0.4369627507163324,0.7370766488413547
Epidermis1,brd7,-14.757939,-1.1587362,2.7351138671408913e-49,1.5147949161137407e-47,0.6977077363896849,0.8734402852049911
Epidermis1,trim33,-14.816967,-1.1408796,1.1380760783768141e-49,6.319073309481033e-48,0.667621776504298,0.839572192513369
Epidermis1,irx2,-14.858383,-1.4503901,6.138859985497884e-50,3.443600610374019e-48,0.4813753581661891,0.7798573975044564
Epidermis1,foxn3,-14.879527,-2.4207494,4.476510538617745e-50,2.517575682040665e-48,0.18481375358166188,0.5543672014260249
Epidermis1,myo10,-14.883288,-1.770723,4.231791403346858e-50,2.3860961295202013e-48,0.4140401146131805,0.6934046345811051
Epidermis1,ptma,-14.913239,-1.1600633,2.703188595280073e-50,1.532111125652116e-48,0.7693409742120344,0.9180035650623886
Epidermis1,stil,-14.932226,-1.8228765,2.0336175109016867e-50,1.1556137423277526e-48,0.32951289398280803,0.6622103386809269
Epidermis1,cbfa2t2,-14.967404,-2.3899183,1.1991010817921092e-50,6.885680185733058e-49,0.18624641833810887,0.5579322638146168
Epidermis1,tfap4,-15.06661,-1.8932862,2.6854028262706583e-51,1.5626180019213875e-49,0.29512893982808025,0.6666666666666666
Epidermis1,gnai1,-15.084177,-1.7224554,2.0582511463245803e-51,1.200884980319483e-49,0.3624641833810888,0.696078431372549
Epidermis1,slc4a7,-15.115549,-1.3949645,1.2790133976807177e-51,7.50251380397606e-50,0.6848137535816619,0.7941176470588235
Epidermis1,pbx1,-15.230578,-1.4218966,2.2162314702947315e-52,1.3141409487310147e-50,0.6504297994269341,0.8172905525846702
Epidermis1,vezf1,-15.331757,-1.6134298,4.691284649103763e-53,2.8200694856224026e-51,0.4197707736389685,0.7575757575757576
Epidermis1,phf10,-15.349415,-1.2294664,3.573982282964665e-53,2.1543609778058552e-51,0.6561604584527221,0.8440285204991087
Epidermis1,cxcl12,-15.472287,-1.2650502,5.337676669304364e-54,3.244385587768538e-52,0.664756446991404,0.8609625668449198
Epidermis1,chaf1a,-15.537599,-1.0987786,1.930843830528181e-54,1.180194488122001e-52,0.8481375358166189,0.9563279857397504
Epidermis1,pcdh7,-15.595801,-4.8763037,7.774192234301105e-55,4.7786098237939265e-53,0.04011461318051576,0.46167557932263814
Epidermis1,etv1,-15.699043,-1.4462574,1.5353999973021413e-55,9.518171403730121e-54,0.6217765042979942,0.8475935828877005
Epidermis1,sema6a,-15.707528,-2.277528,1.3431425895323577e-55,8.350061095779367e-54,0.32951289398280803,0.6354723707664884
Epidermis1,sema6d,-15.806459,-1.9194163,2.808121375791359e-56,1.76587943922603e-54,0.34097421203438394,0.6951871657754011
Epidermis1,fgf14,-15.816549,-3.6286979,2.392502020441146e-56,1.5088666643944003e-54,0.09169054441260745,0.5089126559714795
Epidermis1,sptbn2,-15.957126,-1.0111251,2.5416986882520349e-57,1.6122792754752225e-55,0.8467048710601719,0.9402852049910874
Epidermis1,rpusd1,-15.957493,-1.2467872,2.526802724346978e-57,1.6075032725357261e-55,0.6948424068767909,0.8823529411764706
Epidermis1,ism1,-16.021475,-1.9317827,9.047919608170318e-58,5.806901581467192e-56,0.3968481375358166,0.731729055258467
Epidermis1,axin2,-16.078852,-1.4873697,3.589722584357575e-58,2.3243720033610282e-56,0.5802292263610315,0.8484848484848485
Epidermis1,tgif2,-16.118204,-2.0154068,1.9005376321313523e-58,1.2379591543503953e-56,0.29656160458452724,0.6818181818181818
Epidermis1,epha4,-16.217318,-1.4842583,3.8044878682796636e-59,2.5233352514811714e-57,0.5931232091690545,0.8404634581105169
Epidermis1,fgd1,-16.22984,-2.148976,3.1027149629189623e-59,2.0641568050565452e-57,0.2679083094555874,0.64349376114082
Epidermis1,lamc1,-16.249928,-2.2746437,2.236268713493065e-59,1.492281944866427e-57,0.24785100286532952,0.6310160427807486
Epidermis1,dennd2c,-16.31946,-3.7178612,7.176837354427593e-60,4.818639012645062e-58,0.06876790830945559,0.5098039215686274
Epidermis1,furin,-16.355785,-1.5589281,3.955813137636832e-60,2.664191310999176e-58,0.6318051575931232,0.8253119429590018
Epidermis1,nrxn1,-16.365553,-3.6580257,3.369492071728332e-60,2.2763370432564685e-58,0.11891117478510028,0.5320855614973262
Epidermis1,pcdh18,-16.412474,-3.4147508,1.557292983248274e-60,1.058619632008118e-58,0.08166189111747851,0.5249554367201426
Epidermis1,plscr1,-16.42096,-1.6741639,1.354103586904592e-60,9.233716990576595e-59,0.45272206303724927,0.7754010695187166
Epidermis1,enah,-16.433756,-1.4514846,1.0965362656367963e-60,7.524376683163689e-59,0.5845272206303725,0.8609625668449198
Epidermis1,znf217,-16.528145,-1.6707261,2.3011650245089745e-61,1.5840290851675183e-59,0.4283667621776504,0.7557932263814616
Epidermis1,LOC100486629,-16.587082,-3.1486886,8.64186294543457e-62,5.986479089915167e-60,0.1518624641833811,0.5668449197860963
Epidermis1,fam171a1,-16.612032,-1.9365768,5.702800982170385e-62,3.963083446877069e-60,0.3452722063037249,0.7094474153297683
Epidermis1,hnrnpul1,-16.68583,-1.7906966,1.6618284199087744e-62,1.1585545671191491e-60,0.3954154727793696,0.7531194295900179
Epidermis1,dlc,-16.691883,-3.145937,1.5015844926573672e-62,1.0501947184062952e-60,0.14326647564469913,0.56951871657754
Epidermis1,smad7,-16.702295,-1.3358837,1.261198379086118e-62,8.849070684899737e-61,0.7034383954154728,0.9180035650623886
Epidermis1,hmga2,-16.746601,-1.6874157,5.995626012766962e-63,4.233998550957537e-61,0.5100286532951289,0.8163992869875223
Epidermis1,obi1,-16.799025,-3.4802992,2.4809300242453103e-63,1.7749630839035053e-61,0.09312320916905444,0.5374331550802139
Epidermis1,tp63,-16.891212,-4.282332,5.221865096479824e-64,3.7855919691124997e-62,0.09025787965616046,0.5285204991087344
Epidermis1,lin28a,-16.978127,-2.0846415,1.1923119572691067e-64,8.730684301868851e-63,0.3538681948424069,0.7344028520499108
Epidermis1,foxp4,-17.027615,-3.375798,5.125071833981164e-65,3.7909895759085755e-63,0.10601719197707736,0.5490196078431373
Epidermis1,sox3,-17.088661,-3.612712,1.8026417643226306e-65,1.351733537432444e-63,0.11318051575931232,0.5436720142602496
Epidermis1,bcor,-17.137371,-2.1785846,7.810424921483488e-66,5.897276201096581e-64,0.3137535816618911,0.6978609625668449
Epidermis1,cs,-17.193922,-1.8624856,2.948931312913788e-66,2.242112549794138e-64,0.43982808022922637,0.7887700534759359
Epidermis1,fign,-17.233091,-1.377738,1.499229741540412e-66,1.147883936496608e-64,0.8624641833810889,0.9278074866310161
Epidermis1,phf21b,-17.233412,-2.335396,1.4909300817151914e-66,1.1455487786305349e-64,0.25644699140401145,0.6639928698752228
Epidermis1,strbp,-17.275331,-1.7264522,7.21568938913028e-67,5.563729970325506e-65,0.505730659025788,0.8074866310160428
Epidermis1,ninl,-17.283175,-1.9739009,6.298346145763901e-67,4.8736245122948256e-65,0.3997134670487106,0.7388591800356507
Epidermis1,tcf12,-17.34624,-1.8933377,2.1058669918350565e-67,1.6470295207466942e-65,0.4040114613180516,0.7549019607843137
Epidermis1,fgfr1,-17.370134,-1.2964791,1.3889861369951951e-67,1.0902541904810127e-65,0.7535816618911175,0.9206773618538324
Epidermis1,mllt10,-17.44228,-2.1673703,3.940307762990789e-68,3.115270133921087e-66,0.3209169054441261,0.7112299465240641
Epidermis1,ptprd,-17.515068,-3.7568989,1.0995350945756398e-68,8.756553028735414e-67,0.15902578796561603,0.5757575757575758
Epidermis1,ndst1,-17.56685,-1.9849181,4.4204454226600144e-69,3.5725385025134874e-67,0.4154727793696275,0.7388591800356507
Epidermis1,rapgef1,-17.580334,-1.583169,3.4851469882357e-69,2.8271149602338735e-67,0.5630372492836676,0.8244206773618539
Epidermis1,pcdh19,-17.603497,-1.826642,2.3157671223304803e-69,1.8855356110587093e-67,0.5859598853868195,0.8235294117647058
Epidermis1,LOC116406756,-17.732698,-4.575608,2.34505905104364e-70,1.916536837184392e-68,0.04297994269340974,0.5249554367201426
Epidermis1,c21orf91,-18.071182,-4.396337,5.3749935578702324e-73,4.493782928210205e-71,0.04727793696275072,0.5409982174688057
Epidermis1,ptpru,-18.08907,-3.7583315,3.885953484009342e-73,3.261361191329533e-71,0.10888252148997135,0.5721925133689839
Epidermis1,tle1,-18.120533,-1.4865007,2.1946057432005554e-73,1.848976522099588e-71,0.6891117478510028,0.9028520499108734
Epidermis1,nbeal2,-18.149979,-2.3087108,1.284525990718702e-73,1.0864202187392557e-71,0.3538681948424069,0.7192513368983957
Epidermis1,ephb3,-18.16525,-2.3850663,9.726135244588979e-74,8.258132185687787e-72,0.30802292263610315,0.7183600713012478
Epidermis1,srgap1,-18.168095,-1.5260314,9.235010146065938e-74,7.871763921769721e-72,0.6876790830945558,0.8832442067736186
Epidermis1,ube2q2,-18.177496,-1.2141035,7.780501816576876e-74,6.657973730961726e-72,0.7979942693409742,0.9393939393939394
Epidermis1,meis3,-18.201485,-1.3101411,5.022818986681807e-74,4.3150761066292797e-72,0.8510028653295129,0.9563279857397504
Epidermis1,sall4,-18.208776,-1.3857452,4.396600134180989e-74,3.792024171065746e-72,0.7435530085959885,0.9278074866310161
Epidermis1,sulf1,-18.54272,-2.3210723,9.337737552320376e-77,8.216079481015441e-75,0.3997134670487106,0.7629233511586453
Epidermis1,dhx32,-18.664354,-3.621557,9.653545299522337e-78,8.563008617108817e-76,0.10744985673352435,0.5918003565062389
Epidermis1,ubtd1,-18.667198,-1.6003294,9.153123431702517e-78,8.152257404211454e-76,0.6461318051575932,0.8894830659536542
Epidermis1,robo3,-18.816854,-1.955088,5.495087203388905e-79,4.934497854532893e-77,0.5114613180515759,0.8155080213903744
Epidermis1,eya1,-19.093191,-4.698078,2.8764510514261203e-81,2.6596202708970073e-79,0.05300859598853868,0.5668449197860963
Epidermis1,trim71,-19.308483,-1.9279562,4.557706468002797e-83,4.286797967167631e-81,0.5616045845272206,0.8270944741532977
Epidermis1,cyyr1,-19.415668,-3.0358403,5.689054670060452e-84,5.374063288112083e-82,0.2034383954154728,0.6684491978609626
Epidermis1,gli3,-19.47378,-1.9658476,1.832386793964027e-84,1.7460485690431892e-82,0.5974212034383954,0.8288770053475936
Epidermis1,sall1,-19.592937,-1.6467336,1.77640833368623e-85,1.7151772676711163e-83,0.6905444126074498,0.910873440285205
Epidermis1,hnrnpdl,-19.653433,-1.0647489,5.403183459036384e-86,5.310939921605087e-84,0.9398280802292264,0.9910873440285205
Epidermis1,mib1,-19.669899,-1.2836587,3.905614801450636e-86,3.856308623640467e-84,0.829512893982808,0.9438502673796791
Epidermis1,kpna2,-19.735485,-3.2092428,1.069149513609121e-86,1.0652927642221293e-84,0.15329512893982808,0.6488413547237076
Epidermis1,arhgef2,-19.764519,-1.3760825,6.017025587712867e-87,6.050576744215782e-85,0.7693409742120344,0.9028520499108734
Epidermis1,LOC100170590,-19.769287,-4.711848,5.474306471843729e-87,5.556039140562884e-85,0.044412607449856735,0.5837789661319073
Epidermis1,shroom4,-19.996458,-2.1702156,5.912607764989477e-89,6.232802610620066e-87,0.5214899713467048,0.8110516934046346
Epidermis1,prdm1,-20.113459,-1.873079,5.626027116967506e-90,5.988562815577948e-88,0.5401146131805158,0.8716577540106952
Epidermis1,marf1,-20.153316,-1.6522522,2.516787410501652e-90,2.7053604967761843e-88,0.6561604584527221,0.9180035650623886
Epidermis1,cdon,-20.274307,-2.729048,2.1682147477755769e-91,2.365630700560543e-89,0.25501432664756446,0.7183600713012478
Epidermis1,sox11,-20.279032,-2.3016813,1.9697041036937013e-91,2.1598448867688567e-89,0.336676217765043,0.7709447415329769
Epidermis1,mapk11,-20.337692,-1.9266683,5.9671997171580005e-92,6.677449488620755e-90,0.5243553008595988,0.8511586452762924
Epidermis1,rcor1,-20.357323,-2.045445,3.998388659501987e-92,4.497362831906848e-90,0.5157593123209169,0.8413547237076648
Epidermis1,khdrbs1,-20.442081,-1.2135755,7.065984165832893e-93,8.03056460847081e-91,0.8882521489971347,0.9777183600713012
Epidermis1,notch3,-20.545599,-1.5219939,8.426506784107995e-94,9.62695311706914e-92,0.7191977077363897,0.9117647058823529
Epidermis1,epb41l4a,-20.939764,-2.63837,2.3261286535381708e-97,2.8199140749364684e-95,0.3653295128939828,0.7718360071301248
Epidermis1,rgcc,-20.975538,-4.9233956,1.0971898059425356e-97,1.3375295394118476e-95,0.055873925501432664,0.6194295900178253
Epidermis1,pcsk5,-21.16363,-1.4799643,2.0668091270823753e-99,2.6069272810441916e-97,0.8123209169054442,0.9509803921568627
Epidermis1,map2k6,-21.170464,-1.2746168,1.7878813199317778e-99,2.2682185047808909e-97,0.8610315186246418,0.9545454545454546
Epidermis1,cfh,-21.366491,-3.7625551,2.7396433179333684e-101,3.5373820615753867e-99,0.1876790830945559,0.6934046345811051
Epidermis1,tox,-21.381077,-4.0214047,2.004530951619277e-101,2.603623208052634e-99,0.14613180515759314,0.6702317290552585
Epidermis1,tenm4,-21.401394,-2.105287,1.2967134589314616e-101,1.7045532763459894e-99,0.6203438395415473,0.8850267379679144
Epidermis1,cpamd8,-21.790606,-2.9295866,2.8486273514350635e-105,3.8370307059052175e-103,0.2679083094555874,0.7691622103386809
Epidermis1,ccdc88c,-21.797071,-2.151346,2.4734197856218977e-105,3.352328766587294e-103,0.4813753581661891,0.8467023172905526
Epidermis1,dzip1,-22.026627,-2.8963215,1.6005985477750877e-107,2.2105481589240626e-105,0.25501432664756446,0.7718360071301248
Epidermis1,tut4,-22.525225,-1.5521797,2.3496455832721912e-112,3.464298396796114e-110,0.8223495702005731,0.9518716577540107
Epidermis1,cep85l,-22.776657,-2.6272428,7.813014940981748e-115,1.183943048799741e-112,0.4512893982808023,0.8315508021390374
Epidermis1,aplp2,-22.802296,-2.0462465,4.35089365144518e-115,6.639220305467501e-113,0.667621776504298,0.9447415329768271
Epidermis1,znf608,-23.101702,-2.5122778,4.451121034531519e-118,6.987619575144767e-116,0.42550143266475643,0.8698752228163993
Epidermis1,rbfox2,-23.121653,-1.4868188,2.8043965017355096e-118,4.4344011640848224e-116,0.8681948424068768,0.9768270944741533
Epidermis1,LOC100486548,-23.221043,-2.2304878,2.7913118008144676e-119,4.47861873570386e-117,0.501432664756447,0.8778966131907309
Epidermis1,trim36,-23.341621,-2.1392236,1.676475941131973e-120,2.7300284710030433e-118,0.6002865329512894,0.9037433155080213
Epidermis1,olfm4,-23.34818,-5.636809,1.438069919243477e-120,2.37728209907666e-118,0.04871060171919771,0.6764705882352942
Epidermis1,auts2,-23.76326,-2.8476844,8.014072608135693e-125,1.3556207626521626e-122,0.32951289398280803,0.8288770053475936
Epidermis1,rfx2,-24.227047,-2.215462,1.1544650582756952e-129,2.0315791965027377e-127,0.6418338108882522,0.9099821746880571
Epidermis1,LOC100488102,-24.605341,-3.9096148,1.107406103068293e-133,2.0478566589028152e-131,0.19484240687679083,0.7789661319073083
Epidermis1,prmt1,-24.686384,-1.6288344,1.4977164176870513e-134,2.8173853405473402e-132,0.8853868194842407,0.9875222816399287
Epidermis1,gldc,-24.895163,-3.5977628,8.394241075234506e-137,1.620979951351258e-134,0.22206303724928367,0.8012477718360071
Epidermis1,has1,-25.384954,-2.1792307,3.697431296586705e-142,7.683966506935094e-140,0.6389684813753582,0.9420677361853832
Epidermis1,pdgfa,-25.981474,-2.854851,8.020627876603716e-149,1.732852682132373e-146,0.5214899713467048,0.8983957219251337
Epidermis1,nhs,-26.18695,-3.6127803,3.742194841796955e-151,8.332493228862382e-149,0.29512893982808025,0.8377896613190731
Epidermis1,lfng,-26.196627,-3.2130213,2.9032545976933698e-151,6.53112562641928e-149,0.3653295128939828,0.8787878787878788
Epidermis1,notch1,-26.372244,-2.514353,2.852920124240354e-153,6.484746878234246e-151,0.5630372492836676,0.9153297682709447
Epidermis1,capn8.1,-27.433424,-4.1791873,1.0956039981288694e-165,2.779904051531402e-163,0.22063037249283668,0.8351158645276292
Epidermis1,prkx,-27.516117,-2.986147,1.1262272653439043e-166,2.925643471079683e-164,0.5601719197707736,0.9162210338680927
Epidermis1,ptmap12,-28.262846,-2.3885772,9.896211382401363e-176,2.9992392857691684e-173,0.664756446991404,0.9732620320855615
Epidermis1,phldb1,-28.406542,-3.1866179,1.6788719358698702e-177,5.309371668495136e-175,0.42120343839541546,0.910873440285205
Epidermis1,plekhg3,-28.511343,-3.6867464,8.474633782984766e-179,2.719485055566332e-176,0.3008595988538682,0.8894830659536542
Epidermis1,kdm1a,-28.57239,-2.357295,1.4807779841476823e-179,4.895766120013118e-177,0.7234957020057307,0.9625668449197861
Epidermis1,ptgs2,-28.601055,-3.978199,6.518836533735956e-180,2.1884235692715738e-177,0.3022922636103152,0.8983957219251337
Epidermis1,smad6,-28.654533,-4.275848,1.4075602761733143e-180,4.7991207478715454e-178,0.16905444126074498,0.8520499108734403
Epidermis1,tox3,-29.700026,-3.7261896,7.67260435049223e-194,3.1004425839276097e-191,0.38825214899713467,0.9135472370766489
Epidermis1,fat1,-29.805698,-2.2081108,3.2957163701344538e-195,1.3829966713981522e-192,0.8796561604584527,0.9919786096256684
Epidermis1,gse1,-30.322552,-2.9482884,5.782503100781954e-202,2.684680854514107e-199,0.5601719197707736,0.9491978609625669
Epidermis1,bsg,-31.467022,-3.4215555,2.4559062819851733e-217,1.5311523136913846e-214,0.5902578796561605,0.9741532976827094
Epidermis1,col18a1,-34.455265,-4.8298545,3.755378356360717e-260,1.1706587302021029e-256,0.66189111747851,0.9857397504456328
Epidermis 2,col18a1,34.455265,4.8298545,3.755378356360717e-260,1.1706587302021029e-256,0.9857397504456328,0.66189111747851
Epidermis 2,bsg,31.467022,3.4215555,2.4559062819851733e-217,1.5311523136913846e-214,0.9741532976827094,0.5902578796561605
Epidermis 2,gse1,30.322552,2.9482884,5.782503100781954e-202,2.684680854514107e-199,0.9491978609625669,0.5601719197707736
Epidermis 2,fat1,29.805698,2.2081108,3.2957163701344538e-195,1.3829966713981522e-192,0.9919786096256684,0.8796561604584527
Epidermis 2,tox3,29.700026,3.7261896,7.67260435049223e-194,3.1004425839276097e-191,0.9135472370766489,0.38825214899713467
Epidermis 2,smad6,28.654533,4.275848,1.4075602761733143e-180,4.7991207478715454e-178,0.8520499108734403,0.16905444126074498
Epidermis 2,ptgs2,28.601055,3.978199,6.518836533735956e-180,2.1884235692715738e-177,0.8983957219251337,0.3022922636103152
Epidermis 2,kdm1a,28.57239,2.357295,1.4807779841476823e-179,4.895766120013118e-177,0.9625668449197861,0.7234957020057307
Epidermis 2,plekhg3,28.511343,3.6867464,8.474633782984766e-179,2.719485055566332e-176,0.8894830659536542,0.3008595988538682
Epidermis 2,phldb1,28.406542,3.1866179,1.6788719358698702e-177,5.309371668495136e-175,0.910873440285205,0.42120343839541546
Epidermis 2,ptmap12,28.262846,2.3885772,9.896211382401363e-176,2.9992392857691684e-173,0.9732620320855615,0.664756446991404
Epidermis 2,prkx,27.516117,2.986147,1.1262272653439043e-166,2.925643471079683e-164,0.9162210338680927,0.5601719197707736
Epidermis 2,capn8.1,27.433424,4.1791873,1.0956039981288694e-165,2.779904051531402e-163,0.8351158645276292,0.22063037249283668
Epidermis 2,notch1,26.372244,2.514353,2.852920124240354e-153,6.484746878234246e-151,0.9153297682709447,0.5630372492836676
Epidermis 2,lfng,26.196627,3.2130213,2.9032545976933698e-151,6.53112562641928e-149,0.8787878787878788,0.3653295128939828
Epidermis 2,nhs,26.18695,3.6127803,3.742194841796955e-151,8.332493228862382e-149,0.8377896613190731,0.29512893982808025
Epidermis 2,pdgfa,25.981474,2.854851,8.020627876603716e-149,1.732852682132373e-146,0.8983957219251337,0.5214899713467048
Epidermis 2,has1,25.384954,2.1792307,3.697431296586705e-142,7.683966506935094e-140,0.9420677361853832,0.6389684813753582
Epidermis 2,gldc,24.895163,3.5977628,8.394241075234506e-137,1.620979951351258e-134,0.8012477718360071,0.22206303724928367
Epidermis 2,prmt1,24.686384,1.6288344,1.4977164176870513e-134,2.8173853405473402e-132,0.9875222816399287,0.8853868194842407
Epidermis 2,LOC100488102,24.605341,3.9096148,1.107406103068293e-133,2.0478566589028152e-131,0.7789661319073083,0.19484240687679083
Epidermis 2,rfx2,24.227047,2.215462,1.1544650582756952e-129,2.0315791965027377e-127,0.9099821746880571,0.6418338108882522
Epidermis 2,auts2,23.76326,2.8476844,8.014072608135693e-125,1.3556207626521626e-122,0.8288770053475936,0.32951289398280803
Epidermis 2,olfm4,23.34818,5.636809,1.438069919243477e-120,2.37728209907666e-118,0.6764705882352942,0.04871060171919771
Epidermis 2,trim36,23.341621,2.1392236,1.676475941131973e-120,2.7300284710030433e-118,0.9037433155080213,0.6002865329512894
Epidermis 2,LOC100486548,23.221043,2.2304878,2.7913118008144676e-119,4.47861873570386e-117,0.8778966131907309,0.501432664756447
Epidermis 2,rbfox2,23.121653,1.4868188,2.8043965017355096e-118,4.4344011640848224e-116,0.9768270944741533,0.8681948424068768
Epidermis 2,znf608,23.101702,2.5122778,4.451121034531519e-118,6.987619575144767e-116,0.8698752228163993,0.42550143266475643
Epidermis 2,aplp2,22.802296,2.0462465,4.35089365144518e-115,6.639220305467501e-113,0.9447415329768271,0.667621776504298
Epidermis 2,cep85l,22.776657,2.6272428,7.813014940981748e-115,1.183943048799741e-112,0.8315508021390374,0.4512893982808023
Epidermis 2,tut4,22.525225,1.5521797,2.3496455832721912e-112,3.464298396796114e-110,0.9518716577540107,0.8223495702005731
Epidermis 2,dzip1,22.026627,2.8963215,1.6005985477750877e-107,2.2105481589240626e-105,0.7718360071301248,0.25501432664756446
Epidermis 2,ccdc88c,21.797071,2.151346,2.4734197856218977e-105,3.352328766587294e-103,0.8467023172905526,0.4813753581661891
Epidermis 2,cpamd8,21.790606,2.9295866,2.8486273514350635e-105,3.8370307059052175e-103,0.7691622103386809,0.2679083094555874
Epidermis 2,tenm4,21.401394,2.105287,1.2967134589314616e-101,1.7045532763459894e-99,0.8850267379679144,0.6203438395415473
Epidermis 2,tox,21.381077,4.0214047,2.004530951619277e-101,2.603623208052634e-99,0.6702317290552585,0.14613180515759314
Epidermis 2,cfh,21.366491,3.7625551,2.7396433179333684e-101,3.5373820615753867e-99,0.6934046345811051,0.1876790830945559
Epidermis 2,map2k6,21.170464,1.2746168,1.7878813199317778e-99,2.2682185047808909e-97,0.9545454545454546,0.8610315186246418
Epidermis 2,pcsk5,21.16363,1.4799643,2.0668091270823753e-99,2.6069272810441916e-97,0.9509803921568627,0.8123209169054442
Epidermis 2,rgcc,20.975538,4.9233956,1.0971898059425356e-97,1.3375295394118476e-95,0.6194295900178253,0.055873925501432664
Epidermis 2,epb41l4a,20.939764,2.63837,2.3261286535381708e-97,2.8199140749364684e-95,0.7718360071301248,0.3653295128939828
Epidermis 2,notch3,20.545599,1.5219939,8.426506784107995e-94,9.62695311706914e-92,0.9117647058823529,0.7191977077363897
Epidermis 2,khdrbs1,20.442081,1.2135755,7.065984165832893e-93,8.03056460847081e-91,0.9777183600713012,0.8882521489971347
Epidermis 2,rcor1,20.357323,2.045445,3.998388659501987e-92,4.497362831906848e-90,0.8413547237076648,0.5157593123209169
Epidermis 2,mapk11,20.337692,1.9266683,5.9671997171580005e-92,6.677449488620755e-90,0.8511586452762924,0.5243553008595988
Epidermis 2,sox11,20.279032,2.3016813,1.9697041036937013e-91,2.1598448867688567e-89,0.7709447415329769,0.336676217765043
Epidermis 2,cdon,20.274307,2.729048,2.1682147477755769e-91,2.365630700560543e-89,0.7183600713012478,0.25501432664756446
Epidermis 2,marf1,20.153316,1.6522522,2.516787410501652e-90,2.7053604967761843e-88,0.9180035650623886,0.6561604584527221
Epidermis 2,prdm1,20.113459,1.873079,5.626027116967506e-90,5.988562815577948e-88,0.8716577540106952,0.5401146131805158
Epidermis 2,shroom4,19.996458,2.1702156,5.912607764989477e-89,6.232802610620066e-87,0.8110516934046346,0.5214899713467048
Epidermis 2,LOC100170590,19.769287,4.711848,5.474306471843729e-87,5.556039140562884e-85,0.5837789661319073,0.044412607449856735
Epidermis 2,arhgef2,19.764519,1.3760825,6.017025587712867e-87,6.050576744215782e-85,0.9028520499108734,0.7693409742120344
Epidermis 2,kpna2,19.735485,3.2092428,1.069149513609121e-86,1.0652927642221293e-84,0.6488413547237076,0.15329512893982808
Epidermis 2,mib1,19.669899,1.2836587,3.905614801450636e-86,3.856308623640467e-84,0.9438502673796791,0.829512893982808
Epidermis 2,hnrnpdl,19.653433,1.0647489,5.403183459036384e-86,5.310939921605087e-84,0.9910873440285205,0.9398280802292264
Epidermis 2,sall1,19.592937,1.6467336,1.77640833368623e-85,1.7151772676711163e-83,0.910873440285205,0.6905444126074498
Epidermis 2,gli3,19.47378,1.9658476,1.832386793964027e-84,1.7460485690431892e-82,0.8288770053475936,0.5974212034383954
Epidermis 2,cyyr1,19.415668,3.0358403,5.689054670060452e-84,5.374063288112083e-82,0.6684491978609626,0.2034383954154728
Epidermis 2,trim71,19.308483,1.9279562,4.557706468002797e-83,4.286797967167631e-81,0.8270944741532977,0.5616045845272206
Epidermis 2,eya1,19.093191,4.698078,2.8764510514261203e-81,2.6596202708970073e-79,0.5668449197860963,0.05300859598853868
Epidermis 2,robo3,18.816854,1.955088,5.495087203388905e-79,4.934497854532893e-77,0.8155080213903744,0.5114613180515759
Epidermis 2,ubtd1,18.667198,1.6003294,9.153123431702517e-78,8.152257404211454e-76,0.8894830659536542,0.6461318051575932
Epidermis 2,dhx32,18.664354,3.621557,9.653545299522337e-78,8.563008617108817e-76,0.5918003565062389,0.10744985673352435
Epidermis 2,sulf1,18.54272,2.3210723,9.337737552320376e-77,8.216079481015441e-75,0.7629233511586453,0.3997134670487106
Epidermis 2,sall4,18.208776,1.3857452,4.396600134180989e-74,3.792024171065746e-72,0.9278074866310161,0.7435530085959885
Epidermis 2,meis3,18.201485,1.3101411,5.022818986681807e-74,4.3150761066292797e-72,0.9563279857397504,0.8510028653295129
Epidermis 2,ube2q2,18.177496,1.2141035,7.780501816576876e-74,6.657973730961726e-72,0.9393939393939394,0.7979942693409742
Epidermis 2,srgap1,18.168095,1.5260314,9.235010146065938e-74,7.871763921769721e-72,0.8832442067736186,0.6876790830945558
Epidermis 2,ephb3,18.16525,2.3850663,9.726135244588979e-74,8.258132185687787e-72,0.7183600713012478,0.30802292263610315
Epidermis 2,nbeal2,18.149979,2.3087108,1.284525990718702e-73,1.0864202187392557e-71,0.7192513368983957,0.3538681948424069
Epidermis 2,tle1,18.120533,1.4865007,2.1946057432005554e-73,1.848976522099588e-71,0.9028520499108734,0.6891117478510028
Epidermis 2,ptpru,18.08907,3.7583315,3.885953484009342e-73,3.261361191329533e-71,0.5721925133689839,0.10888252148997135
Epidermis 2,c21orf91,18.071182,4.396337,5.3749935578702324e-73,4.493782928210205e-71,0.5409982174688057,0.04727793696275072
Epidermis 2,LOC116406756,17.732698,4.575608,2.34505905104364e-70,1.916536837184392e-68,0.5249554367201426,0.04297994269340974
Epidermis 2,pcdh19,17.603497,1.826642,2.3157671223304803e-69,1.8855356110587093e-67,0.8235294117647058,0.5859598853868195
Epidermis 2,rapgef1,17.580334,1.583169,3.4851469882357e-69,2.8271149602338735e-67,0.8244206773618539,0.5630372492836676
Epidermis 2,ndst1,17.56685,1.9849181,4.4204454226600144e-69,3.5725385025134874e-67,0.7388591800356507,0.4154727793696275
Epidermis 2,ptprd,17.515068,3.7568989,1.0995350945756398e-68,8.756553028735414e-67,0.5757575757575758,0.15902578796561603
Epidermis 2,mllt10,17.44228,2.1673703,3.940307762990789e-68,3.115270133921087e-66,0.7112299465240641,0.3209169054441261
Epidermis 2,fgfr1,17.370134,1.2964791,1.3889861369951951e-67,1.0902541904810127e-65,0.9206773618538324,0.7535816618911175
Epidermis 2,tcf12,17.34624,1.8933377,2.1058669918350565e-67,1.6470295207466942e-65,0.7549019607843137,0.4040114613180516
Epidermis 2,ninl,17.283175,1.9739009,6.298346145763901e-67,4.8736245122948256e-65,0.7388591800356507,0.3997134670487106
Epidermis 2,strbp,17.275331,1.7264522,7.21568938913028e-67,5.563729970325506e-65,0.8074866310160428,0.505730659025788
Epidermis 2,phf21b,17.233412,2.335396,1.4909300817151914e-66,1.1455487786305349e-64,0.6639928698752228,0.25644699140401145
Epidermis 2,fign,17.233091,1.377738,1.499229741540412e-66,1.147883936496608e-64,0.9278074866310161,0.8624641833810889
Epidermis 2,cs,17.193922,1.8624856,2.948931312913788e-66,2.242112549794138e-64,0.7887700534759359,0.43982808022922637
Epidermis 2,bcor,17.137371,2.1785846,7.810424921483488e-66,5.897276201096581e-64,0.6978609625668449,0.3137535816618911
Epidermis 2,sox3,17.088661,3.612712,1.8026417643226306e-65,1.351733537432444e-63,0.5436720142602496,0.11318051575931232
Epidermis 2,foxp4,17.027615,3.375798,5.125071833981164e-65,3.7909895759085755e-63,0.5490196078431373,0.10601719197707736
Epidermis 2,lin28a,16.978127,2.0846415,1.1923119572691067e-64,8.730684301868851e-63,0.7344028520499108,0.3538681948424069
Epidermis 2,tp63,16.891212,4.282332,5.221865096479824e-64,3.7855919691124997e-62,0.5285204991087344,0.09025787965616046
Epidermis 2,obi1,16.799025,3.4802992,2.4809300242453103e-63,1.7749630839035053e-61,0.5374331550802139,0.09312320916905444
Epidermis 2,hmga2,16.746601,1.6874157,5.995626012766962e-63,4.233998550957537e-61,0.8163992869875223,0.5100286532951289
Epidermis 2,smad7,16.702295,1.3358837,1.261198379086118e-62,8.849070684899737e-61,0.9180035650623886,0.7034383954154728
Epidermis 2,dlc,16.691883,3.145937,1.5015844926573672e-62,1.0501947184062952e-60,0.56951871657754,0.14326647564469913
Epidermis 2,hnrnpul1,16.68583,1.7906966,1.6618284199087744e-62,1.1585545671191491e-60,0.7531194295900179,0.3954154727793696
Epidermis 2,fam171a1,16.612032,1.9365768,5.702800982170385e-62,3.963083446877069e-60,0.7094474153297683,0.3452722063037249
Epidermis 2,LOC100486629,16.587082,3.1486886,8.64186294543457e-62,5.986479089915167e-60,0.5668449197860963,0.1518624641833811
Epidermis 2,znf217,16.528145,1.6707261,2.3011650245089745e-61,1.5840290851675183e-59,0.7557932263814616,0.4283667621776504
Epidermis 2,enah,16.433756,1.4514846,1.0965362656367963e-60,7.524376683163689e-59,0.8609625668449198,0.5845272206303725
Epidermis 2,plscr1,16.42096,1.6741639,1.354103586904592e-60,9.233716990576595e-59,0.7754010695187166,0.45272206303724927
Epidermis 2,pcdh18,16.412474,3.4147508,1.557292983248274e-60,1.058619632008118e-58,0.5249554367201426,0.08166189111747851
Epidermis 2,nrxn1,16.365553,3.6580257,3.369492071728332e-60,2.2763370432564685e-58,0.5320855614973262,0.11891117478510028
Epidermis 2,furin,16.355785,1.5589281,3.955813137636832e-60,2.664191310999176e-58,0.8253119429590018,0.6318051575931232
Epidermis 2,dennd2c,16.31946,3.7178612,7.176837354427593e-60,4.818639012645062e-58,0.5098039215686274,0.06876790830945559
Epidermis 2,lamc1,16.249928,2.2746437,2.236268713493065e-59,1.492281944866427e-57,0.6310160427807486,0.24785100286532952
Epidermis 2,fgd1,16.22984,2.148976,3.1027149629189623e-59,2.0641568050565452e-57,0.64349376114082,0.2679083094555874
Epidermis 2,epha4,16.217318,1.4842583,3.8044878682796636e-59,2.5233352514811714e-57,0.8404634581105169,0.5931232091690545
Epidermis 2,tgif2,16.118204,2.0154068,1.9005376321313523e-58,1.2379591543503953e-56,0.6818181818181818,0.29656160458452724
Epidermis 2,axin2,16.078852,1.4873697,3.589722584357575e-58,2.3243720033610282e-56,0.8484848484848485,0.5802292263610315
Epidermis 2,ism1,16.021475,1.9317827,9.047919608170318e-58,5.806901581467192e-56,0.731729055258467,0.3968481375358166
Epidermis 2,rpusd1,15.957493,1.2467872,2.526802724346978e-57,1.6075032725357261e-55,0.8823529411764706,0.6948424068767909
Epidermis 2,sptbn2,15.957126,1.0111251,2.5416986882520349e-57,1.6122792754752225e-55,0.9402852049910874,0.8467048710601719
Epidermis 2,fgf14,15.816549,3.6286979,2.392502020441146e-56,1.5088666643944003e-54,0.5089126559714795,0.09169054441260745
Epidermis 2,sema6d,15.806459,1.9194163,2.808121375791359e-56,1.76587943922603e-54,0.6951871657754011,0.34097421203438394
Epidermis 2,sema6a,15.707528,2.277528,1.3431425895323577e-55,8.350061095779367e-54,0.6354723707664884,0.32951289398280803
Epidermis 2,etv1,15.699043,1.4462574,1.5353999973021413e-55,9.518171403730121e-54,0.8475935828877005,0.6217765042979942
Epidermis 2,pcdh7,15.595801,4.8763037,7.774192234301105e-55,4.7786098237939265e-53,0.46167557932263814,0.04011461318051576
Epidermis 2,chaf1a,15.537599,1.0987786,1.930843830528181e-54,1.180194488122001e-52,0.9563279857397504,0.8481375358166189
Epidermis 2,cxcl12,15.472287,1.2650502,5.337676669304364e-54,3.244385587768538e-52,0.8609625668449198,0.664756446991404
Epidermis 2,phf10,15.349415,1.2294664,3.573982282964665e-53,2.1543609778058552e-51,0.8440285204991087,0.6561604584527221
Epidermis 2,vezf1,15.331757,1.6134298,4.691284649103763e-53,2.8200694856224026e-51,0.7575757575757576,0.4197707736389685
Epidermis 2,pbx1,15.230578,1.4218966,2.2162314702947315e-52,1.3141409487310147e-50,0.8172905525846702,0.6504297994269341
Epidermis 2,slc4a7,15.115549,1.3949645,1.2790133976807177e-51,7.50251380397606e-50,0.7941176470588235,0.6848137535816619
Epidermis 2,gnai1,15.084177,1.7224554,2.0582511463245803e-51,1.200884980319483e-49,0.696078431372549,0.3624641833810888
Epidermis 2,tfap4,15.06661,1.8932862,2.6854028262706583e-51,1.5626180019213875e-49,0.6666666666666666,0.29512893982808025
Epidermis 2,cbfa2t2,14.967404,2.3899183,1.1991010817921092e-50,6.885680185733058e-49,0.5579322638146168,0.18624641833810887
Epidermis 2,stil,14.932226,1.8228765,2.0336175109016867e-50,1.1556137423277526e-48,0.6622103386809269,0.32951289398280803
Epidermis 2,ptma,14.913239,1.1600633,2.703188595280073e-50,1.532111125652116e-48,0.9180035650623886,0.7693409742120344
Epidermis 2,myo10,14.883288,1.770723,4.231791403346858e-50,2.3860961295202013e-48,0.6934046345811051,0.4140401146131805
Epidermis 2,foxn3,14.879527,2.4207494,4.476510538617745e-50,2.517575682040665e-48,0.5543672014260249,0.18481375358166188
Epidermis 2,irx2,14.858383,1.4503901,6.138859985497884e-50,3.443600610374019e-48,0.7798573975044564,0.4813753581661891
Epidermis 2,trim33,14.816967,1.1408796,1.1380760783768141e-49,6.319073309481033e-48,0.839572192513369,0.667621776504298
Epidermis 2,brd7,14.757939,1.1587362,2.7351138671408913e-49,1.5147949161137407e-47,0.8734402852049911,0.6977077363896849
Epidermis 2,arhgap12,14.755141,1.537607,2.8509329843171486e-49,1.5749419911591012e-47,0.7370766488413547,0.4369627507163324
Epidermis 2,prdm14,14.681482,4.6168175,8.471816538319316e-49,4.656511553719541e-47,0.43672014260249553,0.03868194842406877
Epidermis 2,baz2a,14.592688,1.0608861,3.126349316764191e-48,1.7055017110277851e-46,0.8716577540106952,0.7349570200573066
Epidermis 2,zmiz1,14.521001,1.0752273,8.919874447950405e-48,4.853879808696404e-46,0.8912655971479501,0.7378223495702005
Epidermis 2,rnf11,14.370518,1.5475968,7.923706755276357e-47,4.290402111833385e-45,0.7219251336898396,0.41260744985673353
Epidermis 2,znf219,14.309012,1.4546975,1.922236579299159e-46,1.0305927370242493e-44,0.7638146167557932,0.4656160458452722
Epidermis 2,irf6,14.264798,1.4879907,3.626376393548732e-46,1.9347471707488235e-44,0.7415329768270945,0.4484240687679083
Epidermis 2,letm1,14.102207,1.3489923,3.680754204205535e-45,1.9447394065367795e-43,0.8065953654188949,0.6074498567335244
Epidermis 2,hepacam2,14.071844,5.0157638,5.657437842752128e-45,2.981907033011937e-43,0.40819964349376114,0.017191977077363897
Epidermis 2,ugdhl,13.925305,3.2325525,4.4463485543752873e-44,2.3046026557012625e-42,0.4661319073083779,0.0988538681948424
Epidermis 2,flot2,13.922417,1.188581,4.629836622832562e-44,2.394020496370363e-42,0.839572192513369,0.6088825214899714
Epidermis 2,efnb2,13.9165,1.5481102,5.029386654148398e-44,2.5944739049686097e-42,0.7272727272727273,0.44126074498567336
Epidermis 2,wwtr1,13.808258,1.4238791,2.2726027183953815e-43,1.1640953971386296e-41,0.7531194295900179,0.5243553008595988
Epidermis 2,phip,13.733499,1.2491759,6.396872810712317e-43,3.2537566807122026e-41,0.7905525846702317,0.5959885386819485
Epidermis 2,mast3,13.481883,1.8123329,1.9993877013957814e-41,1.0006568585357189e-39,0.6033868092691622,0.27793696275071633
Epidermis 2,arhgef38,13.444962,1.5392413,3.295775152608513e-41,1.6457004486286125e-39,0.6907308377896613,0.43982808022922637
Epidermis 2,rad54l2,13.429092,1.1266705,4.083872997995306e-41,2.0345706093437345e-39,0.8074866310160428,0.6160458452722063
Epidermis 2,celf3,13.39263,2.7879088,6.677417157370815e-41,3.3190870111842495e-39,0.4661319073083779,0.11461318051575932
Epidermis 2,LOC734009,13.382677,1.2838887,7.634748583046616e-41,3.7863147461513684e-39,0.7691622103386809,0.505730659025788
Epidermis 2,lef1,13.363826,1.6086599,9.83745445357378e-41,4.8347543610683207e-39,0.6675579322638147,0.3853868194842407
Epidermis 2,arhgap36,13.356947,2.4271724,1.0790028805684899e-40,5.279130461184982e-39,0.4982174688057041,0.14756446991404013
Epidermis 2,rnf44,13.311219,1.0464503,1.9920462090554852e-40,9.724483294809787e-39,0.8805704099821747,0.6876790830945558
Epidermis 2,brwd3,13.280856,1.1076272,2.9895521480296507e-40,1.452895710961136e-38,0.8155080213903744,0.6418338108882522
Epidermis 2,fgd6,13.149407,1.9232244,1.7151356683399334e-39,8.243606920450591e-38,0.5650623885918004,0.23065902578796563
Epidermis 2,slc12a2,13.012821,1.6387926,1.0345092838264525e-38,4.928826873881445e-37,0.6363636363636364,0.38108882521489973
Epidermis 2,ccna2,13.001034,1.0550781,1.2070020980318992e-38,5.725650604598711e-37,0.8449197860962567,0.663323782234957
Epidermis 2,npm1,12.982642,1.0553247,1.5349276195214695e-38,7.249709001207356e-37,0.8663101604278075,0.6891117478510028
Epidermis 2,llgl1,12.929071,1.4370434,3.0852102159485163e-38,1.4477929488647864e-36,0.6800356506238859,0.41260744985673353
Epidermis 2,phf14,12.928751,1.3515794,3.0981192468338946e-38,1.4507309031150732e-36,0.7201426024955436,0.4871060171919771
Epidermis 2,tmeff1,12.811611,2.715797,1.4117193153358258e-37,6.48528993261959e-36,0.46078431372549017,0.1361031518624642
Epidermis 2,bub1,12.761297,1.2998823,2.696711810734217e-37,1.233646717443005e-35,0.7272727272727273,0.4799426934097421
Epidermis 2,pmm2,12.750198,1.497316,3.1095351296099267e-37,1.4195223025777868e-35,0.6693404634581105,0.36962750716332377
Epidermis 2,il6st,12.702453,1.130066,5.7305097278534115e-37,2.605113599406027e-35,0.7780748663101604,0.5873925501432665
Epidermis 2,rpgrip1l,12.679933,1.814197,7.639710170064104e-37,3.465823609583551e-35,0.5748663101604278,0.28653295128939826
Epidermis 2,baiap2l1,12.645076,1.8669095,1.1910987074917625e-36,5.381152152417754e-35,0.5597147950089126,0.2492836676217765
Epidermis 2,tent4b,12.540595,1.1830424,4.4762124694793205e-36,1.9974526032005778e-34,0.7718360071301248,0.5558739255014327
Epidermis 2,skor1,12.500509,2.8401122,7.417472674882306e-36,3.2897697406220896e-34,0.43404634581105167,0.10315186246418338
Epidermis 2,dstyk,12.4042845,1.3855312,2.4771618181333025e-35,1.0832494595889136e-33,0.6818181818181818,0.42263610315186245
Epidermis 2,mrtfa,12.260131,1.0280077,1.482607802145059e-34,6.379323868838343e-33,0.8146167557932263,0.6532951289398281
Epidermis 2,ppp1r18,12.259993,1.5952886,1.4851274118371652e-34,6.379323868838343e-33,0.5971479500891266,0.2979942693409742
Epidermis 2,smtn,12.223805,1.3748248,2.319663369049391e-34,9.924975367848386e-33,0.696969696969697,0.4584527220630373
Epidermis 2,h2az1,12.191424,1.0064381,3.4533032119432442e-34,1.4717681521057332e-32,0.8092691622103387,0.6389684813753582
Epidermis 2,ncoa6,12.182527,1.6412997,3.8516022979787033e-34,1.6319575484309376e-32,0.5802139037433155,0.2808022922636103
Epidermis 2,asxl3,12.149825,1.032065,5.748835506850305e-34,2.4264088896514605e-32,0.7914438502673797,0.6017191977077364
Epidermis 2,bmper,12.148633,4.0502906,5.833294985168506e-34,2.4573036654703082e-32,0.3778966131907308,0.04871060171919771
Epidermis 2,unkl,12.107676,1.4627091,9.618160029565591e-34,4.0206488506733864e-32,0.6203208556149733,0.3538681948424069
Epidermis 2,ctnnd2,12.087586,2.4271548,1.2284267626705967e-33,5.105809597759065e-32,0.46345811051693403,0.15902578796561603
Epidermis 2,ror2,12.081716,1.7627246,1.3193765064392102e-33,5.473405845439164e-32,0.5614973262032086,0.2808022922636103
Epidermis 2,topbp1,12.00558,1.405005,3.321282048794353e-33,1.3674282186177658e-31,0.6577540106951871,0.3825214899713467
Epidermis 2,ets1,11.999663,2.7501562,3.56745244702506e-33,1.465693560494534e-31,0.4144385026737968,0.09169054441260745
Epidermis 2,tnrc18,11.999526,1.1244068,3.5733879024017785e-33,1.465693560494534e-31,0.7655971479500892,0.5816618911174785
Epidermis 2,adam33,11.990766,2.1658785,3.972178630124214e-33,1.6262084406743053e-31,0.48663101604278075,0.19054441260744986
Epidermis 2,itgb1,11.980675,1.3210833,4.486553404045191e-33,1.83335359231592e-31,0.6737967914438503,0.40114613180515757
Epidermis 2,cct5,11.973199,1.3099229,4.909833947045783e-33,2.002569842214692e-31,0.6862745098039216,0.42550143266475643
Epidermis 2,plcg1,11.964255,1.8188962,5.468594982813602e-33,2.2221640804464733e-31,0.5418894830659536,0.25644699140401145
Epidermis 2,clic4,11.956138,2.6891582,6.0302318923107444e-33,2.4412929521727785e-31,0.42424242424242425,0.10744985673352435
Epidermis 2,rapgef6,11.936874,1.128694,7.60271386405816e-33,3.072200356066909e-31,0.7450980392156863,0.5859598853868195
Epidermis 2,wdr72,11.913345,2.7536275,1.008485135476568e-32,4.060176040818116e-31,0.42245989304812837,0.1017191977077364
Epidermis 2,mta1,11.8118,1.1340466,3.392199505918796e-32,1.3581868884156705e-30,0.7397504456327986,0.5286532951289399
Epidermis 2,arhgef17,11.798775,1.4866346,3.960373397675635e-32,1.579877658330531e-30,0.6140819964349377,0.35673352435530087
Epidermis 2,tfdp2,11.748369,2.0627353,7.199520532982335e-32,2.8563770463674096e-30,0.47237076648841353,0.17048710601719197
Epidermis 2,nfe2l3,11.737224,2.6781518,8.213885183388188e-32,3.247014285991189e-30,0.410873440285205,0.09025787965616046
Epidermis 2,nipa2,11.728876,1.9566642,9.065430584126721e-32,3.577156614398358e-30,0.482174688057041,0.17478510028653296
Epidermis 2,rbms2,11.67792,1.8758572,1.6529052989409917e-31,6.498747122196645e-30,0.5008912655971479,0.19340974212034384
Epidermis 2,gpsm2,11.6615,1.6445493,2.0047802626503787e-31,7.868041386923366e-30,0.5552584670231729,0.27650429799426934
Epidermis 2,taok3,11.63733,1.2515199,2.662208935194597e-31,1.0392139745059266e-29,0.696078431372549,0.4512893982808023
Epidermis 2,lama5,11.628386,1.9521984,2.9563476262498208e-31,1.1478729813593832e-29,0.4857397504456328,0.18624641833810887
Epidermis 2,amotl1,11.61825,2.0471995,3.3288606346725024e-31,1.2902143500743993e-29,0.47950089126559714,0.1833810888252149
Epidermis 2,ankrd10,11.56445,1.2660611,6.23897241551256e-31,2.4138407283492828e-29,0.6898395721925134,0.44412607449856734
Epidermis 2,nectin1,11.530051,1.0916053,9.308821076632484e-31,3.5888301186077285e-29,0.7834224598930482,0.673352435530086
Epidermis 2,stk40,11.527942,1.4074097,9.539743178923634e-31,3.671371003655954e-29,0.6078431372549019,0.336676217765043
Epidermis 2,pcnt,11.491616,1.5323122,1.4536611513533422e-30,5.584566898535436e-29,0.5828877005347594,0.3166189111747851
Epidermis 2,cyp26a1,11.41305,1.3926336,3.598861684964843e-30,1.3681317217355024e-28,0.6559714795008913,0.3954154727793696
Epidermis 2,ptch2,11.401767,2.319307,4.097182126189391e-30,1.5521633884649078e-28,0.4295900178253119,0.12750716332378223
Epidermis 2,ctbs,11.3986025,1.9309264,4.248860957616658e-30,1.6068352678709374e-28,0.5062388591800356,0.22206303724928367
Epidermis 2,nedd9,11.382549,3.8406346,5.1084162377738055e-30,1.9252288553447706e-28,0.3520499108734403,0.04154727793696275
Epidermis 2,pkdcc.1,11.380669,1.380191,5.219778185575335e-30,1.9638065480593e-28,0.624777183600713,0.34097421203438394
Epidermis 2,mbd3,11.275913,1.4948307,1.7257837029813476e-29,6.415387765375807e-28,0.571301247771836,0.2979942693409742
Epidermis 2,nampt,11.271969,1.9191332,1.8048810111873504e-29,6.698011657333193e-28,0.4928698752228164,0.21060171919770773
Epidermis 2,tle4,11.220829,1.1762813,3.2223398282634416e-29,1.19177419309384e-27,0.7049910873440285,0.45988538681948427
Epidermis 2,mapk12,11.189412,1.9330049,4.5947110818464286e-29,1.6964668446187973e-27,0.47771836007130125,0.18911174785100288
Epidermis 2,plekhg4,11.126622,3.1502128,9.309628572088663e-29,3.414208488597424e-27,0.3672014260249554,0.0659025787965616
Epidermis 2,hells,11.092683,1.111731,1.3614282419424803e-28,4.9678471015763986e-27,0.7549019607843137,0.5659025787965616
Epidermis 2,LOC116407528,11.090527,3.8299859,1.394638606270319e-28,5.080535730788753e-27,0.33778966131907306,0.03151862464183381
Epidermis 2,irx1,11.070117,1.1243035,1.7517180764684502e-28,6.360106513580375e-27,0.7388591800356507,0.5386819484240688
Epidermis 2,tcp1,11.0597515,1.0423001,1.9664160754372998e-28,7.127768302677296e-27,0.7370766488413547,0.5157593123209169
Epidermis 2,plekhg1,11.042919,1.5513258,2.371998681976584e-28,8.569434311160768e-27,0.5570409982174688,0.2979942693409742
Epidermis 2,zc3h12c,11.010447,3.6616075,3.4031260421446676e-28,1.2213752198295854e-26,0.3413547237076649,0.03724928366762178
Epidermis 2,nrg1,11.004484,4.949042,3.6359084355964513e-28,1.3027776350270962e-26,0.32174688057041,0.017191977077363897
Epidermis 2,dipk2a,10.987193,1.2445772,4.404103681563172e-28,1.5754417448424586e-26,0.6880570409982175,0.46131805157593125
Epidermis 2,ccdc9,10.968893,1.0343411,5.392865514506197e-28,1.9165752181113964e-26,0.750445632798574,0.5515759312320917
Epidermis 2,slc7a6,10.967838,1.5426146,5.456142269143493e-28,1.9327675398535742e-26,0.5383244206773619,0.2636103151862464
Epidermis 2,mybl2,10.957151,1.2686162,6.140170201561653e-28,2.1715503074275012e-26,0.6238859180035651,0.3825214899713467
Epidermis 2,nlrc4,10.953803,4.010839,6.371492348997449e-28,2.2497141512536138e-26,0.3333333333333333,0.0329512893982808
Epidermis 2,myb,10.950776,2.4980168,6.588062223377102e-28,2.3224249721536628e-26,0.4126559714795009,0.12177650429799428
Epidermis 2,foxp1,10.947612,1.3588947,6.82228471239402e-28,2.4011141082120955e-26,0.5900178253119429,0.3424068767908309
Epidermis 2,tns3,10.945272,1.7644395,7.000696695297308e-28,2.4599388500496385e-26,0.49554367201426025,0.22206303724928367
Epidermis 2,rtf1,10.943896,1.0590247,7.10779863287655e-28,2.4935574592925916e-26,0.7477718360071302,0.5372492836676218
Epidermis 2,rrm2.2,10.943025,1.8005309,7.176468794276678e-28,2.5136071518444845e-26,0.5017825311942959,0.22063037249283668
Epidermis 2,cerk,10.929173,2.2748454,8.360616220193365e-28,2.923669976616016e-26,0.42513368983957217,0.1361031518624642
Epidermis 2,bcar1,10.728422,2.8567932,7.486313279323399e-27,2.556476401691954e-25,0.36541889483065954,0.07593123209169055
Epidermis 2,rimklb,10.7076,1.0417254,9.376109362835414e-27,3.1918265586026767e-25,0.7245989304812834,0.49426934097421205
Epidermis 2,camk2d,10.696317,1.3982219,1.0590416615311435e-26,3.599586930883346e-25,0.5775401069518716,0.333810888252149
Epidermis 2,LOC100493456,10.689942,2.3534052,1.1344203753013737e-26,3.847621357380473e-25,0.40106951871657753,0.11031518624641834
Epidermis 2,syn1,10.68985,4.031973,1.1355428963626894e-26,3.847621357380473e-25,0.3244206773618538,0.03151862464183381
Epidermis 2,ssbp4,10.668294,2.8900805,1.432325728775552e-26,4.838201196224663e-25,0.3663101604278075,0.08022922636103152
Epidermis 2,lin28b,10.624906,1.8283082,2.282437098087848e-26,7.685966036631934e-25,0.46345811051693403,0.18481375358166188
Epidermis 2,arl5c,10.531203,2.7751818,6.203647808543092e-26,2.0698745998504408e-24,0.36185383244206776,0.07306590257879657
Epidermis 2,LOC101731566,10.464974,1.1008914,1.251108791540449e-25,4.142707881669824e-24,0.6622103386809269,0.45272206303724927
Epidermis 2,s1pr5,10.360952,4.942702,3.732279901028043e-25,1.2246929281253072e-23,0.3003565062388592,0.012893982808022923
Epidermis 2,dact1,10.308575,1.4971402,6.445029975272288e-25,2.0897028096644368e-23,0.5115864527629234,0.24498567335243554
Epidermis 2,supt20hl1,10.255738,1.8936896,1.1152103418426343e-24,3.6051859065700925e-23,0.4393939393939394,0.17478510028653296
Epidermis 2,cfb,10.233677,1.8576548,1.4009722415641295e-24,4.5089403072523407e-23,0.46078431372549017,0.2020057306590258
Epidermis 2,sass6,10.231063,1.6648406,1.4393157502673574e-24,4.6255241511905753e-23,0.4910873440285205,0.23925501432664756
Epidermis 2,abcb5,10.217578,1.806858,1.6542215107205742e-24,5.308348174328478e-23,0.446524064171123,0.18051575931232092
Epidermis 2,galnt16,10.203498,4.994432,1.912582348950632e-24,6.128408140448127e-23,0.2967914438502674,0.014326647564469915
Epidermis 2,ubr7,10.175383,1.0196671,2.5539508604099343e-24,8.135731638686887e-23,0.7254901960784313,0.505730659025788
Epidermis 2,mfsd2a,10.117409,1.7577757,4.624970825869936e-24,1.4647530971162244e-22,0.4483065953654189,0.1819484240687679
Epidermis 2,trim9,10.082093,2.2671628,6.629867197322471e-24,2.0936372230502695e-22,0.3877005347593583,0.12034383954154727
Epidermis 2,dlc1,10.046594,2.1447163,9.509819919714732e-24,2.9858097909078437e-22,0.3948306595365419,0.12750716332378223
Epidermis 2,txlna,9.998114,1.0654618,1.5532694115213824e-23,4.855858428196e-22,0.660427807486631,0.46131805157593125
Epidermis 2,cep44,9.979952,1.2589856,1.8655795768282104e-23,5.807248494432008e-22,0.5721925133689839,0.335243553008596
Epidermis 2,hnrnpd,9.9568815,1.431972,2.3532893449991782e-23,7.304569956931303e-22,0.5124777183600713,0.2664756446991404
Epidermis 2,dnajc16,9.940645,1.9318601,2.7702702622185945e-23,8.586657299981811e-22,0.4117647058823529,0.14613180515759314
Epidermis 2,fgd4,9.915098,1.2944237,3.579037287684837e-23,1.1062064115378303e-21,0.5650623885918004,0.3553008595988539
Epidermis 2,arhgap32,9.911934,1.5580962,3.694259228354579e-23,1.140204110635435e-21,0.49910873440285203,0.2707736389684814
Epidermis 2,hmbs,9.866756,3.838805,5.801001961833189e-23,1.7778604467578936e-21,0.30124777183600715,0.02865329512893983
Epidermis 2,nckap5l,9.749572,1.580477,1.8524845997431625e-22,5.622123289429144e-21,0.46345811051693403,0.2163323782234957
Epidermis 2,ptdss2,9.737739,1.5206121,2.0813489946716089e-22,6.299183968478388e-21,0.48484848484848486,0.23209169054441262
Epidermis 2,sh3gl1,9.7067795,1.0088426,2.8210997293394974e-22,8.502654308552096e-21,0.6729055258467023,0.4713467048710602
Epidermis 2,git1,9.656878,1.3501256,4.596571082547785e-22,1.3758817228021294e-20,0.5213903743315508,0.29369627507163326
Epidermis 2,cdh2,9.64344,1.090153,5.240190860372283e-22,1.566386366632652e-20,0.6853832442067737,0.5
Epidermis 2,evc2,9.589044,2.0302098,8.890493640060938e-22,2.628718993492815e-20,0.3868092691622103,0.1318051575931232
Epidermis 2,lamb1,9.564873,2.6123314,1.123391712634879e-21,3.308168766721416e-20,0.3449197860962567,0.09025787965616046
Epidermis 2,elf2,9.554966,1.2653058,1.2362415955742603e-21,3.635583269140961e-20,0.5490196078431373,0.30515759312320917
Epidermis 2,lrp1,9.504056,1.264859,2.0187035582652136e-21,5.881192302390551e-20,0.5614973262032086,0.3452722063037249
Epidermis 2,dpysl4,9.399163,1.877988,5.499891052134911e-21,1.5791200348504723e-19,0.3948306595365419,0.14469914040114612
Epidermis 2,ifrd1,9.396961,1.8028678,5.616156517562757e-21,1.6103830666194077e-19,0.4001782531194296,0.14613180515759314
Epidermis 2,troap,9.387284,1.1524746,6.156744924749217e-21,1.7630752100125021e-19,0.5748663101604278,0.36103151862464183
Epidermis 2,dock1,9.320688,1.0278549,1.1558853098170773e-20,3.2756588760413566e-19,0.6292335115864528,0.45415472779369626
Epidermis 2,tom1l1,9.248542,1.0496603,2.2757533086976946e-20,6.407640380528051e-19,0.7076648841354723,0.5272206303724928
Epidermis 2,rab34,9.206301,3.489428,3.375586225160921e-20,9.443418848620059e-19,0.2905525846702317,0.03724928366762178
Epidermis 2,nxn,9.205246,1.512366,3.408908545524997e-20,9.524429369001404e-19,0.45187165775401067,0.2134670487106017
Epidermis 2,rapgef5,9.190339,1.3997368,3.916036482641145e-20,1.0913388516949225e-18,0.5294117647058824,0.3438395415472779
Epidermis 2,dll1,9.151858,2.6113667,5.596225396802454e-20,1.5516548206305762e-18,0.3413547237076649,0.10028653295128939
Epidermis 2,mcc,9.122964,1.2078787,7.309743192641421e-20,2.0139634622049048e-18,0.5499108734402852,0.33810888252148996
Epidermis 2,slc16a3,9.080447,1.9583884,1.0812998000275276e-19,2.9567722977945712e-18,0.38859180035650626,0.15902578796561603
Epidermis 2,znhit6,9.074072,1.722305,1.1465067910485084e-19,3.1311545290950566e-18,0.4019607843137255,0.15472779369627507
Epidermis 2,hsf2.2,9.073338,1.9177881,1.154257657298565e-19,3.1483820424889983e-18,0.37967914438502676,0.1361031518624642
Epidermis 2,tcp11l2,9.051827,1.6129532,1.4059578750655472e-19,3.820598604209876e-18,0.4304812834224599,0.18624641833810887
Epidermis 2,zhx2,8.962298,1.3873284,3.1797939604912745e-19,8.566207902701248e-18,0.4661319073083779,0.23065902578796563
Epidermis 2,pank4,8.892171,1.0918657,5.992637868398476e-19,1.5927570149369448e-17,0.5739750445632799,0.3638968481375358
Epidermis 2,st3gal6,8.8918495,1.6477249,6.009982067230626e-19,1.5954235850248114e-17,0.4090909090909091,0.17765042979942694
Epidermis 2,rbbp4,8.890061,1.087015,6.107525645977617e-19,1.6193477171431055e-17,0.6194295900178253,0.42120343839541546
Epidermis 2,cenpn,8.885108,1.0572127,6.385882676614043e-19,1.6910964306601337e-17,0.5819964349376114,0.36962750716332377
Epidermis 2,rnf149,8.81787,2.786268,1.1665791787337099e-18,3.0486136837303335e-17,0.30124777183600715,0.06017191977077364
Epidermis 2,neurl1,8.80278,5.878465,1.3346793251759321e-18,3.4795743792908026e-17,0.25133689839572193,0.0071633237822349575
Epidermis 2,srrm4,8.781636,2.9810605,1.6111332042226222e-18,4.170407787585034e-17,0.30213903743315507,0.0673352435530086
Epidermis 2,ctps1,8.773656,1.0325458,1.7295735608754006e-18,4.471685387661388e-17,0.5900178253119429,0.37822349570200575
Epidermis 2,bambi,8.767097,1.0050676,1.8333165633617706e-18,4.734295944274224e-17,0.5819964349376114,0.37249283667621774
Epidermis 2,c3,8.67445,5.0191975,4.155547625488899e-18,1.0655488218072064e-16,0.2549019607843137,0.015759312320916905
Epidermis 2,sufu,8.658351,1.0558243,4.7863706465564494e-18,1.2258614304989235e-16,0.5704099821746881,0.3624641833810888
Epidermis 2,lrrk2,8.643904,1.5037965,5.4324352514242805e-18,1.3832108473900724e-16,0.4376114081996435,0.2148997134670487
Epidermis 2,itga5,8.64106,1.7053984,5.5693831272808686e-18,1.41642784639156e-16,0.393048128342246,0.17191977077363896
Epidermis 2,pkdcc.2,8.621246,1.4956503,6.622924211152083e-18,1.680451502459879e-16,0.4768270944741533,0.27507163323782235
Epidermis 2,vav2,8.612211,1.7601135,7.16648091731613e-18,1.8120484368106056e-16,0.37344028520499106,0.14326647564469913
Epidermis 2,tle5,8.57373,2.371902,1.0018596341335723e-17,2.5186151009710462e-16,0.3146167557932264,0.08022922636103152
Epidermis 2,fam53a,8.50585,1.1963711,1.802699153303921e-17,4.5214595660051565e-16,0.49910873440285203,0.2851002865329513
Epidermis 2,dip2a,8.498145,2.62496,1.926449161960914e-17,4.826297033656614e-16,0.2976827094474153,0.0659025787965616
Epidermis 2,pax3,8.468332,2.1369455,2.4893104698719994e-17,6.203268496723811e-16,0.3591800356506239,0.14469914040114612
Epidermis 2,h3f3b,8.4682865,1.0145413,2.490290638893753e-17,6.203268496723811e-16,0.5775401069518716,0.3954154727793696
Epidermis 2,wtip,8.449252,1.1741647,2.931736120988159e-17,7.269706124554843e-16,0.5124777183600713,0.29512893982808025
Epidermis 2,tenm3,8.445812,1.6676309,3.0193747181958074e-17,7.478521648779876e-16,0.3939393939393939,0.17335243553008595
Epidermis 2,sik2,8.389995,2.3381374,4.8616294200086725e-17,1.1933140109562344e-15,0.3146167557932264,0.08882521489971347
Epidermis 2,amotl2,8.384767,1.2190956,5.082660360367262e-17,1.244766910477823e-15,0.5053475935828877,0.3037249283667622
Epidermis 2,dtx4,8.370594,2.1402051,5.732847209330093e-17,1.3977257983775637e-15,0.3155080213903743,0.08595988538681948
Epidermis 2,ptprs,8.361513,1.6891102,6.191907482824224e-17,1.5079644328427164e-15,0.3841354723707665,0.16905444126074498
Epidermis 2,mapkapk5,8.289551,1.2945844,1.13677148519466e-16,2.7470089234144715e-15,0.4554367201426025,0.2349570200573066
Epidermis 2,ckap2,8.280377,1.4116548,1.2278531814758496e-16,2.9605507483960788e-15,0.44206773618538325,0.24068767908309455
Epidermis 2,acvr1b,8.267168,1.4083372,1.3717804552453321e-16,3.300289009251201e-15,0.4447415329768271,0.24068767908309455
Epidermis 2,fscn1,8.2562065,1.9757084,1.503750720314055e-16,3.609828874364465e-15,0.3538324420677362,0.1361031518624642
Epidermis 2,rasgef1b,8.24818,1.9937186,1.6082452087792394e-16,3.856430626458438e-15,0.3333333333333333,0.11318051575931232
Epidermis 2,tsc22d1,8.2463,1.7783656,1.6337435784027085e-16,3.913273175008288e-15,0.357397504456328,0.1361031518624642
Epidermis 2,wls,8.244099,1.3035063,1.664102110080377e-16,3.977258723336682e-15,0.4483065953654189,0.23782234957020057
Epidermis 2,htra1,8.184749,2.6981752,2.7287167573908223e-16,6.472100909024471e-15,0.29322638146167557,0.07449856733524356
Epidermis 2,yeats4,8.175851,1.2926435,2.9378429418088646e-16,6.960550579067452e-15,0.4447415329768271,0.22779369627507162
Epidermis 2,efna1,8.172091,1.5974671,3.0309152213998995e-16,7.173275601536573e-15,0.3778966131907308,0.15472779369627507
Epidermis 2,c20orf27,8.15989,1.1599227,3.3532925251563754e-16,7.92764855811888e-15,0.48663101604278075,0.27793696275071633
Epidermis 2,dcps,8.156955,1.935459,3.4357675035576497e-16,8.113840118520723e-15,0.3324420677361854,0.11031518624641834
Epidermis 2,LOC105945412,8.134802,1.9967759,4.1261199125836927e-16,9.691718257533774e-15,0.32085561497326204,0.09455587392550144
Epidermis 2,esrrg,8.130674,3.1575656,4.2690933202626693e-16,1.0006002721960441e-14,0.27807486631016043,0.06017191977077364
Epidermis 2,sox5,8.115171,1.2129402,4.850979467417789e-16,1.1345468698662761e-14,0.4875222816399287,0.30515759312320917
Epidermis 2,slc7a8,8.109668,2.4103854,5.075824735267451e-16,1.1845943481098507e-14,0.2985739750445633,0.07736389684813753
Epidermis 2,apex1,8.084029,1.713887,6.266117490075291e-16,1.4577073534214598e-14,0.35650623885918004,0.13896848137535817
Epidermis 2,dgka,8.069949,1.1271228,7.032758386962034e-16,1.6343111902225617e-14,0.5133689839572193,0.330945558739255
Epidermis 2,sdc1,8.042751,1.2884732,8.784373267916549e-16,2.034859968993705e-14,0.43493761140819964,0.22779369627507162
Epidermis 2,itm2a,8.028533,1.8092514,9.864522862708053e-16,2.2802304384232248e-14,0.34759358288770054,0.1303724928366762
Epidermis 2,cwc27,8.011884,1.1767594,1.1296456195817173e-15,2.5974707128443257e-14,0.4803921568627451,0.2836676217765043
Epidermis 2,scarb1,7.9801455,1.8466306,1.4616121768082156e-15,3.343169739007555e-14,0.34670231729055256,0.1332378223495702
Epidermis 2,msantd2,7.9610195,1.0893813,1.7062746805298248e-15,3.870334698944002e-14,0.5098039215686274,0.3209169054441261
Epidermis 2,cd81,7.9602857,1.2539438,1.7164252272638869e-15,3.888163159580086e-14,0.45989304812834225,0.2607449856733524
Epidermis 2,LOC100379837,7.9249697,3.2607622,2.2820212175213242e-15,5.1230437229972035e-14,0.2549019607843137,0.03581661891117478
Epidermis 2,hgf,7.8815813,7.110382,3.2326363444254504e-15,7.219995667523823e-14,0.22192513368983957,0.0028653295128939827
Epidermis 2,pabpc4,7.8758483,1.0992441,3.384389714256733e-15,7.551203267361571e-14,0.48663101604278075,0.28939828080229224
Epidermis 2,efna5,7.8666754,2.2070463,3.641906041147724e-15,8.100920665023903e-14,0.31194295900178254,0.10315186246418338
Epidermis 2,adcy7,7.863465,2.051383,3.7365187072376786e-15,8.302909848333338e-14,0.3137254901960784,0.10028653295128939
Epidermis 2,fnip2,7.809665,1.0614774,5.734019792651407e-15,1.2625837123657555e-13,0.5133689839572193,0.31805157593123207
Epidermis 2,lrp2,7.7894387,1.8378286,6.730763054745914e-15,1.4805643207420423e-13,0.339572192513369,0.1346704871060172
Epidermis 2,mycl,7.7805405,2.8842773,7.221523235091321e-15,1.5869170041583857e-13,0.26024955436720143,0.045845272206303724
Epidermis 2,sdc2,7.7699,2.048402,7.854810674551828e-15,1.7226112937627684e-13,0.30213903743315507,0.08882521489971347
Epidermis 2,cdk2,7.7649465,1.2581798,8.167963664582959e-15,1.7876944345523043e-13,0.44028520499108736,0.24068767908309455
Epidermis 2,ap2b1,7.7598557,1.6348882,8.502615686748998e-15,1.8572129819874862e-13,0.34581105169340465,0.1346704871060172
Epidermis 2,hspa4,7.758342,1.31222,8.604683604195926e-15,1.877628009271593e-13,0.4197860962566845,0.2191977077363897
Epidermis 2,kit,7.7090373,3.0292783,1.2677052176718094e-14,2.7415852878906394e-13,0.26648841354723707,0.055873925501432664
Epidermis 2,syne1,7.7086244,1.1826717,1.2718115756167222e-14,2.7477426130230193e-13,0.46167557932263814,0.26504297994269344
Epidermis 2,ptpn14,7.7000017,1.0708373,1.3606438687472567e-14,2.9367566627036485e-13,0.4786096256684492,0.27650429799426934
Epidermis 2,styx,7.6864715,1.0279821,1.5124829615566934e-14,3.2548215684544976e-13,0.5106951871657754,0.3166189111747851
Epidermis 2,mthfd2,7.6396894,1.4204378,2.1774664780906405e-14,4.667435758194093e-13,0.3983957219251337,0.20487106017191978
Epidermis 2,acsl1,7.6352406,1.0851786,2.253995597011445e-14,4.822003717881053e-13,0.5,0.3151862464183381
Epidermis 2,ucp2,7.60419,1.474007,2.866944174428136e-14,6.109334846698862e-13,0.37254901960784315,0.17335243553008595
Epidermis 2,atrnl1,7.574194,1.1150731,3.6136406467856895e-14,7.678018749124686e-13,0.4661319073083779,0.2836676217765043
Epidermis 2,ppat,7.564746,1.4628671,3.8862379049673295e-14,8.249182619094562e-13,0.3859180035650624,0.19197707736389685
Epidermis 2,ubtd2,7.5560775,1.5884717,4.154069538870036e-14,8.809130360319053e-13,0.357397504456328,0.15902578796561603
Epidermis 2,adss2,7.5281453,1.4725394,5.146601318044611e-14,1.0871634788097915e-12,0.3689839572192513,0.167621776504298
Epidermis 2,robo1,7.5200276,1.8710021,5.4764754025430055e-14,1.1546103358346948e-12,0.32174688057041,0.12320916905444126
Epidermis 2,LOC733735,7.5156703,1.6138071,5.662010207495012e-14,1.191424539418984e-12,0.3324420677361854,0.12607449856733524
Epidermis 2,mn1,7.5095243,1.7206012,5.934258709263279e-14,1.2475092417614067e-12,0.3244206773618538,0.12177650429799428
Epidermis 2,megf8,7.47696,1.2009954,7.6061451053091e-14,1.5913105689640446e-12,0.43137254901960786,0.24068767908309455
Epidermis 2,arid1b,7.471961,2.0329537,7.900849300094373e-14,1.6513834538061237e-12,0.3083778966131907,0.11031518624641834
Epidermis 2,plbd2,7.44646,2.1614141,9.587812944089031e-14,2.0020637918944186e-12,0.28520499108734404,0.08166189111747851
Epidermis 2,pitpnc1,7.420913,2.2844963,1.163155904412895e-13,2.421872613568109e-12,0.2727272727272727,0.06876790830945559
Epidermis 2,ahi1,7.4099054,1.1402037,1.263894183041823e-13,2.619129626605472e-12,0.4696969696969697,0.2836676217765043
Epidermis 2,tsc22d3,7.3875694,2.0102623,1.495372363048975e-13,3.0812578219161173e-12,0.29322638146167557,0.09169054441260745
Epidermis 2,gpm6b,7.3847713,1.6280053,1.5271542647862449e-13,3.140813686324284e-12,0.34759358288770054,0.15329512893982808
Epidermis 2,crabp2,7.3841295,1.6945486,1.5345415934814477e-13,3.153035038734338e-12,0.3404634581105169,0.14469914040114612
Epidermis 2,arl13b,7.382891,1.0332603,1.5488878765700464e-13,3.1795185658170255e-12,0.4839572192513369,0.29656160458452724
Epidermis 2,cdknx,7.374039,2.2000754,1.655346188092285e-13,3.3916722225691786e-12,0.2798573975044563,0.07879656160458452
Epidermis 2,ube2e2,7.371333,1.3323218,1.6893021999152633e-13,3.4547575730413267e-12,0.42602495543672014,0.2521489971346705
Epidermis 2,ube2g1,7.3644533,1.1914575,1.778743056536082e-13,3.6342651906997984e-12,0.43672014260249553,0.2593123209169054
Epidermis 2,mrps6,7.353767,1.22722,1.9269787199693945e-13,3.933452071885141e-12,0.44295900178253117,0.2636103151862464
Epidermis 2,pard6g,7.324459,1.3738674,2.398643617380368e-13,4.868911848823908e-12,0.3894830659536542,0.2034383954154728
Epidermis 2,bicd2,7.2722645,1.2965541,3.5351020398289196e-13,7.1227573048113436e-12,0.3805704099821747,0.1819484240687679
Epidermis 2,fgfrl1,7.248461,1.2693261,4.2153474715630935e-13,8.462106456023759e-12,0.4197860962566845,0.23782234957020057
Epidermis 2,kif14,7.2337837,1.0615623,4.697190681403251e-13,9.394811902740635e-12,0.4554367201426025,0.26504297994269344
Epidermis 2,map1lc3a,7.1850295,1.525534,6.719273950957214e-13,1.3305016051164917e-11,0.32976827094474154,0.1332378223495702
Epidermis 2,ppip5k2,7.095409,1.4105067,1.28969365007185e-12,2.52624821707521e-11,0.3538324420677362,0.16045845272206305
Epidermis 2,boc,7.050324,1.4048613,1.7850187743146858e-12,3.477758453064353e-11,0.34581105169340465,0.1518624641833811
Epidermis 2,tbcel,7.04748,2.902093,1.8218673889072345e-12,3.546384325900514e-11,0.232620320855615,0.03724928366762178
Epidermis 2,jade3,7.02308,1.6892048,2.1702983613379377e-12,4.2058686094809185e-11,0.31283422459893045,0.12177650429799428
Epidermis 2,smarcad1,7.022071,1.4896384,2.186034159158794e-12,4.232604382165399e-11,0.33778966131907306,0.1504297994269341
Epidermis 2,pak4,7.010192,1.0978488,2.379913939879149e-12,4.591697796826075e-11,0.42602495543672014,0.24355300859598855
Epidermis 2,sh3pxd2b,6.999184,1.0371159,2.5745693031074595e-12,4.9628689720059954e-11,0.464349376114082,0.29512893982808025
Epidermis 2,tp53inp2,6.9964323,1.2626401,2.6256228795505737e-12,5.056815256370086e-11,0.38324420677361853,0.20057306590257878
Epidermis 2,fam117b,6.9735,1.0916225,3.091515772123542e-12,5.938377259111603e-11,0.44206773618538325,0.2722063037249284
Epidermis 2,etfa,6.9377713,1.3930835,3.983344526515e-12,7.624610606410861e-11,0.3449197860962567,0.15616045845272206
Epidermis 2,cdk2ap1,6.9196086,1.371607,4.528933539073439e-12,8.646181868427078e-11,0.34759358288770054,0.16189111747851004
Epidermis 2,copg2,6.8938785,1.1161182,5.42914854518959e-12,1.0301691339528873e-10,0.4215686274509804,0.2492836676217765
Epidermis 2,usp38,6.8930526,1.1770555,5.460763077639675e-12,1.0352676899841471e-10,0.39928698752228164,0.22063037249283668
Epidermis 2,ppm1d,6.885393,1.1166698,5.7628116464886675e-12,1.0896907533624715e-10,0.4144385026737968,0.2335243553008596
Epidermis 2,rara,6.830401,1.1761233,8.4677541408764e-12,1.5887778427176607e-10,0.3894830659536542,0.20487106017191978
Epidermis 2,prex1,6.8044415,1.3884894,1.0144199779013521e-11,1.893555033172404e-10,0.357397504456328,0.18051575931232092
Epidermis 2,pxdn,6.7551365,1.235957,1.4270073340941965e-11,2.632183181510521e-10,0.40106951871657753,0.2335243553008596
Epidermis 2,fam13a,6.739084,1.5360498,1.5938839733479542e-11,2.9325583627677663e-10,0.32085561497326204,0.14183381088825214
Epidermis 2,pik3c3,6.7317452,1.269489,1.676397316882008e-11,3.081774713705333e-10,0.3672014260249554,0.19340974212034384
Epidermis 2,snx7,6.731195,2.9538255,1.6827517531679092e-11,3.090852357397049e-10,0.22014260249554368,0.0329512893982808
Epidermis 2,itga6,6.7255535,1.5827643,1.7492598791925496e-11,3.207613430576523e-10,0.3137254901960784,0.1346704871060172
Epidermis 2,pum3,6.713491,1.0341524,1.900221072744323e-11,3.4756684013708193e-10,0.43493761140819964,0.2722063037249284
Epidermis 2,sptbn1,6.69143,1.5962486,2.210000462848459e-11,4.0187016749846853e-10,0.31016042780748665,0.1303724928366762
Epidermis 2,col13a1,6.6819363,1.4272114,2.3580592786106756e-11,4.2843639898887216e-10,0.339572192513369,0.16475644699140402
Epidermis 2,polr1a,6.6131845,1.0136032,3.7613942334849485e-11,6.760904742081966e-10,0.4358288770053476,0.25787965616045844
Epidermis 2,limd2,6.5893803,2.0397096,4.4166567737178635e-11,7.912632796329845e-10,0.2611408199643494,0.08166189111747851
Epidermis 2,papss1,6.447612,1.1273532,1.1362642124165829e-10,1.994724165659071e-09,0.38235294117647056,0.21060171919770773
Epidermis 2,rpa1,6.4415574,1.1757727,1.182536131003317e-10,2.0742862471562204e-09,0.37254901960784315,0.1991404011461318
Epidermis 2,dhrsx,6.4209185,1.425378,1.3545474472759518e-10,2.3608290612626634e-09,0.32085561497326204,0.14613180515759314
Epidermis 2,yes1,6.4018383,1.3120157,1.535170854133326e-10,2.6607595876126536e-09,0.33511586452762926,0.16045845272206305
Epidermis 2,yaf2,6.373861,1.4208081,1.8432794884673511e-10,3.187179216945013e-09,0.3146167557932264,0.14183381088825214
Epidermis 2,hcn2,6.3207493,2.7504873,2.6029839446758727e-10,4.465386215155049e-09,0.21390374331550802,0.03868194842406877
Epidermis 2,atp6v1h,6.314236,3.0643415,2.714989212933153e-10,4.650218180173809e-09,0.20320855614973263,0.027220630372492838
Epidermis 2,slk,6.3056135,1.027639,2.870543177693185e-10,4.905099661741816e-09,0.4055258467023173,0.24068767908309455
Epidermis 2,stx1a,6.2731414,2.7292497,3.5383575033951704e-10,6.022659834757099e-09,0.21390374331550802,0.04154727793696275
Epidermis 2,LOC116407555,6.2706184,1.215839,3.5961645923066914e-10,6.116282741132059e-09,0.34402852049910876,0.17478510028653296
Epidermis 2,mettl24,6.2121406,4.1323867,5.226758271946461e-10,8.800392920690104e-09,0.18538324420677363,0.012893982808022923
Epidermis 2,tyro3,6.185447,1.6954541,6.19266235704307e-10,1.0346867174045698e-08,0.27540106951871657,0.10888252148997135
Epidermis 2,ptk2,6.160038,1.4181064,7.272745494885603e-10,1.2114395377396852e-08,0.3065953654188948,0.14183381088825214
Epidermis 2,hdgfl2,6.123713,1.015155,9.141951042814063e-10,1.517007708785138e-08,0.40106951871657753,0.24068767908309455
Epidermis 2,usp24,6.1221995,1.2883102,9.229239785620884e-10,1.5303285817783685e-08,0.3306595365418895,0.17048710601719197
Epidermis 2,jpt2,6.104725,1.1777809,1.0297791231829258e-09,1.7036247344180913e-08,0.34670231729055256,0.1833810888252149
Epidermis 2,pfkfb1,6.0929375,2.2740629,1.1085730778808548e-09,1.828433343343774e-08,0.23351158645276293,0.07020057306590258
Epidermis 2,rcor2,6.0840855,1.0053552,1.1715799012752335e-09,1.9294373604322165e-08,0.40106951871657753,0.23782234957020057
Epidermis 2,crybg3,6.082939,2.0749815,1.17999256866665e-09,1.9418263831730748e-08,0.2415329768270945,0.07736389684813753
Epidermis 2,LOC549154,6.082526,1.0166304,1.1830355224118703e-09,1.9453668526412524e-08,0.37433155080213903,0.2034383954154728
Epidermis 2,cfp,6.077802,1.8810087,1.2184098416340186e-09,2.0020271953536084e-08,0.23885918003565063,0.06876790830945559
Epidermis 2,LOC100495307,6.0684915,2.8858874,1.2911723814773965e-09,2.1183964312946068e-08,0.20499108734402852,0.03868194842406877
Epidermis 2,gart,6.0670695,1.1447471,1.302650371143675e-09,2.1340190502046647e-08,0.3538324420677362,0.19484240687679083
Epidermis 2,septin12,6.065235,1.6382413,1.317607735765028e-09,2.156903105936135e-08,0.2718360071301248,0.10888252148997135
Epidermis 2,agfg1,6.0490904,1.1842768,1.456657179632017e-09,2.3773908987846105e-08,0.3360071301247772,0.17335243553008595
Epidermis 2,b4galt5,5.990934,2.2876167,2.0863959122714408e-09,3.3798994210597704e-08,0.22281639928698752,0.05873925501432665
Epidermis 2,rnf125,5.9763947,2.9643812,2.281300785870272e-09,3.6819722225203554e-08,0.19607843137254902,0.03008595988538682
Epidermis 2,abi2,5.9572687,1.1676116,2.5648809879890156e-09,4.118342019051384e-08,0.33511586452762926,0.17335243553008595
Epidermis 2,elavl4,5.9566727,5.0911055,2.5742520035197462e-09,4.1303494830003225e-08,0.1746880570409982,0.01002865329512894
Epidermis 2,lims1,5.943922,2.473383,2.7828182057850274e-09,4.4518970724659146e-08,0.20677361853832443,0.04154727793696275
Epidermis 2,dach1,5.918788,4.5299797,3.2432246871587685e-09,5.1694964133302765e-08,0.17647058823529413,0.012893982808022923
Epidermis 2,tgif1,5.908193,1.6698985,3.458800404708259e-09,5.501055658246277e-08,0.25935828877005346,0.0988538681948424
Epidermis 2,cited4,5.88893,1.144458,3.887040576525815e-09,6.141861869686445e-08,0.3404634581105169,0.1819484240687679
Epidermis 2,fam124a,5.8861322,1.8057638,3.953380730285527e-09,6.233144574823734e-08,0.24955436720142601,0.08882521489971347
Epidermis 2,cfdp1,5.876592,1.0352672,4.187979383718774e-09,6.583998424504853e-08,0.37076648841354726,0.20916905444126074
Epidermis 2,cnn3,5.8724184,1.5418993,4.2948264475437946e-09,6.7374125026494e-08,0.26648841354723707,0.10458452722063037
Epidermis 2,atp10a,5.862328,2.3470826,4.564215226789445e-09,7.14973011225933e-08,0.22549019607843138,0.0673352435530086
Epidermis 2,ralgps2,5.8582463,1.4231049,4.6778054837126274e-09,7.322409860838826e-08,0.29233511586452765,0.1346704871060172
Epidermis 2,snca,5.8261867,3.0772662,5.670818982045887e-09,8.826172682398239e-08,0.1925133689839572,0.03151862464183381
Epidermis 2,ulk4,5.8156376,1.0919073,6.04031658897436e-09,9.3745197928883e-08,0.3627450980392157,0.20916905444126074
Epidermis 2,kazn,5.8128858,1.1264297,6.140495414293731e-09,9.516459547961898e-08,0.3431372549019608,0.1876790830945559
Epidermis 2,dis3l,5.811739,1.1421984,6.182711915770415e-09,9.575085643294978e-08,0.36185383244206776,0.21203438395415472
Epidermis 2,tulp3,5.8055935,1.5712013,6.413849118676341e-09,9.904925804574412e-08,0.2709447415329768,0.11461318051575932
Epidermis 2,LOC116406448,5.7885313,1.358294,7.1004444080973505e-09,1.0947981386857034e-07,0.2985739750445633,0.14183381088825214
Epidermis 2,hipk2,5.781881,1.0195369,7.386993419444652e-09,1.1367530564576992e-07,0.3591800356506239,0.20773638968481375
Epidermis 2,utp11,5.746794,1.1174679,9.095125336779233e-09,1.3898090334303896e-07,0.3333333333333333,0.17621776504297995
Epidermis 2,znf282,5.7463355,1.2816578,9.119817910724807e-09,1.3926070442961932e-07,0.30392156862745096,0.14469914040114612
Epidermis 2,fam83d,5.7421618,1.6753304,9.347535750925085e-09,1.426381661684869e-07,0.25757575757575757,0.10458452722063037
Epidermis 2,fto,5.7007,1.177708,1.19316469348744e-08,1.806804078875047e-07,0.3146167557932264,0.15759312320916904
Epidermis 2,rbm12b.3,5.654147,1.0470678,1.5662213438398118e-08,2.350516914988207e-07,0.3484848484848485,0.20057306590257878
Epidermis 2,amer1,5.641947,1.145008,1.6813796173108777e-08,2.514693943066529e-07,0.31907308377896615,0.16189111747851004
Epidermis 2,dock7,5.631627,2.0167968,1.785171660491467e-08,2.6662717866929704e-07,0.22994652406417113,0.08022922636103152
Epidermis 2,LOC100489322,5.6180973,1.0741788,1.9307200279176348e-08,2.8718637852209074e-07,0.3689839572192513,0.2349570200573066
Epidermis 2,src,5.6071353,1.0301598,2.0570279189608548e-08,3.045210734032891e-07,0.3591800356506239,0.21203438395415472
Epidermis 2,arhgef11,5.5820932,1.0092874,2.376411612143664e-08,3.499033588973475e-07,0.3672014260249554,0.22636103151862463
Epidermis 2,gtf2f2,5.5150843,1.2005137,3.4861286907491296e-08,5.07138761072245e-07,0.3083778966131907,0.16045845272206305
Epidermis 2,phlpp1,5.5138917,1.1088713,3.5098445941272894e-08,5.09908914037627e-07,0.32887700534759357,0.1819484240687679
Epidermis 2,pgm2l1,5.5048103,2.0964093,3.695655503430732e-08,5.354774152746481e-07,0.2103386809269162,0.05873925501432665
Epidermis 2,cers5,5.49339,1.4071913,3.942904601909958e-08,5.686590966178268e-07,0.2736185383244207,0.12607449856733524
Epidermis 2,septin10,5.4678893,1.0862262,4.5542646921951303e-08,6.546680490671273e-07,0.32085561497326204,0.17335243553008595
Epidermis 2,snai1,5.456744,2.744235,4.849447890076457e-08,6.961829105878841e-07,0.18627450980392157,0.03581661891117478
Epidermis 2,stam,5.445186,1.7448356,5.175128096948445e-08,7.414738687032963e-07,0.22994652406417113,0.08022922636103152
Epidermis 2,tsku,5.396615,1.1048155,6.790991123253041e-08,9.641263324691256e-07,0.3074866310160428,0.15902578796561603
Epidermis 2,cep120,5.391616,1.0611558,6.982699216199574e-08,9.900550980941581e-07,0.35294117647058826,0.21203438395415472
Epidermis 2,deptorl,5.3759756,1.2175463,7.616906865740541e-08,1.0764800823660903e-06,0.29411764705882354,0.1504297994269341
Epidermis 2,fzd10,5.370472,1.0605893,7.853087437927394e-08,1.1069910916215353e-06,0.3413547237076649,0.20057306590257878
Epidermis 2,dusp4,5.365289,1.5310442,8.081964498848383e-08,1.138518704514981e-06,0.24777183600713013,0.0988538681948424
Epidermis 2,map1s,5.35685,1.1472969,8.468537733166925e-08,1.1899031672597261e-06,0.3048128342245989,0.16045845272206305
Epidermis 2,man2b1,5.335752,2.0955265,9.514933919354314e-08,1.3309318785527594e-06,0.20320855614973263,0.055873925501432664
Epidermis 2,carmil1,5.329606,1.3014393,9.842597156501843e-08,1.3750020009732826e-06,0.2736185383244207,0.12893982808022922
Epidermis 2,lmx1b.1,5.319149,2.6499672,1.0425376574184727e-07,1.4536239119826511e-06,0.18538324420677363,0.03868194842406877
Epidermis 2,pim3,5.2995644,2.6680527,1.160791729374811e-07,1.6102756723895582e-06,0.18449197860962566,0.03868194842406877
Epidermis 2,skida1,5.2537,2.7918897,1.4907397924513497e-07,2.0536258214066225e-06,0.1711229946524064,0.024355300859598854
Epidermis 2,nek3,5.229987,4.328886,1.6952163264663926e-07,2.3264978276618334e-06,0.15418894830659535,0.008595988538681949
Epidermis 2,camsap2,5.226731,1.7439704,1.7253328327859474e-07,2.3648547578028992e-06,0.22192513368983957,0.07879656160458452
Epidermis 2,ccdc82,5.2170076,1.7732612,1.8183684225779403e-07,2.4814644996293454e-06,0.21746880570409982,0.07306590257879657
Epidermis 2,acap2,5.194121,1.0372303,2.0568942676625106e-07,2.7999681730919305e-06,0.3244206773618538,0.1833810888252149
Epidermis 2,c18orf21,5.1704545,1.4912872,2.3352524034917424e-07,3.1709734098689052e-06,0.23975044563279857,0.09598853868194843
Epidermis 2,LOC100145045,5.1688952,2.3206298,2.3548194257039338e-07,3.195554396037658e-06,0.18627450980392157,0.04297994269340974
Epidermis 2,usp47,5.1643543,1.0907414,2.4127003214751195e-07,3.2680033342587575e-06,0.3083778966131907,0.17335243553008595
Epidermis 2,epn2,5.1615567,1.7119219,2.4490461100847634e-07,3.313120593190305e-06,0.2192513368983957,0.07736389684813753
Epidermis 2,anp32b,5.156374,1.364524,2.517777509751178e-07,3.4039915142676864e-06,0.2611408199643494,0.12320916905444126
Epidermis 2,cnnm3,5.1388993,1.7959114,2.7635222656471627e-07,3.7223962567090577e-06,0.21212121212121213,0.07020057306590258
Epidermis 2,gmnc,5.136056,2.9073596,2.805643683249526e-07,3.7721473082062783e-06,0.17201426024955438,0.03008595988538682
Epidermis 2,fam168a,5.1227093,1.0079519,3.0117682204637544e-07,4.036842404099483e-06,0.30303030303030304,0.15759312320916904
Epidermis 2,c11orf95,5.111197,1.0940218,3.201239870074293e-07,4.277664127672452e-06,0.2967914438502674,0.15902578796561603
Epidermis 2,pcolce2,5.088356,4.191105,3.6118050007442515e-07,4.811550483592205e-06,0.15151515151515152,0.01002865329512894
Epidermis 2,pkp2,5.0809717,1.2217301,3.755086051185626e-07,4.993280482810575e-06,0.2825311942959002,0.1489971346704871
Epidermis 2,LOC100498440,5.0534987,1.3123493,4.337890667138404e-07,5.743756811142422e-06,0.2557932263814617,0.11604584527220631
Epidermis 2,gata3,5.043225,1.1097348,4.5775039602905645e-07,6.04635072139833e-06,0.31996434937611407,0.1876790830945559
Epidermis 2,nectin1l1,4.9835086,1.5321254,6.244147876042373e-07,8.14426484178844e-06,0.22638146167557932,0.08882521489971347
Epidermis 2,srek1ip1,4.9690156,1.2984596,6.729371316249866e-07,8.750989957800259e-06,0.2531194295900178,0.11461318051575932
Epidermis 2,ttc21b,4.923976,1.9548728,8.480324404567641e-07,1.0930251555349705e-05,0.19964349376114082,0.0659025787965616
Epidermis 2,prkar1a,4.92182,1.3204907,8.574291108534545e-07,1.1038324854237894e-05,0.24331550802139038,0.10601719197707736
Epidermis 2,ncam1,4.912051,1.9210411,9.012855874021371e-07,1.1568795766295315e-05,0.20320855614973263,0.07020057306590258
Epidermis 2,srsf5a,4.909804,1.1604736,9.116760434731543e-07,1.1688415361120858e-05,0.2727272727272727,0.13753581661891118
Epidermis 2,tmem52,4.894531,1.1362786,9.854061549951689e-07,1.2626275812184133e-05,0.28698752228163993,0.15472779369627507
Epidermis 2,polr1e,4.8859997,1.7825049,1.029053206713342e-06,1.3154639732684146e-05,0.20499108734402852,0.07163323782234957
Epidermis 2,c3orf67,4.873066,3.3845327,1.0987958810091183e-06,1.3980655929737593e-05,0.15240641711229946,0.017191977077363897
Epidermis 2,gkap1,4.872653,1.0493569,1.1010949670703008e-06,1.3993589561118832e-05,0.29233511586452765,0.15902578796561603
Epidermis 2,asap2,4.8368325,1.011527,1.3192452573702243e-06,1.6668935009308433e-05,0.3181818181818182,0.19484240687679083
Epidermis 2,pou6f1,4.8283935,1.6197292,1.3763904296954723e-06,1.7350788888726115e-05,0.20944741532976827,0.07449856733524356
Epidermis 2,mtfr1l,4.8219724,1.9149393,1.4214575468661704e-06,1.7898225695422218e-05,0.1889483065953654,0.054441260744985676
Epidermis 2,ruvbl2,4.815918,1.1085145,1.4652467085499344e-06,1.842832762378566e-05,0.29590017825311943,0.167621776504298
Epidermis 2,cmpk1,4.8089466,1.0137073,1.5172777057658156e-06,1.90607465846378e-05,0.31016042780748665,0.1833810888252149
Epidermis 2,polr1b,4.804085,1.1041416,1.5546089557566705e-06,1.950725820791622e-05,0.28431372549019607,0.1504297994269341
Epidermis 2,lbh,4.7672553,1.6625285,1.8675265204192476e-06,2.3273156026309767e-05,0.20855614973262032,0.07736389684813753
Epidermis 2,ipo8,4.7601004,1.0224854,1.9349676992025285e-06,2.4072366114195193e-05,0.3074866310160428,0.1833810888252149
Epidermis 2,lbhd1,4.738177,1.7514731,2.1564959824927865e-06,2.666113248383858e-05,0.19786096256684493,0.0659025787965616
Epidermis 2,zbtb16,4.727582,1.6046362,2.2720930382175974e-06,2.8074372699290032e-05,0.21301247771836007,0.0830945558739255
Epidermis 2,cct8,4.701806,1.0954994,2.5787060621672985e-06,3.1715625396918704e-05,0.27540106951871657,0.14613180515759314
Epidermis 2,slc39a6,4.701714,1.3778208,2.579865041910577e-06,3.1715625396918704e-05,0.22727272727272727,0.09598853868194843
Epidermis 2,pik3cb,4.6924033,1.8068352,2.7001384613073436e-06,3.3119573560532625e-05,0.19162210338680927,0.06160458452722063
Epidermis 2,npm3,4.691945,1.0419837,2.7062002341447662e-06,3.3175278263636485e-05,0.2807486631016043,0.15329512893982808
Epidermis 2,dek,4.6808915,1.0939553,2.856301855405754e-06,3.493686254865973e-05,0.2700534759358289,0.14183381088825214
Epidermis 2,nipal2,4.6369987,1.3497902,3.5350478385933615e-06,4.2759578096422256e-05,0.24242424242424243,0.1174785100286533
Epidermis 2,top3b,4.62911,1.0562068,3.672409639537755e-06,4.434734407545841e-05,0.27540106951871657,0.14756446991404013
Epidermis 2,lztr1,4.61957,1.8552083,3.845363050865998e-06,4.6307763318403394e-05,0.18092691622103388,0.05157593123209169
Epidermis 2,large2,4.6158547,2.0318437,3.9148051672437845e-06,4.709204165073133e-05,0.1711229946524064,0.04154727793696275
Epidermis 2,rps6ka6,4.5779705,1.272986,4.6950924015308966e-06,5.595391113806974e-05,0.232620320855615,0.10458452722063037
Epidermis 2,ccdc57,4.562376,2.8047695,5.05779080677044e-06,6.011222940878964e-05,0.16042780748663102,0.03581661891117478
Epidermis 2,tle2,4.5581107,1.0335537,5.161580901416555e-06,6.124570791180567e-05,0.29233511586452765,0.17335243553008595
Epidermis 2,gas1,4.4899554,1.769072,7.123809375611086e-06,8.299447110796023e-05,0.18538324420677363,0.06017191977077364
Epidermis 2,krasl,4.489359,1.000906,7.143776856155616e-06,8.313832254835824e-05,0.29590017825311943,0.17908309455587393
Epidermis 2,abca1,4.4531717,2.1422493,8.461106177938997e-06,9.779120651949516e-05,0.16755793226381463,0.044412607449856735
Epidermis 2,znf827,4.4453287,1.0124344,8.775757345607112e-06,0.00010132052964999618,0.2736185383244207,0.1504297994269341
Epidermis 2,nudt21,4.4355135,1.0801432,9.185302660998886e-06,0.00010588087129723018,0.2531194295900178,0.1303724928366762
Epidermis 2,jmy,4.3904285,1.281314,1.1312761049954735e-05,0.00012904117034556314,0.22905525846702318,0.10888252148997135
Epidermis 2,serpina1,4.384053,2.5586982,1.1649137494338406e-05,0.00013272596389462147,0.15240641711229946,0.03151862464183381
Epidermis 2,nasp,4.370385,1.0060853,1.2402749339035366e-05,0.00014095853819119308,0.29322638146167557,0.18051575931232092
Epidermis 2,shisa1.2,4.354516,2.0248702,1.3336123947107985e-05,0.00015101585918518077,0.16399286987522282,0.04297994269340974
Epidermis 2,polr2g,4.3452053,2.052352,1.3914539833380398e-05,0.0001573208153907739,0.16934046345811052,0.050143266475644696
Epidermis 2,wwp1,4.310623,1.0156552,1.6279511019067924e-05,0.00018254635660178888,0.2638146167557932,0.14756446991404013
Epidermis 2,sh3pxd2a,4.303789,1.8049376,1.679013534829387e-05,0.0001879823209005236,0.17736185383244207,0.05873925501432665
Epidermis 2,acer2,4.2788386,2.427242,1.8787091615089282e-05,0.00020948039148332303,0.1586452762923351,0.04154727793696275
Epidermis 2,ifngr2.1,4.2566857,1.0737536,2.0747949675392355e-05,0.00022977307571449976,0.28431372549019607,0.17621776504297995
Epidermis 2,dpysl3,4.2551265,1.207995,2.0893084023868637e-05,0.00023083948682776586,0.23618538324420676,0.12034383954154727
Epidermis 2,nme4,4.229442,2.4721148,2.3427154833884518e-05,0.0002580534808834902,0.15418894830659535,0.03868194842406877
Epidermis 2,mex3b,4.2044916,2.4288983,2.6166971793591358e-05,0.000286353807175505,0.14705882352941177,0.03008595988538682
Epidermis 2,aprt,4.1863747,1.5790609,2.8344508113792335e-05,0.0003094074595052839,0.18270944741532977,0.0659025787965616
Epidermis 2,slc2a8,4.1799536,1.188514,2.9156837101697764e-05,0.0003179566928516476,0.22370766488413546,0.10744985673352435
Epidermis 2,cmc2,4.174037,1.3333641,2.9924888998305367e-05,0.0003258438137884338,0.20499108734402852,0.08882521489971347
Epidermis 2,sav1,4.1657815,1.0024431,3.1028781651091145e-05,0.0003374944559729513,0.2611408199643494,0.1489971346704871
Epidermis 2,traf3,4.162984,1.1447836,3.1411578526954446e-05,0.0003413506250182634,0.22727272727272727,0.11318051575931232
Epidermis 2,ank2,4.1587644,2.7380404,3.199740948850966e-05,0.00034702558272801655,0.1408199643493761,0.025787965616045846
Epidermis 2,dlgap4,4.153398,1.2598525,3.275743743779995e-05,0.0003545635130606313,0.21568627450980393,0.1017191977077364
Epidermis 2,ttc34,4.1494994,1.4203418,3.332031664081725e-05,0.0003602986270660422,0.19696969696969696,0.08166189111747851
Epidermis 2,mrps15,4.1348686,1.2894676,3.551580077855463e-05,0.0003830896138353142,0.2103386809269162,0.09742120343839542
Epidermis 2,rdx,4.1311073,1.3201897,3.610196520913441e-05,0.00038883562824704935,0.19696969696969696,0.08166189111747851
Epidermis 2,grb10,4.127163,1.3208097,3.672658610828589e-05,0.00039517299579334633,0.21479500891265596,0.10458452722063037
Epidermis 2,ikbip,4.1038637,1.5772585,4.063068795659932e-05,0.00043460894210831065,0.19073083778966132,0.07879656160458452
Epidermis 2,dtl,4.074877,1.007127,4.603866982316581e-05,0.0004883859087074872,0.28342245989304815,0.17908309455587393
Epidermis 2,hmg20a,4.069465,1.4312211,4.712122763924909e-05,0.0004988997129141457,0.19162210338680927,0.07879656160458452
Epidermis 2,frem1,4.062539,3.8567746,4.854176523183323e-05,0.0005131927612034075,0.12299465240641712,0.01002865329512894
Epidermis 2,rassf2,4.0557513,3.0129507,4.997340836567675e-05,0.000527306452585799,0.13012477718360071,0.017191977077363897
Epidermis 2,snapc3,4.0512567,1.7541449,5.0943315108189626e-05,0.0005362441287871712,0.16399286987522282,0.05157593123209169
Epidermis 2,cuedc1,4.0393314,1.3376092,5.360372910744974e-05,0.0005626199965626073,0.19696969696969696,0.08595988538681948
Epidermis 2,cyp27c1,4.0344243,1.4560672,5.473638358946227e-05,0.0005742320318777194,0.19073083778966132,0.07879656160458452
Epidermis 2,bnip2,4.0341487,1.1911889,5.480056363136223e-05,0.0005746290720807089,0.21479500891265596,0.1017191977077364
Epidermis 2,kiaa1614,4.033644,3.2751527,5.491841224988486e-05,0.000575588219838971,0.1265597147950089,0.014326647564469915
Epidermis 2,kif3a,4.0271316,2.632106,5.646144787775657e-05,0.0005914763582047653,0.13992869875222816,0.02865329512893983
Epidermis 2,clmn,4.0264893,1.8591677,5.661578244037997e-05,0.0005928085358116753,0.1568627450980392,0.044412607449856735
Epidermis 2,usp28,4.023325,1.5689622,5.738228711632662e-05,0.0006002583351703562,0.1746880570409982,0.06303724928366762
Epidermis 2,cfap157,4.0213985,1.6999961,5.785365653290221e-05,0.0006048992042187154,0.17023172905525846,0.05873925501432665
Epidermis 2,pax6,4.0132804,3.6068382,5.988073329944376e-05,0.0006245972664087774,0.12299465240641712,0.011461318051575931
Epidermis 2,mpdz,4.0112624,1.1380591,6.039497751499153e-05,0.0006290590951573414,0.2281639928698752,0.11891117478510028
Epidermis 2,xxylt1,4.004933,1.4073048,6.203509357542956e-05,0.0006436841544980735,0.19964349376114082,0.09169054441260745
Epidermis 2,bend3,4.0042906,1.3115053,6.220381789841169e-05,0.0006448216201241052,0.19964349376114082,0.08882521489971347
Epidermis 2,slc8b1,4.0026855,1.148587,6.262753141876196e-05,0.0006485977043610844,0.20944741532976827,0.09598853868194843
Epidermis 2,bcl2l12,3.9978697,1.5355669,6.391512586748417e-05,0.0006613048656018834,0.18092691622103388,0.07020057306590258
Epidermis 2,ripor1,3.9969523,1.3730301,6.41632060175343e-05,0.0006635570229898654,0.18983957219251338,0.07879656160458452
Epidermis 2,inka1,3.9891095,3.0668857,6.632181745476618e-05,0.0006852312399055174,0.12923351158645277,0.01862464183381089
Epidermis 2,msh6,3.9614987,1.1589026,7.448078430677872e-05,0.000765475427165525,0.22549019607843138,0.1174785100286533
Epidermis 2,dcaf10,3.9568205,1.218431,7.59539668569173e-05,0.0007792155668945897,0.21122994652406418,0.10315186246418338
Epidermis 2,cttnbp2nl,3.9435656,2.9162083,8.027905491350408e-05,0.0008208853126839608,0.1319073083778966,0.022922636103151862
Epidermis 2,hes6.1,3.9169638,1.4277236,8.967121382297353e-05,0.0009126471813577917,0.17736185383244207,0.0673352435530086
Epidermis 2,kcnt2,3.9104052,2.2945917,9.214146188653741e-05,0.000935606719323468,0.13636363636363635,0.027220630372492838
Epidermis 2,vcan,3.8886192,1.8038015,0.00010081615065012334,0.001021787841772569,0.16666666666666666,0.06017191977077364
Epidermis 2,atp6v1e1,3.8841245,2.6725013,0.00010269930384357302,0.0010394255608397992,0.12834224598930483,0.02005730659025788
Epidermis 2,lzts2,3.8788958,2.3782563,0.00010493167706486098,0.0010610352758259182,0.1354723707664884,0.027220630372492838
Epidermis 2,svip,3.875089,1.1356567,0.00010658572431152964,0.001076264271264178,0.20944741532976827,0.1017191977077364
Epidermis 2,cep55,3.867338,1.7159005,0.00011002994690534049,0.001110015474536031,0.16131907308377896,0.054441260744985676
Epidermis 2,epha3,3.8668792,3.5380244,0.00011023700255054087,0.0011115904032603292,0.12388591800356506,0.017191977077363897
Epidermis 2,dpp9,3.8626597,1.2101564,0.00011215923813293534,0.0011283664063157133,0.21212121212121213,0.10744985673352435
Epidermis 2,csnk1g3,3.829591,1.6757436,0.00012835644615891097,0.001283623286724838,0.16488413547237077,0.05873925501432665
Epidermis 2,tmem39b,3.8244083,1.7491405,0.00013108658231559452,0.0013073310387150768,0.16042780748663102,0.054441260744985676
Epidermis 2,caskin2,3.8102818,1.2876949,0.0001388084982211728,0.0013795547542792227,0.18270944741532977,0.07449856733524356
Epidermis 2,pcna,3.8072548,1.3770231,0.00014051801960425635,0.0013942640184398717,0.19340463458110516,0.09025787965616046
Epidermis 2,nav1,3.790835,1.2812049,0.00015014167581044557,0.0014844773483732364,0.19429590017825313,0.09025787965616046
Epidermis 2,abcc5,3.7873952,1.464052,0.00015223490813512144,0.0015038107426059235,0.17914438502673796,0.07593123209169055
Epidermis 2,grm7,3.7722597,1.2529306,0.00016177576324972792,0.0015922909020623876,0.20409982174688057,0.1017191977077364
Epidermis 2,shisa1.1,3.755519,2.1183498,0.00017298267785015233,0.0016957120455382633,0.13903743315508021,0.034383954154727794
Epidermis 2,serf2,3.752721,1.042448,0.00017492538151912492,0.0017132166742050382,0.23440285204991088,0.1346704871060172
Epidermis 2,atad1,3.747722,1.2244147,0.00017844795538570586,0.001746932630987657,0.20231729055258468,0.10028653295128939
Epidermis 2,s1pr3,3.733779,4.4697394,0.00018862808110034062,0.0018383445099109123,0.10962566844919786,0.0057306590257879654
Epidermis 2,arhgap42,3.732403,1.3970144,0.00018966176146093346,0.0018467689856488303,0.17736185383244207,0.07449856733524356
Epidermis 2,ebf4,3.7206156,1.008983,0.0001987376932080026,0.0019308349080551313,0.24955436720142601,0.1518624641833811
Epidermis 2,ell,3.7200193,1.3037208,0.00019920745922283496,0.0019345375913224216,0.17914438502673796,0.07449856733524356
Epidermis 2,plppr3,3.7162125,2.2571063,0.00020223141606683014,0.001957804671692236,0.1354723707664884,0.0329512893982808
Epidermis 2,LOC100486056,3.709608,1.0394968,0.00020758034393194872,0.002006027761266188,0.20855614973262032,0.10315186246418338
Epidermis 2,sympk,3.6875927,1.2353008,0.00022638549222508877,0.0021742772120790766,0.19429590017825313,0.09312320916905444
Epidermis 2,ogfod1,3.6784198,1.195639,0.0002346834109201967,0.002249023587918143,0.19162210338680927,0.08882521489971347
Epidermis 2,elovl6,3.669201,2.6821027,0.0002433097384849992,0.002328623598018056,0.12477718360071301,0.022922636103151862
Epidermis 2,c2cd2l,3.6663573,1.12287,0.00024603005372162497,0.0023536263929239713,0.20677361853832443,0.10601719197707736
Epidermis 2,kcnk6,3.6555333,1.8174284,0.00025664797622500707,0.002449831797552878,0.14705882352941177,0.045845272206303724
Epidermis 2,anp32a,3.6453054,1.0824009,0.00026707453527943727,0.0025426847444732117,0.20766488413547238,0.10744985673352435
Epidermis 2,hprt1,3.638013,1.8636945,0.00027474979612594606,0.0026112000441046467,0.15062388591800357,0.05157593123209169
Epidermis 2,arhgef40,3.6323254,1.0384295,0.00028087849134103077,0.0026648041563272318,0.20409982174688057,0.10315186246418338
Epidermis 2,hdac9,3.6023297,2.446363,0.0003153778892296632,0.0029637643931440484,0.12834224598930483,0.02865329512893983
Epidermis 2,ier5l,3.6018713,1.3331919,0.0003159349574883225,0.0029662151722232803,0.1746880570409982,0.07449856733524356
Epidermis 2,psmd8,3.5965507,1.492275,0.0003224646226963544,0.003022551774852727,0.16755793226381463,0.06876790830945559
Epidermis 2,rfwd3,3.5576115,2.0463328,0.0003742423880700798,0.0034779996380226628,0.13814616755793227,0.04011461318051576
Epidermis 2,znf853,3.5434391,1.4143947,0.0003949444805734477,0.00366103802489091,0.16131907308377896,0.06303724928366762
Epidermis 2,yrdc,3.5432556,1.3543568,0.00039521935256299473,0.003662030357654823,0.16934046345811052,0.07163323782234957
Epidermis 2,LOC100488469,3.5403662,2.2694314,0.00039957223248704183,0.0037007918867146606,0.12566844919786097,0.027220630372492838
Epidermis 2,cadm4,3.5189471,1.1020204,0.0004332629154117266,0.003980728453557594,0.1925133689839572,0.09455587392550144
Epidermis 2,tmem67,3.5144982,1.0220814,0.0004405854908751826,0.0040395025194904875,0.21122994652406418,0.11461318051575932
Epidermis 2,tpbg,3.5033073,2.1788955,0.00045951911034891797,0.004197223318092817,0.12923351158645277,0.03151862464183381
Epidermis 2,pappa,3.5028026,2.0657094,0.00046039030444100374,0.004203421269124328,0.13458110516934046,0.03724928366762178
Epidermis 2,magi2,3.4926665,2.7442222,0.0004782232604680942,0.004362587695097945,0.11853832442067737,0.02148997134670487
Epidermis 2,bcar3,3.4767513,1.3658832,0.0005075281761929306,0.004608727562507673,0.17023172905525846,0.07449856733524356
Epidermis 2,rbm24,3.4739995,1.9048964,0.0005127619994284051,0.004652382365707787,0.13903743315508021,0.04297994269340974
Epidermis 2,lpar1,3.4662483,2.5647976,0.0005277756169950955,0.004776686743446694,0.11675579322638147,0.02005730659025788
Epidermis 2,trit1,3.4651475,2.5855494,0.0005299406476907117,0.004791138049244388,0.12032085561497326,0.024355300859598854
Epidermis 2,slc44a5,3.4651017,2.6636705,0.0005300310366562464,0.004791138049244388,0.12121212121212122,0.025787965616045846
Epidermis 2,LOC100485051,3.4627168,1.9463471,0.0005347511088539214,0.004827453421600251,0.13814616755793227,0.04297994269340974
Epidermis 2,LOC100036702,3.439188,1.3627126,0.000583462002767524,0.0052415497580856904,0.16844919786096257,0.07306590257879657
Epidermis 2,pigh,3.4132283,1.0725206,0.0006419812466077602,0.00572717611701878,0.19518716577540107,0.1017191977077364
Epidermis 2,cdyl,3.39768,1.0476254,0.0006795983488167449,0.006038076371958547,0.20053475935828877,0.10601719197707736
Epidermis 2,nacc1,3.3958454,1.1576006,0.0006841696292151995,0.006061415135649561,0.17914438502673796,0.08452722063037249
Epidermis 2,LOC108648781,3.3838747,1.0364108,0.0007147059986318173,0.0063114526896579865,0.18627450980392157,0.09169054441260745
Epidermis 2,dnah9,3.3826363,1.3955265,0.000717936184340256,0.006331845822727112,0.16131907308377896,0.0673352435530086
Epidermis 2,tdp1,3.3722708,1.0797336,0.0007455108171027549,0.006551667958114867,0.19607843137254902,0.10458452722063037
Epidermis 2,LOC116407553,3.368143,1.6992143,0.0007567632090487295,0.006642530162772457,0.13814616755793227,0.044412607449856735
Epidermis 2,angpt1,3.356218,3.0769966,0.0007901621677870798,0.00691899224048229,0.10873440285204991,0.015759312320916905
Epidermis 2,pnhd,3.3544753,1.2084328,0.0007951565958759802,0.006954353538520947,0.17379679144385027,0.08022922636103152
Epidermis 2,zbtb8os,3.3508978,1.070329,0.0008055002375000911,0.007030728272995795,0.18270944741532977,0.08882521489971347
Epidermis 2,vwa8,3.3417706,1.8235569,0.0008324581010612179,0.007251524240821092,0.13814616755793227,0.045845272206303724
Epidermis 2,esyt1,3.339615,1.1488001,0.0008389460501576874,0.007302210514755044,0.19429590017825313,0.10458452722063037
Epidermis 2,lrrc56,3.3327353,1.3822625,0.0008599673085355035,0.007479213487267127,0.15775401069518716,0.0659025787965616
Epidermis 2,irx3,3.3031065,1.8176522,0.0009562007920341496,0.008269446942054675,0.13636363636363635,0.045845272206303724
Epidermis 2,schip1,3.3017304,1.4810323,0.0009609034386421923,0.008304108488954963,0.15775401069518716,0.0673352435530086
Epidermis 2,LOC100486247,3.296823,1.3119898,0.0009778512126552875,0.008433870083537956,0.1746880570409982,0.08452722063037249
Epidermis 2,fcho1,3.2826047,1.2343262,0.0010285274725722866,0.00883889816529731,0.16666666666666666,0.07593123209169055
Epidermis 2,myo5a,3.2798986,1.2773005,0.0010384434269791294,0.008907183184006125,0.16934046345811052,0.08022922636103152
Epidermis 2,pald1,3.2623324,1.0873787,0.0011049946712969043,0.009448310627887833,0.19162210338680927,0.10315186246418338
Epidermis 2,dck.2,3.2511873,1.3567744,0.0011492413350241825,0.009803594672229354,0.1746880570409982,0.08739255014326648
Epidermis 2,dapk1,3.2439406,1.4982002,0.0011788833091479901,0.010040754367259286,0.14616755793226383,0.055873925501432664
Epidermis 2,zfp64,3.243161,1.3533717,0.0011821143815609722,0.010060420405632596,0.1586452762923351,0.06876790830945559
Epidermis 2,c1orf35,3.2137613,1.0649267,0.0013100848199887217,0.011063220145887731,0.1836007130124777,0.09455587392550144
Epidermis 2,kiaa0586,3.2128441,1.0303743,0.0013142760174675201,0.01109431991379449,0.19875222816399288,0.11174785100286533
Epidermis 2,kiaa1958,3.2113307,2.1633434,0.0013212185534339335,0.0111443023016938,0.12032085561497326,0.03151862464183381
Epidermis 2,mms19,3.1986718,1.1795096,0.0013806223209266184,0.011609464225410303,0.17201426024955438,0.0830945558739255
Epidermis 2,mtmr8,3.1723912,1.8018175,0.0015118921136061097,0.012659630779354919,0.12834224598930483,0.04011461318051576
Epidermis 2,tlcd2,3.1688137,2.277099,0.0015306247068226028,0.012801748458250677,0.11140819964349376,0.022922636103151862
Epidermis 2,zdhhc16,3.1682634,1.3803214,0.0015335255453038396,0.012818207905556328,0.14616755793226383,0.05730659025787966
Epidermis 2,shf,3.1660619,1.0319352,0.001545179606299169,0.012908638663497,0.18983957219251338,0.1017191977077364
Epidermis 2,dgat2,3.1545956,2.3133295,0.001607207408063181,0.013406296961523958,0.11586452762923351,0.02865329512893983
Epidermis 2,gask1a,3.139827,3.9229717,0.001690476235596598,0.01403114565878789,0.0944741532976827,0.0071633237822349575
Epidermis 2,pcca,3.1341398,1.0305352,0.0017235874596368145,0.014275628565327797,0.18538324420677363,0.0988538681948424
Epidermis 2,nfat5,3.134094,1.0103734,0.0017238568933430523,0.014275628565327797,0.20053475935828877,0.1174785100286533
Epidermis 2,c1orf159,3.1334517,1.4264369,0.0017276330344297333,0.014301472095709866,0.13903743315508021,0.05157593123209169
Epidermis 2,slc38a3,3.1246915,1.2225178,0.0017799158632912598,0.014706377907186135,0.15597147950089127,0.06876790830945559
Epidermis 2,mab21l3,3.114968,2.7144775,0.0018396475524500343,0.015171182631145955,0.1051693404634581,0.01862464183381089
Epidermis 2,cspg4,3.1130877,1.1876544,0.0018514098529179485,0.015256651963943563,0.16934046345811052,0.08452722063037249
Epidermis 2,nrarp,3.1115742,1.5933328,0.0018609272145064717,0.015311950508199742,0.13101604278074866,0.044412607449856735
Epidermis 2,rab11b.1,3.089513,1.7721819,0.0020048486749976737,0.01639108390300646,0.12210338680926916,0.03581661891117478
Epidermis 2,plxnb3,3.085798,1.4245127,0.002030066645079871,0.016578624349658632,0.1586452762923351,0.07449856733524356
Epidermis 2,klhl32,3.082725,1.7345368,0.002051145544709771,0.016738237446189946,0.13101604278074866,0.045845272206303724
Epidermis 2,clip2,3.0802026,3.1044235,0.0020685989909096703,0.016861747695420214,0.09982174688057041,0.014326647564469915
Epidermis 2,fam161a,3.0794687,1.7708291,0.0020737018782888434,0.016890723660373592,0.12834224598930483,0.04297994269340974
Epidermis 2,LOC101731252,3.0736437,3.5805256,0.0021146174677211587,0.01719831075778733,0.09536541889483066,0.01002865329512894
Epidermis 2,numbl,3.0629113,1.5272354,0.0021919495582380186,0.01777425912683456,0.13814616755793227,0.05300859598853868
Epidermis 2,znf585a,3.0598385,1.0246005,0.002214564231510888,0.01793098556430393,0.18627450980392157,0.1017191977077364
Epidermis 2,capn2,3.056261,2.4355521,0.0022411610211612214,0.018126158132972206,0.10784313725490197,0.022922636103151862
Epidermis 2,efs,3.0442903,1.158422,0.0023323004622203157,0.0188144652074342,0.16488413547237077,0.08166189111747851
Epidermis 2,med17,3.0431895,1.0374455,0.002340849249510925,0.018862507929681645,0.19340463458110516,0.11174785100286533
Epidermis 2,stmn1,3.0121388,1.3737231,0.002594139355473974,0.02074265843744873,0.14260249554367202,0.05873925501432665
Epidermis 2,zbtb47,3.0115883,1.2191101,0.002598846854163351,0.020765081363858833,0.16488413547237077,0.0830945558739255
Epidermis 2,pnkp,2.9975996,2.2887356,0.002721149149948705,0.021670874306945507,0.10873440285204991,0.025787965616045846
Epidermis 2,cep76,2.9935176,1.0702637,0.002757815791879187,0.021938861973968552,0.18270944741532977,0.1017191977077364
Epidermis 2,rab23,2.9833355,1.2020223,0.002851251730829543,0.022646224797317507,0.1568627450980392,0.07449856733524356
Epidermis 2,scamp5.1,2.9687965,1.5116237,0.00298968630252541,0.02360272966982886,0.13368983957219252,0.05157593123209169
Epidermis 2,soga1,2.9641182,1.0383427,0.0030355171220227623,0.023947223109059546,0.18092691622103388,0.10028653295128939
Epidermis 2,cygb,2.9568257,2.3655276,0.003108238524408222,0.02445902374363931,0.1051693404634581,0.022922636103151862
Epidermis 2,batf2,2.9546242,1.419034,0.0031305022584535423,0.0246237840825946,0.14527629233511585,0.06446991404011461
Epidermis 2,rnf165,2.9524226,2.5499868,0.003152911282608857,0.024739186299103873,0.10338680926916222,0.02148997134670487
Epidermis 2,LOC100488959,2.9324255,1.3545189,0.0033632568094554343,0.02631395727469596,0.1657754010695187,0.08739255014326648
Epidermis 2,LOC101734820,2.9243531,1.4467224,0.003451728605168591,0.026977138213962686,0.1354723707664884,0.054441260744985676
Epidermis 2,itga3,2.9229314,1.2836212,0.0034675293482202773,0.027090926569106576,0.14795008912655971,0.0673352435530086
Epidermis 2,twf2,2.920638,1.6778952,0.0034931531793254015,0.02728135129780228,0.12388591800356506,0.04297994269340974
Epidermis 2,unc119,2.9169688,1.3177848,0.0035345099055152877,0.027584599659602676,0.15240641711229946,0.07306590257879657
Epidermis 2,foxj1,2.916281,2.9483874,0.0035423137076405846,0.0276158726025099,0.09803921568627451,0.017191977077363897
Epidermis 2,slco5a1,2.89078,1.3664615,0.0038428703502375603,0.029831118432064672,0.13992869875222816,0.06017191977077364
Epidermis 2,ankrd50,2.8814235,1.2195443,0.003958832778148171,0.030665846663816557,0.1497326203208556,0.07020057306590258
Epidermis 2,thumpd2,2.8730762,1.8861395,0.004064961824645055,0.03142101734877072,0.11140819964349376,0.03151862464183381
Epidermis 2,LOC100494722,2.8684895,1.6711271,0.004124367552820311,0.03183509882210541,0.12121212121212122,0.04154727793696275
Epidermis 2,xylt1,2.855051,2.1142917,0.004302989773555082,0.033096771183907456,0.11140819964349376,0.0329512893982808
Epidermis 2,birc2,2.8438141,1.2285315,0.004457703047173945,0.034166328834697106,0.14795008912655971,0.06876790830945559
Epidermis 2,LOC116406899,2.8291833,1.2616913,0.004666696424596663,0.03566794489706612,0.15062388591800357,0.07306590257879657
Epidermis 2,LOC100487982,2.8175335,1.3806256,0.004839405492854355,0.036846010907039387,0.12923351158645277,0.050143266475644696
Epidermis 2,rsu1,2.8124425,2.0523036,0.00491668045449445,0.03738218961586181,0.10427807486631016,0.025787965616045846
Epidermis 2,pawr,2.8118005,1.0853095,0.004926505698511333,0.03744384564514657,0.1586452762923351,0.08166189111747851
Epidermis 2,ppp1r3b,2.8062048,1.4376415,0.005012880261189996,0.038060563736752574,0.12923351158645277,0.05157593123209169
Epidermis 2,ttc12,2.787859,1.0168372,0.005305764572816768,0.040116801366401486,0.16488413547237077,0.08739255014326648
Epidermis 2,lrch2,2.7835934,1.3684739,0.005376037079651853,0.04053576541640743,0.13636363636363635,0.06017191977077364
Epidermis 2,sall3,2.7641008,1.1087238,0.0057079897365145665,0.04288780187910952,0.1532976827094474,0.07736389684813753
Epidermis 2,slc38a7,2.7622662,2.0104802,0.00574016506556328,0.04310259528412124,0.10784313725490197,0.03151862464183381
Epidermis 2,cass4,2.7590556,1.0358843,0.005796865668206092,0.043468524311314476,0.1622103386809269,0.08595988538681948
Epidermis 2,fbxw4,2.7515798,1.0388724,0.005930858860842614,0.04439700555830075,0.17023172905525846,0.09598853868194843
Epidermis 2,sox2,2.749791,1.1215466,0.005963329584691822,0.04460946687266378,0.15062388591800357,0.07449856733524356
Epidermis 2,rasal1,2.7339675,1.911896,0.006257621669115815,0.04660326363200554,0.10606060606060606,0.03008595988538682
Epidermis 2,epb41l1,2.7308028,1.0633637,0.006318025712049271,0.04697296049833974,0.15953654188948307,0.08452722063037249
Epidermis 2,gnb4,2.7305276,1.1296723,0.006323302958094761,0.04698018176662777,0.15062388591800357,0.07449856733524356
Epidermis 2,cep83,2.729702,1.013093,0.0063391585078828834,0.0470819529613725,0.16934046345811052,0.09455587392550144
Epidermis 2,dars2,2.7292435,1.7211986,0.006347982599107459,0.047131448892522576,0.12032085561497326,0.045845272206303724
Epidermis 2,psma2,2.7127779,1.0076075,0.006672181251205067,0.0494040268349324,0.1746880570409982,0.1017191977077364
Epidermis 2,LOC116410824,2.7121358,1.0250503,0.00668512040157181,0.0494830435151623,0.1568627450980392,0.08166189111747851
Epidermis 2,galnt4,-2.7318118,-3.7244222,0.006298709707122367,0.04686128350464275,0.0071301247771836,0.0830945558739255
Epidermis 2,ralgps1,-2.7415352,-1.6498677,0.006115279917433304,0.04562103353104688,0.03832442067736185,0.11461318051575932
Epidermis 2,arhgap8,-2.7594225,-1.3884641,0.005790360138939218,0.04343466778679707,0.054367201426024955,0.1303724928366762
Epidermis 2,f3,-2.767128,-4.1677475,0.005655255913693488,0.0425089008931125,0.006238859180035651,0.0830945558739255
Epidermis 2,prrc1,-2.7686872,-1.108039,0.005628261873943468,0.04233516110007598,0.07932263814616755,0.15472779369627507
Epidermis 2,iqsec2,-2.7858868,-1.1731136,0.005338152391699684,0.04030582122466394,0.08110516934046345,0.15616045845272206
Epidermis 2,wdr97,-2.7873545,-3.338113,0.005314032891088006,0.04013759491742173,0.00980392156862745,0.08739255014326648
Epidermis 2,nprl3,-2.7875838,-3.3197522,0.005310273123027519,0.040134446081696126,0.011586452762923352,0.08882521489971347
Epidermis 2,stx5,-2.796986,-1.1612127,0.005158176074485376,0.03910929816586011,0.06684491978609626,0.14469914040114612
Epidermis 2,stambpl1,-2.818451,-2.9423058,0.004825599487787038,0.03676655252199754,0.01693404634581105,0.09455587392550144
Epidermis 2,traf7,-2.8253765,-1.036306,0.0047225090587863505,0.036056637568851274,0.08467023172905526,0.16332378223495703
Epidermis 2,chmp2b,-2.8367052,-2.0109541,0.0045581684753543015,0.03487510319099096,0.03208556149732621,0.11031518624641834
Epidermis 2,fut1,-2.8413374,-2.3624868,0.0044924738586371955,0.034396586690990265,0.0213903743315508,0.10028653295128939
Epidermis 2,derl1,-2.8461533,-1.8953896,0.004425088053778709,0.03395212602725218,0.031194295900178252,0.11031518624641834
Epidermis 2,chmp2a,-2.8672972,-1.0872676,0.004139941539923118,0.031932719810060926,0.0766488413547237,0.15616045845272206
Epidermis 2,wrnip1,-2.8740392,-1.8245645,0.004052585726453295,0.03133645398190551,0.036541889483065956,0.11604584527220631
Epidermis 2,arhgdig,-2.8818822,-1.1733297,0.003953075097267693,0.030632120631206797,0.08912655971479501,0.16475644699140402
Epidermis 2,trabd,-2.9044478,-1.9974322,0.0036790157979838763,0.028620250883353356,0.034759358288770054,0.11461318051575932
Epidermis 2,sertad2,-2.9116027,-1.0388947,0.0035957966285938177,0.02800104207821173,0.07754010695187166,0.15902578796561603
Epidermis 2,adgrg1,-2.915272,-2.7000897,0.0035537876420944294,0.027685540927576774,0.0196078431372549,0.10028653295128939
Epidermis 2,asb1,-2.9533858,-3.6266766,0.003143089403382262,0.024688752293450085,0.008021390374331552,0.09025787965616046
Epidermis 2,LOC116407955,-2.9664114,-3.3599591,0.003012971558046446,0.023777957456828754,0.0106951871657754,0.09312320916905444
Epidermis 2,zfyve27,-2.977098,-1.6978977,0.00290991025329336,0.023031248326845995,0.04367201426024955,0.12607449856733524
Epidermis 2,eps8l2,-2.981455,-4.542589,0.0028688208611650796,0.02275555798309095,0.004456327985739751,0.08739255014326648
Epidermis 2,prr5,-2.9878304,-2.8596072,0.0028096545458744598,0.02233496242095686,0.0142602495543672,0.09742120343839542
Epidermis 2,mtus1,-3.0061765,-2.1481595,0.002645555019979454,0.021115090011328334,0.040106951871657755,0.12177650429799428
Epidermis 2,rab40b,-3.0206697,-2.95472,0.0025221631851023397,0.020219001786230036,0.013368983957219251,0.09742120343839542
Epidermis 2,rundc1,-3.030072,-2.139246,0.0024449541291619212,0.019643352007526614,0.03297682709447415,0.11604584527220631
Epidermis 2,LOC116410876,-3.0318148,-1.6720554,0.00243088209780886,0.019537487387214416,0.04723707664884135,0.1303724928366762
Epidermis 2,eya2,-3.0345209,-3.5483136,0.0024091802519459805,0.01937733957895807,0.0071301247771836,0.09169054441260745
Epidermis 2,cndp2,-3.0428684,-2.9208858,0.0023433480453159228,0.01887567283013612,0.0142602495543672,0.0988538681948424
Epidermis 2,c8g,-3.0537844,-3.116321,0.002259745296797621,0.018256165168982187,0.0142602495543672,0.0988538681948424
Epidermis 2,LOC105948358,-3.056628,-6.929937,0.002238419736814041,0.018117417313434418,0.00089126559714795,0.08595988538681948
Epidermis 2,cpeb3,-3.0677273,-1.5476335,0.002156934140658129,0.017516360209639384,0.049910873440285206,0.1346704871060172
Epidermis 2,osbpl3,-3.0975394,-1.7097276,0.001951344068352318,0.01598959027995341,0.0481283422459893,0.1332378223495702
Epidermis 2,slc35b1,-3.1013005,-1.5285863,0.0019267271595612156,0.015805681710069658,0.0481283422459893,0.1346704871060172
Epidermis 2,alg11,-3.1051073,-2.323788,0.0019021007330596144,0.015617824212460999,0.027629233511586453,0.11318051575931232
Epidermis 2,rtn3,-3.1132252,-1.1899241,0.0018505468595020834,0.015255301481373239,0.08645276292335116,0.17048710601719197
Epidermis 2,scfd1,-3.138818,-1.1007944,0.0016963077758858876,0.014074194668291237,0.09269162210338681,0.17765042979942694
Epidermis 2,flii,-3.1467526,-1.6318592,0.0016509457032929833,0.013729148701050378,0.05080213903743316,0.13753581661891118
Epidermis 2,fam199x,-3.1470737,-1.436271,0.001649133958804413,0.013719310756794166,0.06149732620320856,0.14756446991404013
Epidermis 2,LOC101732788,-3.154137,-4.364846,0.0016097355465355596,0.013422254245683014,0.0053475935828877,0.09312320916905444
Epidermis 2,ddost,-3.1658325,-1.1229028,0.001546398249979843,0.012913875320631518,0.09001782531194295,0.17621776504297995
Epidermis 2,vill,-3.172116,-2.977818,0.0015133255495640818,0.012666772848882943,0.015151515151515152,0.10315186246418338
Epidermis 2,c7orf31,-3.1735837,-2.7411559,0.0015056949995362729,0.012612579879033017,0.0213903743315508,0.10888252148997135
Epidermis 2,mpv17l,-3.1881688,-1.8168478,0.0014317695822255389,0.01202102503029761,0.040998217468805706,0.12893982808022922
Epidermis 2,zmat3,-3.2069733,-2.0186927,0.0013413940180711417,0.011297012299625776,0.031194295900178252,0.12034383954154727
Epidermis 2,otogl2,-3.2120645,-7.4530363,0.001317848260158772,0.011120172809328912,0.00089126559714795,0.09025787965616046
Epidermis 2,ulk2,-3.2361894,-3.1504552,0.0012113697600640268,0.010293340940170221,0.011586452762923352,0.1017191977077364
Epidermis 2,slf1,-3.2809079,-1.2290564,0.0010347356546311537,0.008878870121787811,0.09090909090909091,0.17908309455587393
Epidermis 2,riok3,-3.2825131,-1.3690063,0.0010288621667134948,0.00883889816529731,0.0659536541889483,0.15616045845272206
Epidermis 2,zfhx2,-3.2899432,-1.2023427,0.001002076084914996,0.00862235893096614,0.07575757575757576,0.167621776504298
Epidermis 2,dynlt3,-3.293475,-26.70366,0.0009895720964857829,0.008524853027009975,0.0,0.09169054441260745
Epidermis 2,serinc2,-3.294117,-1.3355684,0.000987314223696028,0.008508761325146535,0.062388591800356503,0.15472779369627507
Epidermis 2,ngly1,-3.2986116,-1.5170108,0.0009716421843105118,0.008386947825885949,0.054367201426024955,0.14613180515759314
Epidermis 2,LOC100127624,-3.3058584,-5.627522,0.0009468593847689524,0.008195723377645105,0.00267379679144385,0.09455587392550144
Epidermis 2,mfsd11,-3.3062253,-1.0105767,0.0009456202708327211,0.008188246003905083,0.1319073083778966,0.2163323782234957
Epidermis 2,gipc1,-3.3164072,-1.9734198,0.0009118282793417537,0.007908189540348333,0.035650623885918005,0.12750716332378223
Epidermis 2,cpeb4,-3.3164072,-1.1672301,0.0009118282793417537,0.007908189540348333,0.08645276292335116,0.17765042979942694
Epidermis 2,tmprss2.1,-3.3271396,-1.1211818,0.0008774236601987098,0.0076249548742317996,0.10249554367201426,0.19197707736389685
Epidermis 2,adipor2,-3.3521361,-2.768226,0.0008019056986622387,0.0070021545620282954,0.01693404634581105,0.11031518624641834
Epidermis 2,serp1,-3.3538332,-1.9358326,0.0007970040221438448,0.006967718256090079,0.0427807486631016,0.1346704871060172
Epidermis 2,grin1,-3.374289,-5.0549283,0.0007400663827043099,0.006506441795725522,0.0035650623885918,0.09742120343839542
Epidermis 2,arrdc1,-3.3781874,-1.298919,0.0007296531560148649,0.006425246778611932,0.07130124777183601,0.16475644699140402
Epidermis 2,LOC100145155,-3.3960748,-4.782677,0.0006835966601827005,0.006058798830969418,0.004456327985739751,0.0988538681948424
Epidermis 2,znf534,-3.3963041,-2.002401,0.0006830241372076707,0.006058646218702676,0.03832442067736185,0.1318051575931232
Epidermis 2,LOC100216133,-3.396396,-26.535263,0.0006827952528426977,0.006058646218702676,0.0,0.09455587392550144
Epidermis 2,s100a10,-3.3966253,-2.1555114,0.0006822233538153209,0.006056466966478486,0.03208556149732621,0.12607449856733524
Epidermis 2,tbx3,-3.402175,-2.7655137,0.0006685184330266347,0.005946897972716754,0.020499108734402853,0.11461318051575932
Epidermis 2,ttf2,-3.4202917,-1.1526321,0.000625540518185234,0.005591937585956571,0.10249554367201426,0.19340974212034384
Epidermis 2,zcchc4,-3.426988,-2.1804888,0.0006103163613428258,0.0054625567353822,0.034759358288770054,0.12893982808022922
Epidermis 2,LOC100490052,-3.4304278,-3.3840585,0.0006026304722657399,0.005402629225682297,0.012477718360071301,0.10744985673352435
Epidermis 2,sdf2,-3.436115,-1.2450994,0.0005901204364104524,0.005297004542539072,0.0855614973262032,0.17908309455587393
Epidermis 2,ntan1,-3.4507918,-3.031431,0.0005589445785069162,0.0050337307666526694,0.0142602495543672,0.11031518624641834
Epidermis 2,kdelr3,-3.471431,-1.3760271,0.0005176922521947093,0.004693212561338077,0.054367201426024955,0.1518624641833811
Epidermis 2,map3k2,-3.4800994,-1.2782148,0.0005012275188292109,0.004559101995986749,0.0855614973262032,0.18051575931232092
Epidermis 2,dnajc5,-3.4862914,-1.7690874,0.0004897673370107152,0.004458578665377896,0.04188948306595366,0.13896848137535817
Epidermis 2,slc19a3.2,-3.489502,-6.212106,0.0004839216745320256,0.004410883400151767,0.0017825311942959,0.0988538681948424
Epidermis 2,derl2,-3.50716,-1.3779867,0.0004529169045106611,0.004142120609106092,0.06684491978609626,0.16475644699140402
Epidermis 2,gramd1b,-3.523075,-4.706151,0.000426570537320468,0.0039225434870922594,0.0053475935828877,0.10315186246418338
Epidermis 2,LOC100486385,-3.5364218,-4.315088,0.0004055865930044844,0.003743783860385302,0.006238859180035651,0.10458452722063037
Epidermis 2,copz1,-3.5374768,-1.5799897,0.00040396987033275704,0.0037320180103857284,0.0570409982174688,0.15472779369627507
Epidermis 2,csrnp1,-3.5396323,-1.2456079,0.0004006848360938383,0.0037079490281610034,0.09269162210338681,0.1876790830945559
Epidermis 2,prickle3,-3.5631151,-5.818812,0.00036647973446380814,0.003410215047221645,0.00267379679144385,0.1017191977077364
Epidermis 2,ptbp3,-3.576416,-3.0980682,0.00034833708780636173,0.0032469301977883893,0.013368983957219251,0.11318051575931232
Epidermis 2,nisch,-3.5777004,-4.1181808,0.00034663058875442136,0.0032351694085586947,0.011586452762923352,0.11031518624641834
Epidermis 2,hes5.10,-3.5779295,-4.911892,0.0003463266809063774,0.0032337160907394353,0.0035650623885918,0.10315186246418338
Epidermis 2,vwf,-3.583571,-4.151129,0.0003389285687586591,0.0031692629236484285,0.008021390374331552,0.10744985673352435
Epidermis 2,mob4,-3.6017795,-1.0032537,0.0003160464816195008,0.0029662151722232803,0.1354723707664884,0.23209169054441262
Epidermis 2,naalad2,-3.6019628,-2.404737,0.00031582347019859893,0.0029662151722232803,0.03297682709447415,0.1318051575931232
Epidermis 2,gdpd3,-3.6125119,-4.2819357,0.00030324526524776424,0.002860836546896439,0.0053475935828877,0.10601719197707736
Epidermis 2,flnb,-3.6403978,-1.3554915,0.00027221718625553975,0.0025893858854760823,0.08110516934046345,0.18051575931232092
Epidermis 2,dlx6,-3.642003,-1.3129948,0.00027052488308001136,0.002574410585996044,0.08110516934046345,0.18051575931232092
Epidermis 2,mpc2,-3.6724114,-4.6850924,0.00024027233660195798,0.0023015727203649365,0.0053475935828877,0.10744985673352435
Epidermis 2,irak2,-3.6874552,-5.467433,0.00022650790049687954,0.002174495775073651,0.0035650623885918,0.10601719197707736
Epidermis 2,mybpc3,-3.6904824,-5.591199,0.00022382921727159897,0.0021525682459601417,0.0017825311942959,0.10458452722063037
Epidermis 2,slc4a1,-3.6954815,-2.7079117,0.00021947034118102856,0.002112510946145225,0.022281639928698752,0.12464183381088825
Epidermis 2,chst4,-3.707544,-4.004643,0.00020927894943640243,0.002021547567796254,0.008912655971479501,0.11174785100286533
Epidermis 2,gns,-3.7117636,-1.8651596,0.00020582007535294882,0.001989898034681744,0.040998217468805706,0.14469914040114612
Epidermis 2,ap1m2,-3.7165337,-2.0123208,0.0002019747278987226,0.001956187544375511,0.040998217468805706,0.14326647564469913
Epidermis 2,ndfip1,-3.7245142,-1.5249527,0.00019569170376506462,0.0019020884934777172,0.06862745098039216,0.17048710601719197
Epidermis 2,ccdc125,-3.7289171,-1.479394,0.00019230429647940523,0.0018716646090442023,0.07308377896613191,0.17478510028653296
Epidermis 2,fzd8,-3.7470798,-1.1627582,0.00017890519955959287,0.0017498387985611277,0.10784313725490197,0.20916905444126074
Epidermis 2,tspo,-3.754831,-1.8096054,0.0001734585015897254,0.0016996129156665461,0.04634581105169341,0.1504297994269341
Epidermis 2,mrpl42,-3.7624445,-1.1378496,0.0001682606166550583,0.0016509059874235733,0.10427807486631016,0.20487106017191978
Epidermis 2,uts2rl2,-3.7711132,-4.378177,0.00016252102392353822,0.001598904987842889,0.0053475935828877,0.11031518624641834
Epidermis 2,trpv6,-3.773223,-6.5043697,0.00016115223057803075,0.0015875859248050605,0.00089126559714795,0.10601719197707736
Epidermis 2,LOC100485144,-3.778635,-4.8469353,0.00015769041702239049,0.0015548859420901865,0.0053475935828877,0.11031518624641834
Epidermis 2,arhgef37,-3.802026,-3.3577404,0.00014351762530228376,0.0014228523860613967,0.015151515151515152,0.12034383954154727
Epidermis 2,tmem208,-3.810511,-1.6432796,0.0001386797905177667,0.0013792760751541418,0.054367201426024955,0.16045845272206305
Epidermis 2,rint1,-3.8145473,-1.178143,0.00013643285352005856,0.0013581666499366777,0.11229946524064172,0.2134670487106017
Epidermis 2,natd1,-3.8184457,-3.2712598,0.00013429511523654935,0.0013374959879400928,0.0142602495543672,0.12034383954154727
Epidermis 2,arhgef16,-3.8291323,-1.4201449,0.00012859587267220496,0.0012848399897345166,0.09090909090909091,0.19340974212034384
Epidermis 2,sec24d,-3.8383512,-3.6337698,0.00012386326268819722,0.0012426759793651271,0.0142602495543672,0.12034383954154727
Epidermis 2,apbb1,-3.8650446,-1.7186698,0.0001110689067058168,0.0011184285247935527,0.06149732620320856,0.166189111747851
Epidermis 2,dennd11,-3.8769696,-1.1170698,0.00010576561370780672,0.001068972420897661,0.1140819964349376,0.2177650429799427
Epidermis 2,serinc1.1,-3.9239812,-1.5375246,8.709756034331646e-05,0.0008876954060025729,0.06862745098039216,0.17621776504297995
Epidermis 2,smap1,-3.9544356,-1.5011487,7.671556366288586e-05,0.0007862894855273989,0.07754010695187166,0.18481375358166188
Epidermis 2,cldn6.1,-3.959343,-1.096548,7.515621473148164e-05,0.0007717570643085463,0.10784313725490197,0.2163323782234957
Epidermis 2,cldn23,-3.9836974,-7.4394917,6.785126705155257e-05,0.0006997081750150892,0.00089126559714795,0.11174785100286533
Epidermis 2,golm1,-3.9985118,-4.3223233,6.374201027053735e-05,0.0006598265683649884,0.006238859180035651,0.1174785100286533
Epidermis 2,ostc,-4.0064006,-1.4931073,6.165106351926972e-05,0.0006400037378943788,0.06506238859180036,0.17621776504297995
Epidermis 2,vegfc,-4.006951,-2.4231098,6.150763338329323e-05,0.0006388186901746033,0.035650623885918005,0.14613180515759314
Epidermis 2,fcgbp,-4.0077767,-7.2193637,6.1293080408854e-05,0.000637500623261012,0.0017825311942959,0.11318051575931232
Epidermis 2,dusp1,-4.012776,-1.1874008,6.000890424094547e-05,0.0006256351167900961,0.10249554367201426,0.2134670487106017
Epidermis 2,LOC116408400,-4.023783,-2.0232985,5.7270593669899514e-05,0.0005993772779236821,0.053475935828877004,0.16332378223495703
Epidermis 2,hhip,-4.041258,-2.5762775,5.316523453322979e-05,0.0005582861322182902,0.03208556149732621,0.14326647564469913
Epidermis 2,lekr1,-4.046808,-1.3500948,5.192087518381957e-05,0.0005457444207062268,0.10071301247771836,0.20916905444126074
Epidermis 2,vps4b,-4.05965,-1.1688263,4.914636215638267e-05,0.000519081688583943,0.11764705882352941,0.22636103151862463
Epidermis 2,gnb5,-4.06153,-4.070309,4.875208859570946e-05,0.0005151667434610054,0.008912655971479501,0.12177650429799428
Epidermis 2,ppp1r1a,-4.1040473,-2.9161859,4.059846317555098e-05,0.0004344772265589495,0.022281639928698752,0.1361031518624642
Epidermis 2,fbxo16,-4.1050563,-1.8278482,4.042165995685702e-05,0.0004327973709119612,0.05080213903743316,0.16475644699140402
Epidermis 2,gopc,-4.110514,-1.4534786,3.947791099719018e-05,0.0004231078074016144,0.06417112299465241,0.17908309455587393
Epidermis 2,rnft2,-4.1200542,-2.0251389,3.787835174693118e-05,0.0004065634596506568,0.04188948306595366,0.15616045845272206
Epidermis 2,id2,-4.125695,-1.9161366,3.6961611714648405e-05,0.0003973100143967206,0.05169340463458111,0.16475644699140402
Epidermis 2,yipf5,-4.1322083,-1.3845519,3.5929460832600915e-05,0.00038716877275465905,0.07754010695187166,0.19197707736389685
Epidermis 2,c5orf15,-4.136749,-2.3417907,3.52261186617536e-05,0.0003801528859140085,0.031194295900178252,0.14613180515759314
Epidermis 2,sertad4,-4.1390424,-1.6673462,3.4875884050350314e-05,0.00037671003173833883,0.059714795008912656,0.17478510028653296
Epidermis 2,cracr2a,-4.192062,-2.7466183,2.7643026593908576e-05,0.0003020523201330391,0.02406417112299465,0.14040114613180515
Epidermis 2,ehd4,-4.2201314,-3.176306,2.4415983935138324e-05,0.0002678638438655874,0.017825311942959002,0.1346704871060172
Epidermis 2,armh4,-4.231781,-3.4484696,2.3184786544778134e-05,0.0002555127410068705,0.016042780748663103,0.1332378223495702
Epidermis 2,spata1,-4.255906,-1.4779247,2.0820396448023892e-05,0.0002302695747046778,0.07754010695187166,0.19484240687679083
Epidermis 2,pard3b,-4.286773,-1.2954578,1.8128706704507373e-05,0.00020224259151280948,0.12566844919786097,0.23782234957020057
Epidermis 2,LOC101730864,-4.2887454,-7.0032005,1.7968505786504037e-05,0.0002007633204133664,0.00089126559714795,0.12034383954154727
Epidermis 2,sfrp2,-4.293057,-1.4636695,1.7622983176981037e-05,0.00019700364544308565,0.09714795008912656,0.21203438395415472
Epidermis 2,ech1,-4.310394,-1.5655318,1.6296403398264867e-05,0.00018264192016103628,0.06417112299465241,0.1833810888252149
Epidermis 2,LOC100489483,-4.315347,-6.6262574,1.5935218707171205e-05,0.00017886955113641093,0.0017825311942959,0.12177650429799428
Epidermis 2,ackr3,-4.3298407,-4.504692,1.4921729573332017e-05,0.00016783869124725666,0.0053475935828877,0.12607449856733524
Epidermis 2,ptger4,-4.33195,-3.7821796,1.4779423073567106e-05,0.0001663237704426549,0.00980392156862745,0.1303724928366762
Epidermis 2,fxyd3,-4.3380046,-1.0213691,1.437821483175548e-05,0.00016205941417548364,0.16310160427807488,0.27507163323782235
Epidermis 2,slc16a12,-4.373137,-1.2632916,1.2247370139986135e-05,0.00013933778093046793,0.11140819964349376,0.23065902578796563
Epidermis 2,zbtb7b,-4.391162,-3.5200987,1.127464199577229e-05,0.0001287409539454459,0.0106951871657754,0.1332378223495702
Epidermis 2,LOC101733000,-4.3912997,-6.9241543,1.1267508337419214e-05,0.0001287268583407459,0.00089126559714795,0.12320916905444126
Epidermis 2,rasa4,-4.402124,-3.6123593,1.0719631560513027e-05,0.0001227245961605219,0.016042780748663103,0.13753581661891118
Epidermis 2,hexdl,-4.412948,-4.770001,1.0197248239850404e-05,0.00011698956563710603,0.006238859180035651,0.12893982808022922
Epidermis 2,hspa13,-4.424506,-1.688374,9.66632128053803e-06,0.00011130807211747777,0.06327985739750445,0.18624641833810887
Epidermis 2,LOC100380178,-4.4423933,-6.196265,8.896372605821356e-06,0.00010265877664284917,0.00267379679144385,0.12607449856733524
Epidermis 2,vapa,-4.487983,-1.2171084,7.190060145894638e-06,8.363235737930004e-05,0.09893048128342247,0.22492836676217765
Epidermis 2,ggt6,-4.498303,-2.2738125,6.849808655023661e-06,8.010164772844121e-05,0.0392156862745098,0.16332378223495703
Epidermis 2,fam184a,-4.4983487,-2.0422423,6.848331379942356e-06,8.010164772844121e-05,0.06417112299465241,0.18624641833810887
Epidermis 2,slc25a23,-4.498899,-1.3280973,6.830627832791976e-06,7.99975581462845e-05,0.10427807486631016,0.22636103151862463
Epidermis 2,helb,-4.505366,-1.7736253,6.625863188828428e-06,7.777458883454821e-05,0.06862745098039216,0.19197707736389685
Epidermis 2,anxa2,-4.527886,-1.5518069,5.957677703484323e-06,7.03476651340538e-05,0.08110516934046345,0.20487106017191978
Epidermis 2,satpa,-4.5356827,-3.5236278,5.741742135784511e-06,6.787137331795983e-05,0.017825311942959002,0.14326647564469913
Epidermis 2,dipk1c,-4.5555882,-4.373542,5.2239185915655735e-06,6.195169977530021e-05,0.008021390374331552,0.1346704871060172
Epidermis 2,txndc12,-4.5839787,-1.1388043,4.5621082188970865e-06,5.442852019931839e-05,0.13903743315508021,0.2607449856733524
Epidermis 2,casd1,-4.585584,-2.3682263,4.52719355397861e-06,5.4041515613439416e-05,0.0374331550802139,0.16475644699140402
Epidermis 2,ppdpf,-4.589345,-1.8707601,4.4463930867589254e-06,5.313512790041977e-05,0.05169340463458111,0.17908309455587393
Epidermis 2,tbc1d8b,-4.6141577,-1.3385668,3.946924081550761e-06,4.740001672180471e-05,0.11942959001782531,0.24068767908309455
Epidermis 2,rai14,-4.615396,-1.1655813,3.923461163672085e-06,4.717016311431877e-05,0.1836007130124777,0.2979942693409742
Epidermis 2,slc35a3.2,-4.6370444,-2.433239,3.534263816366677e-06,4.2759578096422256e-05,0.0427807486631016,0.16905444126074498
Epidermis 2,fam3d,-4.6453004,-6.0421124,3.3958232120370705e-06,4.1143952420800066e-05,0.00267379679144385,0.1318051575931232
Epidermis 2,wipf3,-4.64952,-4.9626794,3.3270880673275416e-06,4.0355969270235846e-05,0.0053475935828877,0.1346704871060172
Epidermis 2,fam219b,-4.6616282,-2.698945,3.137176691069789e-06,3.815849084494641e-05,0.024955436720142603,0.15472779369627507
Epidermis 2,dyrk2,-4.6716266,-2.5677943,2.98823685963011e-06,3.644847205924463e-05,0.031194295900178252,0.16045845272206305
Epidermis 2,ssbp2,-4.6934586,-2.0210774,2.6862457960362262e-06,3.296769938993616e-05,0.057932263814616754,0.18624641833810887
Epidermis 2,mylk4,-4.701072,-2.8644075,2.587991910593926e-06,3.179761907717909e-05,0.027629233511586453,0.15759312320916904
Epidermis 2,msln,-4.721528,-4.059951,2.340795935930425e-06,2.8890558890236313e-05,0.012477718360071301,0.14326647564469913
Epidermis 2,acaca,-4.7822533,-1.2993299,1.7334122462329006e-06,2.16760966332654e-05,0.14171122994652408,0.2664756446991404
Epidermis 2,tecr,-4.7836747,-3.7128181,1.7211896894622645e-06,2.1560321592282477e-05,0.013368983957219251,0.14613180515759314
Epidermis 2,itprid1,-4.8437123,-1.5312086,1.2743546841877762e-06,1.6148486390047306e-05,0.0873440285204991,0.22063037249283668
Epidermis 2,sh3d19,-4.934571,-1.3093915,8.032719866006728e-07,1.0377855547432374e-05,0.13992869875222816,0.2679083094555874
Epidermis 2,cyp2a13l,-4.944111,-2.1387787,7.64922173458124e-07,9.894111883242278e-06,0.040998217468805706,0.17908309455587393
Epidermis 2,selenos,-4.9472756,-2.0024421,7.525945472477182e-07,9.746211047770005e-06,0.053475935828877004,0.19054441260744986
Epidermis 2,slco4c1,-4.9553475,-2.7680607,7.220107202346974e-07,9.361257234843336e-06,0.029411764705882353,0.166189111747851
Epidermis 2,wdfy1,-4.960347,-1.3802847,7.03673846782168e-07,9.139801792043863e-06,0.12121212121212122,0.2507163323782235
Epidermis 2,LOC100495391,-4.984151,-6.75878,6.223450034740896e-07,8.122123397612505e-06,0.0017825311942959,0.14040114613180515
Epidermis 2,tmem63a,-5.008597,-2.4873152,5.48282574090414e-07,7.202934406518317e-06,0.034759358288770054,0.17335243553008595
Epidermis 2,c3orf52,-5.015018,-4.364338,5.302848884415393e-07,6.983311134992654e-06,0.008021390374331552,0.14756446991404013
Epidermis 2,nr1i2,-5.0236406,-2.849416,5.07010586845554e-07,6.684880976167271e-06,0.029411764705882353,0.167621776504298
Epidermis 2,bcl11a,-5.0468025,-1.7700812,4.4926534061744756e-07,5.937867351673728e-06,0.0659536541889483,0.20630372492836677
Epidermis 2,dtna,-5.052031,-1.965262,4.3713647962330915e-07,5.784569509921302e-06,0.0748663101604278,0.21060171919770773
Epidermis 2,pld3,-5.0799627,-3.6994138,3.77508581583904e-07,5.0168177580647805e-06,0.011586452762923352,0.15329512893982808
Epidermis 2,gdf2,-5.1038127,-1.58776,3.3287773260465805e-07,4.442645261875378e-06,0.09001782531194295,0.22779369627507162
Epidermis 2,rrbp1,-5.118673,-1.4892293,3.0769296156240623e-07,4.119121542486667e-06,0.10071301247771836,0.24212034383954154
Epidermis 2,galnt10,-5.1217003,-2.3323472,3.0279325226362367e-07,4.056016916908859e-06,0.04188948306595366,0.1833810888252149
Epidermis 2,hook3,-5.1327996,-1.1771948,2.854641182475138e-07,3.835660421354063e-06,0.1443850267379679,0.2851002865329513
Epidermis 2,znf519,-5.1538515,-1.1387972,2.5519014074980746e-07,3.447990130836872e-06,0.1622103386809269,0.29656160458452724
Epidermis 2,arpc1b,-5.16252,-1.1337669,2.4364743240748155e-07,3.2981579544439547e-06,0.1800356506238859,0.30945558739255014
Epidermis 2,cast,-5.202285,-2.1423542,1.968531501222794e-07,2.683030973652879e-06,0.07040998217468805,0.20916905444126074
Epidermis 2,slc13a3,-5.2186127,-3.854354,1.8026814461360457e-07,2.4646811927402664e-06,0.0142602495543672,0.15902578796561603
Epidermis 2,slc38a10,-5.234528,-1.0767493,1.6540700306590817e-07,2.2714576550668233e-06,0.18983957219251338,0.3223495702005731
Epidermis 2,acsbg1,-5.2390685,-6.675316,1.6138901712776986e-07,2.2176761604188073e-06,0.0017825311942959,0.14756446991404013
Epidermis 2,rilpl1,-5.2400317,-2.1394522,1.6054893301551816e-07,2.207522537701085e-06,0.06951871657754011,0.20916905444126074
Epidermis 2,slc25a16,-5.2778707,-1.2097418,1.3069382038995674e-07,1.8061240371939494e-06,0.13992869875222816,0.2822349570200573
Epidermis 2,dnaja4.1,-5.305894,-2.4484825,1.1212213160350273e-07,1.5583547985477918e-06,0.0374331550802139,0.18481375358166188
Epidermis 2,stoml2,-5.3152046,-1.1227746,1.0653758053153755e-07,1.484518866397625e-06,0.2103386809269162,0.335243553008596
Epidermis 2,cd9,-5.3264875,-2.1925619,1.0013025405623422e-07,1.397021914169493e-06,0.053475935828877004,0.1991404011461318
Epidermis 2,LOC100492479,-5.3322663,-5.7882147,9.699453727379012e-08,1.3558730287324626e-06,0.0035650623885918,0.1518624641833811
Epidermis 2,ugcg,-5.3362565,-1.4040147,9.488510224954072e-08,1.3280871175030325e-06,0.11319073083778966,0.2593123209169054
Epidermis 2,fam221a,-5.338137,-1.2580793,9.390646315892558e-08,1.315232947747699e-06,0.14349376114081996,0.2836676217765043
Epidermis 2,fucolectin,-5.3727193,-4.9828773,7.755802586468759e-08,1.0939842807972513e-06,0.008912655971479501,0.15759312320916904
Epidermis 2,snx33,-5.3922577,-1.6316595,6.957785868322569e-08,9.871641445557008e-07,0.0873440285204991,0.2349570200573066
Epidermis 2,crocc,-5.3990917,-1.4746532,6.697914991268072e-08,9.515312696904986e-07,0.12923351158645277,0.2693409742120344
Epidermis 2,slc35b4,-5.403036,-2.395268,6.55222851847844e-08,9.320480997504436e-07,0.0427807486631016,0.19197707736389685
Epidermis 2,scnn1a,-5.4219785,-4.3420806,5.8943039408548696e-08,8.406510215254518e-07,0.00980392156862745,0.16045845272206305
Epidermis 2,tspan3,-5.500545,-1.8567591,3.786189637390592e-08,5.482312148473796e-07,0.07308377896613191,0.22349570200573066
Epidermis 2,vmp1,-5.5121946,-1.5598433,3.5438641323132023e-08,5.141666172287659e-07,0.10338680926916222,0.2521489971346705
Epidermis 2,rhov,-5.5122867,-2.187906,3.542017090355481e-08,5.141666172287659e-07,0.0570409982174688,0.20773638968481375
Epidermis 2,arhgef28,-5.5140753,-2.972393,3.506185835236963e-08,5.097167295849818e-07,0.0338680926916221,0.18481375358166188
Epidermis 2,cert1,-5.521414,-1.5305794,3.362830746869674e-08,4.895285505499876e-07,0.12032085561497326,0.26504297994269344
Epidermis 2,frrs1,-5.52256,-4.247517,3.34095137787861e-08,4.86668224410475e-07,0.011586452762923352,0.16475644699140402
Epidermis 2,hebp1,-5.552418,-3.6633317,2.8174425610261637e-08,4.13168105673064e-07,0.01871657754010695,0.17191977077363896
Epidermis 2,fam72a,-5.5562253,-1.6358463,2.7567118189894175e-08,4.0480624900516874e-07,0.08110516934046345,0.2349570200573066
Epidermis 2,slc10a7,-5.55728,-1.1732125,2.7401088365516127e-08,4.026391577265504e-07,0.1711229946524064,0.31805157593123207
Epidermis 2,gale,-5.58379,-3.3197563,2.353327606434777e-08,3.467384314653158e-07,0.0213903743315508,0.17621776504297995
Epidermis 2,LOC100135231,-5.5869546,-4.6221848,2.3108590763417187e-08,3.407111885463017e-07,0.008021390374331552,0.16332378223495703
Epidermis 2,LOC100491461,-5.590716,-2.4082592,2.261356029303908e-08,3.3363793046274895e-07,0.04367201426024955,0.1977077363896848
Epidermis 2,MGC75872,-5.609199,-27.28757,2.0326486228823643e-08,3.011162634074411e-07,0.0,0.15616045845272206
Epidermis 2,itsn2,-5.614611,-1.4126732,1.9700453293999226e-08,2.922390151790327e-07,0.1265597147950089,0.27650429799426934
Epidermis 2,kdf1,-5.6255274,-1.7988541,1.8494223506123843e-08,2.758458312557268e-07,0.0855614973262032,0.23782234957020057
Epidermis 2,ppp1r3c.2,-5.642589,-1.846163,1.6751188627630102e-08,2.507048607980223e-07,0.0784313725490196,0.23209169054441262
Epidermis 2,copg1,-5.653046,-1.9615903,1.5762888673940257e-08,2.3639999570725108e-07,0.07308377896613191,0.22636103151862463
Epidermis 2,tmed7,-5.664008,-1.1724017,1.4787753452316941e-08,2.2254039178138482e-07,0.16310160427807488,0.3151862464183381
Epidermis 2,p3h3,-5.670475,-1.6457126,1.4240220280068246e-08,2.1444847945574135e-07,0.09090909090909091,0.24641833810888253
Epidermis 2,arfip2,-5.6838675,-1.2435143,1.3168229880844841e-08,1.9912955248088377e-07,0.17914438502673796,0.3209169054441261
Epidermis 2,hip1r,-5.695242,-1.2736404,1.2319702098819444e-08,1.864273366840077e-07,0.16042780748663102,0.30945558739255014
Epidermis 2,LOC100496344,-5.7025347,-3.87384,1.1803895578305709e-08,1.7887000375986727e-07,0.015151515151515152,0.17335243553008595
Epidermis 2,gulp1,-5.762801,-5.19781,8.272921848235552e-09,1.2695037106212937e-07,0.008021390374331552,0.167621776504298
Epidermis 2,nectin3,-5.766516,-3.0199418,8.092689962186144e-09,1.2427205324761706e-07,0.031194295900178252,0.19054441260744986
Epidermis 2,LOC116408024,-5.7851377,-4.395208,7.245305581161094e-09,1.115736154456713e-07,0.008021390374331552,0.16905444126074498
Epidermis 2,gabbr1,-5.8021994,-2.7002707,6.545071923163894e-09,1.0100425349035313e-07,0.0374331550802139,0.1977077363896848
Epidermis 2,isoc2,-5.811556,-1.8062677,6.189492702797535e-09,9.578788671471278e-08,0.08645276292335116,0.24498567335243554
Epidermis 2,syt16,-5.8184357,-5.704288,5.940098465438703e-09,9.232114573670793e-08,0.004456327985739751,0.166189111747851
Epidermis 2,gmds,-5.8334794,-2.1244178,5.428338038037192e-09,8.466888086348076e-08,0.08288770053475936,0.23782234957020057
Epidermis 2,LOC100216148,-5.8366437,-1.7421613,5.3262770531933025e-09,8.319591379937799e-08,0.08377896613190731,0.24355300859598855
Epidermis 2,parm1,-5.873336,-2.4835668,4.271118467272019e-09,6.705041444197318e-08,0.0481283422459893,0.20916905444126074
Epidermis 2,LOC100497729,-5.875354,-5.804269,4.219408373485121e-09,6.628632837855926e-08,0.004456327985739751,0.167621776504298
Epidermis 2,inpp5a.2,-5.886453,-2.1612532,3.9457123080335735e-09,6.225552297440391e-08,0.06060606060606061,0.22206303724928367
Epidermis 2,prkcd,-5.8945255,-2.6668258,3.757595220907616e-09,5.9459380214231386e-08,0.034759358288770054,0.1991404011461318
Epidermis 2,rin3,-5.896727,-1.1185806,3.7078245945577198e-09,5.87570373840552e-08,0.20053475935828877,0.3524355300859599
Epidermis 2,eif1,-5.909065,-1.8616087,3.4405549968618985e-09,5.476028489170203e-08,0.08021390374331551,0.24068767908309455
Epidermis 2,gal3st4.1,-5.9563518,-5.2305503,2.5793117377612987e-09,4.1354269970381555e-08,0.004456327985739751,0.17048710601719197
Epidermis 2,ndel1,-5.968781,-1.7389029,2.390327284084016e-09,3.84655838244818e-08,0.09893048128342247,0.25787965616045844
Epidermis 2,tfg,-5.979926,-1.482338,2.232387720925026e-09,3.608365367281851e-08,0.12299465240641712,0.2822349570200573
Epidermis 2,dop1b,-5.983091,-2.9074383,2.1894255182088573e-09,3.541545903101221e-08,0.0338680926916221,0.1991404011461318
Epidermis 2,nfxl1,-6.012811,-2.3867457,1.8233313850600566e-09,2.9581348812933456e-08,0.053475935828877004,0.2177650429799427
Epidermis 2,efcab10,-6.0328546,-1.5311415,1.6108854997730448e-09,2.6154116436419354e-08,0.09803921568627451,0.2664756446991404
Epidermis 2,LOC548809,-6.035239,-4.9742618,1.587272132581289e-09,2.578992196951326e-08,0.0071301247771836,0.17478510028653296
Epidermis 2,camk1,-6.059456,-1.4718355,1.3658259257923203e-09,2.2308149346342982e-08,0.12477718360071301,0.28939828080229224
Epidermis 2,fam83h,-6.0851865,-1.4563377,1.1635587672310608e-09,1.9176749138783218e-08,0.12923351158645277,0.29083094555873923
Epidermis 2,mideas,-6.097983,-1.8003051,1.0741535758228799e-09,1.7756897862144745e-08,0.09269162210338681,0.25787965616045844
Epidermis 2,agbl5,-6.115228,-1.0764987,9.64190328842127e-10,1.597539648114203e-08,0.20499108734402852,0.3681948424068768
Epidermis 2,fbp1,-6.1962256,-4.742646,5.783322736534518e-10,9.715002727784428e-09,0.006238859180035651,0.17908309455587393
Epidermis 2,rell1,-6.2095723,-1.6904788,5.312900486226777e-10,8.931648806622073e-09,0.10427807486631016,0.2722063037249284
Epidermis 2,alg9,-6.2391095,-1.0855893,4.400692698021344e-10,7.449768453337761e-09,0.2281639928698752,0.3853868194842407
Epidermis 2,afmid,-6.2472277,-6.804324,4.1780240085251523e-10,7.0838121126672375e-09,0.00267379679144385,0.17621776504297995
Epidermis 2,ralbp1,-6.261079,-1.0121119,3.8232350395252225e-10,6.492358894745516e-09,0.24777183600713013,0.40257879656160456
Epidermis 2,hid1,-6.2630053,-3.0808163,3.776284333909521e-10,6.417624645657295e-09,0.030303030303030304,0.2034383954154728
Epidermis 2,pdia4,-6.2907534,-1.6939793,3.159289483823312e-10,5.3942766687408834e-09,0.11051693404634581,0.2808022922636103
Epidermis 2,arpc1a,-6.309237,-2.1530094,2.8041450398677124e-10,4.799156777643401e-09,0.07308377896613191,0.24355300859598855
Epidermis 2,clic1,-6.355836,-2.8328793,2.0729634806702426e-10,3.5758210364984475e-09,0.036541889483065956,0.21203438395415472
Epidermis 2,scel,-6.4089932,-4.330972,1.4648356901324684e-10,2.5428941602530304e-09,0.008912655971479501,0.1876790830945559
Epidermis 2,ddr1,-6.4148183,-2.3609107,1.4099099159937658e-10,2.453400660039869e-09,0.057932263814616754,0.2335243553008596
Epidermis 2,tab2,-6.431559,-1.2678897,1.263017793407776e-10,2.206590173735074e-09,0.17379679144385027,0.3424068767908309
Epidermis 2,srprb,-6.4371543,-2.021044,1.2173402200479936e-10,2.1297782931160672e-09,0.08199643493761141,0.25644699140401145
Epidermis 2,clta,-6.4776073,-1.4620303,9.318842631834228e-11,1.6385694203807791e-09,0.15597147950089127,0.32521489971346706
Epidermis 2,hcfc2,-6.489899,-1.6695689,8.589379644538157e-11,1.5136642715012593e-09,0.12121212121212122,0.2922636103151863
Epidermis 2,pik3ca,-6.502787,-1.7901862,7.884523479061832e-11,1.394231659940099e-09,0.10071301247771836,0.27507163323782235
Epidermis 2,gclc,-6.517785,-5.4165363,7.135308121983539e-11,1.26482175897484e-09,0.008912655971479501,0.18911174785100288
Epidermis 2,ap1g1,-6.5551195,-1.5509436,5.5597413607194184e-11,9.90360132508232e-10,0.1408199643493761,0.3137535816618911
Epidermis 2,LOC100493594,-6.5598435,-2.0810704,5.3864318234251656e-11,9.602722942725534e-10,0.07754010695187166,0.25501432664756446
Epidermis 2,LOC100494424,-6.590894,-2.1988192,4.371859413596549e-11,7.838812182751872e-10,0.06951871657754011,0.2492836676217765
Epidermis 2,slc43a1,-6.6284575,-1.5272822,3.3921287359361273e-11,6.102196302296969e-10,0.1800356506238859,0.3452722063037249
Epidermis 2,aftph,-6.634695,-1.1996756,3.2517400910912545e-11,5.854473640899527e-10,0.20588235294117646,0.37679083094555876
Epidermis 2,bspry,-6.6356583,-6.044043,3.230575462592673e-11,5.821171525122603e-10,0.00267379679144385,0.1876790830945559
Epidermis 2,acacb,-6.6372633,-1.6134874,3.1956003041782804e-11,5.762908614667295e-10,0.12032085561497326,0.2994269340974212
Epidermis 2,rffl,-6.6501517,-2.3505945,2.927912855220583e-11,5.284531547871658e-10,0.05525846702317291,0.23925501432664756
Epidermis 2,sppl2a,-6.6675344,-1.4587471,2.6013643238650055e-11,4.714648746765638e-10,0.13903743315508021,0.3209169054441261
Epidermis 2,sipa1l3,-6.6777625,-1.8705646,2.426180616412053e-11,4.4044664917410496e-10,0.11051693404634581,0.28653295128939826
Epidermis 2,cyp4f22,-6.6969337,-6.2988544,2.1283781553714306e-11,3.8767395432687806e-10,0.00267379679144385,0.18911174785100288
Epidermis 2,arl1,-6.701566,-1.4492228,2.0619729271013356e-11,3.765214329897761e-10,0.14705882352941177,0.3223495702005731
Epidermis 2,fam49a,-6.709455,-1.9556307,1.9535256893958376e-11,3.5701745450843025e-10,0.08288770053475936,0.2664756446991404
Epidermis 2,LOC100485015,-6.721701,-3.3702145,1.796152190978247e-11,3.2880735704141214e-10,0.026737967914438502,0.21203438395415472
Epidermis 2,hdac7,-6.779766,-1.0137982,1.2037057941234542e-11,2.2335088548952292e-10,0.30303030303030304,0.4684813753581662
Epidermis 2,palm3,-6.7848115,-3.4555967,1.1623835875105408e-11,2.1586699798355328e-10,0.02406417112299465,0.21203438395415472
Epidermis 2,LOC549052,-6.786187,-4.2746997,1.1513571824761992e-11,2.1400140612276953e-10,0.0142602495543672,0.2020057306590258
Epidermis 2,snap23,-6.800772,-1.0974629,1.040597828911506e-11,1.9407594209126474e-10,0.23529411764705882,0.40830945558739257
Epidermis 2,LOC100487011,-6.8148985,-4.7380085,9.433019549898018e-12,1.7623109554651083e-10,0.0142602495543672,0.2020057306590258
Epidermis 2,stt3a,-7.012852,-1.7127659,2.3350823211958326e-12,4.509188613346395e-11,0.11319073083778966,0.3037249283667622
Epidermis 2,plk2,-7.014182,-2.6619835,2.312978180311834e-12,4.470460307580561e-11,0.045454545454545456,0.23925501432664756
Epidermis 2,abo2,-7.036748,-2.4272249,1.967785649496373e-12,3.8236020176011e-11,0.057932263814616754,0.2507163323782235
Epidermis 2,angpt4,-7.087062,-4.4360967,1.3698931207728953e-12,2.6809361245188653e-11,0.012477718360071301,0.20916905444126074
Epidermis 2,chmp4c,-7.1160483,-4.17961,1.1106531143586834e-12,2.179456979174535e-11,0.0142602495543672,0.21203438395415472
Epidermis 2,sacm1l,-7.133202,-1.8985509,9.806054468679103e-13,1.9277289600094298e-11,0.10160427807486631,0.29512893982808025
Epidermis 2,dctn2,-7.1486583,-1.9629841,8.763008149722008e-13,1.727349601039602e-11,0.09536541889483066,0.28796561604584525
Epidermis 2,srpra,-7.1516395,-1.7597399,8.574742801805726e-13,1.691767293654636e-11,0.10427807486631016,0.3008595988538682
Epidermis 2,LOC100497498,-7.17182,-1.9120369,7.400707379453341e-13,1.4614555269416413e-11,0.11853832442067737,0.3037249283667622
Epidermis 2,LOC100486185,-7.1859927,-3.9028537,6.672068815325919e-13,1.323556487447517e-11,0.01693404634581105,0.2163323782234957
Epidermis 2,gch1,-7.2064486,-5.5073113,5.743009964943007e-13,1.1455047572671057e-11,0.008021390374331552,0.20773638968481375
Epidermis 2,nus1,-7.236444,-1.3013293,4.606015453096453e-13,9.229372194859293e-12,0.19607843137254902,0.3853868194842407
Epidermis 2,slc41a2,-7.322762,-1.8988422,2.429184033892274e-13,4.9217478926242624e-12,0.10695187165775401,0.3037249283667622
Epidermis 2,ifrd2,-7.3410163,-2.005504,2.1197802062652073e-13,4.31383420986759e-12,0.08199643493761141,0.2836676217765043
Epidermis 2,zdhhc13,-7.386331,-1.3828704,1.5093587796841255e-13,3.1071432010837082e-12,0.17557932263814616,0.37249283667621774
Epidermis 2,rab3b,-7.389679,-1.7360202,1.4718363911261088e-13,3.0384997058432186e-12,0.14616755793226383,0.335243553008596
Epidermis 2,golga1,-7.3949075,-2.1830978,1.4150656477281228e-13,2.924066998018501e-12,0.0766488413547237,0.2793696275071633
Epidermis 2,LOC100489305,-7.4001365,-2.6416647,1.3604480517498458e-13,2.8138707997377616e-12,0.049019607843137254,0.25358166189111747
Epidermis 2,ogfod2,-7.4139876,-1.1176075,1.2255746279899167e-13,2.542135357164256e-12,0.2878787878787879,0.4684813753581662
Epidermis 2,adam15,-7.434581,-2.803752,1.0490000841260034e-13,2.1862684656841947e-12,0.05258467023172905,0.25358166189111747
Epidermis 2,efnb1,-7.484528,-1.0737941,7.180477759009572e-14,1.5065885113398835e-12,0.3057040998217469,0.4799426934097421
Epidermis 2,prrg2,-7.532732,-1.1759237,4.968951884532399e-14,1.0506540607788903e-12,0.21746880570409982,0.42120343839541546
Epidermis 2,LOC116412277,-7.5491056,-1.1316503,4.382566164284768e-14,9.284657890374555e-13,0.2887700534759358,0.4713467048710602
Epidermis 2,wwc1,-7.597035,-1.4973491,3.029931272874002e-14,6.444067281226472e-13,0.17736185383244207,0.37392550143266473
Epidermis 2,arhgap44,-7.6209307,-1.9131446,2.5185362491514952e-14,5.381218422964096e-13,0.09893048128342247,0.30802292263610315
Epidermis 2,lrrc59,-7.6364326,-1.1858464,2.2332268971716465e-14,4.7822614448658e-13,0.24420677361853832,0.4369627507163324
Epidermis 2,mcu,-7.651614,-1.3810902,1.984720262170666e-14,4.258464192804927e-13,0.22103386809269163,0.41117478510028654
Epidermis 2,tanc2,-7.68982,-1.4652148,1.4734251757334826e-14,3.1739003711431714e-13,0.2620320855614973,0.4283667621776504
Epidermis 2,lgals3,-7.747151,-4.854833,9.397720581879934e-15,2.0486279801918286e-13,0.011586452762923352,0.22636103151862463
Epidermis 2,tmf1,-7.7599015,-1.1202208,8.499541393220558e-15,1.8572129819874862e-13,0.29411764705882354,0.4785100286532951
Epidermis 2,spag1,-7.8227825,-1.7523901,5.166838675839533e-15,1.1399958214913493e-13,0.11586452762923351,0.32951289398280803
Epidermis 2,avl9,-7.832093,-1.0147855,4.798145144023231e-15,1.0607935682647511e-13,0.37433155080213903,0.5544412607449857
Epidermis 2,slc37a1,-7.8394313,-4.105026,4.525912423647111e-15,1.0026389339736407e-13,0.016042780748663103,0.2335243553008596
Epidermis 2,ikzf2,-7.888048,-3.4248753,3.0694901648564428e-15,6.869676398700763e-14,0.0338680926916221,0.2507163323782235
Epidermis 2,ccng2,-7.9490485,-1.3503429,1.8794908862438245e-15,4.2368151475957124e-14,0.24242424242424243,0.4383954154727794
Epidermis 2,erlec1,-7.9579926,-1.3808959,1.7485305482378452e-15,3.9456758110752865e-14,0.2014260249554367,0.41260744985673353
Epidermis 2,lpcat3,-7.960194,-1.2341149,1.7176982199877194e-15,3.888163159580086e-14,0.23440285204991088,0.44269340974212035
Epidermis 2,LOC108647650,-7.969046,-3.7448382,1.5990407290122686e-15,3.642240892252266e-14,0.0374331550802139,0.25358166189111747
Epidermis 2,cab39l,-7.9729443,-4.4092956,1.5493786674420672e-15,3.5365054291059987e-14,0.015151515151515152,0.23638968481375358
Epidermis 2,slc9a1,-7.9735866,-1.1697135,1.541346056956021e-15,3.521854692024852e-14,0.25757575757575757,0.45702005730659023
Epidermis 2,slc39a5,-7.9936295,-3.722297,1.310230741304512e-15,3.003208509034218e-14,0.025846702317290554,0.24641833810888253
Epidermis 2,ttc39a,-8.01592,-4.9516163,1.0931570000535758e-15,2.5188784475363337e-14,0.008912655971479501,0.23209169054441262
Epidermis 2,fhod1,-8.022295,-1.1035461,1.0378737218145741e-15,2.3940214041982896e-14,0.4393939393939394,0.5716332378223495
Epidermis 2,lman1,-8.100311,-1.8796518,5.481861464554514e-16,1.276624322497802e-14,0.11497326203208556,0.333810888252149
Epidermis 2,rab27a,-8.10288,-5.795686,5.3673173770828e-16,1.251284535099613e-14,0.0053475935828877,0.23065902578796563
Epidermis 2,perp,-8.128335,-3.3492424,4.3522673413012995e-16,1.0190002752632582e-14,0.0338680926916221,0.25787965616045844
Epidermis 2,slc44a2,-8.131958,-1.1126508,4.2240973038798205e-16,9.911185727737803e-15,0.3172905525846702,0.505730659025788
Epidermis 2,syt8,-8.140444,-1.9980881,3.938327666277315e-16,9.260587069594535e-15,0.09982174688057041,0.3209169054441261
Epidermis 2,trak1,-8.233825,-1.226402,1.8132911702506488e-16,4.324352636725619e-15,0.34759358288770054,0.5186246418338109
Epidermis 2,paqr5,-8.244512,-4.1235642,1.6583678315428514e-16,3.9678996109755e-15,0.01693404634581105,0.24641833810888253
Epidermis 2,prss8,-8.313126,-4.5060225,9.32140713055456e-17,2.2575185904087797e-15,0.0142602495543672,0.24498567335243554
Epidermis 2,sytl5,-8.319547,-4.8595004,8.830064485852026e-17,2.140898190508634e-15,0.013368983957219251,0.24355300859598855
Epidermis 2,abr,-8.374676,-2.4316924,5.537597782603908e-17,1.3516322283467548e-15,0.09180035650623886,0.3137535816618911
Epidermis 2,nexn,-8.397104,-2.3704853,4.576244991520547e-17,1.1245297518014623e-15,0.0873440285204991,0.3123209169054441
Epidermis 2,rspo2,-8.4063225,-1.9761955,4.2306529290902836e-17,1.0407787775161114e-15,0.14616755793226383,0.36103151862464183
Epidermis 2,tpm1,-8.445583,-1.5695478,3.0253083290229756e-17,7.484722567756276e-16,0.19429590017825313,0.40830945558739257
Epidermis 2,cnksr1,-8.480349,-2.5751417,2.2451934743070302e-17,5.60553395913658e-16,0.06149732620320856,0.29512893982808025
Epidermis 2,slc25a19,-8.483881,-2.6447527,2.1780515532050318e-17,5.444130921247078e-16,0.059714795008912656,0.2922636103151863
Epidermis 2,golga2,-8.590609,-1.2823833,8.650990191967694e-18,2.1798297572624372e-16,0.2878787878787879,0.4899713467048711
Epidermis 2,sidt1,-8.615743,-3.6837475,6.94897344233318e-18,1.7590899012198646e-16,0.025846702317290554,0.26504297994269344
Epidermis 2,nectin4,-8.616843,-2.208224,6.882520567088028e-18,1.7442913042326114e-16,0.09001782531194295,0.3237822349570201
Epidermis 2,mst1,-8.632851,-2.1370478,5.984177571804072e-18,1.520148297955025e-16,0.10427807486631016,0.33810888252148996
Epidermis 2,itpka,-8.648536,-1.4991329,5.2164273334814884e-18,1.3313176706888839e-16,0.24509803921568626,0.45702005730659023
Epidermis 2,slc39a11,-8.648857,-1.363692,5.201774674569004e-18,1.329132613275998e-16,0.2709447415329768,0.47564469914040114
Epidermis 2,akt2,-8.734488,-1.0690222,2.447642215310346e-18,6.298349148618757e-17,0.36185383244206776,0.5702005730659025
Epidermis 2,eps8l1,-8.747559,-3.4397974,2.1801813274680415e-18,5.616733972453381e-17,0.03832442067736185,0.27793696275071633
Epidermis 2,LOC100496743,-8.792919,-1.0128671,1.4572338929428817e-18,3.785511997369836e-17,0.40819964349376114,0.5916905444126075
Epidermis 2,med13l,-8.797185,-1.0009787,1.4029147554438688e-18,3.648748853222963e-17,0.4304812834224599,0.6088825214899714
Epidermis 2,anxa9,-8.797505,-5.7810907,1.3989080960704287e-18,3.642669876414419e-17,0.006238859180035651,0.2507163323782235
Epidermis 2,impact,-8.8117695,-3.7619748,1.2318557305895422e-18,3.2153497484682295e-17,0.024955436720142603,0.2693409742120344
Epidermis 2,frk,-8.848828,-5.742367,8.844271349371213e-19,2.3223928413312785e-17,0.006238859180035651,0.2521489971346705
Epidermis 2,neurl1b,-8.859102,-3.8291748,8.066130870516029e-19,2.1206149605485574e-17,0.025846702317290554,0.2707736389684814
Epidermis 2,rassf3,-8.878137,-1.5049993,6.798989357041206e-19,1.7961349486682342e-17,0.232620320855615,0.4512893982808023
Epidermis 2,uba5,-8.898729,-2.5411785,5.648948264184957e-19,1.5050757029643462e-17,0.06862745098039216,0.3123209169054441
Epidermis 2,sgsm3,-8.910425,-4.724768,5.083718480448166e-19,1.3577946262161497e-17,0.013368983957219251,0.2607449856733524
Epidermis 2,ctf1,-8.915608,-1.4457924,4.851468231235856e-19,1.2973515719828137e-17,0.22638146167557932,0.4512893982808023
Epidermis 2,kif5a,-8.925011,-4.2020597,4.456575513461061e-19,1.1946797823001698e-17,0.031194295900178252,0.27507163323782235
Epidermis 2,lpcat4,-8.958767,-3.3834085,3.283291238766978e-19,8.830580751942436e-18,0.0392156862745098,0.2851002865329513
Epidermis 2,sh3bgrl2,-8.979452,-2.4833791,2.7211838852031967e-19,7.348880390967692e-18,0.08912655971479501,0.32808022922636104
Epidermis 2,dennd3,-9.033573,-1.3507245,1.6615631879934986e-19,4.498383415037982e-18,0.2709447415329768,0.4871060171919771
Epidermis 2,kdelr1,-9.041141,-1.0403537,1.5504551913077164e-19,4.208020239990756e-18,0.3948306595365419,0.6002865329512894
Epidermis 2,tmem184b,-9.066596,-1.6758571,1.227936160069097e-19,3.340996876417427e-18,0.17736185383244207,0.41260744985673353
Epidermis 2,esyt3,-9.068201,-2.4353278,1.2099828639203932e-19,3.2962591852193385e-18,0.0855614973262032,0.32808022922636104
Epidermis 2,arhgef3.2,-9.097967,-1.2218947,9.20381920544299e-20,2.5199063849682746e-18,0.3181818181818182,0.5286532951289399
Epidermis 2,LOC100490565,-9.100994,-2.6275125,8.95084997291871e-20,2.453724839937929e-18,0.07575757575757576,0.3209169054441261
Epidermis 2,cfap61,-9.103333,-3.850344,8.760091565691497e-20,2.4044523025780396e-18,0.02406417112299465,0.27650429799426934
Epidermis 2,rc3h1,-9.1091585,-1.1182297,8.302350752930249e-20,2.2816825664948483e-18,0.3805704099821747,0.5616045845272206
Epidermis 2,ankib1,-9.145117,-1.1597102,5.956560394349288e-20,1.6494683295062918e-18,0.3689839572192513,0.5702005730659025
Epidermis 2,LOC733461,-9.15218,-7.6824446,5.579614808281636e-20,1.5490174902228192e-18,0.0017825311942959,0.25644699140401145
Epidermis 2,LOC100493455,-9.158692,-2.4005923,5.252985631622983e-20,1.4601961715623583e-18,0.08823529411764706,0.336676217765043
Epidermis 2,hagh,-9.201806,-4.702536,3.519843621975608e-20,9.8218040505281e-19,0.0142602495543672,0.2693409742120344
Epidermis 2,atp6ap2,-9.264182,-2.7712958,1.9657809104527442e-20,5.542029101678209e-19,0.0659536541889483,0.31805157593123207
Epidermis 2,hes4,-9.274089,-1.7008116,1.7914340676850172e-20,5.057035289903592e-19,0.1657754010695187,0.4140401146131805
Epidermis 2,rab11fip1,-9.286931,-2.208459,1.5880087708205916e-20,4.488593184983954e-19,0.10427807486631016,0.35673352435530087
Epidermis 2,LOC101731022,-9.298077,-1.4904625,1.4300951943147706e-20,4.0474847256994307e-19,0.22370766488413546,0.45415472779369626
Epidermis 2,pik3r6,-9.332063,-6.6627116,1.0383058874766418e-20,2.950113642008828e-19,0.004456327985739751,0.2636103151862464
Epidermis 2,gpa33,-9.338162,-1.5501925,9.802051039074703e-21,2.792304905008474e-19,0.21479500891265596,0.4455587392550143
Epidermis 2,depdc7,-9.346556,-1.2984979,9.054841091464926e-21,2.582819443880473e-19,0.2914438502673797,0.5157593123209169
Epidermis 2,syngr2,-9.417233,-3.8089006,4.631287261862137e-21,1.3385340310078634e-19,0.0285204991087344,0.28796561604584525
Epidermis 2,stk24,-9.476262,-2.0353513,2.635555305178483e-21,7.637510267503278e-20,0.13101604278074866,0.38108882521489973
Epidermis 2,tfcp2l1,-9.489287,-1.1280708,2.3261855758124042e-21,6.767959393306996e-20,0.44028520499108736,0.6074498567335244
Epidermis 2,cope,-9.513229,-1.2912138,1.8483405667576936e-21,5.406520041182256e-20,0.31194295900178254,0.5329512893982808
Epidermis 2,hacl1,-9.518183,-5.498269,1.762341465478766e-21,5.161886324592235e-20,0.0071301247771836,0.2722063037249284
Epidermis 2,znf850,-9.530795,-2.3736246,1.560826563293947e-21,4.5777952201125297e-20,0.09001782531194295,0.34813753581661894
Epidermis 2,rnf31,-9.60551,-2.2078667,7.578217149518057e-22,2.243748662410224e-20,0.11140819964349376,0.36962750716332377
Epidermis 2,depdc1b,-9.616058,-1.1095555,6.840215365036851e-22,2.0334701098177634e-20,0.4233511586452763,0.6246418338108882
Epidermis 2,rgl3,-9.619498,-1.2564919,6.615298624712345e-22,1.9693373982243943e-20,0.3155080213903743,0.5501432664756447
Epidermis 2,LOC100492852,-9.667427,-5.5499835,4.146710876986068e-22,1.2429310171251785e-20,0.00980392156862745,0.27793696275071633
Epidermis 2,enc1,-9.6912775,-2.6886222,3.283962551725282e-22,9.870433449200742e-21,0.06684491978609626,0.332378223495702
Epidermis 2,ints8,-9.732097,-1.0210305,2.200099617559364e-22,6.649359245812033e-21,0.44563279857397503,0.6547277936962751
Epidermis 2,dhfr,-9.750627,-6.3430257,1.8333344326033545e-22,5.57175357295791e-21,0.006238859180035651,0.27650429799426934
Epidermis 2,dst,-9.782502,-2.5962873,1.33859009177184e-22,4.090948794475254e-21,0.09269162210338681,0.3524355300859599
Epidermis 2,pick1,-9.891845,-1.5364596,4.5162736857796564e-23,1.3860704373754975e-21,0.22281639928698752,0.47564469914040114
Epidermis 2,ildr1,-9.896752,-1.9146628,4.3001249193325844e-23,1.3234559360332344e-21,0.14527629233511585,0.4068767908309456
Epidermis 2,b4galt3l2,-9.900468,-2.1018164,4.143339350645209e-23,1.2770029374354395e-21,0.12834224598930483,0.3868194842406877
Epidermis 2,LOC100496053,-9.986739,-4.675812,1.7421808215245772e-23,5.430875386641115e-22,0.017825311942959002,0.29369627507163326
Epidermis 2,vtcn1,-9.989675,-5.9888687,1.6913557326717008e-23,5.279981894510612e-22,0.006238859180035651,0.2836676217765043
Epidermis 2,tmed10l,-10.040769,-5.814885,1.0088507725010564e-23,3.1629501015439014e-22,0.008021390374331552,0.28653295128939826
Epidermis 2,slco2b1,-10.105255,-2.6898735,5.2359332409077516e-24,1.6558449166644643e-22,0.08199643493761141,0.3524355300859599
Epidermis 2,vgll1,-10.184326,-7.0361524,2.329686736273879e-24,7.432177525180164e-23,0.0035650623885918,0.28653295128939826
Epidermis 2,hyou1,-10.24895,-2.3131433,1.1963631243907504e-24,3.8561063127519296e-23,0.10695187165775401,0.3825214899713467
Epidermis 2,ccdc186,-10.253399,-2.0711558,1.1425397264495248e-24,3.688070912848385e-23,0.14616755793226383,0.40830945558739257
Epidermis 2,dlx5,-10.318619,-1.0014051,5.805226385482838e-25,1.885057216631265e-23,0.5231729055258467,0.7249283667621776
Epidermis 2,acsl4,-10.322839,-1.2776593,5.55560848464355e-25,1.806690502882368e-23,0.3582887700534759,0.5830945558739254
Epidermis 2,capn1,-10.323389,-2.151143,5.523843807317909e-25,1.799041727156479e-23,0.15418894830659535,0.4154727793696275
Epidermis 2,galnt1,-10.340221,-1.1116726,4.634666612981586e-25,1.5117049351550253e-23,0.47237076648841353,0.670487106017192
Epidermis 2,erbin,-10.34389,-1.236477,4.460535143783215e-25,1.4570858888097835e-23,0.4982174688057041,0.6532951289398281
Epidermis 2,mfsd1,-10.346275,-2.5090966,4.350842486103179e-25,1.4233843161807716e-23,0.10427807486631016,0.37822349570200575
Epidermis 2,tmprss11f,-10.347926,-6.189884,4.276471526709947e-25,1.4011544321972635e-23,0.006238859180035651,0.29369627507163326
Epidermis 2,slain2,-10.3746195,-1.9514093,3.234970776774266e-25,1.0631068873492659e-23,0.16666666666666666,0.4340974212034384
Epidermis 2,rab25,-10.416953,-6.155602,2.0749369191417025e-25,6.860181592816833e-24,0.0053475935828877,0.29512893982808025
Epidermis 2,sec61b,-10.470019,-1.5958401,1.1861900420027147e-25,3.933716247194717e-24,0.22905525846702318,0.49140401146131807
Epidermis 2,plxna2,-10.48309,-1.193158,1.0331124165726326e-25,3.431285546732331e-24,0.5855614973262032,0.7349570200573066
Epidermis 2,LOC100497952,-10.682145,-5.2442927,1.2338740694929152e-26,4.174320320993007e-25,0.0142602495543672,0.30945558739255014
Epidermis 2,copb2,-10.784195,-1.2600844,4.088091007569844e-27,1.4048225807272686e-25,0.3770053475935829,0.6189111747851003
Epidermis 2,calcrl,-10.81896,-5.008634,2.799352976299392e-27,9.634807775367355e-26,0.01871657754010695,0.3166189111747851
Epidermis 2,fam3b,-10.828087,-3.9632394,2.5339290216638644e-27,8.748871073058099e-26,0.030303030303030304,0.32808022922636104
Epidermis 2,rhof,-10.833775,-2.555217,2.3813230411555702e-27,8.235000012845593e-26,0.09714795008912656,0.38968481375358166
Epidermis 2,herpud1,-10.849323,-1.6006336,2.009083265444371e-27,6.958762846866924e-26,0.23975044563279857,0.5200573065902578
Epidermis 2,atg2a,-10.927064,-2.3788283,8.557243627881464e-28,2.9876418112640224e-26,0.12121212121212122,0.40830945558739257
Epidermis 2,LOC100486856,-10.967884,-5.4197674,5.4533758551944275e-28,1.9327675398535742e-26,0.0106951871657754,0.3151862464183381
Epidermis 2,gprc5cl2,-10.97192,-4.0049067,5.215301683077398e-28,1.8564942581799657e-26,0.026737967914438502,0.330945558739255
Epidermis 2,anxa7,-10.97669,-1.8901982,4.947202242795912e-28,1.7639362767981959e-26,0.18181818181818182,0.4656160458452722
Epidermis 2,ssr4,-10.985312,-1.322461,4.496792974944126e-28,1.6059659493658885e-26,0.32174688057041,0.5931232091690545
Epidermis 2,ezr,-11.029435,-1.9186672,2.755918381573311e-28,9.939982645340698e-27,0.1925133689839572,0.47564469914040114
Epidermis 2,trpv5,-11.053698,-2.9117777,2.1036859006275377e-28,7.612691548522968e-27,0.07130124777183601,0.37106017191977075
Epidermis 2,rbm47,-11.07053,-1.2583456,1.7436675759402457e-28,6.341428362432017e-27,0.375222816399287,0.6318051575931232
Epidermis 2,stim1,-11.151665,-1.2878916,7.027887563512589e-29,2.5817430054445826e-27,0.40998217468805703,0.6203438395415473
Epidermis 2,lasp1,-11.172809,-2.3296995,5.54008267921105e-29,2.038619631417611e-27,0.12834224598930483,0.4197707736389685
Epidermis 2,kiaa1324,-11.319164,-3.699458,1.054729325101693e-29,3.947727033112186e-28,0.049910873440285206,0.35673352435530087
Epidermis 2,atp13a2,-11.392136,-3.458469,4.576358039012496e-30,1.7276939233441465e-28,0.0481283422459893,0.35959885386819485
Epidermis 2,ipo4,-11.41039,-2.258117,3.710640034970311e-30,1.4081717600536898e-28,0.12299465240641712,0.42550143266475643
Epidermis 2,exoc4,-11.480838,-2.6827698,1.6467632710135342e-30,6.304214269611637e-29,0.2887700534759358,0.5143266475644699
Epidermis 2,rhbdl2,-11.532482,-4.6969433,9.049630940084045e-31,3.49507958838184e-29,0.01871657754010695,0.33810888252148996
Epidermis 2,entpd4,-11.634761,-1.2567046,2.7435707968857367e-31,1.0690617564079224e-29,0.410873440285205,0.667621776504298
Epidermis 2,galnt6.3,-11.739196,-3.932574,8.024588033712722e-32,3.177940752879225e-30,0.029411764705882353,0.3553008595988539
Epidermis 2,abo.1,-11.757083,-4.2211337,6.493917231454856e-32,2.5811250984986597e-30,0.029411764705882353,0.3524355300859599
Epidermis 2,krt12.4,-11.886009,-5.2217126,1.399338112084441e-32,5.613043555844593e-31,0.016042780748663103,0.3438395415472779
Epidermis 2,rasa1,-11.926142,-1.436734,8.649023512380992e-33,3.488546064023394e-31,0.3841354723707665,0.6203438395415473
Epidermis 2,arhgap29,-11.956229,-1.0543324,6.0235763261887185e-33,2.4412929521727785e-31,0.6114081996434938,0.7965616045845272
Epidermis 2,cpne1,-11.971272,-3.670011,5.025180303141399e-33,2.045792152888964e-31,0.04723707664884135,0.37249283667621774
Epidermis 2,frmd4b,-12.036401,-3.017218,2.2871781687135446e-33,9.434501856237856e-32,0.07397504456327986,0.3997134670487106
Epidermis 2,selenow2,-12.057407,-2.5240624,1.772762340936301e-33,7.326410424539968e-32,0.10338680926916222,0.4283667621776504
Epidermis 2,LOC100497338,-12.063599,-4.725617,1.644368579012713e-33,6.808684395187176e-32,0.017825311942959002,0.3524355300859599
Epidermis 2,pgap6,-12.090797,-2.1494727,1.1813516806821375e-33,4.9195181343826194e-32,0.1622103386809269,0.47707736389684813
Epidermis 2,LOC100495090,-12.102997,-3.4312003,1.018245254931875e-33,4.248399561733928e-32,0.0570409982174688,0.3853868194842407
Epidermis 2,mmel1,-12.115014,-4.044594,8.79494521193557e-34,3.6835796443310187e-32,0.0427807486631016,0.37106017191977075
Epidermis 2,fzd3,-12.120472,-1.5932481,8.228426504478306e-34,3.452932591427329e-32,0.3155080213903743,0.5830945558739254
Epidermis 2,LOC100496311,-12.124508,-5.5975275,7.83294384594425e-34,3.293307662087658e-32,0.00980392156862745,0.3467048710601719
Epidermis 2,dsc3,-12.1734,-3.1609907,4.30759130609865e-34,1.8216269358600514e-32,0.06951871657754011,0.3997134670487106
Epidermis 2,ssr2,-12.1839485,-1.0767248,3.7850221820115015e-34,1.6068671018224315e-32,0.5668449197860963,0.7979942693409742
Epidermis 2,marchf8,-12.186242,-2.2431905,3.6800359539278473e-34,1.5653423889017457e-32,0.20320855614973263,0.502865329512894
Epidermis 2,creb3l4,-12.233483,-7.180101,2.059159770652769e-34,8.827686710297459e-33,0.004456327985739751,0.3438395415472779
Epidermis 2,tnk2l,-12.288934,-3.2000833,1.0386689084313183e-34,4.479208349976245e-33,0.0570409982174688,0.3968481375358166
Epidermis 2,slc6a9,-12.292832,-4.618884,9.897633034478582e-35,4.276757434561527e-33,0.031194295900178252,0.3667621776504298
Epidermis 2,acy3,-12.358465,-2.6772017,4.384481557192416e-35,1.90965612893205e-33,0.10427807486631016,0.4326647564469914
Epidermis 2,esyt2,-12.402495,-2.2125046,2.5330959673711493e-35,1.105493742080117e-33,0.17736185383244207,0.4828080229226361
Epidermis 2,scamp2,-12.414558,-2.2898068,2.1788659739314674e-35,9.547195666096095e-34,0.13279857397504458,0.4684813753581662
Epidermis 2,rad54b,-12.4594145,-2.6211462,1.2428036715572933e-35,5.456583283108993e-34,0.11140819964349376,0.44126074498567336
Epidermis 2,mylk,-12.463863,-2.142593,1.1753625348958925e-35,5.170884248782918e-34,0.20231729055258468,0.501432664756447
Epidermis 2,arhgap27,-12.470789,-2.237053,1.0775437500047293e-35,4.750117609869333e-34,0.14884135472370766,0.4785100286532951
Epidermis 2,nt5dc2,-12.471981,-1.0819969,1.0615368466113757e-35,4.689027435203812e-34,0.6443850267379679,0.832378223495702
Epidermis 2,traf3ip1,-12.476109,-2.5797343,1.0079312071955316e-35,4.461271170834421e-34,0.10962566844919786,0.4455587392550143
Epidermis 2,pkp3,-12.512984,-2.4799697,6.339678515542178e-36,2.817477085288103e-34,0.14527629233511585,0.46275071633237824
Epidermis 2,LOC108648340,-12.52445,-4.8553014,5.48699463418687e-36,2.4435042839304427e-34,0.0213903743315508,0.3667621776504298
Epidermis 2,suco,-12.578893,-2.1162283,2.758705213680417e-36,1.2335595587647619e-34,0.20231729055258468,0.5157593123209169
Epidermis 2,LOC116407738,-12.579397,-1.8836151,2.7411442964125218e-36,1.2282240183165838e-34,0.23707664884135474,0.5386819484240688
Epidermis 2,mfge8,-12.610402,-1.3437225,1.8504746719270327e-36,8.325609858993768e-35,0.43404634581105167,0.7091690544412608
Epidermis 2,spdef,-12.649387,-5.8403406,1.1275118029823335e-36,5.10444710640612e-35,0.0106951871657754,0.36103151862464183
Epidermis 2,clcn3,-12.724468,-4.0944257,4.324100680195025e-37,1.9698580572554412e-35,0.040106951871657755,0.3868194842406877
Epidermis 2,copa,-12.775424,-1.1411438,2.249186779585963e-37,1.031082031877002e-35,0.5650623885918004,0.7750716332378224
Epidermis 2,tbc1d30,-12.863852,-4.232009,7.190248970509214e-38,3.32411912681105e-36,0.0374331550802139,0.38825214899713467
Epidermis 2,creb3l2,-12.892058,-1.0681953,4.989386018119814e-38,2.3164551553487756e-36,0.661319073083779,0.829512893982808
Epidermis 2,sgk1,-12.92155,-2.7551208,3.4021833336311174e-38,1.5897011246930323e-36,0.09714795008912656,0.4498567335243553
Epidermis 2,fam3a,-12.965764,-3.66886,1.9131515958233307e-38,8.997172623375194e-37,0.05169340463458111,0.4040114613180516
Epidermis 2,ssr3,-12.966314,-1.4201641,1.8994677677446417e-38,8.952113641459141e-37,0.4001782531194296,0.6819484240687679
Epidermis 2,fes,-12.99021,-5.5268984,1.3904528320494497e-38,6.581577277256191e-37,0.020499108734402853,0.37679083094555876
Epidermis 2,elovl1,-13.004658,-3.951742,1.1511374581119399e-38,5.472542586810598e-37,0.03832442067736185,0.3954154727793696
Epidermis 2,mpc1,-13.072537,-3.0181239,4.726222278769893e-39,2.2566935742896683e-37,0.0677361853832442,0.4297994269340974
Epidermis 2,fastkd3,-13.094553,-3.182737,3.537519286898698e-39,1.692811586829309e-37,0.1354723707664884,0.46275071633237824
Epidermis 2,hspa5,-13.206738,-2.0844562,8.022578572125961e-40,3.8644743272044286e-38,0.20588235294117646,0.5329512893982808
Epidermis 2,mfsd6,-13.212885,-2.4482555,7.393590568865714e-40,3.5693703496287335e-38,0.14795008912655971,0.4899713467048711
Epidermis 2,gata2,-13.290488,-1.0057898,2.6285796385020207e-40,1.2803177743694776e-38,0.8083778966131907,0.8968481375358166
Epidermis 2,klf8,-13.374054,-2.6272805,8.573740589144199e-41,4.2231962391809385e-39,0.1140819964349376,0.4713467048710602
Epidermis 2,e2f8,-13.513621,-1.0669694,1.299676149352686e-41,6.519593851729876e-40,0.6559714795008913,0.8595988538681948
Epidermis 2,LOC394967,-13.560082,-6.1164827,6.905825374248309e-42,3.4721662555638787e-40,0.011586452762923352,0.3868194842406877
Epidermis 2,syne4,-13.582098,-4.8058763,5.1140410752144336e-42,2.5772168661028675e-40,0.020499108734402853,0.3968481375358166
Epidermis 2,slc35e1,-13.63897,-2.15018,2.3485276493798967e-42,1.186278283266637e-40,0.18716577540106952,0.5358166189111748
Epidermis 2,slc35d1,-13.646446,-1.9250324,2.119655347248375e-42,1.0731554369444732e-40,0.24598930481283424,0.5830945558739254
Epidermis 2,zmynd11,-13.67869,-2.4409177,1.3612380007708232e-42,6.907808003446543e-41,0.1746880570409982,0.5128939828080229
Epidermis 2,mpzl2,-13.791701,-4.1013823,2.8593755139132347e-43,1.4612279411967377e-41,0.05525846702317291,0.4269340974212034
Epidermis 2,b4galt6,-13.869213,-4.0941834,9.733917457239658e-44,4.997736772574743e-42,0.040106951871657755,0.4197707736389685
Epidermis 2,sh3bp4,-13.930397,-2.107279,4.1404912424783507e-44,2.151182366717145e-42,0.2192513368983957,0.5601719197707736
Epidermis 2,rap1gap2,-13.944523,-1.6812191,3.3971083721660226e-44,1.769171880406558e-42,0.44028520499108736,0.7063037249283668
Epidermis 2,slc17a9,-14.03185,-1.728583,9.952092687316035e-45,5.207784521101276e-43,0.31194295900178254,0.6275071633237822
Epidermis 2,LOC100496572,-14.04827,-1.0256141,7.89391116284345e-45,4.140697968375166e-43,0.7869875222816399,0.9068767908309455
Epidermis 2,mdm2,-14.059415,-1.3915801,6.744137882037359e-45,3.5461164511792097e-43,0.5641711229946524,0.7865329512893983
Epidermis 2,LOC105945479,-14.104638,-1.9897346,3.556097611834446e-45,1.8834370385397925e-43,0.37254901960784315,0.673352435530086
Epidermis 2,cmtm4,-14.157933,-4.1601458,1.6682919082716755e-45,8.857371710558694e-44,0.0481283422459893,0.43123209169054444
Epidermis 2,fam174b,-14.243151,-3.6306348,4.944679660819357e-46,2.631654997042419e-44,0.05614973262032086,0.44269340974212035
Epidermis 2,tp53bp2,-14.292043,-1.0504441,2.4530826675614312e-46,1.3119783551190684e-44,0.7638146167557932,0.9040114613180515
Epidermis 2,kcnk5,-14.345154,-3.754652,1.1424632153639955e-46,6.140317690260528e-45,0.0570409982174688,0.4469914040114613
Epidermis 2,mtmr12,-14.347676,-3.6725123,1.1016648808486556e-46,5.935661571604571e-45,0.059714795008912656,0.4484240687679083
Epidermis 2,nipal4,-14.355519,-2.5951765,9.838546243557924e-47,5.314032613383105e-45,0.15508021390374332,0.5214899713467048
Epidermis 2,anxa11,-14.42051,-4.8421297,3.8448942038106445e-47,2.087050657247564e-45,0.025846702317290554,0.42263610315186245
Epidermis 2,kirrel2,-14.641993,-3.1610823,1.515609203060838e-48,8.28874897744124e-47,0.1051693404634581,0.4899713467048711
Epidermis 2,ahnak,-14.653,-1.0908059,1.288964259922996e-48,7.066957064266254e-47,0.8306595365418895,0.9212034383954155
Epidermis 2,nol12,-14.728035,-2.2035673,4.259097509658536e-49,2.346913301976235e-47,0.22281639928698752,0.5859598853868195
Epidermis 2,golga4,-14.845312,-2.237272,7.460688703393523e-50,4.163674889942457e-48,0.22638146167557932,0.5916905444126075
Epidermis 2,LOC100490855,-14.908514,-1.5198948,2.901379999202326e-50,1.640181682968755e-48,0.44206773618538325,0.7249283667621776
Epidermis 2,pdia6,-14.954103,-1.8891612,1.4643980293026592e-50,8.365086229689353e-49,0.31996434937611407,0.6590257879656161
Epidermis 2,abcg2,-15.002858,-5.0445633,7.03244394121497e-51,4.0489435156003125e-49,0.03297682709447415,0.44126074498567336
Epidermis 2,rasef,-15.016435,-1.8180155,5.730862511691855e-51,3.3082844144875128e-49,0.3092691622103387,0.6790830945558739
Epidermis 2,grk6,-15.020425,-3.7170377,5.396093577367052e-51,3.1232933143694015e-49,0.06149732620320856,0.4684813753581662
Epidermis 2,spint1,-15.064776,-1.3280445,2.760994654613149e-51,1.6023314988913173e-49,0.5686274509803921,0.8180515759312321
Epidermis 2,atp10d,-15.111605,-1.876724,1.35793016131457e-51,7.944073471861993e-50,0.3422459893048128,0.6518624641833811
Epidermis 2,cnfn.1,-15.129538,-5.999758,1.034196936734251e-51,6.082806295546655e-50,0.0106951871657754,0.4297994269340974
Epidermis 2,slc9a7,-15.220442,-2.3974295,2.587770393832333e-52,1.5302909963093587e-50,0.19429590017825313,0.5702005730659025
Epidermis 2,cant1,-15.260207,-3.4010181,1.4080115741415297e-52,8.371722223254038e-51,0.07040998217468805,0.48424068767908307
Epidermis 2,fam83f,-15.276214,-4.4232097,1.1015765181522183e-52,6.567623279398786e-51,0.034759358288770054,0.45558739255014324
Epidermis 2,znf750,-15.281121,-3.9286423,1.0216744736270598e-52,6.107933887401663e-51,0.049019607843137254,0.4656160458452722
Epidermis 2,epha2,-15.284653,-1.2128769,9.677714181687545e-53,5.801576954906701e-51,0.6978609625668449,0.8839541547277937
Epidermis 2,hsp90b1,-15.375695,-1.786624,2.382727901122483e-53,1.4402633110912383e-51,0.3939393939393939,0.7191977077363897
Epidermis 2,f11r,-15.41225,-1.6392761,1.3541492521386756e-53,8.208025230810567e-52,0.38235294117647056,0.7134670487106017
Epidermis 2,mpzl1,-15.474075,-1.2473766,5.191373955374552e-54,3.1642729352019024e-52,0.6372549019607843,0.8553008595988538
Epidermis 2,hap1,-15.644556,-1.193683,3.618860743930706e-55,2.2307107427489247e-53,0.7254901960784313,0.8810888252148997
Epidermis 2,mob2.2,-15.698217,-2.3461776,1.5555099342751808e-55,9.615519058305585e-54,0.2103386809269162,0.6002865329512894
Epidermis 2,atxn7l1,-15.725599,-1.7512736,1.0099090752407159e-55,6.29635026595076e-54,0.41711229946524064,0.7320916905444126
Epidermis 2,acer3,-15.731975,-2.223461,9.131852218477827e-56,5.709631726630506e-54,0.22192513368983957,0.6203438395415473
Epidermis 2,txlnb,-15.769997,-4.0995936,5.005254216147324e-56,3.1384957543261714e-54,0.062388591800356503,0.4871060171919771
Epidermis 2,pla2g7,-15.927634,-4.209584,4.074826565912384e-57,2.5772982752108442e-55,0.04723707664884135,0.4813753581661891
Epidermis 2,sec61a1,-15.992717,-1.193004,1.4362770733673412e-57,9.164035677762794e-56,0.7442067736185384,0.9040114613180515
Epidermis 2,actn4,-16.037252,-1.9495436,7.019231729704814e-58,4.518190429908223e-56,0.3627450980392157,0.6833810888252149
Epidermis 2,p4hb,-16.112837,-1.6253563,2.0728956372056715e-58,1.3462099910555048e-56,0.45454545454545453,0.7808022922636103
Epidermis 2,znf238.2,-16.13444,-1.8399374,1.4612718349874578e-58,9.546830153072251e-57,0.34402852049910876,0.7191977077363897
Epidermis 2,arl4c,-16.139301,-4.475422,1.3506091115282935e-58,8.850342769567235e-57,0.03297682709447415,0.47707736389684813
Epidermis 2,abi1,-16.153015,-1.4369715,1.0814363943368449e-58,7.107838421935028e-57,0.6033868092691622,0.830945558739255
Epidermis 2,sh3d21,-16.16416,-2.6004872,9.025916325305756e-59,5.950287617356401e-57,0.17201426024955438,0.5873925501432665
Epidermis 2,ndfip2,-16.183607,-1.3995788,6.582252256665953e-59,4.352464439172963e-57,0.6060606060606061,0.8610315186246418
Epidermis 2,lrrfip1,-16.250937,-3.5789647,2.199763632444388e-59,1.4724246080849385e-57,0.09269162210338681,0.5186246418338109
Epidermis 2,egln1,-16.402979,-3.7398887,1.8208425976095271e-60,1.233931873367624e-58,0.07308377896613191,0.5128939828080229
Epidermis 2,capn13,-16.559929,-3.054152,1.3575273555530737e-61,9.374241906811273e-60,0.16310160427807488,0.5702005730659025
Epidermis 2,fnbp1l,-16.731464,-1.2168231,7.731330137917702e-63,5.4421082238549086e-61,0.7388591800356507,0.8595988538681948
Epidermis 2,galnt7,-16.75183,-1.7027967,5.491190537634879e-63,3.890365867588659e-61,0.6114081996434938,0.8051575931232091
Epidermis 2,mansc1,-16.768661,-3.16718,4.1372514178269854e-63,2.9406828400131157e-61,0.10873440285204991,0.5544412607449857
Epidermis 2,ssr1,-16.775173,-1.5450734,3.7077060714748283e-63,2.6439821629298113e-61,0.5508021390374331,0.828080229226361
Epidermis 2,marveld3,-16.804207,-2.3475738,2.2733367111908688e-63,1.6317921175952615e-61,0.20409982174688057,0.6432664756446992
Epidermis 2,rab15,-16.810627,-2.664314,2.0399945812459255e-63,1.4691327312662489e-61,0.16399286987522282,0.6031518624641834
Epidermis 2,rab1a,-16.869335,-1.4767139,7.564315064560343e-64,5.465593345157988e-62,0.5614973262032086,0.8194842406876791
Epidermis 2,stard10,-16.903551,-5.8968315,4.236150194455809e-64,3.0812344464406736e-62,0.0142602495543672,0.4813753581661891
Epidermis 2,ca12,-17.010736,-2.7170157,6.837243879188719e-65,5.023417464234917e-63,0.21390374331550802,0.6189111747851003
Epidermis 2,csnk1d,-17.023762,-2.234036,5.473747593288068e-65,4.0352245349033424e-63,0.25757575757575757,0.670487106017192
Epidermis 2,tuba3c,-17.03454,-1.9383739,4.5530162775837835e-65,3.3792982378624403e-63,0.3538324420677362,0.7335243553008596
Epidermis 2,slit2,-17.04729,-2.7105315,3.661112358407837e-65,2.7265915622121984e-63,0.2611408199643494,0.6361031518624641
Epidermis 2,crtc3,-17.066372,-1.2199078,2.6411496173635898e-65,1.9737166370031126e-63,0.8163992869875223,0.9355300859598854
Epidermis 2,styk1,-17.09444,-5.6129045,1.6325536796623998e-65,1.228412201514249e-63,0.0196078431372549,0.4899713467048711
Epidermis 2,rdh10,-17.177319,-1.720591,3.9264577041208347e-66,2.9749733875562755e-64,0.7299465240641712,0.8853868194842407
Epidermis 2,tram1,-17.211626,-1.9228163,2.1724693152156343e-66,1.6575333191370752e-64,0.37433155080213903,0.7392550143266475
Epidermis 2,ltbp4,-17.307438,-4.846216,4.134078764910935e-67,3.2103107732783457e-65,0.0766488413547237,0.5286532951289399
Epidermis 2,osbpl1a,-17.314226,-4.462232,3.6743221255728667e-67,2.8634779679330543e-65,0.053475935828877004,0.5186246418338109
Epidermis 2,erbb2,-17.431961,-3.2266288,4.71991796524393e-68,3.7181707552197756e-66,0.16310160427807488,0.5845272206303725
Epidermis 2,usp54,-17.494751,-2.233946,1.5709946707224476e-68,1.2465699894485283e-66,0.35650623885918004,0.7091690544412608
Epidermis 2,chpf,-17.532864,-1.7285141,8.0414838056377e-69,6.427590407429313e-67,0.4750445632798574,0.8037249283667621
Epidermis 2,adgrf1,-17.537222,-5.7825217,7.448133435752503e-69,5.975210283145417e-67,0.01871657754010695,0.502865329512894
Epidermis 2,uso1,-17.546946,-1.8422316,6.276699763291937e-69,5.054017178405659e-67,0.428698752228164,0.7851002865329513
Epidermis 2,mprip,-17.765537,-1.7186629,1.3068275519216681e-70,1.0720407522737865e-68,0.5775401069518716,0.8094555873925502
Epidermis 2,slc35d2,-17.830803,-4.3127947,4.075239591808777e-71,3.3556906842588423e-69,0.049019607843137254,0.5343839541547278
Epidermis 2,hk2,-17.944824,-1.9167799,5.267751623020583e-72,4.354076066891369e-70,0.4919786096256685,0.8180515759312321
Epidermis 2,LOC100498107,-18.066046,-5.185415,5.899433220682703e-73,4.9134172636838654e-71,0.03208556149732621,0.5272206303724928
Epidermis 2,arhgef25,-18.248634,-2.9306216,2.1214972216592687e-74,1.83703138388202e-72,0.17736185383244207,0.6361031518624641
Epidermis 2,slc33a1,-18.26354,-3.8120134,1.6147543182062622e-74,1.4038069313776434e-72,0.07219251336898395,0.5644699140401146
Epidermis 2,metrnl,-18.298351,-1.6148635,8.529126445001525e-75,7.444562726255131e-73,0.5597147950089126,0.8667621776504298
Epidermis 2,tbcd,-18.43668,-3.9088352,6.671381906579567e-76,5.84643472222782e-74,0.06684491978609626,0.5659025787965616
Epidermis 2,elf1,-18.575377,-2.8142807,5.084782676117133e-77,4.492106994961618e-75,0.19162210338680927,0.6404011461318052
Epidermis 2,gna14,-18.69013,-2.865519,5.956754621561426e-78,5.327145188405405e-76,0.23172905525846701,0.6561604584527221
Epidermis 2,LOC100488176,-18.850704,-6.6004214,2.89960444849869e-79,2.614556556640079e-77,0.013368983957219251,0.5329512893982808
Epidermis 2,atp8b1,-18.988436,-2.0120163,2.1256496128596012e-80,1.9407447783351196e-78,0.4117647058823529,0.7736389684813754
Epidermis 2,rgs12,-19.087688,-2.1218011,3.1960446318739726e-81,2.942653582789956e-79,0.40463458110516937,0.7779369627507163
Epidermis 2,fa2h,-19.16598,-4.672147,7.120357302182176e-82,6.639885328671679e-80,0.05169340463458111,0.5702005730659025
Epidermis 2,dnmbp,-19.276974,-2.03617,8.38415593153e-83,7.851959939138032e-81,0.41532976827094475,0.8080229226361032
Epidermis 2,tspan15,-19.421356,-3.7676873,5.092732848675422e-84,4.8316749343889735e-82,0.08823529411764706,0.6074498567335244
Epidermis 2,rtbdn,-19.56042,-6.2465253,3.3630429826226713e-85,3.23281766184182e-83,0.01693404634581105,0.5558739255014327
Epidermis 2,pdlim4,-19.601192,-3.435282,1.5104187000255582e-85,1.464837620144787e-83,0.1746880570409982,0.6475644699140402
Epidermis 2,marveld2,-19.613806,-3.1732059,1.178732761136826e-85,1.1482646241413697e-83,0.13279857397504458,0.6461318051575932
Epidermis 2,pard6b,-19.699574,-2.7271836,2.1744537729636458e-86,2.1567616263563504e-84,0.22281639928698752,0.7091690544412608
Epidermis 2,prickle2,-19.736954,-1.8942502,1.0385474304311208e-86,1.0395478660292425e-84,0.6524064171122995,0.8767908309455588
Epidermis 2,pank1,-19.767683,-3.075847,5.651269742779236e-87,5.709090604499339e-85,0.1586452762923351,0.663323782234957
Epidermis 2,LOC100487159,-19.825106,-1.8662777,1.8080084474828436e-87,1.8522325038743251e-85,0.5597147950089126,0.8896848137535817
Epidermis 2,esrp1,-19.852028,-1.1491781,1.0584087775473713e-87,1.0894121667387352e-85,0.9429590017825312,0.9813753581661891
Epidermis 2,ap3b1,-19.911331,-3.119623,3.2457010180448096e-88,3.356608621552407e-86,0.17825311942959002,0.669054441260745
Epidermis 2,slc22a5,-19.9411,-4.8969693,1.7908912600216778e-88,1.860906580234906e-86,0.040998217468805706,0.5859598853868195
Epidermis 2,tmod3,-19.96871,-2.154627,1.0308327872993019e-88,1.0762584809405773e-86,0.3672014260249554,0.7822349570200573
Epidermis 2,macf1,-19.982836,-1.590245,7.768384268081496e-89,8.149707361240687e-87,0.7486631016042781,0.9011461318051576
Epidermis 2,stk17a,-20.017326,-1.9243076,3.8904842129749416e-89,4.12108038889933e-87,0.48484848484848486,0.8710601719197708
Epidermis 2,sptlc2,-20.139143,-3.1505985,3.350807903779755e-90,3.584214670018531e-88,0.16666666666666666,0.669054441260745
Epidermis 2,ica1,-20.209362,-3.4461572,8.098672924859742e-91,8.748571380859625e-89,0.11853832442067737,0.6432664756446992
Epidermis 2,atf6,-20.21739,-2.2950943,6.883070668085694e-91,7.472412191457607e-89,0.3894830659536542,0.7922636103151862
Epidermis 2,LOC100216141,-20.298662,-4.495851,1.3213392462609386e-91,1.4562092774070676e-89,0.054367201426024955,0.6031518624641834
Epidermis 2,ly6g6c,-20.314026,-5.370452,9.664654617518235e-92,1.0705199411617531e-89,0.030303030303030304,0.5859598853868195
Epidermis 2,aip,-20.321457,-2.624127,8.307410326693493e-92,9.248775547896872e-90,0.28431372549019607,0.7335243553008596
Epidermis 2,hdlbp,-20.384155,-1.644638,2.3117680736460806e-92,2.6137352919705243e-90,0.6541889483065954,0.8925501432664756
Epidermis 2,chmp5,-20.581512,-2.5033836,4.019507571483079e-94,4.616298669333278e-92,0.3609625668449198,0.7693409742120344
Epidermis 2,pdxdc1,-20.582245,-5.290963,3.959113364935277e-94,4.570995382870513e-92,0.03297682709447415,0.5974212034383954
Epidermis 2,map3k10,-20.594675,-5.6795473,3.063373092914362e-94,3.555631077685335e-92,0.023172905525846704,0.5902578796561605
Epidermis 2,spata13,-20.658932,-3.021214,8.113967130349178e-95,9.46817522734489e-93,0.20320855614973263,0.6991404011461319
Epidermis 2,kiaa1671,-20.685625,-1.8010798,4.6668646086275846e-95,5.4750350873582006e-93,0.7549019607843137,0.9455587392550143
Epidermis 2,prc1,-20.689295,-1.6220989,4.3249668019306085e-95,5.1013567883744765e-93,0.7040998217468806,0.9326647564469914
Epidermis 2,sgms1,-20.707594,-4.6018834,2.958670421302431e-95,3.5087580034369756e-93,0.059714795008912656,0.6117478510028653
Epidermis 2,flvcr2,-20.801756,-2.4037986,4.172564337696947e-96,4.975383956988257e-94,0.3404634581105169,0.7822349570200573
Epidermis 2,anxa4,-20.851473,-2.264259,1.4780204525132912e-96,1.7720815546314576e-94,0.4322638146167558,0.839541547277937
Epidermis 2,gcc2,-20.914125,-2.5227106,3.982705264550521e-97,4.8014702529147475e-95,0.2976827094474153,0.7679083094555874
Epidermis 2,ap1s3,-21.001543,-6.1469035,6.348935234365338e-98,7.783152570173374e-96,0.01871657754010695,0.5974212034383954
Epidermis 2,tbc1d14,-21.047318,-1.3987882,2.4199879131996694e-98,2.9834212572841804e-96,0.8190730837789661,0.9455587392550143
Epidermis 2,atp12a-like,-21.057865,-2.3010442,1.9370785099975844e-98,2.4016471685600733e-96,0.43493761140819964,0.8710601719197708
Epidermis 2,sgpl1,-21.108822,-2.563829,6.5997806741188385e-99,8.229360805139839e-97,0.32798573975044565,0.7564469914040115
Epidermis 2,znf185,-21.154963,-4.2868376,2.4839074136515834e-99,3.115019751338575e-97,0.08823529411764706,0.6432664756446992
Epidermis 2,rnd1,-21.19624,-2.3557916,1.0343723983827783e-99,1.3199438657959418e-97,0.37344028520499106,0.8252148997134671
Epidermis 2,nr1i3,-21.260221,-4.832705,2.651594204971737e-100,3.403555126275781e-98,0.05169340463458111,0.6246418338108882
Epidermis 2,degs3,-21.38158,-6.018393,1.9829772882490135e-101,2.5910507429270492e-99,0.020499108734402853,0.6088825214899714
Epidermis 2,spint2,-21.623703,-2.1750128,1.0749862985514616e-103,1.4216530921631179e-101,0.4750445632798574,0.8667621776504298
Epidermis 2,plcd3,-21.629251,-4.0703983,9.531649097554735e-104,1.2682324082789138e-101,0.11586452762923351,0.669054441260745
Epidermis 2,epb41l5,-21.640673,-1.9134244,7.441053568987127e-104,9.961425149010312e-102,0.5677361853832442,0.8610315186246418
Epidermis 2,muc4,-21.91389,-3.1269267,1.9150548531106789e-106,2.6117757468580078e-104,0.31283422459893045,0.7750716332378224
Epidermis 2,MGC89056,-21.914669,-2.382631,1.882544190465802e-106,2.5835847031543563e-104,0.3689839572192513,0.832378223495702
Epidermis 2,trpm4,-22.057447,-2.343759,8.10277155754307e-108,1.1261820264786455e-105,0.5008912655971479,0.826647564469914
Epidermis 2,erbb3,-22.10047,-5.5931406,3.1280139118275196e-108,4.375409716024892e-106,0.0374331550802139,0.6361031518624641
Epidermis 2,rreb1,-22.158075,-1.2977467,8.71984770512363e-109,1.2275857856355015e-106,0.9474153297682709,0.9885386819484241
Epidermis 2,nos2,-22.27228,-3.7435343,6.862056707237877e-110,9.723177883677772e-108,0.14349376114081996,0.7048710601719198
Epidermis 2,LOC101732476,-22.290213,-1.7641935,4.598044388807067e-110,6.557772980925425e-108,0.7094474153297683,0.9512893982808023
Epidermis 2,iqgap1,-22.320942,-2.792667,2.3136314876842555e-110,3.3214310982077723e-108,0.3600713012477718,0.7965616045845272
Epidermis 2,LOC100487973,-22.332638,-2.2356591,1.7809944564447285e-110,2.5737139095417496e-108,0.4393939393939394,0.8853868194842407
Epidermis 2,lifr,-22.336903,-3.6093528,1.618846585869181e-110,2.35499009001676e-108,0.1532976827094474,0.7077363896848138
Epidermis 2,atp13a-like,-22.401022,-5.899027,3.846493516356629e-111,5.63317684700792e-109,0.035650623885918005,0.6446991404011462
Epidermis 2,cpeb2,-22.623972,-2.6369267,2.5176100243820273e-113,3.737195125308858e-111,0.4019607843137255,0.836676217765043
Epidermis 2,plpp3,-22.722078,-2.5886831,2.7107946410502057e-114,4.0515239631751053e-112,0.4732620320855615,0.8796561604584527
Epidermis 2,LOC100489839,-22.726938,-2.3286743,2.4267408738264738e-114,3.6519939729494816e-112,0.5329768270944741,0.8782234957020058
Epidermis 2,LOC100485898,-22.84316,-4.2614202,1.709037146442404e-115,2.626260533276035e-113,0.07932263814616755,0.6905444126074498
Epidermis 2,myo5c,-22.911638,-3.956004,3.5571866577994925e-116,5.5050617063718246e-114,0.13992869875222816,0.7134670487106017
Epidermis 2,ccdc149,-22.919342,-3.4223201,2.980418580974155e-116,4.6454081325312166e-114,0.19875222816399288,0.7421203438395415
Epidermis 2,st14,-23.159079,-2.0611596,1.1776596547448164e-118,1.875745352276397e-116,0.5686274509803921,0.9054441260744985
Epidermis 2,calr,-23.25058,-1.857507,1.4034414521421184e-119,2.2684811797920863e-117,0.7192513368983957,0.9426934097421203
Epidermis 2,tat,-23.346483,-2.1818998,1.4962991884985532e-120,2.4549432024230777e-118,0.5766488413547237,0.9297994269340975
Epidermis 2,lgalsl,-23.465366,-3.5482194,9.212474413684827e-122,1.5345450700840963e-119,0.19964349376114082,0.7550143266475645
Epidermis 2,ano5,-23.499443,-3.7377267,4.132514472876035e-122,6.936584485586767e-120,0.18627450980392157,0.7406876790830945
Epidermis 2,pcdh1,-23.835497,-2.736162,1.4318529664078413e-125,2.4409737171863676e-123,0.34402852049910876,0.835243553008596
Epidermis 2,unc80,-23.983503,-5.1549473,4.133861219060388e-127,7.102754776465885e-125,0.06149732620320856,0.7034383954154728
Epidermis 2,usp43,-24.126923,-4.9237,1.3045513822466976e-128,2.259255215238507e-126,0.06417112299465241,0.7063037249283668
Epidermis 2,tmem164,-24.1499,-2.0003214,7.484499982979016e-129,1.306554193028681e-126,0.7245989304812834,0.9484240687679083
Epidermis 2,eppk1,-24.25374,-2.368237,6.037954481114489e-130,1.071172396198368e-127,0.7174688057040999,0.9297994269340975
Epidermis 2,camsap3,-24.312584,-2.655433,1.4429824128769975e-130,2.5809278058515545e-128,0.5311942959001783,0.8481375358166189
Epidermis 2,cdh1,-24.332949,-2.0229945,8.785936696871251e-131,1.58444565836717e-128,0.7450980392156863,0.9756446991404012
Epidermis 2,rbbp8nl,-24.531681,-6.481144,6.784942502978288e-133,1.233785252979077e-130,0.023172905525846704,0.6934097421203438
Epidermis 2,arhgap45,-24.603735,-2.7315345,1.1520955786477574e-133,2.1125947581237576e-131,0.41354723707664887,0.8753581661891118
Epidermis 2,gnb3,-24.630796,-5.2421656,5.91162038265023e-134,1.1025424646992365e-131,0.06684491978609626,0.7148997134670487
Epidermis 2,gas2l1,-24.699547,-5.877867,1.0815230974664008e-134,2.0521665660708116e-132,0.027629233511586453,0.7063037249283668
Epidermis 2,kalrn,-24.876265,-4.2818255,1.3444267479185061e-136,2.5733979005552387e-134,0.12745098039215685,0.7464183381088825
Epidermis 2,sptlc3,-24.904152,-1.3735719,6.708326327244918e-137,1.3069856141679584e-134,0.9679144385026738,0.9914040114613181
Epidermis 2,cldn4,-24.990974,-4.6067185,7.663405870232875e-138,1.5065151305797438e-135,0.07219251336898395,0.7406876790830945
Epidermis 2,wasl,-25.00799,-2.7132378,5.0047569723445655e-138,9.928072899411887e-136,0.37433155080213903,0.8681948424068768
Epidermis 2,cat1,-25.059038,-5.7412333,1.3915961140502398e-138,2.785873284833971e-136,0.04367201426024955,0.7163323782234957
Epidermis 2,wdfy3,-25.073576,-3.3753276,9.660196517946775e-139,1.951806927945524e-136,0.2789661319073084,0.8209169054441261
Epidermis 2,LOC100488554,-25.19466,-4.7274613,4.583515768004118e-140,9.347373605011016e-138,0.0766488413547237,0.7464183381088825
Epidermis 2,gfpt1,-25.278456,-1.5333211,5.512589480237094e-141,1.1348133495118265e-138,0.9679144385026738,0.998567335243553
Epidermis 2,cers2,-25.411694,-3.9487565,1.872838730666219e-142,3.9295398021026505e-140,0.1443850267379679,0.7765042979942693
Epidermis 2,cgn,-25.826818,-3.9980865,4.432891770927101e-147,9.39127488673789e-145,0.15418894830659535,0.7851002865329513
Epidermis 2,jup,-25.970604,-2.9079368,1.0641843130852894e-148,2.2766241074347156e-146,0.4215686274509804,0.8638968481375359
Epidermis 2,kiaa0232,-26.041649,-2.1518564,1.6727467886787864e-149,3.65010076757598e-147,0.7254901960784313,0.9441260744985673
Epidermis 2,krt18.1,-26.136086,-3.040924,1.4186604115552963e-150,3.126928165711931e-148,0.3538324420677362,0.8667621776504298
Epidermis 2,arhgap6,-26.379307,-2.364157,2.3673669638320395e-153,5.437717317660941e-151,0.7540106951871658,0.9627507163323782
Epidermis 2,klf17,-26.462416,-2.5286396,2.6259893185370494e-154,6.095926906361379e-152,0.533868092691622,0.9527220630372493
Epidermis 2,ppl,-26.480852,-4.711526,1.610727920986024e-154,3.779321931595272e-152,0.0962566844919786,0.7865329512893983
Epidermis 2,ovol2,-26.740541,-2.4462166,1.5908037393898026e-157,3.773144391002705e-155,0.6568627450980392,0.9455587392550143
Epidermis 2,cep170b,-26.860844,-3.9907248,6.300976203272521e-159,1.5109187003473593e-156,0.27807486631016043,0.833810888252149
Epidermis 2,aldh1l1,-27.046276,-4.1166444,4.224726818596883e-161,1.0243084878733622e-158,0.22014260249554368,0.8467048710601719
Epidermis 2,tspan13,-27.124338,-5.6733885,5.085153966492131e-162,1.2467769067733125e-159,0.05169340463458111,0.7793696275071633
Epidermis 2,LOC100216037,-27.278675,-5.6394897,7.596377631376485e-164,1.883642685162117e-161,0.04723707664884135,0.7822349570200573
Epidermis 2,palm2,-27.399805,-3.9765673,2.7572930397689604e-165,6.915734646068791e-163,0.18983957219251338,0.8424068767908309
Epidermis 2,slc2a11.3,-27.496166,-5.09191,1.9510731101220475e-166,5.00874898070273e-164,0.08288770053475936,0.8051575931232091
Epidermis 2,rhpn2,-27.526667,-3.4740703,8.42121630119225e-167,2.213968203714652e-164,0.27807486631016043,0.8968481375358166
Epidermis 2,nek2,-27.65142,-4.189401,2.6832211963055445e-168,7.140313381046743e-166,0.24598930481283424,0.8495702005730659
Epidermis 2,psd3,-27.697697,-3.1668582,7.442580359537051e-169,2.0049943953760247e-166,0.4875222816399287,0.9054441260744985
Epidermis 2,slc22a23,-27.74191,-2.8821352,2.1815307854429042e-169,5.950397908643702e-167,0.4946524064171123,0.9269340974212035
Epidermis 2,osbpl2,-27.837036,-5.653383,1.5461235212165632e-170,4.270628019805902e-168,0.06060606060606061,0.7979942693409742
Epidermis 2,rab11fip4l,-27.949589,-2.9264095,6.668717352473212e-172,1.865616427542538e-169,0.4714795008912656,0.9426934097421203
Epidermis 2,gad1.2,-28.016918,-4.6246214,1.010979508399182e-172,2.8650108899712406e-170,0.17379679144385027,0.832378223495702
Epidermis 2,efna4,-28.020082,-3.1760552,9.250913919131395e-173,2.656107797754818e-170,0.393048128342246,0.9169054441260746
Epidermis 2,b4galt1l,-28.025633,-2.3741007,7.916960017055394e-173,2.3034131270955433e-170,0.6934046345811051,0.9713467048710601
Epidermis 2,lmo7,-28.152357,-3.864066,2.24232551217971e-174,6.612133108280196e-172,0.5623885918003565,0.9054441260744985
Epidermis 2,acp3,-28.171436,-6.4407964,1.3093267263694128e-174,3.913810752891364e-172,0.03832442067736185,0.8008595988538681
Epidermis 2,plec,-28.28188,-2.4278245,5.773883097002643e-176,1.7745338459111924e-173,0.7549019607843137,0.9684813753581661
Epidermis 2,sytl2,-28.332607,-3.442723,1.3711147874494181e-176,4.274156539561965e-174,0.5543672014260249,0.9111747851002865
Epidermis 2,LOC100495980,-28.533083,-6.3156695,4.555082903367567e-179,1.483529313946025e-176,0.044563279857397504,0.8094555873925502
Epidermis 2,evpl,-28.83093,-6.778516,8.787795205177105e-183,3.043785383685232e-180,0.029411764705882353,0.8137535816618912
Epidermis 2,tm9sf2,-29.007374,-3.7337115,5.31149864114792e-185,1.8693905136853026e-182,0.27450980392156865,0.8954154727793696
Epidermis 2,kiaa1324l,-29.015032,-3.594214,4.252047241796706e-185,1.521047915790917e-182,0.49019607843137253,0.9183381088825215
Epidermis 2,angpt4.2,-29.151068,-5.590856,8.097645169178258e-187,2.944978587277313e-184,0.09001782531194295,0.839541547277937
Epidermis 2,astl2c,-29.179596,-6.3264027,3.5203758035652196e-187,1.3020020408406213e-184,0.0766488413547237,0.833810888252149
Epidermis 2,tmem45b,-29.197989,-5.7001233,2.0566997816596478e-187,7.737801023378479e-185,0.059714795008912656,0.835243553008596
Epidermis 2,golim4,-29.444054,-2.887109,1.5001798162622597e-190,5.743056801869959e-188,0.6176470588235294,0.9398280802292264
Epidermis 2,mreg,-29.527575,-5.321811,1.2746648706655051e-191,4.966868239784284e-189,0.0873440285204991,0.8510028653295129
Epidermis 2,epcam,-29.559725,-1.9969741,4.924947854075517e-192,1.953950674977852e-189,0.9046345811051694,0.997134670487106
Epidermis 2,kitlg,-29.705439,-4.2746367,6.53205111783113e-194,2.6893563668338316e-191,0.23796791443850268,0.8968481375358166
Epidermis 2,nectin2,-29.9399,-2.903869,5.955713079282292e-197,2.5482277471180173e-194,0.5632798573975044,0.9770773638968482
Epidermis 2,golph3l,-30.056948,-6.0001965,1.7714562938331335e-198,7.730989557546561e-196,0.058823529411764705,0.8567335243553008
Epidermis 2,trim29,-30.172436,-5.0539417,5.448046151624856e-200,2.4261594913184893e-197,0.232620320855615,0.8882521489971347
Epidermis 2,rbbp8,-30.284988,-4.8607893,1.8072429533415856e-201,8.21580176768057e-199,0.15508021390374332,0.8839541547277937
Epidermis 2,krt12.3,-30.335808,-4.916706,3.8666466379022603e-202,1.8342194844709833e-199,0.20320855614973263,0.8911174785100286
Epidermis 2,dsg2,-30.379608,-3.5864186,1.0214746540500425e-202,4.9532440946724395e-200,0.3672014260249554,0.9326647564469914
Epidermis 2,clint1,-30.453543,-3.7725687,1.0752741612591625e-203,5.33262669837186e-201,0.3538324420677362,0.9326647564469914
Epidermis 2,itpr3,-30.571278,-2.3702257,2.9491057680912786e-205,1.4965683015237162e-202,0.9251336898395722,0.997134670487106
Epidermis 2,upk1a,-30.73786,-4.482186,1.776701477810529e-207,9.230810225548465e-205,0.1622103386809269,0.9126074498567335
Epidermis 2,b3gnt3.2,-30.74795,-3.8320165,1.3024222506002283e-207,6.931745348865264e-205,0.2967914438502674,0.9383954154727794
Epidermis 2,LOC100494753,-30.77345,-4.221603,5.939094223663554e-208,3.2399243763640602e-205,0.32798573975044565,0.9269340974212035
Epidermis 2,gadd45a,-30.78212,-4.143907,4.54705029497276e-208,2.5441329355538615e-205,0.232620320855615,0.9355300859598854
Epidermis 2,abo.3,-30.822344,-3.4454439,1.3154758793970838e-208,7.553947148506254e-206,0.41354723707664887,0.9555873925501432
Epidermis 2,arfgef2,-30.88692,-2.9703104,1.7899120328519091e-209,1.0556127153746354e-206,0.5926916221033868,0.9613180515759312
Epidermis 2,upk1b,-31.086205,-5.0911217,3.700225390035073e-212,2.2428505065543147e-209,0.11675579322638147,0.8997134670487106
Epidermis 2,ncoa2,-31.495367,-5.222614,1.0052900868793853e-217,6.451892642880902e-215,0.14260249554367202,0.9040114613180515
Epidermis 2,upk3a,-31.511145,-5.367995,6.112383438126217e-218,4.041767242525824e-215,0.11051693404634581,0.9054441260744985
Epidermis 2,rassf7,-31.590033,-5.383234,5.060419482540378e-219,3.45073167276605e-216,0.09001782531194295,0.9083094555873925
Epidermis 2,slc22a4,-31.725012,-6.9684553,7.023128390280261e-221,4.943602729171148e-218,0.05080213903743316,0.8925501432664756
Epidermis 2,dcbld1,-31.7673,-4.289247,1.8320076456222232e-221,1.3325412945040845e-218,0.36363636363636365,0.9369627507163324
Epidermis 2,elovl7,-31.767574,-5.5007534,1.8160461821245148e-221,1.3325412945040845e-218,0.09536541889483066,0.9126074498567335
Epidermis 2,ocln,-31.816788,-2.6585798,3.792813958999293e-222,2.9558211928329847e-219,0.7486631016042781,0.9914040114613181
Epidermis 2,atp1b2,-31.827566,-5.464485,2.6906475850440313e-222,2.1745415167868817e-219,0.1051693404634581,0.9154727793696275
Epidermis 2,ugt3a2,-31.870588,-6.7567043,6.8266054696485424e-223,5.729359921276956e-220,0.06149732620320856,0.8997134670487106
Epidermis 2,LOC595077,-31.92613,-6.0955906,1.1587874314379812e-223,1.0114360216563273e-220,0.08199643493761141,0.9068767908309455
Epidermis 2,krt8.1,-32.046295,-2.9501083,2.4722503870389805e-225,2.2477906539823995e-222,0.7807486631016043,0.994269340974212
Epidermis 2,grhl1,-32.210907,-3.2528489,1.2417372686393862e-227,1.1780847364773933e-224,0.7005347593582888,0.997134670487106
Epidermis 2,prss27,-32.267136,-4.7316155,2.022914321857999e-228,2.0064551553301545e-225,0.19964349376114082,0.9455587392550143
Epidermis 2,ag1,-32.339237,-6.6134305,1.965689927748303e-229,2.042539043495034e-226,0.0766488413547237,0.9140401146131805
Epidermis 2,adap1l,-32.570396,-4.782422,1.077070718978578e-232,1.1751380079415775e-229,0.24866310160427807,0.9455587392550143
Epidermis 2,gfod1,-32.58613,-4.180151,6.4484303519458845e-233,7.405852563674271e-230,0.3948306595365419,0.9699140401146131
Epidermis 2,phldb3,-32.753307,-5.5116115,2.7243837797311483e-235,3.302709914306299e-232,0.18627450980392157,0.9340974212034384
Epidermis 2,gramd2b,-32.89255,-4.40924,2.808668484543696e-237,3.605173823601647e-234,0.3235294117647059,0.9598853868194842
Epidermis 2,kifc3,-33.05872,-5.3955197,1.1657028279825927e-239,1.5898000880880098e-236,0.14349376114081996,0.9469914040114613
Epidermis 2,xbp1,-33.177925,-2.943186,2.241381982638835e-241,3.260613082877468e-238,0.7620320855614974,0.997134670487106
Epidermis 2,grhl3,-33.222,-3.7138216,5.181122772332834e-242,8.075520001076769e-239,0.7254901960784313,0.995702005730659
Epidermis 2,tjp3,-33.32419,-5.622902,1.7236692659961416e-243,2.8932451579462925e-240,0.13903743315508021,0.9455587392550143
Epidermis 2,LOC101734097,-33.35565,-4.666632,6.032196497894474e-244,1.0969046648379609e-240,0.39215686274509803,0.9627507163323782
Epidermis 2,elovl3,-33.628044,-5.6976204,6.530028100960621e-248,1.2953794835551065e-244,0.14616755793226383,0.9555873925501432
Epidermis 2,LOC100495222,-33.901814,-3.289488,6.264458836857012e-252,1.3669675627905685e-248,0.7290552584670231,0.995702005730659
Epidermis 2,krt70,-33.96836,-3.8751323,6.534756230282467e-253,1.5843879522332634e-249,0.6648841354723708,0.997134670487106
Epidermis 2,krt7,-34.356792,-4.680403,1.1150651366594813e-258,3.041479543380818e-255,0.49554367201426025,0.9899713467048711
Epidermis 2,upk2,-34.54952,-6.683924,1.4493379102850514e-261,5.271000423388351e-258,0.08377896613190731,0.9713467048710601
Epidermis 2,hpgd,-34.61212,-5.3390584,1.660180966234761e-262,7.245361772841744e-259,0.26916221033868093,0.9785100286532952
Epidermis 2,astl2d.1,-34.756416,-6.012093,1.1088287582359294e-264,6.048938083366554e-261,0.28431372549019607,0.9856733524355301
Epidermis 2,epas1,-35.14535,-5.0902023,1.368989362978083e-270,9.957572296514915e-267,0.7103386809269162,0.994269340974212
Epidermis 2,upk3b,-35.28854,-6.8094225,8.802486314958777e-273,9.603952693935773e-269,0.08912655971479501,0.9871060171919771
Epidermis 2,rabgap1l,-35.6395,-6.498017,3.426911541539801e-278,7.477863674794e-274,0.24420677361853832,0.995702005730659
