group,names,scores,logfoldchanges,pvals,pvals_adj,pct_nz_group,pct_nz_reference
Ventral Endoderm 1,epcam,9.246241,2.4612446,2.3252782177631504e-20,2.536994799490485e-16,1.0,0.8881118881118881
Ventral Endoderm 1,nectin2,8.899914,4.0175977,5.589019204086832e-19,3.3448641126278153e-15,1.0,0.6293706293706294
Ventral Endoderm 1,celsr1,8.79533,3.619472,1.4262852389516062e-18,5.1871616998604996e-15,0.9743589743589743,0.6853146853146853
Ventral Endoderm 1,tbc1d14,8.572446,5.214097,1.013097495944689e-17,2.7633500573761324e-14,0.9230769230769231,0.1958041958041958
Ventral Endoderm 1,plec,8.467862,3.8291056,2.4993756178095275e-17,5.45388753562217e-14,0.9487179487179487,0.5314685314685315
Ventral Endoderm 1,psd3,8.346133,4.390922,7.053404525182833e-17,1.087369831594246e-13,0.9230769230769231,0.3916083916083916
Ventral Endoderm 1,tjp2,8.339275,4.649204,7.474702109854586e-17,1.087369831594246e-13,0.9230769230769231,0.2937062937062937
Ventral Endoderm 1,palm2,8.239835,3.906996,1.724479928305986e-16,2.1207177148842013e-13,0.9230769230769231,0.43356643356643354
Ventral Endoderm 1,dst,7.7786374,5.759187,7.330972590227912e-15,5.924783440420862e-12,0.8461538461538461,0.1048951048951049
Ventral Endoderm 1,ano5,7.751206,4.230915,9.102403299242869e-15,7.093697942599237e-12,0.8717948717948718,0.2727272727272727
Ventral Endoderm 1,tat,7.6106176,3.2726288,2.7278907291367662e-14,1.8601657375154182e-11,0.9230769230769231,0.3706293706293706
Ventral Endoderm 1,axl,7.5214643,5.6489806,5.4166146404370647e-14,3.581695396029612e-11,0.8205128205128205,0.09090909090909091
Ventral Endoderm 1,spint2,7.384305,2.7433562,1.5325166825558708e-13,9.029947624707163e-11,0.9487179487179487,0.5804195804195804
Ventral Endoderm 1,fhod1,7.380876,4.224172,1.5725127617381065e-13,9.029947624707163e-11,0.8461538461538461,0.2867132867132867
Ventral Endoderm 1,cdh3,7.3723035,1.1938804,1.6770446622165118e-13,9.383279890827308e-11,0.9743589743589743,0.993006993006993
Ventral Endoderm 1,arhgap27,7.3191547,4.140591,2.495381596632379e-13,1.3280907761003695e-10,0.8461538461538461,0.13986013986013987
Ventral Endoderm 1,LOC100489507,7.3191547,3.8787966,2.495381596632379e-13,1.3280907761003695e-10,0.8461538461538461,0.3076923076923077
Ventral Endoderm 1,slc5a8.1,7.236859,4.0218816,4.591950260467237e-13,2.3302545728757113e-10,0.8461538461538461,0.09090909090909091
Ventral Endoderm 1,nxpe3l.2,7.23343,6.8164916,4.709450949438424e-13,2.3355665719930875e-10,0.7692307692307693,0.02097902097902098
Ventral Endoderm 1,prc1,7.2042837,2.6265678,5.834975506815896e-13,2.7679347942223846e-10,0.9230769230769231,0.5874125874125874
Ventral Endoderm 1,trib2,7.101414,2.5247293,1.234865120914035e-12,5.28352780460101e-10,0.9230769230769231,0.5174825174825175
Ventral Endoderm 1,spint1,7.089413,3.9324076,1.3468208741295867e-12,5.442403387848465e-10,0.8205128205128205,0.17482517482517482
Ventral Endoderm 1,kiaa1671,6.9865437,3.5304055,2.8174088664039386e-12,1.042011506335599e-09,0.8717948717948718,0.5104895104895105
Ventral Endoderm 1,slc12a3l,6.952254,6.2971816,3.5949585312019557e-12,1.3074265018226313e-09,0.7948717948717948,0.24475524475524477
Ventral Endoderm 1,plekha4,6.9008193,2.6536727,5.1703527829365565e-12,1.8197140012332032e-09,0.8974358974358975,0.6223776223776224
Ventral Endoderm 1,naalad2,6.8665295,4.7483625,6.5782647406430175e-12,2.2428799203995515e-09,0.7948717948717948,0.1958041958041958
Ventral Endoderm 1,mpzl2,6.780805,4.89483,1.195081853110582e-11,3.892221062197912e-09,0.7948717948717948,0.17482517482517482
Ventral Endoderm 1,atp1b1,6.736228,4.645252,1.6255096408965527e-11,5.140615344058503e-09,0.7948717948717948,0.15384615384615385
Ventral Endoderm 1,phldb3,6.7156544,4.0598197,1.872241925773115e-11,5.836313008899306e-09,0.7948717948717948,0.27972027972027974
Ventral Endoderm 1,dnmbp,6.7122254,4.592817,1.9167840244939983e-11,5.891006225138526e-09,0.7435897435897436,0.1048951048951049
Ventral Endoderm 1,cadm1,6.701938,1.784419,2.05672766866373e-11,6.23331311915434e-09,1.0,0.972027972027972
Ventral Endoderm 1,LOC100491625,6.6950803,1.6736664,2.1555304824641838e-11,6.443264473678213e-09,0.9487179487179487,0.9440559440559441
Ventral Endoderm 1,usp43,6.6813645,4.2544723,2.3672758153071036e-11,6.968566566449143e-09,0.7692307692307693,0.13286713286713286
Ventral Endoderm 1,LOC101733480,6.6470747,6.275772,2.9897526073583876e-11,8.584130479627286e-09,0.717948717948718,0.04895104895104895
Ventral Endoderm 1,slc22a23,6.59564,3.5975535,4.234251039251432e-11,1.1999427523052663e-08,0.7948717948717948,0.3006993006993007
Ventral Endoderm 1,chp1,6.578495,3.8448641,4.752333422125304e-11,1.3294957385153368e-08,0.8461538461538461,0.44755244755244755
Ventral Endoderm 1,tmprss9,6.5647793,5.5886965,5.211000358966543e-11,1.4213654854126117e-08,0.7435897435897436,0.14685314685314685
Ventral Endoderm 1,arhgap45,6.5579214,3.855106,5.4562993852813957e-11,1.4699001097064857e-08,0.7692307692307693,0.20279720279720279
Ventral Endoderm 1,ly6g6c,6.4996285,6.0897346,8.051851656690373e-11,2.1168609036221763e-08,0.6923076923076923,0.027972027972027972
Ventral Endoderm 1,gadd45a,6.4893417,2.732243,8.62122250816198e-11,2.2132199570659126e-08,0.8461538461538461,0.4405594405594406
Ventral Endoderm 1,depdc1b,6.46191,2.0324972,1.0338966176221709e-10,2.6233323364108595e-08,0.8974358974358975,0.5944055944055944
Ventral Endoderm 1,anks6,6.3624697,5.300884,1.9853544969157086e-10,4.923002326954282e-08,0.6923076923076923,0.04895104895104895
Ventral Endoderm 1,rreb1,6.353897,1.9442878,2.0992733089164258e-10,5.1469935813331835e-08,0.9743589743589743,0.958041958041958
Ventral Endoderm 1,tp53bp2,6.317893,2.4353566,2.651538384637405e-10,6.28904555338835e-08,0.8974358974358975,0.5454545454545454
Ventral Endoderm 1,marchf8,6.266458,3.6954129,3.6935266215411127e-10,8.5740898307073e-08,0.8461538461538461,0.3706293706293706
Ventral Endoderm 1,chmp5,6.2596,3.0007453,3.859657689035369e-10,8.865430571835873e-08,0.7948717948717948,0.38461538461538464
Ventral Endoderm 1,gatm,6.2253103,2.2825441,4.806036064866019e-10,1.092422010119181e-07,1.0,0.8671328671328671
Ventral Endoderm 1,arhgef38,6.2081656,3.155854,5.360668531472336e-10,1.1936239594414063e-07,0.8461538461538461,0.2867132867132867
Ventral Endoderm 1,cxadr,6.206451,2.5374093,5.419450877864699e-10,1.1945236121806624e-07,0.8461538461538461,0.4195804195804196
Ventral Endoderm 1,LOC779592,6.1910205,4.2134743,5.977589788645615e-10,1.2914553146340193e-07,0.717948717948718,0.13286713286713286
Ventral Endoderm 1,dcbld1,6.1893063,2.6735942,6.042963369195493e-10,1.2927794478354397e-07,0.8717948717948718,0.5454545454545454
Ventral Endoderm 1,ca14,6.172161,3.9021277,6.73627611262478e-10,1.4271095247920905e-07,0.7692307692307693,0.3776223776223776
Ventral Endoderm 1,nav2,6.101867,2.1183145,1.0483649471161955e-09,2.0987496799103213e-07,0.9230769230769231,0.8321678321678322
Ventral Endoderm 1,st14,6.0470033,1.9751004,1.4756455418523115e-09,2.900906429617954e-07,0.8717948717948718,0.5944055944055944
Ventral Endoderm 1,pard6b,6.009285,4.2188344,1.863436028989091e-09,3.566845402506224e-07,0.6923076923076923,0.13286713286713286
Ventral Endoderm 1,erbin,6.009285,2.6549027,1.863436028989091e-09,3.566845402506224e-07,0.7948717948717948,0.5384615384615384
Ventral Endoderm 1,ccng2,5.981853,2.896998,2.2061345516720946e-09,4.0453833657173765e-07,0.7692307692307693,0.21678321678321677
Ventral Endoderm 1,jag1,5.9767094,3.5526774,2.2768977172337513e-09,4.1403487573131407e-07,0.717948717948718,0.18181818181818182
Ventral Endoderm 1,ahcyl2,5.9698515,2.6492,2.374696513821474e-09,4.247397756401507e-07,0.8205128205128205,0.44755244755244755
Ventral Endoderm 1,wee1,5.961279,2.2750032,2.5027117216610905e-09,4.4399733722249314e-07,0.8974358974358975,0.5174825174825175
Ventral Endoderm 1,lmln2,5.954421,3.9920125,2.6099403198982555e-09,4.556120617639987e-07,0.6923076923076923,0.11888111888111888
Ventral Endoderm 1,cdx4,5.918417,3.5823128,3.2505535197298776e-09,5.629391139208386e-07,0.717948717948718,0.23776223776223776
Ventral Endoderm 1,wnt11b,5.8652678,4.137188,4.484088075743213e-09,7.302036261253182e-07,0.6923076923076923,0.16083916083916083
Ventral Endoderm 1,hpgd,5.820691,4.1022587,5.860485599793075e-09,9.334427465188663e-07,0.6923076923076923,0.1888111888111888
Ventral Endoderm 1,egfr,5.8138328,1.9092536,6.105834223430245e-09,9.585281193487148e-07,0.9743589743589743,0.7902097902097902
Ventral Endoderm 1,ralgapa2,5.8052607,2.0622962,6.42660000814204e-09,1.0016774198404818e-06,0.8717948717948718,0.7412587412587412
Ventral Endoderm 1,lmtk2,5.800117,2.0728898,6.626864595685756e-09,1.0183437488905556e-06,0.9230769230769231,0.8181818181818182
Ventral Endoderm 1,esyt2,5.764113,2.469705,8.208851315767722e-09,1.243926003898385e-06,0.8205128205128205,0.44755244755244755
Ventral Endoderm 1,mst1,5.7589693,3.7466795,8.462908626599389e-09,1.273580200972588e-06,0.6923076923076923,0.16783216783216784
Ventral Endoderm 1,atp13a5l.1,5.7555404,4.311568,8.636509891906586e-09,1.2908033037759836e-06,0.6923076923076923,0.18181818181818182
Ventral Endoderm 1,smtn,5.7349663,2.916316,9.753164454726384e-09,1.409429149447579e-06,0.8461538461538461,0.6713286713286714
Ventral Endoderm 1,tmod3,5.709249,2.6031244,1.1347569084720985e-08,1.6290480591953723e-06,0.7692307692307693,0.23776223776223776
Ventral Endoderm 1,rab11fip4l,5.6903896,2.6937973,1.2674973553685573e-08,1.8077163262416528e-06,0.7692307692307693,0.2867132867132867
Ventral Endoderm 1,epb41l5,5.673245,2.3298352,1.4011773607920384e-08,1.9599417429386583e-06,0.7948717948717948,0.34965034965034963
Ventral Endoderm 1,rassf7,5.649242,4.2838974,1.611568552713387e-08,2.2398749929145744e-06,0.6410256410256411,0.08391608391608392
Ventral Endoderm 1,LOC105945479,5.6012363,2.5141504,2.1282836987902246e-08,2.884551465298229e-06,0.9230769230769231,0.5804195804195804
Ventral Endoderm 1,alcam,5.5635176,3.395234,2.6439027872237215e-08,3.517841629268831e-06,0.6923076923076923,0.2727272727272727
Ventral Endoderm 1,dmd.3,5.5395145,1.7976768,3.033110070646074e-08,4.011242112216242e-06,0.8974358974358975,0.7202797202797203
Ventral Endoderm 1,atp1b2,5.4760785,4.6747146,4.3485462537024305e-08,5.6481921310738536e-06,0.6153846153846154,0.0979020979020979
Ventral Endoderm 1,metrnl,5.467506,1.5989264,4.5641140128931136e-08,5.8931083949905704e-06,0.9230769230769231,0.7272727272727273
Ventral Endoderm 1,trpm4,5.4503613,3.2997637,5.026760787576455e-08,6.377264368936386e-06,0.6923076923076923,0.1888111888111888
Ventral Endoderm 1,ide,5.426358,2.5325994,5.751541402228732e-08,7.090643216838032e-06,0.717948717948718,0.3356643356643357
Ventral Endoderm 1,grhl2,5.4195004,2.7765522,5.976580212577626e-08,7.326682967340246e-06,0.7948717948717948,0.23076923076923078
Ventral Endoderm 1,LOC101734594,5.3989267,5.7499447,6.704080370415003e-08,8.127207653490322e-06,0.5897435897435898,0.04195804195804196
Ventral Endoderm 1,prickle1,5.3783526,2.5473619,7.517044604473996e-08,9.062399464874423e-06,0.8205128205128205,0.42657342657342656
Ventral Endoderm 1,mastl,5.371495,3.155388,7.80866446372919e-08,9.362245454012893e-06,0.6923076923076923,0.22377622377622378
Ventral Endoderm 1,rhpn2,5.357779,2.5628595,8.42512847869632e-08,1.0046160029160242e-05,0.8205128205128205,0.3006993006993007
Ventral Endoderm 1,slc9a3,5.35435,3.985221,8.586458603675371e-08,1.0127843956259476e-05,0.8205128205128205,0.6083916083916084
Ventral Endoderm 1,LOC100495677,5.344063,4.895724,9.088599801465138e-08,1.066249119719198e-05,0.5897435897435898,0.04195804195804196
Ventral Endoderm 1,bcr,5.3389196,2.5528636,9.35021722173769e-08,1.0910753475697227e-05,0.7692307692307693,0.40559440559440557
Ventral Endoderm 1,hpdl,5.337205,2.8153453,9.439032076453572e-08,1.0955804198951777e-05,0.6923076923076923,0.27972027972027974
Ventral Endoderm 1,LOC100494211,5.302915,3.8080635,1.1396788636454027e-07,1.3020383499270332e-05,0.6410256410256411,0.1258741258741259
Ventral Endoderm 1,fam184a,5.2891994,4.2240944,1.228529971910198e-07,1.3890027210907995e-05,0.6410256410256411,0.15384615384615385
Ventral Endoderm 1,hnf1b,5.2874846,3.0842113,1.2400968093977171e-07,1.3948532205086383e-05,0.717948717948718,0.22377622377622378
Ventral Endoderm 1,hap1,5.2206197,2.4083943,1.7832540896457997e-07,1.9652720954626762e-05,0.8205128205128205,0.45454545454545453
Ventral Endoderm 1,myo6,5.1846156,3.6393213,2.1646106173250129e-07,2.361698414032455e-05,0.6666666666666666,0.26573426573426573
Ventral Endoderm 1,gprc5cl2,5.1811867,5.4541974,2.2047897726079898e-07,2.3935680411979574e-05,0.5641025641025641,0.027972027972027972
Ventral Endoderm 1,nipal4,5.176043,3.306542,2.2664127688448186e-07,2.448286783612019e-05,0.6410256410256411,0.16083916083916083
Ventral Endoderm 1,pla2g7,5.158898,4.279176,2.484074802893035e-07,2.6313104987344136e-05,0.5897435897435898,0.07692307692307693
Ventral Endoderm 1,prrg2,5.155469,3.550264,2.5299675886583723e-07,2.6669769445465864e-05,0.6153846153846154,0.1048951048951049
Ventral Endoderm 1,stk17a,5.141753,2.2369888,2.7218653287704573e-07,2.8554722759182762e-05,0.7692307692307693,0.35664335664335667
Ventral Endoderm 1,nipal2,5.1331806,2.1646423,2.8488608428930594e-07,2.9744015527640885e-05,0.7692307692307693,0.46853146853146854
Ventral Endoderm 1,lsr,5.1108923,1.2709631,3.206406070654103e-07,3.2848350642132945e-05,0.8974358974358975,0.7622377622377622
Ventral Endoderm 1,osbpl1a,5.0868897,2.7657943,3.639836960793679e-07,3.69418057309204e-05,0.6923076923076923,0.26573426573426573
Ventral Endoderm 1,atg16l1,5.074888,1.8296853,3.8772408763323006e-07,3.9169107945577373e-05,0.9487179487179487,0.7832167832167832
Ventral Endoderm 1,ehd1,5.0680304,1.4256417,4.0195374543569633e-07,4.005037753037594e-05,0.9230769230769231,0.6713286713286714
Ventral Endoderm 1,itpr3,5.0680304,2.876692,4.0195374543569633e-07,4.005037753037594e-05,0.7692307692307693,0.5594405594405595
Ventral Endoderm 1,ocln,5.028597,1.8454312,4.940818189364553e-07,4.813106862059104e-05,0.8717948717948718,0.6293706293706294
Ventral Endoderm 1,tmprss4,5.01831,2.8241258,5.212802298465515e-07,5.055491509102933e-05,0.6666666666666666,0.21678321678321677
Ventral Endoderm 1,myo9b,5.0080233,2.3904102,5.499195648922902e-07,5.286253227098971e-05,0.7692307692307693,0.5244755244755245
Ventral Endoderm 1,tjp3,5.004594,4.1374288,5.59798757501945e-07,5.357617845372782e-05,0.5897435897435898,0.11888111888111888
Ventral Endoderm 1,reps1,4.997736,3.273695,5.800729707032392e-07,5.527411481971783e-05,0.6666666666666666,0.23076923076923078
Ventral Endoderm 1,ephb4,4.9463015,1.227203,7.5636812390629e-07,7.023280353940065e-05,0.8717948717948718,0.7622377622377622
Ventral Endoderm 1,stard13,4.9154406,2.3406618,8.858300237184356e-07,8.15599027323206e-05,0.8205128205128205,0.4405594405594406
Ventral Endoderm 1,lima1,4.840003,2.5804691,1.2983711353381545e-06,0.00011516974204964988,0.8205128205128205,0.45454545454545453
Ventral Endoderm 1,lsp1,4.840003,2.5747066,1.2983711353381545e-06,0.00011516974204964988,0.6666666666666666,0.2867132867132867
Ventral Endoderm 1,ankrd7,4.836574,2.5894704,1.3209603893860422e-06,0.00011622853490642269,0.6666666666666666,0.2867132867132867
Ventral Endoderm 1,krt8.1,4.7679944,1.2773834,1.8606882832341775e-06,0.00015922383932726663,0.9487179487179487,0.9370629370629371
Ventral Endoderm 1,rapgef2,4.7577076,1.5795858,1.958038439819951e-06,0.0001668998312316842,0.8974358974358975,0.8531468531468531
Ventral Endoderm 1,LOC101733948,4.7542787,5.991167,1.9915622837432348e-06,0.00016909681164809778,0.5128205128205128,0.02097902097902098
Ventral Endoderm 1,serinc5,4.713131,1.6842445,2.4393940284481552e-06,0.00020473083497987384,0.7692307692307693,0.4405594405594406
Ventral Endoderm 1,csnk1d,4.7079873,2.23365,2.501745440407766e-06,0.00020836102005777812,0.6666666666666666,0.2937062937062937
Ventral Endoderm 1,aldh1l1,4.6994147,3.6774292,2.6090782698545063e-06,0.00021647413280036194,0.5641025641025641,0.1048951048951049
Ventral Endoderm 1,bicc1,4.689128,1.3432684,2.7437168730936604e-06,0.00022592696561425196,0.8974358974358975,0.9300699300699301
Ventral Endoderm 1,rasgef1b,4.6719832,2.085302,2.983054510595572e-06,0.00024288519580487302,0.7692307692307693,0.42657342657342656
Ventral Endoderm 1,lrwd1,4.651409,1.9627204,3.29674315413807e-06,0.00026545473197950856,0.8461538461538461,0.5594405594405595
Ventral Endoderm 1,dnah5,4.64798,4.756368,3.3520093216286667e-06,0.0002689124831149233,0.5384615384615384,0.09090909090909091
Ventral Endoderm 1,usp54,4.594831,3.591765,4.330998765391766e-06,0.0003399522448187544,0.5641025641025641,0.11188811188811189
Ventral Endoderm 1,e2f8,4.591402,1.5187094,4.402780584294734e-06,0.0003431181254639121,0.8461538461538461,0.5874125874125874
Ventral Endoderm 1,cdh1,4.5725427,3.218876,4.818408400005825e-06,0.0003689210164790425,0.6153846153846154,0.25874125874125875
Ventral Endoderm 1,adamts3,4.558827,4.767196,5.144015886371004e-06,0.0003897485092239642,0.5128205128205128,0.06293706293706294
Ventral Endoderm 1,tmcc1,4.558827,3.1382668,5.144015886371004e-06,0.0003897485092239642,0.5897435897435898,0.16783216783216784
Ventral Endoderm 1,ptprf,4.4696736,1.5054235,7.833912273504763e-06,0.0005755683492260856,0.8717948717948718,0.6643356643356644
Ventral Endoderm 1,efna4,4.4559574,3.1362703,8.351957909888497e-06,0.0006074935785055896,0.5641025641025641,0.17482517482517482
Ventral Endoderm 1,csrnp1,4.4490995,2.002521,8.623104760382125e-06,0.000625132122844845,0.6923076923076923,0.3356643356643357
Ventral Endoderm 1,cdx2,4.433669,3.3451126,9.264276491313458e-06,0.0006693899911157316,0.5641025641025641,0.15384615384615385
Ventral Endoderm 1,mpzl1,4.411381,1.041119,1.0271350489928003e-05,0.0007300688568101594,0.8974358974358975,0.8181818181818182
Ventral Endoderm 1,fam83f,4.401094,4.9827166,1.0770652658189615e-05,0.0007630727651115442,0.48717948717948717,0.04195804195804196
Ventral Endoderm 1,myt1,4.3908067,2.6461682,1.1293079432270562e-05,0.0007923674800372217,0.6410256410256411,0.3006993006993007
Ventral Endoderm 1,emid1,4.3685184,4.0871906,1.2509219527418686e-05,0.0008720884322933008,0.5128205128205128,0.08391608391608392
Ventral Endoderm 1,marveld2,4.342801,3.0644612,1.4067741692458541e-05,0.0009745148935591677,0.5384615384615384,0.1258741258741259
Ventral Endoderm 1,unc80,4.339372,2.8781474,1.4289031543118735e-05,0.000986711890197449,0.5897435897435898,0.2097902097902098
Ventral Endoderm 1,mapkapk5,4.2879376,1.9271592,1.8033977285523576e-05,0.0012183263725926005,0.7435897435897436,0.5174825174825175
Ventral Endoderm 1,cldn4,4.2879376,3.2810798,1.8033977285523576e-05,0.0012183263725926005,0.5384615384615384,0.11188811188811189
Ventral Endoderm 1,znfx1,4.2690783,3.0152934,1.9628247507704503e-05,0.0013178707349711383,0.5641025641025641,0.15384615384615385
Ventral Endoderm 1,lrriq1,4.2673635,3.8380995,1.9779656022518882e-05,0.0013239628038876827,0.5128205128205128,0.09090909090909091
Ventral Endoderm 1,prcp,4.2605057,4.2474318,2.039648565420416e-05,0.001361075576331465,0.48717948717948717,0.06293706293706294
Ventral Endoderm 1,pkp3,4.245075,2.9027553,2.18520003630726e-05,0.001444946969462446,0.5641025641025641,0.16783216783216784
Ventral Endoderm 1,nodal2,4.243361,5.2018356,2.2019694708459152e-05,0.00145163673182262,0.46153846153846156,0.02097902097902098
Ventral Endoderm 1,arid3a,4.2382174,2.2118382,2.2530158307049974e-05,0.001480815013307643,0.6666666666666666,0.4195804195804196
Ventral Endoderm 1,ndfip1,4.226216,2.4313035,2.3765394094962986e-05,0.0015573113049435056,0.5897435897435898,0.2097902097902098
Ventral Endoderm 1,mfge8,4.2210727,2.0233002,2.4314274221121025e-05,0.0015837665008330802,0.717948717948718,0.3776223776223776
Ventral Endoderm 1,pacrg,4.215929,4.2242827,2.4875201332139082e-05,0.0016154814531803778,0.48717948717948717,0.06293706293706294
Ventral Endoderm 1,MGC89056,4.188497,3.324729,2.8080780129121332e-05,0.0017760889947755262,0.5128205128205128,0.1048951048951049
Ventral Endoderm 1,mob2.2,4.188497,3.2507641,2.8080780129121332e-05,0.0017760889947755262,0.5128205128205128,0.1048951048951049
Ventral Endoderm 1,camsap3,4.1404915,3.2414281,3.465624816114976e-05,0.002160668546069854,0.5384615384615384,0.14685314685314685
Ventral Endoderm 1,nt5c1a,4.135348,2.392023,3.5441712110004104e-05,0.0022033435896079757,0.5641025641025641,0.15384615384615385
Ventral Endoderm 1,ralgds,4.1336336,1.6938394,3.5707269089684585e-05,0.002213546360244339,0.7948717948717948,0.5804195804195804
Ventral Endoderm 1,chn1,4.1302047,2.78941,3.6244061806032366e-05,0.002234129018840204,0.5641025641025641,0.17482517482517482
Ventral Endoderm 1,LOC116412173,4.123347,3.6431344,3.734071898215078e-05,0.002288797272217731,0.48717948717948717,0.06293706293706294
Ventral Endoderm 1,llgl1,4.121632,1.9160959,3.761976513213818e-05,0.0022994422827685916,0.717948717948718,0.4195804195804196
Ventral Endoderm 1,ptgs2,4.099344,2.1117458,4.1432329509976426e-05,0.0025044179009340597,0.6666666666666666,0.34265734265734266
Ventral Endoderm 1,kiaa0232,4.071912,1.2216727,4.662881459536486e-05,0.0028029954911445083,0.8974358974358975,0.7552447552447552
Ventral Endoderm 1,ipmk,4.058196,2.3154657,4.945325579261685e-05,0.0029244430749341254,0.6410256410256411,0.2727272727272727
Ventral Endoderm 1,dstyk,4.058196,2.099024,4.945325579261685e-05,0.0029244430749341254,0.7435897435897436,0.5664335664335665
Ventral Endoderm 1,plekhg5,4.051338,2.6038594,5.092557075501894e-05,0.0029952746076691867,0.6410256410256411,0.3706293706293706
Ventral Endoderm 1,klf8,4.0479093,3.2412915,5.167721541507301e-05,0.0030231863741884933,0.48717948717948717,0.0979020979020979
Ventral Endoderm 1,LOC100495222,4.037622,3.1925037,5.3995736299409444e-05,0.00315037690318025,0.5897435897435898,0.23776223776223776
Ventral Endoderm 1,tmem72,4.0136194,2.6814864,5.9794764955325697e-05,0.003451803084894609,0.5897435897435898,0.2097902097902098
Ventral Endoderm 1,nuak2,4.0101905,3.3458216,6.066983066041853e-05,0.003493077506176762,0.48717948717948717,0.09090909090909091
Ventral Endoderm 1,spata13,3.9913309,1.6037358,6.570352441474494e-05,0.0037531848331260457,0.7692307692307693,0.48951048951048953
Ventral Endoderm 1,rfx3,3.9690425,2.8700829,7.216199437805942e-05,0.004089991894347103,0.5384615384615384,0.16783216783216784
Ventral Endoderm 1,fxyd3,3.9587557,2.121451,7.534127666716639e-05,0.004248118858279684,0.5897435897435898,0.21678321678321677
Ventral Endoderm 1,cfap61,3.9450397,4.8527694,7.978675589082091e-05,0.00446417128280411,0.4358974358974359,0.027972027972027972
Ventral Endoderm 1,lifr,3.924466,2.808331,8.692239267739442e-05,0.004814044493942699,0.5128205128205128,0.13286713286713286
Ventral Endoderm 1,LOC493495,3.921037,3.416845,8.816877385347826e-05,0.004858411147113002,0.48717948717948717,0.1048951048951049
Ventral Endoderm 1,sema4d,3.9193223,2.4034054,8.879827776565268e-05,0.004880773851698507,0.5641025641025641,0.22377622377622378
Ventral Endoderm 1,rai14,3.91075,3.2339063,9.200999867076051e-05,0.005044598444710214,0.48717948717948717,0.09090909090909091
Ventral Endoderm 1,kifc3,3.890176,4.255793,0.00010017152080316324,0.0053971426060390746,0.46153846153846156,0.07692307692307693
Ventral Endoderm 1,e4f1,3.879889,1.3219311,0.0001045040940505926,0.005561911795799954,0.7948717948717948,0.5524475524475524
Ventral Endoderm 1,cdx1,3.87646,2.598847,0.00010598716361363792,0.005586342746891771,0.5128205128205128,0.11888111888111888
Ventral Endoderm 1,slc25a30,3.8730311,1.4551206,0.00010749007816078159,0.005638319700832728,0.7435897435897436,0.4405594405594406
Ventral Endoderm 1,ttc12,3.8696022,2.257969,0.00010901308533071775,0.005690848169860267,0.5641025641025641,0.20279720279720279
Ventral Endoderm 1,tpm1,3.8696022,2.7456155,0.00010901308533071775,0.005690848169860267,0.5128205128205128,0.13286713286713286
Ventral Endoderm 1,schip1,3.8593152,2.473964,0.0001137051816643021,0.005879527888854825,0.5384615384615384,0.17482517482517482
Ventral Endoderm 1,rin2,3.8455994,2.8019698,0.00012025813332993192,0.006145556738623992,0.5384615384615384,0.2097902097902098
Ventral Endoderm 1,myo5c,3.82674,3.9617977,0.00012985156731309329,0.006604874243214473,0.46153846153846156,0.0979020979020979
Ventral Endoderm 1,pank1,3.813024,3.4689627,0.00013727675516295916,0.006950153304897754,0.46153846153846156,0.08391608391608392
Ventral Endoderm 1,LOC100494793,3.7770197,3.3673573,0.00015871614108981628,0.007800326384506489,0.46153846153846156,0.09090909090909091
Ventral Endoderm 1,poln,3.7770197,5.8922887,0.00015871614108981628,0.007800326384506489,0.41025641025641024,0.02097902097902098
Ventral Endoderm 1,inf2,3.7770197,2.502702,0.00015871614108981628,0.007800326384506489,0.5384615384615384,0.16783216783216784
Ventral Endoderm 1,txlnb,3.7581604,3.5978007,0.00017116715999464688,0.008355791047523915,0.46153846153846156,0.08391608391608392
Ventral Endoderm 1,mpv17l,3.7375865,4.8538074,0.0001857951699387471,0.008949749234510819,0.41025641025641024,0.027972027972027972
Ventral Endoderm 1,astl2d.1,3.722156,3.1412354,0.0001975288319572629,0.00941108437148348,0.5128205128205128,0.16083916083916083
Ventral Endoderm 1,akap12,3.722156,2.5131547,0.0001975288319572629,0.00941108437148348,0.5128205128205128,0.14685314685314685
Ventral Endoderm 1,ncoa2,3.7084403,2.8337653,0.0002085398989241977,0.009871039337147327,0.48717948717948717,0.13286713286713286
Ventral Endoderm 1,ntn3,3.7032967,2.463159,0.00021281571480311615,0.010029917306088114,0.5641025641025641,0.2517482517482518
Ventral Endoderm 1,phkb,3.7015822,2.8512907,0.00021425918724523498,0.010054515537372629,0.48717948717948717,0.13286713286713286
Ventral Endoderm 1,mertk,3.6947243,1.366052,0.00022012551926828833,0.010263587512720768,0.7435897435897436,0.7692307692307693
Ventral Endoderm 1,ppp2r5c,3.6810083,1.5681071,0.00023231337993419668,0.010762866801579842,0.6666666666666666,0.4125874125874126
Ventral Endoderm 1,carnmt1,3.6775794,2.870405,0.0002354578039664193,0.010885433771930584,0.48717948717948717,0.1258741258741259
Ventral Endoderm 1,cyb561,3.6672924,1.9373105,0.0002451323746228807,0.011261123256096588,0.5897435897435898,0.25874125874125875
Ventral Endoderm 1,arhgap29,3.6604345,1.5467869,0.0002517879177423517,0.011518373486490263,0.6923076923076923,0.45454545454545453
Ventral Endoderm 1,lmo7,3.6398606,2.8365026,0.0002727856513579742,0.012349493149963392,0.5897435897435898,0.3146853146853147
Ventral Endoderm 1,srsf1,3.6347172,1.0079962,0.0002782857699888986,0.012572409496744838,0.8205128205128205,0.6853146853146853
Ventral Endoderm 1,ptpn13,3.627859,1.0115011,0.00028578102723439235,0.01285778926862201,0.8717948717948718,0.9230769230769231
Ventral Endoderm 1,LOC394904,3.6227157,2.100039,0.0002915261437735267,0.013089283916218365,0.5641025641025641,0.2727272727272727
Ventral Endoderm 1,ugt3a2,3.6055708,3.6354628,0.00031146750647403687,0.013870474405652977,0.4358974358974359,0.07692307692307693
Ventral Endoderm 1,clint1,3.6038563,2.1184003,0.00031353038127711417,0.013933903156513052,0.5641025641025641,0.3076923076923077
Ventral Endoderm 1,sox13,3.5918548,1.9826232,0.0003283326189437509,0.01444464935074917,0.5641025641025641,0.2727272727272727
Ventral Endoderm 1,stox1,3.5695665,1.4297968,0.00035757234992509824,0.015512099896054808,0.8205128205128205,0.6853146853146853
Ventral Endoderm 1,smtnl2,3.567852,6.194081,0.00035991958355279256,0.015582946890288664,0.38461538461538464,0.013986013986013986
Ventral Endoderm 1,stk40,3.5335622,1.6186756,0.00040999945769156274,0.017204996473629983,0.6923076923076923,0.46853146853146854
Ventral Endoderm 1,MGC69473,3.5301332,1.6208549,0.00041535031866673963,0.01732955889794823,0.6410256410256411,0.32167832167832167
Ventral Endoderm 1,phldb1,3.5198464,1.3065625,0.00043179681172401604,0.017947120435485246,0.6923076923076923,0.6223776223776224
Ventral Endoderm 1,mxi1,3.507845,1.5068704,0.00045175224980484845,0.018599407250927544,0.6666666666666666,0.3776223776223776
Ventral Endoderm 1,iqgap1,3.4752696,3.1932104,0.0005103400580006136,0.020699127148013734,0.46153846153846156,0.14685314685314685
Ventral Endoderm 1,ca7,3.4684117,3.965178,0.0005235445397221408,0.021156047039401545,0.41025641025641024,0.06293706293706294
Ventral Endoderm 1,twsg1,3.4598393,2.3606768,0.0005404979338345477,0.021680524658462617,0.5128205128205128,0.1958041958041958
Ventral Endoderm 1,usp53,3.4512668,2.0751686,0.0005579616813274455,0.0221771982663865,0.5384615384615384,0.21678321678321677
Ventral Endoderm 1,fam234a,3.4478378,1.4370352,0.0005650932130813334,0.022379127046547688,0.6923076923076923,0.45454545454545453
Ventral Endoderm 1,ssh2,3.4426944,1.0113478,0.0005759498235978494,0.022767755617262086,0.8205128205128205,0.951048951048951
Ventral Endoderm 1,adap1l,3.4341218,3.5166776,0.0005944767454464949,0.02337311182412246,0.4358974358974359,0.0979020979020979
Ventral Endoderm 1,esam,3.4324074,29.573269,0.0005982480738215346,0.023479084926006664,0.358974358974359,0.0
Ventral Endoderm 1,foxd4l1.1,3.423835,3.3093805,0.0006174410130868538,0.024188833656316404,0.41025641025641024,0.06293706293706294
Ventral Endoderm 1,sptlc3,3.410119,2.5212634,0.0006493452352124878,0.025167606354479035,0.6410256410256411,0.3916083916083916
Ventral Endoderm 1,pygm,3.4032612,1.5436369,0.0006658661243618252,0.025625863667900154,0.7435897435897436,0.5524475524475524
Ventral Endoderm 1,garem1,3.3809729,3.5427594,0.0007222970482626093,0.0274586130490216,0.41025641025641024,0.06993006993006994
Ventral Endoderm 1,nectin3,3.3724003,4.479988,0.0007451605753293617,0.028034739507348277,0.38461538461538464,0.04195804195804196
Ventral Endoderm 1,man1a2,3.3689713,2.1794693,0.0007544927675378994,0.02828829326536856,0.48717948717948717,0.13986013986013987
Ventral Endoderm 1,shroom2,3.3552554,2.309253,0.0007929173829274896,0.029475724383067718,0.48717948717948717,0.17482517482517482
Ventral Endoderm 1,atp1a1,3.353541,1.1772039,0.0007978461400371888,0.02960850445876105,0.8717948717948718,0.9090909090909091
Ventral Endoderm 1,e2f7,3.3415394,1.3685207,0.0008331516059577997,0.030658012130868717,0.7435897435897436,0.5174825174825175
Ventral Endoderm 1,tspan13,3.3415394,4.425277,0.0008331516059577997,0.030658012130868717,0.38461538461538464,0.04895104895104895
Ventral Endoderm 1,krt7,3.3243947,2.6031754,0.000886107180070842,0.032280041362814434,0.5384615384615384,0.27972027972027974
Ventral Endoderm 1,tdrp,3.3243947,1.7255689,0.000886107180070842,0.032280041362814434,0.6410256410256411,0.4825174825174825
Ventral Endoderm 1,tmem238,3.3158221,4.1136684,0.0009137395495092659,0.033120781910036035,0.38461538461538464,0.04895104895104895
Ventral Endoderm 1,LOC116410271,3.2935338,3.2405,0.0009893644457933312,0.035508094690224146,0.41025641025641024,0.07692307692307693
Ventral Endoderm 1,rab12,3.2935338,1.8442544,0.0009893644457933312,0.035508094690224146,0.5384615384615384,0.24475524475524477
Ventral Endoderm 1,sh3bp4,3.2901049,1.1893305,0.001001500660557066,0.03582581297379629,0.7435897435897436,0.4195804195804196
Ventral Endoderm 1,ssr2,3.27296,1.1792374,0.0010642756345852708,0.03788508747517976,0.7435897435897436,0.5174825174825175
Ventral Endoderm 1,il1r1,3.262673,3.4169354,0.0011036678830201188,0.03896947714463109,0.38461538461538464,0.04195804195804196
Ventral Endoderm 1,gmnn,3.262673,1.1848325,0.0011036678830201188,0.03896947714463109,0.7435897435897436,0.6153846153846154
Ventral Endoderm 1,satb1,3.2335267,4.8469768,0.0012227191482399574,0.042553356513148496,0.358974358974359,0.027972027972027972
Ventral Endoderm 1,tada1,3.2283833,1.5541006,0.001244920804605362,0.04305137381504533,0.6153846153846154,0.38461538461538464
Ventral Endoderm 1,cpamd8,3.2249541,2.6957438,0.001259928084397826,0.04350140938234962,0.4358974358974359,0.11888111888111888
Ventral Endoderm 1,LOC116406975,3.2180963,3.0090902,0.0012904449465791605,0.044344565636698995,0.4358974358974359,0.13286713286713286
Ventral Endoderm 1,traf4,3.2129529,2.2004013,0.0013137787401073964,0.0450754180627099,0.46153846153846156,0.1258741258741259
Ventral Endoderm 1,tfap2c,3.2078094,1.9977639,0.0013375013443312131,0.04560252630414281,0.5897435897435898,0.3776223776223776
Ventral Endoderm 1,prss27,3.2026658,3.632415,0.001361618599962844,0.04635238606831391,0.41025641025641024,0.0979020979020979
Ventral Endoderm 1,dlg3,3.1906645,1.4013063,0.001419460332489576,0.04794743640132359,0.6410256410256411,0.3916083916083916
Ventral Endoderm 1,LOC100216037,3.1906645,4.4800496,0.001419460332489576,0.04794743640132359,0.358974358974359,0.03496503496503497
Ventral Endoderm 1,lrrc1,3.1803775,1.4864584,0.0014708330362223068,0.049453078094617804,0.6153846153846154,0.38461538461538464
Ventral Endoderm 1,ovol2,3.1769485,1.8403995,0.0014883344464825133,0.04988778180751908,0.5897435897435898,0.3076923076923077
Ventral Endoderm 1,osbpl10,-3.1769485,-1.724939,0.0014883344464825133,0.04988778180751908,0.23076923076923078,0.5594405594405595
Ventral Endoderm 1,shq1,-3.182092,-1.6560763,0.0014621536313937993,0.0492371209732162,0.2564102564102564,0.5734265734265734
Ventral Endoderm 1,vps13b,-3.1838064,-1.2749319,0.001453521449523382,0.04902208894907221,0.38461538461538464,0.6783216783216783
Ventral Endoderm 1,arhgap23,-3.1906645,-3.154337,0.001419460332489576,0.04794743640132359,0.07692307692307693,0.3986013986013986
Ventral Endoderm 1,ctnnbl1,-3.2009513,-1.2326715,0.001369746405939513,0.046556442872283665,0.358974358974359,0.7062937062937062
Ventral Endoderm 1,myos,-3.209524,-28.87537,0.0013295502494222664,0.04540237244545113,0.0,0.3356643356643357
Ventral Endoderm 1,mamld1,-3.209524,-29.2754,0.0013295502494222664,0.04540237244545113,0.0,0.3356643356643357
Ventral Endoderm 1,tcp1,-3.2180963,-1.1846558,0.0012904449465791605,0.044344565636698995,0.41025641025641024,0.6923076923076923
Ventral Endoderm 1,lemd3,-3.2215252,-1.1192594,0.0012751022399881643,0.04395577563788583,0.48717948717948717,0.8181818181818182
Ventral Endoderm 1,gab1,-3.2283833,-1.6882465,0.001244920804605362,0.04305137381504533,0.2564102564102564,0.5664335664335665
Ventral Endoderm 1,slc7a6os,-3.2283833,-1.0233123,0.001244920804605362,0.04305137381504533,0.717948717948718,0.8671328671328671
Ventral Endoderm 1,xpo4,-3.242099,-1.340082,0.0011865274454375106,0.04135976898864524,0.38461538461538464,0.6853146853146853
Ventral Endoderm 1,gnai2,-3.255815,-1.1715275,0.001130673815632261,0.039539155979024944,0.5641025641025641,0.7762237762237763
Ventral Endoderm 1,wdr75,-3.259244,-1.1369907,0.0011170953964367528,0.03925304129733717,0.5641025641025641,0.8601398601398601
Ventral Endoderm 1,aplnr,-3.259244,-1.3981804,0.0011170953964367528,0.03925304129733717,0.358974358974359,0.6573426573426573
Ventral Endoderm 1,rpl10a,-3.2643874,-1.0104197,0.0010970102401437688,0.03886016306846945,0.5641025641025641,0.7692307692307693
Ventral Endoderm 1,ipo7,-3.266102,-1.1296239,0.0010903897543921455,0.03868844687900977,0.5384615384615384,0.8111888111888111
Ventral Endoderm 1,clk1,-3.2798178,-1.1789472,0.0010387411359210252,0.037097169111182805,0.4358974358974359,0.7062937062937062
Ventral Endoderm 1,fcho2,-3.2935338,-1.096325,0.0009893644457933312,0.035508094690224146,0.5641025641025641,0.8461538461538461
Ventral Endoderm 1,khdc4,-3.2969627,-1.1505933,0.0009773645196753343,0.03525135732865367,0.41025641025641024,0.7622377622377622
Ventral Endoderm 1,ralgps2,-3.3038208,-1.886332,0.0009537679818538971,0.03445723697356604,0.23076923076923078,0.5454545454545454
Ventral Endoderm 1,abi2,-3.3055353,-2.163984,0.000947951869455573,0.03430391002220574,0.15384615384615385,0.48951048951048953
Ventral Endoderm 1,dact1,-3.319251,-1.3937743,0.0009025921471372438,0.03277115348199967,0.41025641025641024,0.6993006993006993
Ventral Endoderm 1,rbm38,-3.3243947,-3.1694498,0.000886107180070842,0.032280041362814434,0.07692307692307693,0.4125874125874126
Ventral Endoderm 1,ilvbl,-3.332967,-3.4415271,0.0008592511636239634,0.0314592611433532,0.10256410256410256,0.4195804195804196
Ventral Endoderm 1,lrpprc,-3.3346815,-1.4670626,0.000853971364015625,0.031318502746529336,0.38461538461538464,0.6643356643356644
Ventral Endoderm 1,strn3,-3.346683,-1.5110829,0.0008178468645988605,0.030196677550612075,0.3333333333333333,0.6153846153846154
Ventral Endoderm 1,rcc2,-3.346683,-1.3661569,0.0008178468645988605,0.030196677550612075,0.358974358974359,0.6293706293706294
Ventral Endoderm 1,phf14,-3.3483975,-1.3010405,0.0008128035292167123,0.03011236979802696,0.46153846153846156,0.7342657342657343
Ventral Endoderm 1,pum3,-3.3603988,-1.3952545,0.0007783001500044357,0.028981719408270976,0.3076923076923077,0.6433566433566433
Ventral Endoderm 1,frem1,-3.3621135,-3.4308338,0.000773483594627582,0.028851599176698235,0.07692307692307693,0.40559440559440557
Ventral Endoderm 1,gpn1,-3.3706858,-1.7481537,0.0007498131887792224,0.02816122821402997,0.2564102564102564,0.5454545454545454
Ventral Endoderm 1,pinx1,-3.3724003,-1.234704,0.0007451605753293617,0.028034739507348277,0.48717948717948717,0.7552447552447552
Ventral Endoderm 1,cdk4,-3.3724003,-1.1980995,0.0007451605753293617,0.028034739507348277,0.4358974358974359,0.7692307692307693
Ventral Endoderm 1,LOC100216020,-3.3758292,-1.2195046,0.0007359356778731257,0.02787995212998173,0.38461538461538464,0.7552447552447552
Ventral Endoderm 1,lmo4.1,-3.3758292,-2.2222908,0.0007359356778731257,0.02787995212998173,0.1794871794871795,0.48951048951048953
Ventral Endoderm 1,chchd10,-3.3826873,-5.5692697,0.0007178032721811633,0.027335401749153866,0.02564102564102564,0.3706293706293706
Ventral Endoderm 1,kdm4c,-3.3826873,-1.1813577,0.0007178032721811633,0.027335401749153866,0.5128205128205128,0.7762237762237763
Ventral Endoderm 1,taok2,-3.3895452,-1.083649,0.0007000866647116648,0.026801037036268835,0.5897435897435898,0.8181818181818182
Ventral Endoderm 1,mthfd1l,-3.3946886,-2.3247168,0.0006870668245417898,0.026348831596355704,0.15384615384615385,0.4755244755244755
Ventral Endoderm 1,rara,-3.4066901,-1.2564526,0.0006575574333280574,0.025395682748055825,0.46153846153846156,0.7832167832167832
Ventral Endoderm 1,eif3j,-3.4066901,-1.3272938,0.0006575574333280574,0.025395682748055825,0.28205128205128205,0.6363636363636364
Ventral Endoderm 1,robo1,-3.4118335,-1.6839736,0.0006452750002498806,0.0250543519225136,0.3333333333333333,0.6573426573426573
Ventral Endoderm 1,adam33,-3.413548,-1.307777,0.0006412285048314842,0.024941617119300923,0.6923076923076923,0.993006993006993
Ventral Endoderm 1,sestd1,-3.413548,-1.3063947,0.0006412285048314842,0.024941617119300923,0.4358974358974359,0.7132867132867133
Ventral Endoderm 1,gsap,-3.420406,-3.4923503,0.0006252773948913132,0.0244519319604361,0.02564102564102564,0.3916083916083916
Ventral Endoderm 1,fscn1,-3.4375508,-1.9920046,0.0005870003880334969,0.023120822143102772,0.20512820512820512,0.5384615384615384
Ventral Endoderm 1,sox5,-3.44098,-1.0318577,0.000579611639164405,0.022871076994948426,0.7948717948717948,0.9090909090909091
Ventral Endoderm 1,bub1,-3.4478378,-1.3023686,0.0005650932130813334,0.022379127046547688,0.46153846153846156,0.7342657342657343
Ventral Endoderm 1,epn2,-3.4512668,-2.4393613,0.0005579616813274455,0.0221771982663865,0.15384615384615385,0.4825174825174825
Ventral Endoderm 1,slc25a36,-3.4529812,-3.096424,0.0005544274344718877,0.022117296247917848,0.05128205128205128,0.4195804195804196
Ventral Endoderm 1,mbd5,-3.4546957,-2.1711504,0.0005509140488919917,0.022017390953978297,0.1794871794871795,0.4965034965034965
Ventral Endoderm 1,eya1,-3.4615538,-4.168556,0.0005370668701013308,0.021582571220038933,0.05128205128205128,0.3986013986013986
Ventral Endoderm 1,pcdh1,-3.4649827,-1.0664877,0.0005302655395348596,0.021348568889649762,0.8974358974358975,0.986013986013986
Ventral Endoderm 1,celf1,-3.4649827,-1.2193038,0.0005302655395348596,0.021348568889649762,0.46153846153846156,0.8041958041958042
Ventral Endoderm 1,gata5,-3.4786987,-1.8848151,0.0005038548599347265,0.020474146924833642,0.23076923076923078,0.5734265734265734
Ventral Endoderm 1,mthfd1,-3.4821277,-2.004152,0.0004974465601697529,0.02025145781616451,0.20512820512820512,0.5384615384615384
Ventral Endoderm 1,ets1,-3.4889855,-3.4233384,0.00048485731423049996,0.019775834493128485,0.07692307692307693,0.42657342657342656
Ventral Endoderm 1,adgra3,-3.4889855,-1.0319641,0.00048485731423049996,0.019775834493128485,0.5897435897435898,0.8531468531468531
Ventral Endoderm 1,LOC100145148,-3.5027015,-1.2984344,0.00046056530074986335,0.018855526130699376,0.5128205128205128,0.7902097902097902
Ventral Endoderm 1,bcar1,-3.5061305,-3.0155423,0.00045467229506289256,0.01868437693138866,0.1282051282051282,0.45454545454545453
Ventral Endoderm 1,furin,-3.5129883,-1.8995898,0.0004430967820001148,0.018312149393985806,0.3333333333333333,0.6153846153846154
Ventral Endoderm 1,hace1,-3.5164175,-5.1470146,0.000437412734340151,0.018145975809955202,0.02564102564102564,0.38461538461538464
Ventral Endoderm 1,noc3l,-3.5232754,-1.4154681,0.0004262482628918602,0.017750311726265806,0.38461538461538464,0.7132867132867133
Ventral Endoderm 1,irf6.2,-3.5301332,-1.6582209,0.00041535031866673963,0.01732955889794823,0.28205128205128205,0.6433566433566433
Ventral Endoderm 1,arhgap36,-3.5335622,-2.1293907,0.00040999945769156274,0.017204996473629983,0.1794871794871795,0.5314685314685315
Ventral Endoderm 1,rnd3,-3.535277,-4.4492908,0.00040734823797572645,0.017159741121367426,0.05128205128205128,0.40559440559440557
Ventral Endoderm 1,ammecr1,-3.5421348,-1.0491421,0.00039690267971537326,0.016752056816381353,0.6666666666666666,0.8251748251748252
Ventral Endoderm 1,c6.2,-3.5438492,-1.6108794,0.0003943306780672884,0.016675755283151746,0.3333333333333333,0.6643356643356644
Ventral Endoderm 1,cop1,-3.5438492,-1.1128194,0.0003943306780672884,0.016675755283151746,0.7948717948717948,0.9020979020979021
Ventral Endoderm 1,gnl3,-3.5438492,-1.0775552,0.0003943306780672884,0.016675755283151746,0.6153846153846154,0.916083916083916
Ventral Endoderm 1,sufu,-3.5455637,-1.2025495,0.00039177425623930447,0.016664534201555288,0.46153846153846156,0.7412587412587412
Ventral Endoderm 1,depdc1,-3.550707,-1.2677276,0.00038419760280069946,0.016374171661550904,0.48717948717948717,0.7482517482517482
Ventral Endoderm 1,utp25,-3.550707,-1.6434329,0.00038419760280069946,0.016374171661550904,0.28205128205128205,0.6293706293706294
Ventral Endoderm 1,prdm2,-3.550707,-3.1884284,0.00038419760280069946,0.016374171661550904,0.1282051282051282,0.46153846153846156
Ventral Endoderm 1,fchsd2,-3.5541363,-1.3957056,0.0003792228179323997,0.016257408860712953,0.41025641025641024,0.7062937062937062
Ventral Endoderm 1,baz1b,-3.5592797,-1.1259199,0.00037187341756672815,0.015973720166778692,0.6153846153846154,0.8811188811188811
Ventral Endoderm 1,setx,-3.564423,-1.2699399,0.0003646573385882615,0.01569465046417052,0.48717948717948717,0.7832167832167832
Ventral Endoderm 1,pa2g4,-3.564423,-1.3091501,0.0003646573385882615,0.01569465046417052,0.48717948717948717,0.7552447552447552
Ventral Endoderm 1,ccdc9,-3.5832825,-1.3943429,0.00033930332668620337,0.014778319144949387,0.4358974358974359,0.7342657342657343
Ventral Endoderm 1,mcm3ap,-3.584997,-1.0553606,0.0003370821173430778,0.014710937765086602,0.6410256410256411,0.8951048951048951
Ventral Endoderm 1,foxc2,-3.5884259,-4.495547,0.00033268045366274617,0.01457714895456784,0.02564102564102564,0.3986013986013986
Ventral Endoderm 1,c15orf39,-3.5884259,-1.4496019,0.00033268045366274617,0.01457714895456784,0.38461538461538464,0.7202797202797203
Ventral Endoderm 1,uap1,-3.5918548,-1.2884783,0.0003283326189437509,0.01444464935074917,0.717948717948718,0.9790209790209791
Ventral Endoderm 1,lamb1,-3.595284,-3.0810523,0.00032403800539514973,0.014313427764630694,0.07692307692307693,0.44755244755244755
Ventral Endoderm 1,naf1,-3.598713,-1.400683,0.0003197960114220087,0.014154703377768056,0.38461538461538464,0.6853146853146853
Ventral Endoderm 1,nop2,-3.6004274,-1.1492305,0.00031769456045854756,0.014090270332857655,0.5641025641025641,0.8111888111888111
Ventral Endoderm 1,meis1,-3.6055708,-2.3834417,0.00031146750647403687,0.013870474405652977,0.23076923076923078,0.5384615384615384
Ventral Endoderm 1,hipk2,-3.612429,-2.9720361,0.0003033424131880374,0.01356400573396755,0.10256410256410256,0.45454545454545453
Ventral Endoderm 1,rbms1,-3.612429,-1.2333798,0.0003033424131880374,0.01356400573396755,0.6410256410256411,0.8811188811188811
Ventral Endoderm 1,papss1,-3.6295736,-2.3680062,0.000283889680559838,0.012799084131190547,0.1282051282051282,0.5034965034965035
Ventral Endoderm 1,tars1,-3.648433,-1.5632013,0.00026384461489824674,0.011969549566932728,0.358974358974359,0.6993006993006993
Ventral Endoderm 1,pdcd11,-3.655291,-1.1612242,0.00025689038946195093,0.01170272481930946,0.5641025641025641,0.8391608391608392
Ventral Endoderm 1,gnl3l,-3.6570055,-1.2708849,0.00025517888882790413,0.011649076429108151,0.48717948717948717,0.8111888111888111
Ventral Endoderm 1,numa1,-3.6604345,-1.2284447,0.0002517879177423517,0.011518373486490263,0.5128205128205128,0.8181818181818182
Ventral Endoderm 1,rbm34,-3.6672924,-1.7330472,0.0002451323746228807,0.011261123256096588,0.23076923076923078,0.6083916083916084
Ventral Endoderm 1,cep170b,-3.6878662,-1.3397679,0.000226142392518928,0.010499262015224529,0.6410256410256411,0.916083916083916
Ventral Endoderm 1,vegt,-3.6912954,-1.0387748,0.00022311491671561835,0.010380790186890209,0.7948717948717948,0.9090909090909091
Ventral Endoderm 1,gen1,-3.6981533,-1.5148007,0.00021717375594959259,0.010147641388813832,0.38461538461538464,0.7062937062937062
Ventral Endoderm 1,ctps1,-3.6981533,-1.5683703,0.00021717375594959259,0.010147641388813832,0.3076923076923077,0.6923076923076923
Ventral Endoderm 1,lpar4,-3.7015822,-2.7553847,0.00021425918724523498,0.010054515537372629,0.10256410256410256,0.46853146853146854
Ventral Endoderm 1,slc7a6,-3.7050111,-1.6577802,0.00021138137831001343,0.00998388107381559,0.4358974358974359,0.7132867132867133
Ventral Endoderm 1,eml2,-3.7084403,-1.953496,0.0002085398989241977,0.009871039337147327,0.3076923076923077,0.6083916083916084
Ventral Endoderm 1,gas1,-3.718727,-5.1983395,0.00020022920434131702,0.009518957446474682,0.02564102564102564,0.40559440559440557
Ventral Endoderm 1,thada,-3.725585,-1.8375763,0.0001948627059026621,0.009345272759345033,0.3333333333333333,0.6223776223776224
Ventral Endoderm 1,nid2,-3.7272997,-1.3555409,0.0001935423590279581,0.009302396071253466,0.5128205128205128,0.7692307692307693
Ventral Endoderm 1,taf4,-3.739301,-1.0551298,0.00018453266238764704,0.0089086000574355,0.6666666666666666,0.8601398601398601
Ventral Endoderm 1,phf10,-3.7547314,-1.1835884,0.00017352746266986123,0.008433280095588067,0.6153846153846154,0.8531468531468531
Ventral Endoderm 1,psap,-3.756446,-1.5408868,0.00017234351103123768,0.008394436951367495,0.41025641025641024,0.7622377622377622
Ventral Endoderm 1,styx,-3.7650182,-1.862948,0.00016653685840994404,0.008166293904187391,0.2564102564102564,0.6013986013986014
Ventral Endoderm 1,frs2,-3.7770197,-1.1790297,0.00015871614108981628,0.007800326384506489,0.5641025641025641,0.8601398601398601
Ventral Endoderm 1,slc25a1,-3.7787342,-2.2481523,0.00015762752917355602,0.007800326384506489,0.20512820512820512,0.5594405594405595
Ventral Endoderm 1,ptpra,-3.7821631,-1.6497781,0.00015547135274935687,0.007727882433584776,0.3076923076923077,0.6573426573426573
Ventral Endoderm 1,prtg,-3.7838776,-1.3952361,0.00015440370399771178,0.0076923361299864575,0.6666666666666666,0.916083916083916
Ventral Endoderm 1,wwc2,-3.7890213,-1.7795035,0.00015124201496927837,0.007552064093008292,0.2564102564102564,0.6573426573426573
Ventral Endoderm 1,magi1,-3.7907357,-1.573759,0.0001502017333113695,0.00751732115272338,0.48717948717948717,0.7342657342657343
Ventral Endoderm 1,nop58,-3.7941647,-1.2254337,0.00014814134650332673,0.007431246717354236,0.5897435897435898,0.9090909090909091
Ventral Endoderm 1,flt1,-3.8010225,-6.5493803,0.00014410014887995253,0.007245182831127752,0.02564102564102564,0.4125874125874126
Ventral Endoderm 1,wdr43,-3.8010225,-1.5131341,0.00014410014887995253,0.007245182831127752,0.3333333333333333,0.7412587412587412
Ventral Endoderm 1,wnt8b,-3.8113096,-29.49276,0.000138232535621695,0.0069823429625023295,0.0,0.3986013986013986
Ventral Endoderm 1,tent4b,-3.8181674,-1.1391972,0.00013444663032705103,0.006822697489224606,0.7692307692307693,0.9020979020979021
Ventral Endoderm 1,ptar1,-3.830169,-2.23178,0.0001280553170539897,0.006528726807091376,0.20512820512820512,0.5594405594405595
Ventral Endoderm 1,bicra,-3.8558862,-1.0322881,0.00011531109284990396,0.005920478487241775,0.6666666666666666,0.8881118881118881
Ventral Endoderm 1,dhcr7,-3.8558862,-2.6453424,0.00011531109284990396,0.005920478487241775,0.1282051282051282,0.5104895104895105
Ventral Endoderm 1,fip1l1,-3.8558862,-1.8282152,0.00011531109284990396,0.005920478487241775,0.3333333333333333,0.6223776223776224
Ventral Endoderm 1,pom121,-3.8593152,-1.1165686,0.0001137051816643021,0.005879527888854825,0.6410256410256411,0.8601398601398601
Ventral Endoderm 1,cdc25b,-3.8644588,-1.5994737,0.00011133581844703316,0.005798231251390717,0.358974358974359,0.7552447552447552
Ventral Endoderm 1,g3bp2,-3.8747456,-1.5185002,0.00010673612485288769,0.005612262603409307,0.3076923076923077,0.6713286713286714
Ventral Endoderm 1,ppat,-3.87646,-2.025392,0.00010598716361363792,0.005586342746891771,0.23076923076923078,0.6083916083916084
Ventral Endoderm 1,ipo11,-3.87646,-2.1712127,0.00010598716361363792,0.005586342746891771,0.1794871794871795,0.5664335664335665
Ventral Endoderm 1,rpgrip1l,-3.8816037,-1.6071273,0.00010376992451914845,0.005536341131863908,0.41025641025641024,0.7552447552447552
Ventral Endoderm 1,nup58,-3.8833182,-1.5892932,0.00010304062463926984,0.0055109055643468305,0.358974358974359,0.6643356643356644
Ventral Endoderm 1,srfbp1,-3.8833182,-4.459112,0.00010304062463926984,0.0055109055643468305,0.05128205128205128,0.4405594405594406
Ventral Endoderm 1,nr2f6,-3.8833182,-1.8456851,0.00010304062463926984,0.0055109055643468305,0.23076923076923078,0.6293706293706294
Ventral Endoderm 1,arhgef17,-3.893605,-1.3646659,9.876541049001158e-05,0.0053345545106498575,0.5897435897435898,0.8251748251748252
Ventral Endoderm 1,ola1,-3.893605,-2.2057984,9.876541049001158e-05,0.0053345545106498575,0.1794871794871795,0.5734265734265734
Ventral Endoderm 1,cfh,-3.893605,-3.6583145,9.876541049001158e-05,0.0053345545106498575,0.07692307692307693,0.46853146853146854
Ventral Endoderm 1,frmd4b,-3.8987484,-1.6398718,9.669113825816014e-05,0.005261589346462126,0.41025641025641024,0.7552447552447552
Ventral Endoderm 1,septin7,-3.907321,-1.2120914,9.332515336510766e-05,0.005103880129273219,0.6153846153846154,0.8601398601398601
Ventral Endoderm 1,fzd7,-3.921037,-1.2109475,8.816877385347826e-05,0.004858411147113002,0.6923076923076923,0.951048951048951
Ventral Endoderm 1,dhx37,-3.924466,-1.8388827,8.692239267739442e-05,0.004814044493942699,0.3333333333333333,0.6293706293706294
Ventral Endoderm 1,eif3c,-3.9261804,-1.3857088,8.630546270016375e-05,0.004804264034643554,0.46153846153846156,0.7552447552447552
Ventral Endoderm 1,nsun2,-3.9398963,-1.4868178,8.15168582763771e-05,0.004549307837465025,0.41025641025641024,0.7272727272727273
Ventral Endoderm 1,fam53a,-3.953612,-1.414989,7.698015504927572e-05,0.004318210702648446,0.5128205128205128,0.7552447552447552
Ventral Endoderm 1,tcof1,-3.9553266,-1.1673373,7.643015295149668e-05,0.004298408163800538,0.717948717948718,0.916083916083916
Ventral Endoderm 1,grin2c,-3.9656136,-5.2066064,7.320738177944324e-05,0.004138492947692308,0.02564102564102564,0.43356643356643354
Ventral Endoderm 1,slc23a2,-3.9690425,-3.777551,7.216199437805942e-05,0.004089991894347103,0.07692307692307693,0.4755244755244755
Ventral Endoderm 1,troap,-3.9793296,-1.5060729,6.910990453050476e-05,0.00393746012208915,0.38461538461538464,0.7412587412587412
Ventral Endoderm 1,septin12,-3.9964743,-2.939173,6.429283474797249e-05,0.0036822413308018574,0.1282051282051282,0.5174825174825175
Ventral Endoderm 1,LOC100127805,-4.0136194,-2.9503386,5.9794764955325697e-05,0.003451803084894609,0.1794871794871795,0.5664335664335665
Ventral Endoderm 1,znf44,-4.0204773,-1.1452448,5.808036212970296e-05,0.0033706691011495967,0.8974358974358975,0.986013986013986
Ventral Endoderm 1,mcc,-4.030764,-1.533157,5.559580449509676e-05,0.003235082799700017,0.5128205128205128,0.7622377622377622
Ventral Endoderm 1,sdc4,-4.051338,-1.1928632,5.092557075501894e-05,0.0029952746076691867,0.6666666666666666,0.9230769230769231
Ventral Endoderm 1,cdc42bpa,-4.063339,-1.3018966,4.837559666440537e-05,0.002876304890501334,0.5641025641025641,0.8391608391608392
Ventral Endoderm 1,polr3a,-4.065054,-1.4425143,4.802135162783439e-05,0.0028630434805217877,0.5128205128205128,0.8041958041958042
Ventral Endoderm 1,trabd2b,-4.068483,-4.229542,4.73202264644993e-05,0.0028289716758406556,0.07692307692307693,0.4755244755244755
Ventral Endoderm 1,LOC100492280,-4.068483,-1.8365097,4.73202264644993e-05,0.0028289716758406556,0.3333333333333333,0.6993006993006993
Ventral Endoderm 1,cfdp1,-4.0787697,-2.0537815,4.527462607124742e-05,0.002729109435084779,0.28205128205128205,0.6573426573426573
Ventral Endoderm 1,bud23,-4.101058,-1.6658093,4.112650473759578e-05,0.002492837388552993,0.38461538461538464,0.7272727272727273
Ventral Endoderm 1,tgif2,-4.1044874,-1.6218209,4.05212694020614e-05,0.0024629933694216765,0.41025641025641024,0.7272727272727273
Ventral Endoderm 1,kif7,-4.1062016,-1.462846,4.022183067127477e-05,0.0024516216957482873,0.5384615384615384,0.8181818181818182
Ventral Endoderm 1,mllt3,-4.123347,-1.9037124,3.734071898215078e-05,0.002288797272217731,0.41025641025641024,0.7062937062937062
Ventral Endoderm 1,rrp12,-4.131919,-1.371796,3.597471477463153e-05,0.002223808076762704,0.6153846153846154,0.9370629370629371
Ventral Endoderm 1,tcf7,-4.1679235,-1.584484,3.073873133063245e-05,0.0019219193592141279,0.6923076923076923,0.8811188811188811
Ventral Endoderm 1,lats2,-4.1747813,-3.232614,2.9827250133363787e-05,0.0018756784586747297,0.07692307692307693,0.5104895104895105
Ventral Endoderm 1,sh3rf1,-4.1764956,-1.3026074,2.960342659931718e-05,0.0018669837335945092,0.8205128205128205,0.8951048951048951
Ventral Endoderm 1,utp3,-4.1987844,-1.5207622,2.6835200730412946e-05,0.0017072038342225682,0.46153846153846156,0.8181818181818182
Ventral Endoderm 1,MGC69493,-4.2004986,-1.6962987,2.6632781148381834e-05,0.0016992804603474855,0.6153846153846154,0.8811188811188811
Ventral Endoderm 1,lrp1,-4.2004986,-1.4992423,2.6632781148381834e-05,0.0016992804603474855,0.5128205128205128,0.8391608391608392
Ventral Endoderm 1,skor1,-4.2022133,-5.6496205,2.6431814096413988e-05,0.0016963782805819107,0.02564102564102564,0.45454545454545453
Ventral Endoderm 1,hipk1,-4.209071,-1.0036647,2.564227538701309e-05,0.0016505607410619843,0.8717948717948718,0.993006993006993
Ventral Endoderm 1,immp2l,-4.209071,-3.948176,2.564227538701309e-05,0.0016505607410619843,0.07692307692307693,0.4965034965034965
Ventral Endoderm 1,imp3,-4.2107854,-1.8547983,2.5448424673897516e-05,0.0016478043762881832,0.3076923076923077,0.6853146853146853
Ventral Endoderm 1,tle1,-4.222787,-1.1940758,2.4129987796799545e-05,0.0015764684542334218,0.7692307692307693,0.9300699300699301
Ventral Endoderm 1,riok1,-4.250219,-2.524701,2.1356180476355462e-05,0.001416453538524476,0.1282051282051282,0.5804195804195804
Ventral Endoderm 1,smurf2,-4.2947955,-1.1589483,1.7485443130500873e-05,0.0011886288303758865,0.717948717948718,0.9300699300699301
Ventral Endoderm 1,kmt2a,-4.3050823,-1.0606408,1.6692355763370585e-05,0.0011382621722265923,0.8974358974358975,0.986013986013986
Ventral Endoderm 1,ephb1,-4.306797,-1.4253513,1.6563553517093394e-05,0.0011330197532805485,0.717948717948718,0.9230769230769231
Ventral Endoderm 1,smad7,-4.3153696,-1.1688883,1.5933624480119686e-05,0.0010933572949078354,0.8205128205128205,0.958041958041958
Ventral Endoderm 1,noc2l,-4.349659,-1.6154541,1.3634928844784829e-05,0.0009475407080320056,0.5128205128205128,0.8741258741258742
Ventral Endoderm 1,aqr,-4.377091,-1.2543153,1.2027377154609816e-05,0.0008411839643934,0.6410256410256411,0.9090909090909091
Ventral Endoderm 1,mga,-4.3908067,-1.5338231,1.1293079432270562e-05,0.0007923674800372217,0.48717948717948717,0.8951048951048951
Ventral Endoderm 1,bop1,-4.397665,-1.788635,1.0942176322223623e-05,0.0007727159531625944,0.38461538461538464,0.7552447552447552
Ventral Endoderm 1,mta1,-4.4165244,-1.4482507,1.0030065518548812e-05,0.0007175936382959135,0.5384615384615384,0.8531468531468531
Ventral Endoderm 1,mms19,-4.431955,-1.8063314,9.338266203438444e-06,0.0006725092634496049,0.38461538461538464,0.7272727272727273
Ventral Endoderm 1,evc2,-4.4559574,-3.0642748,8.351957909888497e-06,0.0006074935785055896,0.1282051282051282,0.5664335664335665
Ventral Endoderm 1,prpf39.2,-4.4628153,-1.8111541,8.088971616838168e-06,0.0005923135894329721,0.3333333333333333,0.7482517482517482
Ventral Endoderm 1,tiparp,-4.4868183,-6.401549,7.229467751999383e-06,0.0005347600536148425,0.02564102564102564,0.4825174825174825
Ventral Endoderm 1,bcor,-4.493676,-1.6675036,7.000402707922306e-06,0.0005195775084679341,0.48717948717948717,0.8671328671328671
Ventral Endoderm 1,fbxw8,-4.493676,-1.5451908,7.000402707922306e-06,0.0005195775084679341,0.5384615384615384,0.8811188811188811
Ventral Endoderm 1,snai1,-4.49882,-2.6911888,6.833176928708349e-06,0.0005106395676758386,0.20512820512820512,0.6013986013986014
Ventral Endoderm 1,kifc1,-4.500534,-1.1392056,6.77828917046059e-06,0.0005082785154248128,0.7948717948717948,0.951048951048951
Ventral Endoderm 1,pds5a,-4.517679,-1.0987062,6.252113666367767e-06,0.0004704392148752105,0.7692307692307693,0.9440559440559441
Ventral Endoderm 1,cdc42bpb,-4.541682,-1.4427172,5.580718854355778e-06,0.0004213732391726555,0.6153846153846154,0.916083916083916
Ventral Endoderm 1,ror2,-4.560541,-1.2456583,5.102191594709236e-06,0.00038928294681171406,0.8205128205128205,0.965034965034965
Ventral Endoderm 1,rcl1,-4.5725427,-1.9670619,4.818408400005825e-06,0.0003689210164790425,0.358974358974359,0.7062937062937062
Ventral Endoderm 1,nop56,-4.5828295,-1.457133,4.58725622836907e-06,0.00035370501116339747,0.6153846153846154,0.958041958041958
Ventral Endoderm 1,dzip1,-4.587973,-1.678922,4.475701465111883e-06,0.0003463272399652709,0.5641025641025641,0.8111888111888111
Ventral Endoderm 1,LOC100486548,-4.589688,-1.008764,4.439097572422081e-06,0.0003447172531239225,0.8461538461538461,0.972027972027972
Ventral Endoderm 1,gata2,-4.5931168,-1.546753,4.366748357862237e-06,0.000341529806153806,0.6923076923076923,0.958041958041958
Ventral Endoderm 1,st3gal5,-4.6102614,-2.749415,4.0216272495409676e-06,0.0003168084050983157,0.10256410256410256,0.6083916083916084
Ventral Endoderm 1,abtb2,-4.6136904,-29.556227,3.955813410666992e-06,0.0003127529146165378,0.0,0.4825174825174825
Ventral Endoderm 1,cfb,-4.615405,-2.377066,3.923294836916098e-06,0.0003113098786776224,0.41025641025641024,0.7412587412587412
Ventral Endoderm 1,pcf11,-4.63255,-1.0002466,3.611892605803928e-06,0.00028764638157389603,0.8717948717948718,0.993006993006993
Ventral Endoderm 1,nop14,-4.6445513,-1.3907627,3.4081633673435087e-06,0.0002724158712044055,0.5897435897435898,0.8951048951048951
Ventral Endoderm 1,acvr1b,-4.651409,-1.7233021,3.29674315413807e-06,0.00026545473197950856,0.4358974358974359,0.7972027972027972
Ventral Endoderm 1,LOC100145508,-4.654838,-1.8526071,3.2423514657432016e-06,0.00026301617596275986,0.48717948717948717,0.8671328671328671
Ventral Endoderm 1,cad,-4.6719832,-1.7796773,2.983054510595572e-06,0.00024288519580487302,0.48717948717948717,0.8461538461538461
Ventral Endoderm 1,kcnmb4,-4.68227,-4.812176,2.837153370049283e-06,0.00023274257025505794,0.05128205128205128,0.5244755244755245
Ventral Endoderm 1,dennd2c,-4.692557,-2.9134579,2.698113116099472e-06,0.00022301335722123706,0.1282051282051282,0.5944055944055944
Ventral Endoderm 1,ddx10,-4.709702,-1.4086885,2.4807935683995793e-06,0.0002074076492568859,0.6923076923076923,0.965034965034965
Ventral Endoderm 1,fgfr4,-4.7319903,-1.1378707,2.223290804422723e-06,0.00018731439630620942,0.8717948717948718,0.951048951048951
Ventral Endoderm 1,ldb1,-4.7371335,-1.267078,2.1676213468568606e-06,0.00018333203647195176,0.7948717948717948,0.9440559440559441
Ventral Endoderm 1,fgd6,-4.7714233,-1.9431863,1.8292844440067588e-06,0.00015715281831760427,0.38461538461538464,0.7692307692307693
Ventral Endoderm 1,cadps2,-4.7954264,-2.541648,1.6232919218366225e-06,0.00014000732421500767,0.2564102564102564,0.6923076923076923
Ventral Endoderm 1,prr12,-4.7988553,-1.569483,1.59574991958503e-06,0.00013817801188597197,0.5897435897435898,0.8741258741258742
Ventral Endoderm 1,kdm2b,-4.809142,-1.9448707,1.5157929233234808e-06,0.0001317773600790505,0.38461538461538464,0.7622377622377622
Ventral Endoderm 1,cdh11,-4.829716,-6.867576,1.3672782052967432e-06,0.00011982079404731018,0.02564102564102564,0.5174825174825175
Ventral Endoderm 1,rnf165,-4.838289,-3.8283792,1.3096189170829112e-06,0.00011569714327800083,0.07692307692307693,0.5734265734265734
Ventral Endoderm 1,cyyr1,-4.846861,-2.475617,1.2543021738719018e-06,0.00011217265465597857,0.23076923076923078,0.6923076923076923
Ventral Endoderm 1,syn2,-4.870864,-2.517488,1.111113641206986e-06,0.00010018847423461836,0.23076923076923078,0.6993006993006993
Ventral Endoderm 1,sptbn2,-4.874293,-1.2947798,1.0919889027585615e-06,9.887257197964552e-05,0.8974358974358975,1.0
Ventral Endoderm 1,fgfr3,-4.877722,-3.3639953,1.0731811554678236e-06,9.757452497276408e-05,0.1282051282051282,0.5874125874125874
Ventral Endoderm 1,ebf3,-4.8914375,-2.959509,1.0010204826632569e-06,9.139442657822146e-05,0.358974358974359,0.7202797202797203
Ventral Endoderm 1,cenpe,-4.9188695,-1.2436215,8.704543625734114e-07,8.048383324455259e-05,0.8461538461538461,0.972027972027972
Ventral Endoderm 1,mybbp1a,-4.9565883,-1.7746778,7.174175170821044e-07,6.69007164113188e-05,0.46153846153846156,0.8461538461538461
Ventral Endoderm 1,septin10,-4.960017,-1.863053,7.048689106481479e-07,6.601263733585079e-05,0.41025641025641024,0.8041958041958042
Ventral Endoderm 1,tiam1,-4.9703045,-1.6309477,6.684791549900526e-07,6.287449845274973e-05,0.717948717948718,0.916083916083916
Ventral Endoderm 1,tbx6,-4.9754477,-5.19493,6.509699803688725e-07,6.149270970402237e-05,0.05128205128205128,0.5454545454545454
Ventral Endoderm 1,aatf,-4.994307,-1.6344779,5.904737153072994e-07,5.602055192052426e-05,0.5384615384615384,0.8671328671328671
Ventral Endoderm 1,LOC100496031,-5.011452,-2.5161169,5.402085732542847e-07,5.215881096009622e-05,0.3076923076923077,0.7272727272727273
Ventral Endoderm 1,farp2,-5.028597,-1.5437626,4.940818189364553e-07,4.813106862059104e-05,0.6666666666666666,0.8881118881118881
Ventral Endoderm 1,cep295,-5.028597,-1.4160601,4.940818189364553e-07,4.813106862059104e-05,0.6923076923076923,0.958041958041958
Ventral Endoderm 1,cpsf1,-5.0303116,-1.6413935,4.896838936766146e-07,4.813106862059104e-05,0.6666666666666666,0.9090909090909091
Ventral Endoderm 1,ryk,-5.054314,-1.1728562,4.319399343604792e-07,4.284255139854553e-05,0.8717948717948718,0.9790209790209791
Ventral Endoderm 1,usp28,-5.0697446,-5.9371247,3.9834980532444236e-07,4.005037753037594e-05,0.02564102564102564,0.5454545454545454
Ventral Endoderm 1,rapgef1,-5.105749,-1.22151,3.29486952627236e-07,3.359689155737812e-05,0.8717948717948718,0.993006993006993
Ventral Endoderm 1,ncaph,-5.114321,-2.1929142,3.148709110191154e-07,3.240942523277414e-05,0.28205128205128205,0.7762237762237763
Ventral Endoderm 1,tgfbr2,-5.1246085,-2.8802848,2.981569398144001e-07,3.083451461464466e-05,0.3333333333333333,0.7482517482517482
Ventral Endoderm 1,capza1,-5.1263227,-2.9919963,2.95455894081643e-07,3.070068126074063e-05,0.20512820512820512,0.6433566433566433
Ventral Endoderm 1,dlc1,-5.1606126,-1.8701044,2.4614310242847853e-07,2.6200432380935756e-05,0.5128205128205128,0.8951048951048951
Ventral Endoderm 1,mars1,-5.1623273,-2.6130335,2.4389867098713945e-07,2.6088788723580244e-05,0.23076923076923078,0.6993006993006993
Ventral Endoderm 1,hmga2,-5.165756,-1.8567226,2.3946897208012295e-07,2.5741145023450063e-05,0.5384615384615384,0.8531468531468531
Ventral Endoderm 1,ceacam19lx,-5.189759,-2.7354677,2.105665601433123e-07,2.3089311099935765e-05,0.23076923076923078,0.7272727272727273
Ventral Endoderm 1,eomes,-5.232621,-2.359296,1.6712307582585941e-07,1.8511637754294812e-05,0.23076923076923078,0.7692307692307693
Ventral Endoderm 1,dlc,-5.260053,-2.975848,1.4401392933333834e-07,1.6033305877463143e-05,0.358974358974359,0.7552447552447552
Ventral Endoderm 1,chd7,-5.2857704,-1.0903039,1.251768980846435e-07,1.4007615862076953e-05,0.9230769230769231,1.0
Ventral Endoderm 1,atxn7,-5.302915,-1.8573264,1.1396788636454027e-07,1.3020383499270332e-05,0.5128205128205128,0.8461538461538461
Ventral Endoderm 1,rspo3,-5.3354907,-2.4361234,9.528663368177583e-08,1.1001320812539845e-05,0.358974358974359,0.8811188811188811
Ventral Endoderm 1,npm1,-5.35435,-1.838983,8.586458603675371e-08,1.0127843956259476e-05,0.48717948717948717,0.8671328671328671
Ventral Endoderm 1,darmin,-5.4023557,-2.8122816,6.577141752698613e-08,8.017866490817678e-06,0.38461538461538464,0.8671328671328671
Ventral Endoderm 1,pcdh10,-5.4332166,-6.521993,5.5347231854920376e-08,6.862113331285327e-06,0.02564102564102564,0.5804195804195804
Ventral Endoderm 1,LOC100145428,-5.4400744,-3.0882173,5.325835091318987e-08,6.640859858724093e-06,0.23076923076923078,0.7062937062937062
Ventral Endoderm 1,parp1,-5.4400744,-1.1230394,5.325835091318987e-08,6.640859858724093e-06,0.8974358974358975,1.0
Ventral Endoderm 1,lama1,-5.4469323,-3.724653,5.124596540363703e-08,6.4638046882818705e-06,0.1282051282051282,0.6573426573426573
Ventral Endoderm 1,zfp36l2,-5.460648,-1.9619371,4.743993280399096e-08,6.053723822899923e-06,0.46153846153846156,0.8741258741258742
Ventral Endoderm 1,LOC733735,-5.460648,-2.0732396,4.743993280399096e-08,6.053723822899923e-06,0.38461538461538464,0.8251748251748252
Ventral Endoderm 1,wipi2,-5.48808,-1.8976113,4.063260198215238e-08,5.309245556003276e-06,0.8974358974358975,0.965034965034965
Ventral Endoderm 1,cep85l,-5.491509,-1.9315828,3.985140345165884e-08,5.238539004329202e-06,0.6666666666666666,0.916083916083916
Ventral Endoderm 1,pkp2,-5.565232,-2.9724782,2.618038195674246e-08,3.504798249558756e-06,0.20512820512820512,0.7272727272727273
Ventral Endoderm 1,b4galt5,-5.5978074,-5.9239254,2.1707981647792698e-08,2.9240115280029906e-06,0.05128205128205128,0.6083916083916084
Ventral Endoderm 1,amer1,-5.609809,-2.7312896,2.0255033392551764e-08,2.7624067728679504e-06,0.20512820512820512,0.7412587412587412
Ventral Endoderm 1,pfkfb1,-5.6269536,-3.7259488,1.8341999841291946e-08,2.517237600860576e-06,0.10256410256410256,0.6713286713286714
Ventral Endoderm 1,foxp1,-5.638955,-1.7698519,1.710851715751394e-08,2.362816157557669e-06,0.5641025641025641,0.8461538461538461
Ventral Endoderm 1,agrn,-5.673245,-2.190107,1.4011773607920384e-08,1.9599417429386583e-06,0.6410256410256411,0.9090909090909091
Ventral Endoderm 1,col13a1,-5.676674,-2.558437,1.3733898872010195e-08,1.9460221252346393e-06,0.4358974358974359,0.8531468531468531
Ventral Endoderm 1,prkg1,-5.7349663,-3.1863985,9.753164454726384e-09,1.409429149447579e-06,0.28205128205128205,0.7342657342657343
Ventral Endoderm 1,atf7ip,-5.738395,-1.9414512,9.557774300761834e-09,1.3997328390397584e-06,0.5897435897435898,0.9230769230769231
Ventral Endoderm 1,plekhn1,-5.7503967,-1.6642603,8.903420425681194e-09,1.3127130885729009e-06,0.8717948717948718,1.0
Ventral Endoderm 1,nectin1,-5.7521114,-2.240943,8.813571314958826e-09,1.3083057119980717e-06,0.5128205128205128,0.8601398601398601
Ventral Endoderm 1,prkce,-5.796688,-2.0644608,6.7637325635422e-09,1.0321077501332472e-06,0.6153846153846154,0.9300699300699301
Ventral Endoderm 1,vcan,-5.803546,-3.3684075,6.492691829962547e-09,1.004801620011438e-06,0.15384615384615385,0.7202797202797203
Ventral Endoderm 1,tle4,-5.817262,-1.6583809,5.981936444822242e-09,9.458828634961314e-07,0.7435897435897436,0.972027972027972
Ventral Endoderm 1,sema6d,-5.830978,-1.8165224,5.510349745686099e-09,8.841275132398263e-07,0.5897435897435898,0.916083916083916
Ventral Endoderm 1,nfib,-5.8532662,-3.8936586,4.820116379478938e-09,7.791093297526659e-07,0.15384615384615385,0.6993006993006993
Ventral Endoderm 1,zeb2,-5.8755546,-3.1120203,4.214300901953093e-09,6.914305261768305e-07,0.3333333333333333,0.7972027972027972
Ventral Endoderm 1,cachd1,-5.8789835,-2.1827571,4.127933745474815e-09,6.823912292424693e-07,0.4358974358974359,0.8811188811188811
Ventral Endoderm 1,ddhd1,-5.8824124,-2.4393883,4.0432902232007735e-09,6.73501037866138e-07,0.358974358974359,0.8041958041958042
Ventral Endoderm 1,bicd2,-5.8824124,-2.830357,4.0432902232007735e-09,6.73501037866138e-07,0.2564102564102564,0.7622377622377622
Ventral Endoderm 1,foxc1,-5.890985,-4.585169,3.839004519549941e-09,6.493869583030951e-07,0.05128205128205128,0.6573426573426573
Ventral Endoderm 1,ncl,-5.8995576,-1.014985,3.6447790535716517e-09,6.213494041248986e-07,1.0,1.0
Ventral Endoderm 1,impdh1,-5.8995576,-2.0603297,3.6447790535716517e-09,6.213494041248986e-07,0.5128205128205128,0.916083916083916
Ventral Endoderm 1,efna5,-5.95785,-4.6599007,2.5557783880040815e-09,4.497551629406215e-07,0.10256410256410256,0.6783216783216783
Ventral Endoderm 1,gnai1,-5.9698515,-2.3702683,2.374696513821474e-09,4.247397756401507e-07,0.41025641025641024,0.8251748251748252
Ventral Endoderm 1,rdh10,-5.981853,-1.7873458,2.2061345516720946e-09,4.0453833657173765e-07,0.8205128205128205,0.986013986013986
Ventral Endoderm 1,pcca,-5.9972835,-3.696515,2.006458331850853e-09,3.7421305349843984e-07,0.15384615384615385,0.7132867132867133
Ventral Endoderm 1,gmds,-5.9989977,-3.8518944,1.9853904664931526e-09,3.7347590835644037e-07,0.15384615384615385,0.7202797202797203
Ventral Endoderm 1,pprc1,-6.0058556,-2.625696,1.90325342604369e-09,3.6113820008434225e-07,0.3333333333333333,0.8321678321678322
Ventral Endoderm 1,pmm2,-6.0367165,-1.8528867,1.5728162569694702e-09,3.0643235306545366e-07,0.6153846153846154,0.9440559440559441
Ventral Endoderm 1,adamts1,-6.0607195,-2.7720354,1.3551405242832088e-09,2.688229216398536e-07,0.4358974358974359,0.8531468531468531
Ventral Endoderm 1,cyp27c1,-6.1310134,-2.9290848,8.732101035077421e-10,1.764288673022448e-07,0.2564102564102564,0.8251748251748252
Ventral Endoderm 1,hspg2,-6.136157,-2.2795987,8.454164246790099e-10,1.7240964301795024e-07,0.5384615384615384,0.8951048951048951
Ventral Endoderm 1,smc6.1,-6.139586,-3.3922067,8.273686569419311e-10,1.7032086285971582e-07,0.3333333333333333,0.8391608391608392
Ventral Endoderm 1,kpna2,-6.1567307,-3.1524742,7.426191587880704e-10,1.543304063229951e-07,0.23076923076923078,0.7692307692307693
Ventral Endoderm 1,ubtd2,-6.1601596,-2.943005,7.267157939046336e-10,1.5247755133454817e-07,0.23076923076923078,0.8251748251748252
Ventral Endoderm 1,sptbn4,-6.192735,-4.1457105,5.912906442047897e-10,1.2902553147192716e-07,0.15384615384615385,0.7272727272727273
Ventral Endoderm 1,taok3,-6.2081656,-2.1945117,5.360668531472336e-10,1.1936239594414063e-07,0.5641025641025641,0.9090909090909091
Ventral Endoderm 1,itga4,-6.3076057,-5.6000714,2.8338474673494304e-10,6.649181245702358e-08,0.07692307692307693,0.6923076923076923
Ventral Endoderm 1,c7,-6.32818,-4.3869195,2.480700968459989e-10,5.9485028387654305e-08,0.1282051282051282,0.7202797202797203
Ventral Endoderm 1,axin2,-6.3367524,-1.4863026,2.3465896914876984e-10,5.689437073105897e-08,0.8205128205128205,0.993006993006993
Ventral Endoderm 1,fat1,-6.455052,-1.4583738,1.0818179651001084e-10,2.7133735421206285e-08,0.9487179487179487,0.993006993006993
Ventral Endoderm 1,greb1l,-6.4893417,-2.7699573,8.62122250816198e-11,2.2132199570659126e-08,0.38461538461538464,0.8881118881118881
Ventral Endoderm 1,foxn3,-6.539062,-2.50468,6.190589833741709e-11,1.6473763507570468e-08,0.48717948717948717,0.9300699300699301
Ventral Endoderm 1,foxp4,-6.569923,-4.0759287,5.034138465459732e-11,1.3905055120860357e-08,0.10256410256410256,0.7552447552447552
Ventral Endoderm 1,prex1,-6.67965,-3.3993382,2.3951353855629242e-11,6.968566566449143e-09,0.5128205128205128,0.8251748251748252
Ventral Endoderm 1,fgd1,-6.7465153,-2.575403,1.514383101455141e-11,4.8596108318900925e-09,0.41025641025641024,0.916083916083916
Ventral Endoderm 1,gpd1l,-6.8322396,-1.986314,8.359908662206602e-12,2.7639631351213677e-09,0.8205128205128205,0.986013986013986
Ventral Endoderm 1,has1,-6.8459554,-2.0454464,7.596710411221055e-12,2.5502741212808407e-09,0.8461538461538461,0.993006993006993
Ventral Endoderm 1,prex2,-6.8922467,-3.0935748,5.491802894573947e-12,1.902168745436478e-09,0.358974358974359,0.8951048951048951
Ventral Endoderm 1,ddx4,-6.9128203,-2.987319,4.751107896784973e-12,1.6995725477990967e-09,0.5128205128205128,0.9230769230769231
Ventral Endoderm 1,trim71,-7.0276914,-1.7563105,2.0997876106688896e-12,7.899907836621696e-10,0.7948717948717948,0.993006993006993
Ventral Endoderm 1,rspo2,-7.037978,-3.6076624,1.9504909385206567e-12,7.466958380606886e-10,0.5128205128205128,0.8881118881118881
Ventral Endoderm 1,sema6a,-7.0585523,-2.630797,1.6824636578926195e-12,6.555899906941937e-10,0.5897435897435898,0.9300699300699301
Ventral Endoderm 1,bmp7.1,-7.0671244,-2.6853466,1.5817693099207911e-12,6.275597838505742e-10,0.5641025641025641,0.9790209790209791
Ventral Endoderm 1,pnhd,-7.089413,-2.0802972,1.3468208741295867e-12,5.442403387848465e-10,0.7435897435897436,1.0
Ventral Endoderm 1,mmp3,-7.0911274,-6.4382563,1.330237754278674e-12,5.442403387848465e-10,0.05128205128205128,0.7552447552447552
Ventral Endoderm 1,gfpt1,-7.127132,-1.4953277,1.0248201816429328e-12,4.472520236726087e-10,0.9743589743589743,1.0
Ventral Endoderm 1,cer1,-7.169994,-3.7698944,7.500108537855447e-13,3.3399973143784424e-10,0.20512820512820512,0.8811188811188811
Ventral Endoderm 1,fermt2,-7.1717086,-2.379326,7.406756017379394e-13,3.3399973143784424e-10,0.6666666666666666,0.9440559440559441
Ventral Endoderm 1,fgfr2,-7.1751375,-1.80464,7.223459754380682e-13,3.3399973143784424e-10,0.8461538461538461,0.9790209790209791
Ventral Endoderm 1,pbx1,-7.226572,-2.9503987,4.953377510623978e-13,2.401947792429463e-10,0.5641025641025641,0.972027972027972
Ventral Endoderm 1,pappa,-7.250575,-4.6606836,4.1500619318539086e-13,2.1561547955948605e-10,0.1282051282051282,0.8111888111888111
Ventral Endoderm 1,grasp,-7.446027,-3.1042488,9.619334073280167e-14,5.83065246702907e-11,0.4358974358974359,0.958041958041958
Ventral Endoderm 1,gli3,-7.4494557,-3.200406,9.372611490816341e-14,5.83065246702907e-11,0.4358974358974359,0.9370629370629371
Ventral Endoderm 1,rgs12,-7.4837456,-2.3835056,7.223379133415915e-14,4.635922237360843e-11,0.6153846153846154,0.972027972027972
Ventral Endoderm 1,rbfox2,-7.6174755,-1.7680137,2.58684728474815e-14,1.8208901484028836e-11,0.9487179487179487,1.0
Ventral Endoderm 1,spns2,-7.6809115,-4.992288,1.5796029655741888e-14,1.1489505437264791e-11,0.20512820512820512,0.8811188811188811
Ventral Endoderm 1,fgfrl1,-7.727203,-4.7368426,1.0993531498784226e-14,8.272063821895537e-12,0.23076923076923078,0.8811188811188811
Ventral Endoderm 1,fam171a1,-7.790639,-2.3478837,6.6671127122775226e-15,5.595502557484916e-12,0.7692307692307693,0.993006993006993
Ventral Endoderm 1,gli2,-7.888365,-3.9849374,3.0617136315764687e-15,2.6723861261852047e-12,0.28205128205128205,0.8881118881118881
Ventral Endoderm 1,p4ha2,-7.9569445,-4.805682,1.7633976673081398e-15,1.6032958540971214e-12,0.2564102564102564,0.916083916083916
Ventral Endoderm 1,hmcn2,-7.972375,-4.0865693,1.5565376957145012e-15,1.4767482199211362e-12,0.38461538461538464,0.9370629370629371
Ventral Endoderm 1,tdrd7,-7.9826617,-4.6448445,1.4321085741468142e-15,1.4204564180208015e-12,0.3333333333333333,0.9230769230769231
Ventral Endoderm 1,cdon,-8.131823,-3.1841402,4.2288409104272727e-16,4.394168452687311e-13,0.5897435897435898,0.972027972027972
Ventral Endoderm 1,meis3,-8.214118,-4.1709657,2.1372954684538942e-16,2.3318962208566213e-13,0.4358974358974359,0.958041958041958
Ventral Endoderm 1,nhs,-8.214118,-5.161841,2.1372954684538942e-16,2.3318962208566213e-13,0.28205128205128205,0.916083916083916
Ventral Endoderm 1,hunk,-8.238121,-3.052093,1.7493661549844473e-16,2.1207177148842013e-13,0.48717948717948717,0.965034965034965
Ventral Endoderm 1,itga5,-8.313559,-3.1670692,9.287439678860614e-17,1.266632632702609e-13,0.6410256410256411,0.993006993006993
Ventral Endoderm 1,gata6,-8.388996,-3.5064802,4.90312293805126e-17,8.230080433170504e-14,0.5897435897435898,1.0
Ventral Endoderm 1,myo10,-8.4232855,-3.6328297,3.6607076788371105e-17,6.656691854992048e-14,0.7435897435897436,0.986013986013986
Ventral Endoderm 1,ugdhl,-8.454146,-4.7765923,2.811364670533715e-17,5.576980770519655e-14,0.28205128205128205,0.951048951048951
Ventral Endoderm 1,aldh1a2,-8.519297,-4.347765,1.6052475855788895e-17,3.8920119516574384e-14,0.6153846153846154,0.986013986013986
Ventral Endoderm 1,pdgfra,-8.714748,-5.199506,2.9140424215866337e-18,9.083902811634563e-15,0.23076923076923078,0.951048951048951
Ventral Endoderm 1,lama5,-8.834763,-4.8667936,1.003107150681841e-18,4.37776022700569e-15,0.23076923076923078,0.972027972027972
Ventral Endoderm 1,fgfr1,-8.8896265,-2.4761233,6.131458893043976e-19,3.3448641126278153e-15,0.9743589743589743,1.0
Ventral Endoderm 1,fn1,-9.290817,-4.8875713,1.531083365267529e-20,2.536994799490485e-16,0.7948717948717948,1.0
Ventral Endoderm 2,fn1,9.290817,4.8875713,1.531083365267529e-20,2.536994799490485e-16,1.0,0.7948717948717948
Ventral Endoderm 2,fgfr1,8.8896265,2.4761233,6.131458893043976e-19,3.3448641126278153e-15,1.0,0.9743589743589743
Ventral Endoderm 2,lama5,8.834763,4.8667936,1.003107150681841e-18,4.37776022700569e-15,0.972027972027972,0.23076923076923078
Ventral Endoderm 2,pdgfra,8.714748,5.199506,2.9140424215866337e-18,9.083902811634563e-15,0.951048951048951,0.23076923076923078
Ventral Endoderm 2,aldh1a2,8.519297,4.347765,1.6052475855788895e-17,3.8920119516574384e-14,0.986013986013986,0.6153846153846154
Ventral Endoderm 2,ugdhl,8.454146,4.7765923,2.811364670533715e-17,5.576980770519655e-14,0.951048951048951,0.28205128205128205
Ventral Endoderm 2,myo10,8.4232855,3.6328297,3.6607076788371105e-17,6.656691854992048e-14,0.986013986013986,0.7435897435897436
Ventral Endoderm 2,gata6,8.388996,3.5064802,4.90312293805126e-17,8.230080433170504e-14,1.0,0.5897435897435898
Ventral Endoderm 2,itga5,8.313559,3.1670692,9.287439678860614e-17,1.266632632702609e-13,0.993006993006993,0.6410256410256411
Ventral Endoderm 2,hunk,8.238121,3.052093,1.7493661549844473e-16,2.1207177148842013e-13,0.965034965034965,0.48717948717948717
Ventral Endoderm 2,nhs,8.214118,5.161841,2.1372954684538942e-16,2.3318962208566213e-13,0.916083916083916,0.28205128205128205
Ventral Endoderm 2,meis3,8.214118,4.1709657,2.1372954684538942e-16,2.3318962208566213e-13,0.958041958041958,0.4358974358974359
Ventral Endoderm 2,cdon,8.131823,3.1841402,4.2288409104272727e-16,4.394168452687311e-13,0.972027972027972,0.5897435897435898
Ventral Endoderm 2,tdrd7,7.9826617,4.6448445,1.4321085741468142e-15,1.4204564180208015e-12,0.9230769230769231,0.3333333333333333
Ventral Endoderm 2,hmcn2,7.972375,4.0865693,1.5565376957145012e-15,1.4767482199211362e-12,0.9370629370629371,0.38461538461538464
Ventral Endoderm 2,p4ha2,7.9569445,4.805682,1.7633976673081398e-15,1.6032958540971214e-12,0.916083916083916,0.2564102564102564
Ventral Endoderm 2,gli2,7.888365,3.9849374,3.0617136315764687e-15,2.6723861261852047e-12,0.8881118881118881,0.28205128205128205
Ventral Endoderm 2,fam171a1,7.790639,2.3478837,6.6671127122775226e-15,5.595502557484916e-12,0.993006993006993,0.7692307692307693
Ventral Endoderm 2,fgfrl1,7.727203,4.7368426,1.0993531498784226e-14,8.272063821895537e-12,0.8811188811188811,0.23076923076923078
Ventral Endoderm 2,spns2,7.6809115,4.992288,1.5796029655741888e-14,1.1489505437264791e-11,0.8811188811188811,0.20512820512820512
Ventral Endoderm 2,rbfox2,7.6174755,1.7680137,2.58684728474815e-14,1.8208901484028836e-11,1.0,0.9487179487179487
Ventral Endoderm 2,rgs12,7.4837456,2.3835056,7.223379133415915e-14,4.635922237360843e-11,0.972027972027972,0.6153846153846154
Ventral Endoderm 2,gli3,7.4494557,3.200406,9.372611490816341e-14,5.83065246702907e-11,0.9370629370629371,0.4358974358974359
Ventral Endoderm 2,grasp,7.446027,3.1042488,9.619334073280167e-14,5.83065246702907e-11,0.958041958041958,0.4358974358974359
Ventral Endoderm 2,pappa,7.250575,4.6606836,4.1500619318539086e-13,2.1561547955948605e-10,0.8111888111888111,0.1282051282051282
Ventral Endoderm 2,pbx1,7.226572,2.9503987,4.953377510623978e-13,2.401947792429463e-10,0.972027972027972,0.5641025641025641
Ventral Endoderm 2,fgfr2,7.1751375,1.80464,7.223459754380682e-13,3.3399973143784424e-10,0.9790209790209791,0.8461538461538461
Ventral Endoderm 2,fermt2,7.1717086,2.379326,7.406756017379394e-13,3.3399973143784424e-10,0.9440559440559441,0.6666666666666666
Ventral Endoderm 2,cer1,7.169994,3.7698944,7.500108537855447e-13,3.3399973143784424e-10,0.8811188811188811,0.20512820512820512
Ventral Endoderm 2,gfpt1,7.127132,1.4953277,1.0248201816429328e-12,4.472520236726087e-10,1.0,0.9743589743589743
Ventral Endoderm 2,mmp3,7.0911274,6.4382563,1.330237754278674e-12,5.442403387848465e-10,0.7552447552447552,0.05128205128205128
Ventral Endoderm 2,pnhd,7.089413,2.0802972,1.3468208741295867e-12,5.442403387848465e-10,1.0,0.7435897435897436
Ventral Endoderm 2,bmp7.1,7.0671244,2.6853466,1.5817693099207911e-12,6.275597838505742e-10,0.9790209790209791,0.5641025641025641
Ventral Endoderm 2,sema6a,7.0585523,2.630797,1.6824636578926195e-12,6.555899906941937e-10,0.9300699300699301,0.5897435897435898
Ventral Endoderm 2,rspo2,7.037978,3.6076624,1.9504909385206567e-12,7.466958380606886e-10,0.8881118881118881,0.5128205128205128
Ventral Endoderm 2,trim71,7.0276914,1.7563105,2.0997876106688896e-12,7.899907836621696e-10,0.993006993006993,0.7948717948717948
Ventral Endoderm 2,ddx4,6.9128203,2.987319,4.751107896784973e-12,1.6995725477990967e-09,0.9230769230769231,0.5128205128205128
Ventral Endoderm 2,prex2,6.8922467,3.0935748,5.491802894573947e-12,1.902168745436478e-09,0.8951048951048951,0.358974358974359
Ventral Endoderm 2,has1,6.8459554,2.0454464,7.596710411221055e-12,2.5502741212808407e-09,0.993006993006993,0.8461538461538461
Ventral Endoderm 2,gpd1l,6.8322396,1.986314,8.359908662206602e-12,2.7639631351213677e-09,0.986013986013986,0.8205128205128205
Ventral Endoderm 2,fgd1,6.7465153,2.575403,1.514383101455141e-11,4.8596108318900925e-09,0.916083916083916,0.41025641025641024
Ventral Endoderm 2,prex1,6.67965,3.3993382,2.3951353855629242e-11,6.968566566449143e-09,0.8251748251748252,0.5128205128205128
Ventral Endoderm 2,foxp4,6.569923,4.0759287,5.034138465459732e-11,1.3905055120860357e-08,0.7552447552447552,0.10256410256410256
Ventral Endoderm 2,foxn3,6.539062,2.50468,6.190589833741709e-11,1.6473763507570468e-08,0.9300699300699301,0.48717948717948717
Ventral Endoderm 2,greb1l,6.4893417,2.7699573,8.62122250816198e-11,2.2132199570659126e-08,0.8881118881118881,0.38461538461538464
Ventral Endoderm 2,fat1,6.455052,1.4583738,1.0818179651001084e-10,2.7133735421206285e-08,0.993006993006993,0.9487179487179487
Ventral Endoderm 2,axin2,6.3367524,1.4863026,2.3465896914876984e-10,5.689437073105897e-08,0.993006993006993,0.8205128205128205
Ventral Endoderm 2,c7,6.32818,4.3869195,2.480700968459989e-10,5.9485028387654305e-08,0.7202797202797203,0.1282051282051282
Ventral Endoderm 2,itga4,6.3076057,5.6000714,2.8338474673494304e-10,6.649181245702358e-08,0.6923076923076923,0.07692307692307693
Ventral Endoderm 2,taok3,6.2081656,2.1945117,5.360668531472336e-10,1.1936239594414063e-07,0.9090909090909091,0.5641025641025641
Ventral Endoderm 2,sptbn4,6.192735,4.1457105,5.912906442047897e-10,1.2902553147192716e-07,0.7272727272727273,0.15384615384615385
Ventral Endoderm 2,ubtd2,6.1601596,2.943005,7.267157939046336e-10,1.5247755133454817e-07,0.8251748251748252,0.23076923076923078
Ventral Endoderm 2,kpna2,6.1567307,3.1524742,7.426191587880704e-10,1.543304063229951e-07,0.7692307692307693,0.23076923076923078
Ventral Endoderm 2,smc6.1,6.139586,3.3922067,8.273686569419311e-10,1.7032086285971582e-07,0.8391608391608392,0.3333333333333333
Ventral Endoderm 2,hspg2,6.136157,2.2795987,8.454164246790099e-10,1.7240964301795024e-07,0.8951048951048951,0.5384615384615384
Ventral Endoderm 2,cyp27c1,6.1310134,2.9290848,8.732101035077421e-10,1.764288673022448e-07,0.8251748251748252,0.2564102564102564
Ventral Endoderm 2,adamts1,6.0607195,2.7720354,1.3551405242832088e-09,2.688229216398536e-07,0.8531468531468531,0.4358974358974359
Ventral Endoderm 2,pmm2,6.0367165,1.8528867,1.5728162569694702e-09,3.0643235306545366e-07,0.9440559440559441,0.6153846153846154
Ventral Endoderm 2,pprc1,6.0058556,2.625696,1.90325342604369e-09,3.6113820008434225e-07,0.8321678321678322,0.3333333333333333
Ventral Endoderm 2,gmds,5.9989977,3.8518944,1.9853904664931526e-09,3.7347590835644037e-07,0.7202797202797203,0.15384615384615385
Ventral Endoderm 2,pcca,5.9972835,3.696515,2.006458331850853e-09,3.7421305349843984e-07,0.7132867132867133,0.15384615384615385
Ventral Endoderm 2,rdh10,5.981853,1.7873458,2.2061345516720946e-09,4.0453833657173765e-07,0.986013986013986,0.8205128205128205
Ventral Endoderm 2,gnai1,5.9698515,2.3702683,2.374696513821474e-09,4.247397756401507e-07,0.8251748251748252,0.41025641025641024
Ventral Endoderm 2,efna5,5.95785,4.6599007,2.5557783880040815e-09,4.497551629406215e-07,0.6783216783216783,0.10256410256410256
Ventral Endoderm 2,ncl,5.8995576,1.014985,3.6447790535716517e-09,6.213494041248986e-07,1.0,1.0
Ventral Endoderm 2,impdh1,5.8995576,2.0603297,3.6447790535716517e-09,6.213494041248986e-07,0.916083916083916,0.5128205128205128
Ventral Endoderm 2,foxc1,5.890985,4.585169,3.839004519549941e-09,6.493869583030951e-07,0.6573426573426573,0.05128205128205128
Ventral Endoderm 2,ddhd1,5.8824124,2.4393883,4.0432902232007735e-09,6.73501037866138e-07,0.8041958041958042,0.358974358974359
Ventral Endoderm 2,bicd2,5.8824124,2.830357,4.0432902232007735e-09,6.73501037866138e-07,0.7622377622377622,0.2564102564102564
Ventral Endoderm 2,cachd1,5.8789835,2.1827571,4.127933745474815e-09,6.823912292424693e-07,0.8811188811188811,0.4358974358974359
Ventral Endoderm 2,zeb2,5.8755546,3.1120203,4.214300901953093e-09,6.914305261768305e-07,0.7972027972027972,0.3333333333333333
Ventral Endoderm 2,nfib,5.8532662,3.8936586,4.820116379478938e-09,7.791093297526659e-07,0.6993006993006993,0.15384615384615385
Ventral Endoderm 2,sema6d,5.830978,1.8165224,5.510349745686099e-09,8.841275132398263e-07,0.916083916083916,0.5897435897435898
Ventral Endoderm 2,tle4,5.817262,1.6583809,5.981936444822242e-09,9.458828634961314e-07,0.972027972027972,0.7435897435897436
Ventral Endoderm 2,vcan,5.803546,3.3684075,6.492691829962547e-09,1.004801620011438e-06,0.7202797202797203,0.15384615384615385
Ventral Endoderm 2,prkce,5.796688,2.0644608,6.7637325635422e-09,1.0321077501332472e-06,0.9300699300699301,0.6153846153846154
Ventral Endoderm 2,nectin1,5.7521114,2.240943,8.813571314958826e-09,1.3083057119980717e-06,0.8601398601398601,0.5128205128205128
Ventral Endoderm 2,plekhn1,5.7503967,1.6642603,8.903420425681194e-09,1.3127130885729009e-06,1.0,0.8717948717948718
Ventral Endoderm 2,atf7ip,5.738395,1.9414512,9.557774300761834e-09,1.3997328390397584e-06,0.9230769230769231,0.5897435897435898
Ventral Endoderm 2,prkg1,5.7349663,3.1863985,9.753164454726384e-09,1.409429149447579e-06,0.7342657342657343,0.28205128205128205
Ventral Endoderm 2,col13a1,5.676674,2.558437,1.3733898872010195e-08,1.9460221252346393e-06,0.8531468531468531,0.4358974358974359
Ventral Endoderm 2,agrn,5.673245,2.190107,1.4011773607920384e-08,1.9599417429386583e-06,0.9090909090909091,0.6410256410256411
Ventral Endoderm 2,foxp1,5.638955,1.7698519,1.710851715751394e-08,2.362816157557669e-06,0.8461538461538461,0.5641025641025641
Ventral Endoderm 2,pfkfb1,5.6269536,3.7259488,1.8341999841291946e-08,2.517237600860576e-06,0.6713286713286714,0.10256410256410256
Ventral Endoderm 2,amer1,5.609809,2.7312896,2.0255033392551764e-08,2.7624067728679504e-06,0.7412587412587412,0.20512820512820512
Ventral Endoderm 2,b4galt5,5.5978074,5.9239254,2.1707981647792698e-08,2.9240115280029906e-06,0.6083916083916084,0.05128205128205128
Ventral Endoderm 2,pkp2,5.565232,2.9724782,2.618038195674246e-08,3.504798249558756e-06,0.7272727272727273,0.20512820512820512
Ventral Endoderm 2,cep85l,5.491509,1.9315828,3.985140345165884e-08,5.238539004329202e-06,0.916083916083916,0.6666666666666666
Ventral Endoderm 2,wipi2,5.48808,1.8976113,4.063260198215238e-08,5.309245556003276e-06,0.965034965034965,0.8974358974358975
Ventral Endoderm 2,LOC733735,5.460648,2.0732396,4.743993280399096e-08,6.053723822899923e-06,0.8251748251748252,0.38461538461538464
Ventral Endoderm 2,zfp36l2,5.460648,1.9619371,4.743993280399096e-08,6.053723822899923e-06,0.8741258741258742,0.46153846153846156
Ventral Endoderm 2,lama1,5.4469323,3.724653,5.124596540363703e-08,6.4638046882818705e-06,0.6573426573426573,0.1282051282051282
Ventral Endoderm 2,LOC100145428,5.4400744,3.0882173,5.325835091318987e-08,6.640859858724093e-06,0.7062937062937062,0.23076923076923078
Ventral Endoderm 2,parp1,5.4400744,1.1230394,5.325835091318987e-08,6.640859858724093e-06,1.0,0.8974358974358975
Ventral Endoderm 2,pcdh10,5.4332166,6.521993,5.5347231854920376e-08,6.862113331285327e-06,0.5804195804195804,0.02564102564102564
Ventral Endoderm 2,darmin,5.4023557,2.8122816,6.577141752698613e-08,8.017866490817678e-06,0.8671328671328671,0.38461538461538464
Ventral Endoderm 2,npm1,5.35435,1.838983,8.586458603675371e-08,1.0127843956259476e-05,0.8671328671328671,0.48717948717948717
Ventral Endoderm 2,rspo3,5.3354907,2.4361234,9.528663368177583e-08,1.1001320812539845e-05,0.8811188811188811,0.358974358974359
Ventral Endoderm 2,atxn7,5.302915,1.8573264,1.1396788636454027e-07,1.3020383499270332e-05,0.8461538461538461,0.5128205128205128
Ventral Endoderm 2,chd7,5.2857704,1.0903039,1.251768980846435e-07,1.4007615862076953e-05,1.0,0.9230769230769231
Ventral Endoderm 2,dlc,5.260053,2.975848,1.4401392933333834e-07,1.6033305877463143e-05,0.7552447552447552,0.358974358974359
Ventral Endoderm 2,eomes,5.232621,2.359296,1.6712307582585941e-07,1.8511637754294812e-05,0.7692307692307693,0.23076923076923078
Ventral Endoderm 2,ceacam19lx,5.189759,2.7354677,2.105665601433123e-07,2.3089311099935765e-05,0.7272727272727273,0.23076923076923078
Ventral Endoderm 2,hmga2,5.165756,1.8567226,2.3946897208012295e-07,2.5741145023450063e-05,0.8531468531468531,0.5384615384615384
Ventral Endoderm 2,mars1,5.1623273,2.6130335,2.4389867098713945e-07,2.6088788723580244e-05,0.6993006993006993,0.23076923076923078
Ventral Endoderm 2,dlc1,5.1606126,1.8701044,2.4614310242847853e-07,2.6200432380935756e-05,0.8951048951048951,0.5128205128205128
Ventral Endoderm 2,capza1,5.1263227,2.9919963,2.95455894081643e-07,3.070068126074063e-05,0.6433566433566433,0.20512820512820512
Ventral Endoderm 2,tgfbr2,5.1246085,2.8802848,2.981569398144001e-07,3.083451461464466e-05,0.7482517482517482,0.3333333333333333
Ventral Endoderm 2,ncaph,5.114321,2.1929142,3.148709110191154e-07,3.240942523277414e-05,0.7762237762237763,0.28205128205128205
Ventral Endoderm 2,rapgef1,5.105749,1.22151,3.29486952627236e-07,3.359689155737812e-05,0.993006993006993,0.8717948717948718
Ventral Endoderm 2,usp28,5.0697446,5.9371247,3.9834980532444236e-07,4.005037753037594e-05,0.5454545454545454,0.02564102564102564
Ventral Endoderm 2,ryk,5.054314,1.1728562,4.319399343604792e-07,4.284255139854553e-05,0.9790209790209791,0.8717948717948718
Ventral Endoderm 2,cpsf1,5.0303116,1.6413935,4.896838936766146e-07,4.813106862059104e-05,0.9090909090909091,0.6666666666666666
Ventral Endoderm 2,cep295,5.028597,1.4160601,4.940818189364553e-07,4.813106862059104e-05,0.958041958041958,0.6923076923076923
Ventral Endoderm 2,farp2,5.028597,1.5437626,4.940818189364553e-07,4.813106862059104e-05,0.8881118881118881,0.6666666666666666
Ventral Endoderm 2,LOC100496031,5.011452,2.5161169,5.402085732542847e-07,5.215881096009622e-05,0.7272727272727273,0.3076923076923077
Ventral Endoderm 2,aatf,4.994307,1.6344779,5.904737153072994e-07,5.602055192052426e-05,0.8671328671328671,0.5384615384615384
Ventral Endoderm 2,tbx6,4.9754477,5.19493,6.509699803688725e-07,6.149270970402237e-05,0.5454545454545454,0.05128205128205128
Ventral Endoderm 2,tiam1,4.9703045,1.6309477,6.684791549900526e-07,6.287449845274973e-05,0.916083916083916,0.717948717948718
Ventral Endoderm 2,septin10,4.960017,1.863053,7.048689106481479e-07,6.601263733585079e-05,0.8041958041958042,0.41025641025641024
Ventral Endoderm 2,mybbp1a,4.9565883,1.7746778,7.174175170821044e-07,6.69007164113188e-05,0.8461538461538461,0.46153846153846156
Ventral Endoderm 2,cenpe,4.9188695,1.2436215,8.704543625734114e-07,8.048383324455259e-05,0.972027972027972,0.8461538461538461
Ventral Endoderm 2,ebf3,4.8914375,2.959509,1.0010204826632569e-06,9.139442657822146e-05,0.7202797202797203,0.358974358974359
Ventral Endoderm 2,fgfr3,4.877722,3.3639953,1.0731811554678236e-06,9.757452497276408e-05,0.5874125874125874,0.1282051282051282
Ventral Endoderm 2,sptbn2,4.874293,1.2947798,1.0919889027585615e-06,9.887257197964552e-05,1.0,0.8974358974358975
Ventral Endoderm 2,syn2,4.870864,2.517488,1.111113641206986e-06,0.00010018847423461836,0.6993006993006993,0.23076923076923078
Ventral Endoderm 2,cyyr1,4.846861,2.475617,1.2543021738719018e-06,0.00011217265465597857,0.6923076923076923,0.23076923076923078
Ventral Endoderm 2,rnf165,4.838289,3.8283792,1.3096189170829112e-06,0.00011569714327800083,0.5734265734265734,0.07692307692307693
Ventral Endoderm 2,cdh11,4.829716,6.867576,1.3672782052967432e-06,0.00011982079404731018,0.5174825174825175,0.02564102564102564
Ventral Endoderm 2,kdm2b,4.809142,1.9448707,1.5157929233234808e-06,0.0001317773600790505,0.7622377622377622,0.38461538461538464
Ventral Endoderm 2,prr12,4.7988553,1.569483,1.59574991958503e-06,0.00013817801188597197,0.8741258741258742,0.5897435897435898
Ventral Endoderm 2,cadps2,4.7954264,2.541648,1.6232919218366225e-06,0.00014000732421500767,0.6923076923076923,0.2564102564102564
Ventral Endoderm 2,fgd6,4.7714233,1.9431863,1.8292844440067588e-06,0.00015715281831760427,0.7692307692307693,0.38461538461538464
Ventral Endoderm 2,ldb1,4.7371335,1.267078,2.1676213468568606e-06,0.00018333203647195176,0.9440559440559441,0.7948717948717948
Ventral Endoderm 2,fgfr4,4.7319903,1.1378707,2.223290804422723e-06,0.00018731439630620942,0.951048951048951,0.8717948717948718
Ventral Endoderm 2,ddx10,4.709702,1.4086885,2.4807935683995793e-06,0.0002074076492568859,0.965034965034965,0.6923076923076923
Ventral Endoderm 2,dennd2c,4.692557,2.9134579,2.698113116099472e-06,0.00022301335722123706,0.5944055944055944,0.1282051282051282
Ventral Endoderm 2,kcnmb4,4.68227,4.812176,2.837153370049283e-06,0.00023274257025505794,0.5244755244755245,0.05128205128205128
Ventral Endoderm 2,cad,4.6719832,1.7796773,2.983054510595572e-06,0.00024288519580487302,0.8461538461538461,0.48717948717948717
Ventral Endoderm 2,LOC100145508,4.654838,1.8526071,3.2423514657432016e-06,0.00026301617596275986,0.8671328671328671,0.48717948717948717
Ventral Endoderm 2,acvr1b,4.651409,1.7233021,3.29674315413807e-06,0.00026545473197950856,0.7972027972027972,0.4358974358974359
Ventral Endoderm 2,nop14,4.6445513,1.3907627,3.4081633673435087e-06,0.0002724158712044055,0.8951048951048951,0.5897435897435898
Ventral Endoderm 2,pcf11,4.63255,1.0002466,3.611892605803928e-06,0.00028764638157389603,0.993006993006993,0.8717948717948718
Ventral Endoderm 2,cfb,4.615405,2.377066,3.923294836916098e-06,0.0003113098786776224,0.7412587412587412,0.41025641025641024
Ventral Endoderm 2,abtb2,4.6136904,29.556227,3.955813410666992e-06,0.0003127529146165378,0.4825174825174825,0.0
Ventral Endoderm 2,st3gal5,4.6102614,2.749415,4.0216272495409676e-06,0.0003168084050983157,0.6083916083916084,0.10256410256410256
Ventral Endoderm 2,gata2,4.5931168,1.546753,4.366748357862237e-06,0.000341529806153806,0.958041958041958,0.6923076923076923
Ventral Endoderm 2,LOC100486548,4.589688,1.008764,4.439097572422081e-06,0.0003447172531239225,0.972027972027972,0.8461538461538461
Ventral Endoderm 2,dzip1,4.587973,1.678922,4.475701465111883e-06,0.0003463272399652709,0.8111888111888111,0.5641025641025641
Ventral Endoderm 2,nop56,4.5828295,1.457133,4.58725622836907e-06,0.00035370501116339747,0.958041958041958,0.6153846153846154
Ventral Endoderm 2,rcl1,4.5725427,1.9670619,4.818408400005825e-06,0.0003689210164790425,0.7062937062937062,0.358974358974359
Ventral Endoderm 2,ror2,4.560541,1.2456583,5.102191594709236e-06,0.00038928294681171406,0.965034965034965,0.8205128205128205
Ventral Endoderm 2,cdc42bpb,4.541682,1.4427172,5.580718854355778e-06,0.0004213732391726555,0.916083916083916,0.6153846153846154
Ventral Endoderm 2,pds5a,4.517679,1.0987062,6.252113666367767e-06,0.0004704392148752105,0.9440559440559441,0.7692307692307693
Ventral Endoderm 2,kifc1,4.500534,1.1392056,6.77828917046059e-06,0.0005082785154248128,0.951048951048951,0.7948717948717948
Ventral Endoderm 2,snai1,4.49882,2.6911888,6.833176928708349e-06,0.0005106395676758386,0.6013986013986014,0.20512820512820512
Ventral Endoderm 2,fbxw8,4.493676,1.5451908,7.000402707922306e-06,0.0005195775084679341,0.8811188811188811,0.5384615384615384
Ventral Endoderm 2,bcor,4.493676,1.6675036,7.000402707922306e-06,0.0005195775084679341,0.8671328671328671,0.48717948717948717
Ventral Endoderm 2,tiparp,4.4868183,6.401549,7.229467751999383e-06,0.0005347600536148425,0.4825174825174825,0.02564102564102564
Ventral Endoderm 2,prpf39.2,4.4628153,1.8111541,8.088971616838168e-06,0.0005923135894329721,0.7482517482517482,0.3333333333333333
Ventral Endoderm 2,evc2,4.4559574,3.0642748,8.351957909888497e-06,0.0006074935785055896,0.5664335664335665,0.1282051282051282
Ventral Endoderm 2,mms19,4.431955,1.8063314,9.338266203438444e-06,0.0006725092634496049,0.7272727272727273,0.38461538461538464
Ventral Endoderm 2,mta1,4.4165244,1.4482507,1.0030065518548812e-05,0.0007175936382959135,0.8531468531468531,0.5384615384615384
Ventral Endoderm 2,bop1,4.397665,1.788635,1.0942176322223623e-05,0.0007727159531625944,0.7552447552447552,0.38461538461538464
Ventral Endoderm 2,mga,4.3908067,1.5338231,1.1293079432270562e-05,0.0007923674800372217,0.8951048951048951,0.48717948717948717
Ventral Endoderm 2,aqr,4.377091,1.2543153,1.2027377154609816e-05,0.0008411839643934,0.9090909090909091,0.6410256410256411
Ventral Endoderm 2,noc2l,4.349659,1.6154541,1.3634928844784829e-05,0.0009475407080320056,0.8741258741258742,0.5128205128205128
Ventral Endoderm 2,smad7,4.3153696,1.1688883,1.5933624480119686e-05,0.0010933572949078354,0.958041958041958,0.8205128205128205
Ventral Endoderm 2,ephb1,4.306797,1.4253513,1.6563553517093394e-05,0.0011330197532805485,0.9230769230769231,0.717948717948718
Ventral Endoderm 2,kmt2a,4.3050823,1.0606408,1.6692355763370585e-05,0.0011382621722265923,0.986013986013986,0.8974358974358975
Ventral Endoderm 2,smurf2,4.2947955,1.1589483,1.7485443130500873e-05,0.0011886288303758865,0.9300699300699301,0.717948717948718
Ventral Endoderm 2,riok1,4.250219,2.524701,2.1356180476355462e-05,0.001416453538524476,0.5804195804195804,0.1282051282051282
Ventral Endoderm 2,tle1,4.222787,1.1940758,2.4129987796799545e-05,0.0015764684542334218,0.9300699300699301,0.7692307692307693
Ventral Endoderm 2,imp3,4.2107854,1.8547983,2.5448424673897516e-05,0.0016478043762881832,0.6853146853146853,0.3076923076923077
Ventral Endoderm 2,immp2l,4.209071,3.948176,2.564227538701309e-05,0.0016505607410619843,0.4965034965034965,0.07692307692307693
Ventral Endoderm 2,hipk1,4.209071,1.0036647,2.564227538701309e-05,0.0016505607410619843,0.993006993006993,0.8717948717948718
Ventral Endoderm 2,skor1,4.2022133,5.6496205,2.6431814096413988e-05,0.0016963782805819107,0.45454545454545453,0.02564102564102564
Ventral Endoderm 2,lrp1,4.2004986,1.4992423,2.6632781148381834e-05,0.0016992804603474855,0.8391608391608392,0.5128205128205128
Ventral Endoderm 2,MGC69493,4.2004986,1.6962987,2.6632781148381834e-05,0.0016992804603474855,0.8811188811188811,0.6153846153846154
Ventral Endoderm 2,utp3,4.1987844,1.5207622,2.6835200730412946e-05,0.0017072038342225682,0.8181818181818182,0.46153846153846156
Ventral Endoderm 2,sh3rf1,4.1764956,1.3026074,2.960342659931718e-05,0.0018669837335945092,0.8951048951048951,0.8205128205128205
Ventral Endoderm 2,lats2,4.1747813,3.232614,2.9827250133363787e-05,0.0018756784586747297,0.5104895104895105,0.07692307692307693
Ventral Endoderm 2,tcf7,4.1679235,1.584484,3.073873133063245e-05,0.0019219193592141279,0.8811188811188811,0.6923076923076923
Ventral Endoderm 2,rrp12,4.131919,1.371796,3.597471477463153e-05,0.002223808076762704,0.9370629370629371,0.6153846153846154
Ventral Endoderm 2,mllt3,4.123347,1.9037124,3.734071898215078e-05,0.002288797272217731,0.7062937062937062,0.41025641025641024
Ventral Endoderm 2,kif7,4.1062016,1.462846,4.022183067127477e-05,0.0024516216957482873,0.8181818181818182,0.5384615384615384
Ventral Endoderm 2,tgif2,4.1044874,1.6218209,4.05212694020614e-05,0.0024629933694216765,0.7272727272727273,0.41025641025641024
Ventral Endoderm 2,bud23,4.101058,1.6658093,4.112650473759578e-05,0.002492837388552993,0.7272727272727273,0.38461538461538464
Ventral Endoderm 2,cfdp1,4.0787697,2.0537815,4.527462607124742e-05,0.002729109435084779,0.6573426573426573,0.28205128205128205
Ventral Endoderm 2,trabd2b,4.068483,4.229542,4.73202264644993e-05,0.0028289716758406556,0.4755244755244755,0.07692307692307693
Ventral Endoderm 2,LOC100492280,4.068483,1.8365097,4.73202264644993e-05,0.0028289716758406556,0.6993006993006993,0.3333333333333333
Ventral Endoderm 2,polr3a,4.065054,1.4425143,4.802135162783439e-05,0.0028630434805217877,0.8041958041958042,0.5128205128205128
Ventral Endoderm 2,cdc42bpa,4.063339,1.3018966,4.837559666440537e-05,0.002876304890501334,0.8391608391608392,0.5641025641025641
Ventral Endoderm 2,sdc4,4.051338,1.1928632,5.092557075501894e-05,0.0029952746076691867,0.9230769230769231,0.6666666666666666
Ventral Endoderm 2,mcc,4.030764,1.533157,5.559580449509676e-05,0.003235082799700017,0.7622377622377622,0.5128205128205128
Ventral Endoderm 2,znf44,4.0204773,1.1452448,5.808036212970296e-05,0.0033706691011495967,0.986013986013986,0.8974358974358975
Ventral Endoderm 2,LOC100127805,4.0136194,2.9503386,5.9794764955325697e-05,0.003451803084894609,0.5664335664335665,0.1794871794871795
Ventral Endoderm 2,septin12,3.9964743,2.939173,6.429283474797249e-05,0.0036822413308018574,0.5174825174825175,0.1282051282051282
Ventral Endoderm 2,troap,3.9793296,1.5060729,6.910990453050476e-05,0.00393746012208915,0.7412587412587412,0.38461538461538464
Ventral Endoderm 2,slc23a2,3.9690425,3.777551,7.216199437805942e-05,0.004089991894347103,0.4755244755244755,0.07692307692307693
Ventral Endoderm 2,grin2c,3.9656136,5.2066064,7.320738177944324e-05,0.004138492947692308,0.43356643356643354,0.02564102564102564
Ventral Endoderm 2,tcof1,3.9553266,1.1673373,7.643015295149668e-05,0.004298408163800538,0.916083916083916,0.717948717948718
Ventral Endoderm 2,fam53a,3.953612,1.414989,7.698015504927572e-05,0.004318210702648446,0.7552447552447552,0.5128205128205128
Ventral Endoderm 2,nsun2,3.9398963,1.4868178,8.15168582763771e-05,0.004549307837465025,0.7272727272727273,0.41025641025641024
Ventral Endoderm 2,eif3c,3.9261804,1.3857088,8.630546270016375e-05,0.004804264034643554,0.7552447552447552,0.46153846153846156
Ventral Endoderm 2,dhx37,3.924466,1.8388827,8.692239267739442e-05,0.004814044493942699,0.6293706293706294,0.3333333333333333
Ventral Endoderm 2,fzd7,3.921037,1.2109475,8.816877385347826e-05,0.004858411147113002,0.951048951048951,0.6923076923076923
Ventral Endoderm 2,septin7,3.907321,1.2120914,9.332515336510766e-05,0.005103880129273219,0.8601398601398601,0.6153846153846154
Ventral Endoderm 2,frmd4b,3.8987484,1.6398718,9.669113825816014e-05,0.005261589346462126,0.7552447552447552,0.41025641025641024
Ventral Endoderm 2,ola1,3.893605,2.2057984,9.876541049001158e-05,0.0053345545106498575,0.5734265734265734,0.1794871794871795
Ventral Endoderm 2,arhgef17,3.893605,1.3646659,9.876541049001158e-05,0.0053345545106498575,0.8251748251748252,0.5897435897435898
Ventral Endoderm 2,cfh,3.893605,3.6583145,9.876541049001158e-05,0.0053345545106498575,0.46853146853146854,0.07692307692307693
Ventral Endoderm 2,nr2f6,3.8833182,1.8456851,0.00010304062463926984,0.0055109055643468305,0.6293706293706294,0.23076923076923078
Ventral Endoderm 2,srfbp1,3.8833182,4.459112,0.00010304062463926984,0.0055109055643468305,0.4405594405594406,0.05128205128205128
Ventral Endoderm 2,nup58,3.8833182,1.5892932,0.00010304062463926984,0.0055109055643468305,0.6643356643356644,0.358974358974359
Ventral Endoderm 2,rpgrip1l,3.8816037,1.6071273,0.00010376992451914845,0.005536341131863908,0.7552447552447552,0.41025641025641024
Ventral Endoderm 2,ipo11,3.87646,2.1712127,0.00010598716361363792,0.005586342746891771,0.5664335664335665,0.1794871794871795
Ventral Endoderm 2,ppat,3.87646,2.025392,0.00010598716361363792,0.005586342746891771,0.6083916083916084,0.23076923076923078
Ventral Endoderm 2,g3bp2,3.8747456,1.5185002,0.00010673612485288769,0.005612262603409307,0.6713286713286714,0.3076923076923077
Ventral Endoderm 2,cdc25b,3.8644588,1.5994737,0.00011133581844703316,0.005798231251390717,0.7552447552447552,0.358974358974359
Ventral Endoderm 2,pom121,3.8593152,1.1165686,0.0001137051816643021,0.005879527888854825,0.8601398601398601,0.6410256410256411
Ventral Endoderm 2,dhcr7,3.8558862,2.6453424,0.00011531109284990396,0.005920478487241775,0.5104895104895105,0.1282051282051282
Ventral Endoderm 2,fip1l1,3.8558862,1.8282152,0.00011531109284990396,0.005920478487241775,0.6223776223776224,0.3333333333333333
Ventral Endoderm 2,bicra,3.8558862,1.0322881,0.00011531109284990396,0.005920478487241775,0.8881118881118881,0.6666666666666666
Ventral Endoderm 2,ptar1,3.830169,2.23178,0.0001280553170539897,0.006528726807091376,0.5594405594405595,0.20512820512820512
Ventral Endoderm 2,tent4b,3.8181674,1.1391972,0.00013444663032705103,0.006822697489224606,0.9020979020979021,0.7692307692307693
Ventral Endoderm 2,wnt8b,3.8113096,29.49276,0.000138232535621695,0.0069823429625023295,0.3986013986013986,0.0
Ventral Endoderm 2,flt1,3.8010225,6.5493803,0.00014410014887995253,0.007245182831127752,0.4125874125874126,0.02564102564102564
Ventral Endoderm 2,wdr43,3.8010225,1.5131341,0.00014410014887995253,0.007245182831127752,0.7412587412587412,0.3333333333333333
Ventral Endoderm 2,nop58,3.7941647,1.2254337,0.00014814134650332673,0.007431246717354236,0.9090909090909091,0.5897435897435898
Ventral Endoderm 2,magi1,3.7907357,1.573759,0.0001502017333113695,0.00751732115272338,0.7342657342657343,0.48717948717948717
Ventral Endoderm 2,wwc2,3.7890213,1.7795035,0.00015124201496927837,0.007552064093008292,0.6573426573426573,0.2564102564102564
Ventral Endoderm 2,prtg,3.7838776,1.3952361,0.00015440370399771178,0.0076923361299864575,0.916083916083916,0.6666666666666666
Ventral Endoderm 2,ptpra,3.7821631,1.6497781,0.00015547135274935687,0.007727882433584776,0.6573426573426573,0.3076923076923077
Ventral Endoderm 2,slc25a1,3.7787342,2.2481523,0.00015762752917355602,0.007800326384506489,0.5594405594405595,0.20512820512820512
Ventral Endoderm 2,frs2,3.7770197,1.1790297,0.00015871614108981628,0.007800326384506489,0.8601398601398601,0.5641025641025641
Ventral Endoderm 2,styx,3.7650182,1.862948,0.00016653685840994404,0.008166293904187391,0.6013986013986014,0.2564102564102564
Ventral Endoderm 2,psap,3.756446,1.5408868,0.00017234351103123768,0.008394436951367495,0.7622377622377622,0.41025641025641024
Ventral Endoderm 2,phf10,3.7547314,1.1835884,0.00017352746266986123,0.008433280095588067,0.8531468531468531,0.6153846153846154
Ventral Endoderm 2,taf4,3.739301,1.0551298,0.00018453266238764704,0.0089086000574355,0.8601398601398601,0.6666666666666666
Ventral Endoderm 2,nid2,3.7272997,1.3555409,0.0001935423590279581,0.009302396071253466,0.7692307692307693,0.5128205128205128
Ventral Endoderm 2,thada,3.725585,1.8375763,0.0001948627059026621,0.009345272759345033,0.6223776223776224,0.3333333333333333
Ventral Endoderm 2,gas1,3.718727,5.1983395,0.00020022920434131702,0.009518957446474682,0.40559440559440557,0.02564102564102564
Ventral Endoderm 2,eml2,3.7084403,1.953496,0.0002085398989241977,0.009871039337147327,0.6083916083916084,0.3076923076923077
Ventral Endoderm 2,slc7a6,3.7050111,1.6577802,0.00021138137831001343,0.00998388107381559,0.7132867132867133,0.4358974358974359
Ventral Endoderm 2,lpar4,3.7015822,2.7553847,0.00021425918724523498,0.010054515537372629,0.46853146853146854,0.10256410256410256
Ventral Endoderm 2,ctps1,3.6981533,1.5683703,0.00021717375594959259,0.010147641388813832,0.6923076923076923,0.3076923076923077
Ventral Endoderm 2,gen1,3.6981533,1.5148007,0.00021717375594959259,0.010147641388813832,0.7062937062937062,0.38461538461538464
Ventral Endoderm 2,vegt,3.6912954,1.0387748,0.00022311491671561835,0.010380790186890209,0.9090909090909091,0.7948717948717948
Ventral Endoderm 2,cep170b,3.6878662,1.3397679,0.000226142392518928,0.010499262015224529,0.916083916083916,0.6410256410256411
Ventral Endoderm 2,rbm34,3.6672924,1.7330472,0.0002451323746228807,0.011261123256096588,0.6083916083916084,0.23076923076923078
Ventral Endoderm 2,numa1,3.6604345,1.2284447,0.0002517879177423517,0.011518373486490263,0.8181818181818182,0.5128205128205128
Ventral Endoderm 2,gnl3l,3.6570055,1.2708849,0.00025517888882790413,0.011649076429108151,0.8111888111888111,0.48717948717948717
Ventral Endoderm 2,pdcd11,3.655291,1.1612242,0.00025689038946195093,0.01170272481930946,0.8391608391608392,0.5641025641025641
Ventral Endoderm 2,tars1,3.648433,1.5632013,0.00026384461489824674,0.011969549566932728,0.6993006993006993,0.358974358974359
Ventral Endoderm 2,papss1,3.6295736,2.3680062,0.000283889680559838,0.012799084131190547,0.5034965034965035,0.1282051282051282
Ventral Endoderm 2,hipk2,3.612429,2.9720361,0.0003033424131880374,0.01356400573396755,0.45454545454545453,0.10256410256410256
Ventral Endoderm 2,rbms1,3.612429,1.2333798,0.0003033424131880374,0.01356400573396755,0.8811188811188811,0.6410256410256411
Ventral Endoderm 2,meis1,3.6055708,2.3834417,0.00031146750647403687,0.013870474405652977,0.5384615384615384,0.23076923076923078
Ventral Endoderm 2,nop2,3.6004274,1.1492305,0.00031769456045854756,0.014090270332857655,0.8111888111888111,0.5641025641025641
Ventral Endoderm 2,naf1,3.598713,1.400683,0.0003197960114220087,0.014154703377768056,0.6853146853146853,0.38461538461538464
Ventral Endoderm 2,lamb1,3.595284,3.0810523,0.00032403800539514973,0.014313427764630694,0.44755244755244755,0.07692307692307693
Ventral Endoderm 2,uap1,3.5918548,1.2884783,0.0003283326189437509,0.01444464935074917,0.9790209790209791,0.717948717948718
Ventral Endoderm 2,c15orf39,3.5884259,1.4496019,0.00033268045366274617,0.01457714895456784,0.7202797202797203,0.38461538461538464
Ventral Endoderm 2,foxc2,3.5884259,4.495547,0.00033268045366274617,0.01457714895456784,0.3986013986013986,0.02564102564102564
Ventral Endoderm 2,mcm3ap,3.584997,1.0553606,0.0003370821173430778,0.014710937765086602,0.8951048951048951,0.6410256410256411
Ventral Endoderm 2,ccdc9,3.5832825,1.3943429,0.00033930332668620337,0.014778319144949387,0.7342657342657343,0.4358974358974359
Ventral Endoderm 2,pa2g4,3.564423,1.3091501,0.0003646573385882615,0.01569465046417052,0.7552447552447552,0.48717948717948717
Ventral Endoderm 2,setx,3.564423,1.2699399,0.0003646573385882615,0.01569465046417052,0.7832167832167832,0.48717948717948717
Ventral Endoderm 2,baz1b,3.5592797,1.1259199,0.00037187341756672815,0.015973720166778692,0.8811188811188811,0.6153846153846154
Ventral Endoderm 2,fchsd2,3.5541363,1.3957056,0.0003792228179323997,0.016257408860712953,0.7062937062937062,0.41025641025641024
Ventral Endoderm 2,depdc1,3.550707,1.2677276,0.00038419760280069946,0.016374171661550904,0.7482517482517482,0.48717948717948717
Ventral Endoderm 2,prdm2,3.550707,3.1884284,0.00038419760280069946,0.016374171661550904,0.46153846153846156,0.1282051282051282
Ventral Endoderm 2,utp25,3.550707,1.6434329,0.00038419760280069946,0.016374171661550904,0.6293706293706294,0.28205128205128205
Ventral Endoderm 2,sufu,3.5455637,1.2025495,0.00039177425623930447,0.016664534201555288,0.7412587412587412,0.46153846153846156
Ventral Endoderm 2,gnl3,3.5438492,1.0775552,0.0003943306780672884,0.016675755283151746,0.916083916083916,0.6153846153846154
Ventral Endoderm 2,c6.2,3.5438492,1.6108794,0.0003943306780672884,0.016675755283151746,0.6643356643356644,0.3333333333333333
Ventral Endoderm 2,cop1,3.5438492,1.1128194,0.0003943306780672884,0.016675755283151746,0.9020979020979021,0.7948717948717948
Ventral Endoderm 2,ammecr1,3.5421348,1.0491421,0.00039690267971537326,0.016752056816381353,0.8251748251748252,0.6666666666666666
Ventral Endoderm 2,rnd3,3.535277,4.4492908,0.00040734823797572645,0.017159741121367426,0.40559440559440557,0.05128205128205128
Ventral Endoderm 2,arhgap36,3.5335622,2.1293907,0.00040999945769156274,0.017204996473629983,0.5314685314685315,0.1794871794871795
Ventral Endoderm 2,irf6.2,3.5301332,1.6582209,0.00041535031866673963,0.01732955889794823,0.6433566433566433,0.28205128205128205
Ventral Endoderm 2,noc3l,3.5232754,1.4154681,0.0004262482628918602,0.017750311726265806,0.7132867132867133,0.38461538461538464
Ventral Endoderm 2,hace1,3.5164175,5.1470146,0.000437412734340151,0.018145975809955202,0.38461538461538464,0.02564102564102564
Ventral Endoderm 2,furin,3.5129883,1.8995898,0.0004430967820001148,0.018312149393985806,0.6153846153846154,0.3333333333333333
Ventral Endoderm 2,bcar1,3.5061305,3.0155423,0.00045467229506289256,0.01868437693138866,0.45454545454545453,0.1282051282051282
Ventral Endoderm 2,LOC100145148,3.5027015,1.2984344,0.00046056530074986335,0.018855526130699376,0.7902097902097902,0.5128205128205128
Ventral Endoderm 2,ets1,3.4889855,3.4233384,0.00048485731423049996,0.019775834493128485,0.42657342657342656,0.07692307692307693
Ventral Endoderm 2,adgra3,3.4889855,1.0319641,0.00048485731423049996,0.019775834493128485,0.8531468531468531,0.5897435897435898
Ventral Endoderm 2,mthfd1,3.4821277,2.004152,0.0004974465601697529,0.02025145781616451,0.5384615384615384,0.20512820512820512
Ventral Endoderm 2,gata5,3.4786987,1.8848151,0.0005038548599347265,0.020474146924833642,0.5734265734265734,0.23076923076923078
Ventral Endoderm 2,celf1,3.4649827,1.2193038,0.0005302655395348596,0.021348568889649762,0.8041958041958042,0.46153846153846156
Ventral Endoderm 2,pcdh1,3.4649827,1.0664877,0.0005302655395348596,0.021348568889649762,0.986013986013986,0.8974358974358975
Ventral Endoderm 2,eya1,3.4615538,4.168556,0.0005370668701013308,0.021582571220038933,0.3986013986013986,0.05128205128205128
Ventral Endoderm 2,mbd5,3.4546957,2.1711504,0.0005509140488919917,0.022017390953978297,0.4965034965034965,0.1794871794871795
Ventral Endoderm 2,slc25a36,3.4529812,3.096424,0.0005544274344718877,0.022117296247917848,0.4195804195804196,0.05128205128205128
Ventral Endoderm 2,epn2,3.4512668,2.4393613,0.0005579616813274455,0.0221771982663865,0.4825174825174825,0.15384615384615385
Ventral Endoderm 2,bub1,3.4478378,1.3023686,0.0005650932130813334,0.022379127046547688,0.7342657342657343,0.46153846153846156
Ventral Endoderm 2,sox5,3.44098,1.0318577,0.000579611639164405,0.022871076994948426,0.9090909090909091,0.7948717948717948
Ventral Endoderm 2,fscn1,3.4375508,1.9920046,0.0005870003880334969,0.023120822143102772,0.5384615384615384,0.20512820512820512
Ventral Endoderm 2,gsap,3.420406,3.4923503,0.0006252773948913132,0.0244519319604361,0.3916083916083916,0.02564102564102564
Ventral Endoderm 2,sestd1,3.413548,1.3063947,0.0006412285048314842,0.024941617119300923,0.7132867132867133,0.4358974358974359
Ventral Endoderm 2,adam33,3.413548,1.307777,0.0006412285048314842,0.024941617119300923,0.993006993006993,0.6923076923076923
Ventral Endoderm 2,robo1,3.4118335,1.6839736,0.0006452750002498806,0.0250543519225136,0.6573426573426573,0.3333333333333333
Ventral Endoderm 2,rara,3.4066901,1.2564526,0.0006575574333280574,0.025395682748055825,0.7832167832167832,0.46153846153846156
Ventral Endoderm 2,eif3j,3.4066901,1.3272938,0.0006575574333280574,0.025395682748055825,0.6363636363636364,0.28205128205128205
Ventral Endoderm 2,mthfd1l,3.3946886,2.3247168,0.0006870668245417898,0.026348831596355704,0.4755244755244755,0.15384615384615385
Ventral Endoderm 2,taok2,3.3895452,1.083649,0.0007000866647116648,0.026801037036268835,0.8181818181818182,0.5897435897435898
Ventral Endoderm 2,chchd10,3.3826873,5.5692697,0.0007178032721811633,0.027335401749153866,0.3706293706293706,0.02564102564102564
Ventral Endoderm 2,kdm4c,3.3826873,1.1813577,0.0007178032721811633,0.027335401749153866,0.7762237762237763,0.5128205128205128
Ventral Endoderm 2,lmo4.1,3.3758292,2.2222908,0.0007359356778731257,0.02787995212998173,0.48951048951048953,0.1794871794871795
Ventral Endoderm 2,LOC100216020,3.3758292,1.2195046,0.0007359356778731257,0.02787995212998173,0.7552447552447552,0.38461538461538464
Ventral Endoderm 2,pinx1,3.3724003,1.234704,0.0007451605753293617,0.028034739507348277,0.7552447552447552,0.48717948717948717
Ventral Endoderm 2,cdk4,3.3724003,1.1980995,0.0007451605753293617,0.028034739507348277,0.7692307692307693,0.4358974358974359
Ventral Endoderm 2,gpn1,3.3706858,1.7481537,0.0007498131887792224,0.02816122821402997,0.5454545454545454,0.2564102564102564
Ventral Endoderm 2,frem1,3.3621135,3.4308338,0.000773483594627582,0.028851599176698235,0.40559440559440557,0.07692307692307693
Ventral Endoderm 2,pum3,3.3603988,1.3952545,0.0007783001500044357,0.028981719408270976,0.6433566433566433,0.3076923076923077
Ventral Endoderm 2,phf14,3.3483975,1.3010405,0.0008128035292167123,0.03011236979802696,0.7342657342657343,0.46153846153846156
Ventral Endoderm 2,rcc2,3.346683,1.3661569,0.0008178468645988605,0.030196677550612075,0.6293706293706294,0.358974358974359
Ventral Endoderm 2,strn3,3.346683,1.5110829,0.0008178468645988605,0.030196677550612075,0.6153846153846154,0.3333333333333333
Ventral Endoderm 2,lrpprc,3.3346815,1.4670626,0.000853971364015625,0.031318502746529336,0.6643356643356644,0.38461538461538464
Ventral Endoderm 2,ilvbl,3.332967,3.4415271,0.0008592511636239634,0.0314592611433532,0.4195804195804196,0.10256410256410256
Ventral Endoderm 2,rbm38,3.3243947,3.1694498,0.000886107180070842,0.032280041362814434,0.4125874125874126,0.07692307692307693
Ventral Endoderm 2,dact1,3.319251,1.3937743,0.0009025921471372438,0.03277115348199967,0.6993006993006993,0.41025641025641024
Ventral Endoderm 2,abi2,3.3055353,2.163984,0.000947951869455573,0.03430391002220574,0.48951048951048953,0.15384615384615385
Ventral Endoderm 2,ralgps2,3.3038208,1.886332,0.0009537679818538971,0.03445723697356604,0.5454545454545454,0.23076923076923078
Ventral Endoderm 2,khdc4,3.2969627,1.1505933,0.0009773645196753343,0.03525135732865367,0.7622377622377622,0.41025641025641024
Ventral Endoderm 2,fcho2,3.2935338,1.096325,0.0009893644457933312,0.035508094690224146,0.8461538461538461,0.5641025641025641
Ventral Endoderm 2,clk1,3.2798178,1.1789472,0.0010387411359210252,0.037097169111182805,0.7062937062937062,0.4358974358974359
Ventral Endoderm 2,ipo7,3.266102,1.1296239,0.0010903897543921455,0.03868844687900977,0.8111888111888111,0.5384615384615384
Ventral Endoderm 2,rpl10a,3.2643874,1.0104197,0.0010970102401437688,0.03886016306846945,0.7692307692307693,0.5641025641025641
Ventral Endoderm 2,wdr75,3.259244,1.1369907,0.0011170953964367528,0.03925304129733717,0.8601398601398601,0.5641025641025641
Ventral Endoderm 2,aplnr,3.259244,1.3981804,0.0011170953964367528,0.03925304129733717,0.6573426573426573,0.358974358974359
Ventral Endoderm 2,gnai2,3.255815,1.1715275,0.001130673815632261,0.039539155979024944,0.7762237762237763,0.5641025641025641
Ventral Endoderm 2,xpo4,3.242099,1.340082,0.0011865274454375106,0.04135976898864524,0.6853146853146853,0.38461538461538464
Ventral Endoderm 2,slc7a6os,3.2283833,1.0233123,0.001244920804605362,0.04305137381504533,0.8671328671328671,0.717948717948718
Ventral Endoderm 2,gab1,3.2283833,1.6882465,0.001244920804605362,0.04305137381504533,0.5664335664335665,0.2564102564102564
Ventral Endoderm 2,lemd3,3.2215252,1.1192594,0.0012751022399881643,0.04395577563788583,0.8181818181818182,0.48717948717948717
Ventral Endoderm 2,tcp1,3.2180963,1.1846558,0.0012904449465791605,0.044344565636698995,0.6923076923076923,0.41025641025641024
Ventral Endoderm 2,mamld1,3.209524,29.2754,0.0013295502494222664,0.04540237244545113,0.3356643356643357,0.0
Ventral Endoderm 2,myos,3.209524,28.87537,0.0013295502494222664,0.04540237244545113,0.3356643356643357,0.0
Ventral Endoderm 2,ctnnbl1,3.2009513,1.2326715,0.001369746405939513,0.046556442872283665,0.7062937062937062,0.358974358974359
Ventral Endoderm 2,arhgap23,3.1906645,3.154337,0.001419460332489576,0.04794743640132359,0.3986013986013986,0.07692307692307693
Ventral Endoderm 2,vps13b,3.1838064,1.2749319,0.001453521449523382,0.04902208894907221,0.6783216783216783,0.38461538461538464
Ventral Endoderm 2,shq1,3.182092,1.6560763,0.0014621536313937993,0.0492371209732162,0.5734265734265734,0.2564102564102564
Ventral Endoderm 2,osbpl10,3.1769485,1.724939,0.0014883344464825133,0.04988778180751908,0.5594405594405595,0.23076923076923078
Ventral Endoderm 2,ovol2,-3.1769485,-1.8403995,0.0014883344464825133,0.04988778180751908,0.3076923076923077,0.5897435897435898
Ventral Endoderm 2,lrrc1,-3.1803775,-1.4864584,0.0014708330362223068,0.049453078094617804,0.38461538461538464,0.6153846153846154
Ventral Endoderm 2,LOC100216037,-3.1906645,-4.4800496,0.001419460332489576,0.04794743640132359,0.03496503496503497,0.358974358974359
Ventral Endoderm 2,dlg3,-3.1906645,-1.4013063,0.001419460332489576,0.04794743640132359,0.3916083916083916,0.6410256410256411
Ventral Endoderm 2,prss27,-3.2026658,-3.632415,0.001361618599962844,0.04635238606831391,0.0979020979020979,0.41025641025641024
Ventral Endoderm 2,tfap2c,-3.2078094,-1.9977639,0.0013375013443312131,0.04560252630414281,0.3776223776223776,0.5897435897435898
Ventral Endoderm 2,traf4,-3.2129529,-2.2004013,0.0013137787401073964,0.0450754180627099,0.1258741258741259,0.46153846153846156
Ventral Endoderm 2,LOC116406975,-3.2180963,-3.0090902,0.0012904449465791605,0.044344565636698995,0.13286713286713286,0.4358974358974359
Ventral Endoderm 2,cpamd8,-3.2249541,-2.6957438,0.001259928084397826,0.04350140938234962,0.11888111888111888,0.4358974358974359
Ventral Endoderm 2,tada1,-3.2283833,-1.5541006,0.001244920804605362,0.04305137381504533,0.38461538461538464,0.6153846153846154
Ventral Endoderm 2,satb1,-3.2335267,-4.8469768,0.0012227191482399574,0.042553356513148496,0.027972027972027972,0.358974358974359
Ventral Endoderm 2,il1r1,-3.262673,-3.4169354,0.0011036678830201188,0.03896947714463109,0.04195804195804196,0.38461538461538464
Ventral Endoderm 2,gmnn,-3.262673,-1.1848325,0.0011036678830201188,0.03896947714463109,0.6153846153846154,0.7435897435897436
Ventral Endoderm 2,ssr2,-3.27296,-1.1792374,0.0010642756345852708,0.03788508747517976,0.5174825174825175,0.7435897435897436
Ventral Endoderm 2,sh3bp4,-3.2901049,-1.1893305,0.001001500660557066,0.03582581297379629,0.4195804195804196,0.7435897435897436
Ventral Endoderm 2,LOC116410271,-3.2935338,-3.2405,0.0009893644457933312,0.035508094690224146,0.07692307692307693,0.41025641025641024
Ventral Endoderm 2,rab12,-3.2935338,-1.8442544,0.0009893644457933312,0.035508094690224146,0.24475524475524477,0.5384615384615384
Ventral Endoderm 2,tmem238,-3.3158221,-4.1136684,0.0009137395495092659,0.033120781910036035,0.04895104895104895,0.38461538461538464
Ventral Endoderm 2,tdrp,-3.3243947,-1.7255689,0.000886107180070842,0.032280041362814434,0.4825174825174825,0.6410256410256411
Ventral Endoderm 2,krt7,-3.3243947,-2.6031754,0.000886107180070842,0.032280041362814434,0.27972027972027974,0.5384615384615384
Ventral Endoderm 2,tspan13,-3.3415394,-4.425277,0.0008331516059577997,0.030658012130868717,0.04895104895104895,0.38461538461538464
Ventral Endoderm 2,e2f7,-3.3415394,-1.3685207,0.0008331516059577997,0.030658012130868717,0.5174825174825175,0.7435897435897436
Ventral Endoderm 2,atp1a1,-3.353541,-1.1772039,0.0007978461400371888,0.02960850445876105,0.9090909090909091,0.8717948717948718
Ventral Endoderm 2,shroom2,-3.3552554,-2.309253,0.0007929173829274896,0.029475724383067718,0.17482517482517482,0.48717948717948717
Ventral Endoderm 2,man1a2,-3.3689713,-2.1794693,0.0007544927675378994,0.02828829326536856,0.13986013986013987,0.48717948717948717
Ventral Endoderm 2,nectin3,-3.3724003,-4.479988,0.0007451605753293617,0.028034739507348277,0.04195804195804196,0.38461538461538464
Ventral Endoderm 2,garem1,-3.3809729,-3.5427594,0.0007222970482626093,0.0274586130490216,0.06993006993006994,0.41025641025641024
Ventral Endoderm 2,pygm,-3.4032612,-1.5436369,0.0006658661243618252,0.025625863667900154,0.5524475524475524,0.7435897435897436
Ventral Endoderm 2,sptlc3,-3.410119,-2.5212634,0.0006493452352124878,0.025167606354479035,0.3916083916083916,0.6410256410256411
Ventral Endoderm 2,foxd4l1.1,-3.423835,-3.3093805,0.0006174410130868538,0.024188833656316404,0.06293706293706294,0.41025641025641024
Ventral Endoderm 2,esam,-3.4324074,-29.573269,0.0005982480738215346,0.023479084926006664,0.0,0.358974358974359
Ventral Endoderm 2,adap1l,-3.4341218,-3.5166776,0.0005944767454464949,0.02337311182412246,0.0979020979020979,0.4358974358974359
Ventral Endoderm 2,ssh2,-3.4426944,-1.0113478,0.0005759498235978494,0.022767755617262086,0.951048951048951,0.8205128205128205
Ventral Endoderm 2,fam234a,-3.4478378,-1.4370352,0.0005650932130813334,0.022379127046547688,0.45454545454545453,0.6923076923076923
Ventral Endoderm 2,usp53,-3.4512668,-2.0751686,0.0005579616813274455,0.0221771982663865,0.21678321678321677,0.5384615384615384
Ventral Endoderm 2,twsg1,-3.4598393,-2.3606768,0.0005404979338345477,0.021680524658462617,0.1958041958041958,0.5128205128205128
Ventral Endoderm 2,ca7,-3.4684117,-3.965178,0.0005235445397221408,0.021156047039401545,0.06293706293706294,0.41025641025641024
Ventral Endoderm 2,iqgap1,-3.4752696,-3.1932104,0.0005103400580006136,0.020699127148013734,0.14685314685314685,0.46153846153846156
Ventral Endoderm 2,mxi1,-3.507845,-1.5068704,0.00045175224980484845,0.018599407250927544,0.3776223776223776,0.6666666666666666
Ventral Endoderm 2,phldb1,-3.5198464,-1.3065625,0.00043179681172401604,0.017947120435485246,0.6223776223776224,0.6923076923076923
Ventral Endoderm 2,MGC69473,-3.5301332,-1.6208549,0.00041535031866673963,0.01732955889794823,0.32167832167832167,0.6410256410256411
Ventral Endoderm 2,stk40,-3.5335622,-1.6186756,0.00040999945769156274,0.017204996473629983,0.46853146853146854,0.6923076923076923
Ventral Endoderm 2,smtnl2,-3.567852,-6.194081,0.00035991958355279256,0.015582946890288664,0.013986013986013986,0.38461538461538464
Ventral Endoderm 2,stox1,-3.5695665,-1.4297968,0.00035757234992509824,0.015512099896054808,0.6853146853146853,0.8205128205128205
Ventral Endoderm 2,sox13,-3.5918548,-1.9826232,0.0003283326189437509,0.01444464935074917,0.2727272727272727,0.5641025641025641
Ventral Endoderm 2,clint1,-3.6038563,-2.1184003,0.00031353038127711417,0.013933903156513052,0.3076923076923077,0.5641025641025641
Ventral Endoderm 2,ugt3a2,-3.6055708,-3.6354628,0.00031146750647403687,0.013870474405652977,0.07692307692307693,0.4358974358974359
Ventral Endoderm 2,LOC394904,-3.6227157,-2.100039,0.0002915261437735267,0.013089283916218365,0.2727272727272727,0.5641025641025641
Ventral Endoderm 2,ptpn13,-3.627859,-1.0115011,0.00028578102723439235,0.01285778926862201,0.9230769230769231,0.8717948717948718
Ventral Endoderm 2,srsf1,-3.6347172,-1.0079962,0.0002782857699888986,0.012572409496744838,0.6853146853146853,0.8205128205128205
Ventral Endoderm 2,lmo7,-3.6398606,-2.8365026,0.0002727856513579742,0.012349493149963392,0.3146853146853147,0.5897435897435898
Ventral Endoderm 2,arhgap29,-3.6604345,-1.5467869,0.0002517879177423517,0.011518373486490263,0.45454545454545453,0.6923076923076923
Ventral Endoderm 2,cyb561,-3.6672924,-1.9373105,0.0002451323746228807,0.011261123256096588,0.25874125874125875,0.5897435897435898
Ventral Endoderm 2,carnmt1,-3.6775794,-2.870405,0.0002354578039664193,0.010885433771930584,0.1258741258741259,0.48717948717948717
Ventral Endoderm 2,ppp2r5c,-3.6810083,-1.5681071,0.00023231337993419668,0.010762866801579842,0.4125874125874126,0.6666666666666666
Ventral Endoderm 2,mertk,-3.6947243,-1.366052,0.00022012551926828833,0.010263587512720768,0.7692307692307693,0.7435897435897436
Ventral Endoderm 2,phkb,-3.7015822,-2.8512907,0.00021425918724523498,0.010054515537372629,0.13286713286713286,0.48717948717948717
Ventral Endoderm 2,ntn3,-3.7032967,-2.463159,0.00021281571480311615,0.010029917306088114,0.2517482517482518,0.5641025641025641
Ventral Endoderm 2,ncoa2,-3.7084403,-2.8337653,0.0002085398989241977,0.009871039337147327,0.13286713286713286,0.48717948717948717
Ventral Endoderm 2,akap12,-3.722156,-2.5131547,0.0001975288319572629,0.00941108437148348,0.14685314685314685,0.5128205128205128
Ventral Endoderm 2,astl2d.1,-3.722156,-3.1412354,0.0001975288319572629,0.00941108437148348,0.16083916083916083,0.5128205128205128
Ventral Endoderm 2,mpv17l,-3.7375865,-4.8538074,0.0001857951699387471,0.008949749234510819,0.027972027972027972,0.41025641025641024
Ventral Endoderm 2,txlnb,-3.7581604,-3.5978007,0.00017116715999464688,0.008355791047523915,0.08391608391608392,0.46153846153846156
Ventral Endoderm 2,poln,-3.7770197,-5.8922887,0.00015871614108981628,0.007800326384506489,0.02097902097902098,0.41025641025641024
Ventral Endoderm 2,inf2,-3.7770197,-2.502702,0.00015871614108981628,0.007800326384506489,0.16783216783216784,0.5384615384615384
Ventral Endoderm 2,LOC100494793,-3.7770197,-3.3673573,0.00015871614108981628,0.007800326384506489,0.09090909090909091,0.46153846153846156
Ventral Endoderm 2,pank1,-3.813024,-3.4689627,0.00013727675516295916,0.006950153304897754,0.08391608391608392,0.46153846153846156
Ventral Endoderm 2,myo5c,-3.82674,-3.9617977,0.00012985156731309329,0.006604874243214473,0.0979020979020979,0.46153846153846156
Ventral Endoderm 2,rin2,-3.8455994,-2.8019698,0.00012025813332993192,0.006145556738623992,0.2097902097902098,0.5384615384615384
Ventral Endoderm 2,schip1,-3.8593152,-2.473964,0.0001137051816643021,0.005879527888854825,0.17482517482517482,0.5384615384615384
Ventral Endoderm 2,tpm1,-3.8696022,-2.7456155,0.00010901308533071775,0.005690848169860267,0.13286713286713286,0.5128205128205128
Ventral Endoderm 2,ttc12,-3.8696022,-2.257969,0.00010901308533071775,0.005690848169860267,0.20279720279720279,0.5641025641025641
Ventral Endoderm 2,slc25a30,-3.8730311,-1.4551206,0.00010749007816078159,0.005638319700832728,0.4405594405594406,0.7435897435897436
Ventral Endoderm 2,cdx1,-3.87646,-2.598847,0.00010598716361363792,0.005586342746891771,0.11888111888111888,0.5128205128205128
Ventral Endoderm 2,e4f1,-3.879889,-1.3219311,0.0001045040940505926,0.005561911795799954,0.5524475524475524,0.7948717948717948
Ventral Endoderm 2,kifc3,-3.890176,-4.255793,0.00010017152080316324,0.0053971426060390746,0.07692307692307693,0.46153846153846156
Ventral Endoderm 2,rai14,-3.91075,-3.2339063,9.200999867076051e-05,0.005044598444710214,0.09090909090909091,0.48717948717948717
Ventral Endoderm 2,sema4d,-3.9193223,-2.4034054,8.879827776565268e-05,0.004880773851698507,0.22377622377622378,0.5641025641025641
Ventral Endoderm 2,LOC493495,-3.921037,-3.416845,8.816877385347826e-05,0.004858411147113002,0.1048951048951049,0.48717948717948717
Ventral Endoderm 2,lifr,-3.924466,-2.808331,8.692239267739442e-05,0.004814044493942699,0.13286713286713286,0.5128205128205128
Ventral Endoderm 2,cfap61,-3.9450397,-4.8527694,7.978675589082091e-05,0.00446417128280411,0.027972027972027972,0.4358974358974359
Ventral Endoderm 2,fxyd3,-3.9587557,-2.121451,7.534127666716639e-05,0.004248118858279684,0.21678321678321677,0.5897435897435898
Ventral Endoderm 2,rfx3,-3.9690425,-2.8700829,7.216199437805942e-05,0.004089991894347103,0.16783216783216784,0.5384615384615384
Ventral Endoderm 2,spata13,-3.9913309,-1.6037358,6.570352441474494e-05,0.0037531848331260457,0.48951048951048953,0.7692307692307693
Ventral Endoderm 2,nuak2,-4.0101905,-3.3458216,6.066983066041853e-05,0.003493077506176762,0.09090909090909091,0.48717948717948717
Ventral Endoderm 2,tmem72,-4.0136194,-2.6814864,5.9794764955325697e-05,0.003451803084894609,0.2097902097902098,0.5897435897435898
Ventral Endoderm 2,LOC100495222,-4.037622,-3.1925037,5.3995736299409444e-05,0.00315037690318025,0.23776223776223776,0.5897435897435898
Ventral Endoderm 2,klf8,-4.0479093,-3.2412915,5.167721541507301e-05,0.0030231863741884933,0.0979020979020979,0.48717948717948717
Ventral Endoderm 2,plekhg5,-4.051338,-2.6038594,5.092557075501894e-05,0.0029952746076691867,0.3706293706293706,0.6410256410256411
Ventral Endoderm 2,dstyk,-4.058196,-2.099024,4.945325579261685e-05,0.0029244430749341254,0.5664335664335665,0.7435897435897436
Ventral Endoderm 2,ipmk,-4.058196,-2.3154657,4.945325579261685e-05,0.0029244430749341254,0.2727272727272727,0.6410256410256411
Ventral Endoderm 2,kiaa0232,-4.071912,-1.2216727,4.662881459536486e-05,0.0028029954911445083,0.7552447552447552,0.8974358974358975
Ventral Endoderm 2,ptgs2,-4.099344,-2.1117458,4.1432329509976426e-05,0.0025044179009340597,0.34265734265734266,0.6666666666666666
Ventral Endoderm 2,llgl1,-4.121632,-1.9160959,3.761976513213818e-05,0.0022994422827685916,0.4195804195804196,0.717948717948718
Ventral Endoderm 2,LOC116412173,-4.123347,-3.6431344,3.734071898215078e-05,0.002288797272217731,0.06293706293706294,0.48717948717948717
Ventral Endoderm 2,chn1,-4.1302047,-2.78941,3.6244061806032366e-05,0.002234129018840204,0.17482517482517482,0.5641025641025641
Ventral Endoderm 2,ralgds,-4.1336336,-1.6938394,3.5707269089684585e-05,0.002213546360244339,0.5804195804195804,0.7948717948717948
Ventral Endoderm 2,nt5c1a,-4.135348,-2.392023,3.5441712110004104e-05,0.0022033435896079757,0.15384615384615385,0.5641025641025641
Ventral Endoderm 2,camsap3,-4.1404915,-3.2414281,3.465624816114976e-05,0.002160668546069854,0.14685314685314685,0.5384615384615384
Ventral Endoderm 2,mob2.2,-4.188497,-3.2507641,2.8080780129121332e-05,0.0017760889947755262,0.1048951048951049,0.5128205128205128
Ventral Endoderm 2,MGC89056,-4.188497,-3.324729,2.8080780129121332e-05,0.0017760889947755262,0.1048951048951049,0.5128205128205128
Ventral Endoderm 2,pacrg,-4.215929,-4.2242827,2.4875201332139082e-05,0.0016154814531803778,0.06293706293706294,0.48717948717948717
Ventral Endoderm 2,mfge8,-4.2210727,-2.0233002,2.4314274221121025e-05,0.0015837665008330802,0.3776223776223776,0.717948717948718
Ventral Endoderm 2,ndfip1,-4.226216,-2.4313035,2.3765394094962986e-05,0.0015573113049435056,0.2097902097902098,0.5897435897435898
Ventral Endoderm 2,arid3a,-4.2382174,-2.2118382,2.2530158307049974e-05,0.001480815013307643,0.4195804195804196,0.6666666666666666
Ventral Endoderm 2,nodal2,-4.243361,-5.2018356,2.2019694708459152e-05,0.00145163673182262,0.02097902097902098,0.46153846153846156
Ventral Endoderm 2,pkp3,-4.245075,-2.9027553,2.18520003630726e-05,0.001444946969462446,0.16783216783216784,0.5641025641025641
Ventral Endoderm 2,prcp,-4.2605057,-4.2474318,2.039648565420416e-05,0.001361075576331465,0.06293706293706294,0.48717948717948717
Ventral Endoderm 2,lrriq1,-4.2673635,-3.8380995,1.9779656022518882e-05,0.0013239628038876827,0.09090909090909091,0.5128205128205128
Ventral Endoderm 2,znfx1,-4.2690783,-3.0152934,1.9628247507704503e-05,0.0013178707349711383,0.15384615384615385,0.5641025641025641
Ventral Endoderm 2,cldn4,-4.2879376,-3.2810798,1.8033977285523576e-05,0.0012183263725926005,0.11188811188811189,0.5384615384615384
Ventral Endoderm 2,mapkapk5,-4.2879376,-1.9271592,1.8033977285523576e-05,0.0012183263725926005,0.5174825174825175,0.7435897435897436
Ventral Endoderm 2,unc80,-4.339372,-2.8781474,1.4289031543118735e-05,0.000986711890197449,0.2097902097902098,0.5897435897435898
Ventral Endoderm 2,marveld2,-4.342801,-3.0644612,1.4067741692458541e-05,0.0009745148935591677,0.1258741258741259,0.5384615384615384
Ventral Endoderm 2,emid1,-4.3685184,-4.0871906,1.2509219527418686e-05,0.0008720884322933008,0.08391608391608392,0.5128205128205128
Ventral Endoderm 2,myt1,-4.3908067,-2.6461682,1.1293079432270562e-05,0.0007923674800372217,0.3006993006993007,0.6410256410256411
Ventral Endoderm 2,fam83f,-4.401094,-4.9827166,1.0770652658189615e-05,0.0007630727651115442,0.04195804195804196,0.48717948717948717
Ventral Endoderm 2,mpzl1,-4.411381,-1.041119,1.0271350489928003e-05,0.0007300688568101594,0.8181818181818182,0.8974358974358975
Ventral Endoderm 2,cdx2,-4.433669,-3.3451126,9.264276491313458e-06,0.0006693899911157316,0.15384615384615385,0.5641025641025641
Ventral Endoderm 2,csrnp1,-4.4490995,-2.002521,8.623104760382125e-06,0.000625132122844845,0.3356643356643357,0.6923076923076923
Ventral Endoderm 2,efna4,-4.4559574,-3.1362703,8.351957909888497e-06,0.0006074935785055896,0.17482517482517482,0.5641025641025641
Ventral Endoderm 2,ptprf,-4.4696736,-1.5054235,7.833912273504763e-06,0.0005755683492260856,0.6643356643356644,0.8717948717948718
Ventral Endoderm 2,adamts3,-4.558827,-4.767196,5.144015886371004e-06,0.0003897485092239642,0.06293706293706294,0.5128205128205128
Ventral Endoderm 2,tmcc1,-4.558827,-3.1382668,5.144015886371004e-06,0.0003897485092239642,0.16783216783216784,0.5897435897435898
Ventral Endoderm 2,cdh1,-4.5725427,-3.218876,4.818408400005825e-06,0.0003689210164790425,0.25874125874125875,0.6153846153846154
Ventral Endoderm 2,e2f8,-4.591402,-1.5187094,4.402780584294734e-06,0.0003431181254639121,0.5874125874125874,0.8461538461538461
Ventral Endoderm 2,usp54,-4.594831,-3.591765,4.330998765391766e-06,0.0003399522448187544,0.11188811188811189,0.5641025641025641
Ventral Endoderm 2,dnah5,-4.64798,-4.756368,3.3520093216286667e-06,0.0002689124831149233,0.09090909090909091,0.5384615384615384
Ventral Endoderm 2,lrwd1,-4.651409,-1.9627204,3.29674315413807e-06,0.00026545473197950856,0.5594405594405595,0.8461538461538461
Ventral Endoderm 2,rasgef1b,-4.6719832,-2.085302,2.983054510595572e-06,0.00024288519580487302,0.42657342657342656,0.7692307692307693
Ventral Endoderm 2,bicc1,-4.689128,-1.3432684,2.7437168730936604e-06,0.00022592696561425196,0.9300699300699301,0.8974358974358975
Ventral Endoderm 2,aldh1l1,-4.6994147,-3.6774292,2.6090782698545063e-06,0.00021647413280036194,0.1048951048951049,0.5641025641025641
Ventral Endoderm 2,csnk1d,-4.7079873,-2.23365,2.501745440407766e-06,0.00020836102005777812,0.2937062937062937,0.6666666666666666
Ventral Endoderm 2,serinc5,-4.713131,-1.6842445,2.4393940284481552e-06,0.00020473083497987384,0.4405594405594406,0.7692307692307693
Ventral Endoderm 2,LOC101733948,-4.7542787,-5.991167,1.9915622837432348e-06,0.00016909681164809778,0.02097902097902098,0.5128205128205128
Ventral Endoderm 2,rapgef2,-4.7577076,-1.5795858,1.958038439819951e-06,0.0001668998312316842,0.8531468531468531,0.8974358974358975
Ventral Endoderm 2,krt8.1,-4.7679944,-1.2773834,1.8606882832341775e-06,0.00015922383932726663,0.9370629370629371,0.9487179487179487
Ventral Endoderm 2,ankrd7,-4.836574,-2.5894704,1.3209603893860422e-06,0.00011622853490642269,0.2867132867132867,0.6666666666666666
Ventral Endoderm 2,lsp1,-4.840003,-2.5747066,1.2983711353381545e-06,0.00011516974204964988,0.2867132867132867,0.6666666666666666
Ventral Endoderm 2,lima1,-4.840003,-2.5804691,1.2983711353381545e-06,0.00011516974204964988,0.45454545454545453,0.8205128205128205
Ventral Endoderm 2,stard13,-4.9154406,-2.3406618,8.858300237184356e-07,8.15599027323206e-05,0.4405594405594406,0.8205128205128205
Ventral Endoderm 2,ephb4,-4.9463015,-1.227203,7.5636812390629e-07,7.023280353940065e-05,0.7622377622377622,0.8717948717948718
Ventral Endoderm 2,reps1,-4.997736,-3.273695,5.800729707032392e-07,5.527411481971783e-05,0.23076923076923078,0.6666666666666666
Ventral Endoderm 2,tjp3,-5.004594,-4.1374288,5.59798757501945e-07,5.357617845372782e-05,0.11888111888111888,0.5897435897435898
Ventral Endoderm 2,myo9b,-5.0080233,-2.3904102,5.499195648922902e-07,5.286253227098971e-05,0.5244755244755245,0.7692307692307693
Ventral Endoderm 2,tmprss4,-5.01831,-2.8241258,5.212802298465515e-07,5.055491509102933e-05,0.21678321678321677,0.6666666666666666
Ventral Endoderm 2,ocln,-5.028597,-1.8454312,4.940818189364553e-07,4.813106862059104e-05,0.6293706293706294,0.8717948717948718
Ventral Endoderm 2,ehd1,-5.0680304,-1.4256417,4.0195374543569633e-07,4.005037753037594e-05,0.6713286713286714,0.9230769230769231
Ventral Endoderm 2,itpr3,-5.0680304,-2.876692,4.0195374543569633e-07,4.005037753037594e-05,0.5594405594405595,0.7692307692307693
Ventral Endoderm 2,atg16l1,-5.074888,-1.8296853,3.8772408763323006e-07,3.9169107945577373e-05,0.7832167832167832,0.9487179487179487
Ventral Endoderm 2,osbpl1a,-5.0868897,-2.7657943,3.639836960793679e-07,3.69418057309204e-05,0.26573426573426573,0.6923076923076923
Ventral Endoderm 2,lsr,-5.1108923,-1.2709631,3.206406070654103e-07,3.2848350642132945e-05,0.7622377622377622,0.8974358974358975
Ventral Endoderm 2,nipal2,-5.1331806,-2.1646423,2.8488608428930594e-07,2.9744015527640885e-05,0.46853146853146854,0.7692307692307693
Ventral Endoderm 2,stk17a,-5.141753,-2.2369888,2.7218653287704573e-07,2.8554722759182762e-05,0.35664335664335667,0.7692307692307693
Ventral Endoderm 2,prrg2,-5.155469,-3.550264,2.5299675886583723e-07,2.6669769445465864e-05,0.1048951048951049,0.6153846153846154
Ventral Endoderm 2,pla2g7,-5.158898,-4.279176,2.484074802893035e-07,2.6313104987344136e-05,0.07692307692307693,0.5897435897435898
Ventral Endoderm 2,nipal4,-5.176043,-3.306542,2.2664127688448186e-07,2.448286783612019e-05,0.16083916083916083,0.6410256410256411
Ventral Endoderm 2,gprc5cl2,-5.1811867,-5.4541974,2.2047897726079898e-07,2.3935680411979574e-05,0.027972027972027972,0.5641025641025641
Ventral Endoderm 2,myo6,-5.1846156,-3.6393213,2.1646106173250129e-07,2.361698414032455e-05,0.26573426573426573,0.6666666666666666
Ventral Endoderm 2,hap1,-5.2206197,-2.4083943,1.7832540896457997e-07,1.9652720954626762e-05,0.45454545454545453,0.8205128205128205
Ventral Endoderm 2,hnf1b,-5.2874846,-3.0842113,1.2400968093977171e-07,1.3948532205086383e-05,0.22377622377622378,0.717948717948718
Ventral Endoderm 2,fam184a,-5.2891994,-4.2240944,1.228529971910198e-07,1.3890027210907995e-05,0.15384615384615385,0.6410256410256411
Ventral Endoderm 2,LOC100494211,-5.302915,-3.8080635,1.1396788636454027e-07,1.3020383499270332e-05,0.1258741258741259,0.6410256410256411
Ventral Endoderm 2,hpdl,-5.337205,-2.8153453,9.439032076453572e-08,1.0955804198951777e-05,0.27972027972027974,0.6923076923076923
Ventral Endoderm 2,bcr,-5.3389196,-2.5528636,9.35021722173769e-08,1.0910753475697227e-05,0.40559440559440557,0.7692307692307693
Ventral Endoderm 2,LOC100495677,-5.344063,-4.895724,9.088599801465138e-08,1.066249119719198e-05,0.04195804195804196,0.5897435897435898
Ventral Endoderm 2,slc9a3,-5.35435,-3.985221,8.586458603675371e-08,1.0127843956259476e-05,0.6083916083916084,0.8205128205128205
Ventral Endoderm 2,rhpn2,-5.357779,-2.5628595,8.42512847869632e-08,1.0046160029160242e-05,0.3006993006993007,0.8205128205128205
Ventral Endoderm 2,mastl,-5.371495,-3.155388,7.80866446372919e-08,9.362245454012893e-06,0.22377622377622378,0.6923076923076923
Ventral Endoderm 2,prickle1,-5.3783526,-2.5473619,7.517044604473996e-08,9.062399464874423e-06,0.42657342657342656,0.8205128205128205
Ventral Endoderm 2,LOC101734594,-5.3989267,-5.7499447,6.704080370415003e-08,8.127207653490322e-06,0.04195804195804196,0.5897435897435898
Ventral Endoderm 2,grhl2,-5.4195004,-2.7765522,5.976580212577626e-08,7.326682967340246e-06,0.23076923076923078,0.7948717948717948
Ventral Endoderm 2,ide,-5.426358,-2.5325994,5.751541402228732e-08,7.090643216838032e-06,0.3356643356643357,0.717948717948718
Ventral Endoderm 2,trpm4,-5.4503613,-3.2997637,5.026760787576455e-08,6.377264368936386e-06,0.1888111888111888,0.6923076923076923
Ventral Endoderm 2,metrnl,-5.467506,-1.5989264,4.5641140128931136e-08,5.8931083949905704e-06,0.7272727272727273,0.9230769230769231
Ventral Endoderm 2,atp1b2,-5.4760785,-4.6747146,4.3485462537024305e-08,5.6481921310738536e-06,0.0979020979020979,0.6153846153846154
Ventral Endoderm 2,dmd.3,-5.5395145,-1.7976768,3.033110070646074e-08,4.011242112216242e-06,0.7202797202797203,0.8974358974358975
Ventral Endoderm 2,alcam,-5.5635176,-3.395234,2.6439027872237215e-08,3.517841629268831e-06,0.2727272727272727,0.6923076923076923
Ventral Endoderm 2,LOC105945479,-5.6012363,-2.5141504,2.1282836987902246e-08,2.884551465298229e-06,0.5804195804195804,0.9230769230769231
Ventral Endoderm 2,rassf7,-5.649242,-4.2838974,1.611568552713387e-08,2.2398749929145744e-06,0.08391608391608392,0.6410256410256411
Ventral Endoderm 2,epb41l5,-5.673245,-2.3298352,1.4011773607920384e-08,1.9599417429386583e-06,0.34965034965034963,0.7948717948717948
Ventral Endoderm 2,rab11fip4l,-5.6903896,-2.6937973,1.2674973553685573e-08,1.8077163262416528e-06,0.2867132867132867,0.7692307692307693
Ventral Endoderm 2,tmod3,-5.709249,-2.6031244,1.1347569084720985e-08,1.6290480591953723e-06,0.23776223776223776,0.7692307692307693
Ventral Endoderm 2,smtn,-5.7349663,-2.916316,9.753164454726384e-09,1.409429149447579e-06,0.6713286713286714,0.8461538461538461
Ventral Endoderm 2,atp13a5l.1,-5.7555404,-4.311568,8.636509891906586e-09,1.2908033037759836e-06,0.18181818181818182,0.6923076923076923
Ventral Endoderm 2,mst1,-5.7589693,-3.7466795,8.462908626599389e-09,1.273580200972588e-06,0.16783216783216784,0.6923076923076923
Ventral Endoderm 2,esyt2,-5.764113,-2.469705,8.208851315767722e-09,1.243926003898385e-06,0.44755244755244755,0.8205128205128205
Ventral Endoderm 2,lmtk2,-5.800117,-2.0728898,6.626864595685756e-09,1.0183437488905556e-06,0.8181818181818182,0.9230769230769231
Ventral Endoderm 2,ralgapa2,-5.8052607,-2.0622962,6.42660000814204e-09,1.0016774198404818e-06,0.7412587412587412,0.8717948717948718
Ventral Endoderm 2,egfr,-5.8138328,-1.9092536,6.105834223430245e-09,9.585281193487148e-07,0.7902097902097902,0.9743589743589743
Ventral Endoderm 2,hpgd,-5.820691,-4.1022587,5.860485599793075e-09,9.334427465188663e-07,0.1888111888111888,0.6923076923076923
Ventral Endoderm 2,wnt11b,-5.8652678,-4.137188,4.484088075743213e-09,7.302036261253182e-07,0.16083916083916083,0.6923076923076923
Ventral Endoderm 2,cdx4,-5.918417,-3.5823128,3.2505535197298776e-09,5.629391139208386e-07,0.23776223776223776,0.717948717948718
Ventral Endoderm 2,lmln2,-5.954421,-3.9920125,2.6099403198982555e-09,4.556120617639987e-07,0.11888111888111888,0.6923076923076923
Ventral Endoderm 2,wee1,-5.961279,-2.2750032,2.5027117216610905e-09,4.4399733722249314e-07,0.5174825174825175,0.8974358974358975
Ventral Endoderm 2,ahcyl2,-5.9698515,-2.6492,2.374696513821474e-09,4.247397756401507e-07,0.44755244755244755,0.8205128205128205
Ventral Endoderm 2,jag1,-5.9767094,-3.5526774,2.2768977172337513e-09,4.1403487573131407e-07,0.18181818181818182,0.717948717948718
Ventral Endoderm 2,ccng2,-5.981853,-2.896998,2.2061345516720946e-09,4.0453833657173765e-07,0.21678321678321677,0.7692307692307693
Ventral Endoderm 2,erbin,-6.009285,-2.6549027,1.863436028989091e-09,3.566845402506224e-07,0.5384615384615384,0.7948717948717948
Ventral Endoderm 2,pard6b,-6.009285,-4.2188344,1.863436028989091e-09,3.566845402506224e-07,0.13286713286713286,0.6923076923076923
Ventral Endoderm 2,st14,-6.0470033,-1.9751004,1.4756455418523115e-09,2.900906429617954e-07,0.5944055944055944,0.8717948717948718
Ventral Endoderm 2,nav2,-6.101867,-2.1183145,1.0483649471161955e-09,2.0987496799103213e-07,0.8321678321678322,0.9230769230769231
Ventral Endoderm 2,ca14,-6.172161,-3.9021277,6.73627611262478e-10,1.4271095247920905e-07,0.3776223776223776,0.7692307692307693
Ventral Endoderm 2,dcbld1,-6.1893063,-2.6735942,6.042963369195493e-10,1.2927794478354397e-07,0.5454545454545454,0.8717948717948718
Ventral Endoderm 2,LOC779592,-6.1910205,-4.2134743,5.977589788645615e-10,1.2914553146340193e-07,0.13286713286713286,0.717948717948718
Ventral Endoderm 2,cxadr,-6.206451,-2.5374093,5.419450877864699e-10,1.1945236121806624e-07,0.4195804195804196,0.8461538461538461
Ventral Endoderm 2,arhgef38,-6.2081656,-3.155854,5.360668531472336e-10,1.1936239594414063e-07,0.2867132867132867,0.8461538461538461
Ventral Endoderm 2,gatm,-6.2253103,-2.2825441,4.806036064866019e-10,1.092422010119181e-07,0.8671328671328671,1.0
Ventral Endoderm 2,chmp5,-6.2596,-3.0007453,3.859657689035369e-10,8.865430571835873e-08,0.38461538461538464,0.7948717948717948
Ventral Endoderm 2,marchf8,-6.266458,-3.6954129,3.6935266215411127e-10,8.5740898307073e-08,0.3706293706293706,0.8461538461538461
Ventral Endoderm 2,tp53bp2,-6.317893,-2.4353566,2.651538384637405e-10,6.28904555338835e-08,0.5454545454545454,0.8974358974358975
Ventral Endoderm 2,rreb1,-6.353897,-1.9442878,2.0992733089164258e-10,5.1469935813331835e-08,0.958041958041958,0.9743589743589743
Ventral Endoderm 2,anks6,-6.3624697,-5.300884,1.9853544969157086e-10,4.923002326954282e-08,0.04895104895104895,0.6923076923076923
Ventral Endoderm 2,depdc1b,-6.46191,-2.0324972,1.0338966176221709e-10,2.6233323364108595e-08,0.5944055944055944,0.8974358974358975
Ventral Endoderm 2,gadd45a,-6.4893417,-2.732243,8.62122250816198e-11,2.2132199570659126e-08,0.4405594405594406,0.8461538461538461
Ventral Endoderm 2,ly6g6c,-6.4996285,-6.0897346,8.051851656690373e-11,2.1168609036221763e-08,0.027972027972027972,0.6923076923076923
Ventral Endoderm 2,arhgap45,-6.5579214,-3.855106,5.4562993852813957e-11,1.4699001097064857e-08,0.20279720279720279,0.7692307692307693
Ventral Endoderm 2,tmprss9,-6.5647793,-5.5886965,5.211000358966543e-11,1.4213654854126117e-08,0.14685314685314685,0.7435897435897436
Ventral Endoderm 2,chp1,-6.578495,-3.8448641,4.752333422125304e-11,1.3294957385153368e-08,0.44755244755244755,0.8461538461538461
Ventral Endoderm 2,slc22a23,-6.59564,-3.5975535,4.234251039251432e-11,1.1999427523052663e-08,0.3006993006993007,0.7948717948717948
Ventral Endoderm 2,LOC101733480,-6.6470747,-6.275772,2.9897526073583876e-11,8.584130479627286e-09,0.04895104895104895,0.717948717948718
Ventral Endoderm 2,usp43,-6.6813645,-4.2544723,2.3672758153071036e-11,6.968566566449143e-09,0.13286713286713286,0.7692307692307693
Ventral Endoderm 2,LOC100491625,-6.6950803,-1.6736664,2.1555304824641838e-11,6.443264473678213e-09,0.9440559440559441,0.9487179487179487
Ventral Endoderm 2,cadm1,-6.701938,-1.784419,2.05672766866373e-11,6.23331311915434e-09,0.972027972027972,1.0
Ventral Endoderm 2,dnmbp,-6.7122254,-4.592817,1.9167840244939983e-11,5.891006225138526e-09,0.1048951048951049,0.7435897435897436
Ventral Endoderm 2,phldb3,-6.7156544,-4.0598197,1.872241925773115e-11,5.836313008899306e-09,0.27972027972027974,0.7948717948717948
Ventral Endoderm 2,atp1b1,-6.736228,-4.645252,1.6255096408965527e-11,5.140615344058503e-09,0.15384615384615385,0.7948717948717948
Ventral Endoderm 2,mpzl2,-6.780805,-4.89483,1.195081853110582e-11,3.892221062197912e-09,0.17482517482517482,0.7948717948717948
Ventral Endoderm 2,naalad2,-6.8665295,-4.7483625,6.5782647406430175e-12,2.2428799203995515e-09,0.1958041958041958,0.7948717948717948
Ventral Endoderm 2,plekha4,-6.9008193,-2.6536727,5.1703527829365565e-12,1.8197140012332032e-09,0.6223776223776224,0.8974358974358975
Ventral Endoderm 2,slc12a3l,-6.952254,-6.2971816,3.5949585312019557e-12,1.3074265018226313e-09,0.24475524475524477,0.7948717948717948
Ventral Endoderm 2,kiaa1671,-6.9865437,-3.5304055,2.8174088664039386e-12,1.042011506335599e-09,0.5104895104895105,0.8717948717948718
Ventral Endoderm 2,spint1,-7.089413,-3.9324076,1.3468208741295867e-12,5.442403387848465e-10,0.17482517482517482,0.8205128205128205
Ventral Endoderm 2,trib2,-7.101414,-2.5247293,1.234865120914035e-12,5.28352780460101e-10,0.5174825174825175,0.9230769230769231
Ventral Endoderm 2,prc1,-7.2042837,-2.6265678,5.834975506815896e-13,2.7679347942223846e-10,0.5874125874125874,0.9230769230769231
Ventral Endoderm 2,nxpe3l.2,-7.23343,-6.8164916,4.709450949438424e-13,2.3355665719930875e-10,0.02097902097902098,0.7692307692307693
Ventral Endoderm 2,slc5a8.1,-7.236859,-4.0218816,4.591950260467237e-13,2.3302545728757113e-10,0.09090909090909091,0.8461538461538461
Ventral Endoderm 2,arhgap27,-7.3191547,-4.140591,2.495381596632379e-13,1.3280907761003695e-10,0.13986013986013987,0.8461538461538461
Ventral Endoderm 2,LOC100489507,-7.3191547,-3.8787966,2.495381596632379e-13,1.3280907761003695e-10,0.3076923076923077,0.8461538461538461
Ventral Endoderm 2,cdh3,-7.3723035,-1.1938804,1.6770446622165118e-13,9.383279890827308e-11,0.993006993006993,0.9743589743589743
Ventral Endoderm 2,fhod1,-7.380876,-4.224172,1.5725127617381065e-13,9.029947624707163e-11,0.2867132867132867,0.8461538461538461
Ventral Endoderm 2,spint2,-7.384305,-2.7433562,1.5325166825558708e-13,9.029947624707163e-11,0.5804195804195804,0.9487179487179487
Ventral Endoderm 2,axl,-7.5214643,-5.6489806,5.4166146404370647e-14,3.581695396029612e-11,0.09090909090909091,0.8205128205128205
Ventral Endoderm 2,tat,-7.6106176,-3.2726288,2.7278907291367662e-14,1.8601657375154182e-11,0.3706293706293706,0.9230769230769231
Ventral Endoderm 2,ano5,-7.751206,-4.230915,9.102403299242869e-15,7.093697942599237e-12,0.2727272727272727,0.8717948717948718
Ventral Endoderm 2,dst,-7.7786374,-5.759187,7.330972590227912e-15,5.924783440420862e-12,0.1048951048951049,0.8461538461538461
Ventral Endoderm 2,palm2,-8.239835,-3.906996,1.724479928305986e-16,2.1207177148842013e-13,0.43356643356643354,0.9230769230769231
Ventral Endoderm 2,tjp2,-8.339275,-4.649204,7.474702109854586e-17,1.087369831594246e-13,0.2937062937062937,0.9230769230769231
Ventral Endoderm 2,psd3,-8.346133,-4.390922,7.053404525182833e-17,1.087369831594246e-13,0.3916083916083916,0.9230769230769231
Ventral Endoderm 2,plec,-8.467862,-3.8291056,2.4993756178095275e-17,5.45388753562217e-14,0.5314685314685315,0.9487179487179487
Ventral Endoderm 2,tbc1d14,-8.572446,-5.214097,1.013097495944689e-17,2.7633500573761324e-14,0.1958041958041958,0.9230769230769231
Ventral Endoderm 2,celsr1,-8.79533,-3.619472,1.4262852389516062e-18,5.1871616998604996e-15,0.6853146853146853,0.9743589743589743
Ventral Endoderm 2,nectin2,-8.899914,-4.0175977,5.589019204086832e-19,3.3448641126278153e-15,0.6293706293706294,1.0
Ventral Endoderm 2,epcam,-9.246241,-2.4612446,2.3252782177631504e-20,2.536994799490485e-16,0.8881118881118881,1.0
